"PC1","PC2","PC3","PC4","PC5","Compound_ID","Name","Formula","Molecular Weight","RT [min]","m/z","mzCloud_Results","mzVault_Results","MassList_Results","Class_I","Class_II","Class_III","Class_IV"
0.00186907005843398,-0.0359828833772531,-0.018787115809715,0.022094211991312,-0.00721723878413749,"Com_10002_neg","LPE 18:1","C23 H46 N O7 P",479.30427,9.418,478.29699,"No results","Invalid mass","No results","Lipids and lipid-like molecules","Glycerophospholipids","Glycerophosphoethanolamines","1-acyl-sn-glycero-3-phosphoethanolamines"
0.0174015587996463,-0.0153984649437679,-0.0211862430333615,0.00185724151448372,-0.0230465067798439,"Com_1005_pos","3-Methoxycinnamic acid","C10 H10 O3",160.05323,5.673,161.06051,"Invalid mass","No results","No results","Phenylpropanoids and polyketides","Cinnamic acids and derivatives","Hydroxycinnamic acids and derivatives","Coumaric acids and derivatives"
0.0329711928677899,0.00419097631208799,0.00215978057812767,-0.00120792113578191,-0.00492704415049041,"Com_10068_neg","Rotenone","C23 H22 O6",394.13863,5.006,393.13135,"Invalid mass","No results","No results","Phenylpropanoids and polyketides","Isoflavonoids","Rotenoids","Rotenones"
0.0127068054363738,-0.027322073577942,0.0210011300962665,-0.00149075052182114,0.0220495590809547,"Com_10088_neg","DL-m-Tyrosine","C9 H11 N O3",181.07426,1.547,180.06698,"No results","No results","Full match","Organic acids and derivatives","Carboxylic acids and derivatives","Amino acids, peptides, and analogues","Phenylalanine and derivatives"
0.0147716909296505,-0.0148302352008542,0.00197500353267533,-0.00592653522212632,0.00234015482168886,"Com_10149_pos","4-Hydroxyisoleucine","C6 H13 N O3",147.0902,1.404,148.09754,"No results","No results","Full match","Organic acids and derivatives","Carboxylic acids and derivatives","Amino acids, peptides, and analogues","Isoleucine and derivatives"
0.00924419812212263,-0.00738279706538109,0.00115939778339307,7.7145941809803e-06,0.0127838667951492,"Com_1015_pos","Choline","C5 H13 N O",103.10061,1.265,104.10788,"Invalid mass","Invalid mass","No results","Organic nitrogen compounds","Organonitrogen compounds","Quaternary ammonium salts","Cholines"
0.0158087662199592,-0.016473600728148,0.0179348758352499,-0.0385248603493757,0.0282166909561643,"Com_1018_pos","Hexanoylcarnitine","C13 H25 N O4",259.17963,5.442,260.1869,"Full match","Full match","No results","Lipids and lipid-like molecules","Fatty Acyls","Fatty acid esters","Acyl carnitines"
0.000983083338672072,-0.00686304753660524,0.00957861262859956,-0.0230262777044716,-0.00816585074234344,"Com_10205_neg","3-Methylindole","C9 H9 N",131.07314,5.651,130.06588,"No results","No results","Full match","Organoheterocyclic compounds","Indoles and derivatives","Indoles","3-methylindoles"
0.000838633008929911,0.00106093347648045,-0.00364271098477053,0.00619434054846468,-0.000630516850233983,"Com_10210_pos","Ethyl paraben","C9 H10 O3",166.06384,6.826,167.07117,"Invalid mass","No results","No results","Benzenoids","Benzene and substituted derivatives","Benzoic acids and derivatives","p-Hydroxybenzoic acid alkyl esters"
0.0644555640141867,0.0360455971145598,-0.00781053272222862,-0.0156123349995203,-0.00241367484571283,"Com_10212_pos","N-allyl-2-(2-methyl-1-benzofuran-3-yl)acetamide","C14 H15 N O2",229.10724,2.246,230.11452,"Invalid mass","No results","No results",NA,NA,NA,NA
0.0250572309696956,-0.0342954017830896,-0.0142443253620212,-0.00424323721608803,0.0085049147970963,"Com_10224_pos","Monobutyl phthalate","C12 H14 O4",222.09023,5.861,223.09748,"Full match","No results","Full match","Benzenoids","Benzene and substituted derivatives","Benzoic acids and derivatives","Benzoic acid esters"
0.0550100880529024,0.0298478089927188,0.0265328811089811,-0.00703152048764959,0.0109045565966737,"Com_10241_pos","Choline Glycerophosphate","C8 H20 N O6 P",257.10241,2.862,258.10968,"No results","No results","Full match","Lipids and lipid-like molecules","Glycerophospholipids","Glycerophosphocholines","Glycerophosphocholines"
0.0144810783656856,-0.000794348482451975,-0.0494715100533851,-0.0444601919468853,-0.0144458609072879,"Com_10243_pos","Trehalose 6-phosphate","C12 H23 O14 P",422.08429,5.197,423.09157,"No results","No results","Full match","Lipids and lipid-like molecules","Saccharolipids","Not available","Saccharolipids"
0.00346570985616742,-0.0063137948004946,0.00806156827380064,-0.0299030314886185,-0.0119616265759349,"Com_10253_neg","Ethyl chrysanthemumate","C12 H20 O2",196.14688,6.166,195.13963,"No results","No results","Full match","Lipids and lipid-like molecules","Prenol lipids","Monoterpenoids","Monocyclic monoterpenoids"
0.00607904888254355,-0.0429438023973156,0.018029067897689,-0.0124954492197933,0.0247166034844913,"Com_10260_pos","6-Aminonicotinamide","C6 H7 N3 O",137.05916,1.617,275.12471,"No results","No results","Full match","Organoheterocyclic compounds","Pyridines and derivatives","Pyridinecarboxylic acids and derivatives","Nicotinamides"
0.019944432233635,0.000648621918299682,0.00873812157254558,-0.0137432260277567,-0.0276801440421215,"Com_10285_pos","Jasmone","C11 H16 O",164.12091,6.288,165.12823,"Full match","No results","No results",NA,NA,NA,NA
-0.00720814620615735,-0.0410180622285858,0.0404004151652503,0.00134569840892423,-0.0284885445533853,"Com_10309_neg","Deoxycholic acid","C24 H40 O4",392.29295,7.942,391.28568,"Full match","Full match","Full match","Lipids and lipid-like molecules","Steroids and steroid derivatives","Bile acids, alcohols and derivatives","Dihydroxy bile acids, alcohols and derivatives"
0.0126433999505691,-0.0227947227998124,-0.0431362604693074,0.0286783284146948,-0.0319538679341809,"Com_10319_pos","Pinocembrin","C15 H12 O4",256.07484,5.887,257.08213,"Invalid mass","No results","No results","Phenylpropanoids and polyketides","Flavonoids","Flavans","Flavanones"
0.0112780101680419,-0.0128504397786437,0.00239123584289073,0.0214598250812821,-0.0206953082114889,"Com_1031_pos","Gelsemine","C20 H22 N2 O2",322.16984,5.418,323.17712,"Invalid mass","No results","No results","Alkaloids and derivatives","Gelsemium alkaloids","Not available","Gelsemium alkaloids"
0.00764809951169715,-0.032132470736484,0.0038145959795778,-0.0110058482347767,0.00427037948486635,"Com_10349_pos","4-cyclopropyl-6-methoxy-1,3,5-triazin-2-amine","C7 H10 N4 O",166.08617,1.401,167.09355,"Full match","No results","No results",NA,NA,NA,NA
0.0063670877631243,-0.0161657143289306,-0.0174809662461448,0.00196156195027101,-0.00781952066871553,"Com_10363_neg","Gentisic acid","C7 H6 O4",154.0267,3.245,153.01942,"No results","No results","Full match","Benzenoids","Benzene and substituted derivatives","Benzoic acids and derivatives","Hydroxybenzoic acid derivatives"
0.0149992100054873,-0.00937654929194777,-0.00468140535622175,-0.0120477371795826,0.00202300955670167,"Com_10379_neg","P-Coumaroyl Agmatine","C14 H20 N4 O2",276.15893,5.626,275.15166,"No results","No results","Full match","Phenylpropanoids and polyketides","Cinnamic acids and derivatives","Hydroxycinnamic acids and derivatives","Coumaric acids and derivatives"
0.0121480472261744,-0.0123415960786058,0.00299065891236061,-0.0115174960627952,0.0361019403345315,"Com_1037_pos","Quinoline","C9 H7 N",129.05837,5.424,130.06565,"Full match","No results","No results","Organoheterocyclic compounds","Quinolines and derivatives","Not available","Quinolines and derivatives"
0.0177620918656147,-0.0170722630300926,0.00117124913918609,0.00546372627341145,-0.0205017822758204,"Com_10427_neg","17α-Hydroxypregnenolone","C21 H32 O3",332.23734,7.088,331.23006,"Invalid mass","No results","No results","Lipids and lipid-like molecules","Steroids and steroid derivatives","Pregnane steroids","Gluco/mineralocorticoids, progestogins and derivatives"
0.0117381351109992,-0.00358500976013654,-0.00687137531359521,0.0080359396633067,0.00156409597861294,"Com_1042_pos","Histamine","C5 H9 N3",111.08044,1.148,112.08772,"Invalid mass","Invalid mass","No results","Organic nitrogen compounds","Organonitrogen compounds","Amines","2-arylethylamines"
0.00672851863078222,-0.0199156570608945,-0.00192590869643348,0.00403439381685035,0.0332121121160743,"Com_10430_neg","D-Ribose-1-phosphate","C5 H11 O8 P",230.02006,1.296,211.0021,"Full match","Full match","Full match","Organic oxygen compounds","Organooxygen compounds","Carbohydrates and carbohydrate conjugates","Pentoses"
0.0193219885017561,-0.0138676204045191,-0.0145283335444654,-0.0094732881664104,-0.0202868782455216,"Com_10431_pos","TNH","C14 H22 N6 O6",370.1643,6.018,371.17158,"Invalid mass","No results","No results",NA,NA,NA,NA
0.0216518812760828,-0.0213027989962292,0.00234468065078096,-0.00408762274679371,-0.0109390250641423,"Com_10432_pos","12(S)-HETE","C20 H32 O3",320.23671,5.978,321.24396,"No results","No results","Full match","Lipids and lipid-like molecules","Fatty Acyls","Eicosanoids","Hydroxyeicosatetraenoic acids"
0.0232262108645459,-0.0239805656955907,-0.0102858886669049,-0.00713067401578136,-0.00311276570782116,"Com_10476_pos","N-Phenyloxazol-5-(3-(trifluoromethyl)phenyl)oxazol-2-amine","C16 H11 F3 N2 O",304.08007,3.038,305.08735,"Invalid mass","No results","No results","Organoheterocyclic compounds","Azoles","Oxazoles","Phenyl-1,3-oxazoles"
0.011890619462572,-0.00677082362612676,0.000266310683843971,-0.0217707948446481,-0.0290302472058973,"Com_10486_pos","3-hydroxy-2-octylpentanedioic acid","C13 H24 O5",242.15296,6.123,243.16024,"Invalid mass","No results","No results",NA,NA,NA,NA
0.000335627145055373,-0.0139857111669591,-0.000993364664920543,0.00874694547687887,-0.0114096000432625,"Com_10491_pos","Coenzyme Q2","C19 H26 O4",318.18306,6.297,319.19034,"Full match","No results","No results","Lipids and lipid-like molecules","Prenol lipids","Quinone and hydroquinone lipids","Ubiquinones"
0.0207648913031082,-0.0177679912414853,-0.00930491774661052,0.021900431247685,-0.0172638000557086,"Com_10493_pos","4'-Methoxyflavone","C16 H12 O3",252.08013,5.577,253.0874,"Invalid mass","No results","No results","Phenylpropanoids and polyketides","Flavonoids","O-methylated flavonoids","4'-O-methylated flavonoids"
0.0123104843218332,-0.0212570653197712,-0.00331303358229102,-0.00085534396384693,-0.00858715466827341,"Com_10504_pos","6-methyl-7-nitro-2,3-dihydro-1,4-benzodioxine","C9 H9 N O4",177.04356,5.13,178.05084,"Invalid mass","No results","No results",NA,NA,NA,NA
0.0195394861819623,-0.000865760463881475,-0.018941028623538,-0.0191351898244896,0.0252428301132715,"Com_10515_neg","3,5-Dihydroxyphenylglycine","C8 H9 N O4",183.05374,5.303,182.04647,"Full match","No results","Full match","Organic acids and derivatives","Carboxylic acids and derivatives","Amino acids, peptides, and analogues","Alpha amino acids"
0.021384458913048,-0.0194410070539123,0.0225659418158717,-0.0122748122756478,0.00210207135969528,"Com_10515_pos","7-Ketolithocholic acid","C24 H38 O4",390.2786,6.069,391.28607,"No results","No results","Full match","Lipids and lipid-like molecules","Steroids and steroid derivatives","Bile acids, alcohols and derivatives","Bile acids, alcohols and derivatives"
-0.00220070966308992,0.006676716541333,0.0137789373493791,-0.016367387164354,-0.0212735876449489,"Com_10544_pos","3-hydroxy-3-methylpentanedioic acid","C6 H10 O5",184.03594,1.201,185.04326,"Invalid mass","No results","No results",NA,NA,NA,NA
0.00977975503954536,-0.00417194244230162,0.00427343466731053,-0.0120422000975251,-0.0146509443659121,"Com_10547_pos","2,6-Di-tert-butyl-1,4-benzoquinone","C14 H20 O2",220.14738,6.896,221.15465,"Full match","No results","No results","Lipids and lipid-like molecules","Prenol lipids","Monoterpenoids","Monocyclic monoterpenoids"
0.0232806643013598,-0.00867142918919336,-0.00390932393666694,0.0433649987244674,0.016253400413263,"Com_10548_pos","5-(4-methylphenyl)-2-phenyl-6H-1,3-thiazin-6-one","C17 H13 N O S",279.06761,5.551,280.07489,"Invalid mass","No results","No results",NA,NA,NA,NA
0.0141557405653849,-0.0152514886002834,-0.0190221446972128,0.0099414344281834,-0.00427397974194331,"Com_1054_pos","Methylparaben","C8 H8 O3",152.0481,5.575,153.05541,"Full match","No results","Full match","Benzenoids","Benzene and substituted derivatives","Benzoic acids and derivatives","p-Hydroxybenzoic acid alkyl esters"
0.0069373000817111,-0.00513377140179426,-0.0107647854077589,0.00766066135538824,0.000100479267669002,"Com_10554_neg","Propylparaben","C10 H12 O3",180.07829,6.551,179.07101,"Full match","No results","Full match","Benzenoids","Benzene and substituted derivatives","Benzoic acids and derivatives","p-Hydroxybenzoic acid alkyl esters"
0.0323720584906712,-0.0247806647508734,-0.0709638950101956,0.00589659300453017,-0.071774324446493,"Com_1055_neg","Oxazepam","C15 H11 Cl N2 O2",286.05283,5.818,285.04555,"Invalid mass","No results","No results","Organoheterocyclic compounds","Benzodiazepines","1,4-benzodiazepines","1,4-benzodiazepines"
0.0175159907203759,-0.0144011467879247,-0.0221925959414793,0.0473700297340016,0.0235435400928535,"Com_1055_pos","1-(4-benzylpiperazino)-2-(pyridin-2-ylamino)propan-1-one","C19 H24 N4 O",362.15819,5.306,363.16482,"Invalid mass","No results","No results",NA,NA,NA,NA
0.0309217736316539,-0.0185349735417116,0.0117980825310845,-0.0182026178379935,0.0170600653932348,"Com_10572_pos","Mupirocin","C26 H44 O9",522.28167,6.662,523.28895,"Invalid mass","No results","No results","Lipids and lipid-like molecules","Fatty Acyls","Fatty acids and conjugates","Medium-chain fatty acids"
0.0124536782275081,0.000800530040272905,0.00968231726451388,-0.010694601709722,-0.0161372454181977,"Com_10618_pos","1-(4-hydroxyphenyl)propane-1,2-diol","C9 H12 O3",150.06849,6.594,151.07602,"Invalid mass","No results","No match",NA,NA,NA,NA
0.0210656528695966,-0.0161966511105449,0.00982407546141851,-0.0114696448085451,-0.0217627577742504,"Com_10627_pos","8,15-Dihete","C20 H32 O4",336.23123,5.899,337.23852,"No results","No results","Full match",NA,NA,NA,NA
0.0307161200380104,-0.022678972530844,0.110400573134998,-0.0135780943785718,-0.117002082558356,"Com_10644_neg","ST 24:1;O3;G;S","C26 H43 N O7 S",513.27881,6.613,512.27149,"No results","Invalid mass","No results",NA,NA,NA,NA
0.0115883895073479,-0.0348303959072865,0.00368673763853338,-0.0162690717187863,0.0282234685278072,"Com_10650_pos","N-Acetyl-L-methionine","C7 H13 N O3 S",191.06235,1.903,192.06963,"No results","No results","Full match","Organic acids and derivatives","Carboxylic acids and derivatives","Amino acids, peptides, and analogues","Methionine and derivatives"
0.00245189331018882,-0.00648941461013982,0.0152499613518865,-0.0487078219678136,-0.0784285134297565,"Com_1066_neg","Dodecanedioic acid","C12 H22 O4",230.15274,6.4,229.14549,"Full match","No results","No results","Lipids and lipid-like molecules","Fatty Acyls","Fatty acids and conjugates","Medium-chain fatty acids"
0.0207143393814093,-0.0225873830171661,-0.0354691698908785,0.0130285319619748,-0.0294009142723399,"Com_106_pos","α-Hydroxyhippuric acid","C9 H9 N O4",195.05413,5.531,196.0614,"Invalid mass","Invalid mass","No results","Benzenoids","Benzene and substituted derivatives","Benzoic acids and derivatives","Hippuric acids"
0.0126575057536668,-0.017067734171198,-0.0025422938566361,0.019942063540571,-0.0144432570423044,"Com_10715_pos","N1,N1-diethyl-4-[5-(4-nitrophenyl)-1,3-oxazolan-2-yl]aniline","C19 H23 N3 O3",341.17543,5.449,342.18283,"Full match","No results","No results",NA,NA,NA,NA
0.02403640780009,-0.0141200005356288,-0.0234200573519788,0.0342294855777427,0.0295812955789463,"Com_10717_pos","N'-[6-(tert-butyl)thieno[3,2-d]pyrimidin-4-yl]-4-methylbenzohydrazide","C18 H20 N4 O S",322.12225,5.661,323.12954,"Invalid mass","No results","No results",NA,NA,NA,NA
0.0298877874141428,-0.00288715750080337,-0.00401781294533146,0.0758038677717894,0.0132915869585272,"Com_10738_pos","Minocycline","C23 H27 N3 O7",457.1822,5.143,458.18948,"Invalid mass","No results","No results","Phenylpropanoids and polyketides","Tetracyclines","Not available","Tetracyclines"
0.0210313274265894,-0.0109538900599955,-0.0056293273209069,0.0225871902082839,0.0244638381372114,"Com_10747_pos","Kasugamycin","C14 H25 N3 O9",379.16457,5.224,380.17185,"Invalid mass","No results","No results","Organic oxygen compounds","Organooxygen compounds","Carbohydrates and carbohydrate conjugates","Aminocyclitol glycosides"
0.0039122947212354,-0.0236463268701326,0.0193898816569133,-0.0148868773005862,0.0256176125422285,"Com_1074_pos","DL-3-Aminoisobutyric acid","C4 H9 N O2",103.06475,1.404,104.07151,"Invalid mass","Invalid mass","No results","Organic acids and derivatives","Carboxylic acids and derivatives","Amino acids, peptides, and analogues","Beta amino acids and derivatives"
0.0110401702374449,-0.0324387603084977,0.012166895786327,-0.00357109445716191,0.0324680059730472,"Com_10761_pos","Taurochenodeoxycholic acid","C26 H45 N O6 S",481.28842,6.053,464.28509,"Invalid mass","No results","No results","Lipids and lipid-like molecules","Steroids and steroid derivatives","Bile acids, alcohols and derivatives","Taurinated bile acids and derivatives"
0.0217920505068072,-0.0175398689951979,-0.00722233904404616,0.0011729405443707,0.00197210682352519,"Com_10763_neg","Tenofovir","C9 H14 N5 O4 P",287.08364,5.246,286.07622,"Invalid mass","No results","No results","Organoheterocyclic compounds","Imidazopyrimidines","Purines and purine derivatives","6-aminopurines"
0.0276650271638236,-0.030800509507366,0.0240819812284332,-0.0407621688389452,0.0493659046538446,"Com_107_pos","Decanoylcarnitine","C17 H33 N O4",315.24232,6.181,316.2496,"Full match","Invalid mass","No results","Lipids and lipid-like molecules","Fatty Acyls","Fatty acid esters","Acyl carnitines"
0.00971449173663443,-0.0169171678873704,0.00550123322943219,-0.0503519485800078,0.0250956798692405,"Com_10805_neg","Undecanoic acid","C11 H22 O2",186.1622,6.36,185.15505,"Full match","No results","No results","Lipids and lipid-like molecules","Fatty Acyls","Fatty acids and conjugates","Medium-chain fatty acids"
0.0247500242524609,-0.0199127781658185,0.0468582368801138,0.00789891906171819,-0.0485035615342665,"Com_10813_pos","LLK","C18 H36 N4 O4",372.26806,6.881,373.27522,"Invalid mass","No results","No results",NA,NA,NA,NA
0.0216707997298885,-0.00490838660883282,0.0163498084986939,0.0434072061343266,-0.0231968840444263,"Com_10814_pos","N4-(3,4-dimethylphenyl)quinazolin-4-amine hydrochloride","C16 H15 N3",249.12783,5.372,250.13512,"Full match","No results","No results",NA,NA,NA,NA
0.0193854406204666,-0.0131388261509592,0.00582589201776516,-0.0119695936131594,-0.0114405398603325,"Com_10818_pos","17beta-Trenbolone","C18 H22 O2",270.16337,6.213,271.17064,"Invalid mass","No results","No results",NA,NA,NA,NA
0.0248050064887332,-0.0151012121325067,0.0157951223652443,-0.0104240726756065,0.0319897541509078,"Com_10901_pos","Estradiol","C18 H24 O2",272.17749,5.239,295.16656,"No results","No results","Full match","Lipids and lipid-like molecules","Steroids and steroid derivatives","Estrane steroids","Estrogens and derivatives"
0.0329967151979243,0.00609434814384388,0.0276202368796175,0.00730724460954831,0.0201108446024496,"Com_1090_neg","Thiodiglycolic acid","C4 H6 O4 S",149.99855,3.087,148.99127,"Full match","Full match","No results","Organic acids and derivatives","Carboxylic acids and derivatives","Dicarboxylic acids and derivatives","Thiodiacetic acid derivatives"
0.0117216001672659,-0.0216686020048966,-0.0120143603243711,0.0242165433037937,0.00682898678055917,"Com_10916_pos","Avicularin","C20 H18 O11",434.08498,5.293,435.09225,"Full match","No results","No results","Phenylpropanoids and polyketides","Flavonoids","Flavonoid glycosides","Flavonoid-3-O-glycosides"
-0.00215384570492537,-0.0148184104871375,-0.00934131541498486,-0.00863337066019653,0.00909795425376161,"Com_10943_pos","Hydroxyproline","C5 H9 N O3",131.0591,1.277,132.06636,"No results","Invalid mass","No results","Organic acids and derivatives","Carboxylic acids and derivatives","Amino acids, peptides, and analogues","Proline and derivatives"
0.0176262392764223,-0.0331524085295275,-0.0644560018204949,0.0563562463768894,-0.0438294699542203,"Com_1094_pos","Wogonin","C16 H12 O5",284.06975,6.491,285.07703,"Full match","Full match","No results","Phenylpropanoids and polyketides","Flavonoids","O-methylated flavonoids","8-O-methylated flavonoids"
0.0149001133116865,-0.0074630307708157,-0.0187565985819418,-0.011473699322371,0.00111609052077343,"Com_10958_pos","Phenylpropiolic acid","C9 H6 O2",146.03728,5.005,147.04454,"No results","No results","Full match","Benzenoids","Benzene and substituted derivatives","Not available","Benzene and substituted derivatives"
0.0164583838496124,-0.0145528550276319,0.033598000894222,0.019969905366303,-0.0528189086329153,"Com_10959_neg","ethyl 2-(pyridin-4-ylamino)-1,3-thiazole-4-carboxylate","C11 H11 N3 O2 S",249.05819,5.473,248.05093,"Full match","No results","No results",NA,NA,NA,NA
0.0274499011179796,-0.0132412413492483,-0.0317890405843228,0.00272730322150757,0.00746110117289346,"Com_10962_pos","N-(2,3-dihydro-1,4-benzodioxin-6-yl)-2,5-dimethyl-3-furamide","C15 H15 N O4",273.10098,5.65,274.10826,"Full match","No results","No results",NA,NA,NA,NA
-0.0238780399894177,-0.0469200345373133,0.00124903278760149,-5.36056431858939e-05,0.00776862141557845,"Com_10969_pos","Stearamide","C18 H37 N O",283.28902,10.341,284.29627,"Invalid mass","No results","No results","Organic acids and derivatives","Carboximidic acids and derivatives","Carboximidic acids","Carboximidic acids"
0.00740137769399514,-0.0042284455454187,-0.00786294071705422,0.00354630679021856,0.0123456079111108,"Com_1097_pos","4-ethoxy-7,9-dimethylpyrido[3',2':4,5]thieno[3,2-d]pyrimidine","C13 H13 N3 O S",259.08263,5.708,260.08991,"Invalid mass","No results","No results",NA,NA,NA,NA
0.00574856552734799,0.00104259889716049,-0.00490067080963289,0.00189672249122561,0.000649040265059115,"Com_10985_pos","3-Methylhippuric acid","C10 H11 N O3",211.08523,2.784,194.08194,"Invalid mass","No results","No match","Organic acids and derivatives","Carboxylic acids and derivatives","Amino acids, peptides, and analogues","N-acyl-alpha amino acids"
0.0126621073052665,0.00237268281140997,0.0197440866818526,-0.00765717732049237,0.0349235497871158,"Com_11050_neg","5-Aminopentanoate","C5 H11 N O2",117.07842,5.209,116.07114,"No results","Full match","Full match","Organic acids and derivatives","Carboxylic acids and derivatives","Amino acids, peptides, and analogues","Delta amino acids and derivatives"
0.0339251291614411,0.0341114100174637,0.00497069722690873,0.00883144709009001,0.00920443455848015,"Com_11054_pos","5,6-Dihydroxyindole-2-Carboxylic Acid","C9 H7 N O4",193.0384,2.263,194.04569,"No results","No results","Full match","None","None","None","None"
0.0178392932644551,-0.0139531690387111,0.00227211919661701,0.0044740131266664,0.0189872314731647,"Com_11055_pos","N1-(2-oxoazepan-3-yl)-N2-(3-pyridylmethyl)ethanediamide","C14 H18 N4 O3",290.13964,5.495,291.14697,"Invalid mass","No results","No results",NA,NA,NA,NA
0.0148846314140019,0.000979446601172205,-0.00120165366755474,0.0117923659499114,0.02333338724081,"Com_11069_pos","Oxymatrine","C15 H24 N2 O2",264.18453,2.947,265.1918,"Full match","No results","No results","Alkaloids and derivatives","Lupin alkaloids","Matrine alkaloids","Matrine alkaloids"
0.0097608075926722,0.00319279441342165,0.00556421869310245,0.000158354807959463,0.00817791516922273,"Com_11102_pos","4-(4-chlorophenoxy)-3,5-dimethyl-1H-pyrazole","C11 H11 Cl N2 O",222.05722,3.025,223.0645,"Invalid mass","No results","No results",NA,NA,NA,NA
0.0384251931368854,0.0105251185702504,0.000452237180316244,0.0684638948501106,0.0106761112516469,"Com_11118_pos","8-Hydroxymirtazapine","C17 H19 N3 O",281.15391,5.014,282.16119,"Full match","No results","No results","Organoheterocyclic compounds","Piperazinoazepines","Not available","Piperazinoazepines"
0.012293412116134,0.00213444341478429,-0.00174362935880171,0.0178480669507302,0.00987671425249282,"Com_11125_pos","Enrofloxacin","C19 H22 F N3 O3",341.14919,3.5,342.15647,"Invalid mass","No results","No results","Organoheterocyclic compounds","Quinolines and derivatives","Quinoline carboxylic acids","Quinoline carboxylic acids"
0.0193553688030199,-0.0139512351727728,0.0162865948634407,-0.0325974157423251,-0.022923107832444,"Com_11132_neg","Thromboxane B1","C20 H36 O6",372.25317,6.666,371.24592,"Invalid mass","No results","No results",NA,NA,NA,NA
0.0140554764830947,-0.00977987719848463,0.0111653297726874,-0.00956545240730224,-0.00236881038259623,"Com_11138_neg","Corchorifatty acid F","C18 H32 O5",328.2268,6.058,327.21947,"Invalid mass","No results","No results","Lipids and lipid-like molecules","Fatty Acyls","Lineolic acids and derivatives","Lineolic acids and derivatives"
0.00942286670569679,-0.00793901868936031,0.0196034158024031,0.0068231004147644,0.0116955288860059,"Com_11145_neg","Picolinic acid","C6 H5 N O2",123.03134,1.544,122.02405,"Invalid mass","No results","No results","Organoheterocyclic compounds","Pyridines and derivatives","Pyridinecarboxylic acids and derivatives","Pyridinecarboxylic acids"
0.0204507400535716,-0.0115152029558694,0.00251356876214241,-0.0120170612686193,-0.0172502974329499,"Com_11146_pos","Methyl dihydrojasmonate","C13 H22 O3",226.15788,6.139,227.16517,"Full match","No results","No results","Lipids and lipid-like molecules","Fatty Acyls","Lineolic acids and derivatives","Jasmonic acids"
0.0194453463260491,-0.0117371748257276,-0.0284974804381133,0.0257005539375471,-0.0481603590763987,"Com_1115_pos","Isoliquiritigenin","C15 H12 O4",256.07471,5.426,257.08198,"Full match","Full match","No results","Phenylpropanoids and polyketides","Linear 1,3-diarylpropanoids","Chalcones and dihydrochalcones","2'-Hydroxychalcones"
-0.00197983654821672,0.0143063648006747,0.0169990894166536,-0.0365185424424002,0.0458463301908904,"Com_11194_pos","Isohomovanillic acid","C9 H10 O4",160.07458,5.468,183.06354,"Invalid mass","No results","No results","Benzenoids","Phenols","Methoxyphenols","Methoxyphenols"
0.00878608030092581,-0.0258213441273971,0.000352807853777106,-0.00499116405303688,0.016765075289295,"Com_11196_pos","Lysine Butyrate","C10 H22 N2 O4",234.15912,1.307,217.15579,"No results","No results","Full match","Organic acids and derivatives","Carboxylic acids and derivatives","Amino acids, peptides, and analogues","L-alpha-amino acids"
0.0234819302331299,-0.0229886818865963,0.0319571448477221,-0.038209965178732,0.0390079508338043,"Com_111_pos","CAR 10:1","C17 H32 N O4",313.22649,6.049,314.23377,"No results","Invalid mass","No results",NA,NA,NA,NA
0.0233075199985194,-0.0149606975022872,-0.00572702351222211,0.0300941000123743,-0.000433935634602837,"Com_11223_pos","3-oxoindane-1-carboxylic acid","C10 H8 O3",176.0509,5.896,177.0582,"Invalid mass","No results","No results",NA,NA,NA,NA
0.0179573525073547,-0.0123153365137761,0.00576201699634779,0.019082919968768,-0.026417013913075,"Com_11234_pos","6-Acetylmorphine","C19 H21 N O4",327.14853,5.314,328.1558,"Full match","No results","No results","Alkaloids and derivatives","Morphinans","Not available","Morphinans"
0.0066858434127917,-0.00484685367703706,-0.00930756429253172,0.000914747417911416,0.0436688153984383,"Com_11236_neg","Glycerol 3-phosphate","C3 H9 O6 P",172.0137,1.298,171.00653,"Full match","No results","Full match","Lipids and lipid-like molecules","Glycerophospholipids","Glycerophosphates","Glycerophosphates"
0.0199925190241868,-0.000373047178957192,0.00951057965437666,0.0156045225073278,-0.0110613466463438,"Com_11252_pos","Thymopentin","C30 H49 N9 O9",679.36595,5.312,680.37323,"No results","No results","Full match","Organic acids and derivatives","Carboxylic acids and derivatives","Amino acids, peptides, and analogues","Oligopeptides"
0.0196599811812102,-0.0115986212290172,0.00813052421117601,0.0371940920550135,-0.00837646249715385,"Com_11253_pos","Nortriptyline","C19 H21 N",263.16857,5.764,264.17584,"Full match","No results","No results","Benzenoids","Dibenzocycloheptenes","Not available","Dibenzocycloheptenes"
0.011956204992659,-0.00676669718571514,0.0119637950987944,-0.0185345991910801,0.016579660326845,"Com_1127_pos","DL-Lysine","C6 H14 N2 O2",146.10625,1.146,147.11347,"Full match","Full match","Full match","Organic acids and derivatives","Carboxylic acids and derivatives","Amino acids, peptides, and analogues","Alpha amino acids"
0.0160829410434186,-0.00953570338447956,-0.0129583835738082,-0.0115610401632145,0.00396851503288813,"Com_11294_pos","5-Hydroxytryptophol","C10 H11 N O2",177.07979,5.445,178.087,"No results","No results","Full match","Organoheterocyclic compounds","Indoles and derivatives","Hydroxyindoles","Hydroxyindoles"
0.0154822874128813,-0.0159228358596126,0.027407311134998,0.0108273821497975,-0.056076924456988,"Com_11314_neg","4-(2-((4-Cyanophenyl)amino)oxazol-5-yl)benzonitrile","C17 H10 N4 O",286.08616,5.448,285.07889,"Full match","No results","No results","Organoheterocyclic compounds","Azoles","Oxazoles","Phenyl-1,3-oxazoles"
0.0123783336755561,-0.00631691113818684,0.000935005133708926,-0.00553136365567491,-0.01360301837411,"Com_11325_pos","7α-Hydroxytestosterone","C19 H28 O3",304.20502,6.484,305.21233,"Full match","No results","Full match","Lipids and lipid-like molecules","Steroids and steroid derivatives","Androstane steroids","Androgens and derivatives"
0.0122226931995811,-0.0339572060025622,0.0129431160994784,-0.0180659392662183,0.0132849038941909,"Com_1133_pos","N-Acetyl-L-carnosine","C11 H16 N4 O4",268.11826,1.401,269.12554,"Full match","No results","No results",NA,NA,NA,NA
0.0340717732040756,-0.00539462304215486,-0.00567438774416685,0.00465000040158791,0.0102057504210468,"Com_11347_pos","LNH","C16 H26 N6 O5",174.07008,6.397,366.17501,"Invalid mass","No results","No results",NA,NA,NA,NA
0.00948616919780148,0.000561258146243245,0.00362136982282979,-0.0262878938013726,0.0389611475314601,"Com_11355_neg","4-Methylvaleric Acid","C6 H12 O2",116.08316,5.445,115.07582,"No results","No results","Full match","Lipids and lipid-like molecules","Fatty Acyls","Fatty acids and conjugates","Hydroxy fatty acids"
0.0185168085471597,-0.00366605514844636,-0.00467522867172517,0.0193578211828573,-0.00768695122885935,"Com_11356_pos","MKK","C17 H35 N5 O4 S",387.22539,5.479,388.23267,"Invalid mass","No results","No results",NA,NA,NA,NA
0.0152985010062486,-0.0144378215289345,-0.0059714539811468,0.0149904741131412,-0.0318873068423434,"Com_11392_pos","2-(2,6-dihydroxyphenyl)-3,5,7-trihydroxy-4H-chromen-4-one","C15 H10 O7",302.04423,5.297,303.05151,"Invalid mass","No results","No results",NA,NA,NA,NA
0.0270841192746795,-0.0112085377747009,-0.0147967945851928,-0.0401644364527729,-0.0304549195900009,"Com_11420_neg","Methyl EudesMate","C11 H14 O5",226.08474,5.148,225.07744,"No results","No results","Full match","Benzenoids","Benzene and substituted derivatives","Benzoic acids and derivatives","Gallic acid and derivatives"
0.00384478400326421,0.00212084359069026,0.00533001701153201,0.00688849294429626,-0.00586534277694213,"Com_11443_neg","Adenosine diphosphate ribose","C15 H23 N5 O14 P2",559.07453,1.207,558.06716,"Invalid mass","No results","No results","Nucleosides, nucleotides, and analogues","Purine nucleotides","Purine nucleotide sugars","Purine nucleotide sugars"
0.029817008145865,0.00421735326288291,-0.00258355587556112,0.00444321912424534,-0.013276629733993,"Com_11445_pos","N-Acetylornithine","C7 H14 N2 O3",174.10129,3.565,175.1086,"Full match","Full match","Full match","Organic acids and derivatives","Carboxylic acids and derivatives","Amino acids, peptides, and analogues","N-acyl-alpha amino acids"
0.0237377718365618,-0.0139004473797802,-0.00161356632601837,-0.00913235710620478,0.00745227052518859,"Com_11496_neg","Nicotinate ribonucleoside","C11 H13 N O6",255.07497,5.325,300.0733,"No results","No results","Full match","Organic oxygen compounds","Organooxygen compounds","Carbohydrates and carbohydrate conjugates","Glycosylamines"
0.0621424628139169,0.0569048943970876,-0.0328968189510989,-0.0605473639668987,0.0107377252934491,"Com_1151_pos","1-Methyluric acid","C6 H6 N4 O3",182.04477,3.949,183.05205,"Full match","No results","Full match","Organoheterocyclic compounds","Imidazopyrimidines","Purines and purine derivatives","Xanthines"
0.013146140047114,-0.0200257808962408,-0.0820277922282677,0.0390104063593526,-0.0162046694276379,"Com_1152_pos","Naringenin","C15 H12 O5",272.06969,5.522,273.07698,"Full match","Full match","No results","Phenylpropanoids and polyketides","Flavonoids","Flavans","Flavanones"
0.0155564444991399,0.00225093330963201,0.00120063015774028,-0.0206815498202369,0.00569220279399794,"Com_11537_pos","Oxoamide","C10 H12 N2 O2",192.09076,2.117,193.09804,"Full match","No results","No results","Organic oxygen compounds","Organooxygen compounds","Carbonyl compounds","Aryl alkyl ketones"
0.00459664462517998,-0.0440447827962858,-0.0144220919063778,0.0169383466744573,0.00567021992222694,"Com_11544_neg","Glycerophospho-N-palmitoyl ethanolamine","C21 H44 N O7 P",453.28853,9.213,452.28125,"Invalid mass","Invalid mass","No results","Lipids and lipid-like molecules","Glycerophospholipids","Glycerophosphoethanolamines","Glycero-3-phospho-N-acyl-ethanolamines"
0.0123936773607457,-0.0159391307740245,-0.000744725743609328,-0.00319236986673376,0.00455586136644104,"Com_11572_pos","Galangin","C15 H10 O5",116.05066,5.61,117.05811,"Invalid mass","Invalid mass","No results","Phenylpropanoids and polyketides","Flavonoids","Flavones","Flavonols"
0.0174099027230581,-0.0164443409914378,-0.0144858883028394,-0.0148495990529501,-0.0098655418425377,"Com_11574_pos","Senecionine","C18 H25 N O5",335.17426,5.485,336.18153,"Full match","No results","No results","Phenylpropanoids and polyketides","Macrolides and analogues","Not available","Macrolides and analogues"
0.000169181503923478,-0.0340926224914962,0.00370939934344441,0.0141025104694455,0.0189823258966478,"Com_11577_pos","D-Sphingosine","C18 H37 N O2",281.27333,7.429,282.28061,"Invalid mass","No results","No results","Organic nitrogen compounds","Organonitrogen compounds","Amines","1,2-aminoalcohols"
0.019844754500076,0.0225530084418051,0.00214330334431645,-0.0202003771808307,-0.0440263009985433,"Com_11583_pos","Octyl hydrogen phthalate","C16 H22 O4",278.15161,6.569,279.15889,"Full match","No results","Full match",NA,NA,NA,NA
0.0135058458754441,-0.016721982326117,0.00664654831469331,-0.00187257424410475,0.0142500747519492,"Com_11601_neg","Levulinic acid","C5 H8 O3",116.04684,4.596,115.03956,"Full match","Full match","Full match","Organic acids and derivatives","Keto acids and derivatives","Gamma-keto acids and derivatives","Gamma-keto acids and derivatives"
0.0226410358827499,-0.0126395555222508,-0.029876801809859,0.00179716058852256,-0.0252573311430659,"Com_11609_pos","HPH","C17 H23 N7 O4",371.17506,6.578,372.18234,"Invalid mass","No results","No results",NA,NA,NA,NA
0.0166674809764094,-0.0133891485234066,-0.0156358732527076,0.00768206328226023,0.00716485285798822,"Com_11636_neg","L-Malate","C4 H6 O5",134.02123,5.829,133.01408,"No results","No results","Full match","Organic acids and derivatives","Hydroxy acids and derivatives","Beta hydroxy acids and derivatives","Beta hydroxy acids and derivatives"
0.0175551569279668,-0.0115468030630343,-0.00482159694095116,0.0082138667930107,0.00277241688477999,"Com_11638_neg","Cynaropicrin","C19 H22 O6",392.1497,5.909,391.14226,"Invalid mass","No results","No results","Lipids and lipid-like molecules","Prenol lipids","Terpene lactones","Guaianolides and derivatives"
0.0529955074119119,0.0124904991191812,0.0508391490349543,-0.000730465640853345,0.0358609292778288,"Com_11657_neg","N-(2-methyl-5-nitrophenyl)-N-(methylsulfonyl)methanesulfonamide","C9 H12 N2 O6 S2",308.01508,5.04,307.00781,"Full match","No results","No results",NA,NA,NA,NA
0.00921246857880474,0.00062793966463561,0.0168479390304583,-0.0170188637608916,0.00607992871043426,"Com_11657_pos","S-(5-Adenosy)-L-Homocysteine","C14 H20 N6 O5 S",384.12044,5.562,385.12772,"No results","No results","Full match","Nucleosides, nucleotides, and analogues","5'-deoxyribonucleosides","5'-deoxy-5'-thionucleosides","5'-deoxy-5'-thionucleosides"
0.0198562395342686,-0.0162786364017783,0.0253142701925342,-0.017710476161252,0.0226690060705889,"Com_11685_pos","Punicic Acid","C18 H30 O2",278.22575,6.053,279.23307,"No results","No results","Full match","Lipids and lipid-like molecules","Fatty Acyls","Lineolic acids and derivatives","Lineolic acids and derivatives"
-0.00257622602332248,-0.0033642145018222,-0.00274753897807783,0.00131556446138606,-0.00242830454393567,"Com_11686_pos","1-Acetylimidazole","C5 H6 N2 O",110.04877,0.725,111.05607,"No results","Invalid mass","No results","Organoheterocyclic compounds","Azoles","Imidazoles","Carbonylimidazoles"
-0.0017017057536171,-0.013870518558925,-0.0350475759942929,0.0234728899086918,-0.0343195453368,"Com_11696_pos","LPE 17:1","C22 H44 N O7 P",465.28826,8.862,466.2955,"No results","Invalid mass","No results","Lipids and lipid-like molecules","Glycerophospholipids","Glycerophosphoethanolamines","1-acyl-sn-glycero-3-phosphoethanolamines"
0.0235883303258138,-0.010918068809255,0.00901747524522976,0.0124105944270422,0.0288023728419387,"Com_11697_neg","Alanyltyrosine","C12 H16 N2 O4",252.11205,5.235,251.10476,"Full match","No results","No results","Organic acids and derivatives","Carboxylic acids and derivatives","Amino acids, peptides, and analogues","Peptides"
0.0318780997687364,-0.00638958077335115,-0.00625618618259419,0.223773884731007,0.0447325839348535,"Com_116_pos","Desmethylcitalopram","C19 H19 F N2 O",310.14931,5.666,311.15657,"Full match","No results","No results","Benzenoids","Benzene and substituted derivatives","Phenylbutylamines","Phenylbutylamines"
0.00189254513495113,-0.0189959857164943,-0.000150609771830639,0.00678471399709244,0.011031272458841,"Com_11705_neg","4-Hydroxyphenylacetic acid","C8 H8 O3",152.04731,1.566,151.04003,"No results","Full match","Full match","Benzenoids","Phenols","1-hydroxy-2-unsubstituted benzenoids","1-hydroxy-2-unsubstituted benzenoids"
0.0181803873662559,-0.0150868060856381,-0.0173330246779846,-0.00188800116272306,-0.0148991874464115,"Com_11765_neg","Agnuside","C22 H26 O11",466.14922,5.625,465.14194,"Full match","No results","No results","Lipids and lipid-like molecules","Prenol lipids","Terpene glycosides","Iridoid O-glycosides"
0.0126718933578188,-0.0171563653844015,-0.0011983008858076,0.010435349760342,-0.0141632059714414,"Com_11801_pos","4-Aminobiphenyl","C12 H11 N",169.08644,5.459,170.09337,"Invalid mass","No results","No results","Benzenoids","Benzene and substituted derivatives","Biphenyls and derivatives","Biphenyls and derivatives"
-0.00259227485303245,-0.00319525108704358,-0.00720645606235101,-0.0434269306733269,-0.0524113550945119,"Com_11802_pos","7-(2-aminophenyl)heptanoic acid","C13 H19 N O2",221.14272,6.702,222.15,"Invalid mass","No results","No results",NA,NA,NA,NA
0.0135127775205909,-0.00280010917034266,-0.00518306149597815,-0.0218912359250802,-0.0170868289298868,"Com_11812_pos","11-dehydro Thromboxane B2","C20 H32 O6",368.21979,5.963,369.22688,"Full match","No results","Full match","Lipids and lipid-like molecules","Fatty Acyls","Eicosanoids","Thromboxanes"
0.024465004665137,-0.0099772891322035,0.00589849918540558,0.0101692735356297,0.0119497876334005,"Com_11815_pos","ethyl 2-amino-8H-indeno[2,1-b]thiophene-3-carboxylate","C14 H13 N O2 S",259.06785,5.634,260.07521,"Full match","No results","No results",NA,NA,NA,NA
0.011921193293927,-0.0383291871570982,-0.0575031416689357,0.0182572293308878,-0.0184222734349232,"Com_11816_pos","9-(2,3-Dihydroxy-3-methylbutoxy)-7H-furo[3,2-g]chromen-7-one","C16 H16 O6",304.09654,5.515,305.10381,"Invalid mass","No results","No results","Phenylpropanoids and polyketides","Coumarins and derivatives","Furanocoumarins","Psoralens"
0.0337395611845525,-0.0117463661287656,0.014242237096256,-0.0184735592216776,0.00817310209342932,"Com_11824_pos","Octopine","C9 H18 N4 O4",246.13366,1.825,247.14094,"No results","Full match","No results","Organic acids and derivatives","Carboxylic acids and derivatives","Amino acids, peptides, and analogues","Arginine and derivatives"
0.0135572842978023,-0.0175652774106697,0.0135125238453479,-0.0283262389043469,-0.0154488405371562,"Com_11848_neg","(+/-)5-iPF2α-VI","C20 H34 O5",354.24273,6.665,353.23545,"Invalid mass","No results","No results","Lipids and lipid-like molecules","Fatty Acyls","Eicosanoids","Prostaglandins and related compounds"
0.0219189709277219,-0.0207740054801709,-0.00410637891132692,0.00316904247720187,-0.00120992488476511,"Com_11855_pos","Monocrotaline","C16 H23 N O6",325.15425,5.691,326.16152,"Invalid mass","No results","No results","Organoheterocyclic compounds","Pyrrolizines","Not available","Pyrrolizines"
0.0174854787555167,-0.00733946203411239,0.00403859019863826,-0.0114369860500054,-0.0219092185870341,"Com_11896_pos","Hydrocortisone acetate","C23 H32 O6",404.2196,6.342,405.22688,"No results","No results","Full match","Lipids and lipid-like molecules","Steroids and steroid derivatives","Pregnane steroids","Gluco/mineralocorticoids, progestogins and derivatives"
0.011400800216913,-0.0238250878098383,0.0246863052847488,-0.0178440130858283,0.00147744454191012,"Com_11911_neg","Orotic Acid","C5 H4 N2 O4",156.01714,1.401,155.00978,"No results","No results","Full match","Organoheterocyclic compounds","Diazines","Pyrimidines and pyrimidine derivatives","Pyrimidinecarboxylic acids"
0.0212849676828332,-0.0215042318855131,-0.0348706588775589,0.00287644145508623,-0.0290640494605563,"Com_11914_neg","N-benzyl-N-isopropyl-N'-[4-(trifluoromethoxy)phenyl]urea","C18 H19 F3 N2 O2",352.13644,6.551,351.12917,"Invalid mass","No results","No results",NA,NA,NA,NA
0.0246652911703436,0.012296155514129,-0.00791621341192142,0.00222935723426643,0.00268907238132554,"Com_11941_pos","Anserine","C10 H16 N4 O3",240.12211,2.183,241.12958,"No results","No results","Full match","Organic acids and derivatives","Peptidomimetics","Hybrid peptides","Hybrid peptides"
0.0126725049295525,-0.00438848124706019,-0.00113714220425739,8.11932031384696e-06,0.0125108083418615,"Com_11954_pos","5-[(4-methoxybenzyl)amino]-2,3-dihydro-1,3,4-thiadiazole-2-thione","C10 H11 N3 O S2",275.01888,6.407,276.02615,"Invalid mass","No results","No results",NA,NA,NA,NA
0.0129063564913664,-0.0128869865748376,-0.0196534088904318,-0.00221913522169666,-0.00601767782563937,"Com_11957_neg","Fenbendazole","C15 H13 N3 O2 S",299.0728,6.384,298.06553,"Full match","No results","No results","Organoheterocyclic compounds","Benzimidazoles","2-benzimidazolylcarbamic acid esters","2-benzimidazolylcarbamic acid esters"
-0.00163399648532237,-0.00311074543438764,0.00118109649791759,-0.00300059736743565,0.00111252432021224,"Com_11962_neg","(2R)-2,3-Dihydroxypropanoic acid","C3 H6 O4",106.02605,0.683,105.01877,"Invalid mass","Invalid mass","No results","Organic oxygen compounds","Organooxygen compounds","Carbohydrates and carbohydrate conjugates","Sugar acids and derivatives"
0.0130698617061198,-0.0181636159395497,0.00683626339866097,-0.0192185886943197,0.00726599383396065,"Com_11964_neg","Isobutyryl carnitine","C11 H21 N O4",231.14699,6.138,212.12912,"No results","No results","Full match","Lipids and lipid-like molecules","Fatty Acyls","Fatty acid esters","Acyl carnitines"
-0.055732900020939,-0.133611312842308,-0.0131031979598823,-0.00347752177776312,-0.0498785809851894,"Com_11_neg","Cyclamic acid","C6 H13 N O3 S",179.05961,5.372,178.05234,"Invalid mass","Invalid mass","No results","Organic acids and derivatives","Sulfamic acid derivatives","Cyclamates","Cyclamates"
0.0149336016071063,-0.0330431279145259,0.00434610333721134,-0.00183601444611034,-0.0509234285958276,"Com_12010_neg","Equol","C15 H14 O3",242.09517,5.575,241.08795,"Full match","No results","Full match","Phenylpropanoids and polyketides","Isoflavonoids","Isoflavans","Isoflavanols"
0.0157354104775699,-0.0167085687791338,-0.0305632098641134,0.0123983603360823,-0.00157739960257036,"Com_12040_neg","N3-(4-chlorophenyl)-4-(trifluoromethyl)nicotinamide","C13 H8 Cl F3 N2 O",300.02856,5.862,299.02128,"Full match","No results","No results",NA,NA,NA,NA
0.0178715282375331,-0.0184172892274681,-0.0227502144073516,0.0132182269014908,-0.0518853726058038,"Com_12040_pos","β-Lapachone","C15 H14 O3",242.0956,5.915,243.10274,"Invalid mass","No results","No results","Organoheterocyclic compounds","Naphthopyrans","Naphthopyranones","Naphthopyranones"
0.0128251887960462,-0.0204392384017345,-0.0446065025118239,0.0193731405056049,-0.0098202759108233,"Com_12042_neg","3-(4-chlorophenyl)-4-oxo-3,4-dihydrophthalazine-1-carboxylic acid","C15 H9 Cl N2 O3",300.02903,6.334,299.02175,"Full match","No results","No results",NA,NA,NA,NA
0.0187561591501442,-0.00948590798417833,0.0237843531660962,-0.00665759665406321,0.0098666156450395,"Com_12048_pos","Bosentan","C27 H29 N5 O6 S",551.1841,1.355,552.19137,"Full match","No results","No results",NA,NA,NA,NA
0.0523076681589216,0.0521925482383941,-0.0440805304473562,0.0231529128726273,0.00415955464251004,"Com_1204_neg","Phenothiazine","C12 H9 N S",199.0482,4.747,198.04092,"Invalid mass","No results","No results","Organoheterocyclic compounds","Benzothiazines","Phenothiazines","Phenothiazines"
0.0208012787804778,-0.015800834847208,-0.009061650818881,0.0165055680488166,0.00143329951249841,"Com_12066_pos","1,7-bis(4-hydroxyphenyl)heptan-3-one","C19 H22 O3",280.1486,5.794,281.15587,"Invalid mass","No results","No results",NA,NA,NA,NA
0.012186516454081,-0.00688142880344929,0.0124396076051256,-0.018900600892759,0.0245329182415836,"Com_12088_neg","Deoxyribose 5-Phosphate","C5 H11 O7 P",214.02519,1.332,213.01779,"No results","No results","Full match",NA,NA,NA,NA
0.0372205118138573,0.00902880701876266,-0.0334698206497295,-0.0149848135866215,0.0026650794645578,"Com_12102_pos","3-[(4-hydroxyphenyl)methyl]-octahydropyrrolo[1,2-a]pyrazine-1,4-dione","C14 H16 N2 O3",260.11689,4.968,261.12433,"Full match","No results","No results",NA,NA,NA,NA
0.0102302568117242,-0.0213128741242567,-0.0272579411968338,0.0027139580797157,-0.00617986244400765,"Com_12109_pos","6-cyclohex-3-enyl-5-nitropiperidin-2-one","C11 H16 N2 O3",224.11704,1.337,225.12432,"Full match","No results","No results",NA,NA,NA,NA
0.0194475817836002,-0.00802459362205452,-0.0345385028932024,-0.000663682383387373,-0.014832329672681,"Com_12125_neg","myricetin 3-O-beta-D-galactopyranoside","C21 H20 O13",480.09367,3.61,479.0864,"Invalid mass","No results","No results",NA,NA,NA,NA
-0.0105283978545003,0.0223837116854761,-0.0266438372329273,-0.00729805982056998,0.0058592802656835,"Com_12125_pos","1-(2,4-diphenyl-2,3-dihydro-1H-1,5-benzodiazepin-1-yl)propan-1-one","C24 H22 N2 O",376.14916,6.584,377.15643,"Invalid mass","No results","No results",NA,NA,NA,NA
0.0197877465871163,-0.0152299578783807,0.0134125185468342,-0.00658400866278526,0.0204040011096832,"Com_1212_pos","α-Aspartylphenylalanine","C13 H16 N2 O5",280.10724,5.313,281.11452,"Full match","Full match","Full match","Organic acids and derivatives","Carboxylic acids and derivatives","Amino acids, peptides, and analogues","Peptides"
0.0144990008715792,-0.00946682706608109,0.0134339085520474,-0.0172699809305248,0.0103559605473911,"Com_12157_pos","4,5-Dicaffeoylquinic acid","C25 H24 O12",498.11656,5.68,499.12384,"Invalid mass","No results","No results","Organic oxygen compounds","Organooxygen compounds","Alcohols and polyols","Quinic acids and derivatives"
0.02981481972686,-0.0187597019137423,-0.0127169474777733,0.054715408277972,0.00864762237988639,"Com_1219_pos","Clinafloxacin","C17 H17 Cl F N3 O3",347.08476,5.52,348.09204,"Invalid mass","No results","No results","Organoheterocyclic compounds","Quinolines and derivatives","Quinoline carboxylic acids","Quinoline carboxylic acids"
0.0198135969726033,-0.0237378891475186,0.0105357489538796,0.00584278668647897,0.0142944861931386,"Com_12240_pos","All trans retinal","C20 H28 O",284.21422,6.147,285.22206,"Full match","No results","Full match","Lipids and lipid-like molecules","Prenol lipids","Retinoids","Retinoids"
0.026031873570024,-0.0171340910936536,0.0198294530074815,-0.0183489885038083,0.03488096492078,"Com_1226_pos","CAR 12:3","C19 H32 N O4",337.22683,6.048,338.2341,"No results","Invalid mass","No results",NA,NA,NA,NA
0.0183836951601953,-0.0205187475649682,0.00518037073787227,-0.000683187624895578,-0.0217206276276419,"Com_12282_pos","20-Carboxy-Leukotriene B4","C20 H30 O6",366.20583,5.771,367.21318,"No results","No results","Full match",NA,NA,NA,NA
0.0112131652453811,-0.02271795098013,0.00306569558183974,-0.00191626783143859,-0.00661602566351641,"Com_12285_pos","(1R,2S,3R,4R)-3-(Isobutylamino)-4-(3-pyridinyl)-1,2-cyclopentanediol","C14 H22 N2 O2",272.14941,1.372,273.1567,"Invalid mass","No results","No results","Organic nitrogen compounds","Organonitrogen compounds","Amines","Aralkylamines"
0.00309916422952117,0.00124183632900118,-0.0792945791010373,-0.13204251208146,0.0174512997013539,"Com_1229_pos","Paraxanthine","C7 H8 N4 O2",180.06553,1.439,181.0728,"Full match","Full match","No results","Organoheterocyclic compounds","Imidazopyrimidines","Purines and purine derivatives","Xanthines"
-0.00835831339777378,-0.00887049951492112,0.00727645874791404,-0.0124410733743882,0.00166723631995717,"Com_122_neg","Uric acid","C5 H4 N4 O3",168.0284,1.448,167.02108,"Full match","Full match","Full match","Organoheterocyclic compounds","Imidazopyrimidines","Purines and purine derivatives","Xanthines"
0.0130124661448792,-0.00528720254461242,0.00034750793636968,-0.0105037685162576,-0.0164610359256914,"Com_12309_pos","Dehydroepiandrosterone","C19 H28 O2",288.21016,6.65,289.21745,"No results","No results","Full match","Lipids and lipid-like molecules","Steroids and steroid derivatives","Androstane steroids","Androgens and derivatives"
0.0184371459907985,0.00299242087462466,0.0105300934262315,0.00227417087481092,-0.0085991862386955,"Com_12314_pos","Dibutyl sebacate","C18 H34 O4",314.24698,7.26,337.23621,"No results","No results","Full match","Lipids and lipid-like molecules","Fatty Acyls","Fatty acid esters","Fatty acid esters"
0.0162006854293873,-0.0160434429417211,0.0144681421950245,-0.0189295624381157,-0.0144573686619875,"Com_12358_pos","(±)15-HETE","C20 H32 O3",320.2365,6.45,321.24377,"Full match","No results","Full match",NA,NA,NA,NA
-0.000714327241363465,0.000464379216279777,-0.000553624748546919,0.000391410835861921,0.00089544844161607,"Com_12365_neg","L-Tyrosinemethylester","C10 H13 N O3",195.08962,0.422,194.08235,"No results","No results","Full match",NA,NA,NA,NA
0.022346741013462,-0.0154597749451185,-0.0447130208070638,-0.0196114302093458,-0.0165320319190978,"Com_12367_neg","1-Caffeoylquinic Acid","C16 H18 O9",354.0965,5.644,353.08928,"No results","No results","Full match","Organic oxygen compounds","Organooxygen compounds","Alcohols and polyols","Quinic acids and derivatives"
0.00540719679352445,-0.0307575628855478,0.011692952408718,-0.00964242881065569,0.0195155446966826,"Com_12368_pos","Cytidine","C9 H13 N3 O5",243.08669,1.4,244.09401,"Full match","No results","Full match","Nucleosides, nucleotides, and analogues","Pyrimidine nucleosides","Not available","Pyrimidine nucleosides"
0.0202486258029792,-0.0133535926213179,-0.0120219854397909,-0.0130909966601248,0.011371062127306,"Com_12384_pos","3-amino-2-phenyl-2H-pyrazolo[4,3-c]pyridine-4,6-diol","C12 H10 N4 O2",242.08163,5.361,243.0889,"Invalid mass","No results","No results",NA,NA,NA,NA
0.0146503676950223,0.0219997313985445,-0.00404795444902067,0.0103924702318332,-0.0023149938314986,"Com_12396_pos","SPB 16:1;2O","C16 H33 N O2",271.25223,6.571,272.25955,"No results","Full match","No results",NA,NA,NA,NA
0.0168046974285382,-0.0092136900101917,-0.0138144694860307,-0.00130569196431253,0.00268230195822587,"Com_1239_neg","Perillic acid","C10 H14 O2",166.09939,6.061,165.09183,"Full match","No results","Full match","Lipids and lipid-like molecules","Prenol lipids","Monoterpenoids","Menthane monoterpenoids"
0.0178231199316402,-0.0217721667875738,0.00723594061298634,0.0161133349082181,0.00963588431508713,"Com_12425_neg","dUMP","C9 H13 N2 O8 P",308.04073,5.626,307.03345,"No results","No results","Full match","Nucleosides, nucleotides, and analogues","Pyrimidine nucleotides","Pyrimidine deoxyribonucleotides","Pyrimidine 2'-deoxyribonucleoside monophosphates"
0.0161144271586799,-0.0107723872189888,-0.0112789098424122,-0.000167721278255599,0.000901879664897199,"Com_1243_neg","4-Butylresorcinol","C10 H14 O2",166.1002,6.061,165.09232,"No results","No results","Full match","Benzenoids","Phenols","Benzenediols","Resorcinols"
0.0238036180420927,-0.0153895789809994,-0.013888246019316,0.0130284416428904,-0.00563576487549662,"Com_12462_pos","APH","C14 H21 N5 O4",305.14645,6.138,306.15375,"Invalid mass","No results","No results",NA,NA,NA,NA
0.0207441541643455,-0.016613311802137,-0.00914140691919477,0.0166568545426223,-0.0196491265284178,"Com_12477_pos","N-[4-(aminosulfonyl)phenyl]-2-(4-methoxyphenoxy)-5-nitrobenzamide","C20 H17 N3 O7 S",443.07738,6.19,444.08466,"Full match","No results","No results",NA,NA,NA,NA
0.00560119203102397,-0.00428407875832221,-0.00930206246505118,0.0128596473067705,0.00147656178541618,"Com_12480_pos","2-[(butylamino)(imino)methyl]-1-oxohydrazinium-1-olate","C5 H12 N4 O2",182.07427,5.67,183.08155,"Invalid mass","No results","No results",NA,NA,NA,NA
0.0284410438767835,-0.0212779937955893,0.0277379768458799,-0.00271154208734554,0.0141665683835448,"Com_12493_pos","Pregnenolone","C21 H32 O2",316.24159,6.63,317.24888,"Full match","No results","Full match","Lipids and lipid-like molecules","Steroids and steroid derivatives","Pregnane steroids","Gluco/mineralocorticoids, progestogins and derivatives"
0.0153000244524203,-0.0147404846862254,0.00986502077773315,-0.00452284696599767,-0.014089397035394,"Com_12521_neg","Prostaglandin K2","C20 H30 O5",332.2003,6.482,331.19302,"Invalid mass","No results","No results","Lipids and lipid-like molecules","Fatty Acyls","Eicosanoids","Prostaglandins and related compounds"
0.0170833483498743,-0.0248294399352716,0.0239286742730699,-0.0526345999855875,0.00212741893855818,"Com_12554_pos","4-[3-(4-phenoxyphenyl)-1H-pyrazol-5-yl]morpholine","C19 H19 N3 O2",321.14966,5.615,322.15694,"Invalid mass","No results","No results",NA,NA,NA,NA
-0.000204422790256788,-0.0195738272993509,0.000570149821763044,-0.0110254732358252,0.013551371284907,"Com_12568_pos","Diaminopimelic acid","C7 H14 N2 O4",190.09616,1.366,191.10346,"Full match","No results","No results","Organic acids and derivatives","Carboxylic acids and derivatives","Amino acids, peptides, and analogues","Alpha amino acids"
0.0190483681782383,-0.00865136876574025,-0.00716336142298608,-0.0091215519242371,0.00353042888087407,"Com_12584_pos","1H-indene-3-carboxamide","C10 H9 N O",159.0692,5.036,160.07648,"Full match","No results","No results",NA,NA,NA,NA
0.019055006462899,-0.00988578344836412,0.00675008029798312,0.0590300167161013,0.00515057210619594,"Com_12606_pos","EPH","C16 H23 N5 O6",403.14289,5.685,404.15016,"Invalid mass","No results","No results",NA,NA,NA,NA
0.0219115182612108,-0.00812503162313124,0.00183253647929193,0.0075000287514956,0.00755728147412631,"Com_12616_pos","3-(dimethylamino)-2-[3-(trifluoromethyl)phenyl]acrylonitrile","C12 H11 F3 N2",109.05432,5.134,241.09808,"Invalid mass","No results","No results",NA,NA,NA,NA
0.0229959758906707,0.00943498859133108,-0.00845182966658285,-0.00543494382649694,0.0220879042077544,"Com_12631_pos","1-(2'-fluoro[1,1'-biphenyl]-4-yl)propan-1-one","C15 H13 F O",228.09942,5.545,229.1064,"Invalid mass","No results","No results",NA,NA,NA,NA
0.0169215319279363,-0.00892058798966002,0.0011834003022996,-0.00395750035561155,-0.00256356211346863,"Com_12686_pos","Stiripentol","C14 H18 O3",216.11616,6.088,217.12344,"Invalid mass","No results","No results",NA,NA,NA,NA
0.0127592756421186,0.0246996050836831,0.00977562737441992,-0.00899821910642761,-0.0105568101352688,"Com_126_pos","7-methyl-3-nitroimidazo[1,2-a]pyridine","C8 H7 N3 O2",199.03457,1.242,200.04185,"Invalid mass","No results","No results",NA,NA,NA,NA
0.0220032842253215,-0.0166949074607366,-0.0272828608450522,-0.00119029248869718,0.0204850754064598,"Com_12702_pos","Picrotin","C15 H18 O7",327.13366,5.227,328.14094,"Invalid mass","No results","No results","Organoheterocyclic compounds","Furopyrans","Not available","Furopyrans"
0.0238789380826489,0.0185387081780956,0.00624078940690198,-3.84215031005146e-05,-0.00544491317825934,"Com_12717_pos","L-Glutamate","C5 H9 N O4",147.05381,1.959,148.061,"No results","No results","Full match","Organic acids and derivatives","Carboxylic acids and derivatives","Amino acids, peptides, and analogues","Glutamic acid and derivatives"
0.0118638554423449,-0.000942128963985132,-0.000793135213194252,-0.000685772184831284,-0.0182832604675966,"Com_12726_pos","4,6,8-trihydroxy-7-methoxy-3-methyl-3,4-dihydro-1H-2-benzopyran-1-one","C11 H12 O6",262.04685,5.336,263.05413,"Invalid mass","No results","No results",NA,NA,NA,NA
0.0257533155634771,0.00272843808871503,-0.0206742496395684,0.00808315092587672,0.000329142275161587,"Com_12727_neg","ethyl 4-hydroxy-3-methylisoxazolo[5,4-b]pyridine-5-carboxylate","C10 H10 N2 O4",222.06444,4.972,221.05714,"Full match","No results","No results",NA,NA,NA,NA
0.0163358506901026,-0.0190522260242737,-0.00862611840076203,0.0153225074286941,-0.00221569920023613,"Com_1274_neg","6-anilino-1,3-dimethyl-1,2,3,4-tetrahydropyrimidine-2,4-dione","C12 H13 N3 O2",231.10324,5.713,230.09596,"Invalid mass","No results","No results",NA,NA,NA,NA
0.0300669864766556,-0.00468016217488406,-0.00422396979197599,-0.0119383014149453,0.0445856121898385,"Com_12770_pos","ethyl 2-cyano-3-[(2-oxoazepan-3-yl)amino]acrylate","C12 H17 N3 O3",251.12798,5.232,252.13525,"Full match","No results","No results",NA,NA,NA,NA
0.0157455991148225,-0.0116326163042852,-0.0239768151580292,-0.00272063533436623,-0.00192277146440819,"Com_12775_pos","3-[3-(beta-D-Glucopyranosyloxy)-2-hydroxyphenyl]propanoic acid","C15 H20 O9",366.09437,5.506,367.10166,"Invalid mass","No results","No results",NA,NA,NA,NA
0.0450841611392271,0.0279369664697795,0.0177684290195232,-0.0126578744567985,0.0212517393641306,"Com_1278_pos","Propionylcarnitine","C10 H19 N O4",217.13249,2.247,218.13977,"Full match","Full match","Full match","Lipids and lipid-like molecules","Fatty Acyls","Fatty acid esters","Acyl carnitines"
0.0193388494370556,-0.00502288935868374,0.00769219690173361,0.00771002606254399,-0.00719810815626718,"Com_12791_pos","N'-(4-methoxy-1,3-benzothiazol-2-yl)-N,N-dimethyliminoformamide","C11 H13 N3 O S",235.07862,5.307,236.08589,"Full match","No results","No results",NA,NA,NA,NA
0.0196912072753806,-0.0223488857069082,0.0292092340035542,-0.0349107015165949,0.0327759764807337,"Com_128_pos","CAR 7:0","C14 H28 N O4",273.19515,5.617,274.20242,"No results","Invalid mass","No results",NA,NA,NA,NA
0.0248058301722202,-0.00507995307618601,-0.0123962444129008,0.00779380031748974,0.0111519064968486,"Com_12923_pos","2-[1-(4-isobutylphenyl)ethyl]-5-(3-nitrophenyl)-1,3,4-oxadiazole","C20 H21 N3 O3",351.15587,5.054,352.16315,"Invalid mass","No results","No results",NA,NA,NA,NA
0.0144643625483888,-0.00891295958623099,-0.00414589820379437,-0.00370443643871066,-0.00591907444900009,"Com_12941_pos","4-Ethoxybenzaldehyde","C9 H10 O2",150.06888,6.008,151.07615,"Invalid mass","No results","No results","Benzenoids","Phenol ethers","Not available","Phenol ethers"
0.00986628489808839,-0.0176279727398421,0.00891284497499243,0.00537807921192468,0.0235795711611477,"Com_1294_pos","Neopterin","C9 H11 N5 O4",118.0282,1.413,254.08951,"Invalid mass","No results","No results","Organoheterocyclic compounds","Pteridines and derivatives","Pterins and derivatives","Biopterins and derivatives"
0.0140659852142652,-0.0185386497543957,0.0484416734972263,-0.0061066338308803,-0.0348342770426135,"Com_12993_pos","4-(2,3-dihydroxy-3-methylbutoxy)-7H-furo[3,2-g]chromen-7-one","C16 H16 O6",141.05804,5.742,142.06582,"Invalid mass","No results","No results",NA,NA,NA,NA
0.0201562145128589,-0.0220059246259635,0.00656409243686191,0.00133331694135195,0.00256006654592755,"Com_13000_neg","Cetirizine N-oxide","C21 H25 Cl N2 O4",404.1522,6.069,403.14492,"Full match","No results","No results","Benzenoids","Benzene and substituted derivatives","Diphenylmethanes","Diphenylmethanes"
0.0226084550249684,-0.0149733725173613,0.0103705464951143,0.0438030971228821,0.00712756612894693,"Com_13005_pos","Ifenprodil","C21 H27 N O2",325.20514,5.633,326.21231,"No results","Full match","No results","Organoheterocyclic compounds","Piperidines","Benzylpiperidines","4-benzylpiperidines"
0.00633448996008351,-0.00984184350271057,-0.0104863910646922,9.99221614228507e-05,-0.00599006613574122,"Com_13010_pos","4'-Hydroxydiclofenac","C14 H11 Cl2 N O3",311.01357,6.379,312.02083,"Invalid mass","No results","No results","Benzenoids","Benzene and substituted derivatives","Halobenzenes","Dichlorobenzenes"
0.0264049313316024,-0.0116987277846544,-0.0317987717689065,0.0261961951059904,-0.00115923553548101,"Com_13025_pos","N1-[4-(aminosulfonyl)phenyl]-2,2-dimethylpropanamide","C11 H16 N2 O3 S",256.08582,5.521,257.0931,"Invalid mass","No results","No results",NA,NA,NA,NA
0.021099774962662,-0.00865408548329997,-0.0037411170852409,0.011543346428211,0.0258402540655528,"Com_1302_neg","2-[(4-chlorophenyl)sulfonyl]-N,N-dimethylacetamide","C10 H12 Cl N O3 S",262.0265,5.019,261.01923,"Invalid mass","No results","No results",NA,NA,NA,NA
0.0266405056580328,-0.00808531538943542,0.014735227645786,0.0245782170493996,-0.0606146037919043,"Com_1305_neg","Monobenzyl phthalate","C15 H12 O4",256.07468,5.391,255.0674,"Full match","No results","No results","Benzenoids","Benzene and substituted derivatives","Benzoic acids and derivatives","Benzoic acid esters"
0.0266771770971755,0.00409062803663486,-0.0162348072524582,0.00145813870900028,0.00643681881518516,"Com_13071_pos","2-{[2-(3-cyano-2-pyridinyl)hydrazino]carbonyl}benzoic acid","C14 H10 N4 O3",282.07331,4.894,283.08058,"Invalid mass","No results","No results",NA,NA,NA,NA
0.0233264878800486,-0.0123160210339791,-0.0325018792153103,0.060742585231493,-0.00108334772762776,"Com_1310_pos","Valsartan metabolite","C14 H10 N4 O2",266.08146,5.767,267.08881,"Full match","No results","No results","Benzenoids","Benzene and substituted derivatives","Biphenyls and derivatives","Biphenyls and derivatives"
0.0264265986142129,-0.00514407784156407,-0.00277782132347571,0.0048785564326633,0.0132046076550707,"Com_13127_neg","2-{1-[2-(2-fluoro-4-iodoanilino)-2-oxoethyl]cyclohexyl}acetic acid","C16 H19 F I N O3",419.03998,5.055,418.03271,"Full match","No results","No results",NA,NA,NA,NA
-0.00517539815900294,-0.00731825288019281,0.00999280363788481,-0.0117380853568577,-0.0168849946133007,"Com_13132_pos","Avocadyne 1-acetate","C19 H34 O4",308.23646,9.57,309.24373,"Invalid mass","No results","No results","Lipids and lipid-like molecules","Fatty Acyls","Fatty alcohols","Long-chain fatty alcohols"
0.0152533409120211,0.00835092787154512,0.010672349535021,-0.00157171459355009,0.000404228739944549,"Com_13135_neg","Adenine","C5 H5 N5",135.05443,3.021,134.04684,"Full match","No results","Full match","Organoheterocyclic compounds","Imidazopyrimidines","Purines and purine derivatives","6-aminopurines"
0.00741526683236655,-0.0220914737641823,-0.0113529898466556,-0.0166762577632826,-0.00294317603117727,"Com_13157_pos","methyl 2-(2-acetyl-4,5-dimethoxyphenyl)acetate","C13 H16 O5",252.10097,5.49,253.10827,"Full match","No results","No results",NA,NA,NA,NA
0.0292220221348377,-0.00759622459389426,-0.00483582577292404,-0.0079340488937478,0.00492183287810891,"Com_13163_pos","Tryptophanol","C11 H14 N2 O",190.11141,5.219,191.11866,"No results","No results","Full match","Organoheterocyclic compounds","Indoles and derivatives","Indoles","3-alkylindoles"
0.0285970857009358,-0.0256014283865462,0.0238701535162359,-0.00666741357482054,0.0224302501831848,"Com_13169_pos","5α-Pregnan-3,20-dione","C21 H32 O2",316.24172,6.808,317.24901,"Full match","No results","Full match","Lipids and lipid-like molecules","Steroids and steroid derivatives","Pregnane steroids","Gluco/mineralocorticoids, progestogins and derivatives"
0.0468878730210434,0.0183188850369078,-0.034563233045561,-0.0048780287251993,0.00385746742268338,"Com_13174_pos","4-chloro-N~1~-(4-pyridinyl)-1,2-benzenediamine","C11 H10 Cl N3",219.05406,4.905,220.06117,"Invalid mass","No results","No results",NA,NA,NA,NA
0.00309528176858441,0.00498087477264034,-0.0155567948032763,-0.00686512283953676,0.00697285832778748,"Com_13184_pos","Deoxynivalenol","C15 H20 O6",296.12557,5.644,297.1328,"Full match","No results","No results","Lipids and lipid-like molecules","Prenol lipids","Sesquiterpenoids","Trichothecenes"
0.0140853889773886,-0.0137983598765424,-0.0672091349642577,0.0174918999901494,-0.00935438343778195,"Com_131_pos","4-decyl-3-hydroxy-5-oxooxolane-2,3-dicarboxylic acid","C16 H26 O7",352.15126,6.337,353.15854,"Invalid mass","No results","No results",NA,NA,NA,NA
0.0396191643272653,0.0216638506277366,0.026587447745206,0.00688269922549219,0.0200199024499428,"Com_13223_neg","2,6-Dihydroxypurine","C5 H4 N4 O2",152.03305,4.459,151.02577,"No results","No results","Full match","Organoheterocyclic compounds","Imidazopyrimidines","Purines and purine derivatives","Hypoxanthines"
0.00664752352103263,-0.00711389846936591,0.00204959190615133,-0.00752752341931178,-0.00093039236454387,"Com_13237_pos","L-Kynurenine","C10 H12 N2 O3",208.08585,4.182,209.09312,"Invalid mass","Invalid mass","No results","Organic oxygen compounds","Organooxygen compounds","Carbonyl compounds","Alkyl-phenylketones"
-0.0199472981541706,-0.078529037286706,-0.000972597067896093,0.00199998497024852,0.0281345212994092,"Com_13248_pos","1,5-dimethyl-N-(4-morpholinobenzyl)-1H-pyrazole-3-carboxamide","C17 H22 N4 O2",314.17166,1.622,315.17894,"Invalid mass","No results","No results",NA,NA,NA,NA
0.0537408406758136,0.0175137112490932,-0.00572320210761364,0.0142317956024055,0.0171142336420157,"Com_1325_pos","4-methyl-6-[(4-methylphenyl)thio]-2-(2-pyridyl)pyrimidine","C17 H15 N3 S",293.09445,2.631,294.10173,"Invalid mass","No results","No results",NA,NA,NA,NA
0.0244412131478443,-0.00773558132087021,-0.0246555017754643,0.0163141917746516,-0.00430257946722113,"Com_13279_pos","Miquelianin","C21 H18 O13",478.07707,5.058,479.08435,"Full match","No results","No results",NA,NA,NA,NA
0.0191281920255499,-0.0125194101763241,0.002366441577396,0.038939415952425,0.000727394134094341,"Com_1327_pos","Chlorogenic Acid Methyl Ester","C17 H20 O9",368.11215,5.629,369.11923,"No results","No results","Full match",NA,NA,NA,NA
0.0160385780106931,-0.00896258880599331,0.00358427603892921,0.00215108488398467,-0.0168040180273293,"Com_13301_pos","4-methoxyphenyl 3,5-dimethyl-1-phenyl-1H-pyrazole-4-carboxylate","C19 H18 N2 O3",344.11664,5.378,345.12391,"Invalid mass","No results","No results",NA,NA,NA,NA
0.0192361104333373,0.00498346097840498,-0.00383710442153281,-0.0121871873941229,-0.0200411935491317,"Com_13304_pos","Diacetoxyscirpenol","C19 H26 O7",366.16699,6.073,367.17432,"Full match","No results","No results","Lipids and lipid-like molecules","Prenol lipids","Sesquiterpenoids","Trichothecenes"
0.00200225760814931,-0.0462079747550453,0.0176871723146054,-0.0178864974729776,0.0125593858095414,"Com_1330_pos","N6-Acetyl-L-lysine","C8 H16 N2 O3",188.117,1.445,189.12428,"Full match","Full match","Full match","Organic acids and derivatives","Carboxylic acids and derivatives","Amino acids, peptides, and analogues","L-alpha-amino acids"
0.00717662674002039,-0.00493484951809882,0.0230525751652053,0.00175080153410429,-0.0150266048548478,"Com_13325_neg","3-[4-(tert-butyl)anilino]-2-(3-thienylcarbonyl)acrylonitrile","C18 H18 N2 O S",310.11604,5.504,309.10881,"Invalid mass","No results","No results",NA,NA,NA,NA
0.00604585661960796,-0.0153786586501599,0.028761722368017,-0.00665211795333677,-0.0166699660555077,"Com_1332_neg","N-Acetyl-DL-tryptophan","C13 H14 N2 O3",246.10159,5.604,245.09432,"Full match","No results","Full match","Organic acids and derivatives","Carboxylic acids and derivatives","Amino acids, peptides, and analogues","N-acyl-alpha amino acids"
0.0262528323401229,-0.000986956342621882,-0.0135622832447266,0.039991948943865,0.00931280018988827,"Com_13368_pos","N-(1,3-benzodioxol-5-ylmethyl)-6-morpholinonicotinamide","C18 H19 N3 O4",341.13955,5.105,342.14682,"Invalid mass","No results","No results",NA,NA,NA,NA
0.0263623690318285,-0.0230932737033662,0.0535209226208255,-0.032731866542757,0.022115184180117,"Com_13373_neg","LysoPC 12:1","C20 H36 N O7 P",433.22436,5.904,414.20651,"No results","No results","Full match","Lipids and lipid-like molecules","Glycerophospholipids","Glycerophosphocholines","Phosphocholines"
0.0170497341769819,-0.00413491791432602,0.00125719142353044,-0.0226578037679969,-0.00112856374094905,"Com_13375_pos","2-imino-8-methoxy-2H-chromene-3-carbonitrile","C11 H8 N2 O2",200.05949,5.312,201.06679,"Full match","No results","No results",NA,NA,NA,NA
0.0172517929881946,-0.00569136585492542,0.00736392855445592,0.00824084251363389,-0.01403645918565,"Com_13431_neg","4-{[5-(trifluoromethyl)-2-pyridyl]oxy}benzene-1-carbothioamide","C13 H9 F3 N2 O S",298.04222,5.302,343.0405,"Invalid mass","No results","No results",NA,NA,NA,NA
-0.00550639899273361,-0.00791846367243357,0.00196001611487262,-0.0268722012970812,0.0101155763362905,"Com_13438_pos","S-Methyl-L-cysteine-S-oxide","C4 H9 N O3 S",151.03114,1.288,152.03835,"Invalid mass","No results","No results","Organic acids and derivatives","Carboxylic acids and derivatives","Amino acids, peptides, and analogues","L-alpha-amino acids"
0.013388016703055,-0.0204284316745139,0.00990480437511014,0.000758408922581348,0.0235694010050543,"Com_13444_neg","Orotidine","C10 H12 N2 O8",288.06097,1.35,287.05368,"Invalid mass","No results","No results","Nucleosides, nucleotides, and analogues","Pyrimidine nucleosides","Not available","Pyrimidine nucleosides"
0.0186949463003881,-0.00365089101403951,0.00793944886739685,-0.00378130473390541,-0.000452254668927428,"Com_1348_pos","5-Hydroxyindole-3-acetic acid","C10 H9 N O3",191.05911,5.225,192.06638,"Full match","Full match","Full match","Organoheterocyclic compounds","Indoles and derivatives","Indolyl carboxylic acids and derivatives","Indole-3-acetic acid derivatives"
0.00831488333575754,-0.0138838154529794,-0.0012702299678495,-0.00816072580021306,0.00309570047046967,"Com_13491_pos","5-(2-chlorophenyl)-3-morpholinoisothiazole-4-carbonitrile","C14 H12 Cl N3 O S",305.03872,6.77,288.03543,"Full match","No results","No results",NA,NA,NA,NA
-0.00302000872617318,-0.00169187939677934,0.0101501163881116,0.00858075522266206,0.00594841666173375,"Com_134_neg","2,3,4-Trihydroxybenzoic acid","C7 H6 O5",170.02179,5.291,169.01457,"No results","No results","Full match","Phenylpropanoids and polyketides","Cinnamic acids and derivatives","Hydroxycinnamic acids and derivatives","Hydroxycinnamic acids"
0.0225499428724756,-0.0155711133903129,-0.0109289675793693,-0.0192589340723581,0.00468650408209459,"Com_13527_pos","isobutyl 1-cyclohexyl-4-oxo-1,4-dihydroquinoline-3-carboxylate","C20 H25 N O3",327.18502,6.103,328.19229,"Full match","No results","No results",NA,NA,NA,NA
-0.0376387578585851,-0.104445769791194,0.00448382016143507,-0.013283271663606,0.0367988161342251,"Com_13544_pos","N-[4-(diethylamino)phenyl]-N'-phenylurea","C17 H21 N3 O",305.14896,1.627,306.15624,"Invalid mass","No results","No results",NA,NA,NA,NA
0.0172279384758792,-0.0181644079098278,0.00773942753957274,-0.00708144150814119,0.0133776849378767,"Com_13550_neg","Chenodeoxycholic acid-3-beta-D-glucuronide","C30 H48 O10",568.32704,6.175,567.31976,"No results","No results","Full match",NA,NA,NA,NA
0.0115535556699526,-0.0183546951486938,-0.00422063170378469,0.00605555850747573,0.00123134885722151,"Com_13556_pos","Nitrofurantoin","C8 H6 N4 O5",255.0578,5.3,256.06503,"Invalid mass","No results","No results","Organoheterocyclic compounds","Azolidines","Imidazolidines","Hydantoins"
0.0186966801208352,-0.0137768836956579,0.0214119467879172,-0.0046796361162084,0.0291605340339912,"Com_1356_pos","Desoxycortone","C21 H30 O3",330.22102,5.908,331.2283,"Full match","No results","Full match","Lipids and lipid-like molecules","Steroids and steroid derivatives","Hydroxysteroids","21-hydroxysteroids"
0.0244214073127394,-0.0286857545304517,0.0202427805744098,-0.0231428569920331,0.0266225388319712,"Com_13570_pos","N-Palmitoyl taurine","C18 H37 N O4 S",363.24276,6.258,364.25,"Full match","No results","No results","Lipids and lipid-like molecules","Fatty Acyls","Fatty amides","N-acyl amines"
-0.00576600206422658,-0.0227870633133797,0.0189417757052853,0.000293350251995619,0.0151413420938292,"Com_13584_neg","2-morpholino-N-[5-(2-thienyl)-1,3,4-thiadiazol-2-yl]acetamide","C12 H14 N4 O2 S2",310.05448,1.394,309.04718,"Full match","No results","No results",NA,NA,NA,NA
0.0477770316469244,0.021315807920253,0.0179681518908431,0.00651681216956928,0.00316094131709795,"Com_13616_neg","cGMP","C10 H12 N5 O7 P",345.049,3.411,344.04173,"No results","No results","Full match","Nucleosides, nucleotides, and analogues","Purine nucleotides","Cyclic purine nucleotides","3',5'-cyclic purine nucleotides"
0.0128160575935248,-0.00379332358418504,0.0206951750531587,-0.0192417649772606,-0.021114660777107,"Com_13632_neg","2-Butoxyacetic acid","C6 H12 O3",132.07859,5.264,131.07131,"Full match","No results","Full match","Organic acids and derivatives","Carboxylic acids and derivatives","Carboxylic acids","Carboxylic acids"
0.0155186869241855,-0.00863104857418591,-0.00504109416249402,-0.0222462344774709,-0.00619456938022533,"Com_13667_pos","N1-(4-pyridylmethyl)-2-cyano-3-(1H-pyrrol-2-yl)acrylamide","C14 H12 N4 O",252.10152,5.304,253.10887,"Full match","No results","No results",NA,NA,NA,NA
0.0314927888237829,-0.00569837783425469,-0.00219062228258013,-0.0183130066363609,-0.00115634996675595,"Com_13673_pos","YLK","C21 H34 N4 O5",422.25311,6.573,445.24234,"Full match","No results","No results",NA,NA,NA,NA
0.0241105138076252,-0.00488979336383557,0.00518722736967586,-0.0190382443942323,-0.0457294955291045,"Com_13681_pos","N-{4-[(2R,3R)-3-(Hydroxymethyl)-5-oxo-2-morpholinyl]phenyl}acetamide","C13 H16 N2 O4",286.08745,5.497,287.09473,"Invalid mass","No results","No results","Organoheterocyclic compounds","Oxazinanes","Morpholines","Phenylmorpholines"
0.0187122472971783,-0.0164817563228322,-0.00445540764140565,0.00698979148374617,0.000150970063310664,"Com_13697_neg","N-(2-hydroxyethyl)-N'-propylthiourea","C6 H14 N2 O S",212.08484,6.051,211.07756,"Invalid mass","No results","No results",NA,NA,NA,NA
0.0172277110992498,-0.0149018728427084,0.00538273426645902,-0.000568242461352936,-0.00677802404419212,"Com_13725_pos","11-Oxoetiocholanolone","C19 H28 O3",286.19444,6.365,287.2018,"Invalid mass","No match","No match","Lipids and lipid-like molecules","Steroids and steroid derivatives","Androstane steroids","Androgens and derivatives"
0.0145511226379505,-0.01178529057104,0.0024525729941579,-0.00803290374067252,0.000189871987236661,"Com_1374_pos","4-Methoxybenzaldehyde","C8 H8 O2",153.07966,5.555,154.08698,"Invalid mass","Invalid mass","No match","Benzenoids","Benzene and substituted derivatives","Benzoyl derivatives","Benzoyl derivatives"
0.0196436883043303,-0.00934082126255019,0.0269675291481564,0.00329403164163189,-0.0537732326878042,"Com_13753_neg","Kynurenate","C10 H7 N O3",378.07615,5.383,188.0308,"No results","Invalid mass","No results","Organoheterocyclic compounds","Quinolines and derivatives","Quinoline carboxylic acids","Quinoline carboxylic acids"
0.00180993767736659,-0.0291978426483409,0.0122566109070533,-0.0118604364346923,0.00728078856155379,"Com_13758_neg","Glycyl-L-leucine","C8 H16 N2 O3",188.11661,1.425,187.10933,"Full match","No results","Full match","Organic acids and derivatives","Carboxylic acids and derivatives","Amino acids, peptides, and analogues","Peptides"
0.0207507719422398,-0.00943506302717269,0.00784018857246474,0.00259995029051577,0.00442818026238226,"Com_13776_pos","2-[({4-[3,5-di(tert-butyl)-1H-pyrazol-1-yl]phenyl}imino)methyl]phenol","C24 H29 N3 O",375.22844,6.114,376.23572,"Invalid mass","No results","No results",NA,NA,NA,NA
0.00994080050646599,0.00521431920795803,-0.00227210022641954,-0.0229564663749697,0.0388942028743647,"Com_1377_neg","Pimelic acid","C7 H12 O4",160.07346,5.466,159.06618,"Full match","No results","Full match","Lipids and lipid-like molecules","Fatty Acyls","Fatty acids and conjugates","Medium-chain fatty acids"
0.0233396857130539,-0.00901202908586543,-0.0301666498146479,-0.0166784747736588,-0.0215143107467246,"Com_13807_pos","2-piperidinobenzoic acid","C12 H15 N O2",205.11142,5.663,206.1187,"Invalid mass","No results","No results",NA,NA,NA,NA
0.0149186344603553,-0.0129453306192451,-0.0150213244018676,0.000357877932026194,-0.00022269213535328,"Com_13811_neg","N1-(3-amino-4-chlorophenyl)-2-[2,4-di(tert-pentyl)phenoxy]acetamide","C24 H33 Cl N2 O2",416.21919,5.778,415.21191,"Invalid mass","No results","No results",NA,NA,NA,NA
0.00056353054907103,-0.0144357326341898,0.0179032771462211,0.00225002520673852,0.0168052058322127,"Com_13835_pos","N-Acetyl-D-galactosamine","C8 H15 N O6",221.09087,1.386,222.09816,"Full match","Full match","Full match","Organic oxygen compounds","Organooxygen compounds","Carbohydrates and carbohydrate conjugates","Acylaminosugars"
0.0139702709428908,-0.0199601139718813,-0.0213074437883945,0.0435076065861084,-0.0192931524333143,"Com_13843_pos","Chrysin","C15 H10 O4",254.05927,6.602,255.06655,"Invalid mass","No results","No results","Phenylpropanoids and polyketides","Flavonoids","Flavones","Flavones"
0.0642741255356193,0.0430779218407374,-0.00418631745272342,-0.0151628923638545,0.00459911798560767,"Com_13868_pos","1-[(3,5-dimethylisoxazol-4-yl)sulfonyl]piperidine","C10 H16 N2 O3 S",244.08931,4.67,245.09652,"Full match","No results","Full match",NA,NA,NA,NA
0.0106671006669919,0.00615962113812341,0.00301804579627717,-0.0133382760467268,-0.0195215626598119,"Com_13884_pos","6-(7-methyloctyl)-1H,3H,4H,6H-furo[3,4-c]furan-1-one","C15 H24 O3",252.17376,6.813,253.181,"Full match","No results","No results",NA,NA,NA,NA
0.0257954810774734,-0.0265963232137081,0.0456422160916777,-0.0268607445539124,-0.0143037679803319,"Com_13897_pos","AL 8810 Methyl ester","C25 H33 F O4",438.22493,6.997,439.23222,"Invalid mass","No results","No results","Benzenoids","Indanes","Not available","Indanes"
0.032423604805694,-0.00315615071012063,0.00257068967421972,0.119174087867282,-0.0121439447815273,"Com_1390_pos","9-Aminoacridine, monohydrochloride, monohydrate","C13 H10 N2",194.08536,5.49,195.09263,"Full match","No results","Full match",NA,NA,NA,NA
0.0354691189424922,0.0105832233446893,-0.00262507525785514,-0.00460379078821741,0.016875025395451,"Com_13928_pos","N-[2-(4-pyridyl)ethyl]methanesulfonamide","C8 H12 N2 O2 S",200.06278,4.938,201.07006,"Full match","No results","No results",NA,NA,NA,NA
0.0172139371807113,-0.016889426113748,0.0236385980320603,-0.00912588620718047,0.0205843635329452,"Com_13944_pos","Nor-9-carboxy-δ9-THC","C21 H28 O4",344.20064,5.722,345.20781,"Invalid mass","No results","No results","Organoheterocyclic compounds","Benzopyrans","1-benzopyrans","2,2-dimethyl-1-benzopyrans"
0.012067512141768,-0.0215916488290159,0.0134659167469084,0.00856037746881565,0.0204685456201949,"Com_1395_pos","D-Proline","C5 H9 N O2",115.06375,1.629,116.07103,"No results","No results","Full match","Organic acids and derivatives","Carboxylic acids and derivatives","Amino acids, peptides, and analogues","Proline and derivatives"
0.00363239357785251,-0.0101503214732914,-0.0073073116754797,-0.00139076721090593,0.00375412747356213,"Com_13970_pos","5,6-dimethyl-4-oxo-4H-pyran-2-carboxylic acid","C8 H8 O4",168.04317,5.87,169.05044,"Invalid mass","No results","No results",NA,NA,NA,NA
0.0224481238475783,-0.0123013238128248,-0.00393561727041253,0.000573780545844337,0.0108901665186182,"Com_13997_neg","2,3-dihydro-2-spiro[1-(benzyl)piperidin-4-yl]-1,3-benzothiazole","C18 H20 N2 S",296.13102,5.827,295.12377,"Invalid mass","No results","No results",NA,NA,NA,NA
0.0158790544004821,-0.0266272632587027,-0.0365437827451013,0.0311986679327735,-0.0170373572856224,"Com_14010_pos","3,5,7-trihydroxy-2-phenyl-4H-chromen-4-one","C15 H10 O5",270.05434,7.049,271.06161,"Invalid mass","No results","No results",NA,NA,NA,NA
0.0186134284969892,-0.0160714188231629,0.00146178736357974,0.0147437441389899,-0.0553437840018888,"Com_14066_neg","Luteolin","C15 H10 O6",286.04905,5.405,285.04177,"Full match","No results","No results","Phenylpropanoids and polyketides","Flavonoids","Flavones","Flavones"
0.0171891369267272,-0.0157528565160586,0.00674325973474097,0.0296594954469988,-0.0199005908095923,"Com_14079_neg","5-(3-Nitrophenyl)-N-phenyloxazol-2-amine","C15 H11 N3 O3",281.08358,5.56,280.07631,"Invalid mass","No results","No results","Organoheterocyclic compounds","Azoles","Oxazoles","Phenyl-1,3-oxazoles"
0.0122616818501189,-0.0076621860342881,0.013096778029784,-0.000276732308421384,-0.0321884261075337,"Com_14081_pos","Adrenosterone","C19 H24 O3",300.17381,5.902,301.18103,"No results","No results","Full match","Lipids and lipid-like molecules","Steroids and steroid derivatives","Androstane steroids","Androgens and derivatives"
0.0134507483513578,-0.0136828690190964,0.0202685143737689,-0.0479402909396481,-0.00157226806748697,"Com_140_pos","trans-3-Indoleacrylic acid","C11 H9 N O2",187.06424,5.214,188.07148,"Full match","No results","Full match","Organoheterocyclic compounds","Indoles and derivatives","Indoles","Indoles"
-0.00195104557004236,-0.0209306299584192,-0.0186525605476689,-0.00408499442339833,-6.86987635418271e-05,"Com_14107_neg","Protocatechuic acid","C7 H6 O4",154.02674,1.631,153.01947,"Full match","Full match","Full match","Benzenoids","Benzene and substituted derivatives","Benzoic acids and derivatives","Hydroxybenzoic acid derivatives"
0.0225236485686116,-0.00745043538571953,0.00858188164407967,0.0156309547770236,0.0060376462570472,"Com_14123_pos","5-[5-(ethylsulfonyl)-2-hydroxyanilino]-5-oxopentanoic acid","C13 H17 N O6 S",337.05528,6.067,338.06244,"Invalid mass","No results","No results",NA,NA,NA,NA
0.0166384002407305,0.00304652519695489,-0.0060174383152173,0.0125097468664446,0.0207777801579361,"Com_14124_pos","Normorphine","C16 H17 N O3",271.12206,3.796,272.12934,"Full match","No results","No results","Alkaloids and derivatives","Morphinans","Not available","Morphinans"
0.0275706645568372,-0.00790885904115831,0.00479628384084381,0.0938957529756164,0.0257858348158726,"Com_14131_pos","2-(1,3-dimethyl-1H-pyrazol-5-yl)-1H-isoindole-1,3(2H)-dione","C13 H11 N3 O2",241.09031,5.66,242.09757,"Invalid mass","No results","No results",NA,NA,NA,NA
0.00798838239336582,0.00775031847303847,0.0349265295032962,-0.0163305954795283,0.0296216300743478,"Com_1414_pos","ethyl 5-hydroxy-4-oxo-4H-chromene-2-carboxylate","C12 H10 O5",234.05154,5.672,235.05881,"Invalid mass","No results","No results",NA,NA,NA,NA
0.0134632016366549,-0.0130394533992408,0.00928193831003902,-0.029808201286107,-0.0382801854234212,"Com_14195_neg","(±)9(10)-EpOME","C18 H32 O3",342.24254,6.235,341.23518,"Invalid mass","No results","No results",NA,NA,NA,NA
0.0190994058145176,-0.0175809707210686,-0.00313858278064941,0.020286576220705,-0.00938177303379196,"Com_14208_pos","Methyltestosterone","C20 H30 O2",302.22587,6.169,303.23314,"No results","No results","Full match","Lipids and lipid-like molecules","Steroids and steroid derivatives","Androstane steroids","Androgens and derivatives"
0.00958500049785061,-0.00990377356844475,-0.00324901995124786,0.00755520466724684,-0.00454065893800274,"Com_14213_pos","2-(4-chlorophenyl)-N,N-dimethylethanethioamide","C10 H12 Cl N S",213.03594,6.313,214.04321,"Invalid mass","No results","No results",NA,NA,NA,NA
0.0244329072681465,-0.0114162024824018,0.0150589205308051,0.00393137751315612,0.0161825830972627,"Com_14225_neg","Hexadecanedioic acid","C16 H30 O4",286.21604,6.856,285.20876,"Invalid mass","No results","No results","Lipids and lipid-like molecules","Fatty Acyls","Fatty acids and conjugates","Long-chain fatty acids"
0.0328253424744639,0.0173335471951219,-0.00549599142667274,-0.0320084658831468,0.00833919027917881,"Com_14225_pos","Muramic acid","C9 H17 N O7",251.10295,3.683,252.11023,"Invalid mass","No results","No match","Organic oxygen compounds","Organooxygen compounds","Carbohydrates and carbohydrate conjugates","Sugar acids and derivatives"
-0.000834847483395986,-0.00118070760316767,-0.00340032889573089,0.00415349811401884,0.00351049594595378,"Com_14255_pos","Noroxycodone-d3","C17 H16 [2]H3 N O4",304.15166,10.935,305.15894,"Full match","No results","No results",NA,NA,NA,NA
0.017298151364384,-0.0174909083327015,-0.0419783543228311,-0.00498263708050938,-0.0240162173904355,"Com_14298_pos","1-(2-furyl)pentane-1,4-dione","C9 H10 O3",188.04857,5.563,189.05576,"Invalid mass","No results","No results",NA,NA,NA,NA
0.0239525543052184,-0.0135692075057584,0.0604146467845718,0.0129802231613721,-0.110146215800753,"Com_142_neg","4-Methylphenol","C7 H8 O",108.05686,5.453,107.04959,"Invalid mass","No results","No results","Benzenoids","Phenols","Cresols","Para cresols"
0.0102487603467289,-0.0127257951263321,0.00062021669265801,-0.0074436775451696,-0.00679301510486347,"Com_14305_pos","Prostaglandin A3","C20 H28 O4",332.19951,6.682,333.20679,"Full match","No results","No results","Lipids and lipid-like molecules","Fatty Acyls","Eicosanoids","Prostaglandins and related compounds"
0.0333492957874143,0.00865839999886477,0.0221913848149772,-0.0108700835811449,0.0225048613378014,"Com_14308_pos","4-(2-methoxyphenyl)-1-(3-phenyl-1,2,4-thiadiazol-5-yl)piperidine","C20 H21 N3 O S",351.14409,5.327,352.15131,"Invalid mass","No results","No results",NA,NA,NA,NA
0.0117189515609384,-0.0159133929049058,-0.0223269031522844,0.00529230545436572,-0.00713177156939998,"Com_14336_neg","5-Hydroxydiclofenac","C14 H11 Cl2 N O3",311.01396,6.349,310.00668,"Invalid mass","No results","No results","Benzenoids","Benzene and substituted derivatives","Halobenzenes","Dichlorobenzenes"
0.0140717996368189,0.000847823440252805,-0.00727208191189747,0.00596421933093472,0.00709903898606834,"Com_14336_pos","1-O-(3,4,5-Trimethoxybenzoyl)-beta-L-galactopyranose","C16 H22 O10",396.10451,2.647,397.11179,"Invalid mass","No results","No results",NA,NA,NA,NA
0.00447529522048141,-0.0189003330283443,-0.00652576015158776,0.0118316484474754,-0.0071635153987212,"Com_14337_pos","NNK","C14 H26 N6 O6",356.18275,6.325,357.19002,"Invalid mass","No results","No results","Organic oxygen compounds","Organooxygen compounds","Carbonyl compounds","Aryl alkyl ketones"
0.017183825407833,-0.0142293788468263,-0.0516549338199526,-0.0135188437874601,0.000788889453794041,"Com_1433_pos","Menadione","C11 H8 O2",172.05342,5.789,173.06069,"Invalid mass","No results","No results","Benzenoids","Naphthalenes","Naphthoquinones","Naphthoquinones"
0.0247236536834118,-0.0288357705519484,0.0281259109362115,-0.0274896252190926,0.0368932672290832,"Com_14340_pos","LNK","C16 H31 N5 O5",373.2308,6.37,374.23807,"Full match","No results","No results",NA,NA,NA,NA
0.0356098964958625,-0.00569858036987074,0.0227770752506876,0.00283522182548732,0.00481982313507168,"Com_14367_pos","5-Chloro-2-[(3S)-1-(4-fluorobenzyl)-3-pyrrolidinyl]-1,3-benzoxazole","C18 H16 Cl F N2 O",330.08937,5.22,331.09671,"Invalid mass","No results","No results","Organoheterocyclic compounds","Benzoxazoles","Not available","Benzoxazoles"
0.0256827398841274,0.00178078703268667,-0.0134615958124471,-0.0165752060389538,-0.0423177776161817,"Com_1438_pos","8,8-dimethyl-2H,8H-pyrano[3,2-g]chromen-2-one","C14 H12 O3",228.07946,5.825,229.08673,"Full match","No results","No results",NA,NA,NA,NA
0.0382845100101103,-0.0181281328858938,0.0122902419306259,-0.0278651150135831,0.00810290834471614,"Com_14392_pos","ERH","C17 H28 N8 O6",440.2187,6.008,441.22597,"Invalid mass","No results","No results",NA,NA,NA,NA
0.0283459915377139,-0.00547162242644784,0.0181128346540498,0.0079164527336902,-0.00852221665285344,"Com_143_pos","2-(2-hydroxyphenyl)-3,4-dihydroquinazolin-4-one","C14 H10 N2 O2",238.07084,5.121,239.07811,"Invalid mass","No results","No results",NA,NA,NA,NA
0.0111873074583026,0.000958038963995207,-0.00325461508092409,-0.000799624053975374,-0.00505324165179599,"Com_14458_pos","DL-Metanephrine","C10 H15 N O3",197.10596,3.949,198.11326,"Full match","No results","Full match","Benzenoids","Phenols","Methoxyphenols","Methoxyphenols"
0.0185905469728741,-0.00704793114596379,0.00497801806799012,-0.0102339292750736,0.0285549317622182,"Com_14474_neg","N1-[3-(1H-imidazol-1-yl)propyl]-2-[(4-nitrobenzoyl)amino]benzamide","C20 H19 N5 O4",393.14795,5.355,392.14063,"Invalid mass","No results","No results",NA,NA,NA,NA
0.0155992934488587,-0.0360046052996682,-0.00623006749323747,-0.00803990114079118,0.0192004697065328,"Com_14474_pos","2-Aminobenzenesulfonic acid","C6 H7 N O3 S",173.01523,4.89,174.02302,"No results","No results","Full match","Benzenoids","Benzene and substituted derivatives","Benzenesulfonic acids and derivatives","Benzenesulfonic acids and derivatives"
0.0312214894266503,-0.0274839625658161,-0.00514535181251698,-0.000912124245733231,0.00483089572578378,"Com_14476_pos","α-Linolenoyl ethanolamide","C20 H35 N O2",321.26819,6.316,322.27547,"Full match","No results","No results","Organic nitrogen compounds","Organonitrogen compounds","Amines","N-acylethanolamines"
0.0197874816638261,0.011770310849959,0.0157451593507608,-0.0255704815053599,-0.0280952161083522,"Com_1450_pos","5-(hydroxymethyl)-4-methoxy-2,5-dihydrofuran-2-one","C6 H8 O4",144.0405,1.266,145.04778,"Invalid mass","No results","No results",NA,NA,NA,NA
0.00994435580207187,-0.00825109468789193,0.00322920251137857,0.00317126225544557,-0.0108452607903615,"Com_14534_neg","D-(+)-Malic acid","C4 H6 O5",134.02106,5.458,133.014,"Full match","No results","Full match","Organic acids and derivatives","Hydroxy acids and derivatives","Beta hydroxy acids and derivatives","Beta hydroxy acids and derivatives"
0.00817812445808435,-0.00127348049680249,-0.00205748630758685,-0.00417182110678367,-0.00226990145451865,"Com_14567_pos","Hydroquinone","C6 H6 O2",110.03695,5.815,111.04462,"No results","No results","Full match","Benzenoids","Phenols","Benzenediols","Hydroquinones"
0.00159630946177597,-0.0122653708301294,0.000148339028835055,0.00438506352154404,0.0241556971239975,"Com_14574_pos","4-Hydroxyhippuric acid","C9 H9 N O4",195.05389,1.394,196.06116,"No results","Full match","No results","Benzenoids","Benzene and substituted derivatives","Benzoic acids and derivatives","Hippuric acids"
0.0178608828669341,-0.00779941001487911,-0.0144111398617408,-0.0129982945931358,0.00521677234146843,"Com_14606_neg","3-(methylsulfanyl)-5H-[1,2,4]triazino[5,6-b]indole","C10 H8 N4 S",216.04675,3.93,215.03947,"Full match","No results","No results",NA,NA,NA,NA
0.020746067391151,-0.0170692097708438,-0.0216436450719756,0.0216790460825565,-0.00616878710651097,"Com_14623_pos","Alternariol","C14 H10 O5",258.05415,5.927,259.06145,"Invalid mass","No results","No results","Phenylpropanoids and polyketides","Coumarins and derivatives","Not available","Coumarins and derivatives"
0.0203348946617824,-0.00116116287991224,-0.00417934159967967,0.0209694762064465,0.0271900063272571,"Com_14626_pos","Heroin-d3","C21 H20 [2]H3 N O5",350.19521,5.886,373.18427,"Invalid mass","No results","No results",NA,NA,NA,NA
0.0208255598800488,-0.00867226832204597,-0.0538074878248108,-0.0127375080276851,-0.0208847229539125,"Com_1462_neg","N-(4-bromo-1-methyl-1H-pyrazol-5-yl)-2,2-dimethylpropanamide","C9 H14 Br N3 O",518.05815,5.264,258.0218,"Invalid mass","No results","No results",NA,NA,NA,NA
0.0137468676538669,-0.0176302695940841,-0.0214949031791629,-0.0148391704281861,-0.0113937287343876,"Com_14640_pos","N-Desmethylvenlafaxine","C16 H25 N O2",263.18986,6.389,264.19717,"Invalid mass","No results","No results","Benzenoids","Phenol ethers","Anisoles","Anisoles"
0.0274384574472591,0.00796268815061048,0.00742716836769718,0.00166856583755264,0.00639486358689517,"Com_14652_neg","4,7-dimethylpyrazolo[5,1-c][1,2,4]triazine-3-carbonitrile","C8 H7 N5",173.06872,2.739,172.06145,"Invalid mass","No results","No match",NA,NA,NA,NA
0.0207439058694025,-0.0141722835815311,0.0415465183428519,0.0289999848625635,-0.032398982075109,"Com_14664_pos","Vardenafil N-oxide","C23 H32 N6 O5 S",504.21163,5.8,505.2189,"Invalid mass","No results","No results","Benzenoids","Benzene and substituted derivatives","Benzenesulfonamides","Benzenesulfonamides"
0.0188350337251644,0.000417949293443332,0.0108384323215263,-0.00791156657037338,-0.0217246788498755,"Com_14682_pos","indoline-2-carboxylic acid","C9 H9 N O2",163.06395,4.835,164.07127,"Full match","No results","Full match",NA,NA,NA,NA
0.00546661086203865,0.00186381563769559,-0.0059458611018822,-0.0123049884506071,-0.00171218316655965,"Com_14683_pos","L-(-)-alpha-Amino-epsilon-Caprolactam","C6 H12 N2 O",128.09559,4.393,112.07635,"No results","No results","Full match","Organoheterocyclic compounds","Azepines","Not available","Azepines"
0.00480102599976369,-0.0130673983918856,-0.00950428793157822,-0.0118283054690886,-0.00671897626899779,"Com_14702_pos","alpha-Benzylsuccinic acid","C11 H12 O4",208.07459,5.959,209.08187,"No results","No results","Full match","Phenylpropanoids and polyketides","Phenylpropanoic acids","Not available","Phenylpropanoic acids"
0.0149732237212909,-0.0142596686737767,0.0139059528394405,0.0101489271564234,-0.0403934275712084,"Com_14705_neg","AICA ribonucleotide","C9 H15 N4 O8 P",338.06346,5.55,337.05618,"Full match","No results","Full match","Nucleosides, nucleotides, and analogues","Imidazole ribonucleosides and ribonucleotides","1-ribosyl-imidazolecarboxamides","1-ribosyl-imidazolecarboxamides"
0.0196931624406331,-0.0179453877082569,0.0131425920913691,0.000898037431142661,0.00171032273310196,"Com_14728_pos","N-[3-(1-methyl-1H-pyrazol-3-yl)phenyl]-N'-phenylurea","C17 H16 N4 O",309.15681,6.097,310.16494,"Invalid mass","No results","No results",NA,NA,NA,NA
0.0169804341050835,-0.0108958807152467,0.00527661981518412,0.00211807826078891,0.00568708947355607,"Com_14733_neg","3,4-dichloro-N-[4-(2-methoxyethoxy)phenyl]benzamide","C16 H15 Cl2 N O3",339.04454,6.14,338.03726,"Full match","No results","No results",NA,NA,NA,NA
0.0150923287149048,0.00250332648069884,0.00740861659623922,0.00506907790725431,0.00405259068019026,"Com_14752_pos","N-(4-chlorophenyl)-N'-(2-phenoxyphenyl)urea","C19 H15 Cl N2 O2",338.0844,2.861,339.09167,"Invalid mass","No results","No results",NA,NA,NA,NA
0.00968298831690325,-0.00662301538459081,0.00206441401023744,-0.00660608367724829,0.000326291512326143,"Com_14771_neg","Phenylglyoxylic acid","C8 H6 O3",150.03173,4.944,149.02445,"Full match","No results","Full match","Benzenoids","Benzene and substituted derivatives","Benzoyl derivatives","Benzoyl derivatives"
0.0083543286994667,0.000972053856562981,-0.0508160942107581,-0.0315081077509216,0.0236780388346993,"Com_147_pos","Metronidazole-OH","C6 H9 N3 O4",187.05991,4.607,188.06719,"Full match","No results","No results","Organoheterocyclic compounds","Azoles","Imidazoles","Nitroimidazoles"
0.0237802324316567,0.0105786375803297,0.00234170096165132,-0.00425168651447364,0.000864060795559284,"Com_14819_pos","Xanthopterin","C6 H5 N5 O2",179.04509,2.068,180.05237,"Full match","No results","No results","Organoheterocyclic compounds","Pteridines and derivatives","Pterins and derivatives","Pterins and derivatives"
0.00677998145243566,-0.00901668833975412,0.0339231964220525,-0.00824120845924373,-0.0121736980990778,"Com_14871_pos","Thromboxane B2","C20 H34 O6",392.21927,5.836,393.22662,"Invalid mass","No results","No results","Lipids and lipid-like molecules","Fatty Acyls","Eicosanoids","Thromboxanes"
0.0145406330824182,-0.0323274724890327,0.0118347178534675,0.0113725839300161,0.0370505141089505,"Com_1487_neg","4-Hydroxy-3- methoxyphenylglycol sulfate","C9 H12 O7 S",264.03142,1.42,263.02415,"Full match","No results","Full match","Organic acids and derivatives","Organic sulfuric acids and derivatives","Arylsulfates","Phenylsulfates"
0.0309803145290574,-0.0243949426435926,0.0349404803008313,-0.00767347030076665,0.00543118729494736,"Com_14908_neg","13,14-dihydro Prostaglandin F1α","C20 H38 O5",394.24928,5.944,393.24201,"Invalid mass","No results","No results","Lipids and lipid-like molecules","Fatty Acyls","Eicosanoids","Prostaglandins and related compounds"
0.0234831012936822,-0.0195818496591194,-0.0159817839814126,0.00801618660933836,-0.0215353298123655,"Com_14911_pos","T-2 Toxin","C24 H34 O9",488.2082,6.217,489.2153,"Invalid mass","No results","No results","Lipids and lipid-like molecules","Prenol lipids","Sesquiterpenoids","Trichothecenes"
0.0280296325626426,-0.000213117529803997,0.0193180380321655,-0.00197861627359204,0.0199423665120789,"Com_14922_pos","N-Acetyl-1-aspartylglutamic acid","C11 H16 N2 O8",304.0917,1.741,305.09897,"Full match","Full match","Full match","Organic acids and derivatives","Carboxylic acids and derivatives","Amino acids, peptides, and analogues","Dipeptides"
0.0169499209784574,-0.00481134755474535,0.00535874590476676,0.00937538684997616,-0.0195478084957125,"Com_14932_pos","Sulfisoxazole","C11 H13 N3 O3 S",289.05278,5.325,290.06006,"Invalid mass","No results","No results","Benzenoids","Benzene and substituted derivatives","Benzenesulfonamides","Aminobenzenesulfonamides"
0.0143160679078831,-0.0277807531514398,-0.0240346098360088,-0.0101293002345042,-0.00853810082350378,"Com_14942_pos","Thiamine","C12 H16 N4 O S",132.05338,1.271,265.11302,"Invalid mass","Invalid mass","No match","Organoheterocyclic compounds","Diazines","Pyrimidines and pyrimidine derivatives","Thiamines"
0.00320050595318002,0.00347386438774367,0.0112259508300442,-0.00672865704581385,0.00559515832217203,"Com_14971_neg","Sedoheptulose 1,7-bisphosphate","C7 H16 O13 P2",370.00651,6.414,368.9993,"No results","No results","Full match",NA,NA,NA,NA
-0.0550775331686993,-0.0414913050068756,-0.00134424119761358,-0.0203790361298625,-0.0249746398584043,"Com_14978_neg","methadone-d9","C21 H18 [2]H9 N O",317.95732,1.158,316.95004,"Invalid mass","No results","No results",NA,NA,NA,NA
0.001009258958479,-0.0165518986543871,-0.00662329569334205,0.00830416912534645,0.000749875944866143,"Com_149_pos","Nitrosoheptamethyleneimine","C7 H14 N2 O",125.08468,5.728,126.09197,"Invalid mass","No results","No results",NA,NA,NA,NA
0.0177587355998031,-0.0193096470902396,0.0332936805680957,0.0114826079643158,-0.051235789645304,"Com_14_pos","N-Phenylacetylglutamine","C13 H16 N2 O4",264.11192,5.384,265.11914,"Full match","Full match","Full match","Organic acids and derivatives","Carboxylic acids and derivatives","Amino acids, peptides, and analogues","N-acyl-alpha amino acids"
0.00198660404298298,0.00434528246986118,-0.00623072811796911,0.0156051844888282,-0.00344615568501269,"Com_15033_neg","D-Mannose 6-phosphate","C6 H13 O9 P",260.02715,5.917,259.01988,"Invalid mass","No results","No results","Organic oxygen compounds","Organooxygen compounds","Carbohydrates and carbohydrate conjugates","Hexose phosphates"
0.0456771048468541,0.0377283249977949,0.0284405732196948,0.00910254231024962,-0.0131246391450635,"Com_15056_neg","Isopentenyl pyrophosphate","C5 H12 O7 P2",246.00578,2.88,244.9985,"Full match","No results","No results","Lipids and lipid-like molecules","Prenol lipids","Isoprenoid phosphates","Isoprenoid phosphates"
0.0156131591802388,-0.0143180391382987,0.0199760752024022,-0.0211606357528115,0.0173200597660447,"Com_15059_pos","2-(2-acetyl-3,5-dihydroxyphenyl)acetic acid","C10 H10 O5",210.05326,5.908,211.061,"Full match","No results","Full match",NA,NA,NA,NA
0.0204518048232042,-0.0200412765244536,0.0326973833484104,-0.0111385534076809,0.0142085320048674,"Com_15066_neg","2-[(3S)-1-(Cyclohexylmethyl)-3-pyrrolidinyl]-5-fluoro-1H-benzimidazole","C18 H24 F N3",301.19053,6.349,300.18325,"Invalid mass","No results","No results","Organoheterocyclic compounds","Benzimidazoles","Not available","Benzimidazoles"
0.0106039240226817,-0.0184492095217776,0.00073093933049236,0.0486621566638982,0.0128641052564687,"Com_1508_pos","2-[4-(methylsulfonimidoyl)phenoxy]-5-nitropyridine","C12 H11 N3 O4 S",293.04811,5.464,294.05539,"Full match","No results","No results",NA,NA,NA,NA
0.0244036293690624,-0.0261577829122143,0.00260920136529274,-0.0119911408490006,0.00726565116536205,"Com_15101_neg","Prostaglandin F3α","C20 H32 O5",398.23282,7.707,397.22554,"Invalid mass","No results","No results","Lipids and lipid-like molecules","Fatty Acyls","Eicosanoids","Prostaglandins and related compounds"
0.0173632601929988,-0.0114298598377221,0.00125584982391402,0.02440465469206,-0.0361032079156085,"Com_15111_pos","Genistin","C21 H20 O10",432.10729,5.247,433.11456,"Full match","No results","No results","Phenylpropanoids and polyketides","Isoflavonoids","Isoflavonoid O-glycosides","Isoflavonoid O-glycosides"
-0.00684563583970176,-0.0514015094882509,0.0078695319353513,-0.0164137091442334,0.0160764470617764,"Com_15142_pos","Sterigmatocystin","C18 H12 O6",324.06105,1.632,325.06833,"Invalid mass","No results","No results","Phenylpropanoids and polyketides","Sterigmatocystins","Not available","Sterigmatocystins"
0.0136042471855244,-0.0186272340642461,-0.0527849172474506,0.0106323475313457,-0.0280818769010836,"Com_15169_pos","2-(2,6-dimethoxyphenyl)-5,6-dimethoxy-4H-chromen-4-one","C19 H18 O6",324.1013,6.129,325.10854,"Invalid mass","No results","No results",NA,NA,NA,NA
0.0140500707554822,-0.0119177467676772,-0.0133920433332042,-0.00698540750470418,0.0120419304519449,"Com_1516_pos","α-Pinene-2-oxide","C10 H16 O",152.12076,5.78,153.12807,"Full match","No results","No results","Lipids and lipid-like molecules","Prenol lipids","Monoterpenoids","Bicyclic monoterpenoids"
0.024435891111662,-0.0148909614113786,0.0167617227696917,0.012010119750449,-0.0119396997262568,"Com_15220_neg","6-(2-furyl)-2-hydroxy-4-(2-thienyl)nicotinonitrile","C14 H8 N2 O2 S",536.06895,5.223,267.0272,"Invalid mass","No results","No results",NA,NA,NA,NA
0.0253375976238741,-0.0122063515984294,-0.00058259440859498,0.0221565015959952,0.00257353861077259,"Com_15290_pos","3-hydroxy-4-(3-hydroxyphenyl)-1,2-dihydroquinolin-2-one","C15 H11 N O3",253.07499,5.574,254.08227,"Full match","No results","No results",NA,NA,NA,NA
0.0253026016790317,0.000832270525173804,-0.0057506484911402,0.0169346444323243,0.0158024595913481,"Com_15324_pos","Esfenvalerate","C25 H22 Cl N O3",436.15868,5.029,437.16595,"Invalid mass","No results","No results","Lipids and lipid-like molecules","Fatty Acyls","Fatty acid esters","Pyrethroids"
0.0190270770114366,-0.00636576548952446,-0.00393963660311952,-0.0126195756519877,-0.00312048966408039,"Com_15341_pos","Indole-3-pyruvic acid","C11 H9 N O3",203.0591,6.063,204.06638,"Full match","No results","No results","Organoheterocyclic compounds","Indoles and derivatives","Indolyl carboxylic acids and derivatives","Indolyl carboxylic acids and derivatives"
0.0188533592264159,-0.0114366734664136,0.0151037021661968,-0.0141144881242335,0.0335591598840116,"Com_1535_pos","Tetrahydrocortisone","C21 H32 O5",346.21592,5.958,347.2232,"Invalid mass","No match","No match","Lipids and lipid-like molecules","Steroids and steroid derivatives","Hydroxysteroids","21-hydroxysteroids"
0.0190178246279727,-0.0168689428376112,-0.032473376948303,-0.00223373928543393,0.00159876986838276,"Com_15361_pos","3-[3-(beta-D-Glucopyranosyloxy)-2-methoxyphenyl]propanoic acid","C16 H22 O9",380.11027,5.788,381.11799,"Invalid mass","No results","No results",NA,NA,NA,NA
0.0181321419574148,7.8972597305347e-05,-0.0030322042464611,-0.00342699874434304,0.00335004138748034,"Com_15368_pos","2-methyl-2,3,4,5-tetrahydro-1,5-benzoxazepin-4-one","C10 H11 N O2",159.06914,4.846,160.0764,"Invalid mass","No results","No results",NA,NA,NA,NA
0.0592073886393922,0.0483324072023501,0.0081858976260066,0.00667351530992619,0.00925211660546488,"Com_15374_pos","S-(Methyl)Glutathione","C11 H19 N3 O6 S",321.10074,3.967,322.10802,"No results","No results","Full match","Organic acids and derivatives","Carboxylic acids and derivatives","Amino acids, peptides, and analogues","Peptides"
0.0210077792472094,-0.0255902257468378,0.00372557873110556,-0.0052881686904628,0.00416074696429645,"Com_15383_pos","O-7460","C25 H48 F O5 P",500.29869,6.516,501.30596,"Invalid mass","No results","No results","Lipids and lipid-like molecules","Fatty Acyls","Fatty acid esters","Fatty acid esters"
0.0174608579692336,-0.0335282941767062,0.0224912461510882,-0.00667210426491851,0.0197837918386922,"Com_15413_pos","PLK","C17 H32 N4 O4",356.2439,1.348,357.25108,"Full match","No results","No results",NA,NA,NA,NA
0.0175208763232709,-0.0160215460079433,0.0234704863800411,0.00735885660965451,-0.0573685399444891,"Com_15428_neg","3-(3-nitrophenyl)-2-phenylacrylic acid","C15 H11 N O4",290.04405,5.408,289.03677,"Invalid mass","No results","No results",NA,NA,NA,NA
0.0178466303749577,-0.0199128270165923,-0.00799049450668411,0.0200257128702526,-0.00582408643868522,"Com_1542_neg","Ergothioneine","C9 H15 N3 O2 S",229.08761,5.589,228.08034,"No results","No results","Full match","Organic acids and derivatives","Carboxylic acids and derivatives","Amino acids, peptides, and analogues","Histidine and derivatives"
-0.00399843116216525,-0.0171380988661249,-0.02259718652342,0.01570308949049,-0.00969504792769342,"Com_15440_neg","LPE 19:1","C24 H48 N O7 P",493.3198,9.775,492.31252,"No results","Invalid mass","No results","Lipids and lipid-like molecules","Glycerophospholipids","Glycerophosphoethanolamines","1-acyl-sn-glycero-3-phosphoethanolamines"
0.0116220585204914,-0.00293246785569551,0.0128447103093232,-0.00852901779632978,0.000483086625036204,"Com_15440_pos","Dipropylene glycol dimethyl ether","C8 H18 O3",162.12677,6.426,363.21735,"Invalid mass","No results","No results",NA,NA,NA,NA
-0.0315040376488637,-0.0881219554287804,0.00256665795842256,-0.0112366785326416,0.0165904499332783,"Com_15446_pos","Guanosine 3',5'-cyclic monophosphate","C H4 N2 O",345.04916,1.637,346.05643,"No results","Invalid mass","No match","Nucleosides, nucleotides, and analogues","Purine nucleotides","Cyclic purine nucleotides","3',5'-cyclic purine nucleotides"
0.0067117589179168,-0.0167569952053261,-0.0149151622632888,-0.0289285626199132,-0.030217546906762,"Com_1545_neg","4-Methylhippuric acid","C10 H11 N O3",193.0742,5.566,192.06691,"Full match","Full match","Full match","Benzenoids","Benzene and substituted derivatives","Benzoic acids and derivatives","Hippuric acids"
0.00271748802630737,-0.0243080378050928,0.0213777140746725,-0.0189446524030451,-0.00713436290021019,"Com_154_pos","Guanidineacetic acid","C3 H7 N3 O2",117.05463,1.306,118.06191,"Invalid mass","Invalid mass","No results","Organic acids and derivatives","Carboxylic acids and derivatives","Amino acids, peptides, and analogues","Alpha amino acids and derivatives"
0.0153981200679721,-0.0120637403616464,0.0100299320201574,0.00237507838090074,0.00229639871405278,"Com_15581_pos","Tetranor-12R-HETE","C16 H26 O3",248.17857,7.028,249.18585,"Invalid mass","No results","No results","Lipids and lipid-like molecules","Fatty Acyls","Fatty acids and conjugates","Long-chain fatty acids"
0.0200935006168404,-0.00336074605037017,0.00252988990310029,-0.0150632758936719,-0.0131529359678611,"Com_15599_pos","Cannabidiolic acid","C22 H30 O4",358.21528,6.083,359.22244,"Full match","No results","No results","Benzenoids","Benzene and substituted derivatives","Benzoic acids and derivatives","Hydroxybenzoic acid derivatives"
0.0290142544732282,0.000592068561590284,0.00830324281877859,0.0205631755145958,0.0406237517463712,"Com_1561_pos","3-[(3-chloro-4-hydroxy-5-methylanilino)methylidene]pentane-2,4-dione","C13 H14 Cl N O3",267.06936,5.227,268.07663,"Invalid mass","No results","No results",NA,NA,NA,NA
0.0138851221323389,-0.0153947003288268,0.00251087782464465,0.0250320657907379,0.00467535028949661,"Com_1562_pos","2-(1,3-benzodioxol-5-yl)-7-ethylimidazo[1,2-a]pyridine","C16 H14 N2 O2",266.10235,5.428,267.10963,"Invalid mass","No results","No results",NA,NA,NA,NA
0.016650844869688,-0.00514445272852489,0.00966192323382101,0.00920526365715492,-0.0195044539757223,"Com_15655_neg","3-(3,5-dimethyl-1H-pyrrol-2-yl)-2-(2-thienylcarbonyl)acrylonitrile","C14 H12 N2 O S",256.06803,5.307,255.06047,"Full match","No results","No results",NA,NA,NA,NA
0.0377618220035469,-0.0252119240739139,-0.0290123999273945,-0.181158309378608,-0.0633715085606736,"Com_156_neg","N'-(benzoyloxy)-2-(2,2-dichlorocyclopropyl)ethanimidamide","C12 H12 Cl2 N2 O2",286.02744,5.046,285.02025,"Full match","No results","No results",NA,NA,NA,NA
0.017822301378989,-0.0160276139181704,0.00467008633460174,-0.0132342983703184,-0.00275263901555698,"Com_15732_pos","HMH","C17 H25 N7 O4 S",423.17102,6.319,424.1783,"Invalid mass","No results","No results",NA,NA,NA,NA
0.0458016353693899,0.0818289759781905,0.0138381654138954,-0.00615840820618282,0.000471570166377722,"Com_15750_pos","Tyrosylalanine","C12 H16 N2 O4",252.10973,4.887,253.11701,"Invalid mass","No results","No results","Organic acids and derivatives","Carboxylic acids and derivatives","Amino acids, peptides, and analogues","Dipeptides"
-1.47936941779202e-05,-0.00236210266331917,-0.00986395335386796,0.0068123067228366,-0.00173450390977522,"Com_15776_pos","1,3-bis(4-methoxybenzyl)-2-phenylhexahydropyrimidine","C26 H30 N2 O2",402.22731,8.527,403.23459,"Invalid mass","No results","No results",NA,NA,NA,NA
-0.00343462645258519,-0.00404470122388808,-0.000740524954823936,0.000662761510198274,-0.000358481430142759,"Com_1577_pos","Benzamide","C7 H7 N O",121.05345,0.659,122.06072,"Invalid mass","Invalid mass","No results","Benzenoids","Benzene and substituted derivatives","Benzoic acids and derivatives","Benzamides"
0.0174144293598769,-0.020771792995565,0.02544228402996,0.0203498480884194,0.0130241099697093,"Com_15790_pos","Tomatidine","C27 H45 N O2",415.34713,5.697,416.35441,"Invalid mass","No results","No results","Lipids and lipid-like molecules","Steroids and steroid derivatives","Steroidal alkaloids","Spirosolanes and derivatives"
0.0231249527640806,-0.0063566014587419,-0.00564396166204115,0.0373959016120506,0.00720000933811855,"Com_15855_pos","AQH","C14 H22 N6 O5",376.15023,5.606,377.15751,"Invalid mass","No results","No results",NA,NA,NA,NA
0.033666572990371,0.00385013923781477,-0.0176507732494172,-0.0166959343327369,0.000341073217174774,"Com_15887_pos","4-ethoxy-6,7-dimethoxyquinazoline","C12 H14 N2 O3",234.10144,4.974,235.10873,"Full match","No results","No results",NA,NA,NA,NA
0.0213995169483705,-0.0224464315776079,0.0106278293217645,-0.00519063426777958,-0.0131856782617143,"Com_15923_pos","5α-Dihydrotestosterone","C19 H30 O2",290.22578,6.286,291.23304,"Full match","No results","Full match","Lipids and lipid-like molecules","Steroids and steroid derivatives","Androstane steroids","Androgens and derivatives"
0.0172113374823321,-0.0082512492393804,0.00769356704058549,0.0119991642383225,-0.032126248231647,"Com_15972_neg","2-(3-methylbenzoyl)benzoic acid","C15 H12 O3",240.07979,5.343,239.07252,"Full match","No results","No results",NA,NA,NA,NA
0.0297209746627074,0.0225755548771766,-0.0118019193835624,0.00162400798807275,-0.0302546603973146,"Com_15994_pos","Artesunate","C19 H28 O8",406.16225,6.317,407.16953,"Invalid mass","No results","No results","None","None","None","None"
0.0157604689376744,-0.0159892775578653,-0.00651746754890124,-0.00193845414460373,0.00203551493550779,"Com_1599_neg","Phenylacetaldehyde","C8 H8 O",120.05683,5.609,119.04949,"Invalid mass","No results","No results","Benzenoids","Benzene and substituted derivatives","Phenylacetaldehydes","Phenylacetaldehydes"
0.0214320643712368,-0.0144579892755485,-0.0150433913224422,0.0147710074064955,0.00461785054503335,"Com_16020_pos","Robinetin","C15 H10 O7",302.04424,5.804,303.05151,"Invalid mass","No results","No results","Phenylpropanoids and polyketides","Flavonoids","Flavones","Flavonols"
-0.00585883580743736,-0.0499318768534845,9.12560936930222e-05,-0.0160231047918397,0.00786568095155598,"Com_16036_pos","VLK","C17 H34 N4 O4",179.1319,1.622,180.13917,"Invalid mass","No results","No match",NA,NA,NA,NA
0.0116331525380182,-0.016932830026042,0.0100123610822605,-0.0133297128957853,0.00878263315597656,"Com_16041_neg","L-Cysteinesulfinic acid","C3 H7 N O4 S",153.00948,1.351,152.0022,"No results","No results","Full match","Organic acids and derivatives","Carboxylic acids and derivatives","Amino acids, peptides, and analogues","L-alpha-amino acids"
0.0188576603471276,-0.0124225953156447,0.00290325742270336,-0.00585971314241194,-0.00520178284525924,"Com_16041_pos","AL 8810","C24 H31 F O4",424.20927,6.387,425.21665,"Invalid mass","No results","No results","Lipids and lipid-like molecules","Fatty Acyls","Fatty acids and conjugates","Long-chain fatty acids"
0.026421933632802,-0.00369745761558435,0.0317426186843214,-0.0209640982318455,0.0276501092624144,"Com_1606_pos","Indole","C8 H7 N",117.0587,5.216,118.06597,"Invalid mass","No results","No results","Organoheterocyclic compounds","Indoles and derivatives","Indoles","Indoles"
0.0185832513273636,-0.0198044919390329,-0.0334216282804872,0.00308667567338703,-0.0260141905915592,"Com_16091_neg","Maltotriose","C18 H32 O16",504.16653,6.049,503.15926,"No results","No results","Full match","Organic oxygen compounds","Organooxygen compounds","Carbohydrates and carbohydrate conjugates","Oligosaccharides"
0.0148045158062687,-0.0209459687549249,0.0456457280112883,-0.0162948815850145,-0.0741498658527598,"Com_1609_neg","4-Ethylphenol","C8 H10 O",122.07278,5.705,121.06548,"Full match","No results","No results","Benzenoids","Phenols","1-hydroxy-2-unsubstituted benzenoids","1-hydroxy-2-unsubstituted benzenoids"
0.0315078611258157,0.00198359526322088,-0.00631380448598984,0.00833612177181678,0.0235728043742414,"Com_160_pos","4-Pyridoxic acid","C8 H9 N O4",183.05402,3.517,184.0613,"Full match","Full match","Full match","Organoheterocyclic compounds","Pyridines and derivatives","Pyridinecarboxylic acids and derivatives","Pyridinecarboxylic acids"
0.0164458804813852,-0.02753822336154,0.0146880325851553,0.00267649619987224,-0.00949177827205952,"Com_16104_pos","(3beta,9xi)-3-(beta-D-Glucopyranosyloxy)-14-hydroxycard-20(22)-enolide","C29 H44 O9",536.29943,6.936,537.3067,"Full match","No results","No results",NA,NA,NA,NA
0.015491229440771,-0.0132638900908121,-0.0152918911746644,0.00146553963221757,-0.0055488160864794,"Com_16107_neg","6β-Prostaglandin I1","C20 H34 O5",336.23222,5.791,335.22495,"Invalid mass","No results","No results","Lipids and lipid-like molecules","Fatty Acyls","Eicosanoids","Prostaglandins and related compounds"
0.0240742942496508,-0.00157051450273604,-0.0287408698906096,-0.0207876497772793,-0.000611713799513897,"Com_1614_pos","1-(3-methoxy-2-nitrostyryl)pyrrolidine","C13 H16 N2 O3",248.11716,5.415,249.12454,"Full match","No results","Full match",NA,NA,NA,NA
0.0154224182590542,-0.00439176273062079,-0.0155174518152576,0.0190062855170476,-0.00446600491258206,"Com_16165_pos","(2R)-2-[(2R,5S)-5-[(2S)-2-hydroxybutyl]oxolan-2-yl]propanoic acid","C11 H20 O4",198.12617,5.161,199.13343,"Invalid mass","No results","No results",NA,NA,NA,NA
0.00290625595681013,-0.0133358267712564,-0.00294879621432875,-0.0379609648757131,-0.00268936430027932,"Com_16178_pos","Virginiamycin","C28 H35 N3 O7",507.236,6.516,254.62521,"Invalid mass","No results","No results","Phenylpropanoids and polyketides","Macrolide lactams","Not available","Macrolide lactams"
0.00540311967122484,-0.00112575022672572,0.00180713278491999,0.00330404202540634,-0.00159582780812959,"Com_16184_pos","3-Acetyl-2,5-dimethylfuran","C8 H10 O2",138.06863,6.894,139.07592,"Full match","No results","No results","Organic oxygen compounds","Organooxygen compounds","Carbonyl compounds","Aryl alkyl ketones"
0.0187885930542824,-0.0225004765231807,0.0150360496183742,-0.0284572061775275,-0.0693918343013763,"Com_1621_neg","5-chloro-N-(4-morpholinophenyl)-1H-indole-2-carboxamide","C19 H18 Cl N3 O2",355.11106,5.731,354.10378,"Invalid mass","No results","No results",NA,NA,NA,NA
0.00624161933460152,-0.00396937745149398,-0.00785732351698208,-0.00727622959933222,-0.00604300410408118,"Com_16266_pos","2-methyl-1H-benzimidazole-5-carboxylic acid","C9 H8 N2 O2",176.05968,3.721,177.06695,"Invalid mass","No results","No results",NA,NA,NA,NA
0.0230054473567364,-0.0220838981017042,0.0217203380879002,-0.0237741641756048,0.0292992706151242,"Com_16276_pos","2,3-Dinor-11β-prostaglandin F2α","C18 H30 O5",343.23735,5.75,344.24463,"Invalid mass","No results","No results","Lipids and lipid-like molecules","Fatty Acyls","Eicosanoids","Prostaglandins and related compounds"
0.0401359181196699,0.0235406268045259,0.0127879775693354,-0.00569253685382751,0.00887970132268073,"Com_16285_pos","N-[2-(1,5-dimethyl-4-nitro-1H-pyrazol-3-yl)vinyl]-N,N-dimethylamine","C9 H14 N4 O2",210.11255,1.964,211.11983,"Full match","No results","No results",NA,NA,NA,NA
0.0187639543316533,-0.00167704783557913,-0.0198656354889088,-0.00906195119529877,-0.0144835737058558,"Com_1629_pos","L-Iditol","C6 H14 O6",182.08011,1.276,205.06932,"Invalid mass","Invalid mass","No results","Organic oxygen compounds","Organooxygen compounds","Carbohydrates and carbohydrate conjugates","Sugar alcohols"
0.0182962192728726,0.013213164586054,0.00497469997599728,0.0128300396179134,0.0179011549491783,"Com_16331_neg","Cystathionine","C7 H14 N2 O4 S",222.06858,1.233,221.06131,"Invalid mass","Invalid mass","No results","Organic acids and derivatives","Carboxylic acids and derivatives","Amino acids, peptides, and analogues","Cysteine and derivatives"
0.0204759099592884,-0.012479017270057,0.0217840254685681,-0.00975654731917869,0.00333435251312741,"Com_16340_pos","(2,6-dimethylmorpholino)(1-methyl-5-nitro-1H-pyrazol-4-yl)methanone","C11 H16 N4 O4",250.10529,1.345,251.11256,"Invalid mass","No results","No results",NA,NA,NA,NA
0.0171197071028746,0.00697455350896047,-0.0112411208556628,0.00488862005765045,-0.0283845203538966,"Com_16341_neg","D-Raffinose","C18 H32 O16",504.17003,1.369,539.13937,"Full match","Full match","Full match","Organic oxygen compounds","Organooxygen compounds","Carbohydrates and carbohydrate conjugates","Oligosaccharides"
0.00638934412118577,-0.0165781188049417,0.0181436565566105,-0.00679452811935703,0.0240240574387127,"Com_16356_neg","L-Asparagine","C4 H8 N2 O3",132.05322,1.258,131.04598,"No results","No results","Full match","Organic acids and derivatives","Carboxylic acids and derivatives","Amino acids, peptides, and analogues","Asparagine and derivatives"
0.0236266383897768,-0.0146680552298805,0.0113517089591802,0.0102200756950095,-3.38642892863474e-05,"Com_16363_pos","N1-piperidinocarbonyl-4-methylbenzene-1-sulfonamide","C13 H18 N2 O3 S",282.10147,6.163,283.10875,"Invalid mass","No results","No results",NA,NA,NA,NA
0.0218985832324019,-0.00579965110195083,-0.013947438079349,0.00623975625106069,-0.0241218309055556,"Com_16374_neg","alpha-D-Glucopyranosyl 2-O-(2-methylbutanoyl)-alpha-D-glucopyranoside","C17 H30 O12",472.17922,5.742,471.17195,"Invalid mass","No results","No results",NA,NA,NA,NA
0.0183235470011789,-0.0232412207319983,0.0114014993535116,-0.0120529621157304,0.0331610408055904,"Com_163_pos","1-Methylnicotinamide","C7 H8 N2 O",136.0643,1.291,137.07158,"Full match","Full match","No results","Organoheterocyclic compounds","Pyridines and derivatives","Pyridinecarboxylic acids and derivatives","Nicotinamides"
0.0108996418312946,-0.0127762103005968,0.0161897370723289,-0.0292954969433795,0.00900121361105152,"Com_1641_pos","Apocynin","C9 H10 O3",166.0638,5.846,167.07108,"Full match","No results","Full match","Organic oxygen compounds","Organooxygen compounds","Carbonyl compounds","Alkyl-phenylketones"
0.0180103134028107,-0.0232470572734042,-0.042009663576332,0.0399596560491194,-0.00380415221027738,"Com_16446_pos","Meclocycline","C22 H21 Cl N2 O8",476.09835,5.506,477.10563,"No results","No results","Full match","Phenylpropanoids and polyketides","Tetracyclines","Not available","Tetracyclines"
0.0291421547246429,0.00601271095947827,0.0145500528719968,0.00475541348074555,0.0145235460430741,"Com_16460_neg","Uridine","C9 H12 N2 O6",244.07072,2.046,243.06321,"Full match","No results","Full match","Nucleosides, nucleotides, and analogues","Pyrimidine nucleosides","Not available","Pyrimidine nucleosides"
0.0191039448422888,-0.0247656284441375,-0.0142076251564145,0.0222343419122401,-0.0507714337652201,"Com_1646_neg","6-Thioinosine-phosphate","C10 H13 N4 O7 P S",364.02769,5.526,363.02041,"Invalid mass","No results","No results","Nucleosides, nucleotides, and analogues","Purine nucleotides","Purine ribonucleotides","Purine ribonucleoside monophosphates"
0.0132413521586237,-0.016230669937625,-0.027513568837524,0.0144262806112525,-0.00510253402482667,"Com_1649_neg","3-Hydroxybenzoic acid","C7 H6 O3",138.03171,5.564,137.02416,"Full match","No results","Full match","Benzenoids","Benzene and substituted derivatives","Benzoic acids and derivatives","Hydroxybenzoic acid derivatives"
-0.00743841905993179,0.00192765752305334,0.00713531949792495,-0.0474489527970005,-0.0574867159218621,"Com_16506_neg","2-(2-carboxy-2-methylpropyl)-4,6-dimethylbenzoic acid","C14 H18 O4",250.11942,6.286,249.11215,"Full match","No results","No results",NA,NA,NA,NA
0.0161971920022264,-0.0256280154763333,-0.0177288034907158,0.0212204878449344,-0.0197328183784687,"Com_16508_neg","N1-[4-(cyanomethyl)phenyl]-4-chlorobenzamide","C15 H11 Cl N2 O",270.05468,7.034,269.0474,"Full match","No results","No results",NA,NA,NA,NA
-0.023703869788448,-0.090740934694291,0.0148475485090642,-0.0323191170554589,0.0379240618911097,"Com_1651_pos","Isoleucine","C6 H13 N O2",131.0956,1.856,132.10288,"Invalid mass","Invalid mass","No results","Organic acids and derivatives","Carboxylic acids and derivatives","Amino acids, peptides, and analogues","Isoleucine and derivatives"
0.0725935131555653,0.0719011099457723,-0.0538786300923089,-0.109949731395149,0.0151908018165635,"Com_1654_neg","9-Methyluric acid","C6 H6 N4 O3",182.04411,2.676,181.03683,"Full match","No results","Full match","Organoheterocyclic compounds","Imidazopyrimidines","Purines and purine derivatives","Xanthines"
0.0235277063165485,-0.00855099842088011,0.0246006514597947,-0.0235159311468413,0.0587708381600914,"Com_16553_pos","N-(p-Coumaroyl) serotonin","C19 H18 N2 O3",322.13105,6.097,323.13833,"Full match","No results","No results","Organoheterocyclic compounds","Indoles and derivatives","Tryptamines and derivatives","N-acylserotonins"
0.00844422780929575,-0.0196456710865957,0.0446332232104428,0.000252491291823626,-0.0526525920448625,"Com_16576_neg","Estriol","C18 H24 O3",334.18017,6.866,333.1729,"Invalid mass","No results","No results","Lipids and lipid-like molecules","Steroids and steroid derivatives","Estrane steroids","Estrogens and derivatives"
0.0150556985672199,-0.0166225348143651,-0.00585728789625246,0.0138884230898549,-0.00163688275150145,"Com_1657_pos","methyl 4-oxo-4H-benzo[4,5]imidazo[2,1-b][1,3]thiazine-2-carboxylate","C12 H8 N2 O3 S",260.02701,6.285,261.03428,"Invalid mass","No results","No results",NA,NA,NA,NA
0.0204164097873919,0.00114098465942217,0.0219501810696602,0.00683052556199824,-0.0530542368294496,"Com_1659_pos","N-isopropyl-N'-(2-oxoazepan-3-yl)urea","C10 H19 N3 O2",213.14855,5.322,214.15583,"Full match","No results","No results",NA,NA,NA,NA
0.0249783412965194,-0.022147352063206,-0.0202261052301416,0.0123613025241425,-0.0115039114556452,"Com_16614_pos","4-{4-[3-(4-chlorophenoxy)propyl]piperazino}-1H-indole","C21 H24 Cl N3 O",369.16184,6.24,370.16923,"Full match","No results","No results",NA,NA,NA,NA
0.0331788756092589,0.0167269911292616,-0.0118015980545078,0.00470835152112071,0.00399420254166283,"Com_16626_neg","Pyrithioxin","C16 H20 N2 O4 S2",368.08575,4.762,367.07848,"No results","No results","Full match","Organoheterocyclic compounds","Pyridines and derivatives","Methylpyridines","Methylpyridines"
0.00905108294054676,-0.0121396635662078,0.00016449088358485,0.0062263970489557,0.013366507202017,"Com_16628_pos","2-(2-thienylmethylidene)hydrazine-1-carboxamide","C6 H7 N3 O S",169.02992,1.64,170.0372,"Invalid mass","No results","No results",NA,NA,NA,NA
-0.00419344352660915,-0.00450074350043294,0.0110567930338681,0.00844311045379398,0.00368719664937748,"Com_16629_neg","PE 16:0_16:1","C37 H72 N O8 P",689.50441,10.741,688.49714,"No results","Invalid mass","No results",NA,NA,NA,NA
0.0244181060245739,-0.00677496923997642,0.00853517750006374,-0.0347017693548284,-0.017103904734661,"Com_16686_pos","CAR 16:5","C23 H36 N O4",389.25794,6.584,390.26522,"No results","Invalid mass","No results",NA,NA,NA,NA
0.0063565362351638,-0.0155063770516417,0.00494986121536491,-6.86658332683805e-05,0.00242434631241437,"Com_16691_neg","N alpha-Acetyl-L-Arginine","C8 H16 N4 O3",216.12192,1.371,215.11464,"No results","No results","Full match",NA,NA,NA,NA
0.00518422329668166,-0.0235885402749353,0.00566135899465848,-0.00896694412988663,0.00509362589420012,"Com_16693_neg","N-(1H-indol-5-yl)-2-thiophenesulfonamide","C12 H10 N2 O2 S2",278.02247,1.592,277.01516,"Invalid mass","No results","No results",NA,NA,NA,NA
0.0157167066624494,-0.0120516953840782,-0.010857485581555,0.00844647224652059,-0.00188483972094763,"Com_166_pos","4-methyl-6-phenyl-5,6-dihydro-2H-pyran-2-one","C12 H12 O2",188.08464,5.528,189.09192,"Full match","No results","No results",NA,NA,NA,NA
0.0282158431045732,-0.0344372993153619,-0.0683508236640595,0.0483854927150291,-0.0261818916013715,"Com_1671_neg","Orotidine 5'-monophosphate","C10 H13 N2 O11 P",368.02232,5.599,367.01514,"Invalid mass","No results","No results","Nucleosides, nucleotides, and analogues","Pyrimidine nucleotides","Pyrimidine ribonucleotides","Pyrimidine ribonucleoside monophosphates"
0.0178480387704912,-0.0124557166234462,-0.00379730228411034,0.00361188913077531,0.00406061958622624,"Com_16723_neg","3-Methylamino-L-alanine","C4 H10 N2 O2",118.07794,6.043,117.07053,"No results","Invalid mass","No results","Organic acids and derivatives","Carboxylic acids and derivatives","Amino acids, peptides, and analogues","L-alpha-amino acids"
0.0117208101549888,-0.0175347610505746,-0.013967782834543,0.00556595102299968,-0.00402759578623539,"Com_1674_pos","Febuxostat","C16 H16 N2 O3 S",316.08983,6.918,317.09711,"Invalid mass","No results","No results",NA,NA,NA,NA
0.00594355853158849,0.00365854556482889,-0.013959206388486,-0.017515624391347,0.000404666061776685,"Com_16760_pos","2,6-Xylidine","C8 H11 N",121.08995,3.918,122.09723,"Invalid mass","No results","No results","Benzenoids","Benzene and substituted derivatives","Xylenes","m-Xylenes"
0.0243040593169662,0.00444074171714419,-0.00941020646411473,0.0178569425686421,0.0281726839846572,"Com_16767_pos","N-{[(2R,4S,5R)-5-Ethyl-1-azabicyclo[2.2.2]oct-2-yl]methyl}-2-furamide","C15 H22 N2 O2",262.16914,4.726,263.17642,"Full match","No results","No results","Organoheterocyclic compounds","Quinuclidines","Not available","Quinuclidines"
0.0169839490029916,-0.00427430907253445,-0.00243867540939169,0.0157581186512403,-0.00167114427817372,"Com_16771_pos","Sulforaphane","C6 H11 N O S2",177.02943,5.603,178.03646,"No results","Invalid mass","No results","Organosulfur compounds","Sulfoxides","Not available","Sulfoxides"
0.0152170587492813,-0.0197971433123449,-0.0199065417010797,0.0102135375913509,-0.0325743930126563,"Com_16777_neg","4-chloro-N-[4-(morpholinosulfonyl)phenyl]benzamide","C17 H17 Cl N2 O4 S",380.05895,5.736,379.05168,"Full match","No results","No results",NA,NA,NA,NA
0.0344471746514992,0.0372536803469612,0.0204912213174888,-0.00815810669068096,0.00158002377601201,"Com_1678_pos","Xanthine","C5 H4 N4 O2",152.0341,2.057,153.04138,"Full match","Full match","Full match","Organoheterocyclic compounds","Imidazopyrimidines","Purines and purine derivatives","Xanthines"
-0.0745440596134121,-0.132773480885863,-0.00270271956030925,-0.000167909829587439,0.0203368522296143,"Com_16796_pos","Methanandamide","C23 H39 N O2",361.29734,9.971,362.30462,"Full match","No results","No results","Lipids and lipid-like molecules","Fatty Acyls","Fatty amides","N-acyl amines"
0.00890984760616466,-0.00346233359909125,-0.0120473570065108,0.0139760024738151,0.0140617380393631,"Com_16810_pos","Morphine","C17 H19 N O3",285.13799,4.081,286.14526,"Invalid mass","Invalid mass","No results","Alkaloids and derivatives","Morphinans","Not available","Morphinans"
0.0184786652239495,-0.0164262960755339,0.0209498973720113,-0.000524238958780411,-0.00328292295484615,"Com_16839_pos","Prostaglandin E2-1-glyceryl ester","C23 H38 O7",408.25121,6.015,409.25849,"Invalid mass","No results","No results","Lipids and lipid-like molecules","Fatty Acyls","Eicosanoids","Prostaglandins and related compounds"
0.0117671897612103,-0.0195804537842186,0.0278890240821623,-0.0143862113666074,0.0163035942854053,"Com_1683_neg","2-Oxoglutaric acid","C5 H6 O5",146.02177,1.543,145.01407,"Full match","No results","Full match","Organic acids and derivatives","Keto acids and derivatives","Gamma-keto acids and derivatives","Gamma-keto acids and derivatives"
0.0133545571946571,-0.0160708401863946,0.0118304138331107,0.00287808934321129,0.0112403547278493,"Com_16842_pos","ADP-ribose","C15 H23 N5 O14 P2",559.07304,1.328,560.08014,"No results","No results","Full match","Nucleosides, nucleotides, and analogues","Purine nucleotides","Purine ribonucleotides","Purine ribonucleoside diphosphates"
0.0229184311858278,-0.0193183990513428,-0.00592180026852807,0.00415380675048148,0.0421718121182268,"Com_16849_neg","Robenidine","C15 H13 Cl2 N5",333.05329,5.254,332.04599,"Full match","No results","No results","Benzenoids","Benzene and substituted derivatives","Halobenzenes","Chlorobenzenes"
0.0179001227488571,-0.00531077731507875,-0.0218136181891344,-0.0352418019486891,-0.013766462438727,"Com_16871_pos","Cycloheximide","C15 H23 N O4",281.16394,5.467,282.17114,"Full match","No results","No results","Organoheterocyclic compounds","Pyridines and derivatives","Hydropyridines","Tetrahydropyridines"
0.0291279129893375,-0.0203298240477324,0.0145052868229144,-0.00740306569382064,0.0502948583492583,"Com_16875_pos","CAR 14:2","C21 H38 N O4",367.27339,6.833,368.28067,"No results","Invalid mass","No results",NA,NA,NA,NA
0.0146831101495193,-0.0156409779867392,-0.0335776521065254,0.00137789840580694,-0.00798660558706112,"Com_16885_pos","3-(4-benzyl-5-thioxo-4,5-dihydro-1H-1,2,4-triazol-3-yl)piperidin-2-one","C14 H16 N4 O S",288.10137,5.545,289.10864,"Invalid mass","No results","No results",NA,NA,NA,NA
0.0187883121517765,-0.0175366978543638,0.0173971950908486,-0.0169328271592761,0.0108340540099454,"Com_16891_pos","2-(14,15-Epoxyeicosatrienoyl) glycerol","C23 H38 O5",416.2558,6.79,417.26308,"Invalid mass","No results","No results","Lipids and lipid-like molecules","Glycerolipids","Monoradylglycerols","2-monoacylglycerols"
0.0169519326412979,-0.0155012710806576,-0.0207771859598653,-0.0156865252227098,-0.0257319469208753,"Com_1689_pos","Coumarin","C9 H6 O2",146.0375,5.256,147.04478,"Full match","No results","Full match","Phenylpropanoids and polyketides","Coumarins and derivatives","Not available","Coumarins and derivatives"
0.0163502662298955,-0.0203292109526094,-0.0275305676635576,0.00513169201652508,-0.0132116288354427,"Com_16929_neg","4,5-diphenyl-2,3-dihydro-1H-pyrazolo[3,4-c]pyridazin-3-one","C17 H12 N4 O",288.10176,5.813,287.09453,"Full match","No results","No results",NA,NA,NA,NA
0.019111019372972,-0.0103164547420817,0.00173266170934415,0.0135945386595385,-0.0162796179702364,"Com_16961_neg","15-Epiprostaglandin E1","C20 H34 O5",336.23189,5.986,335.22468,"Invalid mass","No results","No results","Lipids and lipid-like molecules","Fatty Acyls","Eicosanoids","Prostaglandins and related compounds"
0.0219399196523177,-0.0237528125979341,0.0404515406005707,-0.00956179841053389,0.00289665699287474,"Com_16979_pos","Arachidonic acid methyl ester","C21 H34 O2",318.25763,6.573,301.25409,"Invalid mass","No results","No results","Lipids and lipid-like molecules","Fatty Acyls","Fatty acid esters","Fatty acid methyl esters"
0.0157476146205037,-0.0135223142669615,-0.0470084426877721,-0.008612276663235,-0.0159032273182275,"Com_1698_pos","4-Methoxycinnamic acid","C10 H10 O3",160.05324,5.81,161.06054,"Invalid mass","No results","No results","Phenylpropanoids and polyketides","Cinnamic acids and derivatives","Cinnamic acids","Cinnamic acids"
0.0267107976151108,0.00353767469658957,0.00258657839736295,-0.037285681009102,-0.0324423076679016,"Com_17005_pos","13,14-dihydro-15-keto-tetranor Prostaglandin E2","C16 H26 O5",320.16149,6.755,321.16877,"Invalid mass","No results","No results",NA,NA,NA,NA
0.0286977714708462,-0.0125160211122391,0.0019309817069543,0.00991311598121592,0.00901358623363961,"Com_17032_pos","Estazolam","C16 H11 Cl N4",294.06856,5.554,295.07584,"Full match","No results","No results","Organoheterocyclic compounds","Benzodiazepines","1,4-benzodiazepines","1,2,4-triazolo[4,3-a][1,4]benzodiazepines"
0.0166465120949467,-0.0122962471116708,-0.00146778768590599,-0.00251639001646621,-0.00162714410501462,"Com_17065_pos","2-(4-fluorophenyl)quinoline","C15 H10 F N",223.08055,6.464,224.08783,"Full match","No results","No results",NA,NA,NA,NA
-0.00488424101475064,-0.00342104377423949,0.00239064875413358,0.010665751050164,-0.00888592373390367,"Com_17096_neg","PE 16:0_17:1","C38 H74 N O8 P",703.52028,9.593,702.513,"No results","Invalid mass","No results",NA,NA,NA,NA
0.000820045268954233,-0.0471692993163508,0.00230019180611344,-0.0166472334248312,0.0249298328943072,"Com_17110_pos","(Methylthio)methylpyrazine","C6 H8 N2 S",140.04169,1.694,141.04897,"Invalid mass","No results","No results",NA,NA,NA,NA
0.0325229032488008,-0.0194503403963955,0.0199922903087834,-0.00347035012904776,0.00831812783324992,"Com_17116_neg","2-(3,4-dimethoxyphenyl)-N-(4-morpholinophenyl)acetamide","C20 H24 N2 O4",356.16789,6.352,355.16061,"Invalid mass","No results","No results",NA,NA,NA,NA
0.0281347344990913,-0.0155231829996939,-0.0191713249973744,0.0243489297699601,-0.0123828859731227,"Com_1711_pos","YNH","C19 H24 N6 O6",432.17788,6.929,433.18515,"Full match","No results","No results",NA,NA,NA,NA
0.0244668885295043,-0.0181638994281807,0.00956635642161619,-0.0125952983099605,-0.000781470340525832,"Com_17120_neg","Aldosterone","C21 H28 O5",360.19588,6.29,359.1886,"Invalid mass","No results","No results","Lipids and lipid-like molecules","Steroids and steroid derivatives","Hydroxysteroids","21-hydroxysteroids"
0.0164758858795513,-0.01691571671675,0.0101433167011244,0.00780602750861555,-0.00226229397662568,"Com_17125_pos","Colchicine","C22 H25 N O6",399.16413,5.501,400.17141,"Invalid mass","No results","No results","Hydrocarbon derivatives","Tropones","Not available","Tropones"
0.0260295974412463,0.00414602413560201,-0.0233324378871869,-0.0494208480181173,0.0070561149957637,"Com_17140_neg","Quinolinic acid","C7 H5 N O4",167.0204,3.437,166.01312,"Invalid mass","No results","No results","Organoheterocyclic compounds","Pyridines and derivatives","Pyridinecarboxylic acids and derivatives","Pyridinecarboxylic acids"
0.0166370233212696,-0.014914728639963,0.0113402804468086,-0.0169620508726836,0.0193570090501765,"Com_1715_neg","Lactitol","C12 H24 O11",344.13178,5.566,343.12397,"No results","No results","Full match","Lipids and lipid-like molecules","Fatty Acyls","Fatty acyl glycosides","Fatty acyl glycosides of mono- and disaccharides"
0.067686445020371,0.086211017092666,0.0235869326537273,0.00141715130696126,-0.00722779890138053,"Com_17161_neg","N-Acetyl-Asp-Glu","C11 H16 N2 O8",304.09191,4.749,303.08464,"No results","No results","Full match","Organic acids and derivatives","Carboxylic acids and derivatives","Amino acids, peptides, and analogues","Dipeptides"
0.0163071797668968,-0.011942273549561,-0.0093699269521836,0.0101791358773672,-0.00346429557977494,"Com_17181_neg","D-(-)-Salicin","C13 H18 O7",286.10628,5.728,285.099,"Full match","No results","No results",NA,NA,NA,NA
0.0204115222525152,-0.00543615733227828,0.00680327559224471,-0.00910454602091558,-0.0081766582155018,"Com_17182_pos","Hydrocortisone","C21 H30 O5",362.21089,6.28,363.21801,"No results","No results","Full match","Lipids and lipid-like molecules","Steroids and steroid derivatives","Hydroxysteroids","21-hydroxysteroids"
0.0225874060272883,-0.00617435661709331,0.00468720678742642,0.00482329014651968,0.00432805411074522,"Com_1720_pos","VNH","C15 H24 N6 O5",184.09074,5.891,185.09761,"Invalid mass","No results","No results",NA,NA,NA,NA
0.00267460070614971,-0.0023992706478216,0.026830860470291,-0.0356805993726766,0.00568464292399147,"Com_17234_pos","Lapachol","C15 H14 O3",242.09546,6.234,243.10274,"Full match","No results","Full match","Lipids and lipid-like molecules","Prenol lipids","Quinone and hydroquinone lipids","Vitamin K compounds"
0.00690186934501967,-0.0119705571325126,0.018144517348542,-0.00708538379558579,-0.013844321501328,"Com_17237_neg","Mono(2-ethylhexyl) phthalate (MEHP)","C16 H22 O4",278.15266,5.896,277.14594,"Full match","No results","Full match","Benzenoids","Benzene and substituted derivatives","Benzoic acids and derivatives","Benzoic acid esters"
0.0069105583310602,-0.0182281910063127,0.0110438009261826,-0.00318909262823693,0.0079398103533908,"Com_17258_pos","DPH","C15 H21 N5 O6",367.15057,1.409,368.15803,"Full match","No results","No results",NA,NA,NA,NA
0.0402951778601398,0.0246618010075716,-0.00188227490962461,-0.000273009955022768,0.00422839512326907,"Com_17272_neg","Adenosine 5'-phosphosulfate","C10 H14 N5 O10 P S",427.02257,3.992,426.01529,"Invalid mass","No results","No results","Nucleosides, nucleotides, and analogues","Purine nucleotides","Purine ribonucleotides","Purine ribonucleoside monophosphates"
0.0148778365641225,-0.00477440927178941,-0.0160097784825638,-0.0121896929933782,0.00339931901994671,"Com_1727_pos","4-Hydroxy-3-methylbenzoic acid","C8 H8 O3",152.04801,5.822,135.04479,"No results","No results","Full match","Benzenoids","Benzene and substituted derivatives","Benzoic acids and derivatives","Hydroxybenzoic acid derivatives"
0.0199785421315216,-0.0149998743631959,-0.0025063119870538,0.00853262240212507,0.0174040063062022,"Com_17311_pos","1,2-di(1-phenylethylidene)hydrazine","C16 H16 N2",236.13228,5.252,237.13956,"Full match","No results","No results",NA,NA,NA,NA
0.0208421142242365,-0.0185086017232945,0.0057761299997102,-4.46127836665152e-05,0.00341471733048174,"Com_1732_pos","Isotretinoin","C20 H28 O2",300.21009,6.334,301.21758,"Full match","Full match","Full match","Lipids and lipid-like molecules","Prenol lipids","Retinoids","Retinoids"
0.0084419548041743,-0.0180728921515288,0.00765942038332816,-0.00198023977989201,-0.0139192357745932,"Com_17343_neg","N4-Acetylsulfamethoxazole","C12 H13 N3 O4 S",295.06455,5.303,294.05727,"Invalid mass","No results","No results","Benzenoids","Benzene and substituted derivatives","Benzenesulfonamides","Benzenesulfonamides"
0.0239120701029158,-0.00862264704405791,-0.0182104305986299,-0.00277837970488642,0.00525969101351756,"Com_17358_pos","2-morpholino-1-phenyl-1-ethanol","C12 H17 N O2",189.11644,5.274,190.12376,"Invalid mass","No results","No results",NA,NA,NA,NA
-0.00399704574346225,-0.0172188842281871,0.0186054663070057,-0.0187168506936542,-0.0019416755532482,"Com_17383_neg","N,N-Dimethylarginine","C8 H18 N4 O2",202.14363,1.353,201.13635,"No results","Full match","Full match","Organic acids and derivatives","Carboxylic acids and derivatives","Amino acids, peptides, and analogues","Arginine and derivatives"
0.0104415635239596,-0.00513422899845687,-0.00313496828278767,0.0019335010362524,0.0174262261929718,"Com_17384_neg","Glycine anhydride","C4 H6 N2 O2",114.04219,1.354,113.03489,"Invalid mass","No results","No results","Organic acids and derivatives","Carboxylic acids and derivatives","Amino acids, peptides, and analogues","Alpha amino acids and derivatives"
0.0264767015453988,0.01017059996213,0.00925116720744151,-0.0161085354090979,-0.0240464104492461,"Com_17417_pos","Verrucarol","C15 H22 O4",266.15302,6.45,267.1603,"Full match","No results","No results","Lipids and lipid-like molecules","Prenol lipids","Sesquiterpenoids","Trichothecenes"
0.0682843461406438,0.0305798041774272,0.010155522947741,0.0285751287325613,0.0156943138300969,"Com_17427_pos","2'-Deoxyadenosine","C10 H13 N5 O3",251.10307,3.937,252.11035,"Full match","No results","Full match","Nucleosides, nucleotides, and analogues","Purine nucleosides","Purine 2'-deoxyribonucleosides","Purine 2'-deoxyribonucleosides"
0.000820317170583235,-0.0147514623903127,0.0173432390502949,-3.55880206913671e-05,0.00460603347368804,"Com_17439_neg","S-Sulfo-L-cysteine","C3 H7 N O5 S2",200.97712,1.293,199.96984,"No results","Full match","Full match","Organic acids and derivatives","Carboxylic acids and derivatives","Amino acids, peptides, and analogues","S-sulfo-L-cysteines"
0.00679546007619438,-0.00509382527400993,0.00516932466484551,-0.0304252461420578,-0.0253992759440071,"Com_17446_neg","4-Hexylresorcinol","C12 H18 O2",148.12585,6.277,193.12416,"Invalid mass","No results","No results","Benzenoids","Phenols","Benzenediols","Resorcinols"
0.0178281388689154,-0.000488622078147018,0.0222791803992654,-0.0207254200421131,0.024576000251238,"Com_1745_neg","L-Histidine","C6 H9 N3 O2",155.06958,1.239,154.0623,"Full match","Full match","Full match","Organic acids and derivatives","Carboxylic acids and derivatives","Amino acids, peptides, and analogues","Histidine and derivatives"
0.0180076352812,-0.000557904493075749,-0.00592976923245205,0.0164050813497464,0.0148559261981154,"Com_17461_neg","L-Dopa","C9 H11 N O4",197.06953,4.926,196.06213,"Full match","Full match","Full match","Organic acids and derivatives","Carboxylic acids and derivatives","Amino acids, peptides, and analogues","Tyrosine and derivatives"
0.0188297644977041,-0.00369332076506218,-0.0134612652728199,-0.0026083077143811,-0.013513178141259,"Com_17463_pos","2-(3,5-dimethyl-1H-pyrazol-4-yl)-5-methoxybenzoic acid","C13 H14 N2 O3",246.10158,5.896,247.10886,"Full match","No results","Full match",NA,NA,NA,NA
0.0123428877468211,-0.0201368704717811,-0.0248279670463625,0.0353766359318384,0.00640510561509523,"Com_17464_pos","Berberine","C20 H17 N O4",335.11739,5.479,336.12467,"Full match","No results","No results","Alkaloids and derivatives","Protoberberine alkaloids and derivatives","Not available","Protoberberine alkaloids and derivatives"
0.01876048802387,-0.00467923153918938,-0.00660492548341938,0.0167780905303747,0.000107698371087472,"Com_17479_pos","5-fluoro AB-PINACA N-(4-hydroxypentyl) metabolite","C18 H25 F N4 O3",386.1743,6.577,387.18157,"Invalid mass","No results","No results","Organic acids and derivatives","Carboxylic acids and derivatives","Amino acids, peptides, and analogues","N-acyl-alpha amino acids and derivatives"
0.0175077484063731,-0.0187747225857636,-0.0293293936842701,0.0191990866129284,-0.0116731699683655,"Com_17484_neg","β-Estradiol-17β-glucuronide","C24 H32 O8",448.21249,6.343,447.20522,"Invalid mass","No results","No results","Lipids and lipid-like molecules","Steroids and steroid derivatives","Steroidal glycosides","Steroidal glycosides"
0.0209488421148802,-0.0130029477463093,0.00330482018461639,0.0103170396578149,0.00106268537311155,"Com_17501_pos","Desmethyldoxepin","C18 H19 N O",265.1476,6.186,266.15488,"Full match","No results","No results","Organoheterocyclic compounds","Benzoxepines","Dibenzoxepines","Dibenzoxepines"
0.0258658326306192,-0.0137946065969355,0.0203262557637504,-0.01893490252791,-0.0167785206207496,"Com_17516_pos","Bicyclo Prostaglandin E2","C20 H30 O4",356.19627,5.561,357.20318,"Invalid mass","No results","No results","Lipids and lipid-like molecules","Fatty Acyls","Eicosanoids","Prostaglandins and related compounds"
0.0281498151673696,-0.00392871672074913,-0.0534940022266736,-0.0308608192853112,-0.0207713303321037,"Com_1751_neg","Sinapinic acid","C11 H12 O5",224.06924,5.162,223.06196,"Full match","Full match","No results","Phenylpropanoids and polyketides","Cinnamic acids and derivatives","Hydroxycinnamic acids and derivatives","Hydroxycinnamic acids"
0.00160422787932682,0.00781178080499057,0.00343151663866288,-0.0300691908050765,-0.0350760070474602,"Com_17522_pos","(5S)-5-hydroxy-1,7-diphenylheptan-3-one","C19 H22 O2",264.15261,6.785,265.15983,"Invalid mass","No results","No results",NA,NA,NA,NA
0.00149689594489014,-0.00350364090975464,-0.0109006757802783,0.00887142451885424,0.00507139404650632,"Com_17554_pos","N-cyclohexyl-6,7-dimethoxyquinazolin-4-amine","C16 H21 N3 O2",287.1608,2.187,288.16751,"Invalid mass","No results","No results",NA,NA,NA,NA
0.0229251080735527,-0.0197220531316324,0.00686127859864762,0.00584912591825735,-0.00256972244543762,"Com_17583_pos","All-Trans-13,14-Dihydroretinol","C20 H32 O",288.24652,6.04,289.2538,"No results","No results","Full match",NA,NA,NA,NA
0.0201867497039581,-0.0233886507315316,-0.00768378904550814,0.0098681678900743,0.00518789126868016,"Com_17587_pos","5-Fluoro-2-[(3S)-1-(2-methylbenzyl)-3-pyrrolidinyl]-1H-benzimidazole","C19 H20 F N3",309.16032,5.495,310.1676,"Invalid mass","No results","No results","Organoheterocyclic compounds","Benzimidazoles","Not available","Benzimidazoles"
0.0151705780374013,-0.0221676437625843,0.00552102629295839,-0.00480249186001724,-0.0122117835441696,"Com_17588_pos","GKK","C14 H29 N5 O4",331.21598,6.389,332.22326,"Invalid mass","No results","No results",NA,NA,NA,NA
0.00604425969144374,-0.00787788193459004,0.00380429478256202,-0.0416117786699898,-0.05232431867267,"Com_17589_neg","Delta-Tridecalactone","C13 H24 O2",212.17802,6.882,211.17074,"No results","No results","Full match","Organoheterocyclic compounds","Lactones","Delta valerolactones","Delta valerolactones"
0.010939277823443,-0.00746556095051597,0.0106802571586199,-0.00532059724771755,0.0222076180820553,"Com_17590_neg","Estrone","C18 H22 O2",316.16498,5.44,315.1577,"Invalid mass","No results","No results","Lipids and lipid-like molecules","Steroids and steroid derivatives","Estrane steroids","Estrogens and derivatives"
0.0189047195357743,-0.0206746556158742,0.0252211240320897,0.0119573558177843,0.0188929983669577,"Com_17590_pos","4-[1-(dimethylamino)ethylidene]-2-phenyl-1,3-oxazol-5(4H)-one","C13 H14 N2 O2",252.08668,5.616,253.09384,"Invalid mass","No results","No match",NA,NA,NA,NA
0.0276340538347693,-0.00482618075691242,0.00645001678850672,0.025893515880533,0.00967167963849686,"Com_17651_pos","Methyl Violet","C24 H27 N3",357.21609,5.25,358.22339,"Invalid mass","No results","No results",NA,NA,NA,NA
0.0226776669864576,0.00876960504368334,-0.0222772299204946,-0.0451453604429115,-0.00628925145414154,"Com_17680_pos","4-(4-methylbenzyl)-1lambda~6~,4-thiazinane-1,1-dione","C12 H17 N O2 S",239.09705,4.395,240.10432,"Full match","No results","No results",NA,NA,NA,NA
0.0189516777233184,-0.0201053102444829,0.0033529686094135,-0.021091874444769,-0.00862879064501408,"Com_17717_pos","1-(3,4-dimethylphenyl)-3-piperidinopyrrolidine-2,5-dione","C17 H22 N2 O2",286.16964,6.089,287.17691,"Invalid mass","No results","No results",NA,NA,NA,NA
0.0232478241123266,-0.00757559795786669,-0.0113701984297926,0.0132940791771547,0.016847346061516,"Com_1773_pos","3-hydroxy-N-(1-hydroxy-4-methylpentan-2-yl)-5-oxo-6-phenylhexanamide","C18 H27 N O4",321.19526,5.111,322.20255,"Full match","No results","No results",NA,NA,NA,NA
0.0206051102531306,-0.00997601499208719,0.0205750988573955,0.0115990103403822,-0.0437386026597341,"Com_17763_neg","N'-[2-(3-methoxyphenyl)acetyl]-6-quinoxalinecarbohydrazide","C18 H16 N4 O3",336.12333,5.389,335.11606,"Full match","No results","No results",NA,NA,NA,NA
0.00465236194904578,-0.0306330376894432,0.0105333127525558,0.00132715335328254,0.00813978197836805,"Com_17780_neg","Deoxyguanosine","C10 H13 N5 O4",267.09714,1.345,266.08984,"No results","No results","Full match","Nucleosides, nucleotides, and analogues","Purine nucleotides","Purine deoxyribonucleotides","Purine 2'-deoxyribonucleoside monophosphates"
-0.0243518527381556,-0.0123329991124135,-0.00706158063289264,-0.010442316358819,-0.0305206215166139,"Com_17788_neg","N1-(4-bromo-1H-pyrazol-5-yl)-2,2-dichloroacetamide","C5 H4 Br Cl2 N3 O",233.94425,1.177,270.89294,"Invalid mass","No results","No results",NA,NA,NA,NA
0.000886452272773446,-0.0408150893659954,0.0156798409503485,-0.00520524475777622,0.0254805090244343,"Com_17818_pos","Isoxanthopterin","C6 H5 N5 O2",179.04206,1.445,180.04934,"No results","Invalid mass","No results","Organoheterocyclic compounds","Pteridines and derivatives","Pterins and derivatives","Pterins and derivatives"
0.0309223363529201,0.00693917091073191,-0.00631759790844778,0.0117816292122819,0.0132632332941446,"Com_1781_neg","4-oxo-4,5,6,7-tetrahydrobenzo[b]furan-3-carboxylic acid","C9 H8 O4",134.03654,4.942,179.03474,"Invalid mass","No results","No results",NA,NA,NA,NA
0.0256052887027962,-0.0133804365319115,-0.037538319805009,-0.0136178255909698,0.0131935141686749,"Com_17869_pos","1-(7-methoxy-2-oxo-2H-chromen-8-yl)-3-methyl-2-oxobutyl acetate","C17 H18 O6",340.09621,6.063,341.10349,"Invalid mass","No results","No results",NA,NA,NA,NA
-0.00249539929320773,-0.00875577159621295,0.00675584325795426,0.00213740618360678,-0.000466217808121329,"Com_17892_pos","N-Methyldioctylamine","C17 H37 N",255.29382,7.02,256.3011,"Full match","No results","No results",NA,NA,NA,NA
0.0235139155784813,-0.00788846230757403,-0.0255919828446409,-0.0333725654932599,0.0136212077156905,"Com_1796_pos","Harmaline","C13 H14 N2 O",214.11155,5.474,215.11885,"Full match","No results","No results","Alkaloids and derivatives","Harmala alkaloids","Not available","Harmala alkaloids"
0.00762133651087693,0.0149115235262535,-0.00249431644046335,-0.00455685162675135,-0.00598204178669979,"Com_17979_pos","3-(3-pyridyl)-2-(2-thienyl)acrylonitrile","C12 H8 N2 S",212.04188,1.295,213.04911,"Invalid mass","No results","No results",NA,NA,NA,NA
0.0197662710527798,-0.0099346506834542,0.0271474735744573,-0.00708306168070413,0.0178751174303056,"Com_17989_pos","(5-methyl-3-isoxazolyl)[4-(5-propyl-2-pyrimidinyl)piperazino]methanone","C16 H21 N5 O2",149.0715,5.234,150.07837,"Invalid mass","No results","No results",NA,NA,NA,NA
-0.0214133209141786,-0.0218179693574538,0.0127574066818011,-0.0187871379933107,0.00498755544353016,"Com_17990_neg","aminoimidazole carboxamide ribonucleotide","C9 H15 N4 O8 P",338.06275,1.437,337.05547,"No results","No results","Full match",NA,NA,NA,NA
0.0275362310290146,0.00629261770508397,-0.017670230849216,-0.00411318379203562,0.00751341147250537,"Com_17998_neg","2-(4-oxo-4H-chromen-3-yl)-2,3,4,5-tetrahydro-1,5-benzothiazepin-4-one","C18 H13 N O3 S",323.06301,5.055,322.05573,"Full match","No results","No results",NA,NA,NA,NA
0.0206238193122848,-0.00926620508551289,-0.00872151181249142,0.0138907810048047,0.0090094986263926,"Com_18001_pos","Benzoylecgonine","C16 H19 N O4",289.13558,5.227,290.14281,"Invalid mass","No results","No results","Benzenoids","Benzene and substituted derivatives","Benzoic acids and derivatives","Benzoic acid esters"
0.0142408613841798,-0.0164938626473327,-0.000258856840383056,0.0273826215990888,-0.00685917456461914,"Com_18044_pos","Deoxylimonin","C26 H30 O7",454.19852,5.489,455.20579,"Full match","No results","No results","Lipids and lipid-like molecules","Steroids and steroid derivatives","Steroid lactones","Steroid lactones"
0.0210046365405926,0.0102340643148751,0.00522626732338137,0.00648840990756785,-0.00649401037351176,"Com_1806_pos","2,4-Dimethylbenzaldehyde","C9 H10 O",134.07386,5.763,135.08112,"Invalid mass","No results","No results","Benzenoids","Benzene and substituted derivatives","Benzoyl derivatives","Benzoyl derivatives"
-0.000600109843563787,0.002316116312629,0.00711916930670349,-0.00447286620805921,0.000673205739825193,"Com_18077_neg","D-Fructose 1,6-bisphosphate","C6 H14 O12 P2",339.99734,6.33,338.99009,"No results","No results","Full match",NA,NA,NA,NA
0.0056399901612094,-0.0221862213121457,-0.0120866585983661,-0.0210480093060109,0.00029595889041325,"Com_18083_pos","1,3,5-Trimethylpyrazole","C6 H10 N2",110.08487,1.37,111.09212,"No results","No results","Full match","Organoheterocyclic compounds","Azoles","Pyrazoles","Pyrazole-4-carboxamides"
-0.00762840121101141,-0.069507280776847,0.0110293689523386,-0.0177060744550173,0.0382024260792453,"Com_18092_pos","4-chloro-5-morpholino-2-quinoxalin-2-ylpyridazin-3(2H)-one","C16 H14 Cl N5 O2",163.03018,1.647,344.09305,"Invalid mass","No results","No match",NA,NA,NA,NA
0.00882790411808503,-0.0217251964107222,0.00854207664114598,0.00970782564874171,-0.0254986387844782,"Com_180_pos","O-Desmethylvenlafaxine","C16 H25 N O2",263.18993,5.437,264.19721,"Invalid mass","Invalid mass","No results","Organic oxygen compounds","Organooxygen compounds","Alcohols and polyols","Cyclohexanols"
-0.000593246895635304,9.21064583638192e-05,-0.0036045799816223,-0.00369643847280208,-0.00502545889793497,"Com_18104_neg","N-Acetyl-DL-norvaline","C7 H13 N O3",159.08954,0.564,158.08227,"Full match","No results","Full match","Organic acids and derivatives","Carboxylic acids and derivatives","Amino acids, peptides, and analogues","N-acyl-alpha amino acids"
0.0144635545843739,-0.018837343328685,0.0073724215545286,-0.00868016376901361,0.0244571744005619,"Com_18117_neg","10-Hydroxydecanoic acid","C10 H20 O3",188.14166,6.272,187.13439,"No results","No results","Full match","Organic acids and derivatives","Hydroxy acids and derivatives","Medium-chain hydroxy acids and derivatives","Medium-chain hydroxy acids and derivatives"
0.0204944248043964,-0.0121200173380672,-0.00835092109239722,0.0295270085490677,0.0192721726199213,"Com_18121_pos","2-[(3S)-1-(3,4-Difluorobenzyl)-3-pyrrolidinyl]-1H-benzimidazole","C18 H17 F2 N3",313.14478,5.652,314.15206,"Invalid mass","No results","No results","Organoheterocyclic compounds","Benzimidazoles","Not available","Benzimidazoles"
0.0210650004537932,-0.0155203619471986,0.0177711553960315,-0.0117932339611197,0.0263154987462049,"Com_1813_pos","D-glutamine","C5 H10 N2 O3",146.06961,5.863,130.05034,"No results","No results","Full match","Organic acids and derivatives","Carboxylic acids and derivatives","Amino acids, peptides, and analogues","D-alpha-amino acids"
0.0183406499306375,-0.0133695973586784,0.00871624388627007,-0.0167450643754558,-0.0236397659220467,"Com_18149_pos","Prostaglandin E2","C20 H32 O5",352.22654,6.606,353.2335,"No results","No results","Full match","Lipids and lipid-like molecules","Fatty Acyls","Eicosanoids","Prostaglandins and related compounds"
0.0206323487930378,-0.00908642449034826,-0.0576391427147089,0.00362517760180433,-0.0393802148013688,"Com_1817_neg","Caffeic acid","C9 H8 O4",180.04251,5.24,179.03526,"Full match","No results","No results","Phenylpropanoids and polyketides","Cinnamic acids and derivatives","Hydroxycinnamic acids and derivatives","Hydroxycinnamic acids"
-0.00488426009060744,-0.0033580803930481,0.00660166348607459,-0.000566937728536717,0.00313878811298468,"Com_18181_pos","N-P-Coumaroyl Spermidine","C16 H25 N3 O2",291.19582,6.378,292.20309,"No results","No results","Full match","Phenylpropanoids and polyketides","Cinnamic acids and derivatives","Hydroxycinnamic acids and derivatives","Coumaric acids and derivatives"
0.0076638718310508,-0.0116353039938754,6.77257431883554e-05,-0.00393240168467378,0.0197332988150988,"Com_18207_pos","2-Methylnicotinamide","C7 H8 N2 O",136.06439,10.709,137.07167,"Invalid mass","Invalid mass","No results","Organoheterocyclic compounds","Pyridines and derivatives","Pyridinecarboxylic acids and derivatives","Nicotinamides"
0.00789089610168457,-0.0389629027270123,-0.0157724697849209,-0.00385993004643602,-2.23108189305363e-05,"Com_18223_pos","4,4'-dimethoxy[1,1'-biphenyl]-2-carbonitrile","C15 H13 N O2",239.09709,1.682,240.10436,"Invalid mass","No results","No results",NA,NA,NA,NA
0.0173160284729633,-0.0128446528144762,0.00161397903284216,0.0351317662858789,0.0142672697200189,"Com_18249_pos","Vatalanib dihydrochloride","C20 H15 Cl N4",346.10056,5.707,347.1078,"Invalid mass","No results","No results",NA,NA,NA,NA
0.0143597759966596,-0.00788607138009899,-0.0291051930780373,-0.0129100640745372,-0.014668752245989,"Com_1830_pos","4-methoxy-6-(prop-2-en-1-yl)-2H-1,3-benzodioxole","C11 H12 O3",192.0797,5.51,193.08702,"Invalid mass","No results","No results",NA,NA,NA,NA
0.0489289895462757,0.00717991189098779,0.00341016941683047,-0.00405634268364587,-0.0224450989546917,"Com_1834_pos","Gly-Tyr","C11 H14 N2 O4",238.09458,3.598,239.10186,"No results","No results","Full match","Organic acids and derivatives","Carboxylic acids and derivatives","Amino acids, peptides, and analogues","Peptides"
0.0154770432938083,-0.0172377899343628,-0.000723014657794345,0.029607530324789,-0.000892925603083579,"Com_18357_pos","1-Methylhistamine","C6 H13 Cl2 N3",197.04958,5.488,198.05685,"No results","No results","Full match","Organic nitrogen compounds","Organonitrogen compounds","Amines","2-arylethylamines"
0.00741345034188117,-0.00588977811176218,0.00334410047725257,-0.0314731036306565,-0.0229167575748132,"Com_1836_neg","gamma-Nonanolactone","C9 H16 O2",156.11503,5.913,155.1077,"No results","No results","Full match","Organoheterocyclic compounds","Lactones","Gamma butyrolactones","Gamma butyrolactones"
0.0322048430120516,0.00272515508913612,-0.0164815225529359,0.00667131488468692,-0.0137519613025844,"Com_18377_pos","(-)-Maackiain","C16 H12 O5",284.07007,5.116,285.07734,"Invalid mass","No results","No results","Phenylpropanoids and polyketides","Isoflavonoids","Furanoisoflavonoids","Pterocarpans"
0.00232857416792805,-0.00114299570264322,-0.00100970638053675,-0.00255204043808833,-0.000773416681511249,"Com_1838_pos","Maltol","C6 H6 O3",126.03231,4.667,127.0396,"Full match","Full match","Full match","Organoheterocyclic compounds","Pyrans","Pyranones and derivatives","Pyranones and derivatives"
0.0297221134474881,0.00185398623568783,0.0093017564283391,0.00517685901323218,0.00960379217672189,"Com_18405_pos","Debromohymenialdisine","C11 H11 N5 O2",245.09113,2.059,246.0984,"Full match","No results","No results","Organoheterocyclic compounds","Pyrroloazepines","Not available","Pyrroloazepines"
0.00999303166071434,-0.0052478357376851,-0.0131916115588134,-0.0111884992735781,-0.0258103065584693,"Com_18438_pos","5,6-diphenyl-3-(2-pyridyl)-1,2,4-triazine","C20 H14 N4",310.12046,6.214,311.12774,"Full match","No results","No results",NA,NA,NA,NA
-0.00366760146467473,-0.0128704292883366,-0.0211049115648765,0.0163386077627904,-0.0214966277376739,"Com_18463_neg","LPG 17:1","C23 H45 O9 P",496.28335,10.235,495.27607,"No results","Invalid mass","No results","Lipids and lipid-like molecules","Glycerophospholipids","Glycerophosphoglycerols","Phosphatidylglycerols"
0.0205086847864503,-0.000138029312601196,0.00541995773744443,0.00489860174357072,-0.00716695865202462,"Com_18478_neg","2-[6-(1H-benzo[d]imidazol-2-yl)-2-pyridyl]-1H-benzo[d]imidazole","C19 H13 N5",312.12311,5.387,311.11539,"Invalid mass","No results","No results",NA,NA,NA,NA
0.0173643242018179,-0.0100058193812465,-0.00283784888303253,0.00393553454484021,-0.00455168882207334,"Com_1849_pos","Prunin","C21 H22 O10",434.12059,5.674,435.12787,"Full match","No results","No results","Phenylpropanoids and polyketides","Flavonoids","Flavonoid glycosides","Flavonoid-7-O-glycosides"
0.00682683224478303,-0.0261778818149889,-0.00833346938784382,-0.00453877921352103,0.00384307556819756,"Com_18514_pos","5-amino-2-(dimethylamino)benzoic acid","C9 H12 N2 O2",180.09091,5.053,181.09823,"Invalid mass","No results","No results",NA,NA,NA,NA
0.018344710143387,0.016769994610521,-0.00519723686600758,-0.000901786701408408,0.0130614164334587,"Com_18536_pos","1-Aminopyrene","C16 H11 N",217.08944,1.976,218.09672,"Full match","No results","No results","Benzenoids","Pyrenes","Not available","Pyrenes"
0.0205975346097206,-0.0158134113890601,0.00639884381932346,0.00569531038681247,0.00459937295318734,"Com_18570_pos","4-{[(morpholinosulfonyl)methyl]sulfonyl}morpholine","C9 H18 N2 O6 S2",331.08977,6.114,332.09705,"Invalid mass","No results","No results",NA,NA,NA,NA
-0.000256229706184574,-0.0530322122390781,-0.015190379725392,0.039162116606132,0.0149152380463406,"Com_1858_pos","N-(2-hydroxyphenyl)acetamide","C8 H9 N O2",173.04573,5.49,174.053,"Invalid mass","No results","No results",NA,NA,NA,NA
0.0207236957704135,-0.00625727840821108,-0.0180609091732643,-0.00775320132840861,-0.00450257978102268,"Com_18593_neg","Uridine 5'-diphosphate (UDP)","C9 H14 N2 O12 P2",404.00362,2.211,402.99635,"Full match","No results","Full match","Nucleosides, nucleotides, and analogues","Pyrimidine nucleotides","Pyrimidine ribonucleotides","Pyrimidine ribonucleoside diphosphates"
0.0116334646731162,-0.0104333189697495,0.00814384874741968,-0.00252285840922508,-0.00795010163345779,"Com_18618_pos","4-oxo-5-phenylpentanoic acid","C11 H12 O3",174.06899,6.226,175.07627,"Invalid mass","No results","No results",NA,NA,NA,NA
0.018562635596485,-0.0195427916172303,0.0049238397500368,-0.0164874896995812,0.025763872019623,"Com_18622_neg","Capric acid","C10 H20 O2",172.14646,6.613,171.13918,"No results","No results","Full match","Lipids and lipid-like molecules","Fatty Acyls","Fatty acids and conjugates","Medium-chain fatty acids"
0.0194260944579525,-0.0162566382206495,-0.00104688209222462,0.000900247259292189,-0.0193693376243389,"Com_18641_neg","Dihydrofolic acid","C19 H21 N7 O6",443.15949,5.275,442.15221,"Invalid mass","No results","No results","Organic acids and derivatives","Carboxylic acids and derivatives","Amino acids, peptides, and analogues","Glutamic acid and derivatives"
0.0236600094971098,-0.0139185404035982,0.00612152620854079,-0.0160938685415975,0.0133215690156757,"Com_18674_pos","THJ2201 N-(5-hydroxypentyl) metabolite","C23 H22 N2 O2",358.16603,5.506,359.17331,"Invalid mass","No results","No results","Benzenoids","Naphthalenes","Naphthalenecarboxylic acids and derivatives","Naphthalenecarboxylic acids and derivatives"
0.0324221009710021,0.00473815275896593,-0.00581783062993301,0.0101212422494086,-0.00361955918146069,"Com_1867_neg","Mevalonic acid","C6 H12 O4",148.07353,3.644,147.06625,"Full match","No results","Full match","Lipids and lipid-like molecules","Fatty Acyls","Fatty acids and conjugates","Hydroxy fatty acids"
0.00366630274491623,-0.0470720832039441,0.0270247367072282,-0.00934194557520785,0.0287139845650714,"Com_18681_pos","3-(dimethylamino)-1-[4-(phenylsulfonyl)phenyl]prop-2-en-1-one","C17 H17 N O3 S",315.09049,2.067,316.09777,"Invalid mass","No results","No results",NA,NA,NA,NA
0.020036254534817,-0.00957659143213309,-0.0283721734169548,0.0246661140143191,-0.00607362734624068,"Com_18686_pos","4',7-Dihydroxyflavanone","C15 H12 O4",256.07458,5.157,257.08186,"Full match","Full match","No results","Phenylpropanoids and polyketides","Flavonoids","Flavans","Flavanones"
0.0291310460897499,-0.017096832284355,-0.0910612822518155,-0.0828213813259478,-0.0302526636400073,"Com_186_neg","N'-(4-chlorobenzoyl)-3-[4-(trifluoromethoxy)phenyl]acrylohydrazide","C17 H12 Cl F3 N2 O3",384.05353,5.244,383.04625,"Invalid mass","No results","No results",NA,NA,NA,NA
0.00765653244260281,-0.00758924095460916,-0.005024363035035,0.010974730790797,0.00153562934883785,"Com_18702_pos","1-adamantyl(piperidino)methanone","C16 H25 N O",269.17562,6.399,270.18295,"Invalid mass","No results","No results",NA,NA,NA,NA
0.0155281461517662,-0.00444348705062319,0.00356494573377144,-0.0154650465284485,-0.0190044177123214,"Com_18708_pos","Methyl jasmonate","C13 H20 O3",224.14226,6.269,225.14951,"No results","Full match","No results","Lipids and lipid-like molecules","Fatty Acyls","Lineolic acids and derivatives","Jasmonic acids"
0.0199639356102636,-0.00852808443180609,0.0156160956917592,3.87825937675455e-05,-0.0176657643391272,"Com_18713_neg","Lysopa 16:0","C19 H39 O7 P",410.24339,5.326,409.23648,"No results","No results","Full match","Lipids and lipid-like molecules","Glycerophospholipids","Glycerophosphates","1-acylglycerol-3-phosphates"
0.0538294112306993,0.0434171358708427,0.0143774529182797,-0.00433949116294671,0.0018000242626722,"Com_18737_pos","3-Methylcytidine","C10 H15 N3 O5",257.10213,1.839,258.1094,"No results","Full match","No match","Nucleosides, nucleotides, and analogues","Pyrimidine nucleosides","Not available","Pyrimidine nucleosides"
0.0160167317611126,-0.00218332875590837,0.0227975867706919,-0.0174244008471184,0.00913762539462602,"Com_18766_pos","4-methoxy-6-[2-(4-methoxyphenyl)ethyl]-2H-pyran-2-one","C15 H16 O4",282.08823,5.815,283.09544,"Invalid mass","No results","No results",NA,NA,NA,NA
0.0138739640036879,-0.0143255000468746,0.00348574396916379,0.00112366451404574,-0.00704947548888617,"Com_18786_pos","Ouabain","C29 H44 O12",566.27434,6.324,567.28162,"Invalid mass","No results","No results","Lipids and lipid-like molecules","Steroids and steroid derivatives","Steroid lactones","Cardenolide glycosides and derivatives"
0.0109165654283945,-0.0149729082464867,0.0236467551482445,-0.00986025356713115,0.00405745101453147,"Com_18793_pos","Dl-3-Hydroxy-kynurenine","C10 H12 N2 O4",224.08048,1.385,225.08775,"No results","No results","Full match","Organic oxygen compounds","Organooxygen compounds","Carbonyl compounds","Alkyl-phenylketones"
0.00338801643535976,-0.0133664882824901,-0.0147085097414356,-0.0198378467294718,0.0045682549448168,"Com_1879_pos","(S)-Nicotine","C10 H14 N2",162.11637,1.972,163.12365,"Full match","Full match","No results","Organoheterocyclic compounds","Pyridines and derivatives","Pyrrolidinylpyridines","Pyrrolidinylpyridines"
0.0200243284063936,-0.0133382628293459,0.025563741106257,-0.00300452523891973,0.015293917923589,"Com_18801_pos","Corticosterone","C21 H30 O4",346.21597,6.341,347.22331,"Full match","Full match","Full match","Lipids and lipid-like molecules","Steroids and steroid derivatives","Hydroxysteroids","21-hydroxysteroids"
0.014842251102702,-0.00540561702240748,-0.00513803171463856,-0.00883885634788199,0.00133387992889285,"Com_18807_pos","Ginsenoside Rb1","C54 H92 O23",1130.59068,6.528,1131.59796,"Invalid mass","No results","No results","Lipids and lipid-like molecules","Prenol lipids","Terpene glycosides","Triterpene saponins"
0.0255731813415912,-0.0105957161649787,0.00460301246659495,-0.00845479254074807,-0.0147377560111677,"Com_18817_neg","Hydroxytriazolam","C17 H12 Cl2 N4 O",358.03733,5.152,357.03005,"Full match","No results","No results","Organoheterocyclic compounds","Benzodiazepines","1,4-benzodiazepines","1,2,4-triazolo[4,3-a][1,4]benzodiazepines"
0.0133276860226274,-0.00150661510522345,0.0053068502141594,0.00304100217813171,0.00964550556218687,"Com_18825_neg","Inosine-5'-monophosphate (IMP)","C10 H13 N4 O8 P",348.04953,1.397,347.04202,"Invalid mass","No results","No results","Nucleosides, nucleotides, and analogues","Purine nucleotides","Purine ribonucleotides","Purine ribonucleoside monophosphates"
0.021686706085322,-0.00401991759618353,0.00944778593939578,0.0209150437047246,-0.0250174152465427,"Com_18868_pos","Poncirin","C28 H34 O14",594.1968,5.379,595.20408,"Full match","No results","No results","Phenylpropanoids and polyketides","Flavonoids","Flavonoid glycosides","Flavonoid-7-O-glycosides"
0.0262240493841186,-0.0182473131852912,0.013488869703309,-0.0222436202722161,0.00684618207877259,"Com_1888_pos","RPK","C17 H33 N7 O4",399.26397,5.971,400.27125,"Invalid mass","No results","No results",NA,NA,NA,NA
-0.000366044078887857,-0.000946546784765012,-0.00370871713479802,0.00378948402910989,0.0289362242183391,"Com_1890_pos","N-Methylhydantoin","C4 H6 N2 O2",114.04366,5.281,115.05094,"Invalid mass","No results","No results","Organoheterocyclic compounds","Azolines","Imidazolines","Imidazolines"
0.0115239903618376,0.0252737037805028,0.0131012409946622,0.00528752248750625,-0.00292676043575177,"Com_18931_pos","(R)-3-Hydroxy myristic acid","C14 H28 O3",261.23152,5.747,262.23879,"Invalid mass","No results","No results","Lipids and lipid-like molecules","Fatty Acyls","Fatty acids and conjugates","Long-chain fatty acids"
0.0180883037213482,0.00289429187795831,-0.00911181014260104,0.00633530252899722,0.0161618085405432,"Com_19003_pos","s7p","C7 H15 O10 P",290.04061,5.102,291.04789,"No results","No results","Full match","Organic oxygen compounds","Organooxygen compounds","Carbohydrates and carbohydrate conjugates","C-glycosyl compounds"
0.00905722903473432,-0.0512989563056772,0.00160991440635759,-0.0525542181275628,-0.0351666567592739,"Com_1901_neg","1-(4-Methoxyphenyl)-2-propanone","C10 H12 O2",164.08301,5.215,163.07574,"No results","No results","Full match",NA,NA,NA,NA
-0.000823798921274777,-0.0510963083815376,0.00575566657778842,-0.00448084265012905,0.0203036623031426,"Com_19025_pos","5-Methyl-2'-deoxycytidine","C10 H15 N3 O4",241.10743,1.633,242.11468,"No results","No results","Full match","Nucleosides, nucleotides, and analogues","Pyrimidine nucleosides","Pyrimidine 2'-deoxyribonucleosides","Pyrimidine 2'-deoxyribonucleosides"
0.0404681887782214,-0.0416015649769393,0.0561778417623234,-0.0262336444313005,0.00546725724319055,"Com_19051_pos","5α-Dihydrotestosterone glucuronide","C25 H38 O8",466.25899,6.599,467.2658,"Full match","No results","No results","Lipids and lipid-like molecules","Steroids and steroid derivatives","Steroidal glycosides","Steroid glucuronide conjugates"
0.0652235670985873,0.0458530099225449,0.0247753597158475,-0.0111972873548009,0.0195710053692197,"Com_1906_pos","7-Methylguanosine","C11 H15 N5 O5",297.1085,4.762,298.11577,"Full match","Full match","Full match","Nucleosides, nucleotides, and analogues","Purine nucleosides","Not available","Purine nucleosides"
0.019910832396346,-0.0166142019629053,0.0100948424151469,-0.0205259879747473,0.0267000652992196,"Com_19144_pos","N'1-[1-(2-hydroxyphenyl)ethylidene]-3-methoxybenzene-1-carbohydrazide","C16 H16 N2 O3",284.11769,5.411,285.12493,"Invalid mass","No results","No results",NA,NA,NA,NA
0.0200401998707412,-0.0136620740753192,-0.00355908159371283,0.0219090372443454,0.00736995133582315,"Com_19150_pos","3-(3,4-dimethoxyphenyl)-1-(2-hydroxy-4,6-dimethoxyphenyl)propan-1-one","C19 H22 O6",346.13716,5.901,347.14444,"Invalid mass","No results","No results",NA,NA,NA,NA
0.0180813225126912,-0.00633448366729021,0.00176256298858691,0.0106491314717057,0.00985719188942314,"Com_19151_pos","D-Glucosamine 6-phosphate","C6 H14 N O8 P",259.04624,5.235,260.05352,"No results","No results","Full match","Organic oxygen compounds","Organooxygen compounds","Carbohydrates and carbohydrate conjugates","Hexose phosphates"
0.0217322038749659,-0.0161052637156454,0.0242413571501667,-0.0140433636020066,-0.00156235924964524,"Com_19203_pos","Medroxyprogesterone","C22 H32 O3",344.23643,6.225,345.24361,"No results","Full match","Full match","Lipids and lipid-like molecules","Steroids and steroid derivatives","Pregnane steroids","Gluco/mineralocorticoids, progestogins and derivatives"
0.00483701316805199,-0.010395959028656,0.00241031681158357,0.0178433875571111,0.0276154213780849,"Com_19222_neg","D-Xylulose 5-phosphate","C5 H11 O8 P",184.01551,1.292,229.01341,"Invalid mass","No results","No results","Organic oxygen compounds","Organooxygen compounds","Carbohydrates and carbohydrate conjugates","Pentose phosphates"
0.0432554687423564,0.0165214777122167,0.019087016012619,-0.00422597095544225,0.00762767433661368,"Com_19234_pos","Guanosine-3',5'-cyclic monophosphate","C10 H12 N5 O7 P",345.04877,3.391,346.05605,"No results","Full match","Full match","Nucleosides, nucleotides, and analogues","Purine nucleotides","Cyclic purine nucleotides","3',5'-cyclic purine nucleotides"
0.0376434035413576,-0.00899565437372727,0.0105317856353331,-0.00366674220304528,0.0269717602466877,"Com_19293_pos","5,6-Dimethylbenzimidazole","C9 H10 N2",146.08417,4.92,315.15649,"No results","Full match","No results","Organoheterocyclic compounds","Benzimidazoles","Not available","Benzimidazoles"
0.0355836993070342,0.0125970787417303,-0.00445847183264781,-0.0021897506145092,0.00985711880411427,"Com_19310_pos","N1-(5-methylisoxazol-3-yl)-2-morpholinoacetamide","C10 H15 N3 O3",225.11226,4.704,226.11954,"Full match","No results","No results",NA,NA,NA,NA
0.0230982642893106,-0.0142724129630944,0.0159231518571742,-0.0174299371089532,0.0251975010013428,"Com_19311_pos","KQH","C17 H29 N7 O5",411.22756,5.616,412.23483,"Invalid mass","No results","No results",NA,NA,NA,NA
0.0073085452008876,-0.0120651429568388,-0.0039603507083182,-0.00193647157556949,0.00553637640238586,"Com_19356_neg","2,2-Dimethylsuccinic acid","C6 H10 O4",146.05746,4.119,145.05018,"Full match","No results","Full match","Lipids and lipid-like molecules","Fatty Acyls","Fatty acids and conjugates","Methyl-branched fatty acids"
0.0454098343156659,0.0190076227353599,0.0258126847876795,-0.00981336630499652,-0.0116096481533196,"Com_1936_pos","N-α-L-Acetyl-arginine","C8 H16 N4 O3",216.12308,1.64,217.13036,"Full match","No results","Full match","Organic acids and derivatives","Carboxylic acids and derivatives","Amino acids, peptides, and analogues","N-acyl-L-alpha-amino acids"
0.0428635305076026,0.0147837185030099,0.0305638795065637,-0.00835102135063487,0.0277066230547689,"Com_19377_pos","5'-Deoxy-5'-(Methylthio)Adenosine","C11 H15 N5 O3 S",297.08955,5.068,280.08588,"No results","No results","Full match","Nucleosides, nucleotides, and analogues","5'-deoxyribonucleosides","5'-deoxy-5'-thionucleosides","5'-deoxy-5'-thionucleosides"
0.0162896681009946,-0.00794609922503452,-0.0310498555315297,-0.00283995362105016,0.00421095216191601,"Com_1937_neg","Ethylmalonate","C5 H8 O4",132.04178,5.807,113.02388,"No results","No results","Full match","Lipids and lipid-like molecules","Fatty Acyls","Fatty acids and conjugates","Branched fatty acids"
0.0244119485599267,-0.0116108958861864,-0.0281874250330352,-0.0167759111905828,0.0135096263781678,"Com_19381_pos","10b-methyl-1,5,6,10b-tetrahydroimidazo[2,1-a]isoquinolin-2(3H)-one","C12 H14 N2 O",202.11155,5.133,203.11883,"Full match","No results","No results",NA,NA,NA,NA
0.00790956583592966,0.0018212813863862,0.00785193547271115,-0.0132651624904067,-0.0197377615787405,"Com_19391_pos","N-(4-butyl-2-methylphenyl)-N'-[4-(4-methylpiperazino)phenyl]urea","C23 H32 N4 O",380.25653,7.208,381.2638,"Full match","No results","No results",NA,NA,NA,NA
0.025338014330883,-0.0160543523343051,-0.000646082816351801,-0.00725356116520268,-0.000803062465661255,"Com_19396_pos","LQH","C17 H28 N6 O5",396.21557,7.413,397.2226,"Invalid mass","No results","No results",NA,NA,NA,NA
0.00797754342369173,-0.0312866571553057,-0.0199329992650513,-0.0140376082428212,0.0154581372146211,"Com_19410_neg","Glucosamine 6-sulfate","C6 H13 N O8 S",259.03443,1.39,258.02716,"Invalid mass","No results","No results","Organic oxygen compounds","Organooxygen compounds","Carbohydrates and carbohydrate conjugates","Hexoses"
0.0176398952198227,-0.0119554446501856,-0.0260803695556666,0.0204416397713026,-0.0113306594037293,"Com_19419_pos","Phlorizin","C21 H24 O10",458.12083,5.763,459.12811,"Invalid mass","No results","No results","Phenylpropanoids and polyketides","Flavonoids","Flavonoid glycosides","Flavonoid O-glycosides"
0.0201230922178413,-0.0161171579346857,0.0454851739646234,0.000200473068411549,-0.0433314352059432,"Com_19439_pos","N1-(1H-indol-4-yl)cyclohexane-1-carboxamide","C15 H18 N2 O",242.14302,6.564,243.1503,"Full match","Full match","No results",NA,NA,NA,NA
0.00455897989510955,-0.021717631616643,-0.00709356071407042,0.00501887539802029,0.012637548664864,"Com_19445_pos","Spiculisporic Acid","C17 H28 O6",328.18764,1.434,329.19492,"No results","No results","Full match","Organic acids and derivatives","Carboxylic acids and derivatives","Tricarboxylic acids and derivatives","Tricarboxylic acids and derivatives"
0.0172546750688828,-0.0160030400268,-0.060239500573986,0.00309037306442184,-0.0460444915093508,"Com_1944_pos","Genistein","C15 H10 O5",270.05417,5.56,271.06145,"Invalid mass","Invalid mass","No results","Phenylpropanoids and polyketides","Isoflavonoids","Isoflav-2-enes","Isoflavones"
0.0175570034455438,-0.0124351674420231,-0.00193459525898801,0.00372511397057082,-0.000865309228235882,"Com_19478_neg","2-(1-{2-[(3-furylmethyl)amino]-2-oxoethyl}cyclohexyl)acetic acid","C15 H21 N O4",279.1486,5.733,278.14132,"Invalid mass","No results","No results",NA,NA,NA,NA
0.0218364994097909,-0.0139110679654017,0.00778698331375887,-0.0119373182432782,-0.0129299113303044,"Com_19498_pos","Prostaglandin B1","C20 H32 O4",336.23137,6.565,337.23864,"Full match","No results","Full match","Lipids and lipid-like molecules","Fatty Acyls","Eicosanoids","Prostaglandins and related compounds"
0.0103997002524499,0.0132050060290239,0.00447817730455527,-0.0110955029234477,0.00857255293838903,"Com_1949_pos","2-Amino-1,3,4-octadecanetriol","C18 H39 N O3",317.29436,6.54,318.30164,"Full match","No results","No results","Organic nitrogen compounds","Organonitrogen compounds","Amines","1,3-aminoalcohols"
0.0162646576716936,-0.0250917278397679,0.0321383717374322,0.00142104386033313,-0.0224094833428621,"Com_19502_pos","Proscillaridin A","C30 H42 O8",530.28978,6.632,531.29656,"Full match","No results","No results","Lipids and lipid-like molecules","Steroids and steroid derivatives","Steroid lactones","Bufanolides and derivatives"
0.0175467052094369,-0.0127783147189809,-0.00830213587364741,0.011157930460687,-0.00648439348015902,"Com_19548_neg","7-hydroxy-3-phenyl-4H-chromen-4-one","C15 H10 O3",238.06482,5.946,237.05691,"Invalid mass","No results","No results",NA,NA,NA,NA
0.0207643963847523,-0.0155533177264735,-0.000802552344143202,0.0195401327648131,-0.00172701676698915,"Com_19549_pos","5-phenyl-3-(phenylmethylene)furan-2(3H)-one","C17 H12 O2",248.08516,5.569,249.09244,"Invalid mass","No results","No results",NA,NA,NA,NA
0.0311101256630888,-0.0155167848872051,-0.0217290735400926,0.0374955681854286,-0.0236830543848561,"Com_1956_pos","RMH","C17 H30 N8 O4 S",442.21984,6.099,443.22711,"Invalid mass","No results","No results",NA,NA,NA,NA
0.0493439260582052,0.0525554893025726,0.0230236499375272,0.00686177415166378,0.00785156435835329,"Com_19592_neg","Gamma-Glu-Leu","C11 H20 N2 O5",260.13818,4.916,259.13093,"No results","No results","Full match","Organic acids and derivatives","Carboxylic acids and derivatives","Amino acids, peptides, and analogues","Dipeptides"
0.0417993543184109,0.01209007564766,-0.0104836025247618,-0.00775885028148304,-0.0121497146697068,"Com_19592_pos","4-acetyl-4-(ethoxycarbonyl)heptanedioic acid","C12 H18 O7",274.10412,4.193,275.1114,"Full match","No results","No results",NA,NA,NA,NA
-0.00681774475629517,-0.0229399083193943,0.0031384001997864,-0.00675040877370239,-0.00351459618404882,"Com_1959_pos","Methyl palmitate","C17 H34 O2",287.28371,6.773,288.29098,"Invalid mass","No results","No results","Lipids and lipid-like molecules","Fatty Acyls","Fatty acid esters","Fatty acid methyl esters"
0.0174215164749951,-0.00313269267784209,-0.0261694111007927,0.017824699659869,0.000624895414988925,"Com_195_neg","Saccharin","C7 H5 N O3 S",182.99946,5.034,181.992,"Full match","No results","No results","Organoheterocyclic compounds","Benzothiazoles","Not available","Benzothiazoles"
0.00225468586662731,-0.0246556431682658,0.0198804672259183,-0.011335441123712,0.013645279370682,"Com_1963_pos","Imidazolelactic acid","C6 H8 N2 O3",156.05419,1.374,157.06153,"Full match","Full match","Full match","Organoheterocyclic compounds","Azoles","Imidazoles","Imidazolyl carboxylic acids and derivatives"
0.0134139375969445,-0.0172321658264018,-0.0275988066456357,0.0192634423543324,-0.014510240207818,"Com_19674_pos","4-methoxy-9-(2-methylbut-3-en-2-yl)-7H-furo[3,2-g]chromen-7-one","C17 H16 O4",284.10469,6.242,285.1118,"Full match","No results","No results",NA,NA,NA,NA
0.00826323690462381,-0.0150356989593037,-0.0161468942565365,-0.00408642983842753,0.0426003041900934,"Com_19699_neg","6-Phosphogluconic acid","C6 H13 O10 P",276.02611,1.285,275.01884,"No results","Invalid mass","No results","None","None","None","None"
0.0507955796938255,0.0214722734250094,0.00584815012231127,0.00982349174199234,0.0148854947817945,"Com_19701_pos","α-Lapachone","C15 H14 O3",264.07913,3.401,265.08641,"Invalid mass","No results","No results","Organoheterocyclic compounds","Naphthopyrans","Naphthopyranones","Naphthopyranones"
-0.00190495443984803,-0.010115544816784,0.00252375041212972,0.00148961159310935,-0.00226870537267824,"Com_19703_pos","DL-Stachydrine","C7 H13 N O2",143.09542,1.124,144.1027,"Invalid mass","No results","No results","Organic acids and derivatives","Carboxylic acids and derivatives","Amino acids, peptides, and analogues","Proline and derivatives"
0.0209355214332454,-0.0019809813236801,-0.00293956737777614,-0.0230630288693884,0.00242427550481274,"Com_19708_pos","4-Ethylbenzaldehyde","C9 H10 O",151.10046,5.505,152.1077,"Invalid mass","No results","No results","Benzenoids","Benzene and substituted derivatives","Benzoyl derivatives","Benzoyl derivatives"
0.0193400205203056,-0.021821377029922,0.0166442942605773,-0.0111125933136437,-0.00791057869133243,"Com_19824_neg","6α-Prostaglandin I1","C20 H34 O5",336.23233,7.007,335.22505,"Invalid mass","No results","No results","Lipids and lipid-like molecules","Fatty Acyls","Eicosanoids","Prostaglandins and related compounds"
0.0105147474489979,-0.0211450019602625,0.0228417053964916,0.000742911745820692,0.00436404219817221,"Com_19849_neg","N-Carbamoyl-L-aspartate","C5 H8 N2 O5",176.04366,1.382,175.03638,"No results","Full match","Full match","Organic acids and derivatives","Carboxylic acids and derivatives","Amino acids, peptides, and analogues","Aspartic acid and derivatives"
0.0214768028581762,-0.018003313507074,-0.0119198875300455,0.020904277309855,-0.0077696929781067,"Com_19850_pos","Coumestrol","C15 H8 O5",268.03846,6.229,269.04578,"Full match","No results","No results","Phenylpropanoids and polyketides","Isoflavonoids","Coumestans","Coumestans"
0.0499348054310806,0.0361279349758565,0.00794075230703938,-0.00443254504507754,0.00208701337650527,"Com_1987_pos","1-Methyladenosine","C11 H15 N5 O4",281.11346,1.785,282.12073,"Full match","Full match","Full match","Nucleosides, nucleotides, and analogues","Purine nucleosides","Not available","Purine nucleosides"
0.0220322440435875,0.00259788046174207,-0.0221068306046337,-0.0407578788979177,0.00535813823910221,"Com_19906_pos","7-methylpyrimido[4,5-d]pyrimidin-4-amine","C7 H7 N5",183.04898,3.44,184.05626,"Invalid mass","No results","No results",NA,NA,NA,NA
0.0280026763006775,-0.00421871844160091,0.0253491183718469,-0.0318185284179116,0.00334363365375676,"Com_19937_neg","Sulfaquinoxaline","C14 H12 N4 O2 S",300.0687,5.696,299.06123,"Full match","No results","No results","Organoheterocyclic compounds","Diazanaphthalenes","Benzodiazines","Quinoxalines"
0.0127092320917828,-0.0168989378938273,-0.0169811333499402,0.0118263674246485,0.00849244592410454,"Com_19944_pos","6,9-dimethoxy-11H-indeno[1,2-b]quinoxalin-11-one","C17 H12 N2 O3",292.08628,5.302,293.09355,"Invalid mass","No results","No results",NA,NA,NA,NA
0.0207525595402957,-0.00786604151792501,-0.00723553722672288,0.00899517680010332,0.0118344290142709,"Com_19951_pos","Dextrorphan","C17 H23 N O",257.17916,5.096,258.18643,"Full match","Full match","No results","Alkaloids and derivatives","Morphinans","Not available","Morphinans"
0.0152992435892182,-0.0225207963782265,-0.030603086457998,0.0125458753090749,-0.0140300577576386,"Com_19_neg","2-Hydroxyhippuric acid","C9 H9 N O4",195.05363,5.538,194.04633,"Full match","Full match","No results","Benzenoids","Benzene and substituted derivatives","Benzoic acids and derivatives","Hippuric acids"
0.00495945197930563,-0.0237795498837332,-0.0428311429753701,-0.0129247926444319,-0.0190104817281384,"Com_20003_pos","Citrinin","C13 H14 O5",250.08503,5.077,251.09233,"Full match","No results","No results","Organoheterocyclic compounds","Benzopyrans","Not available","Benzopyrans"
0.015412099307924,-0.0219811807951653,0.0133433675816552,0.0089815276517931,0.0330200421066752,"Com_2001_neg","N-Acetyl-D-galactosamine 4-sulfate","C8 H15 N O9 S",255.04156,1.363,300.03978,"Invalid mass","No results","No results","Organic oxygen compounds","Organooxygen compounds","Carbohydrates and carbohydrate conjugates","Acylaminosugars"
0.0190807195569095,-0.0118253640859542,0.0015724441849469,-0.00757208323366225,-0.00749893781282322,"Com_20030_pos","16-Heptadecyne-1,2,4-triol","C17 H32 O3",266.22582,6.866,267.2331,"Invalid mass","No results","No results","Lipids and lipid-like molecules","Fatty Acyls","Fatty alcohols","Long-chain fatty alcohols"
0.0165451409278223,-0.00799872008071966,-0.0078170801307069,0.0108471424584331,-0.00566099308982351,"Com_20039_pos","Rutamarin","C21 H24 O5",356.1636,6.233,357.17087,"Full match","No results","No results","Phenylpropanoids and polyketides","Coumarins and derivatives","Furanocoumarins","Psoralens"
0.0338626061549686,0.0352567363561855,0.00495447567359634,0.00126999921631567,-0.0029198967079245,"Com_20059_pos","Spermidine","C7 H19 N3",145.15855,1.042,146.16583,"No results","No results","Full match","Organic nitrogen compounds","Organonitrogen compounds","Amines","Dialkylamines"
0.0228296827727429,-0.0265977174856078,-0.0262368746372802,0.0169633460588751,-0.0333479731904693,"Com_2005_pos","D-Gluconic acid","C6 H12 O7",196.05767,5.595,197.06495,"No results","No results","Full match","Organic oxygen compounds","Organooxygen compounds","Carbohydrates and carbohydrate conjugates","Gluconolactones"
0.0141062296221314,-0.0167521316964399,0.0024054110906888,-0.0134696552088285,0.00136684654741827,"Com_20075_pos","2-Hydroxy-2-methyl-3-buten-1-yl beta-D-glucopyranoside","C11 H20 O7",246.10575,5.618,247.11303,"Invalid mass","No results","No results",NA,NA,NA,NA
0.0393986173805022,0.0254269617140537,-0.0869813747929751,-0.169084941384184,0.0247997102161707,"Com_200_pos","Theobromine","C7 H8 N4 O2",180.06551,5.007,181.07278,"Full match","No results","No results","Organoheterocyclic compounds","Imidazopyrimidines","Purines and purine derivatives","Xanthines"
0.0233450371013089,-0.00817847067886333,-0.00720199358645165,0.00257293800967358,-0.0261662626081358,"Com_20125_pos","Rutarin","C20 H24 O10",446.12139,5.669,447.12867,"Invalid mass","No results","No results","Phenylpropanoids and polyketides","Coumarins and derivatives","Coumarin glycosides","Coumarin glycosides"
0.0276508767073861,-0.0243019803390671,0.0236512413340797,-0.0372759302108188,0.0502075866713741,"Com_2016_pos","CAR 12:1","C19 H36 N O4",341.25822,6.483,342.26549,"No results","Invalid mass","No results",NA,NA,NA,NA
0.0199567659724029,0.00493969035279701,-0.0114241996191539,-0.00564147211855575,0.0244420858723787,"Com_20170_neg","Dl-Glyceraldehyde3-phosphate","C3 H7 O6 P",169.99827,1.384,168.991,"No results","No results","Full match",NA,NA,NA,NA
0.0239071103398405,-0.0193719314044033,0.0368472860480244,-0.0125376499533101,-0.022040914509651,"Com_20186_pos","Docosahexaenoic acid","C22 H32 O2",328.24156,6.809,329.24884,"Full match","No results","No results","Lipids and lipid-like molecules","Fatty Acyls","Fatty acids and conjugates","Very long-chain fatty acids"
0.0262069645458399,0.00221713683220717,0.0198198801882022,-0.00896954379126049,-0.0269021120395591,"Com_20220_pos","N'2-cinnamoyl-3-(1H-pyrrol-1-yl)thiophene-2-carbohydrazide","C18 H15 N3 O2 S",337.08094,1.926,338.08822,"Invalid mass","No results","No results",NA,NA,NA,NA
0.0171627376348988,-0.00595551931436497,0.0102473909854405,0.0092888062437478,-0.0244086588915007,"Com_20228_pos","N-Phenyl-5-(4-(trifluoromethyl)phenyl)oxazol-2-amine","C16 H11 F3 N2 O",304.08664,5.331,305.09392,"Invalid mass","No results","No results","Organoheterocyclic compounds","Azoles","Oxazoles","Phenyl-1,3-oxazoles"
0.0190135624785456,-0.0118862264091712,0.0129533888002719,-0.0128203172175659,0.00174640946713215,"Com_20246_pos","2-(3-chloro-2-methylanilino)benzoic acid","C14 H12 Cl N O2",261.05695,6.11,262.06423,"Full match","No results","No results",NA,NA,NA,NA
0.0532817292343837,0.0563994982153327,0.0210372582775847,-0.00537836874444297,0.00699208453932385,"Com_20267_neg","Deoxyinosine","C10 H12 N4 O4",252.08677,4.888,251.07948,"No results","No results","Full match","Nucleosides, nucleotides, and analogues","Purine nucleosides","Purine 2'-deoxyribonucleosides","Purine 2'-deoxyribonucleosides"
0.0159576139082145,-0.00866141182013121,0.0213488514894238,0.0171126559254951,-0.0143156130964969,"Com_20277_pos","5-Hydroxymebendazole","C16 H15 N3 O3",297.11404,5.367,298.12132,"Invalid mass","No results","No results","Organoheterocyclic compounds","Benzimidazoles","2-benzimidazolylcarbamic acid esters","2-benzimidazolylcarbamic acid esters"
0.0230530602689787,-0.0198905871280931,0.0130765676073682,0.00330094431336947,-0.0016022927034978,"Com_20318_pos","(9cis)-Retinal","C20 H28 O",284.21453,6.41,285.22229,"Full match","No results","Full match","Lipids and lipid-like molecules","Prenol lipids","Retinoids","Retinoids"
0.0546071475571815,0.0385121154354801,0.00367038138094997,-0.0101506573462927,0.0178195379028978,"Com_20349_pos","1-Methyl-2-[(3S)-1-(3-phenylpropyl)-3-pyrrolidinyl]-1H-benzimidazole","C21 H25 N3",319.20071,5.037,320.20793,"Invalid mass","No results","No results","Benzenoids","Benzene and substituted derivatives","Phenylpropylamines","Phenylpropylamines"
0.0123812644771196,-0.0144146669538311,0.0261153936478148,-0.00710712112449086,0.020756593681293,"Com_2034_pos","Threonine","C4 H9 N O3",119.05923,1.393,120.06626,"Invalid mass","No results","No results","Organic acids and derivatives","Carboxylic acids and derivatives","Amino acids, peptides, and analogues","D-alpha-amino acids"
0.0156435698818462,-0.012195900200284,0.00469062712070346,0.0134112680637043,-0.0286963586839596,"Com_20376_pos","Dutasteride","C27 H30 F6 N2 O2",528.21468,5.394,529.22113,"Invalid mass","No results","No results",NA,NA,NA,NA
0.00441542997906631,-0.00224522908320524,-0.00189701804683252,0.00160585785330837,0.00707308431196642,"Com_20396_pos","LPC 16:0-SN1","C24 H50 N O7 P",495.33481,9.179,496.34207,"No results","Full match","Full match",NA,NA,NA,NA
0.0690318987155623,0.0589475514122104,0.00712980777944162,-0.00525346829281522,0.0041534053432472,"Com_20404_pos","(2E,4E)-N-[2-(4-hydroxyphenyl)ethyl]dodeca-2,4-dienamide","C20 H29 N O2",315.21705,4.905,316.22433,"Invalid mass","No results","No results",NA,NA,NA,NA
0.0120246743052726,-0.018798648662374,0.0181568409482672,-0.0192040199411729,-0.0462169755036904,"Com_2042_pos","Cinnamoylglycine","C11 H11 N O3",205.07485,5.693,206.08224,"Full match","Full match","Full match","Organic acids and derivatives","Carboxylic acids and derivatives","Amino acids, peptides, and analogues","N-acyl-alpha amino acids"
0.0087977649528022,0.00155045932307944,-0.012461123922675,0.00519146522572497,0.00172268175629389,"Com_2043_pos","cis,cis-Muconic acid","C6 H6 O4",142.02731,4.685,125.02404,"Full match","No results","Full match","Lipids and lipid-like molecules","Fatty Acyls","Fatty acids and conjugates","Medium-chain fatty acids"
0.024368267286683,-0.0418807901323721,0.0121360561813532,0.0144146109861608,0.0364108805499948,"Com_20460_neg","N1-morpholinocarbonyl-4-methylbenzene-1-sulfonamide","C12 H16 N2 O4 S",284.08476,1.591,283.07748,"Invalid mass","No results","No results",NA,NA,NA,NA
0.0137671549148768,-0.00573700170009006,0.00837550994923933,-0.00240210962413825,2.50270314228033e-05,"Com_20476_neg","(±)9-HpODE","C18 H32 O4",312.2317,6.974,311.22443,"Invalid mass","No results","No results",NA,NA,NA,NA
0.0200032869668525,-0.00567348458879506,0.00217122719981114,-0.0151218563886868,0.0007118858181774,"Com_2048_pos","Sedanolide","C12 H18 O2",194.13164,5.85,195.13895,"Full match","No results","No results","Organoheterocyclic compounds","Isobenzofurans","Not available","Isobenzofurans"
-0.0187472334672355,-0.0117890798988243,0.0242596535366355,0.0131493416813091,-0.0490172753837477,"Com_20530_neg","3'-Adenosine monophosphate (3'-AMP)","C10 H14 N5 O7 P",347.06216,5.08,346.05469,"Full match","No results","Full match","Nucleosides, nucleotides, and analogues","Ribonucleoside 3'-phosphates","Not available","Ribonucleoside 3'-phosphates"
0.0150932426399577,-0.00624157030993892,0.00644017592934032,-0.0104061156908252,-0.012757201677521,"Com_20532_pos","4-methyl-3-(methylthio)-5-undecyl-4H-1,2,4-triazole","C15 H29 N3 S",321.16231,6.623,322.16943,"Invalid mass","No results","No results",NA,NA,NA,NA
0.00164804756881826,-0.0404307779793291,0.0125677876952521,-0.00441854380003335,0.0263887899353896,"Com_2058_neg","3-Hydroxybutyric acid","C4 H8 O3",104.04669,2.737,103.03942,"Invalid mass","Invalid mass","No results","Organic acids and derivatives","Hydroxy acids and derivatives","Beta hydroxy acids and derivatives","Beta hydroxy acids and derivatives"
0.0175132843557487,-0.0160460156429612,-0.030738383351389,0.0116325091868336,-0.020446105584802,"Com_2059_pos","Nootkatone","C15 H22 O",218.16805,5.935,219.17539,"Full match","No results","No results","Lipids and lipid-like molecules","Prenol lipids","Sesquiterpenoids","Eremophilane, 8,9-secoeremophilane and furoeremophilane sesquiterpenoids"
0.0126123246433362,-0.0282961875744039,-0.0277450340553889,-0.00226186318647674,-0.00602566414251159,"Com_20600_pos","N,N-dimethyl-5-nitro-6-[3-(trifluoromethyl)phenoxy]pyrimidin-4-amine","C13 H11 F3 N4 O3",310.06859,2.024,311.07587,"Invalid mass","No results","No results",NA,NA,NA,NA
0.0129497077237709,-0.00435748689889906,-0.00426754457147854,0.00243231388013101,0.00341066614785424,"Com_2064_pos","Mesalamine","C7 H7 N O3",153.04332,4.92,154.05058,"Full match","No results","Full match","Benzenoids","Benzene and substituted derivatives","Benzoic acids and derivatives","Aminobenzoic acids"
0.0413694033889968,0.0168755198317415,0.00932411597986779,-0.00421417443801752,0.0209851056149836,"Com_20664_pos","(2E)-N-(4-acetamidobutyl)-3-(4-hydroxy-3-methoxyphenyl)prop-2-enamide","C16 H22 N2 O4",306.15919,5.028,307.16642,"Full match","No results","No results",NA,NA,NA,NA
0.0212306442221726,-0.0191235709711804,0.0424863071028868,-0.0325360325214423,-0.0476494256808544,"Com_20675_pos","Escitalopram","C20 H21 F N2 O",324.17,5.592,325.17733,"Invalid mass","No results","No results","Benzenoids","Benzene and substituted derivatives","Phenylbutylamines","Phenylbutylamines"
0.0211316877647739,0.0097218991032581,-0.0174708888221839,0.0140279545643385,-0.00624750155274779,"Com_20707_pos","1-(4-bromophenyl)-2-phenylethan-1-one","C14 H11 Br O",223.12176,3.94,224.12903,"Invalid mass","No results","No results",NA,NA,NA,NA
0.0163387001655298,-0.0142110898419979,-0.0172086112142282,0.010758834049025,0.00415982522098786,"Com_2070_neg","Ibuprofen metabolite B","C13 H16 O4",236.10615,5.988,235.09867,"Invalid mass","No results","No results","Phenylpropanoids and polyketides","Phenylpropanoic acids","Not available","Phenylpropanoic acids"
0.0190001358813733,-0.0107701767469099,0.00247663670257468,0.0305353970969511,0.0136447848606023,"Com_20729_pos","QQH","C16 H25 N7 O6",433.16591,5.693,434.17319,"Invalid mass","No results","No results",NA,NA,NA,NA
0.0139712076086717,0.00167769298630906,-0.00110538007944175,0.00755725488831057,0.0166067367632903,"Com_20789_pos","4,5-diphenyl-1,3-oxazole-2-thiol","C15 H11 N O S",253.05322,3.064,254.0605,"Invalid mass","No results","No results",NA,NA,NA,NA
0.0227808264236673,-0.0134572225319013,-0.0272359651616415,-0.0232941758881326,-0.0166496296032379,"Com_20824_pos","SNH","C13 H20 N6 O6",378.13068,5.984,379.13846,"Invalid mass","No results","No results",NA,NA,NA,NA
0.017834685210234,-0.0135082717487211,0.00459166510218622,0.0119384412352297,-0.0211387768981607,"Com_20843_pos","Sildenafil N-oxide","C22 H30 N6 O5 S",490.19864,5.316,491.20591,"Full match","No results","No results","Benzenoids","Benzene and substituted derivatives","Benzenesulfonamides","Benzenesulfonamides"
0.0263888437721699,-0.0167119456626218,-0.0191192590271193,-0.00346957116184036,-0.0068695730275035,"Com_2085_pos","Methionine","C5 H11 N O2 S",149.04707,2.005,321.08292,"Invalid mass","Invalid mass","No results","Organic acids and derivatives","Carboxylic acids and derivatives","Amino acids, peptides, and analogues","Methionine and derivatives"
0.02151275084382,-0.0255719810175074,-0.0820020952847754,0.0523578117333269,-0.0427909341503811,"Com_2089_neg","Quercetin-3β-D-glucoside","C21 H20 O12",464.09833,5.579,463.0912,"Invalid mass","No results","No results","Phenylpropanoids and polyketides","Flavonoids","Flavonoid glycosides","Flavonoid-3-O-glycosides"
0.010308959395913,-0.0149828014774715,0.00267139960355578,0.00630563922732106,0.0104966361376819,"Com_208_neg","L-Threonic acid","C4 H8 O5",136.03684,1.323,135.02956,"Full match","Full match","No results","Organic oxygen compounds","Organooxygen compounds","Carbohydrates and carbohydrate conjugates","Sugar acids and derivatives"
0.0285060542750844,-0.0266442351716485,0.00871653217679707,0.00450807215670397,-0.00433652227552544,"Com_20971_pos","LPC 11:0-SN1","C19 H40 N O7 P",425.25617,6.263,426.26344,"No results","Full match","Full match",NA,NA,NA,NA
0.0354943121213041,0.00630860472639162,-0.0375725274049862,0.00362526009497848,-0.0109125481367681,"Com_2097_neg","5-Methoxysalicylic acid","C8 H8 O4",168.0423,5.009,167.03502,"Full match","No results","Full match","Benzenoids","Benzene and substituted derivatives","Benzoic acids and derivatives","M-methoxybenzoic acids and derivatives"
0.0273316685160483,0.0155275771873484,0.0127089483430248,-0.00180601256842055,0.00110368744551781,"Com_20_neg","Citric acid","C6 H8 O7",192.02715,1.522,191.01988,"Full match","Full match","Full match","Organic acids and derivatives","Carboxylic acids and derivatives","Tricarboxylic acids and derivatives","Tricarboxylic acids and derivatives"
-0.018162880734506,-0.0231190113547728,0.00233377452953424,-0.00860195354750953,0.000819231519726453,"Com_21008_pos","TQH","C15 H24 N6 O6",384.17313,10.653,385.1804,"Invalid mass","No results","No results",NA,NA,NA,NA
0.041043862919097,0.0376107406001513,0.00994064580136273,0.00869091809794946,-0.00210226458014025,"Com_21013_neg","4-Amino-5-imidazolecarboxamide","C4 H6 N4 O",126.0536,4.698,125.04632,"No results","No results","Full match","Organoheterocyclic compounds","Azoles","Imidazoles","Aminoimidazoles"
0.00837400283033319,-0.0111806431881925,0.00303211436234827,-0.00491096377201765,0.0337700358869088,"Com_2104_neg","DL-Norvaline","C5 H11 N O2",117.07886,1.353,116.07133,"No results","No results","Full match","Organic acids and derivatives","Carboxylic acids and derivatives","Amino acids, peptides, and analogues","Alpha amino acids"
0.0155626426247479,-0.0068629348905941,-0.0289935257386214,0.0196480195048501,0.0109101911216598,"Com_21059_pos","Morphine 6-β-D-glucuronide","C23 H27 N O9",461.17078,4.56,462.17805,"Full match","No results","No results",NA,NA,NA,NA
0.0182409696865408,-0.0122943586842064,0.00370393571994165,-0.00715230105759152,0.00130951028296367,"Com_21079_pos","Tetrahydroaldosterone","C21 H32 O5",364.22645,6.357,365.23348,"No results","No results","Full match","Organoheterocyclic compounds","Oxepanes","Not available","Oxepanes"
0.0216234367328669,-0.00615056216583628,-0.0266406608835921,-0.0053229761240135,0.00217656599587657,"Com_21083_pos","Flunitrazepam-d3","C16 H9 [2]H3 F N3 O3",316.10777,5.091,317.11505,"Invalid mass","No results","No results",NA,NA,NA,NA
0.03328324293209,-0.00464685944995734,-0.0899283864862919,-0.0531794070421673,0.00883903469031832,"Com_21120_neg","UDP","C9 H14 N2 O12 P2",404.00411,3.611,402.99684,"No results","No results","Full match","Nucleosides, nucleotides, and analogues","Pyrimidine nucleotides","Pyrimidine nucleotide sugars","Pyrimidine nucleotide sugars"
0.0244797433610073,0.00421430857326962,-0.0258364976851379,-0.0147827048066819,0.0114064475191051,"Com_2116_pos","2-(acetylamino)-3-[4-(acetylamino)phenyl]acrylic acid","C13 H14 N2 O4",262.09658,5.413,263.104,"Full match","No results","No results",NA,NA,NA,NA
0.00237396198689342,-0.000609286226794298,0.000461389460852489,0.00306071388361545,0.00467904358164574,"Com_21173_pos","D-Glucarate","C6 H10 O8",210.0382,11.465,211.04547,"No results","No results","Full match","Organic oxygen compounds","Organooxygen compounds","Carbohydrates and carbohydrate conjugates","Glucuronic acid derivatives"
0.0395765532519537,0.0116030449212931,-0.0235806502127853,0.0165790813152897,-0.0116548346038649,"Com_2117_pos","2-oxopiperidine-3-carbohydrazide","C6 H11 N3 O2",157.08589,2.21,158.09317,"Full match","No results","No results",NA,NA,NA,NA
0.0196179801546795,-0.0182604325351138,-0.00350034796342516,0.000920776353119111,-0.0153880662127043,"Com_2121_pos","2-Naphthol","C10 H8 O",144.05812,5.697,145.06539,"No results","No results","Full match","Benzenoids","Naphthalenes","Naphthols and derivatives","Naphthols and derivatives"
0.00392873058755545,-0.000757912682735075,-0.0114006266913013,-0.0472727486947546,-0.0215106496401152,"Com_21225_pos","8-(1,2-dihydroxy-3-methylbut-3-en-1-yl)-7-methoxy-2H-chromen-2-one","C15 H16 O5",276.09872,6.744,277.106,"Full match","No results","No results",NA,NA,NA,NA
0.0249307334816678,-0.00109921236859288,-0.00824798044484162,0.00351130989495512,0.00512514893964521,"Com_21232_pos","1-(3-phenylpropanoyl)-4-piperidinecarboxylic acid","C15 H19 N O3",261.13763,5.179,262.14489,"Full match","No results","No results",NA,NA,NA,NA
0.00777952888628603,-0.0306429910377569,-0.0275342097361019,0.00277416821663484,-0.000131391976312358,"Com_21243_pos","(1E)-5-hydroxy-1,7-diphenylhept-1-en-3-one","C19 H20 O2",302.12422,1.385,303.13125,"Invalid mass","No results","No results",NA,NA,NA,NA
0.0183613428606127,-0.0357419474929096,0.0109147231517881,-0.00563974380430038,0.025193363087533,"Com_21264_pos","3,5-dimethyl-1-phenyl-1,5-dihydro-4H-pyrazolo[4,3-c]quinolin-4-one","C18 H15 N3 O",289.1172,1.93,290.12448,"Invalid mass","No results","No results",NA,NA,NA,NA
-0.00414504375412335,-0.00967895717899772,-0.0212731129096874,0.0117384484415171,-0.031341404771921,"Com_21272_neg","LPG 16:0","C22 H45 O9 P",484.28349,11.092,483.27621,"No results","Invalid mass","No results","Lipids and lipid-like molecules","Glycerophospholipids","Glycerophosphoglycerols","Phosphatidylglycerols"
0.00154630779949836,-0.00614521357800083,-0.0169690332929577,0.0131056952499107,-0.00248569995897097,"Com_212_pos","4-(dimethylamino)-1,1-diphenylbut-3-en-2-one","C18 H19 N O",265.1474,6.377,266.15467,"Full match","No results","No results",NA,NA,NA,NA
0.0230320811632462,-0.0105051655073034,0.0101128147487385,0.0118187536082686,0.00622515248717843,"Com_21327_neg","L-Threonic acid Calcium Salt","C8 H14 Ca O10",310.01986,5.027,309.01259,"No results","No results","Full match","Organic oxygen compounds","Organooxygen compounds","Carbohydrates and carbohydrate conjugates","Sugar acids and derivatives"
0.0208668392069754,-0.00958464601272979,-0.00670663075660912,-0.0323409397946985,-0.0194417587004127,"Com_2133_pos","Styrene","C8 H8",104.06263,5.434,231.1139,"No results","No results","Full match","Benzenoids","Benzene and substituted derivatives","Styrenes","Styrenes"
0.00673169315637509,-0.0334472912458322,0.0129123206804416,-0.0083876214945739,0.0251434467992054,"Com_2146_pos","Urocanic acid","C6 H6 N2 O2",138.04366,1.452,139.05093,"Invalid mass","Invalid mass","No results","Organoheterocyclic compounds","Azoles","Imidazoles","Imidazolyl carboxylic acids and derivatives"
0.0209161624638777,-0.00949453277326591,-0.00372562145513169,0.0149580074959055,-0.00724156009255726,"Com_21473_pos","5-oxo-1-[4-(trifluoromethyl)benzyl]pyrrolidine-3-carboxylic acid","C13 H12 F3 N O3",287.07805,5.914,288.08533,"Full match","No results","No results",NA,NA,NA,NA
0.00865682014889182,-0.0241062002885816,-0.00632053906016248,0.00469250887834693,0.0413028194671516,"Com_2150_neg","6-Sialyllactose","C23 H39 N O19",633.21284,1.35,632.20556,"No results","No results","Full match","Organic oxygen compounds","Organooxygen compounds","Carbohydrates and carbohydrate conjugates","N-acylneuraminic acids"
0.0218988792313621,-0.0121686368897306,-0.0129171993825594,0.00943325849191676,0.00975940436274434,"Com_21530_pos","Phe-Pro","C14 H18 N2 O3",262.13283,5.876,263.14029,"No results","No results","Full match","Organic acids and derivatives","Carboxylic acids and derivatives","Amino acids, peptides, and analogues","Dipeptides"
0.0076967590527307,-0.0199142668765741,-0.00594204507810555,-0.00363567558631573,0.00462121901626042,"Com_21562_pos","Psilocybin","C12 H17 N2 O4 P",284.09527,1.435,285.10254,"Invalid mass","No results","No results","Organoheterocyclic compounds","Indoles and derivatives","Tryptamines and derivatives","Tryptamines and derivatives"
0.0155179628567092,-0.0129845087749887,-0.0185452511647378,0.00265934996567001,-0.00109087532875578,"Com_2158_pos","3-benzyl-1-butyl-4-hydroxy-1,2-dihydroquinolin-2-one","C20 H21 N O2",156.05749,5.775,157.06539,"Invalid mass","No results","No results",NA,NA,NA,NA
0.0190323895203013,-0.013168041277376,-0.0242209015310265,0.0294624314315282,0.00494827428690657,"Com_21619_pos","Rhein","C15 H8 O6",284.03356,5.795,285.04084,"Invalid mass","No results","No results","Benzenoids","Anthracenes","Anthracenecarboxylic acids and derivatives","Anthracenecarboxylic acids"
0.00891686013087731,-0.00251923474306003,-0.0032545701590477,-0.00105697733735311,0.0134067322755049,"Com_2162_pos","Nicotinic acid","C6 H5 N O2",123.03263,5.102,124.0399,"Full match","No results","Full match","Organoheterocyclic compounds","Pyridines and derivatives","Pyridinecarboxylic acids and derivatives","Pyridinecarboxylic acids"
0.0290102578966343,-0.0115237844628564,-0.00409511290960473,-0.00284315443133984,-0.0264591721080192,"Com_21637_pos","Kanamycin","C18 H36 N4 O11",506.21895,6.303,507.22608,"Invalid mass","No results","No results","Organic oxygen compounds","Organooxygen compounds","Carbohydrates and carbohydrate conjugates","4,6-disubstituted 2-deoxystreptamines"
-0.000351128022561732,0.0019551301008672,0.00545010355534411,-0.00868257098781297,-0.00964816487749596,"Com_21673_neg","IDP","C10 H14 N4 O11 P2",428.0116,6.371,427.00407,"No results","No results","Full match","Nucleosides, nucleotides, and analogues","Purine nucleotides","Purine ribonucleotides","Purine ribonucleoside diphosphates"
0.0421117711503747,0.0100163540556245,0.0117175659211537,-0.00607317844969095,0.0226540205153156,"Com_21710_pos","8-Aminooctanoic acid","C8 H17 N O2",159.1259,5.067,357.21426,"No results","No results","Full match","Organic acids and derivatives","Carboxylic acids and derivatives","Amino acids, peptides, and analogues","Alpha amino acids and derivatives"
0.0553520709886463,0.0433039018315724,0.0156908216673913,0.00611470190519371,0.0110328806591468,"Com_2171_neg","Pseudouridine","C9 H12 N2 O6",244.07035,1.71,243.06307,"Full match","Full match","Full match","Nucleosides, nucleotides, and analogues","Nucleoside and nucleotide analogues","Not available","Nucleoside and nucleotide analogues"
0.0256314011003172,-0.00892735278037963,0.039834250676725,-0.0354264070704736,0.0194344254294646,"Com_21720_neg","12-Epileukotriene B4","C20 H32 O4",372.20109,7.13,371.19382,"Invalid mass","No results","No results","Lipids and lipid-like molecules","Fatty Acyls","Eicosanoids","Leukotrienes"
0.0158244960023049,-0.00877128815045762,0.0205602067966431,-0.00573267185697496,0.00338558112123499,"Com_21723_pos","2-[4-(2,4-dimethylphenyl)-1,3-thiazol-2-yl]pyrazine","C15 H13 N3 S",267.08397,1.353,268.09125,"Full match","No results","No results",NA,NA,NA,NA
0.0219535432278871,-0.0127367837165181,0.00596436931965545,0.0242845313223533,0.0106119702709512,"Com_21727_pos","4-(morpholinocarbothioyl)benzonitrile","C12 H12 N2 O S",232.06762,5.645,233.07487,"Full match","No results","No results",NA,NA,NA,NA
0.0167921058360396,-0.00664959731395802,0.00582228898408581,0.00344805130480197,-0.0266227588903906,"Com_21756_neg","Epigallocatechin gallate","C22 H18 O11",458.09055,5.338,457.08272,"Invalid mass","No results","No results","Phenylpropanoids and polyketides","Flavonoids","Flavans","Catechin gallates"
0.0281665559565889,-0.00756971807188318,0.00296088405008995,0.017490302672065,0.0218098942863038,"Com_21775_pos","Vindoline","C25 H32 N2 O6",456.23136,5.568,457.23864,"Invalid mass","No results","No results","Alkaloids and derivatives","Plumeran-type alkaloids","Not available","Plumeran-type alkaloids"
0.00779307655806145,-0.0234990603180912,-0.00591814765262584,-0.0334455864642436,-0.0177150969411839,"Com_21789_neg","N-{6-[(7-chloro-4-quinazolinyl)oxy]-3-pyridinyl}-4-methoxybenzamide","C21 H15 Cl N4 O3",406.08977,5.276,405.0825,"Invalid mass","No results","No results",NA,NA,NA,NA
0.0164896949519897,-0.0160322590963607,-0.00945549562120186,-0.0280812187501636,-0.0441998866711187,"Com_2179_pos","Methylhippuric acid","C10 H11 N O3",193.07496,5.501,194.08227,"Invalid mass","No results","No results","Organic acids and derivatives","Carboxylic acids and derivatives","Amino acids, peptides, and analogues","N-acyl-alpha amino acids and derivatives"
0.00455762544170801,-0.00466179627779954,0.00387239767618321,-0.0137024318783288,-0.0295833363984071,"Com_21817_neg","3-Chloro-L-tyrosine","C9 H10 Cl N O3",215.03493,5.362,214.02765,"No results","No results","Full match","Organic acids and derivatives","Carboxylic acids and derivatives","Amino acids, peptides, and analogues","Tyrosine and derivatives"
0.0193880370328548,-0.0106839366533707,-0.0301805676169173,0.00264293360802134,-0.0148411027262238,"Com_21825_neg","Methyl alpha-D-glucopyranoside","C7 H14 O6",194.07956,1.376,193.0722,"No results","No results","Full match",NA,NA,NA,NA
0.0174300635717406,0.00849585585184623,-0.0034053964839753,0.00563338827641281,0.0201388021693756,"Com_21833_pos","2-methyl-1,2-dihydrophthalazin-1-one","C9 H8 N2 O",160.06292,3.946,343.11469,"Full match","No results","No results",NA,NA,NA,NA
0.0169916573887649,-0.00703169925259756,0.0188306147992131,-0.00119727873896728,0.026052647227798,"Com_21846_neg","L-serine","C3 H7 N O3",105.04207,1.248,104.03479,"No results","No results","Full match","Organic acids and derivatives","Carboxylic acids and derivatives","Amino acids, peptides, and analogues","Serine and derivatives"
0.0233304095746002,-0.025107715929729,0.0199802971007539,0.00332101337539862,0.0537928331869987,"Com_21874_pos","WLH","C23 H30 N6 O4",454.23759,6.109,455.2449,"Invalid mass","No results","No results",NA,NA,NA,NA
0.0169404577710348,-0.00602773574471093,-0.0112613742066168,-0.00740232140736001,0.00141927458585556,"Com_21940_pos","(-)-Caryophyllene oxide","C15 H24 O",220.18375,7.275,221.19103,"Full match","No results","No results","Lipids and lipid-like molecules","Prenol lipids","Sesquiterpenoids","Sesquiterpenoids"
0.0149585152082775,-0.00496780496580975,0.00216131175206756,-0.00457962436068769,-0.00335755305598621,"Com_21961_pos","9-Oxo-10(E),12(E)-octadecadienoic acid","C18 H30 O3",294.22065,6.941,295.22779,"Full match","No results","Full match","Lipids and lipid-like molecules","Fatty Acyls","Lineolic acids and derivatives","Lineolic acids and derivatives"
0.0128876921207504,-0.0290112655119857,-0.0236418636646616,0.0359052433324258,-0.0185469044124408,"Com_21970_pos","Pelargonidin","C15 H10 O5",270.05428,6.665,271.06155,"Invalid mass","No results","No results","Phenylpropanoids and polyketides","Flavonoids","Hydroxyflavonoids","7-hydroxyflavonoids"
0.0132305039771547,-0.0168612287912843,-0.0806008458644712,0.00641316306095573,-0.0456395723903082,"Com_2200_pos","5,7-dihydroxy-3-(4-hydroxyphenyl)-4H-chromen-4-one","C15 H10 O5",124.03588,5.617,271.061,"Invalid mass","Invalid mass","No results",NA,NA,NA,NA
0.0258016698720957,-0.0151658707947762,0.00334577742930773,-0.0181314696335135,-0.013025924383314,"Com_22018_pos","Capsaicin","C18 H27 N O3",305.20026,6.335,306.20753,"Full match","Full match","No results","Benzenoids","Phenols","Methoxyphenols","Methoxyphenols"
-0.0110888572774522,-0.0139470663114419,-0.00451525471241609,-0.00616477649576319,-0.00238332490179773,"Com_22025_pos","6-Keto-prostaglandin f1alpha","C20 H34 O6",370.23384,6.612,371.24112,"No results","No results","Full match","Lipids and lipid-like molecules","Fatty Acyls","Eicosanoids","Prostaglandins and related compounds"
0.0210409955955744,-0.0157724729932645,0.0217438111287951,-0.0179597176680684,-0.0192312528165221,"Com_22158_pos","Pleuromutilin","C22 H34 O5",378.24281,6.574,379.25009,"Invalid mass","No results","No results",NA,NA,NA,NA
0.0079295690406162,-0.0116992186005726,0.0225767675754673,0.00644508163869045,-0.0237566897908032,"Com_2215_neg","5,5-Dimethylhydantoin","C5 H8 N2 O2",128.05809,5.374,127.05081,"Full match","No results","No results","Organoheterocyclic compounds","Azolidines","Imidazolidines","Hydantoins"
0.00388637854314563,0.00245888028821561,-0.0106616510770797,0.0181769648752763,0.0024814464335165,"Com_22174_pos","4-Hexyloxyaniline","C12 H19 N O",193.14797,7.049,194.15524,"Invalid mass","No results","No results",NA,NA,NA,NA
0.0522901926642277,0.0484197664295137,-0.0247113473575713,-0.0582092581436588,-0.0044975462418708,"Com_2217_pos","(2-morpholino-5-nitrophenyl)methanol","C11 H14 N2 O4",238.09374,4.445,239.10101,"Invalid mass","No results","No results",NA,NA,NA,NA
0.0165626967971633,-0.00800268635419162,0.0200036485373056,0.00146414560619192,-0.0111749597243007,"Com_22180_pos","Trehalose","C12 H22 O11",342.11537,6.054,343.12264,"No results","No results","Full match","Organic oxygen compounds","Organooxygen compounds","Carbohydrates and carbohydrate conjugates","O-glycosyl compounds"
0.0145825951867806,-0.0225584878804152,-0.00700366873552795,0.000912274214967649,0.00855794070837629,"Com_221_neg","Galacturonic acid","C6 H10 O7",194.04315,5.794,193.03589,"Full match","No results","Full match","Organic oxygen compounds","Organooxygen compounds","Carbohydrates and carbohydrate conjugates","Glucuronic acid derivatives"
0.0187776690735192,-0.00792315321437699,-0.0275548525806765,0.00749123978967353,0.00427961172776402,"Com_2220_neg","Dulcitol","C6 H14 O6",182.07961,1.298,181.07202,"Full match","Full match","Full match","Organic oxygen compounds","Organooxygen compounds","Carbohydrates and carbohydrate conjugates","Sugar alcohols"
0.0123837806669522,-0.0117213094134379,0.0288445785139994,-0.00378104346939646,0.00638323201675042,"Com_2221_pos","WNH","C21 H25 N7 O5",455.1963,5.77,456.20357,"Invalid mass","No results","No results",NA,NA,NA,NA
0.0149923581992149,-0.00972528863424947,0.00838694305657511,-0.017720533809963,0.0169638027859841,"Com_22247_neg","Lauric Acid","C12 H24 O2",200.17807,6.495,199.1708,"No results","No results","Full match","Lipids and lipid-like molecules","Fatty Acyls","Fatty acids and conjugates","Medium-chain fatty acids"
0.0216697552389383,-0.0132252874830862,0.00331804268677486,0.00760820342875556,0.00501909204210431,"Com_22273_pos","5,6-diphenyl-2,3-dihydropyrazine","C16 H14 N2",234.11699,6.149,235.12427,"Invalid mass","No results","No results",NA,NA,NA,NA
0.013925372843401,-0.0168998268464464,-0.0227853423392503,-0.00522456435306977,-0.0310083086768778,"Com_2227_pos","(2E)-3-(3,4-dimethoxyphenyl)prop-2-enoic acid","C11 H12 O4",190.06397,5.513,191.07129,"Invalid mass","No results","No results",NA,NA,NA,NA
0.0215546176901604,-0.0231343514433423,-0.0326986660144189,0.0634913480690823,-0.00976478163815157,"Com_2228_pos","N-Acetyl-DL-phenylalanine","C11 H13 N O3",207.08908,5.893,208.09636,"No results","No results","Full match","Organic acids and derivatives","Carboxylic acids and derivatives","Amino acids, peptides, and analogues","Phenylalanine and derivatives"
0.0203686232297165,-0.00198049558645099,0.0116797423894955,0.00163832034665483,-0.0299199616143663,"Com_22363_pos","N'3-(3,4,5-trimethoxybenzylidene)pyridine-3-carbohydrazide","C16 H17 N3 O4",353.07597,5.347,354.08325,"Invalid mass","No results","No results",NA,NA,NA,NA
0.027354284426552,-0.00698512125861091,0.0464032427973654,0.0247765585294691,-0.0653497338733387,"Com_22365_neg","Shikimic acid","C7 H10 O5",174.0468,5.143,210.99537,"No results","Invalid mass","No results","Organic oxygen compounds","Organooxygen compounds","Alcohols and polyols","Shikimic acids and derivatves"
-0.00740918017024969,0.00363755011319551,-0.0431925476497898,-0.00992004040819038,0.0151373070910822,"Com_2238_neg","Dl-3,4-Dihydroxymandelic Acid","C8 H8 O5",184.03755,5.58,183.03026,"No results","No results","Full match",NA,NA,NA,NA
0.0130866325514151,-0.022780128049216,0.0208648958415,0.0187769193482346,-0.0249357144972678,"Com_2238_pos","D-(-)-Glutamine","C5 H10 N2 O3",146.06986,5.39,147.07714,"Full match","Full match","Full match","Organic acids and derivatives","Carboxylic acids and derivatives","Amino acids, peptides, and analogues","D-alpha-amino acids"
0.023257075994115,-0.00520779295609452,0.00666253597961461,-0.00583805178327778,0.0150623258010127,"Com_22447_pos","7-Aminoflunitrazepam","C16 H14 F N3 O",283.10708,5.305,284.11453,"Invalid mass","No results","No results","Organoheterocyclic compounds","Benzodiazepines","1,4-benzodiazepines","1,4-benzodiazepines"
0.0262900933179802,-0.0103578468893933,0.0164278323269498,-0.019550334938102,-0.00879768633157556,"Com_22451_pos","N-[1-(4-methoxy-2-oxo-2H-pyran-6-yl)-2-methylbutyl]acetamide","C13 H19 N O4",270.15892,5.114,271.16622,"Invalid mass","No results","No results",NA,NA,NA,NA
0.0262880925163476,-0.0117046509587407,-0.0834353587242749,-0.0480677488232267,0.00211827962210523,"Com_2246_neg","Ciliatine","C2 H8 N O3 P",125.02338,5.138,124.0161,"Invalid mass","No results","No results","Organic acids and derivatives","Organic phosphonic acids and derivatives","Organic phosphonic acids","Organic phosphonic acids"
0.0206651550680277,-0.015567837308359,-0.00756673442062915,0.025051940586138,0.00122658326265495,"Com_22505_pos","4-[4-(trifluoromethyl)phenyl]-1,2,3-thiadiazol-5-amine","C9 H6 F3 N3 S",245.02603,5.54,246.03331,"Invalid mass","No results","No results",NA,NA,NA,NA
0.0227390350587025,-0.00694064449257733,-0.0209880484653066,-0.00379450205619563,0.01131599737815,"Com_22506_pos","2-cyano-3-(3,4-dimethoxyphenyl)acrylic acid","C12 H11 N O4",233.0696,5.214,234.07662,"Full match","No results","No results",NA,NA,NA,NA
0.0150647310665506,-0.0213320528699509,-0.00224934808963432,-0.0076720514857588,-0.00555689238311539,"Com_22535_neg","4-Methylumbelliferyl glucuronide","C16 H16 O9",352.08094,5.263,351.07366,"Full match","No results","No results","Phenylpropanoids and polyketides","Coumarins and derivatives","Coumarin glycosides","Coumarin glycosides"
0.0281130972305176,-0.0124471369366793,0.0194012180315732,-0.00344041333578511,0.00972359268784665,"Com_22544_neg","Sodium Dehydrocholate","C24 H33 Na O5",424.22293,5.275,423.21576,"No results","No results","Full match","Lipids and lipid-like molecules","Steroids and steroid derivatives","Bile acids, alcohols and derivatives","Bile acids, alcohols and derivatives"
0.0294270141531035,0.00148925232040995,0.0388127549398773,-0.00594111557258495,0.0334668186965652,"Com_22598_pos","2-deoxyglucose-6-phosphate","C6 H13 O8 P",244.03555,5.253,227.03262,"No results","No results","Full match","Organic acids and derivatives","Organic phosphoric acids and derivatives","Phosphate esters","Monoalkyl phosphates"
0.018099128215978,-0.00512267954976262,0.0107813647652104,0.0033689782037436,0.000716341890842862,"Com_22636_pos","DPK","C15 H26 N4 O6",358.18636,1.382,359.19359,"Full match","No results","No results",NA,NA,NA,NA
0.0181206443267892,-0.0104357087128283,-0.0104378396481475,-0.021736081687489,0.00790059650777444,"Com_22664_pos","Bz-RS-ISer(3-Ph)-Ome","C17 H17 N O4",299.11603,5.866,300.12325,"No results","No results","Full match",NA,NA,NA,NA
0.0109005775066409,0.00541460399971203,-0.00667445387703209,0.00381116174065985,-0.0129518562360012,"Com_22669_pos","Cyromazine","C6 H10 N6",166.0972,3.58,167.10447,"Full match","No results","No results","Organoheterocyclic compounds","Triazines","Aminotriazines","N-aliphatic s-triazines"
0.00373516955298358,-0.00837548712110396,-0.021019759418485,-0.0152121348397342,-0.00158061283153625,"Com_2267_neg","4-Anisic acid","C8 H8 O3",152.04754,5.749,151.04027,"Full match","Full match","Full match","Benzenoids","Benzene and substituted derivatives","Benzoic acids and derivatives","P-methoxybenzoic acids and derivatives"
0.03270478423739,-0.0314704578477553,0.0854101082062203,-0.0180936396133709,-0.0987953189335537,"Com_22684_pos","Glycolithocholic acid","C26 H43 N O4",433.32052,7.03,456.30988,"No results","No results","Full match","Lipids and lipid-like molecules","Steroids and steroid derivatives","Bile acids, alcohols and derivatives","Glycinated bile acids and derivatives"
0.028848482519303,-0.0291178863602712,0.0134573569940072,-0.00346937869859763,0.0236408343405227,"Com_22709_pos","Deoxycorticosterone 21-glucoside","C27 H40 O8",492.2737,6.669,493.28098,"Full match","No results","No results","Lipids and lipid-like molecules","Steroids and steroid derivatives","Steroidal glycosides","Steroidal glycosides"
0.0243868096316499,-0.0430572825551344,-0.0173032196445027,-0.00819707440918829,0.0132420008314436,"Com_22712_pos","N,5-Bis(3-nitrophenyl)oxazol-2-amine","C15 H10 N4 O5",326.06264,3.516,327.06992,"Invalid mass","No results","No results","Organoheterocyclic compounds","Azoles","Oxazoles","Phenyl-1,3-oxazoles"
0.0214982390885847,-0.0118218310001262,0.0202933471093499,0.0144274684608315,-0.0522092066600204,"Com_227_neg","β-Naphthoxyacetic Acid","C12 H10 O3",156.05828,5.385,201.0565,"Invalid mass","No results","No results","Benzenoids","Benzene and substituted derivatives","Phenoxyacetic acid derivatives","Phenoxyacetic acid derivatives"
0.00817656445351578,-0.023820370250969,-0.00151560858963339,-0.0113265057310006,0.0207317408167874,"Com_22813_pos","1-(2-pyridin-2-yldiazenyl)-2-naphthol","C15 H11 N3 O",249.08893,1.281,250.09639,"Invalid mass","No results","No results",NA,NA,NA,NA
0.00797114357611326,-0.015186478090061,0.0150453585105548,-0.02101392564689,0.0124869091559124,"Com_2284_pos","Asp-Phe methyl ester","C14 H18 N2 O5",294.12282,5.368,295.1301,"No results","No results","Full match",NA,NA,NA,NA
0.0304404310973381,-0.00649451665012392,0.00997906378529576,-0.00150668879492693,0.00097894984716236,"Com_22880_neg","Kinetin 9-riboside","C15 H17 N5 O5",347.12233,5.195,346.11505,"No results","No results","Full match","Nucleosides, nucleotides, and analogues","Purine nucleosides","Not available","Purine nucleosides"
0.00820395530491752,-0.00208654691383917,0.021995105409466,-0.00989706907925243,0.00228133757154836,"Com_22910_pos","3-hydroxy-4-methoxy-[2,2'-bipyridine]-6-carboxamide","C12 H11 N3 O3",267.06212,1.441,268.0694,"Invalid mass","No results","No results",NA,NA,NA,NA
0.00192349678358833,-0.00160446396830835,-0.000597726027343699,0.000637639092653887,-0.00286536311222183,"Com_22912_pos","4,7,8-trimethoxyfuro[2,3-b]quinoline","C14 H13 N O4",259.0837,11.09,260.09097,"Full match","No results","No results",NA,NA,NA,NA
0.000378998051028864,-0.00495042478342381,-0.00944398953569473,-0.0166095058502521,0.00600974433789981,"Com_22917_neg","3-amino-1H-pyrazolo[4,3-c]pyridine-4,6-diol","C6 H6 N4 O2",166.04824,9.109,165.04096,"Invalid mass","Invalid mass","No match",NA,NA,NA,NA
0.016623454514193,-0.00512310064377648,-0.00897437750202346,0.00394106044282389,0.00151604992682122,"Com_22924_neg","N1-{[5-(2,4-difluorophenyl)-2-furyl]methyl}benzene-1-sulfonamide","C17 H13 F2 N O3 S",349.06007,3.282,348.0528,"Full match","No results","No results",NA,NA,NA,NA
0.0152255000665759,-0.00989581710826169,-0.00801366596010925,0.00648137780963385,0.000655905350078043,"Com_22944_pos","5-Methylcytosine","C5 H7 N3 O",125.05884,5.25,126.06612,"No results","No results","Full match","Organoheterocyclic compounds","Diazines","Pyrimidines and pyrimidine derivatives","Hydroxypyrimidines"
0.0148009920233139,-0.000865516264071002,0.0212380486191934,-0.016323717490227,-0.0138772033451066,"Com_22951_neg","2,3-Dinor prostaglandin E1","C18 H30 O5",308.20044,7.295,307.19316,"Invalid mass","No results","No results","Lipids and lipid-like molecules","Fatty Acyls","Eicosanoids","Prostaglandins and related compounds"
0.0547167623631957,0.0289991535874078,-0.0388708630094906,-0.0155115370752895,0.0055406502268988,"Com_22964_pos","2-Ethyl-2-phenylmalonamide","C11 H14 N2 O2",206.10659,5.044,207.11381,"Invalid mass","No results","No results","Benzenoids","Benzene and substituted derivatives","Phenylacetamides","Phenylacetamides"
0.0304705599619839,-0.0128143162987557,-0.0744597554059973,0.0228804459536226,-0.0191130643736753,"Com_2298_pos","Gibberellic acid","C19 H22 O6",368.12573,6.337,369.13301,"Invalid mass","No results","No results","Lipids and lipid-like molecules","Prenol lipids","Diterpenoids","C19-gibberellin 6-carboxylic acids"
0.0158354693134715,-0.0096523106552538,0.0289883333272611,0.0130744439539937,-0.0162318614875519,"Com_23004_neg","5-[4-(tert-butyl)phenoxy]-6-nitroisoindoline-1,3-dione","C18 H16 N2 O5",147.05274,5.529,146.0456,"Invalid mass","No results","No match",NA,NA,NA,NA
0.00125912213847651,-0.00633278648080335,0.00152941798093954,-0.00581780269006192,0.0154936741861766,"Com_23037_pos","6-(2-furyl)-2-hydroxy-4-(methylthio)nicotinonitrile","C11 H8 N2 O2 S",232.03052,7.587,233.0378,"Full match","No results","No results",NA,NA,NA,NA
0.0152183969464025,-0.0129173726453553,-0.0530169965600577,0.0109165193837418,-0.0110478543539183,"Com_2305_pos","Genistein 4'-O-glucuronide","C21 H18 O11",446.08706,5.458,447.09433,"Full match","No results","No results","Phenylpropanoids and polyketides","Isoflavonoids","Isoflavonoid O-glycosides","Isoflavonoid O-glycosides"
0.048979900391687,0.0313916771868391,0.00477808610816611,0.00442997318425979,-0.0124797488548528,"Com_23071_pos","6-methyl-4-(morpholinomethyl)-2H-chromen-2-one","C15 H17 N O3",259.11822,2.137,260.1255,"Invalid mass","No results","No results",NA,NA,NA,NA
0.0149908834922227,-0.0203450033264244,0.0195227691748893,-0.00687601457980465,0.0164064608564271,"Com_23119_neg","L-Threonine","C4 H9 N O3",119.0578,1.298,118.05053,"No results","No results","Full match","Organic acids and derivatives","Carboxylic acids and derivatives","Amino acids, peptides, and analogues","L-alpha-amino acids"
0.0198430254723057,-0.0148627957955173,-0.0156123164934883,0.0295557278979427,-0.00328820844409535,"Com_23129_pos","6,7,8-trimethoxy-2-[3-(trifluoromethyl)phenyl]-4H-3,1-benzoxazin-4-one","C18 H14 F3 N O5",381.08688,5.764,382.09414,"Invalid mass","No results","No results",NA,NA,NA,NA
0.0290819502343832,-0.0264664516887344,0.019600072199484,-0.00430715570422554,0.00943685903642951,"Com_23156_pos","Diosgenin","C27 H42 O3",396.30442,7.28,397.3117,"Invalid mass","No results","No results","Lipids and lipid-like molecules","Prenol lipids","Triterpenoids","Triterpenoids"
0.0162522735776603,-0.00397624298471162,-0.00408199836761838,-0.011138482745134,-0.00968237703878981,"Com_23184_pos","13,14-Dihydro prostaglandin E1","C20 H36 O5",338.24489,7.057,339.25216,"Invalid mass","No results","No results","Lipids and lipid-like molecules","Fatty Acyls","Eicosanoids","Prostaglandins and related compounds"
-0.00183245775930274,0.00259410447774219,0.00100678058899357,-0.0131880363644935,-0.00887023657764321,"Com_23218_neg","2-[(3-methylbenzo[b]thiophen-2-yl)carbonyl]benzoic acid","C17 H12 O3 S",194.04312,0.636,193.03585,"Invalid mass","No results","No match",NA,NA,NA,NA
0.0128715862672746,0.00111508718400502,-0.0147915900714313,-0.0223968952678946,-0.00882689976647577,"Com_23249_pos","4-[2-(4-chlorophenyl)diaz-1-enyl]-2-methyl-6-(piperidinomethyl)phenol","C19 H22 Cl N3 O",343.14437,5.923,344.15166,"Full match","No results","No results",NA,NA,NA,NA
0.0208906143823143,-0.0118962698914207,-0.00504723120083347,0.0216931596336958,0.00679430381991035,"Com_23260_pos","Colchicoside","C27 H33 N O11",547.2004,5.781,548.20767,"Invalid mass","No results","No results","Organic oxygen compounds","Organooxygen compounds","Carbohydrates and carbohydrate conjugates","Phenolic glycosides"
0.0184383449087041,-0.011905402294576,0.00191974453462457,0.00670111860618011,0.0186753701367418,"Com_23272_pos","N-Methyloctan-1-amine","C9 H21 N",143.16805,5.206,144.17532,"Full match","No results","No results",NA,NA,NA,NA
0.0176536235571116,-0.0146317943774426,0.0184787782492596,0.000667015016137476,0.02099943287987,"Com_23274_neg","Dl-3-Hydroxynorvaline","C5 H11 N O3",133.07348,1.471,132.06624,"No results","No results","Full match","Organic acids and derivatives","Carboxylic acids and derivatives","Amino acids, peptides, and analogues","Alpha amino acids"
0.0213883957511693,-0.00232978847904993,0.00153294589426142,0.025453599165871,0.0246117582663198,"Com_2329_neg","5-[4-(4-methoxyphenoxy)phenyl]-1H-pyrazole","C16 H14 N2 O2",266.10173,5.107,265.09447,"Invalid mass","No results","No results",NA,NA,NA,NA
0.00632805754184613,-0.00733745883770114,0.000819153678600578,-0.00117510074000764,0.00816544425542125,"Com_2330_neg","D-Threose","C4 H8 O4",120.04189,5.16,119.03462,"No results","No results","Full match","Organic oxygen compounds","Organooxygen compounds","Carbohydrates and carbohydrate conjugates","Monosaccharides"
0.0145926229483436,-0.00229970777467728,-0.0114300422703915,0.0097463909977042,0.0232866403504133,"Com_23336_pos","L-Saccharopine","C11 H20 N2 O6",276.13334,1.322,277.14062,"Full match","Full match","Full match","Organic acids and derivatives","Carboxylic acids and derivatives","Amino acids, peptides, and analogues","Glutamic acid and derivatives"
0.0200784502792438,-0.0122008112676354,-8.40233988237392e-05,-0.00570337681365523,-0.000104168357289226,"Com_23345_pos","16,16-Dimethyl prostaglandin A1","C22 H36 O4",346.25197,6.517,347.25915,"Invalid mass","No results","No results","Lipids and lipid-like molecules","Fatty Acyls","Eicosanoids","Prostaglandins and related compounds"
0.0185620455309499,-0.0171897195443898,0.00410041176263858,0.0422497580631153,0.0416136333666896,"Com_2334_pos","Ambroxol","C13 H18 Br2 N2 O",375.97966,5.657,376.98694,"Full match","No results","No results","Benzenoids","Benzene and substituted derivatives","Phenylmethylamines","Phenylmethylamines"
0.017587770928608,-0.0175032466780882,-0.00322872851119336,0.0271999197565716,-0.0339983018834428,"Com_2338_pos","Glaucine","C21 H25 N O4",355.18005,5.368,356.18733,"Full match","No results","No results","Alkaloids and derivatives","Aporphines","Not available","Aporphines"
0.0256169671109883,0.00467394318439013,0.00797061051282254,0.0317902352940628,0.00348057790141145,"Com_23418_pos","FPH","C20 H25 N5 O4",437.14818,5.031,438.15547,"Invalid mass","No results","No results",NA,NA,NA,NA
0.0293639909631255,-0.0381354963523255,0.057014491386312,0.0104988352952965,-0.0465631669211197,"Com_2341_neg","Glycocholic acid","C26 H43 N O6",465.30965,6.237,464.30236,"Full match","Full match","Full match","Lipids and lipid-like molecules","Steroids and steroid derivatives","Bile acids, alcohols and derivatives","Glycinated bile acids and derivatives"
0.0139813043366908,0.0192488597578637,0.02758603978599,-0.0185588711773764,0.0185869631587908,"Com_2343_pos","methyl 3,4,5-trihydroxycyclohex-1-ene-1-carboxylate","C8 H12 O5",210.05147,5.263,211.05871,"Invalid mass","No results","No results",NA,NA,NA,NA
0.00455759841446054,0.0136824568093139,-0.0151967079970673,-0.000728206478978821,-0.0233045746406538,"Com_23471_pos","1,7-bis(3,4-dihydroxyphenyl)heptan-3-one","C19 H22 O5",330.14602,6.452,331.15329,"Full match","No results","No results",NA,NA,NA,NA
0.0350602417297505,-0.000574677242936873,-0.0299317828506751,-0.0130553529205045,-0.00842121723017363,"Com_23500_pos","N-(2,6-Dimethylphenyl)-N-(methoxyacetyl) alanine","C14 H19 N O4",265.13226,4.88,266.13957,"Full match","No results","No results","Organic acids and derivatives","Carboxylic acids and derivatives","Amino acids, peptides, and analogues","N-acyl-alpha amino acids"
0.0248535756846775,0.000999028386411764,-0.00812894091804249,-0.0163134828198284,0.00847731583629471,"Com_23516_pos","3-(propan-2-yl)-octahydropyrrolo[1,2-a]pyrazine-1,4-dione","C10 H16 N2 O2",214.13258,5.334,215.13999,"Invalid mass","No results","No results",NA,NA,NA,NA
0.0172130811200428,-0.0189318680874888,0.00599863582279253,-0.00477582135983457,-0.00304376023371842,"Com_23517_pos","20-Hydroxy prostaglandin F2α","C20 H34 O6",352.22635,5.807,353.23345,"Invalid mass","No results","No match","Lipids and lipid-like molecules","Fatty Acyls","Eicosanoids","Prostaglandins and related compounds"
0.0206057136618588,0.00418040271716747,0.00578735810530617,-0.0114772967497414,-0.0137779287870722,"Com_23526_pos","1-(3-ethyl-2,4-dihydroxy-6-methoxyphenyl)butan-1-one","C13 H18 O4",220.10835,6.566,221.11563,"Invalid mass","No results","No results",NA,NA,NA,NA
0.0175375238876811,-0.00946090604679476,0.00156106505567073,0.00366684438236186,-0.0227940664633459,"Com_23560_pos","(4-benzoylpiperidino)[4-(tert-butyl)phenyl]methanone","C23 H27 N O2",387.15517,5.376,388.16168,"Invalid mass","No results","No results",NA,NA,NA,NA
0.00611675805124234,-0.0349155568822316,-0.0208923645415133,0.00853875934061361,0.0309311264053626,"Com_23580_neg","N1-[1-[(4-fluoroanilino)carbonyl]-2-(2-thienyl)vinyl]benzamide","C20 H15 F N2 O2 S",366.08214,1.473,365.07486,"Full match","No results","No results",NA,NA,NA,NA
0.0199869241429098,-0.0197151213854756,0.0237002940830231,0.00714719714567157,-0.0617186907851863,"Com_2358_neg","1-(1,8-dihydroxy-3,6-dimethyl-2-naphthyl)ethan-1-one","C14 H14 O3",230.09537,5.488,229.0881,"Full match","No results","No results",NA,NA,NA,NA
0.00496322876956399,-0.0200232902852445,0.00425834561317098,-0.00301464217653116,-0.0019148723853494,"Com_23631_neg","Tetracycline","C22 H24 N2 O8",444.1457,1.555,443.13843,"Invalid mass","No results","No results","Phenylpropanoids and polyketides","Tetracyclines","Not available","Tetracyclines"
0.00630323964037391,-0.0201181891639536,0.0135682329005057,0.0181817918045506,-0.0242166150027864,"Com_23663_pos","Adenosine 5'-monophosphate","C10 H14 N5 O7 P",347.06467,1.504,348.07212,"Full match","Full match","Full match","Nucleosides, nucleotides, and analogues","Purine nucleotides","Purine ribonucleotides","Purine ribonucleoside monophosphates"
0.0121517962903326,-0.00876266290748514,0.0188397441747935,0.00421136065373295,0.0328927246694327,"Com_23675_pos","5-oxo-3-phenyl-5-(2-quinolinylamino)pentanoic acid","C20 H18 N2 O3",334.12889,1.347,335.13616,"Invalid mass","No results","No results",NA,NA,NA,NA
0.0237554406769381,-0.023861800659806,0.00683288050645007,-0.00891770136353109,0.00237269456694088,"Com_23687_pos","Vitamin A","C20 H30 O",286.23085,6.649,287.23806,"No results","No results","Full match","Lipids and lipid-like molecules","Prenol lipids","Retinoids","Retinoids"
0.0233495316496512,-0.0107095480274438,0.0102838581121759,0.0146248704336196,0.00239430714629259,"Com_23709_pos","2-piperidinophenyl 4-(acetylamino)-3-chlorobenzenesulfonate","C19 H21 Cl N2 O4 S",408.09222,6.152,409.0995,"Full match","No results","No results",NA,NA,NA,NA
-0.0039051767768083,-0.0244061153344981,-0.00295926071691714,0.00551240610524069,0.0132212987030328,"Com_23716_pos","4-styrylpyridine","C13 H11 N",181.08571,1.585,182.09298,"Invalid mass","No results","No results",NA,NA,NA,NA
0.0219358506283387,-0.0161825239285882,-0.00944899821167765,-0.00655424779442754,-0.00531640249913459,"Com_2371_neg","N-Acetyl-L-cysteine","C5 H9 N O3 S",163.03037,5.921,162.02309,"Full match","No results","Full match","Organic acids and derivatives","Carboxylic acids and derivatives","Amino acids, peptides, and analogues","N-acyl-L-alpha-amino acids"
0.0195456569140046,-0.0123348408653271,0.00866264610349394,0.0289206403043777,0.0116137172599546,"Com_23791_pos","N,5-diphenyl-1,3,4-oxadiazole-2-carboxamide","C15 H11 N3 O2",287.0627,5.702,288.06998,"Invalid mass","No results","No results",NA,NA,NA,NA
0.037436781111432,-0.00139169172088228,0.0107844552524454,0.0056298026943869,0.0223164821902037,"Com_23798_pos","2-[(3S)-1-(2-Thienylmethyl)-3-pyrrolidinyl]-1,3-benzothiazole","C16 H16 N2 S2",300.07904,5.088,301.08633,"Invalid mass","No results","No results","Organoheterocyclic compounds","Benzothiazoles","Not available","Benzothiazoles"
0.0245120903861626,0.00640373830290344,0.00402920661735091,-0.00620316315711312,-0.0135097707821756,"Com_23850_pos","T-2 Triol","C20 H30 O7",404.18252,6.386,405.18979,"Invalid mass","No results","No results","Lipids and lipid-like molecules","Prenol lipids","Sesquiterpenoids","Trichothecenes"
0.017238540383437,-0.0169046798665688,-0.00988966729941597,0.00882653614820767,-0.0042374780453259,"Com_23851_neg","4-((5-(4-Nitrophenyl)oxazol-2-yl)amino)benzonitrile","C16 H10 N4 O3",306.07598,6.009,305.06869,"Full match","No results","No results","Organoheterocyclic compounds","Azoles","Oxazoles","Phenyl-1,3-oxazoles"
0.0201816599486823,-0.0134349194895232,0.00386870301191845,0.016373714336078,-0.00460661886692385,"Com_23854_pos","N'-hydroxy-2-methyl-1,3-thiazole-4-carboximidamide","C5 H7 N3 O S",179.01473,5.81,180.022,"Invalid mass","No results","No results",NA,NA,NA,NA
0.0168161844523324,-0.0148035988195785,0.0036851664362575,-0.00507408753375498,0.0113958503116589,"Com_2385_neg","L-(-)-Malic acid","C4 H6 O5",134.02113,1.43,133.01389,"Full match","No results","Full match","Organic acids and derivatives","Hydroxy acids and derivatives","Beta hydroxy acids and derivatives","Beta hydroxy acids and derivatives"
0.0235092160327452,-0.0232296460366805,0.0554088388426309,-0.00443689724243689,-0.0579039604136404,"Com_23867_pos","Docosahexaenoyl Ethanolamide","C24 H37 N O2",371.28409,6.306,372.2915,"Full match","No results","No results","Organic nitrogen compounds","Organonitrogen compounds","Amines","N-acylethanolamines"
0.0270405309300524,-0.0175097065235747,-0.0187455905659655,-0.0155608304191538,-0.00171999831562678,"Com_23892_neg","2-{1-[2-(4-benzhydrylpiperazino)-2-oxoethyl]cyclopentyl}acetic acid","C26 H32 N2 O3",420.23859,6.218,419.23132,"Invalid mass","No results","No results",NA,NA,NA,NA
0.0255353664626624,0.0150247029888241,-0.0112824400995917,0.00775957826782586,0.0094431647904383,"Com_23920_neg","2'-Deoxyinosine","C10 H12 N4 O4",252.08561,2.305,251.07834,"Full match","No results","Full match","Nucleosides, nucleotides, and analogues","Purine nucleosides","Purine 2'-deoxyribonucleosides","Purine 2'-deoxyribonucleosides"
-0.00204850141820793,-0.00523701320185154,-0.00908583977696645,-0.00776656639975515,0.00072382800050204,"Com_23948_pos","4-(benzoylamino)-3-hydroxybutanoic acid","C11 H13 N O4",410.15027,2.238,206.08241,"Invalid mass","No results","No results",NA,NA,NA,NA
0.0301533145809022,-0.0222734037184095,0.0094834053060163,0.00651311473061763,-0.0034246751988449,"Com_23972_neg","1-methyl-N-(4-piperidinophenyl)-1H-imidazole-4-sulfonamide","C15 H20 N4 O2 S",320.13115,6.297,319.12388,"Full match","No results","No results",NA,NA,NA,NA
0.0305566346680332,-0.019842498923871,-0.00577237286370133,-0.0230426153878938,-0.0712294137962328,"Com_2397_neg","Pyridoxal 5'-Phosphate","C8 H10 N O6 P",247.02492,5.257,246.01764,"No results","No results","Full match","Organoheterocyclic compounds","Pyridines and derivatives","Pyridine carboxaldehydes","Pyridoxals and derivatives"
0.0100126945252563,-0.0153535673708299,0.00455168931669554,0.000845574000949431,0.0215226997646534,"Com_23988_pos","N'1-methyl-N'1-[2-nitro-4-(trifluoromethyl)phenyl]ethanohydrazide","C10 H10 F3 N3 O3",294.09476,1.315,295.10217,"Invalid mass","No results","No results",NA,NA,NA,NA
0.0149215550828945,0.00136989018633046,-0.0202184592879755,8.93059021593524e-05,0.000906761864921429,"Com_2398_pos","trans-Anethole","C10 H12 O",148.08896,5.357,149.09662,"Full match","No results","No results","Benzenoids","Phenol ethers","Anisoles","Anisoles"
0.00518172027531758,0.0285259135805364,-0.00507185138816383,0.00439373102121469,-0.00441731521838886,"Com_24017_pos","N-(2,4-dichlorobenzyl)-N-(3-pyridinylmethyl)benzamide","C20 H16 Cl2 N2 O",370.05936,6.615,371.06664,"Invalid mass","No results","No results",NA,NA,NA,NA
0.0153856874118612,-0.0113866377654736,-4.75439391443642e-05,0.0309580626381338,0.0083733226220409,"Com_24056_neg","Adenylyl Sulfate","C10 H14 N5 O10 P S",427.01837,6.017,426.0111,"No results","No results","Full match",NA,NA,NA,NA
0.0345765787355108,-0.00516934660827706,-0.0128457632699692,-0.102070039884346,-0.0240761369980276,"Com_2406_neg","Genipin","C11 H14 O5",208.0741,5.079,207.06683,"Invalid mass","No results","No match","Lipids and lipid-like molecules","Prenol lipids","Monoterpenoids","Iridoids and derivatives"
0.00895616870981158,-0.00474959288604839,-0.00365487538569856,-0.00850943906764582,-0.0191677835729778,"Com_24107_pos","2-[(3S)-1-(1H-Indol-3-ylmethyl)-3-pyrrolidinyl]-1H-benzimidazole","C20 H20 N4",316.16622,6.476,317.17349,"Invalid mass","No results","No results","Organoheterocyclic compounds","Indoles and derivatives","Indoles","3-alkylindoles"
0.0174919238751694,-0.0179886200522073,-0.0186454608451212,-0.00135895694819033,-0.00130656076493031,"Com_24133_pos","methyl isoquinoline-3-carboxylate","C11 H9 N O2",170.03759,5.991,171.04482,"Invalid mass","No results","No results",NA,NA,NA,NA
0.0636088538128642,0.0210465867232127,-0.0270707650660334,0.00349117590099918,0.0126692960249399,"Com_2414_pos","1-methyl-3,5-di(1-naphthylmethylidene)piperidin-4-one","C28 H23 N O",285.12325,4.037,286.13052,"Invalid mass","No results","No results",NA,NA,NA,NA
0.0165552379492377,-0.0147789737643806,-0.0215812422005924,0.00717041930432633,-0.00206162329489915,"Com_24159_neg","Resveratrol","C14 H12 O3",228.07948,6.012,227.0722,"Full match","No results","No results","Phenylpropanoids and polyketides","Stilbenes","Not available","Stilbenes"
0.0180534249093415,1.82075594664984e-05,-0.00632241703264803,-0.00290789740536642,0.00749317342829122,"Com_24175_neg","L-Anserine","C10 H16 N4 O3",240.12359,1.254,239.11631,"Invalid mass","No results","No results","Organic acids and derivatives","Peptidomimetics","Hybrid peptides","Hybrid peptides"
0.035286602637402,0.0241041098106627,0.0196562543621174,0.000556089549739833,0.0097262303475203,"Com_2420_neg","2-Amino-3-(4-hydroxy-3-methoxyphenyl)propanoic acid","C10 H13 N O4",211.08496,3.919,210.07768,"Full match","No results","Full match","Organic acids and derivatives","Carboxylic acids and derivatives","Amino acids, peptides, and analogues","Tyrosine and derivatives"
-0.00441966678405713,-0.00507416850571703,-0.00782105811641139,0.00253129257388523,-0.00377345279331724,"Com_24219_neg","2-{[(cyanoimino)(methylthio)methyl]amino}propane","C6 H11 N3 S",157.06562,0.533,156.05834,"Invalid mass","No results","No results",NA,NA,NA,NA
0.0226010111358159,-0.0141925624133149,0.000181476526050798,0.0270347205732516,0.00838296178367073,"Com_24237_pos","N1-(2,4-dimethylphenyl)-2-(2,4-dichlorophenoxy)propanamide","C17 H17 Cl2 N O2",337.06493,5.659,338.0722,"Full match","No results","No results",NA,NA,NA,NA
0.0106046854506219,0.00384810763901015,0.00334162956717355,-0.0150897493727259,-0.0187768257972518,"Com_24251_pos","KPH","C17 H28 N6 O4",362.2086,7.014,363.21588,"Invalid mass","No results","No match",NA,NA,NA,NA
0.0438949705030812,0.01645946081447,0.0140640931333403,-0.00247654132693941,0.0141377650234443,"Com_24259_neg","Thymidine","C10 H14 N2 O5",242.09113,2.994,241.08386,"Full match","No results","Full match","Nucleosides, nucleotides, and analogues","Pyrimidine nucleotides","Pyrimidine deoxyribonucleotides","Pyrimidine 2'-deoxyribonucleoside monophosphates"
-0.0146334317173073,-0.0228097668843457,0.00301212895606464,-0.00849910678319872,-0.00933526973531533,"Com_2426_neg","Palmitic acid","C16 H32 O2",256.24151,10.218,255.23422,"Full match","No results","No results","Lipids and lipid-like molecules","Fatty Acyls","Fatty acids and conjugates","Long-chain fatty acids"
0.026621961607174,-0.00884454604467021,-0.00103522776419595,0.00214029911972196,0.00670856517179296,"Com_24273_pos","Gly-Tyr-Ala","C14 H19 N3 O5",309.13395,5.257,310.14093,"No results","No results","Full match","Organic acids and derivatives","Carboxylic acids and derivatives","Amino acids, peptides, and analogues","Oligopeptides"
0.00924218494831111,-0.0149276579519306,-0.0263412012782839,-0.00383335848645408,0.000262167370192841,"Com_2427_pos","3',4'-Dihydroxyphenylacetone","C9 H10 O3",166.06386,5.605,167.07115,"Invalid mass","Invalid mass","No results","Benzenoids","Benzene and substituted derivatives","Phenylpropanes","Phenylpropanes"
0.046700166823951,0.00757421733507073,0.0120609839657022,0.0036321712147317,0.0189210114728134,"Com_24299_pos","5-[(2-hydroxybenzylidene)amino]-2-(2-methoxyethoxy)benzoic acid","C17 H17 N O5",315.10801,1.799,316.11529,"Invalid mass","No results","No results",NA,NA,NA,NA
0.0129407408466846,0.000628848692134918,-0.00432491437420892,-0.00653044303053519,-0.00240359067311724,"Com_24345_pos","Abametapir","C12 H12 N2",184.10053,4.903,185.1078,"No results","No results","Full match","Organoheterocyclic compounds","Pyridines and derivatives","Bipyridines and oligopyridines","Bipyridines and oligopyridines"
-0.0087175158703888,-0.00225677100937837,0.00173575439095497,0.00326877655423874,0.000861336875377666,"Com_24386_pos","5-Methyl-8-nitro-3-spirocyclohexyl-2,3,4,5-tetrahydro-1H-2-benzazepine","C16 H22 N2 O2",274.16941,6.379,275.17673,"Full match","No results","No results",NA,NA,NA,NA
0.0216342747837901,-0.0141848278910867,0.00184022805768999,0.0193105104487934,0.0132357220263269,"Com_24387_pos","Linustatin","C16 H27 N O11",426.18055,5.603,427.18802,"Invalid mass","No results","No results","Organic oxygen compounds","Organooxygen compounds","Carbohydrates and carbohydrate conjugates","Cyanogenic glycosides"
0.0195513667074937,-0.0148938635270331,-0.0286795509586978,0.0191339760052027,0.00289286587475272,"Com_24403_pos","5-hydroxy-6,7-dimethoxy-2-phenyl-4H-chromen-4-one","C17 H14 O5",280.0748,5.829,281.08208,"Invalid mass","No results","No results",NA,NA,NA,NA
0.00942444412588906,-0.00705123090310262,0.0273254243035439,-0.011221080332959,0.0350883797096731,"Com_24406_neg","N-Acetyl-D-alloisoleucine","C8 H15 N O3",127.09927,5.606,126.0917,"Invalid mass","Invalid mass","No results","Organic acids and derivatives","Carboxylic acids and derivatives","Amino acids, peptides, and analogues","Isoleucine and derivatives"
-0.0258155805767355,-0.100530715797673,-0.00483844841818826,-0.00110603912932953,0.0248168742582661,"Com_2451_neg","Vanillyl mandelic acid","C9 H10 O5",198.0536,2.225,197.04632,"Full match","No results","Full match","Benzenoids","Phenols","Methoxyphenols","Methoxyphenols"
0.0254204100106437,0.0122389148942127,-0.031851748202078,0.000812473722587093,-0.00338209959071347,"Com_2453_neg","Kojic acid","C6 H6 O4",142.02683,4.82,141.01892,"No results","No results","Full match","Organoheterocyclic compounds","Pyrans","Pyranones and derivatives","Pyranones and derivatives"
0.0379897037548366,0.0105848435503699,-0.0309217957266184,-0.0183829966288033,-0.00656170933777396,"Com_24566_pos","Tetramethylpyrazine","C8 H12 N2",136.10065,4.859,137.10793,"Full match","No results","No results",NA,NA,NA,NA
-0.00757534560263728,-0.0692698889066848,0.0133665051983845,-0.00994200202830741,0.0153760612469976,"Com_24571_neg","N,5-Bis(3-(trifluoromethyl)phenyl)oxazol-2-amine","C17 H10 F6 N2 O",372.06514,1.605,371.05786,"Invalid mass","No results","No results","Organoheterocyclic compounds","Azoles","Oxazoles","Phenyl-1,3-oxazoles"
0.0147427378297719,0.000655969033516669,0.0407749566940449,0.0315465370740334,-0.0606800317549408,"Com_24591_pos","dAMP","C10 H14 N5 O6 P",331.06835,4.949,332.07563,"No results","No results","Full match","Nucleosides, nucleotides, and analogues","Purine nucleotides","Purine deoxyribonucleotides","Purine 2'-deoxyribonucleoside monophosphates"
0.0202989386122359,-0.00872015195401744,0.00791765731279687,-0.00101041284346207,0.000554684146053309,"Com_24601_pos","2-Deoxyuridine","C9 H12 N2 O5",228.07571,1.613,229.08287,"No results","No results","Full match","Nucleosides, nucleotides, and analogues","Pyrimidine nucleosides","Pyrimidine 2'-deoxyribonucleosides","Pyrimidine 2'-deoxyribonucleosides"
0.00974463475018602,0.0214267086276833,-0.00142085315752708,0.00756524343942895,-0.00530799177953158,"Com_24650_pos","N,N-Dimethyldecylamine N-oxide","C12 H27 N O",201.21006,6.176,202.21734,"Full match","No results","No results","Organic nitrogen compounds","Organonitrogen compounds","Aminoxides","Long-chain alkyl amine oxides"
0.0577476725204613,0.0435600690794029,0.0160540699279944,0.00709045668733123,0.0120142011150757,"Com_2466_neg","Lipoic acid","C8 H14 O2 S2",206.04349,2.554,205.03621,"Full match","No results","Full match","Organoheterocyclic compounds","Dithiolanes","Lipoic acids and derivatives","Lipoic acids and derivatives"
0.00457422125922406,0.00510914674601605,-0.0227645525722627,-0.0512474787586744,0.00195040828584248,"Com_2469_pos","D-Tagatose","C6 H12 O6",180.06615,5.759,181.07343,"No results","Invalid mass","No results","Organic oxygen compounds","Organooxygen compounds","Carbohydrates and carbohydrate conjugates","Monosaccharides"
0.034828508263458,-0.000624166888643871,0.01321372556561,-0.000467040078008088,0.0131533815138056,"Com_246_pos","P-Aminohippuric Acid","C9 H10 N2 O3",194.07009,5.014,195.07737,"No results","No results","Full match","Benzenoids","Benzene and substituted derivatives","Benzoic acids and derivatives","Hippuric acids"
0.0156721832820644,-0.0175461308572474,0.0339194675934599,0.0141259809026354,-0.0540128929878994,"Com_24767_neg","albiflorin","C23 H28 O11",526.16627,5.537,525.159,"Invalid mass","No results","No results","Lipids and lipid-like molecules","Prenol lipids","Terpene glycosides","Terpene glycosides"
0.0220494957617341,-0.00656712868399601,0.0237872945267767,0.00766538130104614,0.0166040486913648,"Com_24777_pos","Cortodoxone","C21 H30 O4",346.21574,5.602,347.22304,"No results","No results","Full match","Lipids and lipid-like molecules","Steroids and steroid derivatives","Hydroxysteroids","21-hydroxysteroids"
0.014528537852837,-0.0185873478467841,-0.02122635520381,0.0137680743920635,-0.00368711033665,"Com_24868_neg","Kaempferitrin","C27 H30 O14",578.16784,6.271,577.16057,"Invalid mass","No results","No results","Phenylpropanoids and polyketides","Flavonoids","Flavonoid glycosides","Flavonoid-7-O-glycosides"
0.0609023854131494,0.0328712729072812,0.0146248035971564,-0.00696305236973492,0.0243117564124659,"Com_24892_pos","UR-144 N-(2-hydroxypentyl) metabolite","C21 H29 N O2",327.21684,4.995,328.22412,"Invalid mass","No results","No results","Organoheterocyclic compounds","Indoles and derivatives","N-alkylindoles","N-alkylindoles"
0.0185847804526925,-0.0151587271147523,-0.0112677777966196,0.0174403117441786,0.00526082183406918,"Com_24899_pos","3-[3,5-bis(trifluoromethyl)phenyl]-N'-hydroxyprop-2-enimidamide","C11 H8 F6 N2 O",280.04313,5.87,281.05023,"Invalid mass","No results","No results",NA,NA,NA,NA
0.0196322169891323,-0.0123811280909578,-0.0107328051705471,-0.00894569466636072,-0.00377671317484345,"Com_24903_pos","octadec-9-ynoic acid","C18 H32 O2",262.23081,7.062,263.23811,"Invalid mass","No results","No results",NA,NA,NA,NA
0.0199645559127908,-0.0254813441934332,0.0282543586047715,0.00587005115049874,-0.00954244014083364,"Com_2491_pos","2-Methoxyestrone","C19 H24 O3",300.17398,6.267,301.18128,"Full match","No results","Full match","Lipids and lipid-like molecules","Steroids and steroid derivatives","Estrane steroids","Estrogens and derivatives"
0.0399979188453914,0.0312341938891704,0.0338601370664505,-0.0054303710746029,0.0274616932817698,"Com_25002_pos","methyl 6-{[4-(trifluoromethyl)anilino]carbonyl}nicotinate","C15 H11 F3 N2 O3",306.05951,4.697,307.06678,"Invalid mass","No results","No results",NA,NA,NA,NA
0.00699409459539751,-0.0101095761919086,0.00889215725918109,2.04536857828685e-05,-0.0717351426889422,"Com_2500_pos","Riboflavin-5-phosphate","C17 H21 N4 O9 P",456.10565,5.708,457.11293,"No results","No results","Full match","Nucleosides, nucleotides, and analogues","Flavin nucleotides","Not available","Flavin nucleotides"
0.00561420159613728,-0.00753456472217942,0.00538102287504379,0.00371168956732166,-0.00170481244991813,"Com_25030_pos","Methandrostenolone","C20 H28 O2",300.20951,5.633,301.21739,"No results","No results","Full match","Lipids and lipid-like molecules","Steroids and steroid derivatives","Androstane steroids","Androgens and derivatives"
0.058067568085963,0.02816036802772,0.0160876496704925,0.0258145894327086,-0.0274318378997581,"Com_2504_pos","Hydrocodone","C18 H21 N O3",299.14939,2.762,300.15666,"Invalid mass","No results","No results","Alkaloids and derivatives","Morphinans","Not available","Morphinans"
0.0534180523958834,0.0358171823341318,-0.00315437320446444,-0.000291740319803232,0.0152420560871495,"Com_25051_pos","ELK","C17 H32 N4 O6",388.2336,5.009,389.24082,"Full match","No results","No results",NA,NA,NA,NA
0.0252253327400608,-0.0223087959087766,0.039974063210281,-0.0182892636482027,-0.0226481770853518,"Com_25079_pos","Eicosapentaenoic acid ethyl ester","C22 H34 O2",330.25733,6.953,331.26461,"Full match","No results","Full match","Lipids and lipid-like molecules","Fatty Acyls","Fatty acid esters","Fatty acid esters"
0.00497704281946593,-0.0188424994506504,0.0128327847787951,-0.0159352635444744,0.0248178543487861,"Com_25091_neg","L-Ornithine","C5 H12 N2 O2",132.08965,1.32,131.08237,"No results","No results","Full match","Organic acids and derivatives","Carboxylic acids and derivatives","Amino acids, peptides, and analogues","L-alpha-amino acids"
0.0154764982609207,0.00954439180464423,0.00372831290884439,0.0102787665275144,0.00272545007290403,"Com_25096_pos","L-Cysteine-glutathione gisulfide","C13 H22 N4 O8 S2",426.08923,1.377,427.09658,"No results","No results","Full match",NA,NA,NA,NA
0.0376295305016853,-0.000661281231225778,-0.0481703436017012,0.0116126064824771,0.00259522380924748,"Com_2512_pos","2-[(3S)-1-Benzyl-3-pyrrolidinyl]-1,3-benzothiazole","C18 H18 N2 S",294.12093,4.73,333.08347,"Invalid mass","No results","No match","Organoheterocyclic compounds","Benzothiazoles","Not available","Benzothiazoles"
0.019442213302965,-0.0185126523501752,-0.00996317308594672,-0.0031281826698522,-0.00045580804183656,"Com_25212_pos","2-(3,4-dihydroxyphenyl)-3,5,7-trihydroxy-6-methyl-4H-chromen-4-one","C16 H12 O7",316.06005,6.029,317.06732,"Invalid mass","No results","No results",NA,NA,NA,NA
0.00549905706200646,-0.0215008871382667,-0.0016425638937796,-0.0195096928063523,0.0116315641297015,"Com_2526_pos","Nicotine","C10 H14 N2",162.11634,1.392,163.12362,"Full match","Full match","No results","Organoheterocyclic compounds","Pyridines and derivatives","Pyrrolidinylpyridines","Pyrrolidinylpyridines"
0.0176871251187721,-0.0152514208161611,-0.0038219936254273,0.0155604285459077,-0.00100048553907407,"Com_25271_neg","3,4-dihydro-2H,6H-[1,3]thiazino[2,3-b]quinazolin-6-one","C11 H10 N2 O S",218.04642,5.622,217.03914,"Invalid mass","No results","No results",NA,NA,NA,NA
0.0149933876967089,-0.0179928617423083,-0.0195487913200058,0.00847953866681497,-0.0011449991365472,"Com_25273_pos","2-chloro-6-(3,5-dimethyl-1H-pyrazol-1-yl)benzonitrile","C12 H10 Cl N3",231.05399,5.474,232.06126,"Invalid mass","No results","No results",NA,NA,NA,NA
0.0224670865218339,-0.00823109607308454,-0.0158192368274137,0.0193929345096366,0.0071079757558698,"Com_25280_pos","4-[4-(2,5-dimethyl-1H-pyrrol-1-yl)phenyl]-6-fluoro-4-thiochromanol","C21 H20 F N O S",353.12818,5.557,354.13546,"Invalid mass","No results","No results",NA,NA,NA,NA
0.0274047589163385,-0.00323635861219455,0.0365598570472467,0.022161131634278,-0.0588180474191087,"Com_2535_neg","5-Hydroxyindole","C8 H7 N O",133.05217,5.169,132.0449,"Full match","No results","Full match","Organoheterocyclic compounds","Indoles and derivatives","Hydroxyindoles","Hydroxyindoles"
0.0010571350822247,0.00579167179093588,-0.0115599575629938,-0.0167873709126221,-0.000497217833643111,"Com_25377_neg","PE O-18:1_20:4","C43 H78 N O7 P",751.55695,10.858,750.54968,"No results","Invalid mass","No results",NA,NA,NA,NA
0.0500538643466699,0.0494195808745703,-0.0162528542061746,0.0126048671501068,-0.00512285237680738,"Com_25410_neg","4-(beta-D-Glucopyranosyloxy)-2-methylenebutanoic acid","C11 H18 O8",278.10136,4.714,277.09408,"Full match","No results","No results",NA,NA,NA,NA
0.00439882490646997,-0.021799581034485,0.00464064644955402,0.00358526523922431,0.0170844718463669,"Com_25411_pos","(2R,3S,4S,5R,6R)-2-(hydroxymethyl)-6-(propan-2-yloxy)oxane-3,4,5-triol","C9 H18 O6",244.09362,3.968,245.10089,"Invalid mass","No results","No results",NA,NA,NA,NA
0.0198187218412398,-0.0136602866058107,-0.00384922617377727,0.014980004204808,0.00977729957278583,"Com_25461_pos","2-{[2-oxo-2-(3-pyridylamino)ethyl]thio}acetic acid","C9 H10 N2 O3 S",248.02533,5.902,249.03261,"Invalid mass","No results","No results",NA,NA,NA,NA
0.0146590369750351,-0.00144441367303591,0.00145664422993983,-0.0159594617889601,-0.0141544432752871,"Com_25466_pos","PB-22 N-(4-Hydroxypentyl)-3-carboxyindole metabolite","C14 H17 N O3",247.1216,6.585,248.12888,"Full match","No results","No results","Organoheterocyclic compounds","Indoles and derivatives","Indolecarboxylic acids and derivatives","Indolecarboxylic acids and derivatives"
0.0138532660599572,-0.00273418544270807,-0.0163873900681191,0.0104192799805906,-0.0121155549672425,"Com_2549_pos","trans,trans-2,4-Heptadienal","C7 H10 O",110.0739,5.195,111.08121,"Invalid mass","No results","No results","Organic oxygen compounds","Organooxygen compounds","Carbonyl compounds","Medium-chain aldehydes"
0.00903987574846873,-0.0104755760843182,0.0154577894123544,-0.00229495090647547,-0.0128144539449043,"Com_25513_neg","Prostaglandin A2","C20 H30 O4",334.21623,6.893,333.20898,"Invalid mass","No results","No results","Lipids and lipid-like molecules","Fatty Acyls","Eicosanoids","Prostaglandins and related compounds"
0.0207437144664388,-0.0230971842748304,-0.0209504051218958,-0.000365370850944498,-0.00271489035497064,"Com_25551_pos","4-(3-methyl-1-phenyl-1H-pyrazolo[3,4-b]quinolin-4-yl)morpholine","C21 H20 N4 O",344.16442,6.193,345.17169,"Full match","No results","No results",NA,NA,NA,NA
0.0260785375620716,-0.00834392839487665,0.00600915640014768,-0.00561722965312523,-0.00104116044723583,"Com_25554_pos","Bilirubin","C33 H36 N4 O6",584.26562,5.974,585.2729,"Full match","No results","Full match","Organoheterocyclic compounds","Tetrapyrroles and derivatives","Bilirubins","Bilirubins"
0.0125641529626015,-0.0210274046144817,-0.00872757106082085,-0.000781961330355777,-0.0209851454493001,"Com_25556_neg","Ofloxacin impurity E","C17 H18 F N3 O4",393.12742,5.261,392.12015,"Invalid mass","No results","No results","Organoheterocyclic compounds","Quinolines and derivatives","Quinoline carboxylic acids","Quinoline carboxylic acids"
0.0489879648788358,0.0347206605505191,-0.0126107703442198,0.0120414701561917,0.00809716324517466,"Com_25562_pos","2-(4-chlorophenyl)-4-(methylthio)-6-(4-pyridyl)pyridine","C17 H13 Cl N2 S",312.04692,2.875,313.0542,"Invalid mass","No results","No results",NA,NA,NA,NA
0.0190142420008868,-0.00148623042671967,-0.0120667718544897,-0.0166394924779715,0.0101697710607352,"Com_25569_pos","(-)-Epigallocatechin","C15 H14 O7",306.07555,4.711,307.08286,"Invalid mass","Invalid mass","No results","Phenylpropanoids and polyketides","Flavonoids","Flavans","Epigallocatechins"
0.0193330146063878,-0.0175858658241254,0.00877060099187669,-0.00576372325784082,0.0143873168856188,"Com_2557_pos","2-Chlorobenzophenone","C13 H9 Cl O",216.0353,6.156,217.04258,"Invalid mass","No results","No results","Benzenoids","Benzene and substituted derivatives","Benzophenones","Benzophenones"
0.00901713253510175,-0.0162045614758917,0.00140548012429346,-0.0300756173335191,-0.0706470163779098,"Com_2558_neg","Epinephrine","C9 H13 N O3",183.08985,5.599,182.08259,"Full match","No results","Full match","Benzenoids","Phenols","Benzenediols","Catechols"
0.0204939730400104,-0.0219670628934355,-0.024981351256254,0.0300831499425949,0.005849765508625,"Com_2558_pos","Dithranol","C14 H10 O3",226.06189,5.973,227.06917,"No results","No results","Full match","Benzenoids","Anthracenes","Not available","Anthracenes"
0.030419719680296,-0.00626511997463503,-0.0125900686459392,-0.00360597756999136,-0.000805811492788461,"Com_25606_pos","4-[4-phenyl-3,6-dihydro-1(2H)-pyridinyl]butanoic acid hydrochloride","C15 H19 N O2",267.12273,1.989,268.13001,"Invalid mass","No results","No results",NA,NA,NA,NA
0.0153848663935213,-0.0152290680646972,-0.0109558344103222,0.0202096608535823,-0.0209194994950224,"Com_2560_pos","15-Deoxy-Δ12,14-prostaglandin A1","C20 H30 O3",300.21029,7.09,301.21757,"Invalid mass","No match","No match","Lipids and lipid-like molecules","Fatty Acyls","Eicosanoids","Prostaglandins and related compounds"
0.0177172595518108,-0.0133698263030896,0.0114044452009345,0.0119987154151188,0.000961542263499658,"Com_25626_pos","3-[5-(benzylthio)-4-methyl-4H-1,2,4-triazol-3-yl]-5-oct-1-ynylpyridine","C23 H26 N4 S",390.18841,5.448,391.19569,"Full match","No results","No results",NA,NA,NA,NA
0.00853197116198427,-0.00774675091165141,-0.000905339693981459,-0.0219204570836513,-0.0133155010164847,"Com_25636_pos","Undecanedioic acid","C11 H20 O4",216.13724,6.019,217.14449,"No results","No results","Full match","Lipids and lipid-like molecules","Fatty Acyls","Fatty acids and conjugates","Medium-chain fatty acids"
0.00794785400364992,-0.0263465558458598,0.00329564323011905,-0.0026972394622967,0.0109505554980337,"Com_25730_neg","N-acetyl-D-glucosamine","C8 H15 N O6",221.09099,1.345,220.08339,"No results","No results","Full match","Organic oxygen compounds","Organooxygen compounds","Carbohydrates and carbohydrate conjugates","Acylaminosugars"
0.0131548534753902,-0.0006894851104802,-0.0426696724409436,0.012444982235201,-0.0389913911403417,"Com_25733_pos","Cryptotanshinone","C19 H20 O3",296.1429,7.53,297.15016,"Invalid mass","No results","No results","Lipids and lipid-like molecules","Prenol lipids","Diterpenoids","Tanshinones, isotanshinones, and derivatives"
0.0205090306839173,-0.00671048152084954,0.0142476557927558,0.0203061798460911,-0.0214465669768109,"Com_25764_pos","DY131","C18 H21 N3 O2",311.1647,5.334,312.17198,"No results","No results","Full match","Benzenoids","Benzene and substituted derivatives","Benzoic acids and derivatives","Benzoic acids and derivatives"
0.000765847660694486,-0.00279332657426884,0.000704595603179911,-0.000536625442053523,-0.0070827985812075,"Com_25781_pos","Betaine","C5 H11 N O2",117.0798,0.591,118.08707,"Invalid mass","Invalid mass","No results","Organic acids and derivatives","Carboxylic acids and derivatives","Amino acids, peptides, and analogues","Alpha amino acids"
0.0142111119258541,-0.0195731678110823,0.00999173472574923,-0.00161770001568088,0.00181410412160141,"Com_25790_neg","Xanthohumol","C21 H22 O5",354.14432,5.234,353.13705,"Invalid mass","No results","No results","Phenylpropanoids and polyketides","Linear 1,3-diarylpropanoids","Chalcones and dihydrochalcones","3-prenylated chalcones"
0.0214371778604743,-0.00843987035395315,-0.0607544313205993,0.00321762560074735,-0.0238949748038514,"Com_257_neg","4,6-dimethyl-2-(methylamino)-5-nitronicotinonitrile","C9 H10 N4 O2",206.07949,5.348,205.07219,"Full match","No results","No results",NA,NA,NA,NA
0.0181982806916322,-0.00515040489717481,-0.00236419991043653,-0.00161072326406821,-0.0241431108090323,"Com_25816_pos","PPH","C16 H23 N5 O4",371.16112,5.332,372.1684,"Invalid mass","No results","No results",NA,NA,NA,NA
0.0140905981665182,-0.0133710105806545,-0.0981883282663001,-0.133861175388042,0.0360116019863604,"Com_2582_neg","Levodopa","C9 H11 N O4",197.06935,1.571,196.06206,"No results","No results","Full match","None","None","None","None"
-0.00176008009909841,-0.0462564896719034,-0.000528244656498139,0.0161071905264067,0.0257137245693946,"Com_25871_neg","LPE O-16:1","C21 H44 N O6 P",437.29351,9.622,436.28624,"No results","Invalid mass","No results",NA,NA,NA,NA
0.0141812675577631,-0.0114513824822327,0.00140733767762422,0.0133625866095943,0.0117693030512152,"Com_25880_pos","Lysopc 18:2","C26 H50 N O7 P",519.33336,6.554,520.34064,"No results","No results","Full match","Lipids and lipid-like molecules","Glycerophospholipids","Glycerophosphocholines","Phosphocholines"
0.0176172231623687,0.00226272068956968,-0.0021262785623862,-0.0106462505920921,-0.011030605317492,"Com_25900_pos","3-(3,4-dimethylphenyl)-3,4-dihydro-1,2,3-benzotriazin-4-one","C15 H13 N3 O",268.13231,5.337,269.13941,"Invalid mass","No results","No results",NA,NA,NA,NA
0.016110586613382,-0.0135651893704005,-0.0231904690147937,0.00795107197282657,-0.0196057138558102,"Com_25930_neg","1-(2,4-dihydroxyphenyl)-2-(3,5-dimethoxyphenyl)propan-1-one","C17 H18 O5",302.11719,5.755,301.10991,"Invalid mass","No results","No results",NA,NA,NA,NA
0.022107798984597,-0.0120856552354239,0.00464282436725087,0.0411025096062298,0.0170985054516859,"Com_25934_pos","2-[(3,4-dimethylthieno[2,3-b]thiophen-2-yl)methylidene]malononitrile","C12 H8 N2 S2",261.03938,5.645,262.04666,"Invalid mass","No results","No match",NA,NA,NA,NA
0.0278106536170267,-0.0239747599703876,0.0705071660167148,-0.0414975406650854,0.0175837879264461,"Com_2593_neg","8-iso-15-keto Prostaglandin F2α","C20 H32 O5",388.19416,5.991,387.18689,"Invalid mass","No results","No results","Lipids and lipid-like molecules","Fatty Acyls","Eicosanoids","Prostaglandins and related compounds"
0.0156944163491089,-0.0231771600398243,-0.0613845433995158,0.0490839586627044,-0.015431993620202,"Com_2594_pos","Kuromanin","C21 H20 O11",205.07362,5.722,449.10988,"Invalid mass","No results","No match","Phenylpropanoids and polyketides","Flavonoids","Flavonoid glycosides","Anthocyanidin-3-O-glycosides"
0.0422807109142061,0.0177598426338279,0.0205626666594859,-0.00260206783672501,0.00809576539297375,"Com_26037_pos","L-Cystathionine","C7 H14 N2 O4 S",222.06479,2.244,223.07207,"Invalid mass","No results","No results","Organic acids and derivatives","Carboxylic acids and derivatives","Amino acids, peptides, and analogues","L-cysteine-S-conjugates"
0.0189272471013854,-0.00730901367642546,-0.0088244336610694,-0.0044388000685052,-0.0188596406293888,"Com_26067_pos","4-Aminoindole","C8 H8 N2",132.06929,5.412,133.07679,"No results","No results","Full match","Organoheterocyclic compounds","Indoles and derivatives","Indoles","Indoles"
0.0295732900594374,-0.0100467659907378,0.0193587980506931,0.0065287109490077,-0.0258777006051301,"Com_26070_pos","1-benzyl-3-butyl-4-hydroxy-6-phenylpyridin-2(1H)-one","C22 H23 N O2",355.14658,5.661,356.15385,"Invalid mass","No results","No results",NA,NA,NA,NA
0.0112692845444489,-0.0155055019180461,-0.0113249436278984,-0.00145103423947866,-0.00178487587802573,"Com_2608_pos","Cuminaldehyde","C10 H12 O",148.08955,5.599,149.09687,"Full match","No results","No results","Lipids and lipid-like molecules","Prenol lipids","Monoterpenoids","Aromatic monoterpenoids"
0.014119114031274,-0.0231883323790412,-0.00294381027084814,0.0278657050724852,-0.0105198256123055,"Com_26130_pos","Rauwolscine","C21 H26 N2 O3",354.19678,5.464,355.20406,"Invalid mass","No results","No results","Alkaloids and derivatives","Yohimbine alkaloids","Not available","Yohimbine alkaloids"
0.00894944038220535,-0.00845032895731132,-0.0101624520531323,-0.00240840046647478,0.00126545394347606,"Com_26137_pos","6-methoxy-4-(trifluoromethyl)nicotinamide","C8 H7 F3 N2 O2",258.00124,6.364,259.00851,"Invalid mass","No results","No results",NA,NA,NA,NA
0.0191655236533064,-0.00212205441290223,-0.0013466834879893,-0.00484321581497567,0.00976374966580466,"Com_26142_pos","3-amino-2,6-diphenyl-4,7-dihydro-2H-pyrazolo[3,4-d]pyrimidin-4-one","C17 H13 N5 O",303.11495,1.863,304.12222,"Invalid mass","No results","No results",NA,NA,NA,NA
0.0248652302376546,0.0315698810392679,-0.00590357969279421,0.0212808367565149,-0.000868978822738559,"Com_26186_pos","N1-methyl-2-[imino(2-pyridyl)methyl]hydrazine-1-carboxamide","C8 H11 N5 O",193.09743,2.208,194.1047,"Invalid mass","No results","No results",NA,NA,NA,NA
0.0227686223597076,-0.000937319033592659,0.000538781541650726,0.00642142174376777,0.0384585396184163,"Com_26224_pos","Alachlor","C14 H20 Cl N O2",269.11814,5.499,270.12542,"Full match","No results","No results","Benzenoids","Benzene and substituted derivatives","Anilides","Anilides"
0.0241503137236978,-0.00764525857125029,-0.0301491094559559,-0.00643849532405193,0.00428034664482272,"Com_26262_pos","TMH","C15 H25 N5 O5 S",409.13912,5.169,410.14639,"Invalid mass","No results","No results",NA,NA,NA,NA
0.010777401067078,-0.0108544370775443,0.0156631838307764,-0.0196700059801249,-0.0158399257656851,"Com_2626_neg","Δ17-6-keto prostaglandin F1α","C20 H32 O6",368.22161,5.86,367.21431,"Full match","No results","Full match","Lipids and lipid-like molecules","Fatty Acyls","Eicosanoids","Prostaglandins and related compounds"
-0.000384450356434099,-0.0148825567406331,0.00056972184182918,0.00342750487959523,0.0120993433090051,"Com_26301_neg","LPC 16:0","C24 H50 N O7 P",541.34148,9.234,540.3342,"No results","Invalid mass","No results","Lipids and lipid-like molecules","Glycerophospholipids","Glycerophosphocholines","Phosphocholines"
0.0159713322278481,-0.000911108438701581,-0.00660768253337938,0.000741729081701254,-0.01330949884897,"Com_26331_pos","(3S,9aS)-3-benzyl-octahydro-1H-pyrido[1,2-a]pyrazin-1-one","C15 H20 N2 O",266.13881,2.298,267.14609,"Invalid mass","No results","No results",NA,NA,NA,NA
0.0226115845922209,-0.0269307452877761,0.0517301103134209,-0.0442761190875816,0.0168688763922598,"Com_26349_neg","8-iso Prostaglandin A2","C20 H30 O4",370.18303,6.747,369.17575,"Invalid mass","No results","No results","Lipids and lipid-like molecules","Fatty Acyls","Eicosanoids","Prostaglandins and related compounds"
0.0199814617088031,-0.0179983186130812,-0.020861219497167,0.0139280933488826,-0.0159374514525876,"Com_26356_pos","Phloretin","C15 H14 O5",274.08534,5.87,275.09264,"Full match","Full match","No results","Phenylpropanoids and polyketides","Linear 1,3-diarylpropanoids","Chalcones and dihydrochalcones","2'-Hydroxy-dihydrochalcones"
0.0215998435732728,-0.0248538508579324,-0.000626692205794249,0.0151773470669985,-0.0047243991579793,"Com_2636_pos","Etiocholanolone","C19 H30 O2",272.21516,6.963,273.22244,"Invalid mass","No results","No results","Lipids and lipid-like molecules","Steroids and steroid derivatives","Androstane steroids","Androgens and derivatives"
0.0323739465991611,-0.0290738747075969,0.0393548513952527,-0.0241024868385443,0.0438644335143378,"Com_26377_pos","3,3-dimethyl-5-oxo-5-(2-piperidinoanilino)pentanoic acid","C18 H26 N2 O3",318.19911,6.789,319.20639,"Invalid mass","No results","No results",NA,NA,NA,NA
0.0128389514650642,-0.0199032080702567,-0.0115052830170326,-0.00749641947032492,-0.00694349396851071,"Com_2642_neg","Eugenol","C10 H12 O2",164.08377,5.768,163.07646,"Full match","No results","Full match","Benzenoids","Phenols","Methoxyphenols","Methoxyphenols"
0.052918259933006,0.0259588369410785,-0.0281708785080121,7.20409453774465e-05,-0.00112636774913225,"Com_2643_neg","Oxoadipic Acid","C6 H8 O5",160.03785,2.644,319.06879,"No results","No results","Full match","Organic acids and derivatives","Keto acids and derivatives","Medium-chain keto acids and derivatives","Medium-chain keto acids and derivatives"
0.00454841468597806,-0.0523874522482379,-0.0392420922890667,0.00793971562192332,-0.0255459974985223,"Com_2647_neg","Geniposidic acid","C16 H22 O10",374.12343,1.603,373.11615,"Invalid mass","No results","No results","Lipids and lipid-like molecules","Prenol lipids","Terpene glycosides","Iridoid O-glycosides"
0.0251676438009775,0.0229016331575263,-0.00500090035824219,0.000732552359202068,0.00367048010666185,"Com_2649_pos","Pyridoxal","C8 H9 N O3",167.05881,2.624,168.06609,"Full match","No results","No results","Organoheterocyclic compounds","Pyridines and derivatives","Pyridine carboxaldehydes","Pyridoxals and derivatives"
0.0196442122990779,-0.014210012123074,-0.0177446071140705,0.0172001992428151,0.0209286756961986,"Com_264_pos","Scutellarin","C21 H18 O12",462.08571,5.914,463.09295,"Invalid mass","No results","No results","Phenylpropanoids and polyketides","Flavonoids","Flavonoid glycosides","Flavonoid-7-O-glucuronides"
0.0378946904376157,0.0393266204592615,0.00960678077471072,0.000294014812269787,0.0124506124668798,"Com_26521_pos","3-(4-chloro-1-methyl-1H-pyrazol-3-yl)-2-(2-furylcarbonyl)acrylonitrile","C12 H8 Cl N3 O2",261.02631,3.089,262.03359,"Invalid mass","No results","No results",NA,NA,NA,NA
0.0143666927593572,0.000609854535689639,0.0320495256705087,0.00272767491487347,0.00252569915636339,"Com_2655_neg","N-Tigloylglycine","C7 H11 N O3",157.07381,5.255,156.06653,"Full match","No results","No results","Organic acids and derivatives","Carboxylic acids and derivatives","Amino acids, peptides, and analogues","N-acyl-alpha amino acids"
0.0210693702637664,-0.0108276154843611,-0.025635236361245,0.00240912350555312,0.0107102313157111,"Com_26566_pos","3-(4-nitrophenyl)[1,2,3]triazolo[1,5-a]quinazolin-5-amine","C15 H10 N6 O2",306.0868,5.157,307.09408,"Full match","No results","No results",NA,NA,NA,NA
0.00981020603590188,0.00974231450349138,0.00495209067965981,0.00129424828748487,0.00306469284334316,"Com_26602_pos","2-{4-[(trifluoromethyl)thio]phenoxy}ethanohydrazide","C9 H9 F3 N2 O2 S",266.03314,1.207,267.04029,"Full match","No results","No results",NA,NA,NA,NA
0.0176580973057815,-0.0165947108832098,-0.0177116210652468,0.021810542293757,-0.00138403225259039,"Com_26603_pos","2-({[2,6-bis(phenylthio)pyridin-3-yl]imino}methyl)phenol","C24 H18 N2 O S2",414.09459,5.256,415.10186,"Invalid mass","No results","No results",NA,NA,NA,NA
0.0263882415009631,-0.00540600629758671,0.0154495107181655,0.00476092486102576,-0.00928446938311833,"Com_26606_neg","7-amino-9-(4-chlorophenyl)-6-oxo-6H-benzo[c]chromene-8-carbonitrile","C20 H11 Cl N2 O2",346.05583,5.134,345.04855,"Invalid mass","No results","No results",NA,NA,NA,NA
0.0134198701132544,-0.0198515050932685,0.00145338139876274,-0.0109890766850194,-0.00625030236135947,"Com_26663_pos","(12Z)-9,10,11-trihydroxyoctadec-12-enoic acid","C18 H34 O5",352.22527,5.932,353.23255,"Invalid mass","No results","No match",NA,NA,NA,NA
0.0232472509727299,-0.0144595644916334,-0.00484202672036318,-0.000414843742217585,-0.00924161647832317,"Com_26698_pos","7-Methoxyflavone","C16 H12 O3",504.16303,5.944,505.17031,"Invalid mass","No results","No results","Phenylpropanoids and polyketides","Flavonoids","O-methylated flavonoids","7-O-methylated flavonoids"
-0.00025915790666668,-0.0438929776806454,-0.0272883852932991,-0.0646708730785858,0.00529472642105791,"Com_2671_pos","N-acetyl-L-ornithine","C7 H14 N2 O3",174.10122,1.833,175.1085,"No results","No results","Full match","Organic acids and derivatives","Carboxylic acids and derivatives","Amino acids, peptides, and analogues","N-acyl-L-alpha-amino acids"
0.00917031511244902,-0.00820630022077224,-0.0155983546716518,0.00260000783110137,-0.00342226849484521,"Com_26722_pos","Sulfamethazine","C12 H14 N4 O2 S",139.04333,6.403,140.05024,"Invalid mass","No results","No results","Benzenoids","Benzene and substituted derivatives","Benzenesulfonamides","Aminobenzenesulfonamides"
0.0208079952079095,-0.00782671587375668,-0.00441422897158163,0.0119100987124257,0.0162244088558509,"Com_26730_pos","Bialaphos","C11 H22 N3 O6 P",323.1282,5.2,324.13548,"Invalid mass","No results","No results","Organic acids and derivatives","Carboxylic acids and derivatives","Amino acids, peptides, and analogues","Peptides"
0.0310268515604294,-0.0151541779347535,0.0138644005590135,-0.00112655530381119,0.0402355428040964,"Com_26735_pos","Ala-trp","C14 H17 N3 O3",275.12819,5.289,276.13553,"No results","No results","Full match","Organic acids and derivatives","Carboxylic acids and derivatives","Amino acids, peptides, and analogues","Dipeptides"
0.0170112748525854,-0.0127907041908383,0.000746563417310196,0.013745991819789,0.0132719280447554,"Com_26741_pos","7-(3,4-dihydroxyphenyl)-5-hydroxy-1-(4-hydroxyphenyl)heptan-3-one","C19 H22 O5",352.13066,5.247,353.13794,"Invalid mass","No results","No results",NA,NA,NA,NA
0.0079000836519979,-0.00415453177508597,0.0042283131108393,-0.00702555066570284,0.012298598844201,"Com_267_neg","Gluconic acid","C6 H12 O7",196.05868,1.306,195.05141,"Full match","Full match","Full match","Organic oxygen compounds","Organooxygen compounds","Carbohydrates and carbohydrate conjugates","Sugar acids and derivatives"
0.00933670754679138,-0.0178264434239778,-0.0062998186860967,0.0214830044818959,0.00841712180991283,"Com_26802_pos","4-(tert-butyl)phenyl 3,5-dimethylisoxazole-4-carboxylate","C16 H19 N O3",256.11206,5.774,257.11929,"Invalid mass","No results","No results",NA,NA,NA,NA
0.0110358049857274,-0.00309401931958684,0.0125652388762436,-0.00483173570295882,0.0418898193119757,"Com_26808_neg","Acetylcarnitine","C9 H17 N O4",203.11633,5.309,202.10908,"No results","No results","Full match","Lipids and lipid-like molecules","Fatty Acyls","Fatty acid esters","Acyl carnitines"
0.0237147670122049,-0.0171845100030087,-0.00466346554796184,-0.00852639074732012,0.014865909217553,"Com_2686_pos","Noroxymorphone","C16 H17 N O4",287.11995,5.831,288.12725,"Invalid mass","No results","No results","Benzenoids","Phenanthrenes and derivatives","Not available","Phenanthrenes and derivatives"
0.0164502778658985,-0.0526289461384628,-0.0321574037293529,0.00236454227366086,-0.0066550657169226,"Com_2689_neg","Catechol","C6 H6 O2",110.03632,4.59,109.02905,"Full match","Full match","Full match","Benzenoids","Phenols","Benzenediols","Catechols"
0.00808739650499405,0.00193374068315081,0.00218436616029351,-0.00589690724416143,-0.00780675771423419,"Com_26902_pos","CAR 11:0","C18 H36 N O4",156.11549,6.309,157.123,"No results","Invalid mass","No match",NA,NA,NA,NA
0.017769006870561,-0.0168775777875651,-0.0141849279316694,0.0017682772820473,-0.00418464465080025,"Com_2691_pos","6-(3-hydroxybutan-2-yl)-5-(hydroxymethyl)-4-methoxy-2H-pyran-2-one","C11 H16 O5",210.09024,5.687,211.09755,"Invalid mass","No results","No results",NA,NA,NA,NA
0.0147770551594564,-0.0135579618907717,-0.0195432792168045,0.00278327564827507,-0.0108439410858918,"Com_26924_neg","4-phenylbenzo[4,5]imidazo[1,2-a]pyrimidin-2-amine","C16 H12 N4",260.10638,5.804,259.09911,"Full match","No results","No results",NA,NA,NA,NA
-0.0151334060706243,-0.0533433266235131,0.00818923871792352,-0.00744253699832806,0.0104694509669799,"Com_2696_neg","2-Hydroxy-3-methylbutanoic acid","C5 H10 O3",118.06264,3.525,117.05536,"No results","No results","Full match","Lipids and lipid-like molecules","Fatty Acyls","Fatty acids and conjugates","Hydroxy fatty acids"
0.00944670380345191,-0.00196122816228143,0.0103579385317723,-0.00618637581294635,-0.00814284075136547,"Com_26999_pos","7-(2-hydroxypropan-2-yl)-1,4a-dimethyl-decahydronaphthalen-1-ol","C15 H28 O2",222.19917,7.003,223.20647,"Invalid mass","No results","No results",NA,NA,NA,NA
0.0154707773978,-0.0123791747448185,-0.00455599928991033,-0.00371360568357786,-0.00850941602671737,"Com_27038_neg","N,6-diphenylthieno[2,3-d]pyrimidin-4-amine","C18 H13 N3 S",303.07948,5.784,302.0722,"Invalid mass","No results","No results",NA,NA,NA,NA
0.0193995679506047,-0.0322583615701893,-0.00157643688207039,0.00878956004573244,-0.00974108640383451,"Com_2706_neg","Geranylgeranyl pyrophosphate","C20 H36 O7 P2",450.19195,6.23,449.18467,"Full match","No results","No results","Lipids and lipid-like molecules","Prenol lipids","Diterpenoids","Acyclic diterpenoids"
-0.020809724760358,-0.0410108895166714,-0.00439453030902117,0.00924681558663906,-0.00164062052764086,"Com_27071_pos","4-(Diethylamino)salicylaldehyde","C11 H15 N O2",193.11124,1.575,194.11853,"Full match","No results","No results",NA,NA,NA,NA
0.00345404140497587,-0.0164959147047641,-0.003051566828422,-0.00746552750066668,0.00917488795268147,"Com_27119_pos","N-(2,5-diethoxy-4-morpholinophenyl)-4-methoxybenzenesulfonamide","C21 H28 N2 O6 S",436.16997,6.472,437.17725,"Invalid mass","No results","No results",NA,NA,NA,NA
0.0118952207438835,-0.0135974409268129,0.0042001193074819,-0.00795713933289418,0.0234221271223911,"Com_2720_neg","3-[(methoxycarbonyl)amino]-2,2,3-trimethylbutanoic acid","C9 H17 N O4",203.11626,5.693,202.10908,"Full match","No results","Full match",NA,NA,NA,NA
0.0169206219245926,-0.0125227221821121,-0.000988552900295352,-0.0181463682272723,-0.0113463699808962,"Com_27339_neg","SDB-006 N-phenyl analog","C20 H22 N2 O",260.16449,6.364,259.15684,"Invalid mass","No results","No results","Benzenoids","Benzene and substituted derivatives","Anilides","Aromatic anilides"
0.0138017717503947,-0.0175204956011562,0.00882381860337596,0.00865000956710911,0.0141607528513596,"Com_2736_neg","2,5-Dihydroxybenzaldehyde","C7 H6 O3",138.03133,3.89,137.02406,"Full match","No results","Full match","Organic oxygen compounds","Organooxygen compounds","Carbonyl compounds","Hydroxybenzaldehydes"
0.0214464730922736,-0.00996759423939448,-0.0155899505795416,0.000736844170204578,-0.0353187258246487,"Com_2738_pos","morpholino(quinolin-6-yl)methanone","C14 H14 N2 O2",242.10684,5.358,243.11397,"Invalid mass","No results","No results",NA,NA,NA,NA
0.0222047058970509,0.00335220704114204,-0.0134458420842978,0.00793248099306212,0.0142710206368537,"Com_27421_pos","3-(5,7-dimethoxy-4-oxo-4H-chromen-2-yl)propanoic acid","C14 H14 O6",278.07732,4.694,279.08459,"Invalid mass","No results","No results",NA,NA,NA,NA
0.00700109860708594,0.018092462829559,-0.0159248329195489,-0.0173632596039933,-0.0403174920494119,"Com_27424_pos","7-{[(2E)-3,7-dimethylocta-2,6-dien-1-yl]oxy}-2H-chromen-2-one","C19 H22 O3",298.15597,6.983,299.16324,"Full match","No results","No results",NA,NA,NA,NA
0.0169564679363212,-0.0162401114457609,0.0312387370863495,0.0122732379324695,-0.0580021438598186,"Com_27454_neg","Deoxyadenosine","C10 H13 N5 O3",251.10107,5.504,250.0938,"No results","No results","Full match","Nucleosides, nucleotides, and analogues","Purine nucleosides","Purine 2'-deoxyribonucleosides","Purine 2'-deoxyribonucleosides"
0.0138028771996308,0.00214518407858802,0.00725055781600036,-0.00814593162698735,-0.0192912774436166,"Com_27461_neg","N-{5-[(dimethylamino)sulfonyl]-2-methylphenyl}cyclohexanecarboxamide","C16 H24 N2 O3 S",324.15655,6.499,323.14927,"Invalid mass","No results","No results",NA,NA,NA,NA
0.0159983249678004,0.000212262593508408,0.00432358711034912,-0.0179402125118594,0.0053653191106284,"Com_27474_neg","Aminomalonic acid","C3 H5 N O4",119.02128,1.385,118.014,"No results","No results","Full match","Organic acids and derivatives","Carboxylic acids and derivatives","Amino acids, peptides, and analogues","Alpha amino acids"
0.0211513269531033,-0.0154339087654923,0.0136029867859662,0.0102562407359323,-0.0176224547220733,"Com_27492_neg","β-Estradiol 3,17-disulfate","C18 H24 O8 S2",432.08595,5.2,431.07867,"Invalid mass","No results","No results","Lipids and lipid-like molecules","Steroids and steroid derivatives","Sulfated steroids","Sulfated steroids"
0.00320188386377508,-0.0368419212050384,-0.0157504603560567,-0.00821760110936563,-0.00685711480365381,"Com_2751_neg","2,2-Bis(hydroxymethyl)propionic acid","C5 H10 O4",134.05763,1.564,133.05035,"Full match","No results","No results","Organic acids and derivatives","Hydroxy acids and derivatives","Beta hydroxy acids and derivatives","Beta hydroxy acids and derivatives"
0.00974063738769896,-0.0374458286753101,0.0162987824628562,-0.000479629754825225,0.024123049394634,"Com_27525_pos","3-Hydroxy-3-methylbutanoic acid","C5 H10 O3",118.05372,1.627,275.0709,"Invalid mass","No results","No results","Lipids and lipid-like molecules","Fatty Acyls","Fatty acids and conjugates","Hydroxy fatty acids"
-0.00791537765753177,-0.0783428023017776,0.000151137403413412,0.00439614220375996,0.0191951949702718,"Com_27526_pos","3-Methoxyflavone","C16 H12 O3",274.06352,1.622,275.07077,"Invalid mass","No results","No results","Phenylpropanoids and polyketides","Flavonoids","O-methylated flavonoids","3-O-methylated flavonoids"
0.0201426995667002,-0.0145742772178834,-0.0130410980468494,0.00757365386014231,0.00901912119942308,"Com_27527_pos","3,5-di(2-furylmethylidene)tetrahydro-2H-pyran-4-one","C15 H12 O4",256.0725,5.961,257.07978,"Full match","No results","No results",NA,NA,NA,NA
0.00305235721733382,-0.0369558951401473,-0.0152156663652207,-0.0105049287653856,-0.00445174178077386,"Com_2752_neg","D-Xylitol","C5 H12 O5",152.06791,1.523,133.05004,"No results","Full match","Full match","Organic oxygen compounds","Organooxygen compounds","Carbohydrates and carbohydrate conjugates","Sugar alcohols"
0.02126510407176,-0.0145989116316397,-0.0149286009771979,0.000570175586075837,0.00720404123924218,"Com_2755_pos","4-(4-chlorophenyl)-2-(3-pyridyl)-1,3-thiazole hydrobromide","C14 H9 Cl N2 S",272.01703,5.935,273.02431,"Full match","No results","No results",NA,NA,NA,NA
0.00553112496474865,-0.0302784121231605,0.015068560513057,-0.0317433888587839,-0.00943878901720389,"Com_27569_pos","2-Methylbutyroylcarnitine","C12 H23 N O4",245.16287,5.569,246.17015,"No results","No results","Full match","Lipids and lipid-like molecules","Fatty Acyls","Fatty acid esters","Acyl carnitines"
0.00877679377995435,-0.0229738501103533,-0.00998098764196344,0.02177973738862,-0.0161758132631274,"Com_27621_pos","2-morpholinophenyl 1-methyl-1H-imidazole-4-sulfonate","C14 H17 N3 O4 S",323.09212,5.865,324.0994,"Invalid mass","No results","No results",NA,NA,NA,NA
0.0383744192884812,0.0152275829658157,-0.0251025067397492,-0.00407611378176568,0.00538478309187671,"Com_27635_pos","MPH","C16 H25 N5 O4 S",383.1595,4.898,384.16677,"Invalid mass","No results","No results",NA,NA,NA,NA
0.027542685088628,-0.0100021458260231,0.0327453828859079,-0.0322742126391707,0.0205553930194315,"Com_2763_neg","Benzyl 6-O-beta-D-glucopyranosyl-beta-D-glucopyranoside","C19 H28 O11",478.17188,6.327,238.07868,"Invalid mass","No results","No results",NA,NA,NA,NA
0.0164538047254713,-0.00111651413424931,0.00104094979685977,-0.01410098653781,-0.0341414178776367,"Com_27662_pos","9-Aminoacridine","C13 H10 N2",194.08508,5.915,195.09236,"No results","No results","Full match","Organoheterocyclic compounds","Quinolines and derivatives","Benzoquinolines","Acridines"
0.01775625356021,0.00477285606044054,-0.00274374530559546,0.0011069518097037,-0.00648352186294223,"Com_27698_pos","Maltotetraose","C24 H42 O21",688.20587,1.354,689.21315,"Invalid mass","No results","No results","Organic oxygen compounds","Organooxygen compounds","Carbohydrates and carbohydrate conjugates","Oligosaccharides"
0.0164402881525314,-0.0166524388263266,-0.0270383520737378,0.0128250577656121,0.0163043649728817,"Com_276_pos","2-Methoxyresorcinol","C7 H8 O3",118.06599,5.161,141.05516,"Invalid mass","No results","No results","Benzenoids","Phenols","Methoxyphenols","Methoxyphenols"
0.00679503194382457,-0.0482608629364147,0.018285119487123,-0.0202229866096515,0.0422976418584484,"Com_27708_pos","L-Glutathione (reduced)","C10 H17 N3 O6 S",307.08506,1.64,308.09221,"Full match","Full match","Full match","Organic acids and derivatives","Carboxylic acids and derivatives","Amino acids, peptides, and analogues","Peptides"
0.0194794355362446,-0.00642157718392292,-0.00787956254580466,0.00932566900832848,-0.00172675977835876,"Com_27730_pos","Dl-Lanthionine","C6 H12 N2 O4 S",208.05254,5.574,209.05982,"No results","No results","Full match","Organic acids and derivatives","Carboxylic acids and derivatives","Amino acids, peptides, and analogues","Cysteine and derivatives"
0.0208234126447955,-0.017367045986625,-0.00542084144534625,0.0190407817217941,0.0136594318925867,"Com_27734_pos","1-[3-(trifluoromethyl)-2-pyridyl]imidazolidine-2-thione","C9 H8 F3 N3 S",247.04132,5.996,248.04859,"Invalid mass","No results","No results",NA,NA,NA,NA
0.0215079458275191,-0.00885618055561868,0.00419839399708221,0.0241975027807576,0.0276049191433771,"Com_2778_pos","Omeprazole sulphone","C17 H19 N3 O4 S",361.11174,5.758,362.11901,"Invalid mass","No results","No results","Organoheterocyclic compounds","Benzimidazoles","Sulfinylbenzimidazoles","Sulfinylbenzimidazoles"
0.0064528319694803,-0.0145088861693137,-0.0172284515267365,0.00209030318407857,-0.00218580514698108,"Com_27796_neg","4-Hydroxy-2-Oxoglutaric Acid","C5 H6 O6",162.01686,1.349,161.00934,"No results","No results","Full match","Organic acids and derivatives","Keto acids and derivatives","Gamma-keto acids and derivatives","Gamma-keto acids and derivatives"
0.0167037032865767,-0.0120986000072419,0.00391196756558491,-0.00307384542994314,0.0113592633868824,"Com_27832_neg","Cannabichromevarin","C19 H26 O2",286.19525,6.476,285.18735,"Invalid mass","No results","No results","Organoheterocyclic compounds","Benzopyrans","1-benzopyrans","1-benzopyrans"
0.0238274359581681,0.00908615841752576,-0.0516961776119209,-0.00393450084642904,-0.00900207558916571,"Com_2784_pos","Cnidioside A","C17 H20 O9",390.09498,5.48,391.1022,"Invalid mass","No results","No results",NA,NA,NA,NA
0.0311679469719103,0.00570439903209426,-0.0423599462489144,0.0091322311017527,-0.0178618767338037,"Com_27889_pos","2-[(2-chlorobenzyl)sulfanyl]-4,6-dimethylnicotinonitrile","C15 H13 Cl N2 S",310.03099,2.319,311.03827,"Invalid mass","No results","No results",NA,NA,NA,NA
0.00827405150019827,-0.0204099575315541,-0.0200331469258274,0.00362834678579275,0.00218708643115009,"Com_27899_pos","(2R,3S,4S,5R,6S)-2-(hydroxymethyl)-6-phenoxyoxane-3,4,5-triol","C12 H16 O6",273.12259,5.601,274.12987,"Invalid mass","No results","No results",NA,NA,NA,NA
0.0192660754612959,-0.000932862000120109,-0.00553547718703699,0.000944521245006442,0.0131099309326518,"Com_27927_pos","Ochratoxin A","C20 H18 Cl N O6",403.07729,4.646,404.08456,"Invalid mass","No results","No results","Phenylpropanoids and polyketides","Ochratoxins and related substances","Not available","Ochratoxins and related substances"
0.00927439388867289,-0.0143567668190938,-0.0414375678246339,0.00570089511150849,-0.0243841868850313,"Com_27936_pos","Gedunin","C28 H34 O7",482.23032,8.006,483.23761,"Full match","No results","No results","Lipids and lipid-like molecules","Prenol lipids","Triterpenoids","Limonoids"
0.0128251711535218,-0.00870216706368387,0.0174614770574063,0.0165081999364937,-0.016325445143883,"Com_27945_pos","3-(methylsulfonyl)-2H-chromen-2-one","C10 H8 O4 S",245.99482,5.702,247.00209,"Invalid mass","No results","No results",NA,NA,NA,NA
0.00992654603855148,0.00194085703611237,0.00669963245515467,-0.0213670593784166,0.0130802292796926,"Com_27961_neg","tetranor-PGFM","C16 H26 O7",156.07933,5.634,155.07137,"Invalid mass","No results","No results","Lipids and lipid-like molecules","Fatty Acyls","Eicosanoids","Prostaglandins and related compounds"
0.0143307798486068,-0.014483752154097,-0.0391015320009402,0.0266637420449547,0.0144681557927513,"Com_2796_neg","Rosuvastatin","C22 H28 F N3 O6 S",481.17111,6.088,480.16383,"Invalid mass","No results","No results","Organoheterocyclic compounds","Diazines","Pyrimidines and pyrimidine derivatives","Phenylpyrimidines"
-0.00578438330682836,-0.0156328511416108,0.00578401886205628,-0.00140609897599827,0.00440305700155692,"Com_27995_pos","PC 18:0_18:1","C44 H86 N O8 P",787.61351,10.003,788.62079,"No results","Invalid mass","No results",NA,NA,NA,NA
0.00875753403386356,-0.0219463961783576,0.0984515064400073,-0.0208262769266224,-0.112554083751854,"Com_2803_pos","N,N-Dimethylaniline","C8 H11 N",121.08987,6.14,122.09714,"Invalid mass","Invalid mass","No results","Organic nitrogen compounds","Organonitrogen compounds","Amines","Dialkylarylamines"
0.0264657448604651,-0.00468389283056791,0.0022094183204005,0.0525920006813973,-0.00174340792439274,"Com_2805_pos","2-oxo-1-phenyl-1,2-dihydroquinolin-4-yl benzoate","C22 H15 N O3",341.10454,5.568,342.11186,"Full match","No results","No results",NA,NA,NA,NA
0.0215238413058378,-0.0120630772450651,-0.00885089917407754,0.01693680241276,0.00178596640714305,"Com_28071_pos","1-(4-nitrophenyl)-1H-indole","C14 H10 N2 O2",238.07311,5.91,239.08038,"Full match","No results","No results",NA,NA,NA,NA
0.023466336497901,-0.00730303259577398,-0.00528420510040785,-0.011015365013092,0.00112737553973623,"Com_28163_pos","1-(4-methyl-2-morpholino-1,3-thiazol-5-yl)ethan-1-one","C10 H14 N2 O2 S",226.07473,6.123,227.08235,"Invalid mass","No results","No results",NA,NA,NA,NA
0.0115529216606982,-0.00158668006164557,0.00827366703339382,-0.00993667770427842,0.00482445223262586,"Com_28166_pos","Carbadox","C11 H10 N4 O4",262.06774,1.284,263.07501,"Invalid mass","No results","No results","Organoheterocyclic compounds","Diazanaphthalenes","Benzodiazines","Quinoxalines"
0.00950979073504164,-0.0208128705961763,-0.00403645315525569,-0.00340740028627446,0.0142469239601391,"Com_28191_pos","Acarbose","C25 H43 N O18",645.2504,1.388,646.25768,"No results","Full match","No results","Organic oxygen compounds","Organooxygen compounds","Carbohydrates and carbohydrate conjugates","Aminocyclitol glycosides"
0.00402712234674411,-0.0214291761774495,0.00229016879442378,-0.000284451648722062,0.00324176132864117,"Com_28236_neg","Thymidine 5'-monophosphate","C10 H15 N2 O8 P",322.05897,1.553,321.0517,"Invalid mass","No results","No results","Nucleosides, nucleotides, and analogues","Pyrimidine nucleotides","Pyrimidine deoxyribonucleotides","Pyrimidine 2'-deoxyribonucleoside monophosphates"
0.0150904741551499,-0.0117385293557607,-0.00669275171220407,-0.00130419682748744,0.00207991337483747,"Com_28243_pos","9-chloro-12H-benzo[5,6][1,4]thiazino[2,3-b]quinoxaline","C14 H8 Cl N3 S",285.01213,6.313,286.01941,"Full match","No results","No results",NA,NA,NA,NA
0.00883082230962303,-0.00586195968486574,0.00114312137479852,-0.0164360322815691,-0.0094539175280304,"Com_28244_neg","Tetradecanedioic acid","C14 H26 O4",258.18468,7.293,257.17741,"Invalid mass","No results","No results","Lipids and lipid-like molecules","Fatty Acyls","Fatty acids and conjugates","Long-chain fatty acids"
0.0279492567606956,-0.0109764079285505,0.00153722620734778,0.00272681358245245,0.00256865392822156,"Com_28299_pos","U-47700-d6","C16 H16 [2]H6 Cl2 N2 O",167.07296,5.508,168.0816,"Invalid mass","No results","No results",NA,NA,NA,NA
0.00881860581434427,0.0146190080439245,0.000473874874265983,0.0061997576468541,-0.0036461531328285,"Com_28300_pos","2-Linoleoyl glycerol","C21 H38 O4",336.26583,8.827,337.2731,"Invalid mass","No results","No results","Lipids and lipid-like molecules","Fatty Acyls","Lineolic acids and derivatives","Lineolic acids and derivatives"
0.0153903296459904,-0.00885015902581392,0.0199058366052565,-0.015883024021407,-0.000714290431129427,"Com_28307_pos","4-(1H-pyrazol-1-yl)-N,N-bis(2-pyridinylmethyl)benzenesulfonamide","C21 H19 N5 O2 S",405.12652,1.357,406.1338,"Full match","No results","No results",NA,NA,NA,NA
0.0109745773177398,-0.0152692324840362,-0.0100304342376151,-0.0291113709371727,-0.0105681579679172,"Com_28310_neg","Jasmonic acid","C12 H18 O3",210.12602,6.724,209.11874,"Full match","No results","No results","Lipids and lipid-like molecules","Fatty Acyls","Lineolic acids and derivatives","Jasmonic acids"
0.0185690397265419,-0.0145729656356337,0.0064509744403172,0.0370371728134322,0.0165928021603404,"Com_28313_neg","Sulfamethoxazole","C10 H11 N3 O3 S",253.05529,6.09,252.04801,"Invalid mass","No results","No results","Benzenoids","Benzene and substituted derivatives","Benzenesulfonamides","Aminobenzenesulfonamides"
0.0136710258201166,-0.00814868387867745,-0.00540696099369574,0.00517950263434194,0.00290748856869774,"Com_2837_neg","Ribitol","C5 H12 O5",152.06755,6.347,151.06038,"No results","Invalid mass","No results","Organic oxygen compounds","Organooxygen compounds","Carbohydrates and carbohydrate conjugates","Sugar alcohols"
0.013211615027639,-0.00850621815095215,0.00601128011902848,-0.00630237740106561,-0.00815407274283312,"Com_28383_neg","15-Deoxy-Δ12,14-prostaglandin D2","C20 H30 O4",316.20564,7.049,315.19836,"Invalid mass","No results","No results","Lipids and lipid-like molecules","Fatty Acyls","Eicosanoids","Prostaglandins and related compounds"
0.026129872242085,-0.00559876114439245,0.0140516484579271,-0.000108365749982727,0.0209461419469942,"Com_283_neg","trans-Aconitic acid","C6 H6 O6",174.0165,1.543,173.00923,"Full match","Full match","Full match","Organic acids and derivatives","Carboxylic acids and derivatives","Tricarboxylic acids and derivatives","Tricarboxylic acids and derivatives"
0.00823459564101896,-0.0106850022667576,-0.0136086020634503,-0.00977077429199153,0.00586584756263681,"Com_2842_pos","5-methoxy-2-phenyl-4H-chromen-4-one","C16 H12 O3",290.02766,6.353,273.0243,"Invalid mass","No results","No results",NA,NA,NA,NA
0.0187007304176065,-0.0128297714295742,-0.00662337316573113,-0.00452829631908005,0.00758406003127496,"Com_28435_pos","2-(3,4-dihydroxyphenyl)acetamide","C8 H9 N O3",189.04303,5.522,190.05031,"Invalid mass","No results","No match",NA,NA,NA,NA
0.0041120546948377,-0.00775135766100755,-0.0299724413527076,0.0266230201040628,0.000134912876203831,"Com_28506_neg","Stachyose","C24 H42 O21",666.22572,1.364,665.21854,"No results","Invalid mass","No results","Organic oxygen compounds","Organooxygen compounds","Carbohydrates and carbohydrate conjugates","Oligosaccharides"
0.0167809659476936,-0.018852070153255,0.014910016357459,-0.00239278868041133,0.006497619451345,"Com_28542_pos","2-hydroxy-6-[(8Z,11Z)-pentadeca-8,11,14-trien-1-yl]benzoic acid","C22 H30 O3",324.20998,6.453,325.21725,"Invalid mass","No results","No results",NA,NA,NA,NA
0.0315070895045785,0.0291831118378427,0.00539506644784776,0.0288922564449223,0.0204855364206324,"Com_28571_neg","α-D-Glucose-1,6-bisphosphate","C6 H14 O12 P2",339.99772,1.167,338.99045,"Full match","No results","Full match","Organic oxygen compounds","Organooxygen compounds","Carbohydrates and carbohydrate conjugates","Hexose phosphates"
0.0251898459623759,-0.0160070932704371,-0.0126106765248171,-0.0119732729927362,-0.0166386490797632,"Com_2858_pos","9-Oxo-ODE","C18 H30 O3",294.22062,6.199,295.22791,"Full match","No results","Full match","Lipids and lipid-like molecules","Fatty Acyls","Lineolic acids and derivatives","Lineolic acids and derivatives"
0.0211575648535844,-0.0156213427430095,0.016146452526106,0.013793667482402,-0.0457442423118231,"Com_285_neg","6-Methoxy-2-naphthoic acid","C12 H10 O3",202.06342,5.402,201.05614,"No results","No results","Full match","Benzenoids","Naphthalenes","Naphthalenecarboxylic acids and derivatives","Naphthalenecarboxylic acids"
0.00629775454960776,-0.0246759018163955,0.0274094834419101,-0.0189015963244412,0.0363005909240561,"Com_285_pos","DL-Carnitine","C7 H15 N O3",161.1059,1.313,162.11318,"Full match","Full match","Full match","Organic nitrogen compounds","Organonitrogen compounds","Quaternary ammonium salts","Carnitines"
0.0142524030644051,0.00136013133345809,-0.0077489939120477,-0.00753780236443745,0.0033056142461806,"Com_28606_pos","N1-(2-amino-2-oxoethyl)-2-(isopropylthio)acetamide","C7 H14 N2 O2 S",190.07512,3.943,191.0824,"Invalid mass","No results","No results",NA,NA,NA,NA
0.0246266002538042,-0.00229152415480685,0.030751954740668,0.0100730625046858,-0.0290468498718086,"Com_28608_pos","N-[2-(2-oxo-1-imidazolidinyl)ethyl]-2,1,3-benzoxadiazole-4-sulfonamide","C11 H13 N5 O4 S",311.0667,5.137,312.07397,"Invalid mass","No results","No results",NA,NA,NA,NA
0.00454326960168981,-0.00597176125629948,0.00418542014729403,0.00213145705534633,-0.000482374891807389,"Com_2864_neg","p-Hydroxybenzaldehyde","C7 H6 O2",122.03641,6.059,121.02913,"No results","No results","Full match","Organic oxygen compounds","Organooxygen compounds","Carbonyl compounds","Hydroxybenzaldehydes"
0.0152546499219594,-0.0153075170435843,0.00700645451538001,0.01864068147564,-0.0179869568755134,"Com_28654_pos","N1-[2-oxo-6-(1H-pyrrol-1-yl)-2H-chromen-3-yl]acetamide","C15 H12 N2 O3",268.08565,5.44,269.09293,"Full match","No results","No results",NA,NA,NA,NA
0.0112816299214359,-0.010673520520649,-0.00686886041542894,-0.00553231375655009,-0.00147715259313362,"Com_28655_pos","1-[2-(2,6-dichlorobenzyl)-2H-1,2,3,4-tetraazol-5-yl]piperidine","C13 H15 Cl2 N5",311.07246,6.447,312.07973,"Invalid mass","No results","No results",NA,NA,NA,NA
0.0205556008685139,-0.0124790972397765,0.0149329092601569,-0.00141797762306391,-0.0274078001621895,"Com_28664_pos","3-(2-methylpropyl)-octahydropyrrolo[1,2-a]pyrazine-1,4-dione","C11 H18 N2 O2",232.11444,6.169,255.10358,"Invalid mass","No results","No results",NA,NA,NA,NA
0.0119621492727567,0.0214636891137807,-0.0270068838373762,0.0321447689476707,0.0115058216142423,"Com_2871_neg","D-Saccharic acid","C6 H10 O8",210.03805,1.311,209.03077,"Full match","Full match","Full match","Organic oxygen compounds","Organooxygen compounds","Carbohydrates and carbohydrate conjugates","Glucuronic acid derivatives"
0.00924281210848665,-0.0123550658843056,0.0144746322504973,-0.00188973999541103,0.000168174862577902,"Com_28732_neg","LPG 19:1","C25 H49 O9 P",524.31585,7.302,523.30858,"No results","Invalid mass","No results","Lipids and lipid-like molecules","Glycerophospholipids","Glycerophosphoglycerols","Phosphatidylglycerols"
0.0206626259977733,-0.0180648449531642,-0.0109091997429161,0.013383082727696,0.000453208269566719,"Com_28761_pos","N-(1,3-benzodioxol-5-yl)-7-chloroquinolin-4-amine","C16 H11 Cl N2 O2",298.04897,6.171,299.05625,"Invalid mass","No results","No results",NA,NA,NA,NA
0.0372755919936139,0.0236644435605595,0.0158795760373851,0.00522125886922174,0.0287110397183188,"Com_28797_pos","Inosine","C10 H12 N4 O5",268.08191,3.266,291.07129,"Full match","Full match","Full match","Nucleosides, nucleotides, and analogues","Purine nucleosides","Not available","Purine nucleosides"
0.0275541776839415,-0.0190657187184186,0.00325428144306854,-0.0086194440704466,0.00128505393849305,"Com_28820_pos","FMK","C20 H32 N4 O4 S",424.21018,6.958,425.21745,"Invalid mass","No results","No results",NA,NA,NA,NA
0.0202644149643504,-0.0197539139187494,-0.00974345092994828,0.0126607219897214,0.0118449248695,"Com_28826_pos","N-[2-chloro-6-(trifluoromethoxy)phenyl]-2,2-dimethylpropanamide","C12 H13 Cl F3 N O2",295.06039,1.239,296.06767,"Invalid mass","No results","No results",NA,NA,NA,NA
0.0158014203813074,0.000336369538362206,0.0129650697155157,-0.00311673093801897,0.00132328679547257,"Com_28865_pos","1,4-dihydroxy-1,4-dimethyl-7-(propan-2-ylidene)-decahydroazulen-6-one","C15 H24 O3",274.15603,6.636,275.16331,"Invalid mass","No results","No results",NA,NA,NA,NA
0.0201532497214543,-0.0154922466921583,-0.00374460259282506,0.0180108705389035,0.0143523570653418,"Com_28890_pos","Fmoc-L-Isoleucine","C21 H23 N O4",353.16362,5.247,354.1709,"No results","No results","Full match","Organic acids and derivatives","Carboxylic acids and derivatives","Amino acids, peptides, and analogues","Isoleucine and derivatives"
0.0213330959374715,-0.0156917234206963,0.0101578532273956,0.00395647843482015,0.00122986443933245,"Com_28921_pos","NPH","C15 H22 N6 O5",388.14495,6.157,389.15222,"Invalid mass","No results","No results",NA,NA,NA,NA
0.026205020062973,-0.014478681331584,0.0620100122465123,-0.00475399684397475,-0.0566744582854867,"Com_28992_pos","Acetylvardenafil","C25 H34 N6 O3",932.54977,6.662,467.28196,"Invalid mass","No results","No results","Organic oxygen compounds","Organooxygen compounds","Carbonyl compounds","Alkyl-phenylketones"
0.00301764149945699,-0.0021862500553863,-0.0139748422217342,-0.0143062633672753,-0.00610513730724254,"Com_29001_neg","5-Hydroxylysine","C6 H14 N2 O3",162.10064,1.113,161.09336,"Full match","No results","Full match","Organic acids and derivatives","Carboxylic acids and derivatives","Amino acids, peptides, and analogues","L-alpha-amino acids"
0.0173061464728792,-0.0103765838705115,-0.0281571175792774,0.0132393076451136,-0.00756000062657074,"Com_2903_pos","4-oxo-4-[(1-phenylethyl)amino]but-2-enoic acid","C12 H13 N O3",241.07222,5.931,242.07954,"Invalid mass","No results","No results",NA,NA,NA,NA
0.0156841302419123,0.00156162216048325,-0.00608860173323095,0.0126325381889528,0.0140615554367356,"Com_29066_pos","RNH","C16 H27 N9 O5",447.19136,2.99,448.19864,"Invalid mass","No results","No results",NA,NA,NA,NA
0.0618870074520544,0.0577974295445283,0.00548511615976926,-0.00286679196786294,0.00911388714713554,"Com_29075_pos","5-Methyluridine","C10 H14 N2 O6",258.08617,4.795,259.09345,"No results","Full match","Full match","Nucleosides, nucleotides, and analogues","Pyrimidine nucleosides","Not available","Pyrimidine nucleosides"
0.00680049301065875,-0.0187702407529317,-0.00396513403751597,-0.00992999338854271,-0.00199249902199569,"Com_2911_pos","Acetophenone","C8 H8 O",120.05829,5.791,121.06556,"Invalid mass","Invalid mass","No results","Organic oxygen compounds","Organooxygen compounds","Carbonyl compounds","Alkyl-phenylketones"
0.0346034904052213,0.0487650678447566,0.0228587175768321,-0.00603528411357307,-0.00330713014045079,"Com_2912_neg","2-(Dimethylamino)Guanosine","C12 H17 N5 O5",311.12437,4.966,310.11709,"No results","No results","Full match","None","None","None","None"
0.0433389819056016,0.0159640850424133,-0.040893806569326,-0.00788630443194129,-0.00567414766568227,"Com_29142_pos","2-(tert-butyl)-6,7-dimethoxy-4H-3,1-benzoxazin-4-one","C14 H17 N O4",263.11654,4.988,264.12378,"Full match","No results","No results",NA,NA,NA,NA
0.0180512546112599,0.00320124238111213,-0.00875838868595468,0.012423080582753,0.00766158394248082,"Com_29153_pos","2,4-dichloro-N-{2-[(2-furylmethyl)amino]-1-methyl-2-oxoethyl}benzamide","C15 H14 Cl2 N2 O3",340.04161,2.907,341.04889,"Invalid mass","No results","No results",NA,NA,NA,NA
0.00162876483572749,0.00227386828751406,0.00179261965039821,-0.00153643368405894,-0.00668811535812931,"Com_2918_pos","Creatinine","C4 H7 N3 O",113.05965,0.525,114.06694,"Invalid mass","Invalid mass","No results","Organic acids and derivatives","Carboxylic acids and derivatives","Amino acids, peptides, and analogues","Alpha amino acids and derivatives"
0.00687774135970468,0.00408541120008601,0.016985791150001,0.017494427156946,0.000627778214528017,"Com_29198_pos","2-(2-oxo-2-{[2-(2-oxo-1-imidazolidinyl)ethyl]amino}ethoxy)acetic acid","C9 H15 N3 O5",245.10205,6.196,246.10933,"Full match","No results","No results",NA,NA,NA,NA
0.0217821211007873,-0.00384115208753922,-0.0164344068931544,-0.019968165973128,0.0249042945525291,"Com_29222_pos","1,3-dimethyl 2,4-bis(4-hydroxyphenyl)cyclobutane-1,3-dicarboxylate","C20 H20 O6",378.10484,4.838,379.11212,"Invalid mass","No results","No results",NA,NA,NA,NA
0.0198405068846579,-0.00424094558900813,0.00406224688853564,0.00866437527266778,-0.0178029653328869,"Com_2925_pos","Epinastine","C16 H15 N3",249.12343,5.398,250.13071,"Invalid mass","No results","No results",NA,NA,NA,NA
0.00594454694536931,-0.0271946144504021,-0.00431446699437759,-0.00190922431277582,-0.000250700037706181,"Com_29302_neg","ethyl 2-nitro-3-(4-nitrophenyl)acrylate","C11 H10 N2 O6",266.05879,1.543,265.05163,"Invalid mass","No results","No results",NA,NA,NA,NA
0.0109476700613669,-0.0144130570348271,-0.0379269399205924,0.0164959596976797,0.00135854975706823,"Com_29374_pos","N-Desmethylclobazam","C15 H11 Cl N2 O2",286.04916,5.3,287.05643,"Invalid mass","No results","No results","Organoheterocyclic compounds","Benzodiazepines","Not available","Benzodiazepines"
0.0157420802728269,-0.00376226426452643,0.00268567719046531,-0.00737623414154622,0.00333845132156455,"Com_29383_pos","QNK","C15 H28 N6 O6",388.20812,6.523,389.21539,"Full match","No results","No results",NA,NA,NA,NA
0.0232737453717637,-0.0295065030617987,0.0224979155824392,-0.0488926867750956,0.0394930804045586,"Com_2938_pos","11-Epiprostaglandin E1","C20 H34 O5",371.26891,5.821,372.27618,"Invalid mass","No results","No results","Lipids and lipid-like molecules","Fatty Acyls","Eicosanoids","Prostaglandins and related compounds"
0.016120579424758,-0.0527676250637458,0.0221666970455536,0.0267169953944651,0.0650983313191147,"Com_29391_neg","LPE 20:4","C25 H44 N O7 P",501.28899,8.637,500.28171,"No results","Invalid mass","No results","Lipids and lipid-like molecules","Glycerophospholipids","Glycerophosphoethanolamines","1-acyl-sn-glycero-3-phosphoethanolamines"
0.02157748867356,-0.0295246060628416,0.0220162739750985,-0.0503365350966825,0.0385173741192986,"Com_2939_pos","Prostaglandin E1","C20 H34 O5",354.24214,5.825,372.276,"No results","No results","Full match","Lipids and lipid-like molecules","Fatty Acyls","Eicosanoids","Prostaglandins and related compounds"
0.018238997674649,-0.0217453791757682,0.0320078673020408,-0.0220217620219193,0.0266718680514142,"Com_293_pos","CAR 5:0","C12 H24 N O4",245.16403,5.276,246.17131,"No results","Invalid mass","No results",NA,NA,NA,NA
0.0246637765777784,-0.0263333674894688,-0.00986728982627758,0.0108126069106472,0.00157376388440754,"Com_29415_pos","4-[2-(trifluoromethyl)phenyl]-5-undecyl-4H-1,2,4-triazole-3-thiol","C20 H28 F3 N3 S",399.19723,5.995,400.2045,"Full match","No results","No results",NA,NA,NA,NA
-0.0124095189541392,-0.00889695809248833,0.0281323570591911,-0.0195465478140786,0.00824360585912498,"Com_2941_pos","1-(4-nitrophenyl)piperidine","C11 H14 N2 O2",206.10426,5.009,207.11154,"Invalid mass","No results","No results",NA,NA,NA,NA
-0.00526055281763947,-0.0108695628266909,-0.0167351844914928,0.00537532958924458,-0.0256019656206549,"Com_29530_neg","LPG 16:1","C22 H43 O9 P",482.26739,9.659,481.26012,"No results","Invalid mass","No results","Lipids and lipid-like molecules","Glycerophospholipids","Glycerophosphoglycerols","Phosphatidylglycerols"
0.0240100308381296,-0.000622467394278962,-0.0199950416607929,-0.000406057854367337,-0.0128949315146332,"Com_2953_neg","2,4-Dihydroxybenzoic acid","C7 H6 O4",154.0265,5.004,153.0192,"Full match","Full match","Full match","Benzenoids","Benzene and substituted derivatives","Benzoic acids and derivatives","Hydroxybenzoic acid derivatives"
0.0133327798184369,0.00279832329474622,-0.0716650680800346,-0.132919427552845,0.0182716442370416,"Com_2955_neg","1,3,7-Trimethyluric acid","C8 H10 N4 O3",210.0758,5.243,209.06852,"Full match","No results","No results","Organoheterocyclic compounds","Imidazopyrimidines","Purines and purine derivatives","Xanthines"
0.0108696949662031,-0.0216535355792634,0.00917514041955234,0.00205779170193852,0.0222469433641561,"Com_2955_pos","Propionyl-L-carnitine","C10 H19 N O4",217.13086,1.37,256.09372,"No results","No results","Full match","Lipids and lipid-like molecules","Fatty Acyls","Fatty acid esters","Acyl carnitines"
-0.00144389495968119,-0.0347230537444852,-0.0144502054980881,-0.00286539719282106,0.015852990016707,"Com_2959_pos","Pyridoxine","C8 H11 N O3",169.07481,1.628,170.08212,"Invalid mass","Invalid mass","No results","Organoheterocyclic compounds","Pyridines and derivatives","Pyridoxines","Pyridoxines"
0.0165826692450216,-0.016679374164403,-0.0441215448630163,3.07749917138756e-05,-0.0452669641808728,"Com_2960_neg","7-Hydroxy-4-chromone","C9 H6 O3",162.0323,5.315,161.02475,"No results","No results","Full match","Organoheterocyclic compounds","Benzopyrans","1-benzopyrans","Chromones"
0.00678433428400456,-0.0103126460974223,0.000719817757778949,-0.00844744702957138,-0.00398036935648016,"Com_2962_pos","Carvone","C10 H14 O",150.10518,6.046,151.11249,"Full match","Full match","No results","Lipids and lipid-like molecules","Prenol lipids","Monoterpenoids","Menthane monoterpenoids"
0.00900431819422028,-0.00983621055566436,0.00750229449048288,0.00775012716307259,0.00944897123973213,"Com_29653_pos","ENH","C15 H22 N6 O7",398.1565,1.311,399.16376,"Full match","No results","No results",NA,NA,NA,NA
0.0141158429146634,-0.0098963418149677,-0.00780834228234638,0.0183704159542408,0.00965027028522505,"Com_29664_pos","1-adamantyl(1,4-thiazinan-4-yl)methanone","C15 H23 N O S",265.15396,1.246,266.16124,"Invalid mass","No results","No results",NA,NA,NA,NA
0.0336629210196824,-0.0229534350455146,-0.0340985027211822,0.010856414515855,0.0115778421607016,"Com_2966_pos","D-Cysteine","C3 H7 N O2 S",103.99418,6.153,122.02801,"Invalid mass","Invalid mass","No results","Organic acids and derivatives","Carboxylic acids and derivatives","Amino acids, peptides, and analogues","Cysteine and derivatives"
0.0219087856039765,-0.0111593555817172,-0.00849521806725454,-0.00569863687290854,-0.0187694878082124,"Com_296_pos","p-Mentha-1,3,8-triene","C10 H14",134.11014,6.115,135.11741,"No results","No results","Full match","Lipids and lipid-like molecules","Prenol lipids","Monoterpenoids","Aromatic monoterpenoids"
0.0108536512310048,0.0132902900877089,-0.00609324033055668,0.00692889730145124,-0.00417791161413153,"Com_29743_pos","DKK","C16 H31 N5 O6",742.42252,8.487,372.21854,"Invalid mass","No results","No results",NA,NA,NA,NA
0.0167530815102575,-0.010104456716492,0.00704527181490871,0.00822825975143817,-0.0177060666458236,"Com_29780_pos","3,3-dichloro-1-methyl-1,2,3,4-tetrahydroquinoline-2,4-dione","C10 H7 Cl2 N O2",260.01095,5.411,261.01822,"Invalid mass","No results","No results",NA,NA,NA,NA
-0.031804269217833,-0.0570148264984916,-0.000435310140591937,-0.0032989688441275,0.00806669788550053,"Com_29850_pos","Oleoyl ethanolamide","C20 H39 N O2",307.28901,9.959,308.2962,"Invalid mass","No results","No results","Organic nitrogen compounds","Organonitrogen compounds","Amines","N-acylethanolamines"
0.0277646440492244,0.0145079138545135,0.0131631882746456,-0.0123114511741754,0.00335840605207935,"Com_2985_pos","N-Acetyl-L-histidine","C8 H11 N3 O3",197.08094,4.877,198.08822,"No results","No results","Full match","Organic acids and derivatives","Carboxylic acids and derivatives","Amino acids, peptides, and analogues","Histidine and derivatives"
0.0156685904761926,-0.0148337410339571,-0.0132280044749455,0.00467015908149397,0.0109407118424286,"Com_2986_neg","6-(2-furyl)-2-oxo-1,2-dihydropyridine-3-carbonitrile","C10 H6 N2 O2",186.04085,5.866,185.03357,"Invalid mass","No results","No results",NA,NA,NA,NA
0.0128896263276773,0.000904235466944194,0.0045489981664409,-0.00367767809605634,0.000416073982444172,"Com_29889_neg","3,4,5-trihydroxycyclohex-1-ene-1-carboxylic acid","C7 H10 O5",174.05356,4.996,173.04586,"Full match","No results","No results",NA,NA,NA,NA
0.0253560683372932,-0.027149929760746,0.0191805058643871,0.000281643650040287,0.0173545067598527,"Com_29900_pos","25-hydroxycholecalciferol","C27 H44 O2",400.33667,7.733,383.33334,"No results","Invalid mass","No results",NA,NA,NA,NA
0.00224280784749124,0.00830814065319971,0.00222743207400861,0.0010443081082497,-0.00704973649308291,"Com_29948_neg","16-Hydroxyhexadecanoic acid","C16 H32 O3",272.23719,7.831,271.22992,"Invalid mass","No results","No results","Lipids and lipid-like molecules","Fatty Acyls","Fatty acids and conjugates","Long-chain fatty acids"
0.00803322209269754,-0.0088204049037998,-0.0154724039492941,0.00401436409419568,-0.00251539972827458,"Com_29956_pos","2-[(3S)-1-(2-Methylbenzyl)-3-pyrrolidinyl]-1,3-benzoxazole","C19 H20 N2 O",292.1588,6.394,293.16608,"Full match","No results","No results","Organoheterocyclic compounds","Benzoxazoles","Not available","Benzoxazoles"
0.00389446425016589,-0.0266649588485909,0.0276757096562653,-0.013712827809096,0.00953960252379119,"Com_29957_neg","DL-Citrulline","C6 H13 N3 O3",175.09603,1.338,174.08873,"No results","No results","Full match","Organic acids and derivatives","Carboxylic acids and derivatives","Amino acids, peptides, and analogues","Alpha amino acids"
0.0144107683981674,-0.00286752388536754,0.0153829030077984,0.0384571615502316,0.0375775743151446,"Com_3001_neg","N1-(6-methyl-4-oxo-3,4-dihydroquinazolin-2-yl)-4-nitrobenzamide","C16 H12 N4 O4",324.08779,1.329,323.08054,"Invalid mass","No results","No results",NA,NA,NA,NA
0.00581465817325721,-0.0299925232884807,0.0240746248084497,-0.00602732115319342,0.016188465729992,"Com_3006_pos","Cyclocytidine","C9 H11 N3 O4",225.076,1.415,226.08329,"No results","No results","Full match","Organic oxygen compounds","Organooxygen compounds","Ethers","Alkyl aryl ethers"
0.016326263132748,-0.012653764137664,-0.0103240728282369,0.0210476647418298,-0.000666548611826638,"Com_30071_pos","5-[(benzoyloxy)methyl]-4,5,6-trihydroxycyclohex-2-en-1-yl benzoate","C21 H20 O7",406.10294,5.919,407.11021,"Invalid mass","No results","No results",NA,NA,NA,NA
0.0205253302500344,-0.0112905165235056,-0.00280381273643143,0.0148987761355528,-0.00622630866222215,"Com_30083_pos","4-hydroxy-3-(3-methylbut-2-en-1-yl)benzoic acid","C12 H14 O3",206.09291,6.236,207.09975,"Invalid mass","No results","No results",NA,NA,NA,NA
0.0249182150960243,-0.0248105273297459,0.0171381868277457,-0.00270962360097869,0.0210711761373395,"Com_30112_pos","CAR 16:1","C23 H44 N O4",397.32105,7.424,398.32833,"No results","Invalid mass","No results",NA,NA,NA,NA
0.00490607748592781,-0.0328177019461878,0.0194997868976983,-0.00651023181115788,0.0183991264129447,"Com_3012_pos","N6-Methyladenine","C6 H7 N5",149.07086,1.398,150.07814,"Full match","Full match","No results","Organoheterocyclic compounds","Imidazopyrimidines","Purines and purine derivatives","6-alkylaminopurines"
-0.00683738619926725,-0.0118656166686525,0.00497750742754872,0.0025404009871584,0.00229842446175293,"Com_3013_pos","5-[(10Z)-14-(3,5-dihydroxyphenyl)tetradec-10-en-1-yl]benzene-1,3-diol","C26 H36 O4",412.26084,10.434,413.26812,"Full match","No results","No results",NA,NA,NA,NA
0.00356013811308111,-0.00529334848113559,-0.00140942010432349,0.0010585596965404,0.00321977465306861,"Com_30160_neg","(3R)-4,4-Dimethyl-2-oxotetrahydro-3-furanyl beta-D-glucopyranoside","C12 H20 O8",338.11778,7.743,337.1105,"Invalid mass","No results","No results",NA,NA,NA,NA
0.00493857577619711,-0.0201691177929662,0.00338658701256116,0.000829383714580894,0.00289224515398601,"Com_30178_neg","Folinic acid","C20 H23 N7 O7",473.16917,1.645,472.1619,"Invalid mass","No results","No results","Organoheterocyclic compounds","Pteridines and derivatives","Pterins and derivatives","Tetrahydrofolic acids"
0.0333144427031875,-0.0112702779732535,-0.0535241397256792,0.0327265203352974,-0.0335407964307387,"Com_301_pos","2-[5-(2-hydroxypropyl)oxolan-2-yl]propanoic acid","C10 H18 O4",184.11081,5.146,185.11817,"Invalid mass","No results","No results",NA,NA,NA,NA
0.00659282850516494,0.00903318216043534,-0.0187874031111774,0.0124332595093139,0.0307059443924405,"Com_30211_neg","2-Phosphoglyceric acid","C3 H7 O7 P",185.99333,1.297,184.98605,"No results","No results","Full match","Organic oxygen compounds","Organooxygen compounds","Carbohydrates and carbohydrate conjugates","Sugar acids and derivatives"
0.0182792048602569,-0.019712366025155,0.0190413054140635,0.00296550694825957,0.00630202883678545,"Com_30214_pos","Dehydrocholic acid","C24 H34 O5",402.24247,6.026,403.24987,"Full match","Full match","Full match","Lipids and lipid-like molecules","Steroids and steroid derivatives","Bile acids, alcohols and derivatives","Bile acids, alcohols and derivatives"
0.0202300441385286,-0.00992220620487411,-0.00335962202397662,0.00946154147063729,0.0113274252221213,"Com_30227_pos","Aflatoxin M1","C17 H12 O7",350.03674,5.236,351.04402,"Invalid mass","No results","No results","Phenylpropanoids and polyketides","Coumarins and derivatives","Furanocoumarins","Difurocoumarocyclopentenones"
0.00467300889738174,0.0255905241585571,-0.002333720691214,0.00443807460085373,0.000944555488627539,"Com_30242_pos","6,7,8-trimethoxy-2-(2-phenoxy-3-pyridyl)-4H-3,1-benzoxazin-4-one","C22 H18 N2 O6",444.07844,8.598,445.08571,"Invalid mass","No results","No results",NA,NA,NA,NA
-0.00744476576766351,-0.00819865436400568,0.000406031962675344,0.00744609223025441,0.00450780013187126,"Com_30245_neg","PE 16:1_18:1","C39 H74 N O8 P",715.52021,11.171,714.51293,"No results","Invalid mass","No results",NA,NA,NA,NA
0.0125473194817492,-0.00922867225749135,-0.00474577379647086,-0.00410246072661458,0.000393647409714812,"Com_30251_pos","(2E,4E)-N-(2-methylpropyl)deca-2,4-dienamide","C14 H25 N O",223.19432,6.311,241.22813,"Full match","No results","No results",NA,NA,NA,NA
0.0125434109340651,-0.0158173100546555,0.00324953510584967,0.00683103334579779,0.012860519357922,"Com_3026_neg","δ-Gluconic acid δ-lactone","C6 H10 O6",178.04813,1.366,177.04063,"Full match","Full match","Full match","Organic oxygen compounds","Organooxygen compounds","Carbohydrates and carbohydrate conjugates","Gluconolactones"
0.0300871689853297,0.00643788891098516,0.00230187567079381,-0.00299073742159152,0.00552135139339611,"Com_30279_pos","Bisphenol G","C21 H28 O2",329.23323,4.971,330.24051,"Invalid mass","No results","No results","Benzenoids","Benzene and substituted derivatives","Diphenylmethanes","Bisphenols"
0.00321336194658571,-0.00201069958146238,0.00624332185575819,-0.00039247927273918,-0.0260979691124139,"Com_30286_neg","11,12-Epoxy-(5Z,8Z,11Z)-icosatrienoic acid","C20 H32 O3",320.23741,8.004,319.23013,"Invalid mass","No results","No results","Lipids and lipid-like molecules","Fatty Acyls","Eicosanoids","Hepoxilins"
0.0191125781105883,-0.0122595304564206,-0.00366580587153641,0.00621586509132183,0.00797095316234629,"Com_30331_pos","(S)-10-Hydroxycamptothecin","C20 H16 N2 O5",386.09233,5.975,387.09961,"Invalid mass","No results","No results","Alkaloids and derivatives","Camptothecins","Not available","Camptothecins"
0.0250395341363611,-0.00704345873470365,-0.043901129045861,0.040441165447767,0.00806030753893193,"Com_3034_pos","3-{[(3S)-3-(1,3-Benzothiazol-2-yl)-1-pyrrolidinyl]methyl}benzonitrile","C19 H17 N3 S",319.11,2.832,320.11729,"Invalid mass","No results","No results","Organoheterocyclic compounds","Benzothiazoles","Not available","Benzothiazoles"
0.0263475254458672,-0.0125931181363553,-0.0200550483970066,0.0443285493037484,-0.0145408430238138,"Com_3040_neg","Folic acid","C19 H19 N7 O6",441.14224,5.119,440.13497,"Invalid mass","Invalid mass","No results","Organic acids and derivatives","Carboxylic acids and derivatives","Amino acids, peptides, and analogues","Glutamic acid and derivatives"
0.0398100009808949,0.0271346147005509,0.0106030213561649,0.00676571186002642,0.00668934143866944,"Com_30416_pos","1-(4-chlorophenyl)-1-phenyl-2-(3-pyridyl)ethan-1-ol","C19 H16 Cl N O",309.09538,2.676,310.10266,"Invalid mass","No results","No results",NA,NA,NA,NA
0.0177713848195946,-0.0187661976396717,0.0418159323684769,-0.00892066489525774,-0.0404469380992288,"Com_30422_neg","Glycodeoxycholic Acid (hydrate)","C26 H43 N O5",485.2934,6.665,484.28613,"Invalid mass","No results","No results",NA,NA,NA,NA
0.0428086576054136,0.00803994143596069,0.0231629870653016,0.0122695781725813,0.0292147576880467,"Com_30449_pos","N4-(2,6-dimethoxy-3-pyridyl)-3,5-dimethyl-4-isoxazolesulfonamide","C12 H15 N3 O5 S",313.07427,2.945,314.08154,"Full match","No results","No results",NA,NA,NA,NA
0.0116521387899856,-0.00364160009231336,0.00971447496073368,-0.0246517199968001,-0.0305325407959667,"Com_30454_neg","13,14-dihydro-15-keto-tetranor Prostaglandin D2","C16 H26 O5",280.1667,6.993,279.15942,"Invalid mass","No results","No results","Organic oxygen compounds","Organooxygen compounds","Alcohols and polyols","Cyclopentanols"
0.0212036465136594,-0.015721705249668,-0.0066337221536596,0.0133255102382934,0.00964750566059528,"Com_30483_pos","3,5-dimethyl-N'-[4-(trifluoromethyl)benzoyl]isoxazole-4-carbohydrazide","C14 H12 F3 N3 O3",327.07937,5.588,328.08667,"Invalid mass","No results","No results",NA,NA,NA,NA
0.00813227920940229,-0.0290355667158729,-0.0140046269247758,0.0162993069474266,0.00783675586548374,"Com_30502_pos","1-Methylguanosine","C11 H15 N5 O5",297.1083,1.417,298.11558,"No results","No results","Full match","Nucleosides, nucleotides, and analogues","Purine nucleosides","Not available","Purine nucleosides"
0.0183296561667751,-0.00486209763140359,0.00333192997906722,-0.00284609193389964,-0.0196036316362557,"Com_30541_pos","Amphetamine","C9 H13 N",135.10543,5.34,153.13923,"Full match","Full match","No results","Benzenoids","Benzene and substituted derivatives","Phenethylamines","Amphetamines and derivatives"
0.0100180840619592,0.011754052444025,-0.00722205178977696,0.016824237881777,0.0175565194367169,"Com_30545_pos","bicyclo[2.2.2]oct-2-en-1-yl 4-methylbenzene-1-sulfonate","C15 H18 O3 S",278.09529,2.448,279.10257,"Invalid mass","No results","No results",NA,NA,NA,NA
0.0172169379425505,-0.0281881317853244,-0.0240720862168237,0.000559812743516499,0.0115478768114135,"Com_30566_pos","PLH","C17 H27 N5 O4",365.20473,6.759,366.21201,"Full match","No results","No results",NA,NA,NA,NA
0.00471626300491685,-0.0503358694035098,-0.00296030913957246,-0.012356574830445,0.00669252195515592,"Com_3060_pos","7-hydroxy-6-nitro-2,3-dihydro-1H,5H-pyrido[3,2,1-ij]quinolin-5-one","C12 H10 N2 O4",246.06884,2.004,247.0761,"Invalid mass","No results","No results",NA,NA,NA,NA
0.019674919181984,-0.0140562930357355,-0.00432756797708054,0.0173155720508612,0.00478995561039232,"Com_30612_pos","Mycophenolic acid","C17 H20 O6",342.10564,5.913,343.11292,"Invalid mass","No results","No results","Organoheterocyclic compounds","Isocoumarans","Isobenzofuranones","Phthalides"
0.0196483252958634,-0.0126040719862676,-0.00904348647323816,0.017880523444915,0.0147801371292766,"Com_30654_pos","α-Hydroxymidazolam","C18 H13 Cl F N3 O",341.07543,5.806,324.0722,"Invalid mass","No results","No results","Organoheterocyclic compounds","Benzodiazepines","1,4-benzodiazepines","Imidazo[1,5-a][1,4]benzodiazepines"
0.0181512328675152,-0.00717822633540045,-0.00139988054704439,-0.0149591848898912,-0.0261146607167052,"Com_3070_pos","Methyl 3-indolyacetate","C11 H11 N O2",189.07991,5.583,190.08724,"No results","No results","Full match","Organoheterocyclic compounds","Indoles and derivatives","Indolyl carboxylic acids and derivatives","Indole-3-acetic acid derivatives"
0.0223350166066903,-0.00355144619741661,-0.00641199469738971,0.0131788303785669,0.0300874680377513,"Com_3071_pos","(4E)-1,7-bis(3,4-dihydroxyphenyl)hept-4-en-3-one","C19 H20 O5",328.12785,5.067,329.13514,"Invalid mass","No results","No results",NA,NA,NA,NA
0.0188658139220193,-0.00952601660973914,-0.0053272599477541,-0.0066683052073573,-0.00471580766046043,"Com_30733_neg","(+/-)9,10-dihydroxy-12Z-octadecenoic acid","C18 H34 O4",314.24727,6.751,313.24,"Full match","No results","Full match","Lipids and lipid-like molecules","Fatty Acyls","Fatty acids and conjugates","Long-chain fatty acids"
0.0559670290274664,0.0470018022600649,-0.024111663108622,0.00540631897409295,-0.00628058486819726,"Com_3073_pos","2-[2-oxo-2-(pyridin-3-ylamino)ethoxy]acetic acid","C9 H10 N2 O4",210.06495,4.808,211.07223,"Full match","No results","No results",NA,NA,NA,NA
-0.00161309834350219,-0.00696419026291143,0.00027693291551533,-0.00697803998039273,-0.0100494493157569,"Com_30772_pos","1-Methyladenine","C6 H7 N5",149.07091,2.207,150.07819,"Invalid mass","No results","No results","Organoheterocyclic compounds","Imidazopyrimidines","Purines and purine derivatives","Purines and purine derivatives"
0.0167912617978666,-0.0173707717198336,-0.00178298146186653,-0.00746423455206169,0.00167540707408226,"Com_30789_neg","Estrone sulfate","C18 H22 O5 S",350.121,6.003,349.11372,"Invalid mass","No results","No results","Lipids and lipid-like molecules","Steroids and steroid derivatives","Sulfated steroids","Sulfated steroids"
0.00140294684902497,-0.00284249043157305,-0.000651645414698527,0.00335270794222738,0.00199336538562019,"Com_30795_pos","LPC 18:0-SN1","C26 H54 N O7 P",523.36614,10.031,524.37338,"No results","Full match","Full match",NA,NA,NA,NA
0.0282587462204949,-0.0171738199668408,0.0348070385842561,-0.0065162472157632,0.0490249038726435,"Com_3080_pos","Tetrahydrocorticosterone","C21 H34 O4",367.27393,6.665,368.28119,"Invalid mass","Invalid mass","No results","Lipids and lipid-like molecules","Steroids and steroid derivatives","Hydroxysteroids","21-hydroxysteroids"
0.0205563023966084,-0.0206523906049895,0.0310829745187572,-0.00552025792210061,0.0093238903466482,"Com_3081_pos","NAT13-331713_POS","C26 H30 N4 O3",446.23248,6.03,447.2397,"Full match","No results","No results","None","None","None","None"
0.0104432710559403,0.00101670556558929,-0.000149538057649863,0.0086446857652304,0.00739463393268094,"Com_30847_neg","Pentadecanoic Acid","C15 H30 O2",288.23176,7.163,287.22448,"Invalid mass","No results","No results","Lipids and lipid-like molecules","Fatty Acyls","Fatty acids and conjugates","Long-chain fatty acids"
-0.0156126980110047,-0.0231051709460065,0.000806541350760098,-0.00640891760580345,0.000378390958027638,"Com_30855_neg","N-{[2-(2-thienyl)-1,3-thiazol-4-yl]methyl}benzamide","C15 H12 N2 O S2",300.0356,8.43,299.02832,"Invalid mass","No results","No results",NA,NA,NA,NA
0.00966681516610557,-0.0142196898466364,-0.0105970582467905,0.00344386799368362,0.0353072759967696,"Com_30887_neg","D-Glucosamine","C6 H13 N O5",179.08008,1.276,214.04952,"No results","No results","Full match","Organic oxygen compounds","Organooxygen compounds","Carbohydrates and carbohydrate conjugates","Hexoses"
0.0292859304341166,-0.029734361470923,-0.0396366470893157,0.0243119733394373,0.0248109094915588,"Com_3088_pos","Northiaden","C18 H19 N S",281.12652,5.995,282.1338,"Invalid mass","No results","No results",NA,NA,NA,NA
0.0155899693925497,-0.00856139977698234,0.0166365371591571,0.00108681299160808,0.0113286263128214,"Com_30897_neg","Leu-Pro","C11 H20 N2 O3",228.14822,5.157,227.14095,"No results","No results","Full match","Organic acids and derivatives","Carboxylic acids and derivatives","Amino acids, peptides, and analogues","Dipeptides"
0.0205407757835397,-0.0142250340163993,-0.00961058912331917,0.0226144836317501,0.000850808103427685,"Com_30924_pos","HMK","C17 H30 N6 O4 S",396.19536,5.905,397.20264,"Invalid mass","No results","No results",NA,NA,NA,NA
0.00160404368551222,-0.00788078712562438,-0.00679146917300578,0.00190487749838541,0.0127822153040647,"Com_30927_neg","D-Homocysteine","C4 H9 N O2 S",135.03546,1.244,134.02818,"No results","No results","Full match","Organic acids and derivatives","Carboxylic acids and derivatives","Amino acids, peptides, and analogues","D-alpha-amino acids"
-0.0280548316246036,-0.0942187201930526,0.00395559935874794,-0.0117351795127466,0.0224488989165589,"Com_30950_pos","1-(4-methoxyphenyl)-4-phenyl-2(1H)-pyrimidinethione","C17 H14 N2 O S",294.08036,1.635,295.08747,"Invalid mass","No results","No results",NA,NA,NA,NA
0.00626889868953162,-0.0116065351442369,0.0214418483939676,-0.016120097497903,0.0113248596467599,"Com_3098_neg","Hexanoylglycine","C8 H15 N O3",173.10537,5.625,172.09809,"Full match","No results","Full match","Organic acids and derivatives","Carboxylic acids and derivatives","Amino acids, peptides, and analogues","N-acyl-alpha amino acids"
0.0496439665865876,0.0406786837969042,0.0144310186031807,-0.00289359206709165,0.021761184001039,"Com_3100_pos","Cytosine","C4 H5 N3 O",111.04404,4.891,112.05131,"Invalid mass","Invalid mass","No results","Organoheterocyclic compounds","Diazines","Pyrimidines and pyrimidine derivatives","Pyrimidones"
0.0154293547870838,-0.0132953623723848,-0.0040580216325225,0.00811929452653586,0.00479891686021563,"Com_31011_neg","13,14-dihydro-15-keto Prostaglandin A2","C20 H30 O4",316.20614,5.9,315.19901,"Invalid mass","No results","No results","Lipids and lipid-like molecules","Fatty Acyls","Eicosanoids","Prostaglandins and related compounds"
0.0193260187624308,-0.0238605516276646,0.00496881056706908,0.0183151282875342,0.00843459378000364,"Com_31016_neg","Tanespimycin","C31 H43 N3 O8",621.286,6.379,620.27873,"Invalid mass","No results","No results","Phenylpropanoids and polyketides","Macrolactams","Not available","Macrolactams"
0.0308663251354367,0.00492694701972474,0.00313102273440354,-0.00478153882787928,2.02657133574776e-05,"Com_31044_pos","6-(3-chloro-4-methylphenyl)-1,3,5-triazine-2,4-diamine","C10 H10 Cl N5",235.06023,4.997,236.06775,"Invalid mass","No results","No results",NA,NA,NA,NA
0.0192310538402208,-0.0158720454279543,-0.0113390289646908,0.0442844935091844,0.0107977984822708,"Com_3104_pos","AMK","C14 H28 N4 O4 S",348.17864,5.723,349.18591,"Invalid mass","No results","No results",NA,NA,NA,NA
0.0194635513412726,-0.0105669292988971,-0.00071079027720672,0.0178833834921869,0.0151319256174617,"Com_31055_pos","4-(3,4-dihydro-2H-1,5-benzodioxepin-7-ylamino)-4-oxobutanoic acid","C13 H15 N O5",287.07387,5.245,288.08115,"Invalid mass","No results","No results",NA,NA,NA,NA
0.020004137265437,-0.00285847214142475,-0.00145415971438922,0.00970282822468951,0.0194658345271758,"Com_31068_pos","5-(tert-butyl)-N-[4-(trifluoromethyl)phenyl]thiophene-2-carboxamide","C16 H16 F3 N O S",327.08919,4.842,328.09647,"Full match","No results","No results",NA,NA,NA,NA
0.0269036604185019,-0.0172952323440221,0.00968868701176246,0.0115663686645901,-0.0428823377185518,"Com_31089_pos","Methyl N-benzoylphenylalaninate","C17 H17 N O3",283.12213,6.165,284.12948,"Full match","No results","No results","Organic acids and derivatives","Carboxylic acids and derivatives","Amino acids, peptides, and analogues","Phenylalanine and derivatives"
0.0530578645096574,0.0201767999468569,0.0307413440611902,-0.00557829865323804,0.00995206436630775,"Com_3108_pos","Adenosine 3'5'-cyclic monophosphate","C10 H12 N5 O6 P",329.05394,3.44,330.06122,"Full match","Full match","Full match","Nucleosides, nucleotides, and analogues","Purine nucleotides","Cyclic purine nucleotides","3',5'-cyclic purine nucleotides"
-0.00295267492290264,-0.00152357658877385,0.00196944055645321,0.0107928706140592,-0.0064078009171163,"Com_31094_neg","PE 17:1_18:1","C40 H76 N O8 P",729.53615,10.524,728.52887,"No results","Invalid mass","No results",NA,NA,NA,NA
0.000268822238991367,0.00040856558806619,-0.00474585186382757,0.000733087550776026,0.00112521198105913,"Com_310_pos","5-hydroxy-4-methoxy-5,6-dihydro-2H-pyran-2-one","C6 H8 O4",144.04282,3.637,145.05009,"Full match","No results","Full match",NA,NA,NA,NA
0.0154168165342415,-0.0135966931959385,-0.019914051253075,0.0114557401874768,0.00149176253504838,"Com_31146_neg","HexCer 16:3;2O/16:2;O","C38 H65 N O9",679.46984,6.352,724.46832,"No results","Invalid mass","No results",NA,NA,NA,NA
0.0239856793741922,-0.00295646749504162,-0.00637058617756813,0.00220052189559034,0.0123739019623406,"Com_31193_pos","N1-(1,3-benzodioxol-5-yl)-2-[(1-methyl-1H-imidazol-2-yl)thio]acetamide","C13 H13 N3 O3 S",291.06963,5.056,292.0769,"Invalid mass","No results","No results",NA,NA,NA,NA
0.0126334065396861,-0.0243501757162572,-0.0193159808283677,0.022068872791142,0.00322290563511404,"Com_311_pos","ANH","C13 H20 N6 O5",170.07408,6.245,171.08137,"Invalid mass","No results","No results",NA,NA,NA,NA
0.0114045752173843,0.00617498509587077,-0.0135828048383516,-0.00970689470673701,0.00194365480167873,"Com_31248_pos","Nordiazepam","C15 H11 Cl N2 O",270.0595,4.357,271.06677,"Invalid mass","No results","No results","Organoheterocyclic compounds","Benzodiazepines","1,4-benzodiazepines","1,4-benzodiazepines"
-0.0187526765470003,-0.0336007125850264,0.00622805538977188,-0.00632187516374468,0.000458573689444138,"Com_3125_neg","Stearic acid","C18 H36 O2",284.27307,11.09,283.26578,"Invalid mass","No results","No results","Lipids and lipid-like molecules","Fatty Acyls","Fatty acids and conjugates","Long-chain fatty acids"
0.0161067438313846,-0.0124024842187135,-0.0170288196202432,0.00931096014773484,-0.00772264429258989,"Com_31263_pos","4-{3-[(3,4-dihydroxyphenyl)methyl]-2-methylbutyl}benzene-1,2-diol","C18 H22 O4",324.13535,6.594,325.14262,"Invalid mass","No results","No results",NA,NA,NA,NA
0.029307612785098,-0.0169755617804052,-0.0298028794422866,0.0160650624041906,-0.00749477300543478,"Com_31291_pos","2-(1H-benzimidazol-2-yl)-N-[4-(benzyloxy)phenyl]benzamide","C27 H22 N4 O2",456.15389,7.196,457.16116,"Invalid mass","No results","No results",NA,NA,NA,NA
-0.038605652494986,-0.107920875597306,-0.0170388982446114,-0.00400209708971981,0.00146520080721458,"Com_3130_neg","7-(1-pyrrolidinyl)pyrimido[4,5-d]pyrimidin-4-amine","C10 H12 N6",108.05603,1.562,215.10462,"Invalid mass","No results","No results",NA,NA,NA,NA
0.0195990931688495,0.00402870881846685,0.000278777780273633,0.00762728312202962,0.0089106688725598,"Com_31334_pos","N-[2-(methylthio)-1,3-benzothiazol-6-yl]-2-(trifluoromethyl)benzamide","C16 H11 F3 N2 O S2",368.02379,3.144,369.03107,"Invalid mass","No results","No results",NA,NA,NA,NA
0.0066997749248035,0.0146347765976306,0.00229787770828833,-0.00319499063135402,0.000754707874778561,"Com_31405_pos","(±)5(6)-DiHET","C20 H34 O4",320.23424,8.631,321.24152,"Invalid mass","No results","No match",NA,NA,NA,NA
0.0127819760742182,-0.0127899935695993,-0.00433591268678986,-0.00749517577593551,0.0129003277088879,"Com_3143_neg","D-Glucuronic acid","C6 H10 O7",194.04338,6.713,193.0361,"No results","No results","Full match","Nucleosides, nucleotides, and analogues","Pyrimidine nucleotides","Pyrimidine nucleotide sugars","Pyrimidine nucleotide sugars"
0.0165075944780095,-0.0234526727119559,-0.00179585798101241,-0.00844183927252999,-0.0178852949739415,"Com_31448_neg","20-Hydroxy-(5Z,8Z,11Z,14Z)-eicosatetraenoic acid","C20 H32 O3",320.23706,7.143,319.22978,"Invalid mass","No results","No results","Lipids and lipid-like molecules","Fatty Acyls","Fatty acids and conjugates","Long-chain fatty acids"
0.0230843341365423,-0.0123685262602062,0.0051951051693273,0.0337122489806939,0.0118432420831725,"Com_31453_pos","Citicoline","C14 H26 N4 O11 P2",488.10809,5.637,489.11537,"No results","No results","Full match","Nucleosides, nucleotides, and analogues","Pyrimidine nucleotides","Pyrimidine ribonucleotides","Pyrimidine ribonucleoside diphosphates"
0.0300371991374125,-0.0193756268035024,0.0354760527293198,-0.0140570960684185,0.0328221632799593,"Com_31582_pos","lithocholic acid 3-sulfate","C24 H40 O6 S",456.25311,6.633,457.26038,"No results","No results","Full match",NA,NA,NA,NA
0.00757259125018324,-0.00800978884672916,0.00711382746799385,0.000273484491962192,0.0117997614402886,"Com_31584_pos","5-(2-chloro-6-methylphenoxy)-1,3-dimethyl-4-nitro-1H-pyrazole","C12 H12 Cl N3 O3",281.05779,1.385,282.06524,"Full match","No results","No results",NA,NA,NA,NA
0.0205529110665531,0.00415575668506489,-0.0104611136559929,0.0127476534237422,-0.00668081667496791,"Com_31599_pos","4-Amino-6-chloro-1,3-benzenedisulfonamide","C6 H8 Cl N3 O4 S2",284.96576,3.938,268.94647,"Full match","No results","No results","Benzenoids","Benzene and substituted derivatives","Benzenesulfonamides","Aminobenzenesulfonamides"
0.0413191217121089,0.0135165607416815,0.0266292880697911,0.0117816394266083,0.0155255538931341,"Com_31626_neg","JWH 018 N-pentanoic acid metabolite","C24 H21 N O3",407.1349,5.009,406.12763,"Invalid mass","No results","No results","Organoheterocyclic compounds","Indoles and derivatives","Naphthoylindoles","Naphthoylindoles"
-0.0396431557254298,-0.0685589802441043,-0.00166269084213409,-0.00582450978205897,0.00451778562440916,"Com_31646_pos","Cinchophen","C16 H11 N O2",249.08043,8.509,250.08772,"Invalid mass","No results","No results",NA,NA,NA,NA
0.00190579342708972,0.00463040006915914,-0.000363297415922345,-0.000284830434561946,-0.0068355878702012,"Com_31651_pos","SDMA","C8 H18 N4 O2",202.14392,0.525,203.1512,"No results","No results","Full match","Organic acids and derivatives","Carboxylic acids and derivatives","Amino acids, peptides, and analogues","Arginine and derivatives"
0.0191498374903339,-0.0115655053795831,-0.00648159852472827,0.023309283094564,0.00504789406900835,"Com_31727_pos","Papaverine","C20 H21 N O4",339.14256,5.773,340.14984,"Invalid mass","No results","No results","Organoheterocyclic compounds","Isoquinolines and derivatives","Benzylisoquinolines","Benzylisoquinolines"
-0.0076870646007285,-0.0024239610059805,-0.000376646462349397,-0.00688276915577914,-0.00993123685722502,"Com_31789_neg","trans-Petroselinic acid","C18 H34 O2",328.26211,8.685,327.25484,"Invalid mass","No results","No results","Lipids and lipid-like molecules","Fatty Acyls","Fatty acids and conjugates","Long-chain fatty acids"
0.0103993403130864,-0.0100293795296969,-0.00370855796831515,-0.00383391164347864,0.000668467619127428,"Com_3184_pos","4-Acetylbutyric acid","C6 H10 O3",130.06637,5.658,153.05559,"No results","Invalid mass","No results","Lipids and lipid-like molecules","Fatty Acyls","Fatty acids and conjugates","Medium-chain fatty acids"
-0.00278260300587615,-0.0615960109499082,-0.00764055070483651,-0.011324528995714,0.0142915301428466,"Com_31854_pos","3-methyl-5-oxo-5-(4-toluidino)pentanoic acid","C13 H17 N O3",235.12222,1.691,236.1295,"Invalid mass","No results","No results",NA,NA,NA,NA
0.0278171169946513,-0.00133801967795141,-0.00938018034599448,-0.000532298486181145,0.0146113902821343,"Com_31875_pos","Thr-Leu","C10 H20 N2 O4",232.14321,5.162,233.15051,"No results","No results","Full match","Organic acids and derivatives","Carboxylic acids and derivatives","Amino acids, peptides, and analogues","Dipeptides"
0.027484992725143,0.0208285836516467,0.00737324438149786,0.00461637242189835,-0.00460140350783805,"Com_3188_neg","N-Acetylvaline","C7 H13 N O3",159.08941,4.969,158.08213,"Full match","Full match","Full match","Organic acids and derivatives","Carboxylic acids and derivatives","Amino acids, peptides, and analogues","N-acyl-alpha amino acids"
0.0105885182740532,-0.0100992298456578,0.0173517194777457,-0.005115539633375,0.0124721351232878,"Com_3188_pos","5,8-dihydroxy-10-methyl-5,8,9,10-tetrahydro-2H-oxecin-2-one","C10 H14 O4",180.0795,5.737,181.08676,"Invalid mass","No results","No match",NA,NA,NA,NA
0.0324049405549622,0.00817688749640328,-0.00386599227884942,0.0046179021358158,0.00895001137131595,"Com_31894_pos","Sinefungin","C15 H23 N7 O5",381.17964,4.951,382.18692,"Invalid mass","No results","No results","Nucleosides, nucleotides, and analogues","5'-deoxyribonucleosides","Not available","5'-deoxyribonucleosides"
0.0119196771138829,-0.00234360750589681,-0.00877328422202259,0.00613276896722845,0.00858087104600948,"Com_31910_pos","N-(1,3-benzodioxol-5-yl)-5-methoxy-1H-indole-2-carboxamide","C17 H14 N2 O4",310.09996,4.496,311.10724,"Invalid mass","No results","No results",NA,NA,NA,NA
0.00984388002843399,-0.0331212716603647,-0.00104372015440796,0.00875573723788561,0.017797996276403,"Com_31915_pos","Tetranor-12(S)-HETE","C16 H26 O3",288.16904,1.417,289.17689,"Invalid mass","No results","No results","Lipids and lipid-like molecules","Fatty Acyls","Fatty acids and conjugates","Long-chain fatty acids"
0.0132005872692944,-0.0173085464674688,0.00796533783590586,-0.0291095753852633,0.0104438641694754,"Com_31925_neg","Tridecylic acid","C13 H26 O2",214.19415,6.859,213.18687,"Full match","No results","No results","Lipids and lipid-like molecules","Fatty Acyls","Fatty acids and conjugates","Long-chain fatty acids"
0.0114738154922873,-0.0181251816111152,0.00688114848479512,-0.01389038617782,0.00168376333972538,"Com_3195_pos","Tyramine","C8 H11 N O",137.08462,2.091,138.09189,"No results","No results","Full match","Benzenoids","Benzene and substituted derivatives","Phenethylamines","Phenethylamines"
0.0195789585282378,-0.017587984749598,0.0103748618435028,0.0151308726258125,-0.0170135416893533,"Com_32057_neg","Cytidine 5'-Monophosphate-N-Acetylneuraminic Acid","C20 H31 N4 O16 P",614.14601,5.206,613.13873,"No results","No results","Full match","Nucleosides, nucleotides, and analogues","Pyrimidine nucleotides","Pyrimidine nucleotide sugars","Pyrimidine nucleotide sugars"
0.0188766710159349,-0.00591199339259413,-0.00359855569026306,-0.0236501800573398,0.00631380416147225,"Com_32084_pos","2,4-dichlorobenzaldehyde 1-methyl-1-(6-methylpyridazin-3-yl)hydrazone","C13 H12 Cl2 N4",331.99556,5.064,333.00284,"Invalid mass","No results","No results",NA,NA,NA,NA
0.0183201835419262,-0.0119389865937047,-0.0237022785976473,-0.00590779308907879,-0.0199835181316622,"Com_3208_pos","Artemisinin","C15 H22 O5",282.14775,5.958,283.15493,"Full match","No results","No results","Lipids and lipid-like molecules","Prenol lipids","Terpene lactones","Terpene lactones"
0.015800755565093,-0.00798528162000275,-0.00749190699295974,-0.0116905240990566,-0.000240932307226764,"Com_3213_pos","13-Hpotre(R)","C18 H30 O4",310.21565,5.957,293.21231,"No results","No results","Full match",NA,NA,NA,NA
-0.0329266648198953,-0.122228594980074,0.00810384758594242,-0.000224491158280742,-0.0192618286072311,"Com_3217_neg","5-Sulfosalicylic acid","C7 H6 O6 S",217.98961,2.407,216.98233,"Invalid mass","No results","No results","Benzenoids","Benzene and substituted derivatives","Benzenesulfonic acids and derivatives","3-sulfobenzoic acids"
0.0168778131893394,-0.0111163385263618,-0.0100944034689726,0.00652387759581729,-0.0223750785650366,"Com_3217_pos","QMH","C16 H26 N6 O5 S",436.15032,5.412,437.15762,"Invalid mass","No results","No results",NA,NA,NA,NA
0.00560070641064575,-0.00652048762002321,0.00174566381592074,-0.000308763669574375,0.00686924094742319,"Com_32236_pos","Δ2-trans-Hexadecenoic acid","C16 H30 O2",254.22604,7.238,255.23339,"Invalid mass","No results","No results","Lipids and lipid-like molecules","Fatty Acyls","Fatty acids and conjugates","Long-chain fatty acids"
0.0220804482039554,0.00160784680203777,0.00195156271563349,0.0113084864047704,-0.00297298580482661,"Com_3226_neg","Citraconic acid","C5 H6 O4",130.02623,2.89,129.01896,"Full match","Full match","Full match","Lipids and lipid-like molecules","Fatty Acyls","Fatty acids and conjugates","Methyl-branched fatty acids"
0.0251595997285612,-0.0194695234413853,0.00365477744178546,-0.025701893480354,0.0338813894742539,"Com_3228_pos","Kahweol","C20 H26 O3",314.18956,6.339,315.19689,"Full match","No results","Full match","Organoheterocyclic compounds","Naphthofurans","Not available","Naphthofurans"
0.0160902566719547,-0.0189664794275349,0.00670294648159124,0.00480161838091743,-0.0215902190954409,"Com_32320_pos","12,13-EODE","C18 H32 O3",296.23624,6.131,297.24368,"No results","No results","Full match",NA,NA,NA,NA
0.0146594793954913,-0.00481288706375451,0.00683849867449566,0.0118451729942224,0.00610380148741269,"Com_3232_neg","Salicylic acid","C7 H6 O3",138.03154,4.205,137.02426,"Full match","No results","Full match","Benzenoids","Benzene and substituted derivatives","Benzoic acids and derivatives","Salicylic acids"
0.0223720061598956,-0.0116959408633703,-0.00158723410036922,0.0179095318474756,0.0109977348855584,"Com_32395_pos","PharmaGSID_48506","C19 H22 Cl N3 O3 S",407.1061,5.213,408.11337,"Full match","No results","No results",NA,NA,NA,NA
0.0017032569239828,0.01200310908875,-0.124896608704471,-0.219703133185087,0.0129874174337106,"Com_323_pos","Theophylline","C7 H8 N4 O2",180.06548,5.173,181.07275,"Full match","Full match","No results","Organoheterocyclic compounds","Imidazopyrimidines","Purines and purine derivatives","Xanthines"
0.0122572284968517,-0.00965903932278313,-0.0930749955533987,-0.0234233899127372,-0.0374248833699317,"Com_324_neg","D-(-)-Quinic acid","C7 H12 O6",192.06374,1.369,191.05644,"Full match","Full match","Full match","Organic oxygen compounds","Organooxygen compounds","Alcohols and polyols","Quinic acids and derivatives"
0.0207270290753408,-0.0115739094255314,-0.0038566526951421,0.00163210790913578,0.0085535035343751,"Com_3252_neg","4-Hydroxymandelic acid","C8 H8 O4",168.04237,2.733,167.03509,"Full match","No results","Full match","Benzenoids","Phenols","1-hydroxy-2-unsubstituted benzenoids","1-hydroxy-2-unsubstituted benzenoids"
0.0260660256796239,0.00412994103727712,-0.0053747974625367,0.00697781639292739,-0.00159969199868258,"Com_32541_neg","Flavin Adenine Dinucleotide","C27 H33 N9 O15 P2",785.15499,4.955,784.14771,"No results","No results","Full match","Nucleosides, nucleotides, and analogues","Flavin nucleotides","Not available","Flavin nucleotides"
0.00679587553361917,-0.0113832458254778,-0.030578042395987,0.00562457498591081,-0.0282994886874953,"Com_32546_pos","Tanshinone IIA","C19 H18 O3",294.12747,8.06,295.13475,"Invalid mass","No results","No results","Lipids and lipid-like molecules","Prenol lipids","Diterpenoids","Tanshinones, isotanshinones, and derivatives"
0.0175903188846855,-0.0131124626620204,0.000131043688511594,-0.00381677109241221,0.0268312103253813,"Com_3254_neg","N1-[3,5-di(trifluoromethyl)phenyl]-2-cyclopentyl-2-phenylacetamide","C21 H19 F6 N O",415.13299,5.329,414.12571,"Invalid mass","No results","No results",NA,NA,NA,NA
0.0131762008437893,-0.00890464313595307,-0.00605926562660791,0.00240170577712495,-0.022660163441375,"Com_3267_neg","(±)-Abscisic acid","C15 H20 O4",264.13775,5.8,263.13047,"Invalid mass","No results","No results","Lipids and lipid-like molecules","Prenol lipids","Sesquiterpenoids","Abscisic acids and derivatives"
-0.000109902807877767,-0.0210082450327693,0.0156625097885932,0.0151156146319237,0.0174690313462894,"Com_3268_pos","Guanidinosuccinic acid","C5 H9 N3 O4",175.06012,1.334,176.06739,"Full match","No results","No results","Organic acids and derivatives","Carboxylic acids and derivatives","Amino acids, peptides, and analogues","Aspartic acid and derivatives"
0.0249285993776909,0.0246934789807491,-0.0141476036344775,-0.0106054229031815,0.0117736962302223,"Com_32791_pos","5-chloro-6-(trifluoromethyl)-1,3-dihydro-2H-benzimidazole-2-thione","C8 H4 Cl F3 N2 S",251.96924,4.841,252.97652,"Invalid mass","No results","No results",NA,NA,NA,NA
0.0165571951977151,-0.0191598708017795,-0.0111588899735094,-0.00737763139489224,0.00872168943598616,"Com_327_neg","D-(+)-Mannose","C6 H12 O6",180.06362,1.362,179.05629,"Full match","No results","Full match","Organic oxygen compounds","Organooxygen compounds","Carbohydrates and carbohydrate conjugates","Hexoses"
0.0210636711520068,-0.017439199507501,-0.00878666915037123,0.0203006020097759,0.0157679255128691,"Com_32872_pos","N(6)-OH-Me-Adenosine","C11 H15 N5 O5",297.10442,5.083,298.11169,"Invalid mass","No results","No results","Nucleosides, nucleotides, and analogues","Purine nucleosides","Not available","Purine nucleosides"
0.0153526020423045,-0.0104507903435608,0.0101572343271977,-0.000894470571218068,0.00583666746610423,"Com_32876_pos","17alpha-Ethinyl estradiol","C20 H24 O2",296.17802,5.803,297.18588,"No results","No results","Full match","Lipids and lipid-like molecules","Steroids and steroid derivatives","Estrane steroids","Estrogens and derivatives"
0.0244250966151973,-0.0132697375322095,-0.0388394763168231,-0.0265031770966874,0.0152896311808661,"Com_32909_pos","O1-(2,6-dichlorobenzyl)-4-methoxybenzene-1-carbohydroximamide","C15 H14 Cl2 N2 O2",324.04701,2.35,325.05429,"Invalid mass","No results","No results",NA,NA,NA,NA
0.0158966548417816,0.00458446208142738,-0.0112137923721744,-0.00342485062297712,0.00737771265695,"Com_32925_pos","ARH","C15 H26 N8 O4",191.10677,3.577,192.11404,"Invalid mass","No results","No results",NA,NA,NA,NA
0.00615296270790268,-0.015953031017475,0.00456515056553911,9.31145822782111e-05,0.00422464155069739,"Com_32975_neg","Phosphopyruvic acid","C3 H5 O6 P",167.98305,1.518,166.97577,"No results","No results","Full match","Organic acids and derivatives","Organic phosphoric acids and derivatives","Phosphate esters","Phosphate esters"
0.0286625119708946,0.0116540626761012,-0.0433866730782502,-0.0281276013423481,0.0127075346958078,"Com_329_pos","GPH","C13 H19 N5 O4",347.09768,4.877,348.10496,"Invalid mass","No results","No results",NA,NA,NA,NA
0.00844939217282182,-0.0136593669732297,0.0255672979618193,0.00600722758413863,-0.0346883733578827,"Com_32_neg","Traumatic acid","C12 H20 O4",228.13561,5.38,263.10501,"No results","No results","Full match","Lipids and lipid-like molecules","Fatty Acyls","Fatty acids and conjugates","Medium-chain fatty acids"
0.0135542291781169,-0.0146092913673347,0.00518855327036544,0.00294541496726512,0.015923157728613,"Com_33000_neg","Dibenzoyl Thiamine","C26 H26 N4 O4 S",490.16588,5.616,489.1586,"No results","No results","Full match","Benzenoids","Benzene and substituted derivatives","Benzoic acids and derivatives","Benzoic acid esters"
-0.0122739661434076,-0.0509022718959417,-0.000467254867308139,0.00163735423902436,0.0272061501473463,"Com_33037_pos","Glu-Glu","C10 H16 N2 O7",276.09698,1.621,277.10425,"No results","No results","Full match","Organic acids and derivatives","Carboxylic acids and derivatives","Amino acids, peptides, and analogues","Dipeptides"
0.00366085020630114,-0.0145783671588113,-0.00184225012276574,0.00350260295660413,-0.00681525215026868,"Com_33047_neg","Guanosine monophosphate (GMP)","C10 H14 N5 O8 P",363.05999,1.5,362.0526,"Invalid mass","No results","No results","Nucleosides, nucleotides, and analogues","Purine nucleotides","Purine ribonucleotides","Purine ribonucleoside monophosphates"
0.0154274489216305,0.00277158107538847,0.0161743266052331,-0.0252250404016979,-0.0294801294552895,"Com_33083_pos","Lagochilin","C20 H36 O5",356.25783,7.449,379.2471,"Full match","No results","No results","Lipids and lipid-like molecules","Prenol lipids","Diterpenoids","Diterpenoids"
0.00830918050329888,-0.0116810074968247,-0.00667643226907824,0.00382565390419171,0.00513768201304206,"Com_3309_neg","Salicyluric acid","C9 H9 N O4",195.05394,6.548,194.04666,"No results","Full match","No results","Benzenoids","Benzene and substituted derivatives","Benzoic acids and derivatives","Hippuric acids"
0.0182516769002332,-0.00927396198326185,0.0176895381875005,-1.0449291518235e-05,-0.0127691911711177,"Com_33101_pos","2-{[4-(tert-butyl)benzyl]thio}-4-methylquinoline-3-carbonitrile","C22 H22 N2 S",346.15406,6.474,347.16134,"Invalid mass","No results","No results",NA,NA,NA,NA
0.0202660223150007,-0.0113274630428639,-0.000877638072398678,-0.00268301550459767,0.00524387749315388,"Com_33169_pos","Reynoutrin","C20 H18 O11",434.07985,6.076,435.08713,"Invalid mass","No results","No results","Phenylpropanoids and polyketides","Flavonoids","Flavonoid glycosides","Flavonoid-3-O-glycosides"
0.0187773353663792,-0.018196604728399,0.00175315676285723,0.019333530223084,0.0354889079615766,"Com_33185_pos","PC O-18:2","C26 H50 N O7 P",519.33502,8.634,520.34234,"No results","Full match","Full match",NA,NA,NA,NA
2.70196026737283e-05,-0.0124375298550751,-0.0437045818939255,0.0166465119773608,-0.0367873783533999,"Com_33200_pos","2-(4-aminophenoxy)isophthalonitrile","C14 H9 N3 O",235.07401,1.223,236.08129,"Full match","No results","No results",NA,NA,NA,NA
0.0187999552590102,-0.0130567257097047,-0.00604154085115041,0.0190429552792911,0.00734573538420532,"Com_33279_pos","(-)-Erythromycin","C37 H67 N O13",733.46495,5.852,734.47223,"Invalid mass","No results","No results","Organic oxygen compounds","Organooxygen compounds","Carbohydrates and carbohydrate conjugates","Aminoglycosides"
0.0531435883439194,0.0342543568446967,0.0135874161355604,-0.0232573335545928,0.0228800532077589,"Com_332_pos","L-Phenylalanine","C9 H11 N O2",165.07965,4.943,166.08693,"Full match","Full match","Full match","Organic acids and derivatives","Carboxylic acids and derivatives","Amino acids, peptides, and analogues","Phenylalanine and derivatives"
0.0193852895256164,-0.01597385714252,-0.042412527082565,-0.0267115345587959,-0.0335915412798759,"Com_3330_pos","7-methoxy-8-(4-methyl-2-oxo-2,5-dihydrofuran-3-yl)-2H-chromen-2-one","C15 H12 O5",289.09637,5.956,290.10366,"Invalid mass","No results","No results",NA,NA,NA,NA
0.0293170784532659,-0.00954365240046674,0.00419976305988311,0.00030542228611777,0.00167383609555497,"Com_33488_pos","NPK","C15 H27 N5 O5",339.18784,6.679,322.18455,"Invalid mass","No results","No results",NA,NA,NA,NA
0.0204680734040854,-0.0132008758046175,-0.00463541040225529,0.00829444224960984,0.0100662820850175,"Com_3349_neg","Glucuronic acid-3,6-lactone","C6 H8 O6",176.03225,5.79,175.02498,"Full match","No results","Full match","Organoheterocyclic compounds","Lactones","Gamma butyrolactones","Gamma butyrolactones"
0.0171944239228771,-0.00956272225839221,0.00772029493246909,-0.00869158528046982,-0.0227532482486106,"Com_33521_pos","Ritalinic acid","C13 H17 N O2",219.12703,6.664,220.1343,"Invalid mass","No results","No results","Organic nitrogen compounds","Organonitrogen compounds","Amines","Aralkylamines"
0.0203850499547811,-0.00402630667047664,-0.013703459437164,0.00423099080076484,-0.00700754783868521,"Com_33552_neg","3,4,5-trihydroxy-6-methyloxan-2-yl 2-(methylamino)benzoate","C14 H19 N O6",594.23897,5.794,593.23169,"Invalid mass","No results","No results",NA,NA,NA,NA
0.00266607614795948,-0.0276834382471711,0.0170406001648306,-0.00650171785498489,0.016432640819841,"Com_3355_pos","L-Homocitrulline","C7 H15 N3 O3",189.11232,1.401,190.1196,"No results","Invalid mass","No results","Organic acids and derivatives","Carboxylic acids and derivatives","Amino acids, peptides, and analogues","L-alpha-amino acids"
0.0250159624660344,-0.0187453502068291,0.0111376707425826,-0.00383110254770418,0.0143677398573254,"Com_33607_pos","Lysopg 18:1","C24 H47 O9 P",510.29703,6.973,511.30426,"No results","No results","Full match","Lipids and lipid-like molecules","Glycerophospholipids","Glycerophosphocholines","1-acyl-sn-glycero-3-phosphocholines"
-0.00171334202211975,-0.00244968566086249,0.00721993657668282,0.00285238596598791,0.0149261739069943,"Com_33655_pos","Stearoyl Ethanolamide","C20 H41 N O2",327.3159,8.771,328.32318,"Invalid mass","No results","No results","Organic nitrogen compounds","Organonitrogen compounds","Amines","N-acylethanolamines"
0.0232908749978605,-0.012389706569312,0.00289360223787256,0.0067525695199786,3.63676581037436e-05,"Com_33684_pos","S-Adenosyl-L-methionine","C15 H22 N6 O5 S",398.13849,6.155,399.14571,"No results","No results","Full match","Nucleosides, nucleotides, and analogues","5'-deoxyribonucleosides","5'-deoxy-5'-thionucleosides","5'-deoxy-5'-thionucleosides"
0.0150657117168096,-0.0122217618227149,-0.00792344382022392,-0.00709232507527236,0.0101456856883203,"Com_33688_neg","Diflorasone","C22 H28 F2 O5",410.19032,5.854,409.18304,"No results","No results","Full match","Lipids and lipid-like molecules","Steroids and steroid derivatives","Hydroxysteroids","21-hydroxysteroids"
0.0502802324993205,0.0306432548884416,0.0128761872163819,0.00605671637257776,0.00491635994449236,"Com_3369_neg","N-Acetyl-DL-glutamic acid","C7 H11 N O5",189.06389,1.792,188.05661,"Full match","Full match","Full match","Organic acids and derivatives","Carboxylic acids and derivatives","Amino acids, peptides, and analogues","Glutamic acid and derivatives"
0.018271016023017,-0.00958899622565703,-0.0215414839669438,-0.000741938355690828,0.0126698972765345,"Com_336_neg","Ascorbic acid","C6 H8 O6",176.03187,1.632,175.02455,"Full match","No results","Full match","Organoheterocyclic compounds","Dihydrofurans","Furanones","Butenolides"
0.0165440507275469,-0.0102757428808078,-0.0124424026645563,-0.000901083581285253,0.00528513041638456,"Com_33708_neg","PB-22 N-pentanoic acid-3-carboxyindole metabolite","C14 H15 N O4",261.10119,5.92,260.09391,"Full match","No results","No results","Organoheterocyclic compounds","Indoles and derivatives","Indolecarboxylic acids and derivatives","Indolecarboxylic acids and derivatives"
0.0145362296188382,0.00113253531033991,0.00862716519381089,-0.0110798188788023,-0.0210323452914302,"Com_3370_neg","N-Carbamyl-L-glutamicacid","C6 H10 N2 O5",190.05912,5.509,189.05184,"No results","No results","Full match","Benzenoids","Benzene and substituted derivatives","Diphenylmethanes","Diphenylmethanes"
0.0189463315863491,-0.00521061043821959,-0.00250507553578404,0.00743320066599627,0.0127487050319743,"Com_33725_pos","5-methyl-N'-[3-(trifluoromethyl)benzoyl]-3-isoxazolecarbohydrazide","C13 H10 F3 N3 O3",335.04839,5.071,336.05566,"Invalid mass","No results","No results",NA,NA,NA,NA
0.0157962832538284,0.00581001789706388,0.000221422759003271,0.00517679250048971,0.0139419868865392,"Com_33745_pos","Cytisine","C11 H14 N2 O",190.11121,2.106,191.11848,"Full match","No results","Full match","Alkaloids and derivatives","Lupin alkaloids","Cytisine and derivatives","Cytisine and derivatives"
0.00344093427924117,-0.00685849746620035,0.0239318818627826,-0.000550370892374501,0.0263956304431526,"Com_33779_neg","2-Hydroxyestradiol","C18 H24 O3",288.17348,5.817,287.16617,"Full match","No results","Full match","Lipids and lipid-like molecules","Steroids and steroid derivatives","Estrane steroids","Estrogens and derivatives"
-0.00510634275909819,-0.00959114495059607,-0.0017980028336339,0.00542200361165935,-0.00324632515789181,"Com_33788_neg","PC O-16:0_18:1","C42 H84 N O7 P",791.61006,11.122,790.60278,"No results","Invalid mass","No results",NA,NA,NA,NA
0.0485649162469441,0.0220176610936521,0.0169166063609983,0.00537474433068798,0.0218793889221898,"Com_33798_pos","S-Lactoyglutathione","C13 H21 N3 O8 S",379.10636,4.669,380.11364,"No results","No results","Full match","Organic acids and derivatives","Carboxylic acids and derivatives","Amino acids, peptides, and analogues","Oligopeptides"
0.0162480780945593,-0.0117406382133917,0.00784985393890312,-0.0022440288856909,-0.0515125882515296,"Com_3379_pos","trans-Cinnamaldehyde","C9 H8 O",132.05831,5.597,133.06555,"Invalid mass","No results","No results","Phenylpropanoids and polyketides","Cinnamaldehydes","Not available","Cinnamaldehydes"
0.0234806710660911,-0.0166567866401556,-0.00721157281388607,0.00981084285858414,-0.00259423656832699,"Com_337_pos","QKK","C17 H34 N6 O5",402.2533,6.01,403.26057,"Invalid mass","No results","No results",NA,NA,NA,NA
0.0145800421010372,-0.0220685648938777,-0.00738832789546107,0.0147960178360592,-0.00615220781433204,"Com_33891_pos","18-β-Glycyrrhetinic acid","C30 H46 O4",470.3421,7.302,471.34938,"Invalid mass","No results","No results","Lipids and lipid-like molecules","Prenol lipids","Triterpenoids","Triterpenoids"
0.0133216740386295,-0.0149042680895516,-0.0036275388333304,0.0277224758220618,0.00866323117085492,"Com_33938_pos","(6E)-7-(2H-1,3-benzodioxol-5-yl)-1-(piperidin-1-yl)hept-6-en-1-one","C19 H25 N O3",315.18478,5.287,316.19206,"Full match","No results","No results",NA,NA,NA,NA
0.0241844427782441,-0.00807717036970665,0.00947682297163379,0.000393118515927365,0.010724339073478,"Com_33947_neg","Ip7G","C16 H23 N5 O5",365.17027,5.604,364.16299,"No results","No results","Full match",NA,NA,NA,NA
0.0060019494743749,-0.0187528283476642,0.0104859762115484,-0.00129058002954616,0.023254478252745,"Com_3398_neg","N-Acetylneuraminic acid","C11 H19 N O9",309.10766,1.34,308.10036,"Invalid mass","Invalid mass","No results","Organic oxygen compounds","Organooxygen compounds","Carbohydrates and carbohydrate conjugates","N-acylneuraminic acids"
0.0401603458285837,0.0329085220252027,-0.0535026973641868,-0.0996662091403446,0.0150534090715355,"Com_339_pos","1-Methylxanthine","C6 H6 N4 O2",166.04979,4.806,167.05707,"Full match","No results","Full match","Organoheterocyclic compounds","Imidazopyrimidines","Purines and purine derivatives","Xanthines"
0.000906404321965585,-0.0329634142296802,-0.00549012578865753,0.0033420162043173,0.0101667003714928,"Com_3404_neg","Methylmalonic acid","C4 H6 O4",118.02624,1.554,117.01892,"Full match","Full match","Full match","Organic acids and derivatives","Carboxylic acids and derivatives","Dicarboxylic acids and derivatives","Dicarboxylic acids and derivatives"
0.0267448178068155,-0.00739193513600979,-0.00902999083816635,-0.00120979870099986,0.014677474570407,"Com_34119_pos","16,16-Dimethyl prostaglandin A2","C22 H34 O4",384.22785,4.848,385.23512,"Invalid mass","No results","No results","Lipids and lipid-like molecules","Fatty Acyls","Eicosanoids","Prostaglandins and related compounds"
0.0156278388030833,0.00733049071338306,0.00388624948515484,0.00399039594557615,0.000764962225446179,"Com_34200_pos","N1-isopropyl-2-(1H-2-pyrrolylcarbonyl)-1-hydrazinecarboxamide","C9 H14 N4 O2",232.09334,2.238,233.10062,"Invalid mass","No results","No results",NA,NA,NA,NA
0.0246956583558015,-0.00765896579838902,-0.000199254912995678,-0.0392979006118912,-0.025206026524915,"Com_34201_pos","Prostaglandin G2","C20 H32 O6",368.21945,6.968,369.22673,"No results","No results","Full match","Lipids and lipid-like molecules","Fatty Acyls","Eicosanoids","Prostaglandins and related compounds"
0.0088640738572379,-0.00891023146914458,-0.00840189513375427,0.000505454346773466,0.00139462287941415,"Com_34218_pos","Normeperidine-d4","C14 H15 [2]H4 N O2",237.16565,6.408,238.17293,"Full match","No results","No results",NA,NA,NA,NA
0.0523416478277682,0.02261860302655,0.0129744369914493,0.00145454488996299,0.00224725027528896,"Com_34287_pos","N1-phenethylbenzene-1-carbothioamide","C15 H15 N S",241.0895,4.828,242.09678,"Invalid mass","No results","No results",NA,NA,NA,NA
0.0160721157977395,-0.0070760793782222,-0.0167278472675233,-0.00907298366289223,0.0102406628171359,"Com_34337_pos","Choline bitartrate","C9 H19 N O7",253.11573,5.477,254.12301,"No results","No results","Full match","Organic nitrogen compounds","Organonitrogen compounds","Quaternary ammonium salts","Cholines"
0.0143631581874816,-0.00729022910660581,0.00439431863437145,-0.0117374087776111,0.0181826163141967,"Com_3435_pos","4-Chlorobenzophenone","C13 H9 Cl O",216.03535,6.516,217.04263,"Invalid mass","No results","No results","Benzenoids","Benzene and substituted derivatives","Benzophenones","Benzophenones"
0.0253179212841321,-0.0285495757360517,0.0778261642841424,-0.00247548316057288,-0.0698676282932551,"Com_34406_neg","ST 24:2;O4","C24 H38 O4",390.27956,7.557,389.27228,"No results","Invalid mass","No results",NA,NA,NA,NA
0.00361996894729089,-0.0480376325147372,-0.00180307478442865,-0.00574764992795734,0.0299792787332544,"Com_34489_pos","N'1-(6-methylpyridazin-3-yl)-4-chlorobenzene-1-carbohydrazide","C12 H11 Cl N4 O",262.06322,1.93,263.0705,"Full match","No results","No results",NA,NA,NA,NA
0.0241179868661186,-0.00237392500727873,0.0248677663312767,0.0015720956403979,0.0363877487053265,"Com_344_pos","Isoproterenol","C11 H17 N O3",211.12123,1.391,229.15505,"No results","No results","Full match","Benzenoids","Phenols","Benzenediols","Catechols"
0.025518482899162,-0.0169747643537656,0.0179112062884273,-0.0148272948407212,0.020157248852488,"Com_3452_neg","Biocytin","C16 H28 N4 O4 S",372.18037,6.67,371.1731,"Invalid mass","No results","No results","Organic acids and derivatives","Carboxylic acids and derivatives","Amino acids, peptides, and analogues","L-alpha-amino acids"
0.015991721572201,-0.00649531483134674,0.00987195446081041,0.00973520928047981,-0.0257639875200049,"Com_34531_pos","1-[2-oxo-2-(2-phenoxyanilino)ethyl]-4-piperidinecarboxylic acid","C20 H22 N2 O4",354.15941,5.337,355.16669,"Full match","No results","No results",NA,NA,NA,NA
-0.00525523463319745,-0.0334767468491414,-0.00825132752619101,-0.00946487239783089,0.00397807345951954,"Com_3456_pos","Pyridoxamine","C8 H12 N2 O2",168.09092,2.171,169.09819,"Invalid mass","Invalid mass","No results","Organoheterocyclic compounds","Pyridines and derivatives","Pyridoxamines","Pyridoxamine 5'-phosphates"
0.02119603851647,-0.028585356491805,0.014304494026536,-0.00539726496092419,-0.0212464025426759,"Com_34581_pos","8Z,11Z,14Z-Eicosatrienoic acid","C20 H34 O2",306.25761,6.382,307.26489,"Invalid mass","No results","No results","Lipids and lipid-like molecules","Fatty Acyls","Fatty acids and conjugates","Long-chain fatty acids"
0.0190346203324434,-0.0103141756797027,0.00109324373849806,0.0115686026208081,0.010665322286806,"Com_34594_pos","geranyl pp","C10 H20 O7 P2",314.06798,5.749,315.0754,"No results","No results","Full match","Lipids and lipid-like molecules","Prenol lipids","Isoprenoid phosphates","Isoprenoid phosphates"
0.0183927958087886,-0.021874493200354,0.0111911294228541,-0.00954601938502116,0.0291719612338558,"Com_345_pos","6-Methylnicotinamide","C7 H8 N2 O",136.06471,1.273,137.07199,"Invalid mass","Invalid mass","No results","Organoheterocyclic compounds","Pyridines and derivatives","Pyridinecarboxylic acids and derivatives","Nicotinamides"
0.0116218468040197,-0.00933463372546005,-0.0175130299011802,0.0199491449171769,0.00579452104190486,"Com_34606_pos","2-(2,4-dihydroxyphenyl)-3,5,7-trihydroxy-4H-chromen-4-one","C15 H10 O7",302.04167,5.488,303.04894,"Full match","No results","No results",NA,NA,NA,NA
0.0199207511354644,-0.00978295845993016,0.0296240316815583,0.0053420376380957,0.00204055462757084,"Com_3462_neg","7-Hydroxy-3,4-dihydrocarbostyril","C9 H9 N O2",163.0631,5.328,162.05598,"No results","No results","Full match","Organoheterocyclic compounds","Quinolines and derivatives","Quinolones and derivatives","Hydroquinolones"
0.0150017135098204,-0.0128418435369167,0.0169522701282209,-0.00886241695165503,-0.0130858243236388,"Com_34650_pos","1,3-dimethyl-6-(trifluoromethyl)-1H-pyrazolo[3,4-b]pyridin-4-ol","C9 H8 F3 N3 O",253.04314,6.663,254.05042,"Invalid mass","No results","No results",NA,NA,NA,NA
0.0169929965240017,-0.0154922735987195,0.00184838212394026,0.0094243721852543,-0.0012830996207536,"Com_34692_pos","Icaritin","C21 H20 O6",368.1276,6.606,369.13488,"Full match","No results","No results","Phenylpropanoids and polyketides","Flavonoids","Flavones","8-prenylated flavones"
0.0031706820186488,-0.00240648406103993,-0.00194695215485764,-0.00617912672006118,-0.000775573593986631,"Com_3469_pos","trans-2-Butene-1,4-dicarboxylic Acid","C6 H8 O4",144.04291,6.542,145.05021,"No results","No results","Full match",NA,NA,NA,NA
0.015388514787395,-0.00839021004334267,-9.92321427158592e-07,-0.00803400592410797,-0.0322597792579514,"Com_34727_pos","(1E,4E)-1,5-bis(4-methoxyphenyl)penta-1,4-dien-3-one","C19 H18 O3",294.127,6.679,295.13427,"Full match","No results","No results",NA,NA,NA,NA
-0.00333713776447293,-0.013520128215365,-0.000715462722969483,0.0104961019473478,-0.000927920492054361,"Com_34736_neg","LPC 18:0","C26 H54 N O7 P",569.37332,10.101,568.36604,"No results","Invalid mass","No results","Lipids and lipid-like molecules","Glycerophospholipids","Glycerophosphocholines","Phosphocholines"
0.0645560417259365,0.100059508745379,0.0644719675936215,0.00767923087208576,0.0132425610532642,"Com_3474_neg","N2-Methylguanosine","C11 H15 N5 O5",297.10856,4.722,296.10128,"Full match","No results","Full match","Nucleosides, nucleotides, and analogues","Purine nucleosides","Not available","Purine nucleosides"
0.0271500867149536,0.00480939160271769,-0.0196942766890784,7.45298761858403e-05,0.0160995559814542,"Com_34752_pos","2,3-di(acetyloxy)-3-cyano-1-[1,2-di(acetyloxy)ethyl]propyl acetate","C16 H21 N O10",387.11769,4.723,388.12497,"Full match","No results","No results",NA,NA,NA,NA
0.0135049064394588,-0.0151718984226206,0.00089138642364321,0.00160274368613789,0.00623967999500399,"Com_34783_pos","6β-Oxycodol N-oxide","C18 H23 N O5",333.16091,6.832,334.16809,"Invalid mass","No results","No results","Benzenoids","Phenanthrenes and derivatives","Not available","Phenanthrenes and derivatives"
0.0187035220540707,-0.0121829960816779,0.00645828293598762,-0.0015969848032595,0.0070002967432204,"Com_34808_pos","1-[2-(2,5-dimethyl-1H-pyrrol-1-yl)-4-nitrophenyl]-1H-imidazole","C15 H14 N4 O2",282.11174,5.327,283.11906,"Full match","No results","No results",NA,NA,NA,NA
0.0281799138337143,-0.000242889404928409,0.00534205917588885,-0.000750806513627247,0.00403740927286099,"Com_34813_neg","2'-Deoxyguanosine 5'-monophosphate (dGMP)","C10 H14 N5 O7 P",347.06929,5.046,346.06201,"Invalid mass","No results","No results","Nucleosides, nucleotides, and analogues","Purine nucleotides","Purine deoxyribonucleotides","Purine 2'-deoxyribonucleoside monophosphates"
0.00343815158877673,-0.00808903599668773,0.0111542943963211,-0.0103656351655438,0.0165974880867774,"Com_34873_pos","4-hydroxy-6,7-diphenyl-5,6-dihydro-2H-pyrano[3,2-c]pyridine-2,5-dione","C20 H13 N O4",331.08617,8.29,332.09344,"Invalid mass","No results","No results",NA,NA,NA,NA
0.000761526590445908,-0.00318436685152724,0.0148023494622697,0.0124822993129896,0.00819851993422212,"Com_34904_pos","Evernic acid","C17 H16 O7",332.08814,5.38,333.09541,"Full match","No results","No results","Phenylpropanoids and polyketides","Depsides and depsidones","Not available","Depsides and depsidones"
-0.00122954210243135,-0.00456765949222578,0.0079678071406007,0.00503972661185056,0.0189557846527779,"Com_34907_pos","Dioctyldimethylammonium chloride","C18 H39 N",269.30978,6.536,270.31706,"Invalid mass","No results","No results",NA,NA,NA,NA
0.00460771668912199,-0.0191766496605485,-0.0255158086676121,0.00864723752901298,-0.0194947753508092,"Com_34937_pos","1-phenyl-3-{[5-(trifluoromethyl)-2-pyridyl]thio}prop-2-en-1-one","C15 H10 F3 N O S",309.04774,7.138,310.05502,"Invalid mass","No results","No results",NA,NA,NA,NA
0.0235928410899636,-0.00520003855321124,-0.0363396882932571,0.0260884529690531,-0.019635087147851,"Com_34_neg","Farnesyl pyrophosphate","C15 H28 O7 P2",382.12851,5.545,381.12123,"Invalid mass","No results","No results","Lipids and lipid-like molecules","Prenol lipids","Sesquiterpenoids","Sesquiterpenoids"
0.021873059385817,-0.0137289784324797,0.00210891787174231,-0.000279117493734504,0.00284315305555112,"Com_35018_pos","Phe-Phe","C18 H20 N2 O3",312.14852,6.142,313.15579,"No results","No results","Full match","Organic acids and derivatives","Carboxylic acids and derivatives","Amino acids, peptides, and analogues","Dipeptides"
0.0218037004539436,-0.0237621081904927,0.00865858758532044,-0.000586862644014205,-0.00214192684331443,"Com_35022_pos","Linoleoyl ethanolamide","C20 H37 N O2",323.28393,6.878,324.2912,"Full match","No results","No results","Organic nitrogen compounds","Organonitrogen compounds","Amines","N-acylethanolamines"
0.0232706076558625,0.00245322900274425,-0.00877034695172454,0.00793324302416688,0.0147219966681059,"Com_35056_pos","N~1~,N~4~-bis(3-chloro-4-methylphenyl)but-2-enediamide","C18 H16 Cl2 N2 O2",384.03871,4.745,385.04599,"Invalid mass","No results","No results",NA,NA,NA,NA
0.0191519126913499,-0.0168011380387201,0.0145422794309851,-0.00306334258548236,0.0100334708074059,"Com_35066_pos","Meperidine-d5","C15 H16 [2]H5 N O2",252.18857,6.966,253.19585,"Full match","No results","No results",NA,NA,NA,NA
0.0168126802101207,-0.0362776708530691,-0.0376892546233573,0.0290623694829599,-0.0257615704311871,"Com_3507_pos","Diosmetin","C16 H12 O6",300.06489,6.147,301.07216,"Invalid mass","No results","No results","Phenylpropanoids and polyketides","Flavonoids","O-methylated flavonoids","4'-O-methylated flavonoids"
-0.00275544097284346,-0.0117090962462007,-0.021906848940733,0.0162416712996174,-0.019738455599566,"Com_35088_neg","trans-10-Heptadecenoic Acid","C17 H32 O2",268.24196,8.891,267.23468,"Invalid mass","No results","No results","Lipids and lipid-like molecules","Fatty Acyls","Fatty acids and conjugates","Long-chain fatty acids"
0.00345663543089938,-0.00459985902006154,-0.0174992622683011,-1.45675191885005e-05,-0.000339881819449122,"Com_35129_pos","4-(cyclohexylmethyl)-6-(2-thienyl)-2,3-dihydropyridazin-3-one hydrate","C15 H18 N2 O S",296.0963,4.287,297.10358,"Invalid mass","No results","No results",NA,NA,NA,NA
0.0153374908194921,-0.0135195148710406,-0.0126132671029192,0.00944846227907083,-0.00202893395321148,"Com_35165_neg","Gibberellin A4","C19 H24 O5",332.16745,5.956,331.16021,"Invalid mass","No results","No results","Lipids and lipid-like molecules","Prenol lipids","Diterpenoids","C19-gibberellin 6-carboxylic acids"
0.017028746994245,-0.0346764141960284,0.0049463527820809,-0.0229893086166744,0.00736013791883126,"Com_35171_pos","Biliverdin","C33 H34 N4 O6",582.25045,6.271,583.25773,"No results","Full match","No results","Organoheterocyclic compounds","Tetrapyrroles and derivatives","Bilirubins","Bilirubins"
0.0207715616212719,-0.010518224708206,-0.0027138372395881,0.00271327587051745,0.00317994970990299,"Com_3518_pos","diethyl 3-amino-6-methylthieno[2,3-b]pyridine-2,5-dicarboxylate","C14 H16 N2 O4 S",143.05007,6.017,144.05753,"Invalid mass","Invalid mass","No results",NA,NA,NA,NA
0.0215396960622512,0.0023354603285267,-0.00393339829384815,0.00219410773264598,0.0143333641819159,"Com_35265_pos","2,6-di[2-chloro-4-(dimethylamino)benzylidene]cyclohexan-1-one","C24 H26 Cl2 N2 O",428.14991,4.773,429.15719,"Invalid mass","No results","No results",NA,NA,NA,NA
0.0070274522078581,0.000305552756978896,-0.00313558348643738,0.000366930068704323,0.000771776940364351,"Com_3529_pos","Methyl nicotinate","C7 H7 N O2",137.04833,5.003,138.05551,"No results","No results","Full match","Organoheterocyclic compounds","Pyridines and derivatives","Pyridinecarboxylic acids and derivatives","Pyridinecarboxylic acids"
0.00746776516327242,0.000185841952405211,-0.0139609063602004,-0.0313029200434022,-0.0343940751236001,"Com_352_neg","Azelaic acid","C9 H16 O4",188.10519,5.826,187.09791,"Full match","Full match","Full match","Lipids and lipid-like molecules","Fatty Acyls","Fatty acids and conjugates","Medium-chain fatty acids"
0.0178030884277969,-0.0150156190187879,-0.00408891893314333,0.0124815950060163,-0.00354570074615502,"Com_35339_neg","Inosine 5'-Monophosphate","C10 H13 N4 O8 P",348.04605,5.608,347.03877,"No results","No results","Full match","Nucleosides, nucleotides, and analogues","Purine nucleotides","Purine ribonucleotides","Purine ribonucleoside monophosphates"
8.52096331504781e-05,-0.00643255317973558,-0.00244135607313612,-0.00255346164949847,-0.00268093955441803,"Com_3537_pos","Pyrogallol","C6 H6 O3",126.03261,5.061,127.03988,"Invalid mass","Invalid mass","No results","Benzenoids","Phenols","Benzenetriols and derivatives","5-unsubstituted pyrrogallols"
0.00819787083719497,-0.0231312149850037,-0.000530719376891183,0.0202038813304232,0.00605855432108075,"Com_35380_neg","LPE 18:2","C23 H44 N O7 P",477.28881,8.679,476.28153,"No results","Invalid mass","No results","Lipids and lipid-like molecules","Glycerophospholipids","Glycerophosphoethanolamines","1-acyl-sn-glycero-3-phosphoethanolamines"
0.0195444719561583,0.00447797173067284,-0.0055785375317202,0.0118372831032466,0.0111036164659315,"Com_35398_pos","3-hydroxy-3,4-bis[(4-hydroxy-3-methoxyphenyl)methyl]oxolan-2-one","C20 H22 O7",356.12285,2.757,357.13013,"Invalid mass","No results","No results",NA,NA,NA,NA
0.0210475546940586,-0.00477110628264104,-0.00914271005280525,0.0161054523737786,0.00517042239849451,"Com_353_pos","EMH","C16 H25 N5 O6 S",415.1551,5.874,416.16238,"Invalid mass","No results","No results",NA,NA,NA,NA
0.0261142352248242,-0.020824894185571,0.0220538700210734,-0.0216051400580353,0.0261484630342017,"Com_35405_pos","JWH 250 N-pentanoic acid metabolite","C22 H23 N O4",365.16716,6.827,366.17444,"Invalid mass","No results","No results","Organoheterocyclic compounds","Indoles and derivatives","Phenylacetylindoles","Phenylacetylindoles"
0.0145963280407272,-0.00923282355960652,0.00615574952008201,-0.0135175804221792,-0.0189289212106005,"Com_35438_pos","Piperine","C17 H19 N O3",285.13753,6.638,286.14481,"Full match","Full match","No results","Alkaloids and derivatives","Not available","Not available","Alkaloids and derivatives"
0.030180576800479,0.0131813912196375,0.00613527250455513,0.000738013571944141,0.00633387528357439,"Com_35448_neg","gamma-Glutamylcysteine","C8 H14 N2 O5 S",250.06341,1.407,249.05601,"No results","No results","Full match","Organic acids and derivatives","Carboxylic acids and derivatives","Amino acids, peptides, and analogues","N-acyl-alpha amino acids"
0.0164699309524549,0.002264240115432,0.000933023098451966,0.00798215348480507,0.00777740226981967,"Com_35451_pos","Lenalidomide","C13 H13 N3 O3",276.12352,3.106,277.1308,"Invalid mass","No results","No results",NA,NA,NA,NA
0.0102059120147192,-0.016113074109861,0.00650345285921984,0.00500329895132437,0.0217326443325539,"Com_35457_pos","Psoralidin","C20 H16 O5",336.10453,1.292,337.11181,"Invalid mass","No results","No results","Phenylpropanoids and polyketides","Isoflavonoids","Coumestans","Coumestans"
0.0270946117382673,0.0533688887412127,0.0269178941890374,0.0255298843255958,0.0110823490450439,"Com_35474_pos","1-(2-methoxy-4-nitrophenyl)pyrrolidine","C11 H14 N2 O3",222.09924,4.78,223.10652,"Invalid mass","No results","No results",NA,NA,NA,NA
0.0209711972681941,-0.000279557881178116,0.0179593748137021,0.00898194909444387,-0.00798348643514131,"Com_3547_neg","N-Isobutyrylglycine","C6 H11 N O3",145.07397,4.775,144.0667,"Full match","No results","Full match","Organic acids and derivatives","Carboxylic acids and derivatives","Amino acids, peptides, and analogues","N-acyl-alpha amino acids"
0.0220439637393016,-0.00341222776902708,-0.00755459509547769,0.00432777920062308,0.00721772916494906,"Com_35489_pos","1-(4-benzhydrylpiperidino)-2,2,2-trichloroethan-1-one","C20 H20 Cl3 N O",373.08488,5.077,396.07425,"Invalid mass","No results","No results",NA,NA,NA,NA
0.014324217060522,-0.00525325224837086,-0.00872369232142112,0.00615899850394628,0.00188844092594036,"Com_35580_neg","3,5-Diiodo-L-thyronine","C15 H13 I2 N O4",524.89296,3.088,523.88568,"No results","No results","Full match","Organic acids and derivatives","Carboxylic acids and derivatives","Amino acids, peptides, and analogues","Phenylalanine and derivatives"
0.0308934129994281,0.0151257360149825,-0.00944482345677683,0.00508486223136022,0.0102647587525928,"Com_35623_neg","2'-Deoxycytidine 5'-diphosphate (dCDP)","C9 H15 N3 O10 P2",387.02092,4.776,386.01364,"Invalid mass","No results","No results","Organic oxygen compounds","Organic oxoanionic compounds","Organic pyrophosphates","Organic pyrophosphates"
0.0195344254316707,-0.0126600698143803,-0.00862781155607287,0.0207394966811096,0.00494160783843917,"Com_35625_pos","4-amino-1-(2-furylmethyl)-6-hydroxy-1,2-dihydropyrimidine-2-thione","C9 H9 N3 O2 S",245.02608,5.823,246.03336,"Invalid mass","No results","No results",NA,NA,NA,NA
0.0213445033010077,-0.0190962044559243,-0.0242180009833538,0.00943430748384896,-0.0111289780597071,"Com_35706_pos","3-methoxy-2-phenyl-4H-furo[2,3-h]chromen-4-one","C18 H12 O4",292.07487,6.132,293.08215,"Full match","No results","No results",NA,NA,NA,NA
0.0377772280980492,-0.00377340467733982,-0.0192518956544718,0.0637672364578489,0.0184532989647342,"Com_3570_pos","N1-isopropyl-2-(phenylthio)benzamide","C16 H17 N O S",293.08476,5.963,294.09203,"Invalid mass","No results","No results",NA,NA,NA,NA
0.0212547644063955,-0.0136431490909186,0.00912272027477827,-0.00696704054280351,-0.0066784098882116,"Com_35714_pos","1-(4-methylphenyl)-3,5-diphenylpent-2-ene-1,5-dione","C24 H20 O2",340.14458,6.175,341.15186,"Invalid mass","No results","No results",NA,NA,NA,NA
-0.00421323395085785,-0.0107503128364121,0.00139459507866319,0.00652548620976609,0.0131467000684847,"Com_35767_neg","LPS 20:4","C26 H44 N O9 P",545.27874,8.871,544.27146,"No results","Invalid mass","No results","Lipids and lipid-like molecules","Glycerophospholipids","Glycerophosphoserines","Phosphatidylserines"
0.0153434230413834,-0.00628711252860111,-0.0108157996026923,-0.00821207479951918,-0.00934073414088113,"Com_3576_pos","4-Methoxycinnamaldehyde","C10 H10 O2",162.06885,5.519,163.07616,"Full match","No results","No results","Phenylpropanoids and polyketides","Cinnamaldehydes","Not available","Cinnamaldehydes"
0.017100054880625,-0.00581639621144196,0.00799037987754848,0.00912218293978733,-0.0207020410793589,"Com_35877_pos","10-methoxy-4H-benzo[4,5]cyclohepta[b]thiophen-4-one","C14 H10 O2 S",242.03716,5.327,243.04443,"Invalid mass","No results","No results",NA,NA,NA,NA
0.0360160850968112,-0.0122477506605645,-0.018371543997563,-0.0153743862473181,-0.0218638734724468,"Com_3587_pos","6-Methylflavone","C16 H12 O2",472.17408,6.025,473.18123,"Invalid mass","No results","No results","Phenylpropanoids and polyketides","Flavonoids","Flavones","Flavones"
0.0164804874635269,-0.0149186242038634,-0.00950481633404962,-0.0144865268130151,-0.0166352221386075,"Com_3589_pos","(+/-)-Cannabichromeorcin","C17 H22 O2",258.1631,6.038,259.17039,"Full match","No results","No results","Organoheterocyclic compounds","Benzopyrans","1-benzopyrans","1-benzopyrans"
0.00700697643408029,-0.015990750021347,-0.02361874032281,-0.0252693095738904,0.0198638311416356,"Com_35941_pos","N-Acetyl-D-lactosamine","C14 H25 N O11",183.05836,1.395,184.06487,"Invalid mass","No results","No results","Organic oxygen compounds","Organooxygen compounds","Carbohydrates and carbohydrate conjugates","Acylaminosugars"
-0.000732622680070338,-0.00892949906462162,-0.0198796630132561,0.0119279319479155,-0.022493653222383,"Com_35994_neg","LPE 16:0","C21 H44 N O7 P",453.28863,8.983,452.28135,"No results","Invalid mass","No results","Lipids and lipid-like molecules","Glycerophospholipids","Glycerophosphoethanolamines","1-acyl-sn-glycero-3-phosphoethanolamines"
0.0197491025199236,-0.00292582030291646,0.00991968155707357,0.00475118699958832,0.0259520478551439,"Com_36010_pos","CAR 16:2","C23 H42 N O4",395.30516,7.254,396.31244,"No results","Invalid mass","No results",NA,NA,NA,NA
0.0180493034847362,-0.0102056591388894,6.10980618424902e-05,0.00263179467551536,0.00136447964542241,"Com_36059_neg","6,7-bis(2-methoxyethoxy)quinazolin-4(3H)-one","C14 H18 N2 O5",294.12405,6.137,293.11698,"Invalid mass","No results","No results",NA,NA,NA,NA
0.0159182652240394,-0.0113014054096951,0.0162331461996536,-0.00520535826570857,-0.00990545845116662,"Com_36076_pos","N-Oleoyl dopamine","C26 H43 N O3",439.31046,6.628,440.31773,"Invalid mass","No results","No results","Benzenoids","Phenols","Benzenediols","N-acyldopamines"
0.00967725951263309,-0.00298655037838674,0.0054968941158744,-0.00644001363765109,-0.012166314184471,"Com_36140_pos","Eicosapentaenoic acid","C20 H30 O2",308.23611,7.252,309.24339,"Invalid mass","No results","No results","Lipids and lipid-like molecules","Fatty Acyls","Fatty acids and conjugates","Long-chain fatty acids"
0.0253211337540892,0.00549109650538837,-0.0108132416991168,0.00158604596137499,0.0159696711012492,"Com_36163_pos","3-[1-(dimethylamino)-1H-pyrrol-2-yl]-2-(2-furylcarbonyl)acrylonitrile","C14 H13 N3 O2",293.05824,4.838,294.06552,"Invalid mass","No results","No results",NA,NA,NA,NA
0.000907734988396933,-0.0125745658301224,0.0114720950173048,-0.00566647222322376,0.0283222952515077,"Com_3618_pos","L-Glutamine","C5 H10 N2 O3",146.06994,1.27,147.07717,"Invalid mass","Invalid mass","No results","Organic acids and derivatives","Carboxylic acids and derivatives","Amino acids, peptides, and analogues","L-alpha-amino acids"
0.0196377282006065,-0.0132056493769619,-0.00261127160646532,0.00704430212293025,-0.00375572932733184,"Com_36218_pos","2-chloro-6-(1,4-thiazinan-4-yl)benzonitrile","C11 H11 Cl N2 S",260.01686,6.256,261.02414,"Invalid mass","No results","No results",NA,NA,NA,NA
0.0116669366348905,0.0152606396295428,-0.00105822423411969,0.00560368490500995,-0.0145100827601262,"Com_36288_pos","Valproic acid","C8 H16 O2",144.11575,5.887,145.12292,"No results","No results","Full match","Lipids and lipid-like molecules","Fatty Acyls","Fatty acids and conjugates","Methyl-branched fatty acids"
0.0139400637571356,-0.0107990665266435,-0.0079321151034929,0.00395580099119086,-0.000538248115413583,"Com_36295_neg","3-[(Z)-(5-nitro-1H-indol-3-yl)methylidene]-1H-indol-2-one","C17 H11 N3 O3",305.07668,6.396,304.0694,"Invalid mass","No results","No results",NA,NA,NA,NA
0.0161771164187395,-0.0203156453067452,-0.0291214871796202,0.0165271356730505,-0.0486904754144839,"Com_3633_pos","Magnolol","C18 H18 O2",266.1328,6.628,267.13933,"Invalid mass","No results","No results","Benzenoids","Benzene and substituted derivatives","Biphenyls and derivatives","Biphenyls and derivatives"
0.0188222455631027,0.0126138162087227,0.00309737716644109,0.00561837030239364,0.00429110651016768,"Com_3640_pos","D-Ala-D-Ala","C6 H12 N2 O3",160.08552,3.945,144.06613,"No results","No results","Full match","Organic acids and derivatives","Carboxylic acids and derivatives","Amino acids, peptides, and analogues","Dipeptides"
0.0251742012476958,0.00291985935784375,-0.00996809247543065,0.00954479951855352,-0.00287495230347635,"Com_36417_neg","3-(1,1,2,3,3,3-hexafluoropropyl)adamantane-1-carboxylic acid","C14 H16 F6 O2",330.10612,4.945,329.09885,"Full match","No results","No results",NA,NA,NA,NA
0.0134195911820834,-0.000787872469867591,-0.0057718742417036,0.00572775617009225,0.0182247418717745,"Com_36441_pos","CYM-5442","C23 H27 N3 O4",409.19621,4.611,410.20349,"Invalid mass","No results","No results","Organoheterocyclic compounds","Azoles","Oxadiazoles","Phenyloxadiazoles"
-0.011455428992034,-0.0184943092352814,-0.00232965327743664,0.00807572800524386,-0.0018905717500086,"Com_36471_pos","Hexadecanamide","C16 H33 N O",255.25764,10.471,256.26492,"Invalid mass","No results","No results","Lipids and lipid-like molecules","Fatty Acyls","Fatty amides","Fatty amides"
0.0196759129341761,-0.00966012579690647,-0.00383907009353189,0.0100514180188934,0.0103219182629876,"Com_36503_pos","Haloperidol metabolite II","C21 H25 Cl F N O2",377.14982,5.135,378.1571,"Invalid mass","No results","No results","Organoheterocyclic compounds","Piperidines","Phenylpiperidines","Phenylpiperidines"
0.021432026441954,-0.00191713325175013,-0.00842757042657282,0.0100838564883874,0.0150872971423514,"Com_36592_pos","2-(4-chlorophenoxy)-N-(2-oxo-3-azepanyl)nicotinamide","C18 H18 Cl N3 O3",359.10203,5.151,360.10938,"Full match","No results","No results",NA,NA,NA,NA
0.0151670237322894,-0.0174372993358624,0.00294000705509582,0.0122148418911048,-0.0234158629973069,"Com_36595_neg","ethyl 2-cyano-3-[2-(methylthio)anilino]acrylate","C13 H14 N2 O2 S",262.07542,5.566,261.06815,"Invalid mass","No results","No results",NA,NA,NA,NA
-0.0554020033527383,-0.0981470206161116,-0.00456795649097361,-0.000309959168922039,0.014361858344576,"Com_36620_pos","N-(9-oxodecyl)acetamide","C12 H23 N O2",235.1561,10.133,236.16337,"Invalid mass","No results","No results",NA,NA,NA,NA
-0.0153490165878054,-0.0804976165371422,0.0325897172858794,-0.0143703123715976,0.0355366560106143,"Com_3663_pos","Adenosine","C10 H13 N5 O4",267.09776,2.066,268.10504,"Full match","Full match","Full match","Nucleosides, nucleotides, and analogues","Purine nucleosides","Not available","Purine nucleosides"
0.0208860176827689,-0.0164501410814247,-0.00925864796962117,0.019163291006976,-0.00406891523272008,"Com_366_pos","Fexofenadine","C32 H39 N O4",501.29057,5.817,502.29784,"Invalid mass","No results","No results","Benzenoids","Benzene and substituted derivatives","Diphenylmethanes","Diphenylmethanes"
0.0105387442058473,-0.00741654472486899,-0.0110604855520819,1.92895263544283e-05,-0.00016023124665955,"Com_36744_pos","2-[(3S)-1-(4-Chlorobenzyl)-3-pyrrolidinyl]-1-methyl-1H-benzimidazole","C19 H20 Cl N3",325.13663,6.353,326.14391,"Invalid mass","No results","No results","Organoheterocyclic compounds","Benzimidazoles","Not available","Benzimidazoles"
0.0268539221328275,-0.0199652604730037,0.0159562624579857,-0.0108482031084028,0.00239035511619889,"Com_36768_pos","Ciprostene","C22 H36 O4",346.25043,6.668,347.25771,"Invalid mass","No results","No results","Lipids and lipid-like molecules","Fatty Acyls","Eicosanoids","Prostaglandins and related compounds"
0.0067810606788119,-0.0288130040024304,0.0238544745337833,-0.00944009426930202,0.0171695351569652,"Com_367_pos","N3,N4-Dimethyl-L-arginine","C8 H18 N4 O2",202.14382,1.368,203.1511,"Full match","Full match","Full match","Organic acids and derivatives","Carboxylic acids and derivatives","Amino acids, peptides, and analogues","Arginine and derivatives"
0.0178710433733771,-0.015442771327687,-0.0121805413214039,0.0264032501802253,-0.000108021599620722,"Com_36812_pos","2-(4,4-diphenyl-1-piperidinobuta-1,3-dienyl)phenyl acetate","C29 H29 N O2",423.21798,5.895,446.20764,"Full match","No results","No results",NA,NA,NA,NA
-0.00382561149698068,-0.0163558087857966,0.00379581696992259,0.0122476632404992,-0.00123551203021294,"Com_36843_neg","LPS 18:1","C24 H46 N O9 P",523.29456,9.651,522.28728,"No results","Invalid mass","No results","Lipids and lipid-like molecules","Glycerophospholipids","Glycerophosphoserines","Phosphatidylserines"
0.00426735811267976,-0.0103914242417578,0.0156379602937177,-0.00189076594775739,0.00293841537949835,"Com_36894_neg","5-(4-chlorophenyl)-3-methylisoxazole-4-carbohydrazide","C11 H10 Cl N3 O2",251.04542,8.073,250.03815,"Full match","No results","No results",NA,NA,NA,NA
-0.0120553665936661,0.00145739005401407,0.001478292988772,-0.000988211239194599,0.0026216615678695,"Com_36918_pos","FLK","C21 H34 N4 O4",388.24575,6.165,389.25303,"Invalid mass","No results","No results",NA,NA,NA,NA
0.000646484888463711,0.00232841970575271,-0.0065120655865468,0.00218635090363916,-0.00463774704743819,"Com_36922_pos","TLK","C16 H32 N4 O5",360.24035,6.959,361.24762,"Invalid mass","No results","No results",NA,NA,NA,NA
0.0146220582770035,-0.0116295658193315,0.00566729353779951,-0.00722720482792668,0.0108540287233929,"Com_36931_neg","5,5-dimethyl-2-[(trifluoromethyl)sulfanyl]-1,3-cyclohexanedione","C9 H11 F3 O2 S",240.0469,6.529,239.03963,"Invalid mass","No results","No results",NA,NA,NA,NA
0.0259765499156749,-0.0309642672039443,0.0985406078778131,-0.00933761644821966,-0.116706102952265,"Com_3693_pos","Homo-Gamma-Linolenic Acid (C20:3)","C20 H34 O2",306.25719,6.614,307.26446,"No results","No results","Full match","Lipids and lipid-like molecules","Fatty Acyls","Fatty acids and conjugates","Long-chain fatty acids"
0.00890089583189571,0.000594703290490074,-0.00346892015607173,0.00218737315974922,0.00266669638326613,"Com_3694_pos","2-Pyridylacetic acid","C7 H7 N O2",137.04823,4.841,138.05551,"Full match","No results","Full match","Organoheterocyclic compounds","Pyridines and derivatives","Not available","Pyridines and derivatives"
0.0215737576600404,-0.00870848812455128,-0.00184402849574669,0.00912741364501686,0.00457511757357008,"Com_3696_pos","2-methyl-4-[(3-methyl-2-thienyl)methylene]-1,3-oxazol-5(4H)-one","C10 H9 N O2 S",207.03666,5.218,208.04394,"Invalid mass","No results","No results",NA,NA,NA,NA
0.0217594576457287,-0.00948107020257919,0.000564015048156434,0.00685111220470854,0.0149503897327643,"Com_36986_pos","CKK","C15 H31 N5 O4 S",399.19708,5.208,400.20435,"Invalid mass","No results","No results",NA,NA,NA,NA
0.00503563264013581,0.0104493058816138,-0.0176352673630826,0.0153323073931356,0.0163524214595854,"Com_3698_pos","Argininosuccinic acid","C10 H18 N4 O6",290.12364,1.305,291.13089,"Full match","Full match","Full match","Organic acids and derivatives","Carboxylic acids and derivatives","Amino acids, peptides, and analogues","Aspartic acid and derivatives"
0.00341737735945374,-0.0266507454884311,0.00386856633903809,-0.00174294290762015,0.00921401282171274,"Com_36_pos","Creatine","C4 H9 N3 O2",131.07005,1.353,132.07732,"Full match","Full match","Full match","Organic acids and derivatives","Carboxylic acids and derivatives","Amino acids, peptides, and analogues","Alpha amino acids and derivatives"
-0.00291866079610152,-0.0345948521457713,0.00609575584833807,0.00449778517629486,0.0157181993599392,"Com_37017_pos","N-Acetylglucosamine 1-phosphate","C8 H16 N O9 P",301.05522,1.493,302.0625,"No results","No results","Full match",NA,NA,NA,NA
-0.0015744131210111,-0.052775615960075,0.0132539858490871,-0.0160952275724755,0.0262419742447082,"Com_37072_pos","KMH","C17 H30 N6 O4 S",396.19093,1.656,397.19857,"Invalid mass","No results","No results",NA,NA,NA,NA
0.0148399779899382,-0.012775298406467,0.00949410746329203,-0.00788429145045334,0.018136504195427,"Com_3719_neg","2,4-Dichlorophenol","C6 H4 Cl2 O",161.96404,5.747,160.95676,"No results","No results","Full match","Benzenoids","Benzene and substituted derivatives","Phenyl sulfoxides","Phenyl sulfoxides"
-0.00132111196670462,-0.0252662500921273,0.0229123923842849,-0.0225204658457433,0.0033064186228766,"Com_3730_neg","Bisphenol A","C15 H16 O2",228.11209,1.382,227.10481,"Invalid mass","No results","No results","Benzenoids","Benzene and substituted derivatives","Diphenylmethanes","Bisphenols"
0.00928274259254719,-0.0104691359512335,0.0153830344996937,-0.0216239448633095,0.0146635854190312,"Com_3737_neg","Cyclohexaneacetic acid","C8 H14 O2",142.09914,5.74,141.09186,"No results","No results","Full match","Organic acids and derivatives","Carboxylic acids and derivatives","Carboxylic acids","Carboxylic acids"
0.0226120667430036,-0.0179422638983648,0.00200134844861358,-0.0147502679030497,0.0074698109702418,"Com_37418_pos","cyclohexyl{4-[4-nitro-2-(1H-pyrrol-1-yl)phenyl]piperazino}methanone","C21 H26 N4 O3",404.18323,6.922,405.19051,"Invalid mass","No results","No results",NA,NA,NA,NA
0.00789390972279124,-0.00837671398618334,-0.00786413092146756,-0.00464405563410822,-0.00738492085089508,"Com_37420_neg","4-Guanidinobutanoic acid","C5 H11 N3 O2",145.08514,1.412,144.07786,"No results","No results","Full match","Organic acids and derivatives","Carboxylic acids and derivatives","Amino acids, peptides, and analogues","Gamma amino acids and derivatives"
0.0147987455345289,-0.0253959129259116,0.0181245689562758,-0.00577015544193773,0.00858747297719169,"Com_3744_neg","Prostaglandin H2","C20 H32 O5",334.21628,6.308,333.20894,"Invalid mass","No results","No results","Lipids and lipid-like molecules","Fatty Acyls","Eicosanoids","Prostaglandins and related compounds"
-0.00313467250254898,-0.00376963086835415,0.00258358549202482,0.0114325412885166,-0.00597178820238674,"Com_37503_pos","PE 17:0_18:2","C40 H76 N O8 P",729.53465,10.361,730.54193,"No results","Invalid mass","No results",NA,NA,NA,NA
-0.00144247989878239,-0.00344264644325342,0.00593670144154872,0.00587913975991443,-8.53817345822982e-05,"Com_37569_pos","PE 32:1","C37 H72 N O8 P",711.48552,10.659,712.4928,"No results","Invalid mass","No results","Lipids and lipid-like molecules","Glycerophospholipids","Glycerophosphoethanolamines","1-alkyl,2-acylglycerophosphoethanolamines"
0.00757957389950913,-0.0175688044262773,0.0095196232774713,0.00282248163301669,-0.0106578432677754,"Com_37589_pos","5-Hydroxymethyluracil","C5 H6 N2 O3",142.03854,1.634,143.04587,"No results","No results","Full match","Organoheterocyclic compounds","Diazines","Pyrimidines and pyrimidine derivatives","Pyrimidones"
0.00258286692014824,-0.000831980199317153,-0.0034122015629715,-0.012933771609857,-0.00124057492332155,"Com_37651_pos","ethyl 6-chloro-2-methyl-4-phenylquinoline-3-carboxylate","C19 H16 Cl N O2",325.09119,7.731,326.09848,"Invalid mass","No results","No results",NA,NA,NA,NA
0.0143477281282552,-0.0130077285164154,-0.0145297691169583,-0.0245269441140748,-0.0247526393844312,"Com_37664_pos","10-Nitrolinoleate","C18 H31 N O4",347.20894,8.577,348.21622,"Invalid mass","No results","No results","Lipids and lipid-like molecules","Fatty Acyls","Lineolic acids and derivatives","Lineolic acids and derivatives"
-0.000671393743404299,-0.0133123915741509,-0.00940225713379213,0.0115519699236448,0.00463249506943482,"Com_37685_neg","2-Hydroxy-2-methylbutanedioic acid","C5 H8 O5",148.03707,5.578,147.02991,"No results","No results","Full match","Lipids and lipid-like molecules","Fatty Acyls","Fatty acids and conjugates","Methyl-branched fatty acids"
0.0146981956828694,-0.0109758108562644,-0.00243098073520428,-0.00646371638899651,0.00804713134451094,"Com_37716_pos","3-phenyl-5-[3-(2-thienyl)-1H-pyrazol-1-yl]-1,2,4-thiadiazole","C15 H10 N4 S2",310.03565,6.89,293.03201,"Full match","No results","No results",NA,NA,NA,NA
0.0160891840321702,-0.0160256353935279,-0.00590287529166293,-0.0177009019652146,-0.0291793067854824,"Com_3773_pos","4-Coumaric acid","C9 H8 O3",164.04815,5.242,165.05551,"Full match","Full match","Full match","Phenylpropanoids and polyketides","Cinnamic acids and derivatives","Hydroxycinnamic acids and derivatives","Hydroxycinnamic acids"
-0.00593964198244406,-0.00806891704976629,0.00250701148998758,0.00516683817371594,-0.0010095429826842,"Com_37755_neg","PE 14:0_16:0","C35 H70 N O8 P",663.48842,10.164,662.48114,"No results","Invalid mass","No results",NA,NA,NA,NA
0.0108192031064674,-0.0182106307736791,0.00326191192488711,-0.000496998534025586,0.0067442365336299,"Com_37771_neg","4-Hydroxy-L-Glutamic Acid","C5 H9 N O5",163.048,1.398,162.04096,"No results","No results","Full match","Organic acids and derivatives","Carboxylic acids and derivatives","Amino acids, peptides, and analogues","Glutamic acid and derivatives"
0.014653904470045,-0.0239132213097884,0.0360247273264446,-0.010180057579794,-0.0320047802925264,"Com_37807_pos","N-Arachidonoyl-L-serine","C23 H37 N O4",391.27083,6.693,392.27811,"Full match","Invalid mass","No results","Organic acids and derivatives","Carboxylic acids and derivatives","Amino acids, peptides, and analogues","N-acyl-alpha amino acids"
-0.00478059843509378,-0.0430626231587693,0.0102420860377048,-0.00312981267739166,0.0246856315968708,"Com_3783_pos","Ferulic acid","C10 H10 O4",194.05907,1.626,195.06633,"Invalid mass","No results","No results","Phenylpropanoids and polyketides","Cinnamic acids and derivatives","Hydroxycinnamic acids and derivatives","Hydroxycinnamic acids"
0.0450371812332375,0.0276751296734416,0.0255198173437794,0.00813565406974251,0.00665531028533346,"Com_37849_pos","isonicotinaldehyde 4-(5-methyl-2,4-dinitrophenyl)hydrazone","C13 H11 N5 O4",301.07864,1.983,302.08592,"Invalid mass","No results","No results",NA,NA,NA,NA
0.00200254517807277,-0.0245663413299145,-0.00261484827533684,-0.00234887299282989,0.0132545104028836,"Com_37850_neg","2'-O-Methyladenosine","C11 H15 N5 O4",281.11208,1.325,280.10478,"Full match","No results","Full match","Nucleosides, nucleotides, and analogues","Purine nucleosides","Not available","Purine nucleosides"
0.0262159978264007,-0.0223049952320326,0.0185544190987269,0.00706098115699627,0.0103369255349161,"Com_37943_pos","7-Ketocholesterol","C27 H44 O2",400.33541,6.544,383.33209,"No results","No results","Full match","Lipids and lipid-like molecules","Steroids and steroid derivatives","Cholestane steroids","Cholesterols and derivatives"
0.055631335426424,0.0410797944871464,0.00956573848823617,0.00308282047448137,0.0177471671167238,"Com_37952_pos","6-benzyl-4-oxo-1,4-dihydropyridine-3-carboxamide","C13 H12 N2 O2",211.06378,4.793,212.0709,"Invalid mass","No results","No results",NA,NA,NA,NA
0.0179861173044722,-0.0135563006773676,-0.00426503980457051,0.00671991287955951,-0.00359170004235059,"Com_37979_neg","glutathione disulfide","C20 H32 N6 O12 S2",612.15464,5.681,611.14736,"No results","No results","Full match","Organic acids and derivatives","Carboxylic acids and derivatives","Amino acids, peptides, and analogues","Peptides"
0.022356266371638,-0.029318979771882,0.0234246566833802,-0.0444690009651709,0.0422997779100135,"Com_379_pos","CAR 11:1","C18 H34 N O4",327.24244,6.244,328.24972,"No results","Invalid mass","No results",NA,NA,NA,NA
-0.0109203422484449,-0.071022183557685,-0.00233033909797356,0.00102510279613712,0.0150844962419492,"Com_3803_pos","N1-(2-pyridyl)-2-(3,5-difluorophenyl)acetamide","C13 H10 F2 N2 O",248.07875,2.712,249.08603,"Invalid mass","No results","No results",NA,NA,NA,NA
0.0166276907232751,-0.00798141425242765,0.00210316920629263,-0.0104116088528562,-0.0139487003144547,"Com_38174_pos","11β-Hydroxyandrosterone","C19 H30 O3",306.22039,6.762,307.22767,"Full match","No results","No results","Lipids and lipid-like molecules","Steroids and steroid derivatives","Androstane steroids","Androgens and derivatives"
0.018442361025291,-0.0227594400701869,-0.0187020580193913,0.0146820176113701,-0.0078268313066574,"Com_3821_neg","4-Methylcatechol","C7 H8 O2",124.05199,4.729,123.04472,"Full match","No results","No results","Benzenoids","Phenols","Benzenediols","Catechols"
0.0275635126215906,0.0425523164831082,0.00139292035113996,0.0283144158524374,-0.00841842169551669,"Com_38264_pos","GQH","C13 H20 N6 O5",680.28889,1.08,341.15172,"Invalid mass","No results","No results",NA,NA,NA,NA
-0.00290456713795694,-0.0065738202458883,-0.00286521451688385,0.00509282316230161,-0.00249781760825026,"Com_38410_neg","Adrenic acid","C22 H36 O2",332.274,10.49,331.26672,"Invalid mass","No results","No results","Lipids and lipid-like molecules","Fatty Acyls","Fatty acids and conjugates","Very long-chain fatty acids"
0.0170497849663044,-0.0219058408784865,-0.0169473539735694,-0.0130083133448926,-0.00945369081598989,"Com_3841_neg","1-Naphthol","C10 H8 O",144.05734,5.693,143.05004,"Full match","No results","Full match","Benzenoids","Naphthalenes","Naphthols and derivatives","Naphthols and derivatives"
0.0349185842399304,0.0227016496010429,-0.0830471157131979,-0.136972183939993,0.0272220098168327,"Com_3844_pos","Harmine","C13 H12 N2 O",212.09191,5.004,213.09918,"Invalid mass","No results","No results","Alkaloids and derivatives","Harmala alkaloids","Not available","Harmala alkaloids"
0.015095163279848,-0.0127354107504578,0.020501143178316,-0.00667048541141077,-0.0136609769378036,"Com_38459_neg","1a,1b-Dihomo prostaglandin E1","C22 H38 O5",364.26281,6.749,363.25554,"Invalid mass","No results","No results","Lipids and lipid-like molecules","Fatty Acyls","Eicosanoids","Prostaglandins and related compounds"
0.011011346940061,-0.0184422381160241,-0.00679872916108669,0.0300433414652487,-0.017337026531847,"Com_38534_pos","(1E)-1,7-bis(4-hydroxyphenyl)hept-1-en-3-one","C19 H20 O3",296.14235,5.45,297.14963,"Full match","No results","No results",NA,NA,NA,NA
0.0144414140875066,-0.00629262472803701,-0.0132847212985162,-0.0144500861478194,-0.0256445974040753,"Com_38550_pos","PQH","C16 H24 N6 O5",170.09465,6.278,171.10241,"Invalid mass","No results","No results",NA,NA,NA,NA
0.0103505883498,-0.00923634971258585,0.00634032742504999,-0.0115368277600273,-0.0133061953549304,"Com_38565_pos","5-[4-(tert-butyl)phenyl]-1,3,4-oxadiazole-2-thiol","C12 H14 N2 O S",234.08048,6.674,235.08776,"Invalid mass","No results","No results",NA,NA,NA,NA
0.0146952827983618,0.00208492597932337,-0.000401364897256921,0.00278321928738252,0.0125398376406812,"Com_38576_neg","L-arginine","C6 H14 N4 O2",174.11183,1.251,173.10455,"No results","No results","Full match","Organic acids and derivatives","Carboxylic acids and derivatives","Amino acids, peptides, and analogues","L-alpha-amino acids"
0.0254787704939495,-0.0244296893360446,-0.0138532045357326,0.0461397771890622,-0.00495457726471638,"Com_3857_pos","N,N'-di[4-(2,6-dimethylmorpholino)phenyl]thiourea","C25 H34 N4 O2 S",476.2197,5.55,477.22697,"Invalid mass","No results","No results",NA,NA,NA,NA
0.0283721834256718,-0.00119306713226745,0.0058651042123861,0.0132035798717311,0.000600447858638679,"Com_38678_neg","TPP","C12 H19 Cl N4 O7 P2 S",460.01381,5.075,459.00653,"No results","No results","Full match","Benzenoids","Benzene and substituted derivatives","Phenoxy compounds","Phenoxy compounds"
-0.0463914738943096,-0.0779885491257896,-0.00577348712810714,-0.00390081754396942,0.009199679586027,"Com_38683_pos","Avobenzone","C20 H22 O3",310.15857,8.83,311.16585,"Invalid mass","No results","No results",NA,NA,NA,NA
0.0156626034269617,-0.021267590869114,0.00259759894595733,-0.00777208646483644,0.0174882117560493,"Com_38694_pos","2-(cyclopropylcarbonyl)-3-(4-fluoroanilino)acrylonitrile","C13 H11 F N2 O",268.04537,1.723,269.05264,"Invalid mass","No results","No results",NA,NA,NA,NA
0.00288420684339446,-0.00637630258153897,-0.00446642116978493,0.00233817707235601,0.0200667204022366,"Com_38720_neg","SHexCer 40:0;3O","C46 H91 N O12 S",881.62727,1.237,880.62,"No results","Full match","No results",NA,NA,NA,NA
0.00498387335475389,0.00673825635695751,-0.00743048641207451,0.0034097819456879,-0.00802358369475796,"Com_38851_pos","2,3-dihydroxypropyl 12-methyltridecanoate","C17 H34 O4",284.23662,8.122,285.2439,"Invalid mass","No results","No results",NA,NA,NA,NA
0.0187419041132003,-0.0112042712628284,-0.007482095128911,0.022343082075545,0.00874505823950006,"Com_38895_pos","2-(methylthio)nicotinamide","C7 H8 N2 O S",190.01982,5.768,191.0271,"Invalid mass","No results","No results",NA,NA,NA,NA
0.011538160721701,0.00260374079756208,-0.00938710172334152,-0.0229794472070051,-0.0188056606105668,"Com_3891_neg","Sebacic acid","C10 H18 O4",202.12115,5.789,201.1138,"No results","No results","Full match","Lipids and lipid-like molecules","Fatty Acyls","Fatty acids and conjugates","Medium-chain fatty acids"
0.0182638537620516,-0.00152587875222703,-0.00519310859740774,0.00498661952107048,0.00922141355586353,"Com_39001_neg","Guanosine triphosphate (GTP)","C10 H16 N5 O14 P3",522.98744,2.43,521.98016,"Invalid mass","No results","No results","Nucleosides, nucleotides, and analogues","Purine nucleotides","Purine ribonucleotides","Purine ribonucleoside triphosphates"
0.0194266489261323,-0.0088000620415569,-0.00486702068602522,0.00409924923391598,0.0179071453303374,"Com_39131_pos","Biotin","C10 H16 N2 O3 S",488.1765,5.164,489.18378,"Invalid mass","No results","No results","Organoheterocyclic compounds","Biotin and derivatives","Not available","Biotin and derivatives"
0.0226274564256621,-0.0166531837124554,0.0268165662333716,-0.0189025459152072,0.0256020746885226,"Com_391_pos","XLR11 N-(2-fluoropentyl) isomer","C21 H28 F N O",329.22161,5.764,330.2289,"Invalid mass","No results","No results","Organoheterocyclic compounds","Indoles and derivatives","N-alkylindoles","N-alkylindoles"
-0.00579800751161245,-0.0257867520176233,0.00119389942851538,-0.00637891454256646,0.00838702455292364,"Com_39212_pos","SPB 17:1;2O","C17 H35 N O2",285.26829,6.806,286.27566,"No results","Invalid mass","No results",NA,NA,NA,NA
0.0220375427614362,-0.0152356926812136,-0.00405124897843798,0.0190681053935668,0.00403989610853812,"Com_39284_pos","LPC 21:2","C29 H56 N O7 P",1166.70383,5.568,584.35919,"No results","Invalid mass","No results","Lipids and lipid-like molecules","Glycerophospholipids","Glycerophosphocholines","Phosphocholines"
0.0155520397035278,-0.00833301802712064,0.0111220410948123,0.00761415385022323,-0.0241765433102692,"Com_39368_pos","Lysops 22:5","C28 H46 N O9 P",571.28819,5.363,572.29547,"No results","No results","Full match","Lipids and lipid-like molecules","Glycerophospholipids","Glycerophosphoethanolamines","2-acyl-sn-glycero-3-phosphoethanolamines"
0.0045303155216083,0.00429390746026806,0.0028445831391152,-0.00673647566368776,-0.00633880984623066,"Com_39397_neg","ent-8-iso Prostaglandin F2α","C20 H34 O5",354.24064,8.057,353.23337,"Full match","No results","Full match","Lipids and lipid-like molecules","Fatty Acyls","Eicosanoids","Prostaglandins and related compounds"
0.0185913129579065,-0.009959672900577,-0.00199746850580071,0.00265784545383443,-0.00154119993923826,"Com_393_pos","1-[4-hydroxy-3-(3-methylbut-2-en-1-yl)phenyl]ethan-1-one","C13 H16 O2",204.11606,6.014,205.12334,"Invalid mass","No results","No results",NA,NA,NA,NA
0.0163315417758525,-0.0207573295090289,-0.0190223503463541,-0.00156039658074925,-0.00666378109439845,"Com_39448_pos","cholesteryl sulfate","C27 H46 O4 S",466.31008,6.924,467.31735,"No results","No results","Full match","Lipids and lipid-like molecules","Steroids and steroid derivatives","Cholestane steroids","Cholesterols and derivatives"
0.0131775571996911,-0.0105973019921007,0.0282287540749848,-0.00959934219231566,0.0198020892560216,"Com_39456_neg","12-Hydroxydodecanoic acid","C12 H24 O3",216.17347,6.876,215.16622,"Full match","No results","No results","Organic acids and derivatives","Hydroxy acids and derivatives","Medium-chain hydroxy acids and derivatives","Medium-chain hydroxy acids and derivatives"
0.000317033715652669,-0.0775146397077506,0.0274515663937293,-0.00649350424519659,0.0547289834382457,"Com_39488_pos","N-(3,5-dimethyl-4-isoxazolyl)-N'-(2-phenoxyethyl)urea","C14 H17 N3 O3",313.07521,1.616,314.08249,"Invalid mass","No results","No results",NA,NA,NA,NA
0.019698081748018,-0.00897617312367461,0.00228549807413367,0.0190472754399814,-0.0156780543577522,"Com_394_pos","HKK","C18 H33 N7 O4",393.25294,5.397,394.26027,"Invalid mass","No results","No results",NA,NA,NA,NA
0.0386382843205534,0.0365359514561499,-0.00728550779702288,-0.00123316694679306,-0.00587541492963446,"Com_39570_neg","Deoxyguanosine diphosphate (dGDP)","C10 H15 N5 O10 P2",427.02382,4.657,426.01654,"Invalid mass","No results","No results","Nucleosides, nucleotides, and analogues","Purine nucleotides","Purine deoxyribonucleotides","Purine 2'-deoxyribonucleoside diphosphates"
0.000922196800125056,-0.000313800196537326,-0.00606494208525347,0.00634949120265831,-0.00803067680787281,"Com_39594_pos","1,4-dihydroxyheptadec-16-en-2-yl acetate","C19 H36 O4",310.25191,8.526,311.25919,"Invalid mass","No results","No results",NA,NA,NA,NA
0.0268580895814682,0.0195070290500319,0.0022378254708348,-0.0190477097111425,-0.00671033398309793,"Com_39673_neg","N1-(2-chloro-6-fluorobenzyl)-3,4-dimethoxybenzene-1-sulfonamide","C15 H15 Cl F N O4 S",359.036,1.908,358.02873,"Invalid mass","No match","No results",NA,NA,NA,NA
-0.000451650338775219,-0.0151856280850886,-0.00881698769284741,-0.00349274839695085,-0.0286787908697349,"Com_39684_neg","LPE 14:0","C19 H40 N O7 P",425.2572,8.361,424.24992,"No results","Invalid mass","No results","Lipids and lipid-like molecules","Glycerophospholipids","Glycerophosphoethanolamines","1-acyl-sn-glycero-3-phosphoethanolamines"
0.0204061318588989,-0.00940367355388236,-0.0307070510754306,-0.0105388133965788,-0.00163018592850877,"Com_3970_pos","6-Methylquinoline","C10 H9 N",143.07417,5.393,144.08144,"Full match","No results","No results","Organoheterocyclic compounds","Quinolines and derivatives","Not available","Quinolines and derivatives"
-0.00425564427860143,-0.00876926545764338,-0.00482314289156358,-0.0014681125256051,0.00160825462282309,"Com_39753_pos","PC 16:0_16:1","C40 H78 N O8 P",731.54985,10.875,732.55713,"No results","Full match","No results",NA,NA,NA,NA
0.0117052976986201,0.00634479761598052,0.0291424635843312,-0.0112617217995364,0.00333590449551062,"Com_3979_neg","3-Methylglutaric acid","C6 H10 O4",146.05766,5.219,145.0503,"Full match","Full match","Full match","Lipids and lipid-like molecules","Fatty Acyls","Fatty acids and conjugates","Methyl-branched fatty acids"
0.0358936382932618,0.0185253854733181,0.0205235511391032,-0.00907310997794472,0.0356566953993397,"Com_397_pos","Leucine","C6 H13 N O2",131.09529,3.425,132.10256,"Invalid mass","Invalid mass","No results","Organic acids and derivatives","Carboxylic acids and derivatives","Amino acids, peptides, and analogues","Leucine and derivatives"
0.0386515322308624,0.0121821664292352,-0.022055715815409,-0.00274870803287856,0.0292685075145711,"Com_3989_neg","Ethyl-β-D-glucuronide","C8 H14 O7",222.07457,1.919,221.06729,"Full match","No results","No results","Organic oxygen compounds","Organooxygen compounds","Carbohydrates and carbohydrate conjugates","O-glucuronides"
0.0185408606467202,0.00649631218509186,-0.0122724442647041,-0.0077462398844477,0.0142337412198157,"Com_39919_pos","Rosmarinic acid","C18 H16 O8",377.10988,5.017,378.11716,"Invalid mass","No results","No results","Phenylpropanoids and polyketides","Cinnamic acids and derivatives","Hydroxycinnamic acids and derivatives","Coumaric acids and derivatives"
0.0229921050688161,-0.00799147879279767,-0.0194038120632944,-0.00675654684108883,0.00732913698432173,"Com_3996_pos","Cathine","C9 H13 N O",151.10038,5.155,152.10766,"Full match","Full match","No results","Benzenoids","Benzene and substituted derivatives","Phenylpropanes","Phenylpropanes"
0.0128397361490769,0.000727269938905681,-0.00053695061599687,0.000547871632019348,0.00698909950259244,"Com_39993_neg","2'-Deoxyadenosine 5'-monophosphate (dAMP)","C10 H14 N5 O6 P",331.07057,1.398,330.06329,"Invalid mass","No results","No results","Nucleosides, nucleotides, and analogues","Purine nucleotides","Purine deoxyribonucleotides","Purine 2'-deoxyribonucleoside monophosphates"
0.0215940458881495,-0.0157375066216558,-0.0365810269375409,0.0283069683512274,0.00981763159172793,"Com_3_pos","Sitagliptin","C16 H15 F6 N5 O",407.1192,5.478,408.12648,"Full match","No results","No results","Organic acids and derivatives","Carboxylic acids and derivatives","Amino acids, peptides, and analogues","Beta amino acids and derivatives"
0.00294343316877264,-0.0137560688206146,-0.00517265686373438,0.0082668561443098,-0.00267302163408071,"Com_40010_pos","Obacunone","C26 H30 O7",454.1997,7.36,455.20697,"Full match","No results","No results","Lipids and lipid-like molecules","Prenol lipids","Triterpenoids","Limonoids"
0.0130960706525005,-0.0212930573357486,-0.000148171394711212,0.017412874325127,0.020483744492848,"Com_40034_pos","2-[(3S)-1-(Cyclohexylmethyl)-3-pyrrolidinyl]-5-methyl-1H-benzimidazole","C19 H27 N3",319.20106,5.479,320.20833,"Invalid mass","No results","No results","Organoheterocyclic compounds","Benzimidazoles","Not available","Benzimidazoles"
0.0265699768954349,0.00456078954782837,0.0144237026996076,0.124276203823602,0.0134916454285009,"Com_4006_pos","2-[(3S)-1-(3-Methoxybenzyl)-3-pyrrolidinyl]-1,3-benzothiazole","C19 H20 N2 O S",151.07372,5.607,325.13669,"Invalid mass","No results","No results","Organoheterocyclic compounds","Benzothiazoles","Not available","Benzothiazoles"
0.0141616323053392,-0.00146742409238774,-0.00764874227864109,-0.00041206535784106,0.00461189625735634,"Com_40090_pos","Adenosine diphosphate (ADP)","C10 H15 N5 O10 P2",427.03157,4.605,428.03885,"Invalid mass","No results","No results","Nucleosides, nucleotides, and analogues","Purine nucleotides","Purine ribonucleotides","Purine ribonucleoside diphosphates"
0.0271214539095724,0.00729193517953462,-0.00168219473677693,0.00449039764930671,0.0277921477650959,"Com_40109_pos","N-{6-[4-(tert-butyl)phenoxy]-3-pyridinyl}-N'-(2-thienyl)urea","C20 H21 N3 O2 S",389.11685,4.982,390.12413,"Invalid mass","No results","No results",NA,NA,NA,NA
-0.00697812945187196,-0.00862826154604306,0.0075478681146547,-0.000695578400000029,0.00317801998974425,"Com_40121_neg","PC 16:0_20:4","C44 H80 N O8 P",827.5741,11.264,826.56682,"No results","Invalid mass","No results",NA,NA,NA,NA
0.0136695018650641,-0.0125053886005949,0.00489961869502355,-0.004417669498743,-0.0073528160449971,"Com_40139_neg","4-(acetylamino)phenyl 3-chlorobenzoate","C15 H12 Cl N O3",325.02958,6.763,324.02231,"Invalid mass","No results","No results",NA,NA,NA,NA
-0.00895100177784956,-0.0331078621247601,-0.00319033233940659,0.026399751013561,0.0252417138647386,"Com_40360_pos","N,N-Dimethylsphingosine","C20 H41 N O2",327.31546,7.581,328.32279,"Invalid mass","Invalid mass","No results","Organic nitrogen compounds","Organonitrogen compounds","Amines","1,2-aminoalcohols"
0.0435536085170044,0.0205589435804869,-0.0112123700902362,0.000127126628973389,-0.00701604518842479,"Com_4047_pos","Boc-beta-cyano-L-alanine","C9 H14 N2 O4",214.09632,2.784,215.10359,"No results","No results","Full match","Organic acids and derivatives","Carboxylic acids and derivatives","Amino acids, peptides, and analogues","Alpha amino acids and derivatives"
0.0127159907553702,-0.0213914252176113,5.97290936141487e-05,0.0160012727715001,0.0307453597976513,"Com_40579_neg","LPC 18:2","C26 H50 N O7 P",565.34159,8.672,564.33431,"No results","Invalid mass","No results","Lipids and lipid-like molecules","Glycerophospholipids","Glycerophosphocholines","Phosphocholines"
0.0139188854742265,-0.0468109182084505,-0.0412628939322002,-0.000694680453759891,0.0119188360302532,"Com_4061_pos","3-(4-methoxyanilino)-1-(4-methoxyphenyl)prop-2-ene-1-thione","C17 H17 N O2 S",299.10185,1.435,300.10913,"Invalid mass","No results","No results",NA,NA,NA,NA
0.015018216651498,-0.0280589299195632,-0.0391164851285211,0.0345486214636554,-0.0152085599991676,"Com_4062_neg","3-(pyrazin-2-ylamino)-2-(2-thienylcarbonyl)acrylonitrile","C12 H8 N4 O S",256.03869,6.982,255.03141,"Invalid mass","No results","No results",NA,NA,NA,NA
0.00607116653002708,-0.00518294159583213,0.00790220458060298,0.0027217861175956,-0.012001114309793,"Com_4064_pos","2-Phenylacetamide","C8 H9 N O",135.06899,6.163,136.07626,"No results","Full match","No results","Benzenoids","Benzene and substituted derivatives","Phenylacetamides","Phenylacetamides"
0.0300817107195032,-0.0152904548624755,-0.00251578187948796,-0.0134194181557588,-0.0238295720104135,"Com_4066_pos","N-(5-acetamidopentyl)acetamide","C9 H18 N2 O2",186.13777,5.101,187.14505,"Invalid mass","No results","No results",NA,NA,NA,NA
0.019252642965868,-0.00120742102665082,0.0457129848846003,-0.0391386773516499,0.0275352736335225,"Com_406_pos","DL-Tryptophan","C11 H12 N2 O2",204.09072,5.212,205.0981,"Full match","Full match","Full match","Organoheterocyclic compounds","Indoles and derivatives","Indolyl carboxylic acids and derivatives","Indolyl carboxylic acids and derivatives"
0.013948635785486,-0.00904417634276725,-0.00193271216405427,-0.0148329538349928,-0.00943517949855325,"Com_40723_neg","13(S)-HOTrE","C18 H30 O3",294.22178,7.231,293.21451,"Invalid mass","No results","No results","Lipids and lipid-like molecules","Fatty Acyls","Lineolic acids and derivatives","Lineolic acids and derivatives"
-0.00205752069216225,-0.0131447753086051,-0.00319298668441858,-0.00413922829498843,0.00623783777961696,"Com_40759_neg","LPE O-18:2","C23 H46 N O6 P",463.30964,9.825,462.30237,"No results","Invalid mass","No results",NA,NA,NA,NA
0.0266761753528016,0.0130905393930731,-0.013258410943756,0.00363156734839442,-0.0149276234113498,"Com_40794_neg","Uridine monophosphate (UMP)","C9 H13 N2 O9 P",324.03712,1.876,323.02985,"Full match","No results","Full match","Nucleosides, nucleotides, and analogues","Pyrimidine nucleotides","Pyrimidine ribonucleotides","Pyrimidine ribonucleoside monophosphates"
-0.00911425427591214,-0.0213558386773749,0.000430769723195148,-0.00903133810255494,-0.00676407885330303,"Com_4084_pos","Isopropyl myristate","C17 H34 O2",287.28406,6.541,288.29134,"Invalid mass","No results","No results","Lipids and lipid-like molecules","Fatty Acyls","Fatty acid esters","Fatty acid esters"
0.0114329143058169,-0.0161796960777443,0.0116982785905719,0.00856307064638158,-0.0130639411999876,"Com_4087_neg","N-Acetyl-L-phenylalanine","C11 H13 N O3",207.09019,5.631,206.08291,"Full match","No results","Full match","Organic acids and derivatives","Carboxylic acids and derivatives","Amino acids, peptides, and analogues","Phenylalanine and derivatives"
0.0186212946418857,-0.0155917042117793,0.00530228964631912,-0.00286750592062493,0.0170326272805759,"Com_4094_neg","β-D-Glucopyranuronic acid","C6 H10 O7",194.04309,6.483,193.03585,"Full match","No results","Full match","Organic oxygen compounds","Organooxygen compounds","Carbohydrates and carbohydrate conjugates","Glucuronic acid derivatives"
0.00139322084656148,-0.00511706562639445,0.00156080405170773,-0.000496744894782744,0.0048844743918037,"Com_40953_pos","2-({2-[(3-methyl-5-cinnolinyl)amino]-2-oxoethyl}sulfanyl)acetic acid","C13 H13 N3 O3 S",291.07341,1.229,292.08069,"Invalid mass","No results","No results",NA,NA,NA,NA
0.0036289568746635,0.00559616280383202,-0.00950968949986112,-0.0252552723873531,-0.0329783773948564,"Com_40958_pos","SPK","C14 H26 N4 O5",352.16744,6.753,353.17471,"Invalid mass","No results","No results",NA,NA,NA,NA
-0.00473546139390668,0.00211782184383142,-0.00515364827129606,-0.0140255899025711,0.000568095823562001,"Com_40965_neg","N-Lauroylsarcosine","C15 H29 N O3",271.21611,7.775,270.20883,"No results","Invalid mass","No results","Organic acids and derivatives","Carboxylic acids and derivatives","Amino acids, peptides, and analogues","N-acyl-alpha amino acids"
0.0213209548815997,-0.0146045123133878,-0.000674184733246184,0.000577596163017873,0.0102845076718726,"Com_4109_pos","2-(trifluoromethyl)-1H-benzo[d]imidazole","C8 H5 F3 N2",186.04137,6.04,187.04865,"Full match","No results","No results",NA,NA,NA,NA
0.0144161236689526,-0.0162282404559814,0.0239824937182023,-0.0033450412786028,-0.0325796630543467,"Com_410_pos","N-Acetyl-D-tryptophan","C13 H14 N2 O3",246.1016,5.608,247.10886,"No results","No results","Full match","Organic acids and derivatives","Carboxylic acids and derivatives","Amino acids, peptides, and analogues","N-acyl-alpha amino acids"
0.00829417089405087,-0.0431556613490324,0.0173959448621409,-0.00532673478615395,0.0257626586516254,"Com_4123_pos","Valylproline","C10 H18 N2 O3",214.13286,1.588,215.14014,"Invalid mass","No results","No results","Organic acids and derivatives","Carboxylic acids and derivatives","Amino acids, peptides, and analogues","Dipeptides"
0.0305256100344095,0.0011660656189685,0.00872242940040979,-0.0273664830928052,-0.0233376504427981,"Com_41263_pos","Jervine","C27 H39 N O3",443.30489,6.904,426.30164,"Invalid mass","No results","No results","Lipids and lipid-like molecules","Steroids and steroid derivatives","Steroidal alkaloids","Jerveratrum-type alkaloids"
-0.00162453983793847,-0.00906904444529141,0.00364952052451134,0.0136287738164222,0.00235834090120318,"Com_41276_pos","2-morpholinophenyl 2-[(4-chlorophenyl)sulfanyl]nicotinate","C22 H19 Cl N2 O3 S",852.15832,11.723,427.08644,"Invalid mass","No results","No results",NA,NA,NA,NA
0.00695296108481346,-0.0151525719321539,-0.0130312434053626,0.000769867309715444,0.0330585990416131,"Com_41288_pos","D-Lactose monohydrate","C12 H22 O11",342.11788,1.279,343.12531,"Full match","Full match","Full match",NA,NA,NA,NA
-0.00087775035356282,-0.0334586053433319,-0.000363177119028769,-0.00348213115916406,0.0137897473715284,"Com_4131_neg","4-Acetamidobutanoic acid","C6 H11 N O3",145.07366,2.057,144.06638,"Full match","No results","Full match","Organic acids and derivatives","Carboxylic acids and derivatives","Amino acids, peptides, and analogues","Gamma amino acids and derivatives"
0.0192858861542903,-0.00665865184681406,-0.00531033490363194,0.0122134410163167,0.0118292227278416,"Com_41415_neg","NAD+","C21 H27 N7 O14 P2",663.10788,5.006,662.1006,"No results","No results","Full match","Nucleosides, nucleotides, and analogues","(5'-&gt;5')-dinucleotides","Not available","(5'-&gt;5')-dinucleotides"
-0.013204425065862,-0.0217299856043985,-0.000296285194006713,-0.000132504258346511,0.000567456401127621,"Com_41444_pos","Docosatrienoic acid","C22 H38 O2",334.28885,8.835,335.29613,"Full match","No results","No results","Lipids and lipid-like molecules","Fatty Acyls","Fatty acids and conjugates","Very long-chain fatty acids"
0.0114828801707519,-0.0103107255644064,7.49309525263317e-05,-0.00454430466170625,-0.0100823190041341,"Com_41453_pos","ethyl 4-bromo-1,5-dimethyl-1H-pyrazole-3-carboxylate","C8 H11 Br N2 O2",123.00065,7.057,247.0085,"Invalid mass","No results","No results",NA,NA,NA,NA
0.0121211650626925,-0.0159078662930828,-0.00618015121253213,0.00567744340642564,0.000958120098601521,"Com_41587_neg","α,α-Trehalose","C12 H22 O11",342.1125,6.932,341.10522,"Invalid mass","No results","No results","Organic oxygen compounds","Organooxygen compounds","Carbohydrates and carbohydrate conjugates","O-glycosyl compounds"
0.0238826061777739,-0.0236623518908805,0.0345318605162678,-0.0169258883720417,0.0360882292632887,"Com_415_pos","CAR 10:2","C17 H30 N O4",311.21105,5.984,312.21832,"No results","Invalid mass","No results",NA,NA,NA,NA
0.00682763225949643,-0.0347269206836634,-0.00997960085346794,-0.00458521206147535,-0.0138224164854985,"Com_4160_pos","4-[4-(aminocarbonyl)piperidino]-4-oxobut-2-enoic acid","C10 H14 N2 O4",226.0967,5.108,227.10398,"Invalid mass","No results","No results",NA,NA,NA,NA
0.0178525150241019,-0.0207660629471868,0.0181920612813775,0.00807631318929169,0.0344761896435469,"Com_41626_neg","Chenodeoxycholic Acid","C24 H40 O4",438.30095,7.856,437.29367,"Invalid mass","No results","No results","Lipids and lipid-like molecules","Steroids and steroid derivatives","Bile acids, alcohols and derivatives","Dihydroxy bile acids, alcohols and derivatives"
0.0178449526937773,0.00535997251954038,-0.0150308288762859,0.0201411623184337,0.0196476314279881,"Com_41629_pos","5,6-dimethyl-3-[5-(trifluoromethyl)pyridin-2-yl]-1,2,4-triazine","C11 H9 F3 N4",254.07807,5.514,255.08568,"Full match","No results","No results",NA,NA,NA,NA
0.0189580215300289,-0.0223048787772865,0.00747874468858713,-0.00446229109469802,-0.102760134533993,"Com_4162_pos","(R)-Equol","C15 H14 O3",242.09563,5.533,243.10291,"Invalid mass","Invalid mass","No results","Phenylpropanoids and polyketides","Isoflavonoids","Isoflavans","Isoflavanols"
0.0182911493143278,-0.000132034500162925,-0.00843763538666486,0.00296901051768413,0.0182992867907272,"Com_41832_pos","1,6-dihydroxy-3-methoxy-8-methyl-9H-xanthen-9-one","C15 H12 O5",272.0696,4.845,273.07687,"Full match","No results","No results",NA,NA,NA,NA
0.0261166195374568,0.0552524821530471,0.00939596090487303,-0.0065184715502764,-0.0237875455371804,"Com_4184_pos","alpha-Ketoglutaric acid","C5 H6 O5",146.02214,1.775,147.02942,"No results","No results","Full match","Organic acids and derivatives","Keto acids and derivatives","Gamma-keto acids and derivatives","Gamma-keto acids and derivatives"
0.0194187864143712,-0.00859357919763937,-0.000920912161292541,0.00358907373472212,0.0128835021439113,"Com_41873_pos","4-[2-(2-methylphenyl)-2-oxoethyl]benzamide","C16 H15 N O2",253.11203,5.083,254.11931,"Invalid mass","No results","No results",NA,NA,NA,NA
0.00494009660236378,0.0132705074044889,-0.120749224311804,-0.192481138188963,-0.00297551798621249,"Com_418_pos","Caffeine","C8 H10 N4 O2",194.08134,5.348,195.08862,"Full match","Full match","No results","Organoheterocyclic compounds","Imidazopyrimidines","Purines and purine derivatives","Xanthines"
0.016444279690489,-0.0297187519635448,-0.0695743745724078,-0.0363020791792681,-0.000738246215073833,"Com_4194_pos","Luotonin A","C18 H11 N3 O",285.08615,1.413,286.0934,"Invalid mass","No results","No results","Organoheterocyclic compounds","Diazanaphthalenes","Benzodiazines","Quinazolines"
-0.00299856777626761,-0.00290717325819289,-0.00249353230322037,0.0016014075427025,0.00250452430385417,"Com_42111_neg","diethyl 1-(2,3,4,5,6-pentamethylphenyl)hydrazine-1,2-dicarboxylate","C17 H26 N2 O4",322.18367,9.022,321.17639,"Invalid mass","No results","No results",NA,NA,NA,NA
0.0226412163321958,-0.0276641619729202,0.0539102582552089,-0.00666616822706344,-0.0555924751967458,"Com_42153_pos","2-Arachidonoyl glycerol","C23 H38 O4",360.26807,6.935,361.2749,"Invalid mass","No results","No results","Lipids and lipid-like molecules","Endocannabinoids","Not available","Endocannabinoids"
0.00809719504193936,-0.00556597811801246,-0.0301176305414133,-0.00741460317965417,0.000645464654384133,"Com_4224_pos","THJ2201 N-pentanoic acid metabolite","C23 H20 N2 O3",372.14407,5.455,373.15131,"Invalid mass","No results","No results","Benzenoids","Naphthalenes","Naphthalenecarboxylic acids and derivatives","Naphthalenecarboxylic acids and derivatives"
0.00941106830146336,-0.00857713663516708,-0.00551716055152471,-0.00180407687091682,0.00366075491687656,"Com_42358_pos","Fenvalerate","C25 H22 Cl N O3",436.15569,6.327,437.16296,"Invalid mass","No results","No results","Lipids and lipid-like molecules","Fatty Acyls","Fatty acid esters","Pyrethroids"
0.01595001590256,-0.00571324463212016,0.030588050987383,-0.0171528005701551,0.00431977498968389,"Com_4235_pos","15-Deoxy-Δ12,14-prostaglandin J2-2-glycerol ester","C23 H34 O5",390.24025,6.291,391.24753,"Full match","No results","No results","Lipids and lipid-like molecules","Fatty Acyls","Eicosanoids","Prostaglandins and related compounds"
0.0116737876961293,-0.0204770766377615,0.0118495293135377,-0.00923198118964729,0.00600669484625201,"Com_423_pos","Guvacoline","C7 H11 N O2",141.07956,1.769,142.08683,"Full match","No results","No results","Alkaloids and derivatives","Not available","Not available","Alkaloids and derivatives"
-0.00346840096957367,-0.0506398942723652,0.00553809314903967,0.0280410120078948,-0.0319216599595782,"Com_42425_pos","Indoxyl-β-D-glucuronide","C14 H15 N O7",309.08665,5.117,310.09388,"Invalid mass","No results","No results","Organic oxygen compounds","Organooxygen compounds","Carbohydrates and carbohydrate conjugates","O-glucuronides"
0.0208600457552677,-0.00919982916829205,0.0160548368861002,0.00148308880807005,0.0272654850742607,"Com_4242_neg","Taurine","C2 H7 N O3 S",125.01424,1.396,124.00697,"Full match","No results","Full match","Organic acids and derivatives","Organic sulfonic acids and derivatives","Organosulfonic acids and derivatives","Organosulfonic acids"
0.0210385834791537,-0.0168327965373177,-0.0276986200482562,-0.041710231545397,-0.0066517159091297,"Com_4243_neg","ethyl 3-[3,5-di(trifluoromethyl)anilino]-2-nitroacrylate","C13 H10 F6 N2 O4",372.05338,5.212,371.04628,"Full match","No results","No results",NA,NA,NA,NA
0.0372097908182827,0.00340652269356065,0.0254228725986457,0.00601089408023952,0.0236045962091916,"Com_4248_neg","5-Hydroxytryptophan","C11 H12 N2 O3",220.0854,3.936,219.07813,"Full match","No results","Full match","Organoheterocyclic compounds","Indoles and derivatives","Tryptamines and derivatives","Serotonins"
0.0266182428122591,-0.0170325554461798,-0.0196469129611432,-0.0128435255511599,-0.00460413407293116,"Com_4249_pos","3,3-dimethyl-2-morpholino-2,3-dihydrobenzo[b]furan-5-ol","C14 H19 N O3",249.13769,5.195,250.14496,"Full match","No results","No results",NA,NA,NA,NA
0.00829835998332141,-0.0102895907822113,-0.0293698960091519,0.0396599334326949,0.0427571417286903,"Com_424_pos","Oxohongdenafil","C25 H32 N6 O4",480.25646,5.405,481.26374,"Invalid mass","No results","No results","Organic oxygen compounds","Organooxygen compounds","Carbonyl compounds","Alkyl-phenylketones"
0.0227380580248696,-0.023084854804805,0.0750221603748448,-0.019762559317397,-0.112524783704622,"Com_42501_pos","Lithocholic Acid","C24 H40 O3",358.28873,7.725,359.296,"Invalid mass","No results","No results","Lipids and lipid-like molecules","Steroids and steroid derivatives","Bile acids, alcohols and derivatives","Monohydroxy bile acids, alcohols and derivatives"
0.00712468760483214,-0.00142949537823209,-0.00669214751590502,0.00958994070731314,0.00820463055110053,"Com_42505_pos","3,4,10,11-tetramethoxy-7,8,12b,13-tetrahydro-5H-6-azatetraphene","C21 H25 N O4",355.17714,7.526,356.18442,"Full match","No results","No results",NA,NA,NA,NA
0.0134760596464366,-0.0117341618659719,0.0195413947477517,-0.0144038264763717,-0.00904531265027075,"Com_42577_pos","Docosapentaenoic acid","C22 H34 O2",330.25721,7.855,331.26449,"Full match","No results","Full match","Lipids and lipid-like molecules","Fatty Acyls","Fatty acids and conjugates","Very long-chain fatty acids"
0.0115283021023429,-0.0120293211187573,0.00106834902276382,-0.00384805443720095,-0.00337090903974308,"Com_42633_pos","3-[4-(4-methoxyphenyl)-1,3-thiazol-2-yl]-5-methylisoxazole","C14 H12 N2 O2 S",272.06191,7.025,273.06918,"Full match","No results","No results",NA,NA,NA,NA
0.0173345901237891,-0.0063228657138959,-0.0528152463909647,-0.0439506799133115,-0.0269772228392876,"Com_4264_pos","3-(4-hydroxyphenyl)propanohydrazide","C9 H12 N2 O2",180.09076,5.501,181.09804,"Full match","No results","No results",NA,NA,NA,NA
0.0159392857908485,-0.0159011993850773,0.0131651763205771,-0.00967729768458164,-0.00835710701072623,"Com_42792_neg","Trigoneoside Xb","C45 H76 O19",966.48744,6.811,965.48016,"Invalid mass","No results","No results","Lipids and lipid-like molecules","Steroids and steroid derivatives","Steroidal glycosides","Steroidal saponins"
-0.0429053602188649,-0.114124077069907,0.00467629701456363,-0.0145927744848592,0.0342950117728006,"Com_4282_pos","(5-L-Glutamyl)-L-Amino Acid","C8 H14 N2 O5",218.09135,1.623,219.09854,"No results","No results","Full match","Organic acids and derivatives","Carboxylic acids and derivatives","Amino acids, peptides, and analogues","N-acyl-alpha amino acids"
0.0202854137729423,-0.0108736417083197,0.0239495835905425,0.00411196893672443,-0.0252786420180819,"Com_42877_pos","(4-nitrophenyl)(2,3,4,5,6-pentamethylphenyl)methanone","C18 H19 N O3",297.14079,6.702,298.14807,"Invalid mass","No results","No results",NA,NA,NA,NA
0.00558646833859702,-0.0110523194319944,-0.0204313022420554,0.0112557650518835,-0.00986079978700783,"Com_42895_neg","1-(4-chlorophenyl)-3-hydroxy-1,2-dihydroquinoxalin-2-one","C14 H9 Cl N2 O2",272.0341,7.587,271.02682,"Full match","No results","No results",NA,NA,NA,NA
0.0263779026020152,-0.0338639229058898,0.00114179052903737,-0.00164271716824865,0.0318371884244634,"Com_428_pos","4-Guanidinobutyric acid","C5 H11 N3 O2",145.08576,1.445,146.09304,"Full match","Full match","Full match","Organic acids and derivatives","Carboxylic acids and derivatives","Amino acids, peptides, and analogues","Gamma amino acids and derivatives"
0.0150898836771586,0.00759421750686805,0.0258768635843231,-0.00370330181253666,0.0138402332829099,"Com_4290_neg","2-Methylpentanedioic acid","C6 H10 O4",146.05817,5.24,145.05073,"No results","No results","Full match","Lipids and lipid-like molecules","Fatty Acyls","Fatty acids and conjugates","Hydroxy fatty acids"
0.00815123614341378,-0.00793182138512233,-0.00534509377890595,-0.00584909079881441,-0.00403731036124612,"Com_42930_neg","2,3-Dinor-8-epi-prostaglandin F2α","C18 H30 O5",652.42317,7.512,651.41589,"Invalid mass","No results","No results","Lipids and lipid-like molecules","Fatty Acyls","Eicosanoids","Prostaglandins and related compounds"
0.0238768242966994,-0.00925913841882265,-0.0224000892636919,0.0146143773622662,-0.0210644653234296,"Com_4293_pos","N-Acetylhistamine","C7 H11 N3 O",153.09088,1.605,154.09816,"Full match","Full match","Full match","Organic acids and derivatives","Carboxylic acids and derivatives","Carboxylic acid derivatives","N-acetyl-2-arylethylamines"
0.0143248545864377,-0.00913641446087845,-0.0050943224264418,-0.00363932316673964,0.0056575602247831,"Com_42971_pos","N1-(4-cyclohexylphenyl)-2-[(4-methylphenyl)thio]acetamide","C21 H25 N O S",339.1702,6.491,362.15948,"Invalid mass","No results","No results",NA,NA,NA,NA
0.00619286067978075,-0.0268751996610999,0.0270596261278057,-0.0116223438561604,0.00562609245772198,"Com_4300_pos","N-Acetylhistidine","C8 H11 N3 O3",197.08094,1.394,198.08826,"No results","Full match","Full match","Organic acids and derivatives","Carboxylic acids and derivatives","Amino acids, peptides, and analogues","Histidine and derivatives"
-0.00243615370707213,-0.00931323466253148,-0.00944344009605553,0.0093693934672626,-0.0183973009946048,"Com_43048_pos","DGDG O-16:4_2:0","C33 H54 O14",696.33386,8.755,697.34114,"No results","Invalid mass","No results",NA,NA,NA,NA
0.0186979407510793,-0.00929218017778945,-0.00138599159516457,-0.0088524420226037,-0.0258178502675535,"Com_4307_pos","tetranor-12(R)-HETE","C16 H26 O3",248.17874,6.352,249.18601,"Invalid mass","No results","No results",NA,NA,NA,NA
0.0232774439952089,-0.000265065387507842,-0.00820070148598501,0.00223640894241104,-0.000421929651546137,"Com_4314_neg","3-Hydroxymandelic acid","C8 H8 O4",168.04244,3.309,167.03516,"Full match","No results","Full match","Benzenoids","Phenols","1-hydroxy-4-unsubstituted benzenoids","1-hydroxy-4-unsubstituted benzenoids"
0.0207737450691097,-0.00698833076023765,-0.00658372371249943,-0.00862564413237902,-0.00707870330282567,"Com_43151_pos","N1-(2,3-dihydro-1,4-benzodioxin-2-ylmethyl)-2,2-dimethylpropanamide","C14 H19 N O3",249.13741,6.392,250.14443,"Full match","No results","No results",NA,NA,NA,NA
-0.000317907419895827,-0.028403480549444,0.00158818454476719,0.0055046026998359,0.0238716231939612,"Com_43156_pos","3,4-dihydro-2H-benzo[4,5]imidazo[2,1-b][1,3]thiazin-3-ol","C10 H10 N2 O S",228.02783,1.432,229.03511,"Invalid mass","No results","No results",NA,NA,NA,NA
0.0112833296365992,-0.0201804862343294,0.00393230671402834,0.00223713922765092,0.0204018789695827,"Com_43164_pos","1,5-diphenyl-1H-1,2,4-triazole-3-thiol","C14 H11 N3 S",275.04787,5.251,276.05515,"Invalid mass","No results","No results",NA,NA,NA,NA
0.0308978228139641,-0.00204051674890208,0.0311526224965146,0.0100180039276619,-0.00126866649650441,"Com_4317_neg","UMP","C9 H13 N2 O9 P",324.03542,5.09,323.02814,"No results","No results","Full match","Nucleosides, nucleotides, and analogues","Pyrimidine nucleotides","Pyrimidine ribonucleotides","Pyrimidine ribonucleoside monophosphates"
0.00151969059712525,-0.00588812996319606,-0.00252511753947666,-0.00522112678197403,0.0327936956778407,"Com_431_pos","L-Methionine sulfone","C5 H11 N O4 S",181.04139,1.332,182.04874,"No results","No results","Full match",NA,NA,NA,NA
0.024924742013722,-0.0160463342424661,0.0525411341375951,-0.00101779519528065,0.0570836860590898,"Com_4323_neg","Epitestosterone glucuronide","C25 H36 O8",464.24353,6.431,463.23625,"Invalid mass","No results","No results","Lipids and lipid-like molecules","Steroids and steroid derivatives","Steroidal glycosides","Steroid glucuronide conjugates"
0.0186762155492674,-0.0121543020463035,0.00346282624100547,0.0060082303012436,0.022921436883648,"Com_4327_pos","α-Methylhistamine","C6 H11 N3",125.09617,1.217,126.10342,"Invalid mass","No results","No results","Organic nitrogen compounds","Organonitrogen compounds","Amines","Aralkylamines"
-0.000715687779746951,0.00538693027562836,-0.00179623115397957,0.00430962727458572,-0.00356582734873815,"Com_43281_pos","Chalcone","C15 H12 O",208.0905,6.847,209.09778,"Invalid mass","No results","No results","Phenylpropanoids and polyketides","Linear 1,3-diarylpropanoids","Chalcones and dihydrochalcones","Retrochalcones"
0.0303435452933971,0.00131895281898416,-0.0063997499202673,0.00735116339003745,0.0117121178690209,"Com_43289_neg","UDP-galactose","C15 H24 N2 O17 P2",566.05762,2.265,565.05034,"No results","No results","Full match","Nucleosides, nucleotides, and analogues","Pyrimidine nucleotides","Pyrimidine nucleotide sugars","Pyrimidine nucleotide sugars"
0.0296613844925863,0.00500762228680714,1.26167736278575e-07,0.00231057931540042,0.0122506207112185,"Com_43307_pos","Lysopa 18:0","C21 H43 O7 P",438.27461,5.011,439.28189,"No results","No results","Full match","Lipids and lipid-like molecules","Glycerophospholipids","Glycerophosphates","Monoalkylglycerophosphates"
0.0309894581395817,-0.0311219405250906,0.0648819113942918,0.0090172429045455,-0.0624176306347515,"Com_43312_pos","Resiniferatoxin","C37 H40 O9",628.26527,7.24,629.27255,"Full match","No results","No results","Lipids and lipid-like molecules","Prenol lipids","Diterpenoids","Rhamnofolane and daphnane diterpenoids"
0.032977205512263,0.0391257884592456,-0.000439105036253945,0.0100930976522933,0.0122067441579916,"Com_4339_pos","Spermine","C10 H26 N4",202.21663,1.092,203.22389,"Full match","Full match","Full match","Organic nitrogen compounds","Organonitrogen compounds","Amines","Dialkylamines"
0.0457602037446534,0.00887873369775219,0.0370966178998869,-0.00753655290748344,0.00843845121938766,"Com_4343_pos","WKK","C23 H36 N6 O4",230.13886,2.195,231.14613,"Invalid mass","No results","No results",NA,NA,NA,NA
0.0169337471786613,-0.0183682076081364,-0.00933515466538106,0.0332615581404411,-0.00377969276281872,"Com_4349_pos","2-[(3S)-1-(3-Chlorobenzyl)-3-pyrrolidinyl]-5-methyl-1,3-benzoxazole","C19 H19 Cl N2 O",309.09327,5.529,327.12711,"Invalid mass","No results","No results","Organoheterocyclic compounds","Benzoxazoles","Not available","Benzoxazoles"
0.0186983853729177,-0.00569194602466947,-0.0283142407196855,-0.00567306939718569,0.006220306908404,"Com_4357_pos","4-phenoxyphenyl 4-hydroxypiperidine-1-carboxylate","C18 H19 N O4",335.11765,6.058,336.12492,"Invalid mass","No results","No results",NA,NA,NA,NA
-0.00745597549113499,-0.0108070978178137,0.0029253928046195,-0.00548359642318483,-0.00772781830940186,"Com_43721_neg","Lauric acid ethyl ester","C14 H28 O2",228.21014,9.403,227.20286,"Invalid mass","No results","No results","Lipids and lipid-like molecules","Fatty Acyls","Fatty acid esters","Fatty acid esters"
0.0117772797226597,-0.0530637867592862,-0.0506535574674041,0.0191347501029609,-0.00333376754492143,"Com_437_neg","2-Furoylglycine","C7 H7 N O4",169.03776,4.508,168.03048,"Full match","No results","No results","Organic acids and derivatives","Carboxylic acids and derivatives","Amino acids, peptides, and analogues","N-acyl-alpha amino acids"
0.0215761522409363,-0.0120653195079192,-0.0138796531456939,-0.00476865633069047,-0.00254195098232767,"Com_438_pos","N-Acetyl-L-tyrosine","C11 H13 N O4",223.08561,5.212,224.0929,"Invalid mass","No results","No results","Organic acids and derivatives","Carboxylic acids and derivatives","Amino acids, peptides, and analogues","Tyrosine and derivatives"
0.000594639331129953,-0.00253003483835293,-0.00289563692465807,-0.0069489344215403,0.000684049127834159,"Com_43936_pos","TKK","C16 H33 N5 O5",375.2426,9.66,376.24988,"Invalid mass","No results","No results",NA,NA,NA,NA
0.00791749451306612,-0.0157647730360245,-0.0104877555885553,0.00368675276275811,-0.00570426955232404,"Com_43979_pos","Testosterone glucuronide","C25 H36 O8",464.24056,7.455,465.24783,"Full match","No results","No results","Lipids and lipid-like molecules","Steroids and steroid derivatives","Steroidal glycosides","Steroid glucuronide conjugates"
0.0183418502732945,-0.0165332761760866,0.0230958558476234,-0.041632821117864,0.0344752546387357,"Com_4399_pos","Benzamidine","C7 H8 N2",120.06896,5.341,258.17089,"No results","No results","Full match","Benzenoids","Benzene and substituted derivatives","Not available","Benzene and substituted derivatives"
0.015678439657908,-0.00558763911407158,0.00493921009104464,-0.000346122170022808,0.000682905205943182,"Com_44021_pos","Aflatoxin G1","C17 H12 O7",328.05907,6.51,329.06635,"Full match","No results","No results","Phenylpropanoids and polyketides","Coumarins and derivatives","Furanocoumarins","Difurocoumarolactones"
0.0327934909009042,0.00881573437919714,0.0266658747964273,-0.021885055982371,0.0216423462818619,"Com_4411_neg","L-Tyrosine","C9 H11 N O3",181.07405,2.504,180.06678,"Full match","Full match","Full match","Organic acids and derivatives","Carboxylic acids and derivatives","Amino acids, peptides, and analogues","Tyrosine and derivatives"
0.0364951500095464,-0.0211243506019759,-0.0123211769121501,-0.00275841508857416,0.0260336523148465,"Com_4411_pos","N2,N2-Dimethylguanosine","C12 H17 N5 O5",311.12164,4.907,312.12891,"No results","Full match","Full match","Nucleosides, nucleotides, and analogues","Purine nucleosides","Not available","Purine nucleosides"
0.00348773839174262,-0.0036040361126538,-0.00101077125163442,0.00109424888477532,0.00492965465801543,"Com_44150_pos","1-oxo-2,3-dihydro-1H-inden-4-yl benzoate","C16 H12 O3",252.07773,1.193,253.08501,"Full match","No results","No results",NA,NA,NA,NA
0.0183803542090541,-0.00955661196942394,0.00323314005740129,0.0114133542172336,-0.0298262751433204,"Com_44171_pos","7-(1H-pyrrol-1-yl)-5H-chromeno[2,3-b]pyridin-5-one","C16 H10 N2 O2",262.07571,7.075,263.08298,"Invalid mass","No results","No results",NA,NA,NA,NA
0.0206366692104014,-0.0144717644237538,0.00571532540150959,0.0315611152372752,0.0247640003251745,"Com_44218_pos","2-Aminobenzenesulfonamide","C6 H8 N2 O2 S",172.02996,5.652,173.03747,"No results","No results","Full match","Benzenoids","Benzene and substituted derivatives","Benzenesulfonamides","Aminobenzenesulfonamides"
-0.0144806253756692,-0.0252363100084144,0.00134764940082913,-0.0059856441362456,-0.00193204400401781,"Com_44225_neg","11(Z)-Eicosenoic acid","C20 H38 O2",356.29453,9.946,355.28725,"Invalid mass","No results","No results","Lipids and lipid-like molecules","Fatty Acyls","Fatty acids and conjugates","Long-chain fatty acids"
0.00150553500183802,0.000248752046258988,-0.00182212641086044,0.00452360684271349,0.0065052476174597,"Com_4422_pos","7-Hydroxycoumarine","C9 H6 O3",162.03257,6.262,163.03985,"Invalid mass","No results","No results","Phenylpropanoids and polyketides","Coumarins and derivatives","Hydroxycoumarins","7-hydroxycoumarins"
0.01898477807157,-0.0146101734266497,-0.00346947037015126,-0.00339006366851092,-0.00311588815880645,"Com_44264_pos","5-methoxy-8,8-dimethyl-2-phenyl-4H,8H-pyrano[2,3-h]chromen-4-one","C21 H18 O4",356.10427,6.477,357.11155,"Invalid mass","No results","No results",NA,NA,NA,NA
0.0478910857362733,0.0213020648286388,0.0164180161402287,-0.0108642299173104,-0.00275586089227957,"Com_4432_pos","7,8-Dihydrobiopterin","C9 H13 N5 O3",239.10288,2.131,240.11016,"Full match","Full match","No results","Organoheterocyclic compounds","Pteridines and derivatives","Pterins and derivatives","Biopterins and derivatives"
0.0173057404941782,-0.0109740042110663,-0.0299952187625115,-0.00920981543050388,0.00587987233565513,"Com_4433_neg","17(S)-HpDHA","C22 H32 O4",396.20137,5.801,395.1941,"Invalid mass","No results","No results","Lipids and lipid-like molecules","Fatty Acyls","Fatty acids and conjugates","Very long-chain fatty acids"
0.0231730345402673,-0.00402784242073705,0.0179091989058724,-0.000975811620262361,0.0202466929973825,"Com_44458_pos","Arginine","C6 H14 N4 O2",174.11282,1.399,387.18889,"No results","Invalid mass","No results","Organic acids and derivatives","Carboxylic acids and derivatives","Amino acids, peptides, and analogues","L-alpha-amino acids"
0.0256296027843456,-0.0088839747470779,0.00109407901465121,0.0153310859349139,0.0047768284735187,"Com_4448_neg","3-(4-chloroanilino)-2-(isopropylsulfonyl)acrylonitrile","C12 H13 Cl N2 O2 S",284.03703,5.026,283.02976,"Invalid mass","No results","No results",NA,NA,NA,NA
0.0186340842468018,-0.0127080374823778,0.00285896993935241,0.00631440559375356,-0.000208006626923397,"Com_44576_pos","ethyl 1-(3-nitro-2-thienyl)piperidine-4-carboxylate","C12 H16 N2 O4 S",266.07057,5.146,267.07779,"Invalid mass","No results","No results",NA,NA,NA,NA
0.000383874333088443,-0.0139389003379837,0.00827413060768185,-0.00178990278787487,0.0166834239079529,"Com_44707_neg","LysoPE 18:0","C23 H48 N O7 P",481.31865,9.24,480.31137,"No results","No results","Full match","Lipids and lipid-like molecules","Glycerophospholipids","Glycerophosphoethanolamines","1-acyl-sn-glycero-3-phosphoethanolamines"
0.0192707915833185,-0.0169191389500126,-0.00577032062184392,0.0127161129665533,0.0209472510762281,"Com_4483_pos","4-[4-(trifluoromethoxy)anilino]-2H-1,3-benzoxazin-2-one","C15 H9 F3 N2 O3",344.03897,5.266,345.04625,"Invalid mass","No results","No results",NA,NA,NA,NA
0.00875760926587311,-0.00442476572218664,0.00421259938932636,-0.032813352214564,-0.0269710096402978,"Com_44881_neg","Thromoboxane B1","C20 H36 O6",372.25249,7.619,371.24521,"Full match","No results","No results","Lipids and lipid-like molecules","Fatty Acyls","Eicosanoids","Thromboxanes"
-0.00643787687903152,-0.00746399983377111,-0.00781842457625676,-0.0184878289689562,0.00942541822051345,"Com_4492_neg","ST 27:1;O;S","C27 H46 O4 S",466.31443,11.127,465.30716,"No results","Invalid mass","No results",NA,NA,NA,NA
0.00554963470026548,-0.0222463507951852,-0.0173268498743802,-0.00269106038439588,-0.00819758529053132,"Com_4493_neg","Resorcinol","C6 H6 O2",110.0363,2.402,109.02903,"Full match","No results","Full match","Benzenoids","Phenols","Benzenediols","Resorcinols"
0.0179543237236361,-0.023491045817689,0.0439620951858148,-0.0356080952376291,-0.0480247448832958,"Com_4495_pos","Isoeugenyl acetate","C12 H14 O3",206.09903,5.877,207.10633,"Invalid mass","No results","No results",NA,NA,NA,NA
-0.0102866053801814,-0.0515202315713008,-0.00492892692608833,0.00485014766875889,0.0290630649410235,"Com_44962_pos","LPE 18:0","C23 H48 N O7 P",481.31971,10,482.32699,"No results","Invalid mass","No results","Lipids and lipid-like molecules","Glycerophospholipids","Glycerophosphoethanolamines","1-acyl-sn-glycero-3-phosphoethanolamines"
0.00943832926399569,-0.027318717403154,-0.00035462041803714,0.0195978082658852,0.0185707515468102,"Com_45002_pos","PC O-18:1","C26 H52 N O7 P",521.35105,9.176,522.35833,"No results","Invalid mass","No results",NA,NA,NA,NA
0.0178321436794446,-0.00721207181674601,0.0105657684558803,-0.0127920165460844,-0.0164276549385679,"Com_45027_pos","Heptadecanoic Acid","C17 H34 O2",292.24111,7.253,293.24838,"Invalid mass","No results","No results","Lipids and lipid-like molecules","Fatty Acyls","Fatty acids and conjugates","Long-chain fatty acids"
0.00799733598630901,-0.0154077051196957,-0.0200971769107968,-0.0154667679602719,-0.0142779645622644,"Com_45104_neg","3-(2-naphthyl)-5-(trifluoromethyl)-1H-pyrazole","C14 H9 F3 N2",262.0759,7.089,261.06862,"Invalid mass","No results","No results",NA,NA,NA,NA
0.0223835903112818,-0.0102193188467389,-0.026479403084142,0.00360004262096436,0.0142697728357672,"Com_45104_pos","1-[1,1'-biphenyl]-4-yl-2-(2-methyl-4-nitro-1H-imidazol-1-yl)-1-ethanol","C18 H17 N3 O3",345.10723,4.682,346.1145,"Invalid mass","No results","No results",NA,NA,NA,NA
0.0242387735495899,-0.000327739923776793,0.019830951941992,-0.0431175390965986,-0.003978926786291,"Com_4510_pos","N-Acetyl-S-allyl-L-cysteine","C8 H13 N O3 S",203.06265,5.527,204.06994,"Invalid mass","No results","No results","Organic acids and derivatives","Carboxylic acids and derivatives","Amino acids, peptides, and analogues","N-acyl-L-alpha-amino acids"
0.0298261394555191,0.00666154390205864,-0.00290153283518313,0.00446512783844446,0.0190319155583521,"Com_4522_pos","Ribulose-5-phosphate","C5 H11 O8 P",230.01948,4.946,231.02675,"No results","No results","Full match","Organic oxygen compounds","Organooxygen compounds","Carbohydrates and carbohydrate conjugates","Pentose phosphates"
-0.00542784796891363,-0.0158321058312566,0.00244662230963178,0.00325498648492342,0.00589908115841717,"Com_45276_pos","SPB 26:0;2O","C26 H55 N O2",413.42527,9.681,414.43255,"No results","Full match","No results",NA,NA,NA,NA
0.0190731525342183,-0.0131441160046207,-0.00447887568278638,0.00246259763268123,0.0110826144837708,"Com_45374_pos","Vitexin","C21 H20 O10",454.09225,5.164,455.09953,"Invalid mass","No results","No results","Phenylpropanoids and polyketides","Flavonoids","Flavonoid glycosides","Flavonoid 8-C-glycosides"
0.0553226891945088,0.0347074849889476,-0.0066595164579058,-0.0137721289848115,0.0114287564875187,"Com_4537_pos","gamma-Glutamyltyrosine","C14 H18 N2 O6",310.11764,4.918,311.12491,"No results","Full match","No results","Organic acids and derivatives","Carboxylic acids and derivatives","Amino acids, peptides, and analogues","Tyrosine and derivatives"
0.000384085863411167,-0.0117084936374692,0.0200149238976506,-0.00188136275159009,-0.0162634004833909,"Com_4538_neg","2-(Formylamino)Benzoic Acid","C8 H7 N O3",165.0427,5.705,164.03542,"No results","No results","Full match",NA,NA,NA,NA
0.033634376543136,0.012874943327906,0.0209063229408778,0.00950148376531681,-0.0147977466134271,"Com_4538_pos","N-{2-[(2-furylmethyl)thio]ethyl}-2-[(3-methoxyphenyl)thio]acetamide","C16 H19 N O3 S2",337.08077,3.218,338.08804,"Full match","No results","No results",NA,NA,NA,NA
0.00755955035623212,-0.00950853736199861,0.00322911367867539,-0.00219850893965068,-0.00818809676232139,"Com_45436_neg","α-Estradiol","C18 H24 O2",272.17976,7.191,271.17249,"Invalid mass","No results","No results","Lipids and lipid-like molecules","Steroids and steroid derivatives","Estrane steroids","Estrogens and derivatives"
0.0142212115440811,-0.00889196923667286,0.00170664130999724,0.00789361247359933,-0.01184950978977,"Com_45497_pos","6-O-Isobutyryl-alpha-D-glucopyranosyl alpha-D-glucopyranoside","C16 H28 O12",434.14522,6.992,435.1525,"Invalid mass","No results","No results",NA,NA,NA,NA
0.0252931430146674,-0.020830391727832,0.0211340530661256,0.00570490291315876,-0.0028445959248906,"Com_45510_pos","Sphingosine (d18:1)","C18 H37 N O2",339.27848,6.708,340.28595,"Invalid mass","No results","No match",NA,NA,NA,NA
-0.00628416185311439,-0.0739157901298743,0.0113371915791977,-0.00341304167038705,0.0259147909422635,"Com_4551_pos","6,6-dimethyl-4-piperidino-5,6-dihydro-2H-thiine-2-thione","C12 H19 N S2",241.09433,2.642,242.10161,"Invalid mass","No results","No results",NA,NA,NA,NA
0.0184468120120612,-0.00749729962086585,-0.00391606237307039,0.00815152506540522,-0.0200234097295223,"Com_45560_pos","U-44069","C21 H34 O4",372.22905,6.925,373.23633,"Invalid mass","No results","No match","Lipids and lipid-like molecules","Fatty Acyls","Eicosanoids","Prostaglandins and related compounds"
0.0202574386738711,-0.0115325297469049,0.00837410869880929,0.00100015321306091,0.00576744032153868,"Com_45623_pos","2-phenyl-4H-furo[2,3-h]chromen-4-one","C17 H10 O3",262.06383,6.096,263.07111,"Full match","No results","No results",NA,NA,NA,NA
0.0301265580550842,-0.0102039682008938,-0.0192358778810698,-0.013482303048489,-0.00559449770864868,"Com_4568_neg","Vitamin B2","C17 H20 N4 O6",376.13829,6.048,375.13097,"No results","No results","Full match","Organoheterocyclic compounds","Pteridines and derivatives","Alloxazines and isoalloxazines","Flavins"
0.0324191468680705,-0.0244494307293589,-0.0149386632808219,-0.0201140089532012,0.00999949909635318,"Com_4572_neg","4-(2-pyrimidinyl)-N-(2-thienyl)tetrahydro-1(2H)-pyrazinecarboxamide","C13 H15 N5 O S",289.09999,6.155,288.09271,"Full match","No results","No results",NA,NA,NA,NA
-0.0188822950618105,-0.074749166971729,-0.0195533177687791,-0.034036668304014,0.0257424915684559,"Com_4578_pos","trans-Zeatin","C10 H13 N5 O",219.11302,2.187,220.12029,"Full match","No results","No results","Organoheterocyclic compounds","Imidazopyrimidines","Purines and purine derivatives","6-alkylaminopurines"
0.010104835017377,-0.0154242795981742,0.00637053091868616,0.00623850318427763,-0.00148375432329628,"Com_4584_pos","N-Acetyl-L-leucine","C8 H15 N O3",173.1059,1.404,174.11317,"Full match","No results","Full match","Organic acids and derivatives","Carboxylic acids and derivatives","Amino acids, peptides, and analogues","Leucine and derivatives"
0.0154368509293592,-0.0382618379783728,-0.0702489932044618,0.0583433548665037,-0.0139271926147857,"Com_4592_pos","Emodin","C15 H10 O5",270.05409,6.449,271.06137,"Full match","No results","No results","Benzenoids","Anthracenes","Anthraquinones","Hydroxyanthraquinones"
0.038332282158773,0.0183085449410377,0.0164517751661936,0.0197329770519539,0.00653012949368671,"Com_4594_neg","L-Tyrosine methyl ester","C10 H13 N O3",195.08975,5.028,194.08247,"Full match","No results","Full match","Organic acids and derivatives","Carboxylic acids and derivatives","Amino acids, peptides, and analogues","Tyrosine and derivatives"
0.0287673517579828,0.00476964370841268,0.0133298582311882,0.00830868259184077,-0.0138618817071617,"Com_46003_neg","2-Hydroxy-1-(4-methoxyphenyl)propyl hexopyranoside","C16 H24 O8",344.14873,5.098,343.14145,"Full match","No results","No results",NA,NA,NA,NA
0.0214686265800228,-0.0242138686668711,0.0222423795904921,-0.00599364545551378,0.0158942575438623,"Com_4603_pos","Cantharidin","C10 H12 O4",196.07459,5.983,197.08187,"Invalid mass","No results","No results","Organoheterocyclic compounds","Furofurans","Not available","Furofurans"
0.0236832639904809,-0.0235906887033053,0.025068105430541,-0.0379240112204733,0.0302820689686697,"Com_4604_pos","(11E,15Z)-9,10,13-trihydroxyoctadeca-11,15-dienoic acid","C18 H32 O5",345.25312,6.097,346.2604,"Invalid mass","No results","No results",NA,NA,NA,NA
0.0161389431106251,-0.0503712101241937,-0.0495651848460354,0.0100766886227263,-0.0203138658877039,"Com_4606_pos","1-acetyl-N-(4-ethoxyphenyl)-4-piperidinecarboxamide","C16 H22 N2 O3",290.16446,5.486,291.17173,"Full match","No results","No results",NA,NA,NA,NA
0.0298745841566746,-0.0271743597825026,0.0262018380037589,-0.00367040755404507,0.0226048393564946,"Com_4614_neg","Androsterone glucuronide","C25 H38 O8",210.12615,6.85,465.25058,"Invalid mass","No results","No results","Lipids and lipid-like molecules","Steroids and steroid derivatives","Steroidal glycosides","Steroid glucuronide conjugates"
0.0293906006381531,0.0177760799794342,-0.00971045035460269,0.00607185524771581,-0.000143885621492441,"Com_4622_pos","2-(3,4-dimethoxyphenyl)ethanamine","C10 H15 N O2",181.11116,4.874,182.11847,"No results","No results","Full match",NA,NA,NA,NA
0.00795746785553597,-0.0417052705140126,0.0176155798764093,0.00837804289356655,0.0512721779420876,"Com_46235_pos","Palmitoylcarnitine","C23 H45 N O4",399.33742,7.767,400.3447,"Invalid mass","No results","No results","Lipids and lipid-like molecules","Fatty Acyls","Fatty acid esters","Acyl carnitines"
0.0148169119657748,-0.0138492126409356,0.014339159744779,-0.00265756003177516,0.0175097472089906,"Com_4624_neg","4-(2-((4-Methoxyphenyl)amino)oxazol-5-yl)benzonitrile","C17 H13 N3 O2",291.09697,1.391,290.08965,"Invalid mass","No results","No results","Organoheterocyclic compounds","Azoles","Oxazoles","Phenyl-1,3-oxazoles"
0.0173930707264909,-0.00573381740651561,-0.019185556386036,-0.0267718143750284,-0.028546287217409,"Com_4624_pos","2-(4-methylphenyl)-5-(3,4,5-trimethoxyphenyl)-2H-1,2,3,4-tetraazole","C17 H18 N4 O3",326.13565,6.474,327.14293,"Invalid mass","Invalid mass","No results",NA,NA,NA,NA
-0.000160007770760482,-0.0119295726377637,0.00771025886313284,0.000453657556172629,0.000950363455767423,"Com_4628_pos","Uracil","C4 H4 N2 O2",112.02806,1.596,113.03536,"Invalid mass","Invalid mass","No results","Organoheterocyclic compounds","Diazines","Pyrimidines and pyrimidine derivatives","Pyrimidones"
0.0195357283414366,-0.0142181979516391,0.0100423556308931,0.0122417643959034,0.0209515611713536,"Com_4634_pos","Obscurolide A1","C15 H17 N O5",313.09061,6.225,314.09788,"Invalid mass","No results","No results","Benzenoids","Benzene and substituted derivatives","Benzoic acids and derivatives","Aminobenzoic acids"
-0.020379747456099,-0.0443359259306677,0.0065318812212366,-0.000849962068098266,0.00617176400347511,"Com_46397_neg","11(E)-Eicosenoic Acid","C20 H38 O2",310.28892,11.271,309.28165,"Invalid mass","No results","No results","Lipids and lipid-like molecules","Fatty Acyls","Fatty acids and conjugates","Long-chain fatty acids"
0.0316943337801569,-0.00313597100477953,0.0316207287581646,0.0180799321183134,-0.0581922398492864,"Com_4639_pos","(2E)-3-phenyl-N-(2-phenylethyl)prop-2-enamide","C17 H17 N O",273.11253,5.115,274.11981,"Invalid mass","No results","No results",NA,NA,NA,NA
0.00551983026717394,-0.0149067628115277,-0.0198192095686455,0.0105205463538089,-0.0167290340224052,"Com_46404_pos","N1-{4-[(2-hydroxybenzoyl)amino]phenyl}-2-nitrobenzamide","C20 H15 N3 O5",399.07659,7.315,400.08386,"Invalid mass","No results","No results",NA,NA,NA,NA
0.0037485433875555,-0.0248560710959891,-0.00174239646669321,0.0147016456311657,0.0221977028411803,"Com_46427_neg","LPC 18:1","C26 H52 N O7 P",567.35719,9.22,566.34991,"No results","Invalid mass","No results","Lipids and lipid-like molecules","Glycerophospholipids","Glycerophosphocholines","Phosphocholines"
0.00143855961930801,-0.0291982384330131,0.00784301110436473,0.00335951488088486,0.0142063373964129,"Com_46432_pos","8-(2,3-dihydroxy-3-methylbutyl)-7-methoxy-2H-chromen-2-one","C15 H18 O5",316.07036,1.45,317.07763,"Invalid mass","No results","No results",NA,NA,NA,NA
-0.0107743920174319,-0.0416503412075055,0.00328539087198074,-0.00985874959533262,0.0148517317833681,"Com_46481_pos","2-Arachidonyl Glycerol ether","C23 H40 O3",364.29744,10.513,365.30472,"Full match","No results","No results","Lipids and lipid-like molecules","Endocannabinoids","Not available","Endocannabinoids"
0.00454835676825231,-0.0135266536108812,-0.0106163689378547,0.0359414610212054,0.0363551629120838,"Com_464_neg","2-Methylbutyl beta-D-glucopyranoside","C11 H22 O6",296.14884,5.23,295.14157,"Invalid mass","No results","No results",NA,NA,NA,NA
0.0238956578819315,-0.0207987290329906,0.0243667559541516,-0.0158728170907371,0.0225014084389794,"Com_46505_pos","Ingenol-3-angelate","C25 H34 O6",430.23784,8.033,431.24512,"Invalid mass","No results","No results","Lipids and lipid-like molecules","Prenol lipids","Diterpenoids","Tigliane and ingenane diterpenoids"
0.00647309124508519,0.0250116461831221,0.000375282686577618,0.0010915591353337,-0.00266816569715025,"Com_46604_pos","4-(4-methoxyphenyl)-2-(methylthio)pyrimidine","C12 H12 N2 O S",254.04791,6.509,255.05519,"Invalid mass","No results","No results",NA,NA,NA,NA
0.0226883488077425,-0.0138973585698195,-0.051481405014934,-0.0232617073184575,-0.0202953574750479,"Com_4662_pos","N-Acetyl-DL-valine","C7 H13 N O3",159.0912,5.296,341.17227,"No results","Invalid mass","No results","Organic acids and derivatives","Carboxylic acids and derivatives","Amino acids, peptides, and analogues","N-acyl-alpha amino acids"
0.00762529039979599,-0.0125422714268523,-0.0388809043860425,-0.00159019945430912,0.0364071831270209,"Com_4663_neg","L-Ascorbate","C6 H8 O6",176.03222,5.38,175.02498,"No results","No results","Full match","Organoheterocyclic compounds","Dihydrofurans","Furanones","Butenolides"
0.0174152327742572,-0.0136096331060006,0.0094087481716147,0.00272379024221661,0.00677735238140135,"Com_46642_pos","3,4-dihydroxy-4-(4-methoxyphenyl)-1,2,3,4-tetrahydroquinolin-2-one","C16 H15 N O4",267.09053,6.802,268.09781,"Invalid mass","No results","No results",NA,NA,NA,NA
0.0184368414328816,0.0180384487172314,0.00852131506615919,-0.0199693003395838,-0.0225881304631098,"Com_46648_neg","Trolox","C14 H18 O4",250.12166,7.44,249.11438,"Full match","No results","No results","Organoheterocyclic compounds","Benzopyrans","1-benzopyrans","1-benzopyrans"
0.0155915026806347,-0.0131384492247531,0.000365316830977319,0.00460755201103413,-0.00159159032417299,"Com_46659_neg","6-(2,4-dichlorophenyl)-1-methyl-7,8-dihydroimidazo[1,5-a]pyrazin-8-one","C13 H9 Cl2 N3 O",293.01256,5.704,292.00528,"Full match","No results","No results",NA,NA,NA,NA
0.0246050772941549,0.00279341174073724,-0.00629072129002081,0.00708990137840949,0.0072669600488392,"Com_46787_pos","(1E,4Z,6E)-5-hydroxy-1,7-bis(4-hydroxyphenyl)hepta-1,4,6-trien-3-one","C19 H16 O4",308.10221,4.819,309.10948,"Invalid mass","No results","No results",NA,NA,NA,NA
0.00882609211060425,-0.0186329906105518,-0.00516486317562358,0.0221613361715248,0.0368787098333206,"Com_46818_pos","PC O-20:4","C28 H50 N O7 P",543.33494,8.582,544.34222,"No results","Full match","Full match",NA,NA,NA,NA
0.0228807559249218,-0.014728747034225,-0.0734319951348621,0.0396706477200349,-0.0109272600331487,"Com_4684_neg","5,7-Dihydroxy-2-(3-hydroxy-4-methoxyphenyl)chroman-4-one","C16 H14 O6",302.08087,5.63,301.07359,"Invalid mass","No results","No results","Phenylpropanoids and polyketides","Flavonoids","O-methylated flavonoids","4'-O-methylated flavonoids"
0.0244382877528052,0.00318795890393807,-0.0207525597527761,-0.0135939704811828,0.00878391701836067,"Com_4691_pos","Carnosine","C9 H14 N4 O3",226.10777,1.267,227.11503,"Invalid mass","Invalid mass","No results","Organic acids and derivatives","Peptidomimetics","Hybrid peptides","Hybrid peptides"
0.0445895863849246,0.0226174667039105,0.00923217275871556,-0.0222212883751608,0.00172137058241876,"Com_46920_pos","Temazepam-d5","C16 H8 [2]H5 Cl N2 O2",305.10228,3.902,306.10956,"Invalid mass","No results","No results",NA,NA,NA,NA
0.0166712710744957,-0.0122458338190694,-0.00485814353265209,0.00875752302011839,0.00564854036882509,"Com_46930_neg","Cystamine","C4 H12 N2 S2",152.04374,5.922,151.03646,"No results","No results","Full match","Organosulfur compounds","Organic disulfides","Dialkyldisulfides","Dialkyldisulfides"
0.0162720060572089,-0.0088592726948922,0.0100423096753982,-0.00626307102067667,-0.0107453477061047,"Com_46995_neg","2-{2-[2,5-di(methoxycarbonyl)anilino]-2-oxoethoxy}acetic acid","C14 H15 N O8",325.08153,7.291,324.07425,"Invalid mass","No results","No results",NA,NA,NA,NA
0.0438565030498918,0.0182932726331837,0.014031443692362,-0.000914299163077063,0.0121820604515459,"Com_469_neg","cis-Aconitic acid","C6 H6 O6",174.01647,2.145,173.00919,"Full match","Full match","Full match","Organic acids and derivatives","Carboxylic acids and derivatives","Tricarboxylic acids and derivatives","Tricarboxylic acids and derivatives"
0.023598672411454,-0.0201473390441391,0.0250565514666438,0.0137524693202769,-0.0442337211006084,"Com_4700_pos","Phenylacetylglutamine","C13 H16 N2 O4",264.11229,5.609,265.11962,"No results","No results","Full match","Organic acids and derivatives","Carboxylic acids and derivatives","Amino acids, peptides, and analogues","N-acyl-alpha amino acids"
0.0114555141149914,-0.0154888823563836,-0.000603408320817175,0.00566559987298496,0.00426887612047322,"Com_47047_pos","L-Canavanine","C5 H12 N4 O3",176.09174,5.326,177.09901,"No results","No results","Full match","Organic acids and derivatives","Carboxylic acids and derivatives","Amino acids, peptides, and analogues","L-alpha-amino acids"
0.0182562916680384,-0.017437375822969,0.0138245125197958,-0.0084075138811904,0.0108061830944978,"Com_4704_pos","Sulcatol","C8 H16 O",128.12074,6.476,129.12801,"Full match","No results","No results","Lipids and lipid-like molecules","Fatty Acyls","Fatty alcohols","Fatty alcohols"
0.00693188111211394,-0.00508769621882351,-0.0120297015901718,0.00664560516731331,-0.0124635033140582,"Com_47131_neg","All trans-Retinal","C20 H28 O",284.21535,7.996,283.20807,"No results","No results","Full match","Lipids and lipid-like molecules","Prenol lipids","Retinoids","Retinoids"
-0.0145236000160944,-0.0222445758383684,-0.000455388480175696,0.00722282188725755,-0.0021761057930496,"Com_47151_neg","Arachidic acid","C20 H40 O2",312.30454,11.453,311.29727,"Invalid mass","No results","No results","Lipids and lipid-like molecules","Fatty Acyls","Fatty acids and conjugates","Long-chain fatty acids"
0.0154265681802189,-0.0143829319357796,-0.0159954490785453,-0.0130158186449247,-0.0140689208447515,"Com_4715_neg","2-Phenylpropionic acid","C9 H10 O2",150.0679,5.514,149.06042,"No results","No results","Full match","Phenylpropanoids and polyketides","Phenylpropanoic acids","Not available","Phenylpropanoic acids"
-0.00319004703395048,-0.0173851121784478,-0.0148512953003094,0.00870980768331509,-0.0556643211146254,"Com_4720_neg","(2S)-4-Oxo-2-phenyl-3,4-dihydro-2H-chromen-7-yl beta-D-glucopyranoside","C21 H22 O8",448.14414,7.01,447.13687,"Invalid mass","No results","No results",NA,NA,NA,NA
0.0192641788049385,-0.0092307889622736,-0.00213439606097742,-0.000320473007675397,0.0084598224574504,"Com_47215_pos","NVP-231","C25 H25 N3 O2 S",431.16033,5.131,432.1676,"Invalid mass","No results","No results","Organoheterocyclic compounds","Benzothiazoles","Not available","Benzothiazoles"
0.00634464141843278,-0.00291965857162514,0.00809226388437027,0.00083151148419594,-0.0101926692376191,"Com_4724_pos","3-Hydroxyanthranilic acid","C7 H7 N O3",153.04327,5.062,154.0506,"Full match","Full match","Full match","Benzenoids","Benzene and substituted derivatives","Benzoic acids and derivatives","Hydroxybenzoic acid derivatives"
0.0155156379665708,0.00182990097454375,0.00307121768128499,-0.000381625792304922,0.00880015301444462,"Com_47307_neg","Thymidine 3,5-cyclic monophosphate","C10 H13 N2 O7 P",304.04709,1.406,303.03981,"No results","No results","Full match",NA,NA,NA,NA
0.0187907123229421,-0.00560229372561833,0.00219659269428285,-0.00222487098710742,0.0174786650443315,"Com_47377_pos","N1-methyl-5-methoxy-2-({2-[(methylamino)carbonyl]phenyl}thio)benzamide","C17 H18 N2 O3 S",368.0562,4.836,369.06348,"Invalid mass","No results","No results",NA,NA,NA,NA
0.0154242143282165,0.00541724916951677,-0.0079357371616827,0.0052411516729036,0.0289553185967157,"Com_4739_pos","N-(1-benzyl-4-piperidinyl)-4-(1H-pyrazol-1-yl)benzamide","C22 H24 N4 O",398.1577,5.784,399.16495,"Invalid mass","No results","No results",NA,NA,NA,NA
0.0129863489170026,-0.0171602970205686,0.00482215986927295,-0.0103598582672795,-0.0375942546568395,"Com_4740_neg","11-keto Testosterone (CRM)","C19 H26 O3",348.1956,6.494,347.18832,"Invalid mass","No results","No results",NA,NA,NA,NA
0.00585730789999507,-0.00495701130948312,-0.034835972550715,-0.0219147159719857,-0.00841089846028445,"Com_4745_neg","3-Coumaric acid","C9 H8 O3",164.04752,5.624,163.04016,"Full match","No results","Full match","Phenylpropanoids and polyketides","Cinnamic acids and derivatives","Hydroxycinnamic acids and derivatives","Hydroxycinnamic acids"
0.0346175793664829,0.00602602657381526,0.00195995886204895,-0.00416795013337187,0.00253570554308174,"Com_4749_neg","Dopamine","C8 H11 N O2",153.07884,2.579,152.07156,"Full match","Full match","Full match","Benzenoids","Phenols","Benzenediols","Catecholamines and derivatives"
0.025108963389297,-0.0157398481465735,-0.00853986474317859,0.00283361304939019,0.0299194416018158,"Com_4749_pos","N-(4-fluorophenyl)-N'-(2-piperidinophenyl)urea","C18 H20 F N3 O",335.13831,5.423,336.14559,"Invalid mass","No results","No results",NA,NA,NA,NA
0.0130309519103212,-0.0143492346049619,0.00581911751106543,-0.0115624273596673,-0.00727005375656775,"Com_47515_pos","Lysopc 18:1","C26 H52 N O7 P",521.34975,7.21,522.35702,"No results","No results","Full match","Lipids and lipid-like molecules","Glycerophospholipids","Glycerophosphocholines","Phosphocholines"
0.000188962110565535,-0.00715913596514937,-0.00307106905537232,0.00054266688567928,0.0190344100782916,"Com_47602_neg","SHexCer 41:2;2O","C47 H89 N O11 S",875.62237,1.246,874.6148,"No results","Invalid mass","No results",NA,NA,NA,NA
-0.000342666457399107,-0.0019431970327421,0.00224675543218943,-0.000433250689980475,0.00424871706306918,"Com_47605_pos","Oleic acid","C18 H34 O2",282.25762,7.947,283.26489,"Invalid mass","No results","No results","Lipids and lipid-like molecules","Fatty Acyls","Fatty acids and conjugates","Long-chain fatty acids"
-0.00692143149058072,-0.0218148849823532,0.00504237726364661,0.00277464001563833,0.00558888185823226,"Com_47612_pos","SPB 24:0;2O","C24 H51 N O2",385.39387,9.218,386.40115,"No results","Full match","No results",NA,NA,NA,NA
-0.015383270343927,-0.0251677829150105,-0.00390336477339519,0.00188292577831175,0.00172600047555669,"Com_4768_pos","Oleamide","C18 H35 N O",281.27328,9.691,282.28051,"Invalid mass","No results","No results","Lipids and lipid-like molecules","Fatty Acyls","Fatty amides","Fatty amides"
0.0257354508450684,-0.0145575322634986,-0.00504177409552863,0.0383641726158502,0.0218092720114349,"Com_4770_pos","UR-144 N-(5-Bromopentyl) analog","C21 H28 Br N O",411.11454,5.63,412.12182,"Invalid mass","No results","No results","Organoheterocyclic compounds","Indoles and derivatives","N-alkylindoles","N-alkylindoles"
0.013386701809446,-0.00621758228872488,0.00886005051562513,-0.0022682172387927,0.00675412702414678,"Com_47735_neg","1,5,8-Trihydroxy-9-oxo-9H-xanthen-3-yl beta-D-glucopyranoside","C19 H18 O11",422.08088,6.546,421.07406,"Invalid mass","No results","No match",NA,NA,NA,NA
0.00269141361166766,-0.0112134022479174,-0.00579079740610136,0.00768964628738692,0.000738518368009124,"Com_47788_neg","dCDP","C9 H15 N3 O10 P2",387.02141,5.7,386.01413,"No results","No results","Full match","Organic oxygen compounds","Organic oxoanionic compounds","Organic pyrophosphates","Organic pyrophosphates"
0.0195051276292352,-0.00881629755452554,-0.00183940218749316,0.00648944866857691,0.0175790275151224,"Com_47884_pos","Lysopc 14:0","C22 H46 N O7 P",467.30174,5.177,468.30901,"No results","No results","Full match","Lipids and lipid-like molecules","Glycerophospholipids","Glycerophosphocholines","1-acyl-sn-glycero-3-phosphocholines"
0.0290812280174111,0.00625815525706587,-0.00145137352103842,0.0076594502856078,0.00996553227496282,"Com_47934_pos","3-Hydroxyropivacaine","C17 H26 N2 O2",290.20059,5.007,291.20787,"Full match","No results","No results","Organic acids and derivatives","Carboxylic acids and derivatives","Amino acids, peptides, and analogues","Alpha amino acid amides"
0.018786559870342,-0.0117602598394061,-0.0107103204743401,-0.00499883658222634,-0.00203242527681825,"Com_4793_pos","1-(1,3-benzodioxol-5-yl)-2-[4-(9H-fluoren-9-yl)piperazino]-1-ethanone","C26 H24 N2 O3",412.17409,6.213,413.18137,"Invalid mass","No results","No results",NA,NA,NA,NA
-0.0090716837342352,-0.0179581168542,0.0125144496229305,-0.00741210962005544,0.0158200072529264,"Com_48083_pos","Methylbenzethonium chloride","C28 H43 N O2",426.33483,10.271,427.3421,"Invalid mass","No results","No results",NA,NA,NA,NA
0.0274449434865668,-0.0197410634966688,0.0202409496108183,0.0110135405509446,0.0615459399068194,"Com_48117_pos","CAR 18:4","C25 H42 N O4",419.30545,7.166,420.31273,"No results","Invalid mass","No results",NA,NA,NA,NA
0.0095679409674467,-0.026844289429182,0.00294508706575851,-0.0091541345701347,-0.00503301543300037,"Com_4812_pos","3-Ureidopropionic acid","C4 H8 N2 O3",132.05424,1.544,133.06147,"Invalid mass","Invalid mass","No results","Organic acids and derivatives","Organic carbonic acids and derivatives","Ureas","Ureas"
0.0247879206675726,-0.020645092392266,0.0361387586771564,0.0281117933553329,-0.0524813317938203,"Com_4814_neg","Indoxylsulfuric acid","C8 H7 N O4 S",213.01041,5.76,212.00313,"No results","No results","Full match","Organic acids and derivatives","Organic sulfuric acids and derivatives","Arylsulfates","Arylsulfates"
0.0282289759521481,0.0175219814281038,-0.0117757115995185,0.00706743861997377,0.004298269230575,"Com_4819_neg","o-Toluic Acid","C8 H8 O2",136.05232,4.918,181.05073,"No results","No results","Full match",NA,NA,NA,NA
0.0142520543702829,-0.0194521157532085,0.0109438962286003,0.0179952758323563,0.0604658425813914,"Com_48248_pos","CAR 18:2","C25 H46 N O4",423.33638,7.576,424.34366,"No results","Invalid mass","No results",NA,NA,NA,NA
0.0172842717903381,-0.00540191445788125,-0.0176077649592973,-0.0165905918225704,-0.04736336672306,"Com_4824_pos","Glycitein","C16 H12 O5",284.06991,5.334,285.07719,"Invalid mass","Invalid mass","No results","Phenylpropanoids and polyketides","Isoflavonoids","Isoflav-2-enes","Isoflavones"
0.0155179970493192,-0.0150098055307121,0.0012980440112903,0.0055570219727082,0.0022251008504145,"Com_48257_neg","Epinephrine bitartrate","C13 H19 N O9",333.10548,6.222,332.09821,"No results","No results","Full match","Benzenoids","Phenols","Benzenediols","Catechols"
0.0163207613572877,0.00570926398857509,0.013259418079106,-0.0145529541336832,-0.00133400094594764,"Com_4826_pos","cis-4-Hydroxy-D-proline","C5 H9 N O3",131.05888,4.841,132.06615,"Full match","Full match","Full match","Organic acids and derivatives","Carboxylic acids and derivatives","Amino acids, peptides, and analogues","Proline and derivatives"
0.00793824661326418,-0.00866057674947437,-0.00559752910855219,0.004105630267396,-0.00228124279543117,"Com_48364_pos","5,6-dimethoxy-2-(2-methoxyphenyl)-4H-chromen-4-one","C18 H16 O5",334.08364,6.339,335.09091,"Invalid mass","No results","No results",NA,NA,NA,NA
0.00328183066545572,-0.0250884088487526,-0.00700094933841481,-0.0282032355214897,-0.0230559968698227,"Com_48405_pos","3-(3-morpholinopropyl)-2-(2-pyridinyl)-2,3-dihydro-4(1H)-quinazolinone","C20 H24 N4 O2",352.1884,7.305,353.19568,"Full match","No results","No results",NA,NA,NA,NA
0.0112721708347567,0.0238682226767244,0.00117978595782097,-0.00760734668879187,-0.00870486495572231,"Com_48492_pos","2-[(5-anilino-4-phenyl-4H-1,2,4-triazol-3-yl)thio]acetic acid","C16 H14 N4 O2 S",326.08769,7.739,327.09496,"Invalid mass","No results","No results",NA,NA,NA,NA
0.0140276819672604,-0.00880487860742829,0.0317901409561252,-0.00577426060131972,-0.0370733216318468,"Com_48502_pos","Sodium cholate","C24 H39 Na O5",430.27138,6.982,431.27866,"No results","No results","Full match","Lipids and lipid-like molecules","Steroids and steroid derivatives","Bile acids, alcohols and derivatives","Trihydroxy bile acids, alcohols and derivatives"
0.0186074922292436,-0.0142942996189871,0.00136486119883838,0.00265436757848859,-0.00237229369556744,"Com_48585_pos","5-[3-(2-Chloro-4-fluorobenzyl)-1,2,4-oxadiazol-5-yl]-3-pyrrolidinol","C13 H13 Cl F N3 O2",297.06828,6.251,298.07556,"Full match","No results","No results","Benzenoids","Benzene and substituted derivatives","Halobenzenes","Fluorobenzenes"
-0.00290906386411081,-0.00585022720125005,0.00417571299915068,0.000617255760566261,0.0114620761546361,"Com_48627_pos","MAG (18:2)","C21 H38 O4",354.27602,10.2,355.28329,"No results","No results","Full match","Lipids and lipid-like molecules","Fatty Acyls","Lineolic acids and derivatives","Lineolic acids and derivatives"
0.013422464629101,-0.0121677668119923,-0.00603986308320093,0.00249128533671905,-0.00341018033379444,"Com_48628_pos","PDMP","C23 H38 N2 O3",390.29018,6.307,391.29745,"Full match","No results","No results","Organic nitrogen compounds","Organonitrogen compounds","Amines","Aralkylamines"
0.0241756570230387,-0.00667492203541402,0.0123620662339937,0.0160800696856364,-0.0242000562151269,"Com_4865_pos","6-phenyl-1,2,3,4-tetrahydro-2,5-benzodiazocin-1-one","C16 H14 N2 O",105.05885,5.169,106.06599,"Invalid mass","No results","No results",NA,NA,NA,NA
0.0231748396381419,-0.0149604452062566,-0.00996301922082878,-0.00758758569257149,-0.0231772330297181,"Com_4869_pos","Enalaprilat","C18 H24 N2 O5",348.16984,5.552,349.17701,"Full match","Full match","No results","Organic acids and derivatives","Carboxylic acids and derivatives","Amino acids, peptides, and analogues","Dipeptides"
0.0174272629965381,0.0217926355283222,0.00907274669265889,0.0123394965417385,-0.0176164643083756,"Com_48700_pos","2-(methylthio)-5-[(5-nitro-1,3-thiazol-2-yl)thio]-1,3,4-thiadiazole","C6 H4 N4 O2 S4",291.9216,1.164,292.92897,"Full match","No results","No results",NA,NA,NA,NA
-0.0377779993159721,-0.0690913545150362,-0.00027635480637511,0.0021827976520084,0.0101085646392604,"Com_48712_pos","gamma-Tocopherol","C28 H48 O2",416.36343,10.129,417.37071,"No results","No results","Full match","Lipids and lipid-like molecules","Prenol lipids","Quinone and hydroquinone lipids","Tocopherols"
-0.0158466540984452,-0.0296570894322516,0.000276594800748063,0.00332602817881497,0.010746249677494,"Com_48718_pos","dihydrotachysterol","C28 H46 O",398.35295,8.911,399.36023,"No results","No results","Full match","Lipids and lipid-like molecules","Steroids and steroid derivatives","Vitamin D and derivatives","Vitamin D and derivatives"
0.0183542261222148,-0.0113502660251248,0.00790618665997057,-0.0157286796191113,0.0187416100874833,"Com_48879_pos","ethyl 2-[(4-ethoxyanilino)carbothioyl]-3-(propylamino)-2-butenoate","C18 H26 N2 O3 S",350.1617,6.595,351.16898,"Invalid mass","No results","No results",NA,NA,NA,NA
0.0390138195206779,0.0225807500098604,-0.0063921786323703,0.121572177601878,0.0207799406798416,"Com_488_pos","Atropine","C17 H23 N O3",289.16891,5.344,290.17618,"Full match","No results","No results","Alkaloids and derivatives","Tropane alkaloids","Not available","Tropane alkaloids"
0.0166736546019698,0.00750660300955462,-0.00453462648110312,0.00394381186272359,0.00135512028940016,"Com_48904_pos","3-[1-(phenylsulfonyl)-2-pyrrolidinyl]pyridine","C15 H16 N2 O2 S",288.08995,3.907,289.09723,"Invalid mass","No results","No results",NA,NA,NA,NA
0.00807873666909999,-0.00366944138794211,0.00122677586858986,-0.00156831861640078,0.00125197088151754,"Com_48912_pos","cis-7-Hexadecenoic Acid","C16 H30 O2",254.2256,7.422,237.22234,"No results","No results","Full match","Lipids and lipid-like molecules","Fatty Acyls","Fatty acids and conjugates","Long-chain fatty acids"
0.0100280069411758,-0.0192336883125214,0.0440767489089882,-0.0234594222820071,-0.0912908655094169,"Com_4894_neg","3-(2-Hydroxyethyl)indole","C10 H11 N O",161.08417,5.694,160.07683,"Full match","No results","No results","Organoheterocyclic compounds","Indoles and derivatives","Indoles","3-alkylindoles"
-0.00140699379003968,0.00271303552607798,-0.000505626521640159,-0.0101859102026879,-0.003635175930439,"Com_49127_pos","Sodium [dodecanoyl(methyl)amino]acetate","C15 H29 N O3",271.2158,7.8,272.22302,"Full match","Full match","No results",NA,NA,NA,NA
-0.0272471159737145,-0.0475158220287328,0.0055189967912663,-0.00412336857347918,0.00989226478909121,"Com_49158_pos","Dihomo-γ-linolenic acid methyl ester","C21 H36 O2",337.2975,7.272,338.30478,"Invalid mass","No results","No results","Lipids and lipid-like molecules","Fatty Acyls","Fatty acid esters","Fatty acid methyl esters"
0.0232938808121115,-0.0183049541113024,-0.0223889505734911,-0.0400460669258182,-0.0152004829250178,"Com_4918_pos","Tramadol N-Oxide","C16 H25 N O3",279.18479,5.629,280.19211,"Full match","No results","No results","Benzenoids","Phenol ethers","Anisoles","Anisoles"
0.0173019384416324,-0.00924543353420734,0.0148268550169359,0.00206452069685038,0.0134672102040222,"Com_4924_pos","N8-Acetylspermidine","C9 H21 N3 O",187.16961,1.25,188.17689,"Invalid mass","Invalid mass","No results","Organic acids and derivatives","Carboximidic acids and derivatives","Carboximidic acids","Carboximidic acids"
0.0095723769766189,-0.0209630250357776,-0.0180885992107152,-0.0098181454597718,0.00511334986432994,"Com_4931_pos","3-methyl-4-nitrobenzene-1-carbohydrazide","C8 H9 N3 O3",195.06547,5.112,196.07275,"Invalid mass","No results","No results",NA,NA,NA,NA
0.0306935390604104,0.00224446720662429,0.0153429959990541,0.0146662919780872,0.00519181134820345,"Com_4940_neg","Thymidine 3',5'-cyclic monophosphate","C10 H13 N2 O7 P",304.04857,5.076,303.04129,"Invalid mass","No results","No results","Organoheterocyclic compounds","Diazines","Pyrimidines and pyrimidine derivatives","Pyrimidones"
0.00438928270523843,0.00253421521170297,0.000510304481973731,-0.0116424428026641,-0.00288550941148251,"Com_49504_pos","2,5-bis(4-hydroxy-3-methoxyphenyl)-3,4-dimethyloxolan-3-ol","C20 H24 O6",342.14195,7.495,343.14923,"Invalid mass","No results","No results",NA,NA,NA,NA
-0.0105561944548968,-0.0250728102354137,0.00668971309981903,-0.00438328914097812,0.00926475499466396,"Com_49573_pos","Orlistat","C29 H53 N O5",512.40862,11.541,513.41589,"Invalid mass","No results","No results","Organic acids and derivatives","Carboxylic acids and derivatives","Amino acids, peptides, and analogues","Leucine and derivatives"
0.0308555985714478,-0.0258360420278678,0.00950672913267429,-0.053052852380778,0.0397228899140696,"Com_4961_pos","CAR 13:0","C20 H40 N O4",357.28958,6.879,358.29685,"No results","Invalid mass","No results",NA,NA,NA,NA
0.0200108852879192,-0.00833678063650491,-0.00188251878842773,-0.0146465011895221,0.00275089743184526,"Com_4963_neg","4-Chlorophenol","C6 H5 Cl O",128.00257,6.072,126.99529,"Full match","No results","No results","Benzenoids","Phenols","Halophenols","P-chlorophenols"
0.025031687076402,-0.00190836754871016,0.0177670691070815,0.00801808538791597,0.0157169490769674,"Com_49658_pos","5-Hydroxyindoleacetate","C10 H9 N O3",191.06311,5.304,192.06984,"No results","Invalid mass","No results","Organoheterocyclic compounds","Indoles and derivatives","Indolyl carboxylic acids and derivatives","Indole-3-acetic acid derivatives"
0.0206381099456405,-0.0183570559807364,0.00216859224932468,-0.00799040538190071,-0.0146725215533954,"Com_4965_neg","Hydrocinnamic acid","C9 H10 O2",150.0684,5.721,149.0608,"Full match","No results","Full match","Phenylpropanoids and polyketides","Phenylpropanoic acids","Not available","Phenylpropanoic acids"
-0.0198035621648591,-0.029552746005903,0.0108315755162905,-0.00519131329657526,-0.00498247526737371,"Com_49731_neg","MGDG O-24:4_16:0","C49 H88 O9",880.67903,10.225,879.67175,"No results","Invalid mass","No results",NA,NA,NA,NA
0.017365594250383,-0.0143531869755887,0.0244013954393499,0.00132559012189322,-0.0220741643261157,"Com_49787_pos","Lysope 16:0","C21 H44 N O7 P",453.28754,6.307,454.29481,"No results","No results","Full match","Lipids and lipid-like molecules","Glycerophospholipids","Glycerophosphoethanolamines","1-(1Z-alkenyl)-glycero-3-phosphoethanolamines"
0.0139985287338002,-0.00724242356150321,0.00715789094642677,0.00694826627602013,0.0108693374909951,"Com_49874_pos","Taurodeoxycholic Acid","C26 H45 N O6 S",521.2813,7.227,522.28857,"Invalid mass","No results","No results","Lipids and lipid-like molecules","Steroids and steroid derivatives","Bile acids, alcohols and derivatives","Taurinated bile acids and derivatives"
0.0144272733656348,-0.0133457207759649,-0.00304325391911844,-0.00478216231525899,0.00625436369980705,"Com_49938_neg","Adenosine 5'-Diphosphate","C10 H15 N5 O10 P2",427.0291,6.456,426.02182,"No results","No results","Full match","Nucleosides, nucleotides, and analogues","Purine nucleotides","Purine ribonucleotides","Purine ribonucleoside diphosphates"
0.0134252738662389,-0.0100269014482386,0.019590915327957,-0.00896169898585705,0.0367763274637991,"Com_4996_neg","6-Hydroxymelatonin","C13 H16 N2 O3",248.11686,5.565,229.09898,"No results","No results","Full match","Organoheterocyclic compounds","Indoles and derivatives","Hydroxyindoles","Hydroxyindoles"
0.0205602225830299,-0.00760343644569051,-0.00196771208784571,0.0063179248989744,0.00691253385684994,"Com_49980_pos","4-methylphenyl 1-ethyl-3-methyl-1H-pyrazole-5-carbothioate","C14 H16 N2 O S",260.09673,5.104,261.104,"Invalid mass","No results","No results",NA,NA,NA,NA
0.0278027017475064,-0.0258170426052643,0.023629696023742,-0.0123911179887363,0.0321306798172727,"Com_4999_pos","2-ethyl-2-(3-methoxyphenyl)cyclohexanone oxime","C15 H21 N O2",247.15644,6.815,533.27417,"Full match","No results","No results",NA,NA,NA,NA
0.0269924576500748,-0.0155713797668562,0.0365117103385771,0.0220404943330351,-0.0629053201046367,"Com_4_neg","3-Indoxyl sulphate","C8 H7 N O4 S",213.01009,5.169,212.00281,"Full match","Full match","Full match","Organic acids and derivatives","Organic sulfuric acids and derivatives","Arylsulfates","Arylsulfates"
0.0166380803722641,-0.00756108456639916,0.00987551104073931,0.00307878038237844,-0.00483940577575291,"Com_50018_pos","2-(3,4-dimethoxyphenyl)quinoline","C17 H15 N O2",287.09307,6.596,288.10034,"Invalid mass","No results","No results",NA,NA,NA,NA
-0.000295928026793544,0.000985809847240814,0.000191704735571626,-0.000948456156160709,0.000965497107650937,"Com_5005_neg","4-Nitrophenol","C6 H5 N O3",139.0265,0.196,138.01922,"Full match","No results","Full match","Benzenoids","Phenols","Nitrophenols","Nitrophenols"
0.0101528949321836,-0.0121951883828986,0.0175400743056929,0.000689108744224062,0.00858601817217268,"Com_50073_pos","N-(2,5-diethoxy-4-morpholinophenyl)thiophene-2-carboxamide","C19 H24 N2 O4 S",376.15132,7.169,377.1586,"Invalid mass","No results","No results",NA,NA,NA,NA
0.00473433485844674,-0.00155769650756531,0.00129265567463095,0.00287316002725186,0.00966402171842489,"Com_50144_pos","ethyl 3-cyano-6-methyl-2-(phenylthio)isonicotinate","C16 H14 N2 O2 S",138.04509,1.318,299.07932,"Invalid mass","No results","No results",NA,NA,NA,NA
-0.0170289243484619,-0.0284940440105898,0.000705272377611409,-0.00114880785480712,-0.0005974530945462,"Com_50146_pos","Palmitoyl ethanolamide","C18 H37 N O2",299.28365,7.917,300.29092,"Full match","No results","Full match","Organic acids and derivatives","Carboximidic acids and derivatives","Carboximidic acids","Carboximidic acids"
0.0196113209656531,-0.00672447509854172,-0.00748641004710288,0.00321710662790933,0.00988523756386504,"Com_50175_pos","Prostaglandin F2α-1-glyceryl ester","C23 H40 O7",900.52011,5.096,451.26733,"Invalid mass","No results","No results","Lipids and lipid-like molecules","Fatty Acyls","Eicosanoids","Prostaglandins and related compounds"
0.0135074274596436,-0.0067450465205601,-0.0109900139832349,0.00569132107127441,0.00931700321264651,"Com_5027_neg","Homovanillic acid","C9 H10 O4",182.05817,4.723,181.05089,"No results","No results","Full match","Benzenoids","Phenols","Methoxyphenols","Methoxyphenols"
0.00425487579284983,-0.000235157673807663,0.0004600924389396,-0.00326920992151254,0.00786094746012891,"Com_50325_pos","Lapatinib Ditosylate","C29 H26 Cl F N4 O4 S",580.13573,7.385,581.14301,"No results","No results","Full match",NA,NA,NA,NA
0.0152882266477035,-0.0070828105972935,0.00859060725488545,0.00769890822380074,-0.00375125396472211,"Com_5034_neg","4-Hydroxybenzoic acid","C7 H6 O3",138.03148,3.508,137.0242,"Full match","No results","Full match","Benzenoids","Benzene and substituted derivatives","Benzoic acids and derivatives","Hydroxybenzoic acid derivatives"
0.0201345587648805,-0.0136096164198195,-0.0113743613730385,0.0159975452064641,0.0046447138948856,"Com_50352_pos","6-(2,3-dihydro-1,4-benzodioxin-6-yl)-2-mercaptonicotinonitrile","C14 H10 N2 O2 S",292.03252,5.898,293.03979,"Invalid mass","No results","No results",NA,NA,NA,NA
0.0247766501644952,-0.0168975313366625,-0.0622346173900493,0.0448028469370446,-0.0293488282025451,"Com_5035_pos","Eriodictyol","C15 H12 O6",288.06475,5.572,289.07213,"Full match","No results","No results","Phenylpropanoids and polyketides","Flavonoids","Flavans","Flavanones"
0.0191994321879707,-0.0071113562628901,0.00601495385494692,0.0138724458902537,-0.0201377975553052,"Com_5040_pos","WLK","C23 H35 N5 O4",427.25817,5.342,428.26544,"Invalid mass","No results","No results",NA,NA,NA,NA
0.0108660301810371,-0.00619369051717809,0.00558419843971552,-0.0200312705575053,-0.010251250943907,"Com_5043_pos","5-Phenylvaleric Acid","C11 H14 O2",178.10025,6.054,179.10757,"No results","No results","Full match","Lipids and lipid-like molecules","Fatty Acyls","Fatty acids and conjugates","Medium-chain fatty acids"
0.0436632998014811,0.0412461822951349,0.0153943602332831,0.0285680490100853,-0.0299058406686303,"Com_505_neg","Asp-Phe","C13 H16 N2 O5",280.10718,4.905,279.0999,"No results","No results","Full match","Organic acids and derivatives","Carboxylic acids and derivatives","Amino acids, peptides, and analogues","Peptides"
0.0166590240977376,-0.0250533944219813,-0.00737971043287061,0.0209430931630512,-0.0020807633818827,"Com_505_pos","5-(sec-butyl)-2-hydroxybenzaldehyde N-phenylhydrazone","C17 H20 N2 O",268.15886,5.48,269.16614,"Full match","No results","No results",NA,NA,NA,NA
0.0209337547236464,-0.0345129121579865,-0.017961699175973,-0.00899175583206856,-0.0100885917354776,"Com_5060_neg","L-Homocystine","C8 H16 N2 O4 S2",536.10585,5.263,267.04565,"Invalid mass","No results","No results","Organic acids and derivatives","Carboxylic acids and derivatives","Amino acids, peptides, and analogues","L-alpha-amino acids"
0.086376826273413,0.0808802036514473,-0.00159808171350651,-0.000351317461733654,0.00655190139286712,"Com_5061_pos","7-Aminoflunitrazepam-d7","C16 H7 [2]H7 F N3 O",290.15738,4.955,291.16466,"Full match","No results","No results",NA,NA,NA,NA
0.0145662959402769,-0.00659405448702399,0.00452046529987616,-0.00226328576733397,-0.00212874582302613,"Com_50748_pos","(3R)-8-hydroxy-3-(4-methoxyphenyl)-3,4-dihydro-1H-2-benzopyran-1-one","C16 H14 O4",287.11397,6.579,288.12125,"Invalid mass","No results","No results",NA,NA,NA,NA
0.0157963341751508,-0.0145971024849502,0.00180714701598656,0.00323514616196276,0.00346642839681533,"Com_50770_neg","GDP","C10 H15 N5 O11 P2",443.02382,6.206,442.01654,"No results","No results","Full match","Nucleosides, nucleotides, and analogues","Purine nucleotides","Purine nucleotide sugars","Purine nucleotide sugars"
0.00175428612210255,0.00166609450064714,-0.00263100952548314,-0.00570567607286081,-0.00230243615423371,"Com_50772_pos","N-[(4-hydroxy-3-methoxyphenyl)methyl]-8-methylnonanamide","C18 H29 N O3",329.19499,8.42,330.20227,"Invalid mass","No results","No results",NA,NA,NA,NA
0.00657968548295752,-0.000413214006624146,0.00473734783795874,0.00289713078291309,0.00630169563265955,"Com_5077_pos","Vanillin","C8 H8 O3",152.04808,3.867,153.05536,"Full match","Full match","Full match","Benzenoids","Phenols","Methoxyphenols","Methoxyphenols"
0.00589857300128238,-0.000830950530144929,0.00509645156365213,0.00188452984921286,0.00666552253626251,"Com_5078_pos","DL-3,4-Dihydroxyphenyl glycol","C8 H10 O4",170.05851,3.864,153.05522,"No results","No results","Full match",NA,NA,NA,NA
0.0105639349394275,-0.00467247936022543,-0.0142634414430541,-0.0142360524302099,-0.00783020101344485,"Com_5079_pos","2-oxa-4-azatetracyclo[6.3.1.1~6,10~.0~1,5~]tridecan-3-one","C11 H15 N O2",193.11115,5.09,194.11856,"Full match","No results","No results",NA,NA,NA,NA
-0.0139170770427321,-0.0258223205665945,0.0014856457453004,0.000249013677960798,0.0028128822236439,"Com_51042_pos","Dihomo-γ-linolenoyl ethanolamide","C22 H39 N O2",349.29769,10.238,350.30496,"Full match","No results","No results","Organic nitrogen compounds","Organonitrogen compounds","Amines","N-acylethanolamines"
-0.00710826256926219,0.00189670443707516,-0.00680267483261476,-0.00357128242220442,-0.00223361477910602,"Com_51170_pos","(2R)-5-hydroxy-7-methoxy-2-phenyl-3,4-dihydro-2H-1-benzopyran-4-one","C16 H14 O4",270.09087,7.099,271.09814,"Invalid mass","No results","No results",NA,NA,NA,NA
0.0154195019179294,0.021804782651851,0.00455451497005687,0.00790296980790188,0.00234475105907939,"Com_51192_pos","2-[(3S)-1-(2-Pyridinylmethyl)-3-pyrrolidinyl]-1,3-benzothiazole","C17 H17 N3 S",295.11067,1.063,296.11795,"Invalid mass","No results","No results","Organoheterocyclic compounds","Benzothiazoles","Not available","Benzothiazoles"
0.0275600012980549,0.00634311659495222,0.0203605578841606,0.00354160577971193,0.0194132952451109,"Com_5119_neg","Nicotinamide N-oxide","C6 H6 N2 O2",138.0428,4.323,137.03552,"No results","No results","Full match",NA,NA,NA,NA
0.0101319616108376,-0.0111023442260723,0.0184084907845857,-0.00183060667129826,-0.000620580961245137,"Com_51252_pos","Sanguinarine","C20 H13 N O4",309.09584,1.294,310.10287,"Invalid mass","No results","No results","Alkaloids and derivatives","Benzophenanthridine alkaloids","Quaternary benzophenanthridine alkaloids","Quaternary benzophenanthridine alkaloids"
0.00514023071969205,-0.00168612624577147,-0.0044311916203089,0.00511115290394904,-0.000503264136460894,"Com_51259_pos","AKB48 N-(4-fluorobenzyl) analog","C25 H26 F N3 O",403.20345,7.366,404.21072,"Invalid mass","No results","No results","Organoheterocyclic compounds","Benzopyrazoles","Indazoles","Indazole-3-carboxamides"
0.0140496614996539,-0.00750842317456521,-0.0256068294384539,0.0345188301044043,0.0132719108561408,"Com_512_pos","Octanedioic acid","C8 H14 O4",174.08912,5.299,349.18498,"No results","No results","Full match","Lipids and lipid-like molecules","Fatty Acyls","Fatty acids and conjugates","Medium-chain fatty acids"
0.028957719501968,0.0204672241460406,-0.00195519034215851,-0.00376396763994369,0.0134497086645406,"Com_51314_pos","Kinetin","C10 H9 N5 O",237.06267,4.967,238.06995,"Invalid mass","No results","No results","Organoheterocyclic compounds","Imidazopyrimidines","Purines and purine derivatives","6-alkylaminopurines"
0.0299817889266196,-0.0117055107084304,-0.00926392391359244,-0.0119675447653988,-0.0113400566470959,"Com_5152_neg","D-Xylonic Acid","C5 H10 O6",166.04804,5.21,377.09309,"No results","No results","Full match","Organic oxygen compounds","Organooxygen compounds","Carbohydrates and carbohydrate conjugates","Sugar acids and derivatives"
0.0156266713778443,0.00956146325760415,-0.00800749982395707,-0.00162378202887295,0.00816227480162864,"Com_51563_pos","4-(5-propyl-2-pyridyl)benzonitrile","C15 H14 N2",244.10065,3.922,245.10793,"Invalid mass","No results","No results",NA,NA,NA,NA
0.0442140059826015,0.00457554230916099,0.0243697594300536,-0.000435290368005157,0.0269075545538028,"Com_5162_neg","Serotonin","C10 H12 N2 O",176.09475,3.941,157.07689,"No results","No results","Full match","Organoheterocyclic compounds","Indoles and derivatives","Tryptamines and derivatives","Serotonins"
0.0118749548815632,0.0079613560672626,0.00246987652144029,-0.00266810761879203,-0.00529782391471623,"Com_51742_pos","5-ethoxy-2-[(2,3,4,5,6-pentafluorobenzyl)thio]-1H-benzo[d]imidazole","C16 H11 F5 N2 O S",396.03697,7.32,397.04425,"Invalid mass","No results","No results",NA,NA,NA,NA
0.023278160089476,-0.0205087425334933,-0.0212182313660864,0.0305548160481308,-0.0202855947907423,"Com_5182_pos","Puerarin","C21 H20 O9",416.11277,5.268,417.12004,"Full match","No results","No results","Phenylpropanoids and polyketides","Isoflavonoids","Isoflavonoid C-glycosides","Isoflavonoid C-glycosides"
0.0125901617624907,-0.00762225972442122,0.00276609861702291,-0.00384196234766031,-0.00914474522959795,"Com_51842_pos","3-Acetyl-11-keto-β-boswellic acid","C32 H48 O5",512.35033,7.055,513.3576,"Full match","No results","No results","Lipids and lipid-like molecules","Prenol lipids","Triterpenoids","Triterpenoids"
0.0194637791237032,-0.0141248141772568,0.0052858928280503,-0.00365215367570654,0.00107171325390484,"Com_51922_pos","7,8-Dihydrofolate","C19 H21 N7 O6",443.15732,6.028,444.1646,"No results","No results","Full match",NA,NA,NA,NA
0.0219220293985639,0.00138534898095501,-0.00612544841222014,0.0067705193630282,0.0116001850666737,"Com_51995_pos","Cytidine 5'-monophosphate (hydrate)","C9 H14 N3 O8 P",345.03963,4.765,346.04691,"Invalid mass","No results","No results","Nucleosides, nucleotides, and analogues","Pyrimidine nucleotides","Pyrimidine ribonucleotides","Pyrimidine ribonucleoside monophosphates"
0.0222244144463908,0.00923503784590229,0.0099475000475983,-0.0050191445366963,-0.00573793297734593,"Com_519_neg","2-Furoic acid","C5 H4 O3",112.01555,1.558,111.00827,"Full match","No results","Full match","Organoheterocyclic compounds","Furans","Furoic acid and derivatives","Furoic acids"
0.00389407798311146,0.0156141755476541,-0.0023902338838667,-0.00273777794133864,-0.00423800475223558,"Com_51_neg","4-Toluenesulfonic acid","C7 H8 O3 S",172.01944,5.23,171.01215,"No results","Full match","No results","Benzenoids","Benzene and substituted derivatives","Benzenesulfonic acids and derivatives","p-Methylbenzenesulfonates"
0.0118059047445682,-0.0363604433163387,0.0604888277978674,0.0563669036414858,-0.0390927565681874,"Com_5206_pos","5-[(dimethylamino)methylidene]-3-phenyl-1,3-thiazolane-2,4-dione","C12 H12 N2 O2 S",248.05992,6.303,249.06719,"Invalid mass","No results","No results",NA,NA,NA,NA
0.0156749196950378,-0.010199434748527,0.0111398453330397,-0.0101434444616809,-0.00439382769234203,"Com_52306_pos","Lysopc 20:4","C28 H50 N O7 P",543.33068,7.209,544.33796,"No results","No results","Full match","Lipids and lipid-like molecules","Glycerophospholipids","Glycerophosphocholines","Phosphocholines"
0.01713328053935,-0.0157908515848171,-0.0125099451722044,0.00256040380589112,-0.0171449400765225,"Com_5241_pos","(2S)-2-(2-hydroxypropan-2-yl)-2H,3H,7H-furo[3,2-g]chromen-7-one","C14 H14 O4",246.09046,5.876,247.09777,"Invalid mass","No results","No results",NA,NA,NA,NA
0.0117494157863915,-0.00753179753239287,0.00547887089363774,-0.00313115487966859,0.00647964659268084,"Com_52423_pos","Sphinganine","C18 H39 N O2",301.29955,6.505,302.30682,"No results","No results","Full match","Organic nitrogen compounds","Organonitrogen compounds","Amines","1,2-aminoalcohols"
0.0166402662856145,0.00562790563828475,-0.00559050714732144,0.001769107860981,0.0193891375334541,"Com_5243_pos","DL-Arginine","C6 H14 N4 O2",174.11267,1.252,175.11994,"Invalid mass","Invalid mass","No results","Organic acids and derivatives","Carboxylic acids and derivatives","Amino acids, peptides, and analogues","Arginine and derivatives"
0.028450914709674,-0.0052279852620108,0.00968451473647469,0.00954474900942042,-0.0118833973150488,"Com_524_neg","3,4-dimethoxythiophene-2,5-dicarboxylic acid","C8 H8 O6 S",232.00511,5.077,230.99783,"Full match","No results","No results",NA,NA,NA,NA
0.00846718093845401,-0.0310210146302338,0.030002882501437,-0.0182318421386474,0.0115148306489123,"Com_5256_pos","Glycylproline","C7 H12 N2 O3",172.08553,1.705,173.09278,"Full match","No results","Full match","Organic acids and derivatives","Carboxylic acids and derivatives","Amino acids, peptides, and analogues","Dipeptides"
0.0194577443021524,-0.00656989749816112,0.0236640607524845,-0.0048849272852114,0.00794839732430234,"Com_5278_neg","N-Acetylaspartic acid","C6 H9 N O5",175.04802,1.502,174.04074,"Full match","Full match","Full match","Organic acids and derivatives","Carboxylic acids and derivatives","Amino acids, peptides, and analogues","Aspartic acid and derivatives"
0.0300084699079331,0.00821805626243911,-0.00865471494943792,0.0123865089172546,-4.91952378600219e-05,"Com_5281_pos","5-Methyltetrahydrofolic acid","C20 H25 N7 O6",459.18871,4.937,460.19598,"Full match","No results","Full match","Organoheterocyclic compounds","Pteridines and derivatives","Pterins and derivatives","Tetrahydrofolic acids"
0.0119772037901922,-0.0190116058791813,-0.00876010943360217,-0.0233411455770598,-0.054558798646352,"Com_52_pos","Hippuric acid","C9 H9 N O3",179.05902,5.388,180.06627,"Full match","No results","Full match","Benzenoids","Benzene and substituted derivatives","Benzoic acids and derivatives","Hippuric acids"
0.00892922707454393,-0.0186549986316751,-0.000442061431024996,-0.0133652385148288,0.0225762240408822,"Com_5305_neg","2,3,6-Trimethylphenol","C9 H12 O",136.08856,5.812,135.08106,"Full match","No results","No results","Benzenoids","Phenols","Cresols","Ortho cresols"
0.0175183122773435,-0.016351643552176,-0.00861319540815417,0.00694769102402712,0.00905289718070135,"Com_5311_neg","Xylitol","C5 H12 O5",152.06805,1.312,151.06053,"Full match","No results","Full match","Organic oxygen compounds","Organooxygen compounds","Carbohydrates and carbohydrate conjugates","Sugar alcohols"
0.0261132579992,0.0154894096274966,0.0166277022123192,-0.00255026691128024,0.0134976364955995,"Com_5313_neg","3-Methyl-2-oxobutanoic acid","C5 H8 O3",116.04679,4.898,115.03946,"No results","No results","Full match","Organic acids and derivatives","Keto acids and derivatives","Short-chain keto acids and derivatives","Short-chain keto acids and derivatives"
0.0138386892460014,-0.0173079783805352,0.0289350454627097,-0.0392672993538891,0.0296801163489799,"Com_531_pos","Indole-3-acrylic acid","C11 H9 N O2",187.06479,5.27,188.07202,"Invalid mass","No results","No results","Organoheterocyclic compounds","Indoles and derivatives","Indoles","Indoles"
0.0557524358249118,0.0401573797549856,0.0105526458204687,-0.00521920025223165,0.0235190431402797,"Com_532_pos","Kanosamine","C6 H13 N O5",179.08142,4.971,180.08869,"Invalid mass","No results","No results","Organic oxygen compounds","Organooxygen compounds","Carbohydrates and carbohydrate conjugates","Hexoses"
0.015914335843148,-0.00914197328784449,-0.00202331738661578,-0.0176724954021463,0.00626903108335716,"Com_5340_pos","3-Methylcrotonylglycine","C7 H11 N O3",157.07447,1.847,158.08178,"Full match","No results","No results","Organic acids and derivatives","Carboxylic acids and derivatives","Amino acids, peptides, and analogues","N-acyl-alpha amino acids"
0.0261457049795204,-0.00661891023541205,0.00829523023734346,0.0513074697614139,0.0117171656332439,"Com_5341_pos","2-(2,5-dimethyl-3-thienyl)-2,3,4,5-tetrahydro-1,5-benzothiazepin-4-one","C15 H15 N O S2",311.0378,5.636,312.04507,"Invalid mass","No results","No results",NA,NA,NA,NA
0.0439120443617977,0.0620793439838169,0.0587418685829712,0.00356394535999156,0.0326137693038072,"Com_5342_neg","N4-Acetylcytidine","C11 H15 N3 O6",285.0973,4.877,284.09002,"Full match","No results","Full match","Nucleosides, nucleotides, and analogues","Pyrimidine nucleosides","Not available","Pyrimidine nucleosides"
0.00846590790720165,-0.0132327239115368,-0.0389599705139607,-0.0110648816972526,-0.00140808008812676,"Com_5353_neg","Gallic acid","C7 H6 O5",170.02133,3.014,169.01406,"Full match","No results","Full match","Benzenoids","Benzene and substituted derivatives","Benzoic acids and derivatives","Gallic acids"
0.0321404690529486,-0.0373213856346586,-0.021260817170376,-0.0304519736706996,0.0172469360694823,"Com_5355_pos","3-hydroxy-1,5-diphenylpentan-1-one","C17 H18 O2",236.11723,4.669,237.1245,"Invalid mass","No results","No results",NA,NA,NA,NA
0.0135757232947675,-0.00933389466633086,-0.0214370611374358,-0.00875494148167408,-0.00295580145764104,"Com_5356_pos","Celestolide","C17 H24 O",266.16404,6.331,267.17132,"Invalid mass","No results","No results",NA,NA,NA,NA
0.0157881196159494,-0.0225232314257554,-0.00769887513647146,0.0137005828358207,0.0143115915005908,"Com_5358_pos","2-[(7-methyl-2,3-dihydro-1H-inden-4-yl)oxy]pyridin-3-amine","C15 H16 N2 O",240.12769,5.289,241.13505,"Invalid mass","No results","No results",NA,NA,NA,NA
-0.0189762049805743,-0.0334317359964907,-0.000787708910671464,-0.00176731975962558,0.00732398420054837,"Com_53722_pos","SM 8:0;2O/26:0","C39 H81 N2 O6 P",704.58611,11.375,705.59338,"No results","Full match","No results",NA,NA,NA,NA
0.0125655930971235,-0.0145288068183143,0.0157535483477185,-0.00375299772210025,-0.00399263023532694,"Com_5372_pos","4'-Methoxyacetophenone","C9 H10 O2",150.06885,6.22,151.07614,"Invalid mass","No results","No results","Organic oxygen compounds","Organooxygen compounds","Carbonyl compounds","Alkyl-phenylketones"
0.00951659810284119,-0.0109109505862349,0.0250448236943627,-0.0294116296106033,-0.0110633931843298,"Com_5373_neg","DL-α-Aminocaprylic acid","C8 H17 N O2",159.12588,6.178,158.1186,"Full match","No results","Full match","Organic acids and derivatives","Carboxylic acids and derivatives","Amino acids, peptides, and analogues","Alpha amino acids"
0.0345667528073739,0.0350684270802722,0.00512989498962708,0.000957076149376487,-0.0152089506069205,"Com_5382_neg","5-morpholino-2,4(1H,3H)-pyrimidinedione","C8 H11 N3 O3",197.08023,4.841,196.07295,"Full match","No results","Full match",NA,NA,NA,NA
0.00735721986802047,-0.00514644273099171,0.00105542080229008,0.00882562648676677,-0.000146978047950817,"Com_5393_pos","D-2-Aminoadipic acid","C6 H11 N O4",161.06922,4.942,144.06592,"No results","No results","Full match","Organic acids and derivatives","Carboxylic acids and derivatives","Amino acids, peptides, and analogues","Alpha amino acids and derivatives"
0.0304987148329244,-0.0146012597064024,-0.0300096950915677,0.00354881574886302,-0.00450994543371872,"Com_5398_pos","7-phenyl-6a,7-dihydro-6H-benzo[b]chromeno[4,3-e][1,4]thiazepine","C22 H17 N O S",163.0411,5.153,344.11743,"Invalid mass","No results","No results",NA,NA,NA,NA
0.00648319431267179,-0.00711689596368504,-0.0047181878373972,0.0052846227839348,-0.000805975755497392,"Com_53994_pos","(4-methoxyphenyl)(4-phenyl-3-quinolinyl)methanone","C23 H17 N O2",339.12748,6.384,340.13475,"Full match","No results","No results",NA,NA,NA,NA
0.0217695779173228,-0.029234939343086,0.0382736204532256,-0.00833767609810501,0.00847773091124053,"Com_5413_neg","Lactobionic acid","C12 H22 O12",358.11051,5.636,357.1032,"No results","No results","Full match","Lipids and lipid-like molecules","Fatty Acyls","Fatty acyl glycosides","Fatty acyl glycosides of mono- and disaccharides"
0.00910514466300819,0.00648552643759872,-0.016785936378343,0.0166971900730473,0.0196863514581196,"Com_5429_pos","3-hydroxy-2-(3-nitro-4-piperidinobenzyl)propanenitrile","C15 H19 N3 O3",289.13966,1.311,290.14695,"Invalid mass","No results","No results",NA,NA,NA,NA
0.0224785898220707,-0.00622334527112967,0.00466470015850774,0.0127312504801238,-0.011448147340863,"Com_543_neg","3-Nitro-L-Tyrosine","C9 H10 N2 O5",226.05934,5.182,225.05205,"No results","No results","Full match","Organic acids and derivatives","Carboxylic acids and derivatives","Amino acids, peptides, and analogues","Tyrosine and derivatives"
0.017931671511567,-0.0106922307245748,0.0060160907678117,0.00338612758183378,-0.0178559919959221,"Com_5443_neg","N-(1-benzylpiperidin-4-yl)-5-methoxy-1H-indole-2-carboxamide","C22 H25 N3 O2",363.19066,5.572,362.18339,"Invalid mass","No results","No results",NA,NA,NA,NA
0.0563784657006345,0.0799452678886241,0.0149408177963656,-0.012545799231018,0.0113624200614493,"Com_544_pos","Hypoxanthine","C5 H4 N4 O",136.03907,1.44,137.04634,"Full match","Full match","Full match","Organoheterocyclic compounds","Imidazopyrimidines","Purines and purine derivatives","Hypoxanthines"
0.0139032585278641,-0.00347249644733691,0.000502107478502335,0.0035640372254675,0.0236955509971092,"Com_5462_neg","Fumaric acid","C4 H4 O4",116.01078,1.392,115.00322,"No results","No results","Full match","Organic acids and derivatives","Carboxylic acids and derivatives","Dicarboxylic acids and derivatives","Dicarboxylic acids and derivatives"
0.032427626973124,0.000983616184318092,-0.00207793232000036,-0.0133364627915765,0.00881584447271349,"Com_5465_pos","5-methyl-3-(2-morpholino-2-oxoethyl)-1,3-benzoxazol-2(3H)-one","C14 H16 N2 O4",276.11225,5.244,277.11953,"Full match","No results","No results",NA,NA,NA,NA
0.0274971404155803,-0.00674695908329131,-0.0780408415701443,0.000535040061282488,-0.0289606346055935,"Com_5487_pos","Quinoline-4-carboxylic acid","C10 H7 N O2",173.04762,5.174,369.08347,"No results","No results","Full match","Organoheterocyclic compounds","Quinolines and derivatives","Quinoline carboxylic acids","Quinoline carboxylic acids"
-0.0652290972326672,-0.153878632709687,0.0113328444130605,-0.0141370896432173,0.0360138638799118,"Com_5502_pos","Vasicinone","C11 H10 N2 O2",202.07535,1.641,203.08263,"Invalid mass","No results","No results","Organoheterocyclic compounds","Diazanaphthalenes","Benzodiazines","Quinazolines"
0.0182902992869412,-0.0158609781797391,-0.00915405664514462,-0.000172034272839419,-0.00921043545840462,"Com_5503_pos","Psoralen","C11 H6 O3",186.03269,6.049,187.03996,"Invalid mass","No results","No results","Phenylpropanoids and polyketides","Coumarins and derivatives","Furanocoumarins","Psoralens"
0.019924035428629,-0.0163654262571716,-0.00667986184941229,-0.011570913326543,0.00160683602312167,"Com_5516_pos","2-[(carboxymethyl)(methyl)amino]-5-methoxybenzoic acid","C11 H13 N O5",239.0805,5.438,240.08784,"Full match","No results","No results",NA,NA,NA,NA
0.022810146211291,-0.00485281551955072,0.00226082029580855,0.0421419090080336,0.00844608152890172,"Com_5517_pos","N1-(2-pyridylmethyl)-2-[3,5-di(trifluoromethyl)benzoyl]benzamide","C22 H14 F6 N2 O2",474.07099,5.75,475.07827,"Invalid mass","No results","No results",NA,NA,NA,NA
0.00188395026169758,0.0114329682591745,0.00831741750207933,-0.0164208776218656,0.0345857511981528,"Com_5520_pos","Kynurenic acid O-hexside","C16 H17 N O8",351.09568,5.407,374.08467,"No results","No results","Full match","Organoheterocyclic compounds","Quinolines and derivatives","Quinoline carboxylic acids","Quinoline carboxylic acids"
0.0305227111350732,-0.0179397345166557,-0.0310534444259716,-0.00963012781448361,-0.00776983151859873,"Com_5527_pos","Acetylcysteine","C5 H9 N O3 S",163.03097,5.947,164.03836,"No results","No results","Full match","Organic acids and derivatives","Carboxylic acids and derivatives","Amino acids, peptides, and analogues","N-acyl-L-alpha-amino acids"
0.0121131896136957,-0.00433569407885575,-0.0131666775555076,0.00792822306880958,-0.0164600923707858,"Com_5567_pos","3-[2-(3-Hydroxyphenyl)ethyl]-5-methoxyphenol","C15 H16 O3",244.11119,5.938,245.1185,"Invalid mass","No results","No results","Phenylpropanoids and polyketides","Stilbenes","Not available","Stilbenes"
0.0187801109224261,-0.0143798824468373,0.0189227417201154,-0.00451398774597637,-0.0354272235581307,"Com_5572_pos","Acetylcholine","C7 H15 N O2",145.11094,1.64,146.11817,"Full match","No results","No results","Organic nitrogen compounds","Organonitrogen compounds","Quaternary ammonium salts","Acyl cholines"
0.0281631780332745,-0.00341920096759585,-0.0202238173822322,0.00680460474940718,-0.00488679432277061,"Com_5579_pos","Anastrozole","C17 H19 N5",293.1655,5.762,294.17297,"No results","Full match","No results","Benzenoids","Benzene and substituted derivatives","Phenylpropanes","Phenylpropanes"
0.0223413339485144,-0.0201503013638201,0.019023229463227,-0.00440899279403496,0.0344061460935971,"Com_5580_pos","β-Cortolone","C21 H34 O5",348.23182,6.111,349.23903,"Invalid mass","No results","No results","Lipids and lipid-like molecules","Steroids and steroid derivatives","Hydroxysteroids","21-hydroxysteroids"
0.0230917488344567,-0.0190146691194396,0.0171548172786865,-0.00703513520541198,0.0318075064867716,"Com_5581_pos","NSI-189","C22 H30 N4 O",366.24252,6.165,349.2393,"No results","No results","Full match","Organoheterocyclic compounds","Pyridines and derivatives","Pyridinecarboxylic acids and derivatives","Pyridinecarboxylic acids and derivatives"
0.0173009866347173,-0.0180740163676229,-0.0240654519953777,0.0055707756844743,-0.00113856569498584,"Com_5585_pos","2-{[(2-hydroxy-1-naphthyl)methylidene]amino}isoindoline-1,3-dione","C19 H12 N2 O3",316.08091,5.556,317.08821,"Invalid mass","No results","No results",NA,NA,NA,NA
0.0208596848787565,-0.00857739949664346,-0.0191311373512097,-0.0220896164918378,0.0137132540831365,"Com_558_pos","Edaravone","C10 H10 N2 O",174.08008,5.417,175.08737,"Full match","No results","No results","Organoheterocyclic compounds","Azolines","Pyrazolines","Pyrazolones"
0.0294250965775818,-0.0163010154846699,-0.00928657089635521,-0.000924914687639653,-0.013088344703402,"Com_5593_pos","ENK","C15 H27 N5 O7",371.17837,5.721,372.18549,"Invalid mass","No results","No results",NA,NA,NA,NA
0.0149887578371296,-0.00713937275549899,-0.048501323315002,-0.0150993151771278,-0.0190271068787875,"Com_5598_neg","Glyphosate","C3 H8 N O5 P",169.01347,5.202,168.00623,"Full match","No results","Full match","Organic acids and derivatives","Carboxylic acids and derivatives","Amino acids, peptides, and analogues","Alpha amino acids and derivatives"
0.0182309387958413,-0.00966673695581709,0.00520391271056266,0.0146816922909999,-0.0183801654348657,"Com_5610_pos","TLH","C16 H27 N5 O5",369.19496,5.347,370.20224,"Invalid mass","No results","No results",NA,NA,NA,NA
0.00779357297601574,-0.0212543029343955,-0.0278981415308822,0.022443182819312,0.00306547077932195,"Com_5622_pos","Morphine-3-glucuronide","C23 H27 N O9",461.17042,1.407,462.1777,"Full match","No results","No results","Alkaloids and derivatives","Morphinans","Not available","Morphinans"
0.00258053497327704,-0.00584605220478912,0.00461956121049086,-0.00656618565427634,-0.00402190206794165,"Com_5630_pos","8-Hydroxyquinoline","C9 H7 N O",128.0269,6.152,146.06078,"Invalid mass","Invalid mass","No results","Organoheterocyclic compounds","Quinolines and derivatives","8-hydroxyquinolines","8-hydroxyquinolines"
0.0344873511017617,-0.00323537074075298,0.00810240733169197,-0.000951260450919886,0.0119506353523923,"Com_5634_pos","N-(5-Aminopentyl)acetamide","C7 H16 N2 O",144.12687,1.83,145.13414,"No results","No results","Full match",NA,NA,NA,NA
0.0918533226099681,0.0916550404968892,0.00773391447144765,-0.0122081519429876,0.0275637721113765,"Com_5647_pos","N-Acetylcytidine","C11 H15 N3 O6",285.09727,4.891,286.10455,"No results","Full match","Full match","Nucleosides, nucleotides, and analogues","Pyrimidine nucleosides","Not available","Pyrimidine nucleosides"
0.0179110053557533,-0.0106623561674859,-0.011314347887938,0.00412905158033923,0.010375230838339,"Com_5652_neg","L-Arabinitol","C5 H12 O5",152.06871,1.306,151.06109,"No results","No results","Full match","Organic oxygen compounds","Organooxygen compounds","Carbohydrates and carbohydrate conjugates","Sugar alcohols"
0.0823535274926971,0.0730011269135932,-0.0163991974123582,0.0189993920536082,-0.00258077494369932,"Com_567_pos","2,5-Furandicarboxylic acid","C6 H4 O5",156.00645,3.619,157.01377,"No results","No results","Full match","Organoheterocyclic compounds","Furans","Furoic acid and derivatives","Furoic acids"
0.0219275956960888,-0.0145475955513771,0.0177317503836684,-0.0196140494609309,0.011739408900429,"Com_5691_pos","Tritylalcohol","C24 H29 N3 O",357.21674,5.563,358.22402,"Invalid mass","No results","No results","Benzenoids","Triphenyl compounds","Not available","Triphenyl compounds"
0.0169967754516853,9.5368392549781e-05,0.0175800533669384,-0.00565811270062759,0.0228351980845197,"Com_5692_neg","2-[(1H-1,2,4-triazol-3-ylimino)methyl]phenol","C9 H8 N4 O",142.06356,5.275,187.06181,"Invalid mass","No results","No results",NA,NA,NA,NA
-0.00479950269970334,-0.0101552454870966,-0.017047159929176,0.00626435630849343,0.00408271351496382,"Com_5709_pos","C-12 NBD-dihydro-ceramide","C36 H63 N5 O6",661.47986,8.509,662.48714,"Full match","No results","No results","Lipids and lipid-like molecules","Sphingolipids","Ceramides","Ceramides"
0.0179887822877502,-0.015090303071532,-0.0141031971444713,-0.00621858558020753,0.0025723665861916,"Com_5717_neg","3-Methylhistidine","C7 H11 N3 O2",169.0854,1.239,168.07813,"Full match","Full match","Full match","Organic acids and derivatives","Carboxylic acids and derivatives","Amino acids, peptides, and analogues","Histidine and derivatives"
0.0186182652954152,-0.0141301302286124,0.0150110887394657,-0.022165299558543,0.0310993752614321,"Com_5729_neg","17α-Ethynylestradiol","C20 H24 O2",296.17589,6.175,295.16861,"Invalid mass","No results","No results","Lipids and lipid-like molecules","Steroids and steroid derivatives","Estrane steroids","Estrogens and derivatives"
0.0347127691283968,0.0204137434178873,0.00883672601394196,-0.000958143645436408,-0.0158980267188485,"Com_5745_neg","Succinic acid","C4 H6 O4",118.02594,2.285,117.01866,"Invalid mass","Invalid mass","No results","Organic acids and derivatives","Carboxylic acids and derivatives","Dicarboxylic acids and derivatives","Dicarboxylic acids and derivatives"
0.018961386661524,-0.00389240562151284,-0.00329933706497658,-0.00347385968902022,0.00603970577857199,"Com_5755_pos","Iberin","C5 H9 N O S2",163.01348,5.13,164.02076,"Invalid mass","No results","No results","Organosulfur compounds","Sulfoxides","Not available","Sulfoxides"
0.0245392089490366,-0.0267006196085346,-0.0448349034633279,0.0094337794656609,-0.0255758491831139,"Com_5768_neg","Estriol 17-sulfate","C18 H24 O6 S",368.13135,5.703,367.12408,"Invalid mass","No results","No results","Lipids and lipid-like molecules","Steroids and steroid derivatives","Sulfated steroids","Sulfated steroids"
0.012060414533999,-0.00170462883808959,-0.0230969966323981,-0.0274305432973063,-0.0076774881242129,"Com_5772_pos","Citral","C10 H16 O",152.12059,5.532,153.12814,"Full match","No results","No results","Lipids and lipid-like molecules","Prenol lipids","Monoterpenoids","Acyclic monoterpenoids"
0.0475548094634476,0.012131149485725,0.0178577058534012,-0.0157900465290023,0.00930876326261244,"Com_5806_pos","3-(2,4-dichloroanilino)-1-(4-methoxyphenyl)prop-2-en-1-one","C16 H13 Cl2 N O2",321.03295,3.254,322.04023,"Full match","No results","No results",NA,NA,NA,NA
0.020745120703997,-0.0157603355027262,0.0110046842261031,-0.0234177571287937,0.00575823876335164,"Com_5813_pos","3-[4-methyl-1-(2-methylpropanoyl)-3-oxocyclohexyl]butanoic acid","C15 H24 O4",268.16873,6.264,269.17599,"Full match","No results","No results",NA,NA,NA,NA
0.0253836949007872,-0.00277584431650907,0.00280506801835749,-0.00126157899500522,0.0197751607379174,"Com_5828_pos","(2R,3S,4S,5R,6R)-2-(hydroxymethyl)-6-(2-phenylethoxy)oxane-3,4,5-triol","C14 H20 O6",301.15426,5.123,302.16151,"Invalid mass","No results","No results",NA,NA,NA,NA
0.0112588145457153,-0.0281364069022564,0.0121368709930774,0.000867939089994677,0.0445120569929358,"Com_582_neg","5-Aminovaleric acid","C5 H11 N O2",117.0782,1.499,116.07092,"Invalid mass","No results","No results","Organic acids and derivatives","Carboxylic acids and derivatives","Amino acids, peptides, and analogues","Delta amino acids and derivatives"
0.0343264792414352,0.0160411904414609,-0.0922612096681222,-0.018951069466084,-0.0147079926938262,"Com_5845_neg","Dl-2-Amino-3-phosphonopropionic acid","C3 H8 N O5 P",169.01345,4.923,168.00618,"No results","No results","Full match",NA,NA,NA,NA
0.0237798668652019,-0.0158816253015733,0.00071653779668485,0.0330264930442506,0.0274440962041742,"Com_584_pos","trans-Clovamide","C18 H17 N O7",359.09589,5.58,360.10316,"Invalid mass","No results","No results","Organic acids and derivatives","Carboxylic acids and derivatives","Amino acids, peptides, and analogues","Tyrosine and derivatives"
0.0225198155988833,-0.0147974119094683,0.00429250019942794,0.0363401602046509,0.0200251827772674,"Com_585_pos","2'-fluoro-N-[3-(trifluoromethyl)phenyl][1,1'-biphenyl]-4-carboxamide","C20 H13 F4 N O",171.03446,5.587,360.10251,"Invalid mass","No results","No results",NA,NA,NA,NA
0.0166755416593737,-0.0133718821561983,-0.00500469903194721,0.0306791046470674,-0.0060414967943571,"Com_5882_pos","N'-[(2,4-dihydroxyphenyl)methylene]-4-methylbenzenesulfonohydrazide","C14 H14 N2 O4 S",295.11612,5.791,296.1234,"Invalid mass","No results","No results",NA,NA,NA,NA
0.0251556339947012,0.0409688464261598,0.00898751115287502,0.0244432653996763,0.0166743709311567,"Com_5884_pos","4-Hydroxycoumarin","C9 H6 O3",162.03177,1.116,163.03905,"Full match","No results","Full match","Phenylpropanoids and polyketides","Coumarins and derivatives","Hydroxycoumarins","4-hydroxycoumarins"
0.0163433521944334,-0.0217039233014718,0.0133008168990602,-0.00273187529191722,-0.0102041396482233,"Com_5885_neg","Prostaglandin D1","C20 H34 O5",336.23198,6.322,335.22461,"Invalid mass","No results","No results","Lipids and lipid-like molecules","Fatty Acyls","Eicosanoids","Prostaglandins and related compounds"
0.0117798978167632,-0.0148346777959397,-0.0107762713728403,-0.00570491352249018,-0.016326524289588,"Com_5891_pos","(5E)-7-methylidene-10-oxo-4-(propan-2-yl)undec-5-enoic acid","C15 H24 O3",252.1736,5.786,253.18087,"Full match","No results","No results",NA,NA,NA,NA
0.00306617700070868,-0.0152779571693053,0.0019221682487423,0.0250421500091395,-0.00716823748238475,"Com_5908_pos","Indirubin","C16 H10 N2 O2",262.07575,6.574,263.08302,"Invalid mass","Invalid mass","No results","Organoheterocyclic compounds","Indoles and derivatives","Indolines","Indolines"
-0.0018712151864636,-0.0394528466953488,-0.0245282915650464,0.00166051136938013,-0.0119289284658823,"Com_590_pos","N-(2-Furoyl)glycine","C7 H7 N O4",169.03855,4.149,170.04578,"No results","Invalid mass","No results","Organic acids and derivatives","Carboxylic acids and derivatives","Amino acids, peptides, and analogues","N-acyl-alpha amino acids"
-0.000212648973953958,0.00240701928978084,0.0067033908139027,-0.00945228916087886,-0.00209024901927361,"Com_5914_pos","Docosanamide","C22 H45 N O",339.35197,8.68,340.35924,"Invalid mass","No results","No results","Lipids and lipid-like molecules","Fatty Acyls","Fatty amides","Fatty amides"
0.0261907751999215,0.0219940798146995,0.00300828898864466,0.00544931183521039,-0.00297160533948264,"Com_591_pos","Proline","C5 H9 N O2",115.06409,2.259,116.07137,"Invalid mass","Invalid mass","No results","Organic acids and derivatives","Carboxylic acids and derivatives","Amino acids, peptides, and analogues","Proline and derivatives"
0.0177010172522837,0.00467754011149885,-0.00274719754968576,0.0102794969803926,0.0165193967233326,"Com_5922_neg","L-Glutamic acid","C5 H9 N O4",147.05294,1.283,146.04568,"Full match","No results","Full match","Organic acids and derivatives","Carboxylic acids and derivatives","Amino acids, peptides, and analogues","Glutamic acid and derivatives"
0.0226997773781136,0.015786104337399,0.00128798822807382,0.00988007891239558,0.00333111275570514,"Com_5929_pos","N2-Acetyl-L-ornithine","C7 H14 N2 O3",174.10127,2.259,158.08194,"No results","Full match","Full match","Organic acids and derivatives","Carboxylic acids and derivatives","Amino acids, peptides, and analogues","N-acyl-L-alpha-amino acids"
0.0107199582337728,0.00470178537736194,-0.000720251706177841,-0.000599558709618606,0.00393118214831949,"Com_5936_neg","5-Aminolevulinic acid","C5 H9 N O3",131.05781,2.186,130.05053,"Full match","Full match","Full match","Organic acids and derivatives","Keto acids and derivatives","Gamma-keto acids and derivatives","Gamma-keto acids and derivatives"
0.00871072306212254,0.00311891059931883,-0.00508803388857871,-0.00246578797992658,-0.0483708022364018,"Com_5952_pos","4-morpholinobenzoic acid","C11 H13 N O3",207.08833,5.694,208.09561,"Invalid mass","Invalid mass","No results",NA,NA,NA,NA
0.0160493271005804,-0.0209890872343707,0.000838199238504348,0.00129156114785095,0.0316256236557845,"Com_5968_pos","9-HOTrE","C18 H30 O3",294.22065,5.906,295.22786,"No results","No results","Full match","Lipids and lipid-like molecules","Fatty Acyls","Lineolic acids and derivatives","Lineolic acids and derivatives"
0.0296729156641601,-0.0252048915932885,-0.0295750382579668,-0.0157508608891831,-0.0657749404272316,"Com_5978_neg","N4-(5-chloro-4-methoxy-3-thienyl)-2,6-dimethylmorpholine-4-carboxamide","C12 H17 Cl N2 O3 S",304.06304,5.339,303.05572,"Invalid mass","No results","No results",NA,NA,NA,NA
0.0245327829999584,-0.00863710557499195,0.0155593915661495,0.0175546436368346,-0.00195167137224383,"Com_5979_neg","Tris(2-carboxyethyl)phosphine","C9 H15 O6 P",250.05961,5.185,249.05234,"No results","No results","Full match",NA,NA,NA,NA
0.0247642565107819,-0.0118626579679623,-0.000694493779710589,0.0690084442378818,-0.00366859706692921,"Com_5983_pos","Neocuproine","C14 H12 N2",208.10114,5.471,209.10841,"Invalid mass","No results","No results","Organoheterocyclic compounds","Phenanthrolines","Not available","Phenanthrolines"
0.0228945634276109,-0.00765171347445795,-0.00491125698819109,0.00978828387056835,0.0146098410665236,"Com_5993_pos","Cefdinir","C14 H13 N5 O5 S2",395.03743,5.219,396.04471,"Full match","Full match","No results","Organoheterocyclic compounds","Lactams","Beta lactams","Cephalosporins"
0.0159644246723272,-0.0276776605563907,-0.0347734761235513,0.0232351793534675,-0.0120201414232291,"Com_5998_pos","Trifolin","C21 H20 O11",470.08489,5.955,471.09216,"Invalid mass","No results","No results","Phenylpropanoids and polyketides","Flavonoids","Flavonoid glycosides","Flavonoid-3-O-glycosides"
0.0068154553723535,-0.00291232587149417,-0.00202059666585014,-0.00390154275661025,-0.0041513629744998,"Com_6006_pos","α-Hydroxyalprazolam","C17 H13 Cl N4 O",143.05963,5.55,144.06644,"Invalid mass","No results","No results","Organoheterocyclic compounds","Benzodiazepines","1,4-benzodiazepines","1,2,4-triazolo[4,3-a][1,4]benzodiazepines"
0.0084822971405572,-0.0170692609135084,0.00613440721965939,0.00224691651793875,0.0105703075082653,"Com_6019_neg","L-Aspartic acid","C4 H7 N O4",133.03716,1.359,132.02991,"Full match","Full match","Full match","Organic acids and derivatives","Carboxylic acids and derivatives","Amino acids, peptides, and analogues","Aspartic acid and derivatives"
0.00685488722019687,0.00332697856176998,-0.0093424455681814,-0.019509212654793,0.00368221638715897,"Com_603_pos","N1-[1-(2,4-dichlorobenzoyl)-4-piperidyl]cyclohexane-1-carboxamide","C19 H24 Cl2 N2 O2",382.12539,5.582,383.13266,"Invalid mass","No results","No results",NA,NA,NA,NA
-0.00500472767214089,-0.0021363299932289,-0.00115216962561357,-0.0302101624258997,-0.0359765655369,"Com_604_pos","Indole-3-acetic acid","C10 H9 N O2",175.06319,5.72,176.07111,"Full match","Full match","Full match","Organoheterocyclic compounds","Indoles and derivatives","Indolyl carboxylic acids and derivatives","Indole-3-acetic acid derivatives"
0.0187471882107318,-0.0196775208851802,0.0188885816587873,0.0022564094756994,0.00404251991415476,"Com_6056_pos","5(S)-HpEPE","C20 H30 O4",351.24214,6.179,352.24948,"Invalid mass","No results","No results","Lipids and lipid-like molecules","Fatty Acyls","Eicosanoids","Hydroperoxyeicosapentaenoic acids"
0.0388210395724489,0.0133741406954736,0.00668128404020542,0.0184096166586988,-0.00187407287939142,"Com_6060_pos","P-Acetamidophenyl-b-D-glucuronide","C14 H17 N O8",344.12337,2.726,345.13065,"No results","Invalid mass","No results","Organic oxygen compounds","Organooxygen compounds","Carbohydrates and carbohydrate conjugates","Phenolic glycosides"
0.0318511683306131,0.041805299911365,0.00507280568747784,0.00756200557652689,-0.00180298998217929,"Com_6064_pos","3-[4-(3,5-dichloro-4-pyridinyl)piperazino]-1,1,1-trifluoro-2-propanol","C12 H14 Cl2 F3 N3 O",343.05274,1.633,344.06002,"Invalid mass","No results","No results",NA,NA,NA,NA
0.0207990396163803,0.00288208779941217,0.00716686964661607,-0.0113940827318561,-0.0236982256481784,"Com_6070_pos","pentane-1,2,3,4,5-pentol","C5 H12 O5",152.06947,1.277,175.0587,"Invalid mass","No results","No results",NA,NA,NA,NA
0.0262509712663909,-0.0141576374386058,0.0110313622265964,-0.0121024090582743,0.0320655085795462,"Com_6077_pos","Leucocrystal violet","C25 H31 N3",178.11121,5.573,374.25566,"Invalid mass","No results","No results","Benzenoids","Triphenyl compounds","Not available","Triphenyl compounds"
0.011380698604982,-0.00938101356197252,-0.0228840676453635,0.0246918581334328,-0.029314501587186,"Com_607_pos","15-epi Prostaglandin A1","C20 H32 O4",318.22073,6.973,319.22799,"Invalid mass","No results","No results","Lipids and lipid-like molecules","Fatty Acyls","Eicosanoids","Prostaglandins and related compounds"
0.014792507140131,-0.010264235276637,0.0127406106785179,-0.017937901796163,-0.0126215570520869,"Com_6091_neg","Capryloylglycine","C10 H19 N O3",201.13716,5.912,200.12988,"Full match","No results","No results","Organic acids and derivatives","Carboxylic acids and derivatives","Amino acids, peptides, and analogues","N-acyl-alpha amino acids"
0.0085417200475954,-0.00355546428731855,-0.00217971859110216,-0.00183244670493165,0.00539944475124715,"Com_6114_neg","N-Acetylalanine","C5 H9 N O3",131.05791,2.679,130.05063,"Full match","Full match","Full match","Organic acids and derivatives","Carboxylic acids and derivatives","Amino acids, peptides, and analogues","N-acyl-L-alpha-amino acids"
0.0219190984019625,0.000472185157527599,0.0173584454068792,-0.00466299364348451,0.0133567500470891,"Com_6119_pos","Acipimox","C6 H6 N2 O3",137.01186,1.591,155.04568,"Invalid mass","No results","No results",NA,NA,NA,NA
0.018448959419478,-0.00374073527109641,-0.0183982704889804,0.0333088139777196,0.0087264966612072,"Com_6128_pos","SQH","C14 H22 N6 O6",392.14441,5.912,393.15168,"Invalid mass","No results","No results",NA,NA,NA,NA
0.012757964642046,-0.0167142315241775,0.00784712162550295,0.0205657819603028,0.00163703577149863,"Com_6149_pos","5-Hydroxyomeprazole","C17 H19 N3 O4 S",361.11174,5.447,362.11901,"Invalid mass","No results","No results","Organoheterocyclic compounds","Benzimidazoles","Sulfinylbenzimidazoles","Sulfinylbenzimidazoles"
0.0391930106955791,0.00978997329302628,0.00545331458562293,-0.00580875835421104,-0.00347056720246682,"Com_614_pos","Pantothenic acid","C9 H17 N O5",219.11163,5.047,220.1189,"Full match","Full match","Full match","Organic oxygen compounds","Organooxygen compounds","Alcohols and polyols","Secondary alcohols"
0.0169388703360159,-0.0076604508809207,-0.0170280638282853,-0.00105540119529483,-0.0154033706705046,"Com_6152_pos","1-(4-methoxyphenyl)propane-1,2-diol","C10 H14 O3",164.0845,5.181,165.09175,"Invalid mass","No results","No match",NA,NA,NA,NA
0.0163800812370411,-0.0153856131933745,-0.0026979878647936,-0.0104030983765786,0.011202172766546,"Com_6153_pos","Triacanthine","C10 H13 N5",203.11685,5.694,204.12415,"No results","No results","Full match","Organoheterocyclic compounds","Imidazopyrimidines","Purines and purine derivatives","6-aminopurines"
0.0169731085724949,-0.0169646828109314,0.0165374990612548,-0.0119593198596835,0.0356875245255389,"Com_6176_pos","THC","C21 H30 O2",314.22616,5.899,315.23356,"Invalid mass","No results","No results","Organoheterocyclic compounds","Benzopyrans","1-benzopyrans","2,2-dimethyl-1-benzopyrans"
0.0196831824843786,-0.0172582668226171,0.0120134764956585,0.00101391187695848,0.0144942238945622,"Com_6180_pos","Dehydroepiandrosterone (DHEA)","C19 H28 O2",270.19945,6.303,271.20674,"Invalid mass","No results","No results","Lipids and lipid-like molecules","Steroids and steroid derivatives","Androstane steroids","Androgens and derivatives"
0.0288793212335589,8.26312997517056e-06,-0.00824031264352269,-0.000583415570820421,0.00688912892459983,"Com_6181_pos","2-{2-oxo-2H,8H,9H-furo[2,3-h]chromen-8-yl}propan-2-yl acetate","C16 H16 O5",305.12936,5.151,306.13661,"Invalid mass","No results","No results",NA,NA,NA,NA
0.017287531251679,-0.00996879517118077,-0.0390789498770046,-0.0175866543848965,-0.0163357681702967,"Com_6184_neg","Chlorogenic acid","C16 H18 O9",354.09707,5.351,353.08964,"Invalid mass","No results","No results","Organic oxygen compounds","Organooxygen compounds","Alcohols and polyols","Quinic acids and derivatives"
0.0147944955273872,-0.00371564283275387,-0.0221366884292523,0.00570721893444696,-0.0161548295965136,"Com_6185_pos","Gly-Phe","C11 H14 N2 O3",222.1009,5.888,467.19049,"No results","No results","Full match","Organic acids and derivatives","Carboxylic acids and derivatives","Amino acids, peptides, and analogues","Peptides"
0.0155636308523659,-0.0144458358943167,-0.0292074279055737,0.0244586678305113,-0.0127643413918357,"Com_6195_pos","N-(1-methyl-3-phenyl-1H-pyrazol-5-yl)-N'-(2-thienyl)urea","C15 H14 N4 O S",336.04731,5.281,337.05458,"Invalid mass","No results","No results",NA,NA,NA,NA
0.0172026540569379,-0.0140857831875579,-0.0039541501991686,-0.0159922098448908,-0.0091294688529305,"Com_6218_pos","5-acetyl-2,6-dimethyl-1,2,3,4-tetrahydropyridin-4-one","C9 H13 N O2",149.08477,5.627,150.09209,"Invalid mass","No results","No results",NA,NA,NA,NA
0.0176873182484175,-0.00525593916408929,0.0189426194901477,-0.0279008650945113,0.0337687704335164,"Com_6227_neg","1-{[5-(4-chlorophenyl)-4H-1,2,4-triazol-3-yl]thio}acetone","C11 H10 Cl N3 O S",534.05294,5.564,266.0192,"Invalid mass","No results","No results",NA,NA,NA,NA
0.0150161466004746,-0.0156176587441053,0.00225287978484776,0.0227041323964953,0.00452898517798876,"Com_6228_pos","di(3-pyridyl) 5-(tert-butyl)isophthalate","C22 H20 N2 O4",376.14812,6.121,377.1554,"Invalid mass","No results","No results",NA,NA,NA,NA
0.0230010784010734,-0.0206597532471419,0.0380937781971092,0.00616947083093284,0.0164279341386341,"Com_6259_pos","Progesterone","C21 H30 O2",314.22597,6.291,315.23342,"Full match","No results","Full match","Lipids and lipid-like molecules","Steroids and steroid derivatives","Pregnane steroids","Gluco/mineralocorticoids, progestogins and derivatives"
0.0112795700356621,-0.00450420170676871,-0.00937079553272838,0.00509397501481904,0.0143935690464705,"Com_625_neg","3,3-Dimethylglutaric acid","C7 H12 O4",160.07351,2.44,159.06622,"Full match","No results","Full match","Lipids and lipid-like molecules","Fatty Acyls","Fatty acids and conjugates","Methyl-branched fatty acids"
0.0101492109004343,0.00998528502632956,-0.0116058068172633,-0.00924651765718086,0.0016498448987349,"Com_625_pos","Caprolactam","C6 H11 N O",113.08493,5.299,114.0922,"Invalid mass","No results","No results","Organoheterocyclic compounds","Lactams","Caprolactams","Caprolactams"
0.0202989732825325,-0.0148539829964298,0.0195254030647147,0.0060208762695953,0.00467582773615449,"Com_6267_neg","Ala-Gln","C8 H15 N3 O4",217.10673,1.51,216.09945,"No results","No results","Full match","Organic acids and derivatives","Carboxylic acids and derivatives","Amino acids, peptides, and analogues","Peptides"
0.012692005556092,-0.0134326844033474,-0.0199507288520209,0.00245072804191155,-0.00689409252310189,"Com_6270_neg","trans-Cinnamic acid","C9 H8 O2",148.05231,5.539,147.04499,"Full match","No results","No results","Phenylpropanoids and polyketides","Cinnamic acids and derivatives","Cinnamic acids","Cinnamic acids"
-0.00201538459690413,-0.00985366582023757,-0.0110314123427376,0.00191810845335228,-0.00217885565879166,"Com_628_pos","Paracetamol","C8 H9 N O2",151.06402,3.96,152.0713,"Full match","Full match","Full match","Benzenoids","Phenols","1-hydroxy-2-unsubstituted benzenoids","1-hydroxy-2-unsubstituted benzenoids"
0.0124717902840315,-0.0276572717465554,0.0577248128632306,-0.0195356482062725,-0.0802097025916483,"Com_6294_neg","Homotaurine","C3 H9 N O3 S",139.03,1.308,138.02272,"No results","No results","Full match","Organic acids and derivatives","Organic sulfonic acids and derivatives","Organosulfonic acids and derivatives","Organosulfonic acids"
0.00833511163511045,-0.0198159054429824,0.0184576570137961,-0.0136939603340768,0.000606683129850488,"Com_6298_neg","N-α-Acetyl-L-asparagine","C6 H10 N2 O4",128.05865,1.385,173.05691,"Invalid mass","Invalid mass","No results","Organic acids and derivatives","Carboxylic acids and derivatives","Amino acids, peptides, and analogues","Asparagine and derivatives"
0.00417911652722823,-0.0190849771176083,-0.0286052903036703,0.00796577539817737,0.00150377677139548,"Com_6306_neg","Sucrose","C12 H22 O11",342.11804,1.359,341.11067,"Invalid mass","Invalid mass","No results","Organic oxygen compounds","Organooxygen compounds","Carbohydrates and carbohydrate conjugates","O-glycosyl compounds"
0.0113334555467539,-0.0115304377614333,-0.0292320919917441,0.0161833379329798,-0.0206738791467575,"Com_6309_pos","Tropine","C8 H15 N O",141.11607,1.392,142.12334,"Full match","No results","No results","Alkaloids and derivatives","Tropane alkaloids","Not available","Tropane alkaloids"
0.0248191716174153,-0.0204376404789702,0.0144242956214809,-0.0550937976037162,0.0413127067976119,"Com_6310_pos","2-[2-(1-isobutylcyclohexyl)-1-methylethylidene]hydrazine-1-carboxamide","C14 H27 N3 O",275.19312,6.517,276.20036,"Invalid mass","No results","No results",NA,NA,NA,NA
0.00356013801328446,-0.00826113393341635,0.0103960058311031,-0.0408042308596281,0.014347183406997,"Com_6318_neg","Nonanoic acid","C9 H18 O2",158.13107,5.935,157.12335,"Full match","No results","Full match","Lipids and lipid-like molecules","Fatty Acyls","Fatty acids and conjugates","Medium-chain fatty acids"
0.0103798258796867,-0.00808000328803185,0.0195225876367617,-0.00977862808983341,0.00451485363052163,"Com_633_neg","3,8,9-trihydroxy-10-propyl-3,4,5,8,9,10-hexahydro-2H-oxecin-2-one","C12 H20 O5",244.13226,5.803,243.12499,"Full match","No results","No results",NA,NA,NA,NA
0.0197624863529971,-0.0151796892756328,0.0394510456746222,-0.0260944061617606,0.0432323242613758,"Com_633_pos","Acetyl-L-carnitine","C9 H17 N O4",203.11652,1.792,204.1238,"Full match","Full match","Not the top hit","Lipids and lipid-like molecules","Fatty Acyls","Fatty acid esters","Acyl carnitines"
0.0414815907339007,0.0133192981260043,0.0307530479140173,-0.0200662547721205,0.0266814077416901,"Com_634_pos","2-Hydroxyphenylalanine","C9 H11 N O3",181.07479,2.371,182.08206,"Full match","Full match","Full match","Organic acids and derivatives","Carboxylic acids and derivatives","Amino acids, peptides, and analogues","Phenylalanine and derivatives"
0.0185179568952741,-0.0290921647498984,-0.0480362830212684,0.0254470704634164,-0.0319093022138419,"Com_6350_pos","5,7-dihydroxy-3,8-dimethoxy-2-phenyl-4H-chromen-4-one","C17 H14 O6",314.08054,6.014,315.08782,"Full match","No results","No results",NA,NA,NA,NA
0.0293965658218754,-0.00399913388342872,-0.027225561225976,-0.0050248594927146,-0.0144832540884828,"Com_6351_pos","5-(benzyloxy)-2-(hydroxymethyl)-1,4-dihydropyridin-4-one","C13 H13 N O3",231.09068,5.695,232.09796,"Full match","No results","No results",NA,NA,NA,NA
0.0165079735821297,-0.0201919688110544,0.0368536631944822,0.0236027619038881,-0.0496471042106829,"Com_6360_neg","Glutathione","C10 H17 N3 O6 S",307.08239,5.045,306.07511,"No results","No results","Full match","Organic acids and derivatives","Carboxylic acids and derivatives","Amino acids, peptides, and analogues","Peptides"
0.0206146475701459,0.00831717362252964,-0.000647180325800932,0.00893734087708999,0.0368372816005998,"Com_6371_neg","L-Cystine","C6 H12 N2 O4 S2",240.02511,1.238,239.01783,"Invalid mass","Invalid mass","No results","Organic acids and derivatives","Carboxylic acids and derivatives","Amino acids, peptides, and analogues","L-cysteine-S-conjugates"
0.00480073007403377,-0.0198817864035513,-0.00277067537524711,0.000291163365514829,0.0112133506678695,"Com_6373_neg","Methylsuccinic acid","C5 H8 O4",132.04212,1.603,131.03476,"Full match","No results","Full match","Lipids and lipid-like molecules","Fatty Acyls","Fatty acids and conjugates","Methyl-branched fatty acids"
-0.02480883556252,-0.103284005921885,-0.0129101503569178,0.0174746323438649,0.019520032025127,"Com_6381_pos","2-[2-oxo-2-(2-pyridylamino)ethoxy]acetic acid","C9 H10 N2 O4",210.06513,1.619,211.07245,"Invalid mass","No results","No results",NA,NA,NA,NA
0.0137116774276377,0.0102097125419986,0.0301417379183994,-0.0171926189168335,-0.00423257043135155,"Com_6394_pos","O6-CM-dG","C12 H15 N5 O6",325.10365,5.378,326.11093,"Full match","No results","No results","Nucleosides, nucleotides, and analogues","Purine nucleosides","Purine 2'-deoxyribonucleosides","Purine 2'-deoxyribonucleosides"
0.0202979158733327,-0.0201176147067378,-0.00598592763491276,0.0165194139884074,0.00468136683668034,"Com_6398_pos","2-(acetyloxy)-3-amino-1-[1,2-di(acetyloxy)ethyl]-3-oxopropyl acetate","C13 H19 N O9",333.10528,6.224,334.11255,"Full match","No results","Full match",NA,NA,NA,NA
0.0118503343579854,-0.0114914775444948,0.00181974608743768,-0.0104325579407427,-0.00657345855413657,"Com_6418_pos","Methyl-2-aminobenzoate","C8 H9 N O2",151.06408,5.407,152.0714,"Full match","No results","Full match","Benzenoids","Benzene and substituted derivatives","Benzoic acids and derivatives","Benzoic acid esters"
0.0112344951766828,-0.00424825556170184,-0.0174409054931853,-0.00587727698969455,0.0231416631908778,"Com_6434_pos","1,2,10-Trimethoxy-5,6,6a,7-tetrahydro-4H-dibenzo[de,g]quinolin-9-ol","C19 H21 N O4",327.14778,6.408,328.15506,"Full match","No results","No results","Alkaloids and derivatives","Aporphines","Not available","Aporphines"
0.0187126314268936,-0.0151503942902326,-0.00677439925934943,0.0173130897211555,-0.00229743560448734,"Com_6436_pos","5-chloro-3-phenylbenzo[c]isoxazole","C13 H8 Cl N O",229.03096,5.899,230.03824,"Invalid mass","No results","No results",NA,NA,NA,NA
0.0275455955369408,-0.00913322261797246,0.00156157345634827,0.121818953801643,0.0315381561735494,"Com_6444_pos","ethyl 2,3-dioxo-1,2,3,4-tetrahydroquinoline-4-carboxylate","C12 H11 N O4",233.06507,5.66,234.07234,"Invalid mass","No results","No results",NA,NA,NA,NA
0.00724976999722157,-0.00329083063475423,-0.0054608196787575,-0.0259725893033259,0.00535241687220896,"Com_649_pos","Cotinine","C10 H12 N2 O",176.09554,2.325,177.10282,"Full match","Full match","Full match","Organoheterocyclic compounds","Pyridines and derivatives","Pyrrolidinylpyridines","Pyrrolidinylpyridines"
0.0190060925435525,-0.00112835019798927,0.00997283652309258,-0.00400567291641794,-0.0239381138155916,"Com_6502_neg","19(R)-Hydroxy prostaglandin A2","C20 H30 O5",350.21142,6.234,349.2041,"Invalid mass","No results","No results","Lipids and lipid-like molecules","Fatty Acyls","Eicosanoids","Prostaglandins and related compounds"
0.0162691617625729,-0.0286780990343614,0.0141291551874755,0.0196607597612764,0.034319720568168,"Com_6507_neg","Thymine","C5 H6 N2 O2",126.04318,1.554,171.04148,"No results","No results","Full match","Organoheterocyclic compounds","Diazines","Pyrimidines and pyrimidine derivatives","Hydroxypyrimidines"
0.0271970744263478,-0.0219560893848335,-0.00411771249383332,-0.00920816913063465,-0.0226906770207034,"Com_6510_neg","Tretinoin","C20 H28 O2",300.21061,7.621,299.20333,"Invalid mass","No results","No results","Lipids and lipid-like molecules","Prenol lipids","Retinoids","Retinoids"
0.0186122589379827,-0.00810601939613479,0.00141703916654431,-0.000554673225914808,-0.00530086903692363,"Com_6511_pos","3,4-MDEA-d5","C12 H12 [2]H5 N O2",106.07898,6.329,107.08632,"Invalid mass","No results","No results",NA,NA,NA,NA
0.0612012306942822,0.0204893242361694,0.0349721036256642,0.000683772954783949,0.0252024951728105,"Com_6541_pos","S-Adenosylhomocysteine","C14 H20 N6 O5 S",384.12305,2.221,385.13031,"Full match","Full match","Full match","Nucleosides, nucleotides, and analogues","5'-deoxyribonucleosides","5'-deoxy-5'-thionucleosides","5'-deoxy-5'-thionucleosides"
0.0178481201117403,0.000440153481929172,-0.0111141444283648,-0.0109270787535199,-0.0126493372414562,"Com_6545_pos","2-(1H-indol-3-yl)acetic acid","C10 H9 N O2",175.06408,4.975,176.07137,"Full match","No results","Full match",NA,NA,NA,NA
0.0175852939129856,-0.00267399697180292,-0.021710377934038,-0.005786837205718,-0.0284516109449336,"Com_6554_neg","Quinic acid","C7 H12 O6",192.06386,5.364,191.05656,"No results","No results","Full match","Organic oxygen compounds","Organooxygen compounds","Alcohols and polyols","Quinic acids and derivatives"
0.0136094875791375,-0.0065160876167882,-0.00209370631026336,-0.00606215723407925,-0.0101390083418952,"Com_6575_pos","Isophorone","C9 H14 O",138.10515,6.06,139.11238,"Full match","No results","Full match","Organic oxygen compounds","Organooxygen compounds","Carbonyl compounds","Cyclohexenones"
0.0072860218333574,-0.0339789747397241,0.0164716867284105,-0.00619676492057444,0.0213102460719088,"Com_6582_pos","L-lysine","C6 H14 N2 O2",146.10621,1.396,129.10293,"No results","No results","Full match","Organic acids and derivatives","Carboxylic acids and derivatives","Amino acids, peptides, and analogues","L-alpha-amino acids"
0.0128191395343877,-0.0162318918182602,0.000252378101678118,-0.0205561157496576,-0.0277458796173216,"Com_6587_neg","19(R)-Hydroxy-prostaglandin E2","C20 H32 O6",350.21153,6.883,349.2042,"Invalid mass","No results","No results","Lipids and lipid-like molecules","Fatty Acyls","Eicosanoids","Prostaglandins and related compounds"
0.00764650402972292,-0.00621873530945858,-0.00636164805327653,-0.00869673289308289,-0.0247282353495591,"Com_6595_pos","16α-Hydroxyestrone","C18 H22 O3",286.15802,5.756,287.16535,"Full match","No results","No results","Lipids and lipid-like molecules","Steroids and steroid derivatives","Estrane steroids","Estrogens and derivatives"
0.0116746864370972,-0.0123568470522786,-0.0104187428372273,0.00262005428446905,-0.00181680410781457,"Com_6606_pos","L-Carnitine","C7 H15 N O3",161.10591,5.968,162.11322,"No results","No results","Full match","Organic nitrogen compounds","Organonitrogen compounds","Quaternary ammonium salts","Carnitines"
0.0179276580363847,-0.0084169050156098,0.0135521077552351,-0.0264550676065141,0.0129656539728343,"Com_6609_neg","6-phospho-D-glucono-1,5-lactone","C6 H11 O9 P",258.01378,5.548,257.0065,"No results","No results","Full match",NA,NA,NA,NA
0.0110985156565074,-0.011141841027658,-0.0160642385139512,-0.0137473477090488,-0.000635010001885153,"Com_6620_neg","4-Phenylbutyric acid","C10 H12 O2",164.08364,5.985,163.07627,"Full match","No results","Full match","Benzenoids","Benzene and substituted derivatives","Not available","Benzene and substituted derivatives"
0.0163668160869001,-0.00391976839840733,-0.0139088668131293,-0.0194793389732668,0.00392080320186929,"Com_6627_pos","N1-(2,3-dihydro-1,4-benzodioxin-6-yl)acetamide","C10 H11 N O3",193.07472,5.249,194.08209,"Full match","No results","Full match",NA,NA,NA,NA
0.0136944098205592,-0.0131500576170915,0.0082414423071837,0.0116062699444008,0.00635141388375623,"Com_662_pos","D-(+)-Proline","C5 H9 N O2",115.06403,1.894,116.07131,"Invalid mass","Invalid mass","No results","Organic acids and derivatives","Carboxylic acids and derivatives","Amino acids, peptides, and analogues","Proline and derivatives"
0.0256928345761701,-0.0234462495080131,0.0227990299544337,-0.0124185960009207,0.00650525685877319,"Com_6648_neg","8,8'-dicarboxy-1,1'-binaphthalene","C22 H14 O4",342.08962,5.639,341.08248,"Full match","No results","No results",NA,NA,NA,NA
0.0185931254026822,0.00758341527843372,-0.0206159611154997,-6.5479291775515e-05,-0.00413467019915262,"Com_6654_pos","N-(2,4-Dimethylphenyl)formamide","C9 H11 N O",149.0847,4.035,150.09197,"Full match","No results","No results","Benzenoids","Benzene and substituted derivatives","Anilides","Anilides"
0.0253331559319691,-0.0283481364944009,0.0163429075867681,-0.0405199671145736,0.0431257037507167,"Com_6665_pos","8-Isoprostaglandin F1β","C20 H36 O5",373.28459,5.914,374.29186,"Invalid mass","No results","No results","Lipids and lipid-like molecules","Fatty Acyls","Eicosanoids","Prostaglandins and related compounds"
0.0296566237384065,0.0109267217616691,0.0043888887053286,0.0253872012798698,-0.0017351009054461,"Com_6669_pos","Neosaxitoxin","C10 H17 N7 O5",337.11164,5.876,338.11892,"Invalid mass","No results","No results","Phenylpropanoids and polyketides","Saxitoxins, gonyautoxins, and derivatives","Not available","Saxitoxins, gonyautoxins, and derivatives"
-0.0363368837727461,-0.106701890484902,0.00528225090288788,-0.018344110381385,0.0333498855367078,"Com_666_pos","D-Phenylalanine","C9 H11 N O2",165.07966,1.94,166.08693,"No results","No results","Full match","Organic acids and derivatives","Carboxylic acids and derivatives","Amino acids, peptides, and analogues","Phenylalanine and derivatives"
0.0262967374866762,-0.0145235087993452,-0.0123270415789803,0.00905170658648674,0.00336787945177507,"Com_6682_pos","Oleanolic acid","C30 H48 O3",438.35185,5.953,439.35913,"Invalid mass","No results","No results","Lipids and lipid-like molecules","Prenol lipids","Triterpenoids","Triterpenoids"
0.0222198026219534,-0.0116186965348994,-0.0125585646167981,0.013130077432674,0.0264182927932089,"Com_6684_pos","5-[(Benzoyloxy)methyl]-4,5,6-trihydroxy-2-cyclohexen-1-yl benzoate","C21 H20 O7",384.11797,4.821,385.12524,"Invalid mass","No results","No results","Benzenoids","Benzene and substituted derivatives","Benzoic acids and derivatives","Benzoic acid esters"
0.00986215108179515,-0.0250736412639415,0.0215018978748589,-0.0137471965909106,0.00600648792914042,"Com_6694_pos","N-Acetyl-L-glutamine","C7 H12 N2 O4",188.0804,1.706,189.08769,"Full match","Full match","No results","Organic acids and derivatives","Carboxylic acids and derivatives","Amino acids, peptides, and analogues","Glutamine and derivatives"
0.0234025206769584,-0.0202658668469737,-0.125051836493164,0.0460482389966316,-0.0209578609583223,"Com_669_neg","Chlortetracycline","C22 H23 Cl N2 O8",478.11399,5.628,477.10671,"Full match","No results","No results","Phenylpropanoids and polyketides","Tetracyclines","Not available","Tetracyclines"
0.0208611739939627,-0.0208016688987552,0.0141119233951008,-0.0152654555393471,-0.00393249350391216,"Com_6702_neg","Cinnamyl alcohol","C9 H10 O",134.07299,5.818,133.06553,"Full match","No results","No results","Phenylpropanoids and polyketides","Cinnamyl alcohols","Not available","Cinnamyl alcohols"
0.0261484509284611,-0.00257995864595574,0.000864343306024442,0.00549293226327246,0.00524987791276539,"Com_671_neg","3-Hydroxy-3-methylglutaric acid","C6 H10 O5",162.05282,3.174,161.04557,"Full match","No results","No results","Lipids and lipid-like molecules","Fatty Acyls","Fatty acids and conjugates","Hydroxy fatty acids"
0.00836295076241776,-0.0147754301105699,0.0103453968366657,0.000898721776375892,0.0159882087193714,"Com_6727_neg","N-Acetyl-5-aminosalicylic acid","C9 H9 N O4",195.05362,5.915,194.04634,"Full match","Full match","No results","Benzenoids","Benzene and substituted derivatives","Benzoic acids and derivatives","Acylaminobenzoic acid and derivatives"
-0.051046140410048,-0.0970067580475892,0.00542407010744011,0.0207318073735215,0.0294849263032992,"Com_6757_pos","Octadecanamine","C18 H39 N",269.30964,8.241,270.31692,"Invalid mass","No results","No results","Organic nitrogen compounds","Organonitrogen compounds","Amines","Monoalkylamines"
0.022741242456237,-0.00821856075540078,-0.0196558526749541,0.0177557492887016,0.00547602542961159,"Com_6773_pos","JNJ-1661010","C19 H19 N5 O S",365.13132,6.294,388.12057,"No results","No results","Full match","Organoheterocyclic compounds","Diazinanes","Piperazines","N-arylpiperazines"
0.00271668891740215,-0.0128228754853941,-0.0797241519433173,0.00573888902099894,0.0287253857621708,"Com_677_neg","2-Isopropylmalic acid","C7 H12 O5",176.06879,5.399,175.06152,"Full match","Full match","Full match","Lipids and lipid-like molecules","Fatty Acyls","Fatty acids and conjugates","Hydroxy fatty acids"
0.0445224371922407,-0.0117437899266619,0.0224455340150063,-0.00012046292979131,-0.00381226943964767,"Com_6780_pos","RPH","C17 H28 N8 O4",408.22776,5.236,409.23504,"Invalid mass","No results","No results",NA,NA,NA,NA
0.0288859718952379,-0.0237697277128302,0.0207633601549671,-0.0180839633265343,0.0018854386118869,"Com_6792_pos","Pyridoxine O-Glucoside","C14 H21 N O8",331.12824,5.315,332.13551,"No results","No results","Full match","Organoheterocyclic compounds","Pyridines and derivatives","Pyridoxines","Pyridoxines"
0.0421658705576677,-0.000991129706997766,-0.0712543682002181,-0.00849400013176546,-0.0121734207600156,"Com_6806_pos","Isovanillic acid","C8 H8 O4",168.04304,5.016,169.0504,"Full match","No results","Full match","Benzenoids","Benzene and substituted derivatives","Benzoic acids and derivatives","P-methoxybenzoic acids and derivatives"
0.0268599823847769,-0.0274295125916249,0.00341381638189362,-0.00224505766753512,0.0169466512653035,"Com_6823_neg","Taurocholic acid","C26 H45 N O7 S",515.28975,6.399,514.28247,"No results","No results","Full match","Lipids and lipid-like molecules","Steroids and steroid derivatives","Bile acids, alcohols and derivatives","Trihydroxy bile acids, alcohols and derivatives"
0.0157215214087537,-0.00281478988617348,-0.00576830968952804,-0.00755126294986583,-0.0357870642866216,"Com_683_neg","Benzoic acid","C7 H6 O2",122.03646,5.243,121.02917,"Full match","Full match","Full match","Benzenoids","Benzene and substituted derivatives","Benzoic acids and derivatives","Benzoic acids"
0.0211075085283778,0.0155718372240475,-0.0444662333569728,0.00494828651147347,-0.00258025426113873,"Com_6840_pos","4-oxododecanedioic acid","C12 H20 O5",266.11439,5.529,267.12164,"Invalid mass","No results","No results",NA,NA,NA,NA
-0.0127087311167307,-0.0229405092379178,-0.00609507286981476,0.0036316323025319,0.0137355702542021,"Com_6848_pos","Ricinine","C8 H8 N2 O2",164.0592,1.466,165.06644,"Full match","No results","No results","Organoheterocyclic compounds","Pyridines and derivatives","3-pyridinecarbonitriles","3-pyridinecarbonitriles"
0.0304918514198325,-0.0117997136888419,-0.0203905176067004,-0.00502959246531517,0.0135615835573122,"Com_6856_pos","Retrorsine","C18 H25 N O6",351.16974,5.517,352.17701,"Full match","No results","No results","Phenylpropanoids and polyketides","Macrolides and analogues","Not available","Macrolides and analogues"
0.0461746037083513,0.0183537271549302,0.0131645323343749,0.00776184538967428,0.00991277275742796,"Com_6929_pos","Biopterin","C9 H11 N5 O3",237.0871,2.256,238.09438,"Full match","Full match","Full match","Organoheterocyclic compounds","Pteridines and derivatives","Pterins and derivatives","Biopterins and derivatives"
0.0096608765941431,-0.0166261472877038,0.00469672830298293,-0.021514480308849,-0.0196934109313508,"Com_6939_neg","Resolvin E1","C20 H30 O5",350.2097,6.42,349.20243,"Full match","No results","No results","Lipids and lipid-like molecules","Fatty Acyls","Eicosanoids","Hydroxyeicosapentaenoic acids"
0.00871359764216617,-0.00570214287068544,-0.0571544575687196,0.00185544064208614,0.0339394188079186,"Com_695_neg","5-Methoxyindole-3-Carbaldehyde","C10 H9 N O2",175.06366,5.4,174.05627,"No results","No results","Full match","Organoheterocyclic compounds","Indoles and derivatives","Indoles","Indoles"
0.0217794767148889,0.015607716352723,-0.0295538981109453,-0.0742633253663704,0.00162530924770621,"Com_695_pos","7-Methylxanthine","C6 H6 N4 O2",166.04973,3.573,167.05701,"Full match","No results","Full match","Organoheterocyclic compounds","Imidazopyrimidines","Purines and purine derivatives","Xanthines"
0.0100880669876253,-0.00621209440507768,0.00172166750784566,0.000195689595258106,0.00656847679300451,"Com_6965_neg","6-(4-methoxyphenyl)pyrimidine-2,4-diamine","C11 H12 N4 O",170.09524,5.523,169.08736,"Invalid mass","No results","No results",NA,NA,NA,NA
-0.00384947724784913,-0.0593137747745443,0.0172549335894838,-0.0109523587250154,0.0321736447305299,"Com_6968_pos","5,7-dimethyl-2-phenylpyrazolo[1,5-a]pyrimidine","C14 H13 N3",261.06841,1.656,244.06491,"Invalid mass","No results","No results",NA,NA,NA,NA
0.0264713929848024,-0.0119789982577896,0.0757460980997652,-0.00451444794807486,-0.0970518719672655,"Com_696_neg","Taurolithocholic acid 3-sulfate","C26 H45 N O8 S2",563.26166,7.049,280.62355,"Invalid mass","No results","No results","Lipids and lipid-like molecules","Steroids and steroid derivatives","Bile acids, alcohols and derivatives","Taurinated bile acids and derivatives"
0.0177506063346305,-0.00358225530839505,0.0134300253975513,0.00416804675483309,-0.0244219514081845,"Com_7005_neg","1H-benzo[d]imidazole-2-thiol","C7 H6 N2 S",150.02479,5.333,149.01752,"Full match","No results","No results",NA,NA,NA,NA
-0.0207613284477096,-0.0848426094845439,0.00332423690614138,0.00136906102883615,0.0281136492321863,"Com_702_neg","Porphobilinogen","C10 H14 N2 O4",226.09659,1.649,225.08931,"Invalid mass","No results","No results","Organic nitrogen compounds","Organonitrogen compounds","Amines","Aralkylamines"
0.0106001682846421,-0.0178922717920046,-0.0159340668460346,-0.000416498585769081,-0.0816537143787819,"Com_702_pos","Isorhapontigenin","C15 H14 O4",258.09053,5.734,259.09781,"Invalid mass","No results","No results","Phenylpropanoids and polyketides","Stilbenes","Not available","Stilbenes"
0.00523408730010943,-0.0160687997925486,0.00402847433103042,-0.023588434349242,0.00911435752766861,"Com_7030_neg","3-Hydroxydecanoic acid","C10 H20 O3",188.14145,6.088,187.13432,"Full match","No results","Full match","Organic acids and derivatives","Hydroxy acids and derivatives","Medium-chain hydroxy acids and derivatives","Medium-chain hydroxy acids and derivatives"
-0.000436889774058089,-0.0181282130675477,-0.00286237921987169,-0.0128050844512133,0.00633845044741309,"Com_7045_pos","Skatole","C9 H9 N",131.07415,1.974,132.08142,"Full match","No results","Full match","Organoheterocyclic compounds","Indoles and derivatives","Indoles","3-methylindoles"
0.0147317984124517,-0.0105106176078858,0.0111710179020273,0.00141154764917718,0.0208385641178747,"Com_704_pos","N6,N6,N6-Trimethyl-L-lysine","C9 H20 N2 O2",188.15358,1.217,189.16086,"Invalid mass","Invalid mass","No results","Organic acids and derivatives","Carboxylic acids and derivatives","Amino acids, peptides, and analogues","L-alpha-amino acids"
0.00850698784504165,0.000287988913417579,0.00203866633115652,-0.00497915504376716,-0.00894443529316817,"Com_7080_pos","N-Methylisoleucine","C7 H15 N O2",145.1108,3.113,146.11808,"No results","Full match","No results","Organic acids and derivatives","Carboxylic acids and derivatives","Amino acids, peptides, and analogues","Isoleucine and derivatives"
0.0172139149831328,-0.0161385133263312,-0.00992205546473498,0.00255656043642224,-0.0491261429717726,"Com_7084_neg","Carminic acid","C22 H20 O13",492.09474,5.405,491.08746,"Invalid mass","No results","No results","Benzenoids","Anthracenes","Anthracenecarboxylic acids and derivatives","Anthracenecarboxylic acids"
0.0138692074584149,-0.0337990421084908,0.0245487617446945,-0.000581976450821852,0.00779038944284598,"Com_7098_pos","Homoarginine","C7 H16 N4 O2",188.12823,1.324,189.13551,"No results","No results","Full match","Organic acids and derivatives","Carboxylic acids and derivatives","Amino acids, peptides, and analogues","L-alpha-amino acids"
0.00648875330409079,-0.0265287784824854,0.0316710102555495,-0.0211205682762042,0.00757852792267433,"Com_70_pos","Proline-hydroxyproline","C10 H16 N2 O4",103.06533,1.416,229.11993,"No results","Invalid mass","No results","Organic acids and derivatives","Carboxylic acids and derivatives","Amino acids, peptides, and analogues","Dipeptides"
0.0121034809460411,-0.016939314817221,-0.00557791123778045,-0.00190388123379349,-0.00823021329958577,"Com_7122_pos","Andrographolide","C20 H30 O5",350.21042,6.014,351.21756,"Full match","No results","No results","Organoheterocyclic compounds","Lactones","Gamma butyrolactones","Gamma butyrolactones"
0.0441784673778645,0.00713914841779897,0.0164645840760041,-0.00305857215126354,0.030086225933633,"Com_713_pos","L-Methionine Methyl Ester","C6 H13 N O2 S",163.0672,3.717,147.04788,"No results","No results","Full match",NA,NA,NA,NA
0.0162580902248028,-0.0139950850399844,-0.00366082973747552,0.0262105116169751,0.00167016800882696,"Com_7144_pos","6-amino-1-(2-methylphenyl)-1,2,3,4-tetrahydropyrimidine-2,4-dione","C11 H11 N3 O2",217.08597,5.284,218.09325,"Full match","No results","No results",NA,NA,NA,NA
0.0235842549767618,-0.0223593853494974,-0.0355308869801751,-0.015348997549986,-0.0258518608261555,"Com_7190_neg","2'-Deoxyuridine-5-monophosphate","C9 H13 N2 O8 P",308.03736,5.576,307.03004,"Invalid mass","No results","No results","Nucleosides, nucleotides, and analogues","Pyrimidine nucleotides","Pyrimidine deoxyribonucleotides","Pyrimidine 2'-deoxyribonucleoside monophosphates"
0.0204890559697512,-0.0105794303106589,0.00352781615165731,-0.0131920329864396,-0.0101490274517334,"Com_7190_pos","Palmitoleic Acid","C16 H30 O2",276.21009,6.656,277.21738,"Invalid mass","No results","No results","Lipids and lipid-like molecules","Fatty Acyls","Fatty acids and conjugates","Long-chain fatty acids"
0.0183461270182087,-0.0130563428178039,-0.00219279129679252,-0.0225669120400234,-0.0118857871314594,"Com_7196_pos","Terbutaline","C12 H19 N O3",225.13741,5.802,226.14473,"Full match","No results","No results","Benzenoids","Phenols","Benzenediols","Resorcinols"
0.0191784047013473,-0.00960610028117889,-0.00110368152737685,0.044673079145981,-0.00923330921632463,"Com_7206_pos","Saxitoxin","C10 H17 N7 O4",321.11676,5.531,322.12404,"Invalid mass","No results","No results","Phenylpropanoids and polyketides","Saxitoxins, gonyautoxins, and derivatives","Not available","Saxitoxins, gonyautoxins, and derivatives"
0.0171410147525192,-0.0145718002699698,-0.0270764220848926,-0.00772055788255989,-0.00808248762427972,"Com_7238_neg","4-(3,4-dihydro-2H-1,5-benzodioxepin-7-yl)-4-oxobutanoic acid","C13 H14 O5",250.08566,5.7,249.0781,"Invalid mass","No results","No results",NA,NA,NA,NA
0.0152587791321283,-0.0130537158219206,0.00121537482662403,-0.00284333424883767,-0.00980727031148082,"Com_7241_neg","Dl-Indole-3-lactic acid","C11 H11 N O3",205.07485,5.309,204.06728,"No results","No results","Full match","Organoheterocyclic compounds","Indoles and derivatives","Indolyl carboxylic acids and derivatives","Indolyl carboxylic acids and derivatives"
-0.00125991337411068,-0.0212568690336915,-0.0096656533419171,-0.00540183229409063,-0.00215961033676762,"Com_7265_neg","Allantoin","C4 H6 N4 O3",158.04401,1.327,157.03669,"No results","No results","Full match","Organoheterocyclic compounds","Azoles","Imidazoles","Imidazoles"
0.0211100200841233,-0.0222709203612288,-0.0128527786448422,-0.0164170182074487,-0.00858920442381297,"Com_7268_pos","CAR 6:2","C13 H22 N O4",255.14784,6.07,256.15512,"No results","Invalid mass","No results",NA,NA,NA,NA
0.0252445504025915,-0.00369889679522307,-0.0235257117720473,-0.0076151337765076,-0.012903381100024,"Com_727_neg","5-Phenyl-N-(4-(trifluoromethyl)phenyl)oxazol-2-amine","C16 H11 F3 N2 O",304.08097,5.032,303.07369,"Full match","No results","No results","Organoheterocyclic compounds","Azoles","Oxazoles","Phenyl-1,3-oxazoles"
0.014796946863982,-0.0535505051683753,0.0621646276347216,-0.0170957422898029,-0.0490553341937258,"Com_729_neg","Glycoursodeoxycholic acid","C26 H43 N O5",403.30926,6.657,448.30746,"Invalid mass","Invalid mass","No results","Lipids and lipid-like molecules","Steroids and steroid derivatives","Bile acids, alcohols and derivatives","Glycinated bile acids and derivatives"
-0.00147170768181007,-0.0249679605435479,0.00112161896846159,-0.00406836930670158,0.000391061522516857,"Com_7318_pos","1,3-Diphenylacetone","C15 H14 O",210.10155,4.548,211.10883,"Invalid mass","No results","No results","Phenylpropanoids and polyketides","Linear 1,3-diarylpropanoids","Not available","Linear 1,3-diarylpropanoids"
-0.0267672963476171,-0.0789985096552095,0.0029657045406759,-0.0199782599953435,0.0234185870345568,"Com_731_pos","L-Leucyl-L-Alanine","C9 H18 N2 O3",202.13251,4.873,185.12922,"No results","No results","Full match","Organic acids and derivatives","Carboxylic acids and derivatives","Amino acids, peptides, and analogues","Peptides"
0.0459682892776623,0.0298592705863153,-0.0113734853041569,-0.00587970640558181,0.00326870077213044,"Com_7327_pos","Pyridostigmine","C9 H12 N2 O2",180.09064,4.858,181.09795,"Full match","No results","No results","Organoheterocyclic compounds","Pyridines and derivatives","Methylpyridines","N-methylpyridinium compounds"
-0.00181105773448758,-0.0498274617942776,0.000336814597114861,-0.00112434719290495,0.0182666768793062,"Com_7328_pos","L-Alanyl-L-proline","C8 H14 N2 O3",186.10149,1.622,187.10878,"Invalid mass","No results","No results","Organic acids and derivatives","Carboxylic acids and derivatives","Amino acids, peptides, and analogues","Dipeptides"
0.0177055372538588,-0.00661957898147634,0.00546294627133988,-0.00765503110334564,0.00256193221274985,"Com_7329_pos","α-Ergocryptine","C32 H41 N5 O5",575.31175,6.544,576.31905,"Full match","No results","No results","Alkaloids and derivatives","Ergoline and derivatives","Lysergic acids and derivatives","Lysergamides"
0.0158470848997047,-0.0143107241199371,0.00183884723407461,0.000581761593784374,0.00246235381203423,"Com_732_pos","L-Adrenaline","C9 H13 N O3",183.09036,5.919,184.09764,"No results","No results","Full match","Benzenoids","Phenols","Benzenediols","Catechols"
0.00504069758087486,-0.00584249671376937,-0.0228615699902843,-0.00811157648069991,-0.0190414393488957,"Com_7338_neg","3-(4-methoxyphenoxy)propanoic acid","C10 H12 O4",196.07399,5.891,195.06673,"Full match","No results","Full match",NA,NA,NA,NA
0.0113668874092195,-0.0120124596469647,0.0234421934493558,0.00623401219683042,-0.0460872004784083,"Com_7365_neg","4-tert-Amylphenol","C11 H16 O",164.12007,5.471,163.11279,"Full match","No results","No results","Benzenoids","Benzene and substituted derivatives","Phenylpropanes","Phenylpropanes"
0.0376978467183773,0.00681656566737216,-0.00152292734655738,-0.00270500177881108,-0.0444873028588815,"Com_737_neg","Acetaminophen glucuronide","C14 H17 N O8",327.0969,4,326.08962,"Full match","Full match","No results","Organic oxygen compounds","Organooxygen compounds","Carbohydrates and carbohydrate conjugates","Phenolic glycosides"
0.00994566729546016,-0.0018174852663493,-0.00402817599766507,0.00554424637534633,0.00226712633014823,"Com_7382_pos","1,3-Dimethyluracil","C6 H8 N2 O2",140.05927,1.871,141.06646,"No results","No results","Full match","Organoheterocyclic compounds","Diazines","Pyrimidines and pyrimidine derivatives","Pyrimidones"
0.0018080284353359,-0.035177428849693,-0.0120866849318091,-0.0395669376356258,0.00892443079872968,"Com_738_pos","trans-3-Hydroxycotinine","C10 H12 N2 O2",192.09057,1.652,193.09785,"Full match","No results","No results","Organoheterocyclic compounds","Pyridines and derivatives","Pyrrolidinylpyridines","Pyrrolidinylpyridines"
0.0214050296973088,0.000923316612707886,0.0210253620584093,-0.0140063386798232,0.0117658228977805,"Com_73_pos","1-(6-methyl-3-pyridyl)ethan-1-one O1-ethyloxime hydrochloride","C10 H14 N2 O",178.11148,5.391,179.11871,"Full match","No results","No results",NA,NA,NA,NA
0.0131757134677704,-0.0117447607285106,0.0351876045803399,-0.00553730343226508,0.00361628744450151,"Com_7406_neg","Prostaglandin D3","C20 H30 O5",332.20084,6.243,331.19354,"Invalid mass","No results","No results","Lipids and lipid-like molecules","Fatty Acyls","Eicosanoids","Prostaglandins and related compounds"
0.00999579717700898,-0.0236353771290035,0.0123076645807554,-0.021036054363643,0.00821771820373314,"Com_740_pos","Methylimidazoleacetic acid","C6 H8 N2 O2",140.05919,1.389,141.06645,"Full match","No results","Full match","Organoheterocyclic compounds","Azoles","Imidazoles","Imidazolyl carboxylic acids and derivatives"
0.0404616833219934,-0.0134950803338521,0.0369802413267783,0.0095580094457055,0.0600621742900435,"Com_7430_pos","VLH","C17 H29 N5 O4",367.22356,5.235,368.23082,"Full match","No results","No results",NA,NA,NA,NA
0.0140114186284909,0.00303034030860803,-0.0140980762331227,-0.00307523620839637,-0.00555365568868493,"Com_7432_pos","6-methoxy-2,3,4,9-tetrahydro-1H-beta-carbolin-1-one","C12 H12 N2 O2",216.09099,6.373,217.09827,"Invalid mass","No results","No results",NA,NA,NA,NA
0.0534106906108295,0.0393336165875768,0.0185380036321947,-0.00585155738559639,0.00725306494718706,"Com_7444_pos","DLK","C16 H30 N4 O6",374.218,5.053,375.22533,"Full match","No results","No results",NA,NA,NA,NA
0.0129218335164202,0.00236699707427276,0.000746860340676046,-0.0108817116192099,0.0055689156150377,"Com_7460_pos","4-(5H-thieno[3',2':5,6]thiino[4,3-d]pyrimidin-2-yl)benzamide","C16 H11 N3 O S2",325.03185,5.148,326.03913,"Invalid mass","No results","No results",NA,NA,NA,NA
0.0147206285310339,-0.0254344972726622,-0.0182383599564339,0.0349215272797594,-0.00173990762290438,"Com_7468_pos","Radicinin","C12 H12 O5",258.0516,5.469,259.05888,"Invalid mass","No results","No results","Organic oxygen compounds","Organooxygen compounds","Carbonyl compounds","Aryl alkyl ketones"
0.00683445821669806,-0.00401917200808373,0.0161323318243131,-0.0123024892255289,0.00844641753903637,"Com_7489_pos","Cortisone","C21 H28 O5",161.12022,5.962,361.20276,"Invalid mass","Invalid mass","No results","Lipids and lipid-like molecules","Steroids and steroid derivatives","Hydroxysteroids","21-hydroxysteroids"
0.00537603868938921,-0.0117918785086359,0.00555240849461134,-0.0339403768539114,0.00502458827292194,"Com_7492_neg","10-Undecenoic acid","C11 H20 O2",184.14673,6.568,183.13937,"No results","No results","Full match","Lipids and lipid-like molecules","Fatty Acyls","Fatty acids and conjugates","Medium-chain fatty acids"
0.0259661670840043,-0.0187802119452891,-0.00737373881320463,0.0480455089410844,0.00510997952746281,"Com_7492_pos","YQH","C20 H26 N6 O6",446.19733,5.629,447.2048,"Invalid mass","Invalid mass","No results",NA,NA,NA,NA
-0.000592749223317584,0.000756297945679466,0.000399684943150086,0.000991484781442098,-0.0038405498689553,"Com_7501_neg","D-(-)-Mannitol","C6 H14 O6",182.07928,0.082,181.072,"Full match","Full match","Full match","Organic oxygen compounds","Organooxygen compounds","Carbohydrates and carbohydrate conjugates","Sugar alcohols"
0.0209752089180774,-0.0100648292251918,0.00129383134165032,-0.0212637069973775,0.00375034460094385,"Com_7511_pos","Metanephrine","C10 H15 N O3",197.10617,5.39,198.11349,"No results","No results","Full match","Benzenoids","Phenols","Methoxyphenols","Methoxyphenols"
0.0222470599144748,-0.00640500493531503,-0.00484270683407413,0.00806582975993634,0.00276054202222817,"Com_7515_pos","diethyl 2-{[2-(2-thienylcarbonyl)hydrazino]methylidene}malonate","C13 H16 N2 O5 S",334.06203,5.215,335.06931,"Invalid mass","No results","No results",NA,NA,NA,NA
0.0304341192250759,-0.00617858268678251,-0.0114990476795393,0.039378882255627,0.00473799741832188,"Com_7528_pos","1-(3,4-dihydroxyphenyl)-7-(4-hydroxyphenyl)heptan-3-one","C19 H22 O4",336.13732,5.585,337.14459,"Invalid mass","No results","No results",NA,NA,NA,NA
0.00827520405798774,-0.0165376963087176,5.97966574486145e-05,-0.00729269774818381,-0.0159740990572541,"Com_7534_neg","Butylparaben","C11 H14 O3",194.09484,5.847,193.08755,"Full match","No results","No results","Benzenoids","Benzene and substituted derivatives","Benzoic acids and derivatives","p-Hydroxybenzoic acid alkyl esters"
0.0145657319529221,-0.00697233002831917,0.00237014986128898,-0.0187436541711566,0.000634786575332751,"Com_7538_pos","Cotinine N-oxide","C10 H12 N2 O2",192.09072,3.946,193.098,"Full match","No results","No results","Organoheterocyclic compounds","Pyridines and derivatives","Pyrrolidinylpyridines","Pyrrolidinylpyridines"
0.00569030336452805,-0.0256007533571249,0.000997860629745836,-0.0024433884958565,0.0148957632938661,"Com_7581_pos","L-Ergothioneine","C9 H15 N3 O2 S",229.08948,1.411,230.09675,"Full match","Full match","Full match","Organic acids and derivatives","Carboxylic acids and derivatives","Amino acids, peptides, and analogues","Histidine and derivatives"
0.0237538421844287,-0.000579600107836952,-0.00686347211597289,0.0149620850696531,0.0057465689814054,"Com_7631_pos","Venlafaxine N-Oxide","C17 H27 N O3",293.20102,5.034,294.20831,"Invalid mass","No results","No results","Benzenoids","Phenol ethers","Anisoles","Anisoles"
0.0139068894770915,-0.0076280251917855,-0.0145306111682105,0.00344471972448474,0.0100560091061621,"Com_7643_neg","Gluconolactone","C6 H10 O6",178.04832,1.552,177.04091,"No results","No results","Full match","Organic oxygen compounds","Organooxygen compounds","Carbohydrates and carbohydrate conjugates","Gluconolactones"
0.017528358153422,0.0110778938106788,-0.0974112728016743,-0.151590982684569,0.0143986486251171,"Com_7661_pos","Guaiacol","C7 H8 O2",123.04402,5.179,124.0513,"Invalid mass","No results","No results","Benzenoids","Phenols","Methoxyphenols","Methoxyphenols"
0.0207882061153572,0.0115956048118661,0.0220300322847559,-0.00878942015717607,0.000795313925501061,"Com_7679_pos","5'-S-Methyl-5'-thioadenosine","C11 H15 N5 O3 S",297.09101,5.183,298.09829,"Full match","Full match","Full match","Nucleosides, nucleotides, and analogues","5'-deoxyribonucleosides","5'-deoxy-5'-thionucleosides","5'-deoxy-5'-thionucleosides"
0.016891620146668,-0.0146892744943486,-0.00136702300796884,0.00157189869909557,0.014576502832531,"Com_7697_neg","dTMP","C10 H15 N2 O8 P",322.05609,5.857,321.04881,"No results","No results","Full match","Nucleosides, nucleotides, and analogues","Pyrimidine nucleotides","Pyrimidine deoxyribonucleotides","Pyrimidine 2'-deoxyribonucleoside monophosphates"
0.0135523640260657,-0.00873826204014399,0.0170176233289157,0.00696680978889244,0.00120762279784315,"Com_76_neg","L-(+)-Tartaric acid","C4 H6 O6",150.01618,1.354,149.0089,"Full match","Full match","No results","Organic oxygen compounds","Organooxygen compounds","Carbohydrates and carbohydrate conjugates","Sugar acids and derivatives"
0.0265220515570869,-0.0132662635937751,-0.0229100326981336,-0.000138507779735136,0.00471303642159273,"Com_76_pos","HET0016","C12 H18 N2 O",228.12714,5.801,229.13441,"Invalid mass","No results","No results","Benzenoids","Benzene and substituted derivatives","Toluenes","Toluenes"
0.0256422817314081,-0.00753422334219761,-0.00894484342012477,-0.0282164363786675,-0.015987371279351,"Com_7705_neg","Catechin","C15 H14 O6",290.08033,5.168,289.07302,"Full match","Full match","No results","Phenylpropanoids and polyketides","Flavonoids","Flavans","Catechins"
-0.00247615366040623,-0.0323971355242533,-0.00934967153224775,0.00628032068461763,0.00666398699945654,"Com_7710_neg","2-Isopropylmalate","C7 H12 O5",176.06842,5.268,175.06126,"No results","No results","Full match","Lipids and lipid-like molecules","Fatty Acyls","Fatty acids and conjugates","Hydroxy fatty acids"
0.0117174275638977,-0.000312998142011937,-0.0233220146427639,0.00169385762607725,-0.000526907445031266,"Com_7716_neg","6-Hydroxynicotinic acid","C6 H5 N O3",139.02682,2.04,138.01955,"Full match","Full match","Full match","Organoheterocyclic compounds","Pyridines and derivatives","Pyridinecarboxylic acids and derivatives","Pyridinecarboxylic acids"
0.0176501524150983,0.00984165163485199,0.00494728593905881,0.00335249510659909,0.0163883353622734,"Com_7728_neg","Methylmalonate","C4 H6 O4",118.02652,1.398,117.01882,"No results","No results","Full match","Organic acids and derivatives","Carboxylic acids and derivatives","Dicarboxylic acids and derivatives","Dicarboxylic acids and derivatives"
-0.0164173417183715,-0.0262233162853625,-0.00307653953170033,0.00145710100128625,0.00141666633047391,"Com_7734_pos","Arachidonoyl amide","C20 H33 N O",303.25516,9.691,304.26243,"Full match","No results","No results","Lipids and lipid-like molecules","Fatty Acyls","Fatty amides","Fatty amides"
0.019286192033234,0.00754804065197099,0.0376652936423971,0.00195729212691808,-0.00388423099870744,"Com_774_neg","4-Aminohippuric acid","C9 H10 N2 O3",194.0696,5.002,193.06232,"Full match","Full match","Full match","Benzenoids","Benzene and substituted derivatives","Benzoic acids and derivatives","Hippuric acids"
0.0162159341971924,-0.0162861504418489,-0.00520152337284603,0.0136942188478093,-0.0051442437953255,"Com_7755_neg","ethyl 3-cyano-2-hydroxy-6-phenylisonicotinate","C15 H12 N2 O3",268.08595,5.722,267.07867,"Full match","No results","No results",NA,NA,NA,NA
0.0110804834509535,-0.00975104696961746,0.00268478694857547,0.000132417920146005,0.0186147803537859,"Com_777_neg","L-Ascorbic acid 2-sulfate","C6 H8 O9 S",127.99496,1.392,254.98265,"Invalid mass","No results","No results","Organoheterocyclic compounds","Dihydrofurans","Furanones","Butenolides"
0.0197239819045316,-0.0351818705681017,-0.0316251379408937,-0.0353086528960142,0.0393331449163303,"Com_777_pos","L-Tryptophan","C11 H12 N2 O2",204.09077,4.96,205.09806,"No results","No results","Full match","Organoheterocyclic compounds","Indoles and derivatives","Indolyl carboxylic acids and derivatives","Indolyl carboxylic acids and derivatives"
0.0126538906688502,-0.00671476278076571,0.000940629222679043,-0.0191169612596229,0.00313147596456563,"Com_779_neg","Suberic acid","C8 H14 O4",174.08937,5.648,173.08207,"Full match","Full match","Full match","Lipids and lipid-like molecules","Fatty Acyls","Fatty acids and conjugates","Medium-chain fatty acids"
0.0127811373425062,-0.00815138301626645,0.0055187328438868,-0.00174844864493526,0.00618722901400031,"Com_77_pos","L-Pyroglutamic acid","C5 H7 N O3",129.04329,2.551,130.05055,"Invalid mass","Invalid mass","No results","Organic acids and derivatives","Carboxylic acids and derivatives","Amino acids, peptides, and analogues","Alpha amino acids and derivatives"
0.0470769643467657,0.0337810078747245,0.0176023790585084,-0.00108774287690174,0.0231187686223196,"Com_781_pos","N6-Succinyl Adenosine","C14 H17 N5 O8",383.10925,5.019,384.11652,"No results","No results","Full match","Nucleosides, nucleotides, and analogues","Purine nucleosides","Not available","Purine nucleosides"
0.00851439924818681,-0.00369087179375075,-0.00262346646590528,-0.00315343780408902,0.00667118837854808,"Com_7825_pos","N-Methylnicotinamide","C7 H8 N2 O",136.06441,2.767,137.07169,"Invalid mass","No results","No results","Organoheterocyclic compounds","Pyridines and derivatives","Pyridinecarboxylic acids and derivatives","Nicotinamides"
0.0154786286563777,-0.0113287724968494,0.0182738019189521,-0.0155432050523087,-0.00107603886937017,"Com_7829_neg","beta-Estradiol 17-Acetate","C20 H26 O3",314.18959,6.619,313.18231,"No results","No results","Full match",NA,NA,NA,NA
0.0292627376340036,-0.0127116019829014,0.00302070424869837,0.0211509566055524,-0.0124035612052237,"Com_7835_pos","IRH","C18 H32 N8 O4",446.24757,6.168,447.25485,"Invalid mass","No results","No results",NA,NA,NA,NA
0.0145669938573222,-0.0139318460763403,-0.00699363575479272,-0.00514489948436742,-0.0224750003176835,"Com_7836_pos","6-Gingerol","C17 H26 O4",294.18444,5.936,295.19192,"Full match","No results","No results","Benzenoids","Phenols","Methoxyphenols","Gingerols"
-0.00140669388177213,-0.00126247345504507,-0.0007408498271626,-0.000700288039268471,-0.00299936202845171,"Com_7854_pos","2-Phenylglycine","C8 H9 N O2",151.06408,0.731,152.0714,"Full match","Full match","Full match","Organic acids and derivatives","Carboxylic acids and derivatives","Amino acids, peptides, and analogues","Alpha amino acids"
0.00313944758367261,-0.0113560978373881,-0.0013866123336937,0.00646922622172882,-0.042494275906359,"Com_7856_neg","Flavin mononucleotide (FMN)","C17 H21 N4 O9 P",456.1061,5.732,455.09878,"Full match","No results","Full match","Nucleosides, nucleotides, and analogues","Flavin nucleotides","Not available","Flavin nucleotides"
0.0138560738692544,-0.0141393677630428,-0.0342459454848161,-0.0105812869406517,0.00404672274547018,"Com_7894_neg","Phloroglucinol","C6 H6 O3",126.0314,1.919,125.02412,"Full match","No results","Full match","Benzenoids","Phenols","Benzenetriols and derivatives","Phloroglucinols and derivatives"
0.03310653805354,-0.0367865634521916,0.115864348027794,-0.019415597038,-0.151147958128611,"Com_7898_neg","ST 24:1;O2;G","C26 H43 N O4",433.32152,7.036,432.31424,"No results","Invalid mass","No results",NA,NA,NA,NA
0.0152036688865181,-0.00352468833475517,-0.028755585845654,-0.0102741769282746,-0.00359303743020203,"Com_7912_pos","3,4-Dihydroxybenzaldehyde","C7 H6 O3",138.03239,4.985,139.03961,"Invalid mass","No results","No results","Organic oxygen compounds","Organooxygen compounds","Carbonyl compounds","Hydroxybenzaldehydes"
0.0110956484319745,0.00252619819847069,-0.00110431136825204,0.00303600285743078,0.00227596323755293,"Com_7915_neg","L-Hydroxyproline","C5 H9 N O3",131.05808,2.551,130.05081,"No results","No results","Full match","Organic acids and derivatives","Carboxylic acids and derivatives","Amino acids, peptides, and analogues","Proline and derivatives"
0.0103849429820802,-0.0111613654292968,0.00287987860377199,-0.0214843113794631,-0.0305970525540221,"Com_7925_neg","Prostaglandin D2","C20 H32 O5",352.22678,6.611,351.21952,"Invalid mass","No results","No results","Lipids and lipid-like molecules","Fatty Acyls","Eicosanoids","Prostaglandins and related compounds"
-0.0106483215253668,0.00798285931414779,0.0102443232159386,0.0625625820489997,0.0415179108986357,"Com_7929_neg","Esculin","C15 H16 O9",340.08286,1.302,339.07558,"Invalid mass","No results","No results","Phenylpropanoids and polyketides","Coumarins and derivatives","Coumarin glycosides","Coumarin glycosides"
0.0745537733548668,0.0226572732300059,0.0239580972952258,0.00233852627296615,0.0128064561078184,"Com_7941_pos","Dihydrokawain","C14 H16 O3",232.10691,3.105,233.11419,"Invalid mass","No results","No results","Phenylpropanoids and polyketides","Kavalactones","Not available","Kavalactones"
0.000769933047357848,-0.0117956183932363,-0.0104259399368717,-0.0112787621058526,-0.00816723819131805,"Com_7947_neg","L-(-)-Glyceric acid","C3 H6 O4",106.02608,1.369,105.0188,"No results","No results","Full match","Organic acids and derivatives","Hydroxy acids and derivatives","Beta hydroxy acids and derivatives","Beta hydroxy acids and derivatives"
0.0270820259375917,0.00495268528588712,-0.035572770407477,-0.0275041811496995,0.0169038541383225,"Com_7953_pos","4-Aminobutyric acid","C4 H9 N O2",103.06374,5.066,245.08945,"No results","No results","Full match","Organic acids and derivatives","Carboxylic acids and derivatives","Amino acids, peptides, and analogues","Gamma amino acids and derivatives"
0.013805221464494,-0.00142376120454606,0.0158989836445606,0.00488104599705472,0.0119007593304084,"Com_7989_pos","2,3-Pyridinedicarboxylic acid","C7 H5 N O4",167.0226,1.568,168.02992,"No results","Full match","Full match","Organoheterocyclic compounds","Pyridines and derivatives","Pyridinecarboxylic acids and derivatives","Pyridinecarboxylic acids"
0.0198927511468414,-0.0229687737360674,-0.0670186079663462,0.042560131764943,-0.0214651832966852,"Com_7990_pos","Formononetin","C16 H12 O4",268.07482,5.716,269.08209,"Full match","Full match","No results","Phenylpropanoids and polyketides","Isoflavonoids","O-methylated isoflavonoids","4'-O-methylisoflavones"
0.0135551147360522,-0.0251568342676563,0.0108898581116269,-0.00925408224532537,-0.0139957008447706,"Com_7_pos","N-lactoyl-phenylalanine","C12 H15 N O4",237.10108,5.589,238.10832,"No results","No results","Full match","Organic acids and derivatives","Carboxylic acids and derivatives","Amino acids, peptides, and analogues","Phenylalanine and derivatives"
0.0156443951224499,-0.0117255618681563,-0.00211632861673607,0.00354248525866026,0.00102145644549867,"Com_801_neg","D-(-)-Lyxose","C5 H10 O5",150.05237,1.381,149.04506,"Full match","No results","Full match","Organic oxygen compounds","Organooxygen compounds","Carbohydrates and carbohydrate conjugates","Pentoses"
0.0179198186009374,-0.0228064011099802,-0.0388316714685299,0.0204980359452335,-0.00661035013996202,"Com_8026_pos","Isorhamnetin","C16 H12 O7",316.06016,5.589,317.06744,"Invalid mass","No results","No results","Phenylpropanoids and polyketides","Flavonoids","Flavones","Flavonols"
-0.0045711091639793,-0.00575699866422287,-0.00290978110877537,-0.0582214299374319,-0.00599008819231843,"Com_8042_pos","3-(3,4,5-trimethoxyphenyl)propanoic acid","C12 H16 O5",262.08295,6.441,263.09023,"Invalid mass","No results","No results",NA,NA,NA,NA
0.0139171251282007,-0.013012471525765,0.000363509962200198,-0.000829350656213122,0.00407805656757233,"Com_804_neg","D-Ribose","C5 H10 O5",150.05287,1.36,149.04547,"No results","No results","Full match","Organic oxygen compounds","Organooxygen compounds","Carbohydrates and carbohydrate conjugates","Pentoses"
0.0166973720447503,-0.0142237950082688,-0.0108347792253147,0.0112254550716643,-0.0125383798899316,"Com_8076_neg","Piceatannol","C14 H12 O4",244.07499,5.917,243.06771,"Invalid mass","No results","No results","Phenylpropanoids and polyketides","Stilbenes","Not available","Stilbenes"
0.00636178966786082,-0.00918020475672139,0.00502788766037479,0.00238738689596763,-0.0249460321890072,"Com_8079_neg","Guanosine","C10 H13 N5 O5",283.08982,5.404,282.08248,"Invalid mass","No results","No results","Nucleosides, nucleotides, and analogues","Purine nucleosides","Not available","Purine nucleosides"
0.0152521112110745,-0.0182602961176945,-0.0269171872510271,0.0251162305718715,-0.035514668997072,"Com_8093_pos","4,7-dimethoxy-1H-phenalen-1-one","C15 H12 O3",240.0799,5.766,241.08718,"Invalid mass","No results","No results",NA,NA,NA,NA
0.0195286336536447,0.0069329520109135,-0.0111038698012519,0.0055776477261913,0.00400646743646147,"Com_8100_pos","Ornithine","C5 H12 N2 O2",132.09063,1.146,133.09783,"Invalid mass","Invalid mass","No results","Organic acids and derivatives","Carboxylic acids and derivatives","Amino acids, peptides, and analogues","Alpha amino acids"
0.0254890718561981,-0.0157095843701376,-0.0335427363138202,0.0723813273409308,-0.0201741293449983,"Com_813_pos","1H-indol-3-yl(pyridin-2-yl)methanol","C14 H12 N2 O",206.08559,6.201,207.09267,"Invalid mass","No results","No results",NA,NA,NA,NA
0.0161746032396122,-0.0157670734488421,0.00724439987473,-0.0247401348289811,-0.0257226546970433,"Com_8147_neg","6-Ketoprostaglandin F1α","C20 H34 O6",370.23739,6.65,369.23002,"Full match","No results","Full match","Lipids and lipid-like molecules","Fatty Acyls","Eicosanoids","Prostaglandins and related compounds"
0.0239812693735987,-0.0173754436249486,0.00274711546561591,0.011511526985402,-0.01718048834255,"Com_8161_pos","Benzophenone","C13 H10 O",182.07395,6.155,165.07061,"Full match","No results","No results","Benzenoids","Benzene and substituted derivatives","Benzophenones","Benzophenones"
0.00795047667653306,-0.0223863169741605,0.0488084445587315,-0.0181952578760436,-0.0574059561880641,"Com_8167_neg","Stercobilin","C33 H46 N4 O6",594.34332,5.641,593.33604,"Full match","No results","No results","Organoheterocyclic compounds","Tetrapyrroles and derivatives","Bilirubins","Bilirubins"
0.0221543404553752,-0.00809475159192237,-0.00862736549520684,-0.0129731006186747,0.00697544476117718,"Com_8174_pos","6,7-dihydro-5H-dibenzo[d,f][1,3]diazepin-6-one","C13 H10 N2 O",210.0805,5.323,211.08763,"Invalid mass","No results","No results",NA,NA,NA,NA
0.0171639029271393,-0.0171637338576549,-0.0151447224864272,0.0334768573259247,0.0105101221894792,"Com_8175_pos","Nobiletin","C21 H22 O8",424.1185,5.503,425.12577,"Invalid mass","No results","No results","Phenylpropanoids and polyketides","Flavonoids","O-methylated flavonoids","8-O-methylated flavonoids"
0.0192219686115589,-0.0156526573863526,-0.0172415076093461,0.0227367580442627,0.00651763816933458,"Com_8191_pos","2-(3-chlorophenyl)-5-[4-(trifluoromethyl)-3-pyridyl]-1,3,4-oxadiazole","C14 H7 Cl F3 N3 O",325.02166,5.856,326.02893,"Full match","No results","No results",NA,NA,NA,NA
0.0247807030379759,-0.0242810033432625,-0.0267619842733287,0.0291052229195428,0.000303500944574311,"Com_8199_pos","N6-Me-Adenosine","C11 H15 N5 O4",281.10995,5.762,282.11733,"Invalid mass","No results","No results","Nucleosides, nucleotides, and analogues","Purine nucleosides","Not available","Purine nucleosides"
0.0186589624171602,-0.0103606538939131,-0.00927410546041543,-0.0115045563499699,-0.0132217761609375,"Com_81_pos","Melatonin","C13 H16 N2 O2",232.12205,5.674,233.12933,"Full match","No results","Full match","Organoheterocyclic compounds","Indoles and derivatives","Indoles","3-alkylindoles"
0.0038404378313494,-0.00114466052323229,-0.00169505722027279,0.00460508162676955,0.0110975745478334,"Com_820_pos","Nicotinamide","C6 H6 N2 O",122.04859,3.872,123.05587,"Full match","Full match","Full match","Organoheterocyclic compounds","Pyridines and derivatives","Pyridinecarboxylic acids and derivatives","Nicotinamides"
0.00117477905842653,-0.00993670870113855,-0.0164965997932336,-0.0215977211094777,0.0290635685734231,"Com_8216_pos","Glucose 1-phosphate","C6 H13 O9 P",260.03138,1.276,261.03866,"Invalid mass","Invalid mass","No results","Organic oxygen compounds","Organooxygen compounds","Carbohydrates and carbohydrate conjugates","Monosaccharide phosphates"
0.0197556472131285,-0.0215966611673414,-0.0105683890474405,-0.00231086393364191,0.000809302073543617,"Com_8220_neg","2-Phenylphenol","C12 H10 O",170.07349,5.921,169.0662,"Full match","No results","No results","Benzenoids","Benzene and substituted derivatives","Biphenyls and derivatives","Biphenyls and derivatives"
0.000694404171382655,0.00123697312423993,0.00447085539705141,-0.00743523449692954,0.00536569081049247,"Com_8223_neg","Corey Lactone Diol","C8 H12 O4",172.07332,5.764,171.06604,"No results","No results","Full match","Organoheterocyclic compounds","Lactones","Gamma butyrolactones","Gamma butyrolactones"
0.0131605320957359,-0.0108762989273906,-0.0153362455545308,-0.00260493422831301,0.0110270930502249,"Com_822_pos","methyl 2,5-dimethyl-1H-pyrrole-3-carboxylate","C8 H11 N O2",153.0796,5.006,154.08688,"Full match","No results","Full match",NA,NA,NA,NA
0.00592647643362883,0.00124435043111566,-0.000192462849403204,0.00701875842831326,0.00885533251768012,"Com_8235_neg","Isocitric acid","C6 H8 O7",192.02666,5.247,191.01968,"Full match","No results","Full match","Organic acids and derivatives","Carboxylic acids and derivatives","Tricarboxylic acids and derivatives","Tricarboxylic acids and derivatives"
0.0229693305631525,-0.00825899782549946,-0.0329694004750232,-0.00502957427857229,-0.0436497947552315,"Com_823_pos","Daidzein","C15 H10 O4",254.05914,5.327,255.0664,"Full match","Full match","No results","Phenylpropanoids and polyketides","Isoflavonoids","Isoflav-2-enes","Isoflavones"
0.0233782958329176,-0.00985040966051852,0.0179372628377947,-0.0121556771712905,0.0037161719919903,"Com_8254_pos","Carbaprostacyclin","C21 H34 O4",332.2368,6.07,333.24408,"Invalid mass","No results","No match","Lipids and lipid-like molecules","Fatty Acyls","Eicosanoids","Prostaglandins and related compounds"
0.0268688521387187,-0.012967416332194,0.0334472577181233,-0.00578559302807373,0.0608314491463036,"Com_8267_pos","CAR 14:1","C21 H40 N O4",369.28965,6.935,370.29693,"No results","Invalid mass","No results",NA,NA,NA,NA
-0.0386847391906176,-0.0648295578979959,-0.00205207100158527,-0.0015836274928787,0.00772562990458843,"Com_8290_pos","N-Desmethyltramadol","C15 H23 N O2",249.17183,10.132,250.17911,"Full match","No results","No results","Benzenoids","Phenol ethers","Anisoles","Anisoles"
0.0180251502651281,-0.0166203569053682,0.00539863345873325,-0.00929852586820324,0.0548891821527176,"Com_8314_neg","J147","C18 H17 F3 N2 O2",350.1231,5.372,349.11581,"No results","No results","Full match","Benzenoids","Benzene and substituted derivatives","Anilides","Anilides"
0.0186684721481871,-0.00863726769886275,-0.0336748080011304,-0.00743436050575676,0.0111887343732961,"Com_831_pos","Isoferulic acid","C10 H10 O4",194.05887,5.126,195.06625,"Full match","Full match","Full match","Phenylpropanoids and polyketides","Cinnamic acids and derivatives","Hydroxycinnamic acids and derivatives","Hydroxycinnamic acids"
0.0178745271141462,-0.00162080859068808,-0.00464664901242521,-0.00191645848233027,0.00364054142068259,"Com_8325_pos","Salsolinol","C10 H13 N O2",179.09509,1.392,180.10265,"Full match","No results","No results","Organoheterocyclic compounds","Tetrahydroisoquinolines","Not available","Tetrahydroisoquinolines"
0.0192523449643041,-0.0229099428071524,0.0187824337417896,-0.028215806018016,0.0135031846169028,"Com_8351_pos","2-[(3S)-1-(3,4-Difluorobenzyl)-3-pyrrolidinyl]-1,3-benzoxazole","C18 H16 F2 N2 O",297.10225,5.902,315.13589,"Invalid mass","No results","No results","Organoheterocyclic compounds","Benzoxazoles","Not available","Benzoxazoles"
0.0137654719159502,0.00208732281633958,-0.0223188604878892,0.00354005952093417,-0.00792858808790609,"Com_8376_pos","N-Acetyldopamine","C10 H13 N O3",195.09032,1.432,196.09764,"Full match","No results","Full match","Benzenoids","Phenols","Benzenediols","Catechols"
0.0178979450143205,-0.01645023555499,-0.02399990949006,0.00290070993676218,-0.00340394730835138,"Com_837_pos","Eucalyptol","C10 H18 O",136.12588,6.335,137.13316,"Invalid mass","No results","No results","Organoheterocyclic compounds","Oxanes","Not available","Oxanes"
0.0244693234526299,-0.00496930807510776,0.00149278720970353,0.053078561590869,0.00271547971661718,"Com_839_pos","MJN110","C22 H21 Cl2 N3 O4",483.07774,5.879,484.08502,"Invalid mass","No results","No results","Benzenoids","Benzene and substituted derivatives","Diphenylmethanes","Diphenylmethanes"
0.0144651905401777,-0.0124081095688107,-0.030799390661875,-0.0179655645414725,-0.0264323290126042,"Com_8400_pos","4-[1,2,4]triazolo[4,3-b]pyridazin-6-ylthiomorpholine","C9 H11 N5 S",221.06975,5.469,222.07703,"Invalid mass","No results","No results",NA,NA,NA,NA
0.0220423653000456,-0.0129696168921342,-0.0107846875097379,-0.00301590734235183,-0.00337445419336943,"Com_8421_pos","1,3-dipyridin-3-ylpropane-1,3-dione","C13 H10 N2 O2",102.04723,6.018,103.05505,"Invalid mass","No results","No results",NA,NA,NA,NA
0.00943121305839942,-0.00271594101383489,0.00740445725560415,-0.000230727305215793,-0.00925381480484899,"Com_8468_pos","di{4-[(2-hydroxyethyl)(methyl)amino]phenyl}methanone","C19 H24 N2 O3",328.17984,6.583,329.18712,"Full match","No results","No results",NA,NA,NA,NA
0.0431268899286983,0.0200590215387604,0.0223235629972745,-0.00687146272015343,0.0267166427937813,"Com_847_pos","L-Norleucine","C6 H13 N O2",131.09533,3.145,132.1026,"Invalid mass","Invalid mass","No results","Organic acids and derivatives","Carboxylic acids and derivatives","Amino acids, peptides, and analogues","L-alpha-amino acids"
0.00634577490888292,-0.00614882096203033,0.00602249283839375,0.00113463276633428,-0.00172464093416354,"Com_8488_pos","Imidazoleacetic acid","C5 H6 N2 O2",126.04353,3.615,127.0508,"Full match","No results","Full match","Organoheterocyclic compounds","Azoles","Imidazoles","Imidazolyl carboxylic acids and derivatives"
0.0170703080730864,-0.00248444551778723,-0.0254164600521523,-0.00358517381033259,-0.00628869475143452,"Com_8497_pos","o-Veratraldehyde","C9 H10 O3",166.06375,5.263,167.07108,"No results","No results","Full match","Benzenoids","Benzene and substituted derivatives","Methoxybenzenes","Dimethoxybenzenes"
0.00972033933454188,-0.00951499879049363,-0.0156178136537008,-0.0143987967683105,-0.015524981939688,"Com_8521_pos","Homogentisic Acid","C8 H8 O4",168.04308,5.715,151.03979,"No results","No results","Full match","Benzenoids","Benzene and substituted derivatives","Phenylacetic acids","2(hydroxyphenyl)acetic acids"
0.0250527674015527,-0.0145693488686901,0.00316239776728932,-0.00503295120010841,0.00892369121417642,"Com_8541_pos","Cer 13:0;2O/2:0","C15 H31 N O3",273.23175,5.87,274.23901,"No results","Full match","No results",NA,NA,NA,NA
0.0161260783090637,-0.00337831916966739,0.0259164408877037,-0.0217547944144218,-0.0101239813498748,"Com_8559_neg","2-Hydroxycaproic acid","C6 H12 O3",132.07813,5.279,131.07092,"Full match","Full match","Full match","Lipids and lipid-like molecules","Fatty Acyls","Fatty acids and conjugates","Medium-chain fatty acids"
0.0198155721257036,-0.00981977758529885,-0.00541355596383638,0.00937436721406482,-0.0183994903121882,"Com_8564_pos","Asaraldehyde","C10 H12 O4",196.07443,5.259,197.082,"No results","No results","Full match","Benzenoids","Benzene and substituted derivatives","Benzoyl derivatives","Benzoyl derivatives"
0.0140701686762027,-0.00479069254546662,0.0106325424167062,0.00417309774727202,-0.0122707526943124,"Com_8587_pos","N-Acetylputrescine","C6 H14 N2 O",130.11132,4.824,114.09207,"Invalid mass","No results","No results","Organic acids and derivatives","Carboximidic acids and derivatives","Carboximidic acids","Carboximidic acids"
0.0347953186924259,0.0250852384510899,-0.00311752988833658,0.0748735876186888,0.0251719007922908,"Com_859_pos","Riboflavin","C17 H20 N4 O6",376.13788,5.313,377.14512,"Full match","Full match","Full match","Organoheterocyclic compounds","Pteridines and derivatives","Alloxazines and isoalloxazines","Flavins"
0.0485688127925835,0.0157701663098083,0.0207530009686853,-0.00487290633714034,0.0266737193396242,"Com_85_pos","Prolylleucine","C11 H20 N2 O3",228.14812,2.472,229.1554,"Full match","No results","Full match","Organic acids and derivatives","Carboxylic acids and derivatives","Amino acids, peptides, and analogues","Dipeptides"
0.0112059380704691,0.00626154668502462,0.00490198486765399,0.00915495201830759,0.0125210286129759,"Com_8600_pos","Asp-Glu","C9 H14 N2 O7",224.12537,1.368,263.08844,"No results","Invalid mass","No results","Organic acids and derivatives","Carboxylic acids and derivatives","Amino acids, peptides, and analogues","Dipeptides"
0.0143658221434597,-0.00151958304273643,0.00420973863528425,-0.0148509759665815,-0.0205863840162248,"Com_8605_pos","EPK","C16 H28 N4 O6",372.2041,6.594,373.21138,"Invalid mass","No results","No results",NA,NA,NA,NA
0.0192098129704337,-0.0109619490311378,0.00227824520962116,-0.0118140410541012,-0.0224897236851893,"Com_8614_neg","5-hex-1-ynyl-2-furoic acid","C11 H12 O3",192.07874,5.305,191.07176,"Full match","No results","No results",NA,NA,NA,NA
-0.0175745178425855,-0.0266478240748967,0.010375899069981,-0.0073516364452281,0.0147477173557221,"Com_8626_pos","Ethyl oleate","C20 H38 O2",310.28887,8.276,311.29615,"Invalid mass","No results","No results","Lipids and lipid-like molecules","Fatty Acyls","Fatty acid esters","Fatty acid esters"
0.0356286936449164,0.00395208293380117,0.0240287494689326,-0.00222909112994794,0.028179311620747,"Com_8629_pos","N1-pyrazin-2-yl-4-chlorobenzamide","C11 H8 Cl N3 O",215.02631,2.3,216.03358,"Invalid mass","No results","No results",NA,NA,NA,NA
0.0358451759514125,-0.00337306015291622,-0.0165376926061771,0.0195516611714405,0.0025463365145209,"Com_8648_pos","Norcodeine","C17 H19 N O3",285.13789,5.072,286.14511,"Full match","Full match","No results","Alkaloids and derivatives","Morphinans","Not available","Morphinans"
0.00255401607236853,-0.0104983568979274,0.0157457249109914,0.00031173840131351,-0.0137873062523116,"Com_864_pos","6,7,8-trimethoxy-3-phenyl-2-thioxo-1,2,3,4-tetrahydroquinazolin-4-one","C17 H16 N2 O4 S",344.08147,6.416,345.08875,"Full match","No results","No results",NA,NA,NA,NA
0.0196456458994954,-0.00513835235729377,-0.0706158899885242,-0.00454932263200046,-0.012086646847912,"Com_8652_pos","Kaempferol","C15 H10 O6",286.04913,5.586,287.05641,"Full match","Full match","No results","Phenylpropanoids and polyketides","Flavonoids","Flavones","Flavonols"
0.0209381370776489,-0.00913167801154973,0.0313748934769354,-0.0337903081901666,-0.022094870291564,"Com_8663_neg","Ascorbyl stearate","C24 H42 O7",442.29563,6.659,441.28835,"Invalid mass","No results","No results","Lipids and lipid-like molecules","Fatty Acyls","Fatty acid esters","Fatty acid esters"
0.0196768869475738,-0.0202955046589081,-0.00470840877426125,-0.0121246774733933,0.0116783146917697,"Com_8664_pos","L-5-Hydroxytryptophan","C11 H12 N2 O3",220.08612,5.128,221.0934,"Invalid mass","No results","No results","Organoheterocyclic compounds","Indoles and derivatives","Tryptamines and derivatives","Serotonins"
0.0118541294819796,-0.00384614711258378,-0.000297417794577608,-0.000775957898442354,-0.00289867040602918,"Com_8681_pos","Cafestol","C20 H28 O3",316.20508,6.645,317.21237,"Full match","No results","Full match","Organoheterocyclic compounds","Naphthofurans","Not available","Naphthofurans"
0.0133811278590565,-0.00329620513762813,-0.00348541874926482,-0.00556648962860514,-0.00417020409667638,"Com_8723_pos","Deisopropylatrazine","C5 H8 Cl N5",173.04844,2.998,174.05572,"Invalid mass","No results","No match",NA,NA,NA,NA
0.00593755753939665,-0.025609584060759,0.0014526838388386,-0.00246214406659932,0.00192026224239911,"Com_8728_pos","Ne-(1-Carboxymethyl)-L-lysine","C8 H16 N2 O4",204.11198,1.393,205.11926,"No results","No results","Full match",NA,NA,NA,NA
0.0133461057645837,-0.0144753389769406,0.00122570306856795,0.00310711021621701,-0.0158835342170205,"Com_8763_neg","8-Iso-15-keto-prostaglandin-F2β","C20 H32 O5",352.227,5.924,351.21973,"Invalid mass","No results","No results","Lipids and lipid-like molecules","Fatty Acyls","Eicosanoids","Prostaglandins and related compounds"
0.0093820319142424,-0.00704455236290298,-0.00976460020176126,-0.0137004013714862,-0.0258298901382786,"Com_8763_pos","Phenylacetylglycine","C10 H11 N O3",193.07476,5.727,194.08226,"Full match","Full match","Full match","Organic acids and derivatives","Carboxylic acids and derivatives","Amino acids, peptides, and analogues","N-acyl-alpha amino acids"
0.00206033506524907,-0.0203655805698693,-0.0211440707984082,0.00353614571507242,-0.0100715470846127,"Com_8774_neg","2,3-Dihydroxybenzoic acid","C7 H6 O4",154.0267,2.089,153.01942,"Full match","Full match","Full match","Benzenoids","Benzene and substituted derivatives","Benzoic acids and derivatives","Salicylic acids"
0.0247994518666567,-0.0307261269918171,0.0906979991944263,-0.00951063035692352,-0.129328808428584,"Com_8779_pos","2-Thio-acetyl MAGE","C21 H42 O3 S",396.26598,6.815,397.27326,"Invalid mass","No results","No results","Organic acids and derivatives","Thiocarboxylic acids and derivatives","Thioesters","Thioesters"
0.0268242586317698,-0.000935009929509945,-0.0525528385697608,-0.00394723767588161,-0.00884841212335023,"Com_8781_pos","3-ethyl-4-hydroxy-1-methyl-1,2-dihydroquinolin-2-one","C12 H13 N O2",203.09573,5.054,204.103,"Invalid mass","No results","No results",NA,NA,NA,NA
0.0150550705768993,-0.0107997770218917,-0.00132573284237945,-0.00781151162499401,-0.00583222768745214,"Com_8825_pos","11-Ketoetiocholanolone","C19 H28 O3",304.205,6.291,305.21228,"No results","No results","Full match","Lipids and lipid-like molecules","Steroids and steroid derivatives","Androstane steroids","Androgens and derivatives"
0.023336264605407,-0.0106061529857937,-0.00713562137475361,0.00716700190379915,-0.0102766552816306,"Com_8841_neg","Prostaglandin H1","C20 H34 O5",336.23026,6.303,335.22296,"Invalid mass","No results","No match","Lipids and lipid-like molecules","Fatty Acyls","Eicosanoids","Prostaglandins and related compounds"
0.0356071323579535,-0.0274833541836244,-0.0077435682776586,-0.00604188636701322,-0.00612081099459568,"Com_8879_pos","(6E,10E)-3,7,11,15-tetramethylhexadeca-1,6,10,14-tetraene-3,5,9-triol","C20 H34 O3",339.27888,6.332,340.28617,"Invalid mass","No results","No match",NA,NA,NA,NA
0.0182053281013014,-0.0107550505877741,-0.0140494455378271,0.0211657619011687,0.000191471262400605,"Com_8880_pos","3-hydroxyquinuclidine-3-carbonitrile hydrochloride","C8 H12 N2 O",152.09564,5.91,153.10288,"Full match","No results","No results",NA,NA,NA,NA
0.0237768511502289,-0.0204400619366799,0.00955617105406832,0.0015916992569135,0.0128937869510023,"Com_8883_pos","Androsterone","C19 H30 O2",272.21521,6.31,273.22247,"Invalid mass","No results","No results","Lipids and lipid-like molecules","Steroids and steroid derivatives","Androstane steroids","Androgens and derivatives"
0.0258824702333993,-0.0308632472042241,0.0422919404120472,-0.0513789481569978,0.0114544880074603,"Com_88_neg","Testosterone sulfate","C19 H28 O5 S",368.16757,6.295,367.1603,"Full match","No results","No results","Lipids and lipid-like molecules","Steroids and steroid derivatives","Sulfated steroids","Sulfated steroids"
0.00349057223512133,-0.012946459081667,-0.0279442165256766,0.0114939742082936,-0.0426575174324693,"Com_8918_pos","LPE 16:1","C21 H42 N O7 P",451.27214,8.362,452.27941,"No results","Full match","No results","Lipids and lipid-like molecules","Glycerophospholipids","Glycerophosphoethanolamines","1-acyl-sn-glycero-3-phosphoethanolamines"
0.0204995205950395,-0.0168800999336148,0.00592006574168414,0.0404800270195984,-0.00881552355588383,"Com_8921_pos","WQH","C22 H27 N7 O5",469.21219,5.549,470.21946,"Invalid mass","No results","No results",NA,NA,NA,NA
0.014522617785741,-0.0122669604534656,-0.00491896684430654,0.00704788829463866,0.00674631790844174,"Com_8930_pos","Carbofuran","C12 H15 N O3",221.10628,5.586,222.11351,"Full match","No results","No results","Organoheterocyclic compounds","Coumarans","Not available","Coumarans"
0.0035643473141632,-0.0108210640842799,0.0097544112802923,-0.00992988122850057,-0.00718739695237304,"Com_893_neg","Indole-3-lactic acid","C11 H11 N O3",205.07448,5.682,204.0672,"Full match","No results","Full match","Organoheterocyclic compounds","Indoles and derivatives","Indolyl carboxylic acids and derivatives","Indolyl carboxylic acids and derivatives"
0.0200111493234482,-0.0155598330641296,0.000342190542608386,0.0234718841622353,0.0200268671112432,"Com_8949_pos","5-benzyl-4-hydroxy-6H-pyrido[3,2,1-jk]carbazol-6-one","C22 H15 N O2",347.09599,5.568,348.10327,"Invalid mass","No results","No results",NA,NA,NA,NA
0.0021413537022772,-0.00244617472394855,0.00976413896759028,-0.0292889838786297,-0.0093714813912981,"Com_8967_neg","(S)-Leucic acid","C6 H12 O3",132.07829,5.587,131.07105,"No results","No results","Full match","Lipids and lipid-like molecules","Fatty Acyls","Fatty acids and conjugates","Hydroxy fatty acids"
0.00783871202044889,-0.0269185859216568,-0.00903098317831427,0.0144903202030058,-0.0174689440108037,"Com_8968_neg","2-oxo-2H-chromene-3-carboxylic acid","C10 H6 O4",190.02679,5.297,189.01953,"Full match","No results","No results",NA,NA,NA,NA
0.0312076022168768,-0.0207560814032565,-0.0515459574422822,0.00586513087318461,-0.0380636815572419,"Com_8970_neg","O-Phospho-L-Tyrosine","C9 H12 N O6 P",261.04019,5.295,260.03292,"No results","No results","Full match","Organic acids and derivatives","Carboxylic acids and derivatives","Amino acids, peptides, and analogues","Phenylalanine and derivatives"
0.0176288371430787,-0.0243856991586388,0.0204732249600477,-0.0135689034904397,0.022239441384895,"Com_8996_pos","6ß-Hydroxytestosterone","C19 H28 O3",304.20511,5.861,305.21238,"Full match","No results","Full match",NA,NA,NA,NA
0.0323067271101495,-0.00703284551984048,0.0447201420363163,0.0291525597478189,-0.0622128824330863,"Com_89_pos","2-Oxindole","C8 H7 N O",133.05336,5.176,134.06064,"Full match","No results","Full match","Organoheterocyclic compounds","Indoles and derivatives","Indolines","Indolines"
0.0258154937542602,-0.0132572582469677,0.00245087801024157,-0.0199149568894689,-0.0151287890963219,"Com_9019_pos","3-(1-benzylpiperidin-4-yl)-3H-[1,2,3]triazolo[4,5-b]pyridine","C17 H19 N5",293.16409,5.435,294.17138,"Full match","No results","No results",NA,NA,NA,NA
0.0282213374973745,0.0118556616888766,-0.0129334368730672,0.00167714554063936,0.0215594753637798,"Com_902_pos","N1-[6-hydroxy-2-(2-pyridyl)pyrimidin-4-yl]acetamide","C11 H10 N4 O2",230.07797,4.693,231.08524,"Invalid mass","No results","No results",NA,NA,NA,NA
0.0156477376173975,-0.00113168907261631,-0.00275034318067379,0.0145209663453452,0.0168823537499908,"Com_9036_pos","S-Adenosylmethionine","C15 H22 N6 O5 S",398.13915,1.272,399.14641,"Full match","Full match","Full match","Nucleosides, nucleotides, and analogues","5'-deoxyribonucleosides","5'-deoxy-5'-thionucleosides","5'-deoxy-5'-thionucleosides"
0.0279803370417014,0.00559591068082927,-0.0568525041905287,-0.0132235594256657,-0.0156802014007317,"Com_9043_neg","4-Nitrocatechol","C6 H5 N O4",155.02161,5.278,154.01433,"Full match","No results","No results","Benzenoids","Phenols","Nitrophenols","Nitrophenols"
0.00827470047804072,-0.0240993376466614,-0.0161294974323608,0.00692081665020285,-0.00245663811182682,"Com_9043_pos","2-(4-chlorophenyl)-2-oxoethyl 2,6-bis(trifluoromethyl)benzoate","C17 H9 Cl F6 O3",410.0125,6.989,411.01978,"Full match","No results","No results",NA,NA,NA,NA
0.0144784865826954,-0.00310690250747071,-0.0540949113368277,0.001210740548843,-0.0369037333448565,"Com_9066_pos","Esculetin","C9 H6 O4",178.02747,5.228,179.03474,"Full match","No results","No results","Phenylpropanoids and polyketides","Coumarins and derivatives","Hydroxycoumarins","6,7-dihydroxycoumarins"
0.0208531007337286,-0.00887793724206281,0.0103095372883732,-0.00572498155655696,0.00743135866813783,"Com_907_neg","Purine","C5 H4 N4",120.04194,1.435,119.03462,"Invalid mass","No results","No match","Organoheterocyclic compounds","Imidazopyrimidines","Purines and purine derivatives","Purines and purine derivatives"
0.0196052128304051,-0.0209560224285346,-0.115094908825425,0.0400772887816122,-0.0184492048007246,"Com_907_pos","Hesperetin","C16 H14 O6",302.08057,5.629,303.08783,"Invalid mass","No results","No results","Phenylpropanoids and polyketides","Flavonoids","O-methylated flavonoids","4'-O-methylated flavonoids"
0.00157809679252287,-0.0471686035096852,0.0138572605950895,-0.00325420721675004,0.0351245749181367,"Com_9100_neg","Xanthurenic acid","C10 H7 N O4",205.03826,5.106,204.03098,"Full match","Full match","Full match","Organoheterocyclic compounds","Quinolines and derivatives","Quinoline carboxylic acids","Quinoline carboxylic acids"
0.0231490441500367,-0.0212817962015676,0.0421606494336035,-0.00113863938776077,0.00327342462324632,"Com_910_neg","2-({[4-(6-methyl-1,3-benzothiazol-2-yl)phenyl]imino}methyl)phenol","C21 H16 N2 O S",344.09481,5.79,343.08754,"Invalid mass","No results","No results",NA,NA,NA,NA
0.0243456605263291,0.00892200745306813,0.014081288068875,-0.00509792973359092,0.0121564237095047,"Com_910_pos","Acetanilide","C8 H9 N O",135.0691,2.196,136.07636,"Invalid mass","Invalid mass","No results","Benzenoids","Benzene and substituted derivatives","Not available","Benzene and substituted derivatives"
0.0127887152270144,-0.022829578380622,0.0277857668338267,-0.00546845227221026,0.00844942034104289,"Com_9112_neg","Homocysteic acid","C4 H9 N O5 S",183.02045,1.352,182.01315,"No results","No results","Full match","Organic acids and derivatives","Carboxylic acids and derivatives","Amino acids, peptides, and analogues","Alpha amino acids"
0.015449473896348,-0.0205450550159485,0.013766688715232,-0.0142555831346575,0.00210730855713959,"Com_9152_pos","Boldione","C19 H24 O2",284.17774,5.588,285.18501,"No results","No results","Full match","Lipids and lipid-like molecules","Steroids and steroid derivatives","Androstane steroids","Androgens and derivatives"
0.0061831367155665,-0.0198970703841578,-0.00209459335826209,-0.00527943609425013,-0.000168903492986799,"Com_915_pos","Pipecolic acid","C6 H11 N O2",129.07969,1.386,130.08697,"Invalid mass","Invalid mass","No results","Organic acids and derivatives","Carboxylic acids and derivatives","Amino acids, peptides, and analogues","Alpha amino acids"
0.028436963182438,-0.0316994335459041,-0.0255838555896511,0.0149364904528654,-0.0147602645586258,"Com_9160_pos","Limonin","C26 H30 O8",452.18342,6.924,453.1907,"Invalid mass","No results","No results","Lipids and lipid-like molecules","Prenol lipids","Triterpenoids","Limonoids"
0.0185931774724886,-0.0132377185755678,-0.04235940996475,0.0471569638032048,-0.0263256988615577,"Com_9175_pos","5,7-dihydroxy-6-methoxy-2-phenyl-3,4-dihydro-2H-1-benzopyran-4-one","C16 H14 O5",286.08547,6.312,287.09285,"Full match","No results","No results",NA,NA,NA,NA
0.0098441647348334,-0.00864625460621001,-0.00621183331781239,0.00539012328926555,0.00330493269040358,"Com_918_pos","3-Pyridylacetic acid","C7 H7 N O2",137.04836,6.547,138.05563,"Full match","No results","Full match","Organoheterocyclic compounds","Pyridines and derivatives","Not available","Pyridines and derivatives"
0.024144332008546,-0.0160867730711922,-0.00997094602467355,0.0100107810946185,0.00441438421262561,"Com_9190_pos","Testosterone undecanoate","C30 H48 O3",456.3625,5.951,457.36973,"Full match","No results","No results","Lipids and lipid-like molecules","Steroids and steroid derivatives","Steroid esters","Steroid esters"
0.0292668811686476,-0.0150049544214318,-0.0101063780252704,-0.0190361605298816,-0.0231332547567539,"Com_9193_pos","(+/-)12(13)-DiHOME","C18 H34 O4",296.23667,6.917,297.24398,"Invalid mass","No results","No results","Lipids and lipid-like molecules","Fatty Acyls","Fatty acids and conjugates","Long-chain fatty acids"
0.0271924845324897,-0.0116481763612828,-0.00746822394747217,0.0426795852010427,0.00229017199539932,"Com_9199_pos","4-butyl-4-(hydroxymethyl)-1,2-diphenylpyrazolidine-3,5-dione","C20 H22 N2 O3",376.12057,5.987,377.12785,"Invalid mass","No results","No results",NA,NA,NA,NA
0.0199379110515262,-0.0240346166094611,0.0210533560927785,-0.013092892453328,-0.052514830830576,"Com_9205_pos","(1R,2R)-trans-N-Boc-1,2-cyclohexanediamine","C11 H22 N2 O2",214.16912,5.455,215.17639,"No results","No results","Full match","Organic nitrogen compounds","Organonitrogen compounds","Cyclohexylamines","Cyclohexylamines"
0.0148016584405155,-0.00248771462781028,0.00951348903701334,-0.01064666436699,0.0207182415836382,"Com_9247_neg","Methyl indole-3-acetate","C11 H11 N O2",189.07946,5.294,188.07218,"Full match","No results","Full match","Organoheterocyclic compounds","Indoles and derivatives","Indolyl carboxylic acids and derivatives","Indole-3-acetic acid derivatives"
0.0267301233920695,-0.0107483574925647,-0.0155197673612459,0.0120257314010389,0.0159336144665162,"Com_924_neg","Dimetghyl 4-Hydroxyisophthalate","C10 H10 O5",210.05363,5.144,209.04624,"No results","No results","Full match",NA,NA,NA,NA
-0.00459782711143674,0.00142591894151134,-0.00366465061761072,0.00783991989982202,-0.0150172812928245,"Com_9254_pos","Valine","C5 H11 N O2",100.05312,1.407,101.06053,"Invalid mass","No results","No results","Organic acids and derivatives","Carboxylic acids and derivatives","Amino acids, peptides, and analogues","Valine and derivatives"
0.00792297666973941,-0.0451296216353856,0.0119384860150988,0.00876081771464999,0.0206726751103418,"Com_9255_pos","Deoxycytidine","C9 H13 N3 O4",227.09173,1.621,228.09909,"No results","No results","Full match","Nucleosides, nucleotides, and analogues","Pyrimidine nucleotides","Pyrimidine deoxyribonucleotides","Pyrimidine 2'-deoxyribonucleoside monophosphates"
0.0207631827962714,-0.00877363919050268,-0.00877734551349509,0.0105082271102352,0.0158542692708125,"Com_9266_pos","Amikacin","C22 H43 N5 O13",585.28091,5.111,586.28821,"Invalid mass","No results","No results",NA,NA,NA,NA
0.0246365902980404,-0.0277007979942464,0.00406170279872445,0.00538388317680612,-0.00590441649938379,"Com_9322_pos","5-Fluoro-2-[(3S)-1-(2-fluorobenzyl)-3-pyrrolidinyl]-1H-benzimidazole","C18 H17 F2 N3",313.13634,5.651,314.14362,"Invalid mass","No results","No results","Organoheterocyclic compounds","Benzimidazoles","Not available","Benzimidazoles"
0.0331985795224443,0.005239123333228,0.0447548260213445,-0.0341150678176802,0.049027190287701,"Com_934_pos","p-Coumaric acid","C9 H8 O3",164.04807,1.846,182.08191,"No results","Full match","Full match","Phenylpropanoids and polyketides","Cinnamic acids and derivatives","Hydroxycinnamic acids and derivatives","Hydroxycinnamic acids"
0.0115228116317045,-0.0110696207455683,0.0173979018659882,-0.0115983067238473,-0.0236542754845737,"Com_9372_neg","15(R),19(R)-Hydroxy prostaglandin F1α","C20 H36 O6",354.24243,6.144,353.23512,"Invalid mass","No results","No results","Lipids and lipid-like molecules","Fatty Acyls","Eicosanoids","Prostaglandins and related compounds"
0.015352233358863,-0.00303749913227871,-0.00954341243617691,0.00513490392199313,-0.0121198303864517,"Com_940_pos","3-amino-4-(propylamino)cyclobut-3-ene-1,2-dione","C7 H10 N2 O2",154.07502,3.774,155.0823,"Invalid mass","No results","No results",NA,NA,NA,NA
0.0210977579624192,-0.0193099395199025,-0.0400071736014596,-0.0169742977112489,-0.0107795924582593,"Com_9414_pos","1-hydroxy-2-phenyl-1,5,6,7-tetrahydro-4H-benzimidazol-4-one","C13 H12 N2 O2",228.09074,5.165,229.09833,"Full match","No results","No results",NA,NA,NA,NA
0.0233691138928881,0.00143396474454874,-0.015504259887294,-0.0167807401720742,0.0151010634920165,"Com_9421_pos","2-acetamido-3-(4-methoxyphenyl)propanoic acid","C12 H15 N O4",237.10129,5.118,238.10859,"Full match","No results","Full match",NA,NA,NA,NA
0.0440451875931754,0.0113319897910354,0.000510872779096031,0.00672909469576783,0.029983181938371,"Com_9430_neg","Nicotinuric acid","C8 H8 N2 O3",180.05366,2.279,359.10005,"Full match","No results","Full match","Organic acids and derivatives","Carboxylic acids and derivatives","Amino acids, peptides, and analogues","N-acyl-alpha amino acids"
-0.00522053595195448,-0.00208338686949351,0.0619200386272376,-0.0251404587982244,-0.0387713740067906,"Com_9432_pos","2-{[(3-eth-1-ynylphenyl)imino]methyl}-4-nitrophenol","C15 H10 N2 O3",266.06794,5.739,267.07522,"Full match","No results","No results",NA,NA,NA,NA
0.0218676467629399,-0.0172222966071969,0.0550931019536172,-0.00293342172925151,-0.10487434527222,"Com_9436_pos","1-[(3S)-3-(1,3-Benzothiazol-2-yl)-1-pyrrolidinyl]-2-phenoxyethanone","C19 H18 N2 O2 S",160.05226,5.606,321.11115,"Invalid mass","No results","No results","Organoheterocyclic compounds","Benzothiazoles","Not available","Benzothiazoles"
0.0160263896224765,-0.0226282401980795,-0.0201352587350077,0.0131817306606788,-0.0139783246309464,"Com_9446_neg","Sulfamethoxazole hydroxylamine","C10 H11 N3 O4 S",269.04673,6.479,268.03945,"Full match","No results","No results","Benzenoids","Benzene and substituted derivatives","Benzenesulfonamides","Benzenesulfonamides"
0.0271265658525375,-0.00107249079048262,0.0102000805642955,-0.000516562505860339,0.0145600621741841,"Com_944_neg","4-Oxoproline","C5 H7 N O3",129.04226,1.66,128.03485,"Full match","No results","Full match","Organic acids and derivatives","Carboxylic acids and derivatives","Amino acids, peptides, and analogues","Proline and derivatives"
0.0262859293196192,0.015454147420171,-0.00533437953339385,0.00232913955915392,-0.000711831458922959,"Com_944_pos","Methyldopa","C10 H13 N O4",211.08533,3.143,212.09261,"No results","No results","Full match","Phenylpropanoids and polyketides","Phenylpropanoic acids","Not available","Phenylpropanoic acids"
-0.00353222197442703,-0.0107926111185604,-0.0219844042254868,0.0120213973575322,-0.0281919400669274,"Com_9450_neg","LPG 18:1","C24 H47 O9 P",510.29887,11.083,509.29159,"No results","Invalid mass","No results","Lipids and lipid-like molecules","Glycerophospholipids","Glycerophosphoglycerols","Phosphatidylglycerols"
0.0323605684430198,-0.00622726070130876,-0.0167332824836853,-0.0195370329862841,-0.00306324844252014,"Com_9457_pos","4-methylpyridine-3-sulfonic acid","C6 H7 N O3 S",173.01552,5.155,174.02284,"Full match","No results","Full match",NA,NA,NA,NA
0.0210528428592726,0.000409147982159995,-0.00220315046018646,-0.00343634503614973,-0.00125783535618983,"Com_9461_pos","5-Hydroxyindole-2-carboxylic acid","C9 H7 N O3",177.04343,5.244,178.05073,"No results","No results","Full match","Organic acids and derivatives","Carboxylic acids and derivatives","Amino acids, peptides, and analogues","Alpha amino acids and derivatives"
0.0132340355909724,-0.0116287545191593,0.0199533063824309,-0.00539563819177295,-0.0455851893406658,"Com_9485_neg","o-Cresol","C7 H8 O",108.05719,5.754,107.04988,"No results","No results","Full match","Benzenoids","Phenols","Cresols","Ortho cresols"
0.0395175385830245,0.012958534084927,-0.00518924896655629,-0.0218853324754478,0.00811298198362128,"Com_9536_pos","H-Gly-Pro-OH","C7 H12 N2 O3",172.08556,5.054,173.09283,"No results","No results","Full match","Organic acids and derivatives","Carboxylic acids and derivatives","Amino acids, peptides, and analogues","Dipeptides"
0.00440847715714368,-0.0101509390637126,0.0140255090923692,0.0171066852279496,0.0288990962467979,"Com_9538_neg","Sulfoacetic acid","C2 H4 O5 S",139.97766,1.309,138.97038,"No results","No results","Full match","Organic acids and derivatives","Organic sulfonic acids and derivatives","Organosulfonic acids and derivatives","Organosulfonic acids"
0.0180501719130493,-0.0164042605846363,-0.0111922905177022,-0.00691339978175678,-0.00455592195058033,"Com_9542_pos","Norfloxacin","C16 H18 F N3 O3",319.12938,6.01,320.13659,"Invalid mass","No results","No results","Organoheterocyclic compounds","Quinolines and derivatives","Quinoline carboxylic acids","Quinoline carboxylic acids"
0.00712917724512473,-0.0229472365124655,0.0137650763768491,0.0024287134424321,-0.00131817289585348,"Com_9570_pos","L-Histidinol","C6 H11 N3 O",141.09076,1.374,124.08752,"No results","No results","Full match","Organic nitrogen compounds","Organonitrogen compounds","Amines","Aralkylamines"
0.0157602081288543,-0.0134453086319266,-0.0207848228738585,-0.00309106719462773,-0.00177340387333392,"Com_9582_neg","Quercetin","C15 H10 O7",302.04401,5.795,301.0371,"Full match","No results","No results","Phenylpropanoids and polyketides","Flavonoids","Flavones","Flavonols"
0.0188151002277427,-0.00315401080195176,-0.0226401315556957,-0.0174615851099107,-0.0185030038910254,"Com_9584_pos","1-(3,4-dimethoxyphenyl)ethan-1-one oxime","C10 H13 N O3",195.09039,5.479,196.09767,"Full match","No results","Full match",NA,NA,NA,NA
0.0155078670102206,0.000340134060735257,0.0194160200513266,-0.00865086082674247,0.00126307136670027,"Com_9592_pos","N-Acetyl-aspartic acid","C6 H9 N O5",175.04882,1.698,176.05609,"No results","No results","Full match","Organic acids and derivatives","Carboxylic acids and derivatives","Amino acids, peptides, and analogues","Aspartic acid and derivatives"
0.0150439956366685,-0.00567063512826014,0.0273381252414908,-0.0150046026819792,-0.0238905337686886,"Com_9600_neg","13,14-dihydro-19(R)-hydroxy Prostaglandin E1","C20 H36 O6",186.12693,6.416,371.24667,"Invalid mass","No results","No results","Lipids and lipid-like molecules","Fatty Acyls","Eicosanoids","Prostaglandins and related compounds"
0.0286701475999747,0.0125914411875245,0.0233720030406061,-0.0147979700203519,-0.00526595515435894,"Com_961_pos","2,4,5-Trimethoxybenzaldehyde","C10 H12 O4",196.07524,5.512,197.08252,"Invalid mass","No results","No results","Benzenoids","Benzene and substituted derivatives","Benzoyl derivatives","Benzoyl derivatives"
0.0241954571669942,-0.0155565993592932,-0.0308323147779681,0.00226450114229415,-0.0219089812301858,"Com_9627_pos","Ethyl protocatechuate","C9 H10 O4",182.05883,5.589,183.06625,"Invalid mass","No results","No results","Benzenoids","Benzene and substituted derivatives","Benzoic acids and derivatives","p-Hydroxybenzoic acid alkyl esters"
0.0136729460571671,-0.0164225574606842,-0.00229040183355705,-0.00155970639803647,-0.00767767485051201,"Com_9637_neg","15-Keto prostaglandin F2α","C20 H32 O5",334.21666,5.87,333.20939,"Invalid mass","No results","No results","Lipids and lipid-like molecules","Fatty Acyls","Eicosanoids","Prostaglandins and related compounds"
0.0048799319181532,-0.010015315127199,0.0220397242513386,-0.0416244237170017,0.0323674832811303,"Com_9640_neg","Decanoic acid","C10 H20 O2",172.14641,6.166,171.13916,"Full match","No results","Full match","Lipids and lipid-like molecules","Fatty Acyls","Fatty acids and conjugates","Medium-chain fatty acids"
0.0195673371368542,-0.00812349938286896,0.00905601661816834,-0.00853305684550953,0.0354686225568397,"Com_9642_pos","EQH","C16 H24 N6 O7",394.16226,6.685,395.16954,"Invalid mass","No results","No results",NA,NA,NA,NA
0.0230301116610683,-0.00185286778625452,-0.00776724786689037,0.0101997540080547,0.021132214924332,"Com_9652_pos","2-{[5-(4-chlorophenyl)-4H-1,2,4-triazol-3-yl]thio}-3-nitropyridine","C13 H8 Cl N5 O2 S",333.00844,4.684,334.01572,"Full match","No results","No results",NA,NA,NA,NA
0.00263875064003081,-0.0324979740023616,0.00814794790553603,-0.00714511940783829,0.0118318481638319,"Com_9657_pos","trans-4-Hydroxy-L-proline","C5 H9 N O3",131.05905,1.64,132.06632,"Invalid mass","Invalid mass","No results","Organic acids and derivatives","Carboxylic acids and derivatives","Amino acids, peptides, and analogues","Proline and derivatives"
0.0351077413774849,-0.00543453127363268,0.0056311341286126,-0.0018544906340881,0.0302457754121473,"Com_9669_pos","2-methoxy-5-(1H-1,2,4-triazol-5-yl)-4-(trifluoromethyl)pyridine","C9 H7 F3 N4 O",244.05722,4.876,245.0645,"Full match","No results","No results",NA,NA,NA,NA
0.0328677827246581,-0.0138779961115296,0.0402311545452373,-0.0228472781370323,-0.0270783386900245,"Com_9682_neg","16-(Hexopyranosyloxy)-7-hydroxy-8,9-epoxypimaran-18-oic acid","C26 H42 O10",514.28034,7.516,513.27306,"Full match","No results","No results","Lipids and lipid-like molecules","Fatty Acyls","Fatty acyl glycosides","Fatty acyl glycosides of mono- and disaccharides"
-1.4188024371494e-05,0.00220421514821626,-0.000111673374409313,0.000208254959020567,-0.00130438019803172,"Com_9692_neg","4-tert-butylphenol","C10 H14 O",150.10418,0.43,149.0969,"Full match","No results","No results","Benzenoids","Benzene and substituted derivatives","Phenylpropanes","Phenylpropanes"
0.0122003771408716,-0.0138331344264183,-0.0281361194902958,-0.00263271111125997,0.00268003217855711,"Com_9711_neg","Maltitol","C12 H24 O11",344.13377,1.322,343.12631,"No results","Invalid mass","No results","Lipids and lipid-like molecules","Fatty Acyls","Fatty acyl glycosides","Fatty acyl glycosides of mono- and disaccharides"
-0.00122253251879411,-0.0179036890096362,-0.00766595408050487,0.00960952724786729,-0.00542440251849004,"Com_9733_pos","Willardiine","C7 H9 N3 O4",199.06062,1.546,200.0679,"No results","Invalid mass","No results","Organic acids and derivatives","Carboxylic acids and derivatives","Amino acids, peptides, and analogues","L-alpha-amino acids"
0.0114694819516655,0.00161990093830823,-0.0109213420536833,0.00135598802029227,0.00719265861260853,"Com_9758_neg","Mesaconic acid","C5 H6 O4",130.02614,3.422,129.01886,"Full match","Full match","Full match","Lipids and lipid-like molecules","Fatty Acyls","Fatty acids and conjugates","Methyl-branched fatty acids"
0.0750786690174029,0.0684106611169916,0.0150589931738439,-0.0108817547908801,0.0187957798843615,"Com_975_pos","1-Methylguanine","C6 H7 N5 O",165.06586,4.763,166.07313,"Full match","No results","Full match","Organoheterocyclic compounds","Imidazopyrimidines","Purines and purine derivatives","6-oxopurines"
0.0161495124582423,-0.00998861454791321,0.00220952629146862,5.67335186571565e-05,-0.0146459405338023,"Com_9762_pos","2-[(3S)-1-(3,4-Difluorobenzyl)-3-pyrrolidinyl]-1,3-benzothiazole","C18 H16 F2 N2 S",330.10093,5.383,331.10821,"Full match","No results","No results","Organoheterocyclic compounds","Benzothiazoles","Not available","Benzothiazoles"
0.0381847662062214,0.00587052376250364,-0.0170531716547616,-0.0390520462073137,-0.0165089296801187,"Com_9775_neg","Myricetin","C15 H10 O8",318.04212,4.843,317.03484,"Invalid mass","No results","No results","Phenylpropanoids and polyketides","Flavonoids","Flavones","Flavonols"
0.0216941704018251,-0.0107151821500083,0.0125155373793232,0.00492892708173222,-0.000411278664694691,"Com_9799_neg","(±)9(10)-DiHOME","C18 H34 O4",314.24758,7.252,313.2403,"Invalid mass","No results","No results",NA,NA,NA,NA
0.020171680023232,-0.017371498767845,-0.0285634362235218,0.0638809050066494,0.0468370829638448,"Com_97_pos","3,4-Dimethoxyphenethylamine (DMPEA)","C10 H15 N O2",181.10964,5.324,385.20805,"Full match","No results","Full match","Benzenoids","Benzene and substituted derivatives","Methoxybenzenes","Dimethoxybenzenes"
0.0207361988088723,-0.017970712622341,0.0207084384328378,0.000382672158927878,-0.00641482965735548,"Com_9820_pos","(+/-)5(6)-EET","C20 H32 O3",302.22588,6.427,303.23318,"Invalid mass","No match","No match","Lipids and lipid-like molecules","Fatty Acyls","Fatty acids and conjugates","Epoxy fatty acids"
0.0202260021495192,-0.0134085476916548,-0.00905148949268726,-0.0232056278260882,0.0236940286500596,"Com_9841_pos","Leucylproline","C11 H20 N2 O3",228.14838,5.384,229.15566,"Full match","No results","Full match","Organic acids and derivatives","Carboxylic acids and derivatives","Amino acids, peptides, and analogues","Dipeptides"
0.0209878168223526,-0.0306334283419165,0.0237655876458621,-0.0437151377412105,0.0414842418568802,"Com_9848_pos","13,14-Dihydro-15-keto Prostaglandin E2","C20 H32 O5",369.25315,5.734,370.26043,"Invalid mass","No results","No results","Lipids and lipid-like molecules","Fatty Acyls","Eicosanoids","Prostaglandins and related compounds"
0.0275499081880697,-0.0181543158886419,0.0225799540478983,0.00382874922742075,0.00923362731244421,"Com_9881_neg","1-methyl-N-(3-methyl-5-cinnolinyl)-1H-imidazole-4-sulfonamide","C13 H13 N5 O2 S",303.07901,5.319,302.07169,"Full match","No results","No results",NA,NA,NA,NA
0.0176238075732899,-0.0160989813681814,-0.0275861578000601,0.0130226324963202,-0.0497506150315042,"Com_9883_pos","(3R)-8-hydroxy-3-(4-hydroxyphenyl)-3,4-dihydro-1H-2-benzopyran-1-one","C15 H12 O4",256.07476,5.737,257.08204,"Full match","No results","No results",NA,NA,NA,NA
0.0154459675915332,-0.0196777658023558,0.0288270271377817,0.00594718391405858,-0.0494836331556398,"Com_988_pos","N-Benzylformamide","C8 H9 N O",135.06908,5.387,136.07635,"Full match","Full match","No results","Benzenoids","Benzene and substituted derivatives","Not available","Benzene and substituted derivatives"
0.00464801746743998,0.00540461365366025,-0.00590021567808871,-0.00872129325367711,-0.000110859292474598,"Com_9896_pos","5-Aminosalicylic Acid","C7 H7 N O3",153.04318,5.281,154.05046,"No results","No results","Full match","Benzenoids","Benzene and substituted derivatives","Benzoic acids and derivatives","Aminobenzoic acids"
0.0298149277726994,-0.0269829596493131,0.0354431734053331,-0.00727548811839161,0.0205038464140352,"Com_9921_pos","Linolelaidic Acid (C18:2N6T)","C18 H32 O2",280.24159,6.819,281.24887,"No results","No results","Full match",NA,NA,NA,NA
0.00433498097749135,-0.0149646328308733,0.00481785283065636,-0.0249858780792998,0.00813357195486683,"Com_9948_neg","2-Aminoadipic acid","C6 H11 N O4",161.06893,1.367,160.06159,"Full match","Full match","Full match","Organic acids and derivatives","Carboxylic acids and derivatives","Amino acids, peptides, and analogues","Alpha amino acids"
0.0236933317664666,-0.00865378515147711,-0.012920001252716,0.0189772308964389,0.0186274991082009,"Com_995_pos","4-OHE1-1-N3Ade","C23 H25 N5 O3",419.19604,5.141,420.20332,"Full match","No results","No results","Lipids and lipid-like molecules","Steroids and steroid derivatives","Estrane steroids","Estrogens and derivatives"
0.0114373318655979,-0.0124782044251483,0.0324231988178245,-0.0194402335386211,-0.00808200902641842,"Com_9968_neg","Tetranor-PGDM","C16 H24 O7",310.14394,5.835,309.13662,"Invalid mass","No results","No results","Organic acids and derivatives","Keto acids and derivatives","Medium-chain keto acids and derivatives","Medium-chain keto acids and derivatives"
