"Compound_ID","FC","log2FC","Pvalue","ROC","VIP"
"Com_10002_neg",1.80479732225588,0.851836832351212,0.088913721972097,0.623011015911873,1.3769051574803
"Com_1005_pos",0.893993196178757,-0.161664243206419,0.172685092091275,0.587107303141575,1.40166114506048
"Com_10068_neg",0.476165611485933,-1.07046466144869,0.526159106620926,0.494492044063647,0.687009400904292
"Com_10088_neg",1.20846148025039,0.273171487884287,0.107361447086171,0.581803345573235,1.61915707669796
"Com_10149_pos",0.939074933817084,-0.0906878120530589,0.953770781634423,0.507547939616483,1.07501248597841
"Com_1015_pos",0.948392772957317,-0.0764434258025376,0.666937262118462,0.468788249694002,0.73975370689068
"Com_1018_pos",1.03582131739853,0.0507751548236029,0.33632729748923,0.572419420644635,1.33204175374701
"Com_10205_neg",0.894599063955071,-0.160686846077696,0.293611112630737,0.567523459812321,1.00821448985945
"Com_10210_pos",0.987309903065416,-0.0184250968929316,0.842730131277069,0.52672378620971,0.31852706780681
"Com_10212_pos",0.840026531243078,-0.251493200462212,0.248371345944351,0.563851489188086,0.885943497761096
"Com_10224_pos",0.899296498379436,-0.153131243643616,0.648230221123963,0.516523867809057,1.05459168208075
"Com_10241_pos",0.879784768290724,-0.18477747079511,0.404794229794681,0.547531619747042,0.654219069692609
"Com_10243_pos",1.38498902247969,0.469874541417514,0.891678402582421,0.522643818849449,0.1141179428304
"Com_10253_neg",0.865641053258236,-0.208159173902381,0.0982294570601053,0.588739290085679,1.46963452840922
"Com_10260_pos",1.17211309992452,0.229111785483465,0.772160719279471,0.545491636066911,1.34487425888963
"Com_10285_pos",0.974374565999019,-0.0374516196747103,0.805028394781779,0.527539779681762,0.215944819031608
"Com_10309_neg",0.933579423988086,-0.0991553303689582,0.316685353031691,0.556915544675643,1.13729624637331
"Com_10319_pos",1.22854016699282,0.296945027235303,0.914931944767112,0.509179926560588,0.779082743381846
"Com_1031_pos",22.1047732519219,4.46628603026481,0.168147452242113,0.573643410852713,1.20574618288955
"Com_10349_pos",0.965672696499445,-0.0503938076392255,0.677931765574785,0.49000407996736,1.35740716421739
"Com_10363_neg",0.924095726298745,-0.113885787939532,0.596692733116261,0.498572011423909,1.13779073021987
"Com_10379_neg",0.786285707698719,-0.346874464103563,0.128338792994327,0.598531211750306,1.2871085766427
"Com_1037_pos",0.894525495170152,-0.160805493290586,0.341675639311246,0.576499388004896,1.21008897978464
"Com_10427_neg",0.0906252421837453,-3.46394324434659,0.43527149411344,0.479396164830681,1.27026480514778
"Com_1042_pos",23.366266649008,4.54635534046635,0.4062204007154,0.527539779681762,0.688044027175149
"Com_10430_neg",1.02144957988,0.0306179924682538,0.489140370199198,0.541003671970624,0.95217233790376
"Com_10431_pos",0.707144305102072,-0.499923442778472,0.8908104549818,0.527131782945736,0.324199494017449
"Com_10432_pos",1.08360308311087,0.115836403472088,0.929056265338733,0.494900040799674,0.908613181508548
"Com_10476_pos",0.902196909378328,-0.148485751007215,0.403487585717942,0.55405956752346,1.22657590410007
"Com_10486_pos",1.1038360404625,0.142525895686349,0.981687938347763,0.521827825377397,0.0377815767087857
"Com_10491_pos",1.08611252010558,0.119173572561527,0.959066868430708,0.51733986128111,0.829002435637005
"Com_10493_pos",2.22170648012694,1.15166822823167,0.362862335633783,0.547123623011016,0.905187334814679
"Com_10504_pos",0.97139033133656,-0.0418769682150586,0.962177252996524,0.497756017951856,1.0189519587194
"Com_10515_neg",0.707566070146704,-0.499063226628249,0.0574311401066713,0.609139126886985,1.67002993380682
"Com_10515_pos",0.618360649942277,-0.693479580183807,0.821159754834256,0.499388004895961,0.809116270857775
"Com_10544_pos",0.999853241567855,-0.0002117432001942,0.895400404365328,0.520603835169319,0.501260788131641
"Com_10547_pos",0.943596459241437,-0.0837580898797239,0.574288056477566,0.532435740514076,0.586780876162031
"Com_10548_pos",3.80809626544842,1.92906994921561,0.020008424345352,0.619339045287638,1.85879983417465
"Com_1054_pos",1.25407680915509,0.326625712409159,0.49596593518299,0.535291717666259,0.74092180673893
"Com_10554_neg",1.14657843924209,0.197335055341406,0.829118004820683,0.511219910240718,0.34506824020607
"Com_1055_neg",0.825128132830442,-0.277309924322524,0.11249254021386,0.591187270501836,1.64500821207856
"Com_1055_pos",0.674884765247342,-0.567286907981139,0.287034952990547,0.595267237862097,0.890754938355764
"Com_10572_pos",0.998287445573704,-0.0024728117953445,0.738282172581974,0.507955936352509,0.807375221279676
"Com_10618_pos",1.2136657412533,0.279371140014759,0.335689222867636,0.515707874337005,0.882688889246231
"Com_10627_pos",0.991798813293177,-0.0118805957479907,0.329255912669529,0.573643410852713,1.17496119118546
"Com_10644_neg",1.49137210536059,0.576640262706054,0.618707923521291,0.522643818849449,0.431113854303325
"Com_10650_pos",1.02712666878833,0.0386141107349399,0.902138296598475,0.511627906976744,0.999289827949671
"Com_1066_neg",0.731842263523518,-0.450395361889831,0.681110432059892,0.4953080375357,0.305799516628207
"Com_106_pos",1.60222309856188,0.680075047109416,0.882404566139244,0.527131782945736,0.559302895481459
"Com_10715_pos",2.07973970677699,1.05640297680835,0.0885888893036694,0.607099143206854,1.32220096323292
"Com_10717_pos",0.351121363421049,-1.50995831751244,0.722999869312474,0.601387188902489,0.550406938842804
"Com_10738_pos",4.29515605876397,2.10271055071523,0.0607613677845326,0.578947368421053,1.51371872505139
"Com_10747_pos",1.07142255858662,0.0995275771440818,0.494838110329249,0.468380252957976,0.646510905178679
"Com_1074_pos",0.80014314239274,-0.321669979453528,0.221905141954821,0.567931456548348,1.40005852934119
"Com_10761_pos",1.77991971189993,0.831812165991552,0.146605139684686,0.577723378212974,1.175085808117
"Com_10763_neg",1.67708613479255,0.745956787320185,0.218016134290851,0.566707466340269,1.04326672795774
"Com_107_pos",1.37164716087471,0.455909413928601,0.570441427881265,0.524275805793554,0.956663598027577
"Com_10805_neg",1.33891281337465,0.421062019058568,0.71782032809093,0.505507955936352,0.472404604416086
"Com_10813_pos",1.68684542069824,0.754327773856716,0.392043728862231,0.534475724194206,0.809870594043517
"Com_10814_pos",1.63331525551313,0.707803280592879,0.0840028868488663,0.579355365157079,1.42598347292869
"Com_10818_pos",0.728521289115456,-0.45695696301964,0.223375266451517,0.571603427172583,1.22367101139748
"Com_10901_pos",1.07630368837225,0.106085204188002,0.543410269000506,0.550795593635251,0.816784133348657
"Com_1090_neg",0.852086825762765,-0.230927649512388,0.420698079300137,0.536923704610363,0.593130159884999
"Com_10916_pos",1.21129249763396,0.276547282812876,0.20141440717112,0.573643410852713,1.1232689540241
"Com_10943_pos",0.85433743063693,-0.227122103076365,0.736309495351151,0.524275805793554,0.592434168079629
"Com_1094_pos",6.03065428302678,2.59231453275079,0.481732121502789,0.547939616483068,0.815430804403156
"Com_10958_pos",0.751795712107731,-0.411587407942923,0.416838868434916,0.516523867809057,0.881315477032352
"Com_10959_neg",1.29579359796843,0.373835935119255,0.338696866843172,0.547123623011016,0.886080943278926
"Com_10962_pos",1.32300784637145,0.403821617843054,0.464495514282611,0.554875560995512,0.762004858943172
"Com_10969_pos",1.4419028579912,0.527973972473931,0.125060913628935,0.592411260709914,1.54009117093377
"Com_1097_pos",6.67777371661492,2.73936720699063,0.290849022672462,0.537739698082415,0.876179056885975
"Com_10985_pos",0.917751732758022,-0.123824161684528,0.575676512643367,0.53937168502652,0.529057444274505
"Com_11050_neg",1.01016663771191,0.014593300472744,0.607274135333175,0.549571603427173,0.441639800184349
"Com_11054_pos",0.789310193862159,-0.341335713280019,0.483843804576065,0.521827825377397,0.817049898083962
"Com_11055_pos",0.809266477847541,-0.305313258775547,0.493977738439715,0.551203590371277,0.617869641717849
"Com_11069_pos",2.80871936680694,1.48991248479131,0.748656525425881,0.518155854753162,0.466021565938797
"Com_11102_pos",0.790652483456979,-0.338884370554537,0.577042521324064,0.515707874337005,0.423774051149222
"Com_11118_pos",5.19457839920782,2.37700666230477,0.0688981277667046,0.532435740514076,1.47930657416725
"Com_11125_pos",10.0834472779623,3.33391703933912,0.0165271014057207,0.577723378212974,2.24636668881824
"Com_11132_neg",0.90640902010694,-0.141765876713488,0.323064243907688,0.558547531619747,1.00798221413469
"Com_11138_neg",1.11210978736007,0.153299217793041,0.544657249606466,0.55609955120359,0.672477894641947
"Com_11145_neg",1.20981833486517,0.274790430090341,0.0599396417032348,0.614035087719298,1.51907449111422
"Com_11146_pos",1.03847682765753,0.0544690245633538,0.893425856992681,0.500203998368013,0.312952310098732
"Com_1115_pos",0.883522286562058,-0.178661568138727,0.994092485135856,0.501835985312117,0.189149127288327
"Com_11194_pos",1.01714627446555,0.0245271661879369,0.790880220964694,0.518155854753162,0.888521704514623
"Com_11196_pos",0.966432809271246,-0.0492586615722084,0.543716510258717,0.456548347613219,1.06381013178679
"Com_111_pos",0.914989800891908,-0.128172432676117,0.354920633490257,0.544675642594859,1.38515001423016
"Com_11223_pos",2.14394006135519,1.10026457258935,0.0065423806061662,0.654834761321909,1.85631398332254
"Com_11234_pos",1.65084649833,0.723205979491842,0.670446722602396,0.499796001631987,0.844178586686051
"Com_11236_neg",0.800534349119048,-0.320964788035223,0.36372936115978,0.546307629538964,0.903854369904296
"Com_11252_pos",1.80762881810622,0.854098462457646,0.670056052570517,0.511627906976744,0.432692586804058
"Com_11253_pos",5.63927076232417,2.49550861375895,0.0020023815411146,0.656466748266014,2.36531651662091
"Com_1127_pos",1.07309897155922,0.101783141511892,0.180287183390908,0.588331293349653,1.24830264474026
"Com_11294_pos",0.902400463009179,-0.148160286923622,0.89657530383658,0.487556099551204,0.374929898201553
"Com_11314_neg",1.05306742255334,0.0745978077495972,0.632738386076429,0.53406772745818,0.814122738204619
"Com_11325_pos",1.05883774898802,0.0824815348789039,0.819852229387844,0.514075887392901,0.436414982868987
"Com_1133_pos",0.943040848067656,-0.0846078319103138,0.860545550795262,0.513667890656875,0.929528369369719
"Com_11347_pos",0.767485484682792,-0.38178862958263,0.399462767811241,0.54671562627499,0.775392441691231
"Com_11355_neg",0.923101291159791,-0.115439132567628,0.739096648310045,0.491228070175439,0.273256997635143
"Com_11356_pos",1.13194285894201,0.17880113201989,0.357403105607849,0.57609139126887,0.733714763237502
"Com_11392_pos",1.47427485367366,0.560005515658556,0.351977678944679,0.554875560995512,0.985241039720547
"Com_11420_neg",1.03247374748135,0.0461050989716207,0.625163036928248,0.544675642594859,0.424024474871191
"Com_11443_neg",3.93850676013559,1.97764875199566,0.28526456708468,0.560587515299878,1.02113735237378
"Com_11445_pos",0.852087634031648,-0.230926281007535,0.340915609524053,0.555691554467564,0.789990021938479
"Com_11496_neg",1.05115615117711,0.0719770002184997,0.898537852418388,0.499388004895961,0.671851034972956
"Com_1151_pos",0.59126184522566,-0.758130913471883,0.15479193209909,0.578131374949,1.19115913665207
"Com_1152_pos",1.38799522691545,0.473002606736599,0.915417654664158,0.488372093023256,0.287082916869165
"Com_11537_pos",0.596670752244215,-0.744993034646784,0.486196270573116,0.553243574051408,0.558344049499403
"Com_11544_neg",2.58638796391911,1.37093869882988,0.0785899685781982,0.604243166054672,1.45540823410777
"Com_11572_pos",0.975776961540465,-0.035376673791584,0.978589241551092,0.510403916768666,0.865946117580988
"Com_11574_pos",0.627941889996747,-0.671297037191579,0.070309634167565,0.603835169318645,1.92461190385954
"Com_11577_pos",2.5002641348897,1.3220805132739,0.0672655050563026,0.587515299877601,1.56964661404764
"Com_11583_pos",0.845894188931758,-0.24145088384775,0.0127898877082602,0.60546715626275,1.76008001089457
"Com_11601_neg",0.928726004910431,-0.106675063038468,0.810709524810064,0.537331701346389,1.15919933606776
"Com_11609_pos",1.76287039708643,0.817926414332717,0.441983285382191,0.487556099551204,0.904451105198412
"Com_11636_neg",1.97357152400389,0.980808804741983,0.233937092614606,0.549571603427173,1.15749300973596
"Com_11638_neg",1.67182848986713,0.741426851300502,0.158489337686898,0.578947368421053,1.07621033663143
"Com_11657_neg",0.880808415049801,-0.183099842728242,0.696369947807636,0.521419828641371,0.293501119700196
"Com_11657_pos",1.19860203101066,0.261352723645146,0.629763672260295,0.485108119135047,0.374942656172714
"Com_11685_pos",1.08640250247818,0.119558707880759,0.983878262430101,0.484700122399021,0.770546109400057
"Com_11686_pos",1.02330422658332,0.0332351196028603,0.338624645141526,0.578539371685026,0.79022318543644
"Com_11696_pos",20.0596068235468,4.32622142370494,0.226336293517114,0.571603427172583,0.94851314579961
"Com_11697_neg",0.697966229174641,-0.518770861003905,0.746963785269608,0.498164014687882,0.598201813670403
"Com_116_pos",3.00299166690145,1.58640047151956,0.003436174696524,0.630762953896369,2.36651909355192
"Com_11705_neg",1.08870247371907,0.122609740705767,0.130705715981781,0.615259077927377,1.47732301466808
"Com_11765_neg",1.48898587594332,0.574330069028695,0.146150538013665,0.579355365157079,1.22597205703531
"Com_11801_pos",0.968811910666155,-0.0457114931154761,0.485118130518743,0.562219502243982,0.9172552001194
"Com_11802_pos",1.50827385469532,0.592898400052793,0.994586188756356,0.502243982048144,0.13116188107073
"Com_11812_pos",0.712117246699889,-0.489813301298561,0.0091654037889177,0.656058751529988,2.02877499513404
"Com_11815_pos",0.492518528149599,-1.02175009627419,0.679124665484652,0.560179518563852,0.54837664244327
"Com_11816_pos",0.784982927299852,-0.349266817911995,0.348267946316391,0.592411260709914,1.18987736630077
"Com_11824_pos",0.919123860020347,-0.121668804432462,0.574201622912266,0.518971848225214,0.642760379462411
"Com_11848_neg",0.87697006892653,-0.189400490698709,0.505444572770672,0.494492044063647,1.02279155942302
"Com_11855_pos",1.63616892779531,0.710321708371978,0.418443501514814,0.53937168502652,0.775871721903497
"Com_11896_pos",1.02482806774327,0.0353818935161536,0.805879035467631,0.500611995104039,0.207975793403971
"Com_11911_neg",1.09396686148313,0.129569036578315,0.262089079264704,0.564667482660139,1.09003584126267
"Com_11914_neg",0.616706479021855,-0.69734409176326,0.209156940007749,0.46593227254182,1.41573412291394
"Com_11941_pos",0.296150809593728,-1.75559606482313,0.0426504171082576,0.601387188902489,1.74303356600627
"Com_11954_pos",0.588228900622086,-0.765550427017571,0.537487537920617,0.508771929824561,0.546355734623477
"Com_11957_neg",1.71260585651733,0.776193164103947,0.587122238343289,0.549571603427173,0.641967490771431
"Com_11962_neg",0.998410569584111,-0.0022948876444661,0.978357911103134,0.520195838433293,0.511427013218079
"Com_11964_neg",1.30934554345391,0.388845882647032,0.49849492406539,0.554875560995512,0.733557365117258
"Com_11_neg",0.613280838514927,-0.705380219094388,0.416146925311151,0.53202774377805,1.06140665496829
"Com_12010_neg",2.36007158519402,1.23883061977276,0.0363128930376579,0.616891064871481,1.56728423674146
"Com_12040_neg",1.97302810449791,0.980411506457307,0.255566212149354,0.544675642594859,1.09557973378234
"Com_12040_pos",1.38715604856213,0.472130093229782,0.645305941564125,0.52672378620971,0.682126873814299
"Com_12042_neg",2.32283180524605,1.21588469331055,0.442501351072492,0.548347613219094,0.855465273899204
"Com_12048_pos",0.865137021134625,-0.208999448778169,0.633820729136494,0.518155854753162,0.464335939870066
"Com_1204_neg",0.348667148316679,-1.52007765619097,0.0756952683594022,0.601387188902489,1.4461818279046
"Com_12066_pos",0.69914556393281,-0.516335235136792,0.270511729494157,0.618115055079559,1.14642724018514
"Com_12088_neg",0.909268482159303,-0.137221749104929,0.570814431456509,0.53937168502652,0.676356254288075
"Com_12102_pos",0.996230496404895,-0.0054485197143582,0.669240209795462,0.537739698082415,0.322860346187585
"Com_12109_pos",1.18640022456387,0.246590775981,0.545264586921126,0.52468380252958,0.754873551277515
"Com_12125_neg",1.2838897727149,0.360521346398035,0.627867916567271,0.531619747042024,0.811008041156814
"Com_12125_pos",1.10311968030085,0.141589321128667,0.482978108197317,0.538963688290494,0.780788451332028
"Com_1212_pos",1.1432626542267,0.193156887733612,0.434229548161438,0.535699714402285,0.834193461617321
"Com_12157_pos",0.99775439434544,-0.0032433671679405,0.243370877929303,0.577315381476948,1.2359041770647
"Com_1219_pos",0.203870932029046,-2.29427200470716,0.224506654981793,0.631986944104447,0.895750733999317
"Com_12240_pos",1.22658628137914,0.294648720515698,0.198653271209199,0.570379436964504,1.24513772522909
"Com_1226_pos",0.879343602245564,-0.185501088342942,0.608692530557062,0.520195838433293,1.07000396381436
"Com_12282_pos",1.201271071244,0.264561737232206,0.779748152883947,0.505099959200326,0.601139102112453
"Com_12285_pos",1.21989837029447,0.286760961903335,0.91196739830306,0.509587923296614,0.671444239562653
"Com_1229_pos",0.455885609319425,-1.13325622569604,0.0524991566420914,0.609139126886985,1.49615906307557
"Com_122_neg",1.18168928934813,0.240850746476733,0.0964086735251616,0.604243166054672,1.06407131014678
"Com_12309_pos",0.910844003178702,-0.134724104648855,0.949127095675551,0.530395756833945,0.243635531716292
"Com_12314_pos",1.19627968479171,0.258554724561196,0.755979177263911,0.501019991840065,0.262455274295491
"Com_12358_pos",1.0528474304859,0.0742963886628499,0.65764377109612,0.535699714402285,0.575798100844204
"Com_12365_neg",0.99843042372225,-0.0022661988638059,0.991296436742353,0.521419828641371,0.300282725024111
"Com_12367_neg",0.601666093855591,-0.732965037113571,0.107259517013131,0.587515299877601,1.43796159673514
"Com_12368_pos",1.17386471819183,0.231266154921965,0.481917664442671,0.541003671970624,1.32857268225229
"Com_12384_pos",0.828631358611594,-0.271197676383687,0.200915405447245,0.570379436964504,1.4640716211133
"Com_12396_pos",0.827474785476306,-0.273212743598948,0.412774010981252,0.54671562627499,0.84042289376349
"Com_1239_neg",2.99991351857356,1.58492091134668,0.3400979066125,0.478580171358629,0.849162546689074
"Com_12425_neg",2.15785693622365,1.10959921874507,0.157046196019657,0.5687474500204,1.25155366975602
"Com_1243_neg",2.28855065977427,1.19443422805226,0.500516476692203,0.494084047327621,0.757832216258509
"Com_12462_pos",1.21999560289887,0.286875948044369,0.113283474299273,0.594451244390045,1.29943432150969
"Com_12477_pos",1.56477197929968,0.645952440991138,0.211689740621715,0.434108527131783,0.839906117533557
"Com_12480_pos",1.08848807350211,0.122325600090543,0.440779958888421,0.521827825377397,0.701776266482254
"Com_12493_pos",1.24239438735141,0.313123217324509,0.33304355618288,0.574459404324765,0.980102844495223
"Com_12521_neg",0.335394245587154,-1.57607015832289,0.802242219137432,0.536923704610363,0.811443953004303
"Com_12554_pos",0.833675184348058,-0.262442703073612,0.434828169100447,0.554467564259486,1.06774832138577
"Com_12568_pos",1.08072886792668,0.112004626716864,0.350296859751161,0.56140350877193,1.08952536615403
"Com_12584_pos",0.86657297025648,-0.206606857452626,0.631618346148296,0.49000407996736,0.875657873579783
"Com_12606_pos",1.03569590160694,0.0506004647566925,0.116544921726626,0.628722970216238,1.23433317427818
"Com_12616_pos",0.599160577882499,-0.738985390924495,0.726886464513968,0.549163606691146,0.570352070352336
"Com_12631_pos",1.16197561420463,0.21657979194794,0.576754265079406,0.529987760097919,0.745942182813193
"Com_12686_pos",1.01103124646357,0.0158275851948676,0.914785640776626,0.523867809057528,0.599646739143675
"Com_126_pos",1.37195558174964,0.456233773765198,0.588572500748222,0.553651570787434,0.547034618424248
"Com_12702_pos",0.775876487843743,-0.36610108752351,0.770029857372563,0.525907792737658,0.702744067495272
"Com_12717_pos",0.97266236198061,-0.0399890023484596,0.467705635529717,0.55609955120359,0.762202853148744
"Com_12726_pos",0.762277871002246,-0.39161109973875,0.651945606437778,0.52672378620971,0.377379498701367
"Com_12727_neg",0.920765801075506,-0.119093844752387,0.500023138023475,0.556507547939616,0.53990504276914
"Com_1274_neg",19.2081511079896,4.26364675310445,0.239588176657618,0.544267645858833,1.27747224952181
"Com_12770_pos",1.23751257340615,0.307443183372892,0.820656905527954,0.478172174622603,0.39189557943674
"Com_12775_pos",1.43453427172254,0.520582435205588,0.136313461749352,0.629130966952264,1.12580027202178
"Com_1278_pos",1.3093271858437,0.38882565527542,0.666018387936312,0.547531619747042,0.373183714351245
"Com_12791_pos",1.75515112217971,0.811595254936012,0.878624021241629,0.514075887392901,0.525673024527823
"Com_128_pos",1.20076077155949,0.263948750491426,0.943287970685176,0.496124031007752,0.826526255712181
"Com_12923_pos",0.653629468028688,-0.613455067920736,0.707284449275856,0.503467972256222,0.501443444009905
"Com_12941_pos",1.05538566146164,0.0777702882279897,0.731283821249055,0.519787841697266,0.730068429839978
"Com_1294_pos",0.704705944752643,-0.504906710489741,0.472232827504645,0.567931456548348,0.987044219928546
"Com_12993_pos",0.840233956645841,-0.251137003784854,0.496693061454138,0.538555691554468,0.795411856562411
"Com_13000_neg",1.50544456581695,0.590189585449907,0.659843151458774,0.476540187678499,0.849067942088936
"Com_13005_pos",4.40627119532014,2.13955829215703,0.004813443783955,0.647082823337413,2.08696038416553
"Com_13010_pos",3.39635843507468,1.76398872191127,0.295731820342432,0.565483476132191,0.903448425080203
"Com_13025_pos",0.591098142481191,-0.758530407943263,0.766787112337228,0.458996328029376,0.575974409486067
"Com_1302_neg",25.1628412294826,4.65322292633579,0.471340636994182,0.521827825377397,0.711055691340194
"Com_1305_neg",0.84298464634819,-0.246421739922904,0.755153169461977,0.537739698082415,0.254391654755532
"Com_13071_pos",1.65840270783099,0.729794377186564,0.77101480909716,0.459404324765402,0.255559902009894
"Com_1310_pos",6.770716466578,2.75930850560055,0.0433349121087559,0.60016319869441,1.41177016815212
"Com_13127_neg",1.27438444227427,0.349800559616505,0.40842541945623,0.547531619747042,0.6417966434273
"Com_13132_pos",1.49170476849305,0.576962032123184,0.0421877535269136,0.60546715626275,1.43709221251229
"Com_13135_neg",1.0039569536631,0.0056974126471165,0.855437064153025,0.48266013871889,0.580172336819354
"Com_13157_pos",0.815854730394681,-0.293615803470948,0.376758212287212,0.544675642594859,1.34103968647327
"Com_13163_pos",1.15243978799528,0.204691375531077,0.703032765761271,0.533659730722154,0.643475164466431
"Com_13169_pos",1.36774135638271,0.451795438452569,0.0917823203472812,0.615259077927377,1.37966609727059
"Com_13174_pos",0.454220486787091,-1.13853531724505,0.146786748965205,0.570379436964504,1.17793908163147
"Com_13184_pos",0.948052457743473,-0.0769612061936333,0.929093766975091,0.505507955936352,0.470754132512993
"Com_131_pos",0.723008999520928,-0.467914489919257,0.988965976098117,0.53202774377805,0.23132707275902
"Com_13223_neg",0.973893630370814,-0.0381638865599209,0.933080659884056,0.505915952672379,0.424508975320247
"Com_13237_pos",1.05593799770311,0.0785251253854208,0.946782635599511,0.478172174622603,0.54334738548989
"Com_13248_pos",2.31062925081782,1.2082857925118,0.149138845636223,0.574051407588739,1.44848645212552
"Com_1325_pos",0.914410632091006,-0.129085916645783,0.32874752761721,0.549163606691146,0.689413167776577
"Com_13279_pos",2.93361059249988,1.55267738036574,0.497005248032674,0.510811913504692,0.657028443165348
"Com_1327_pos",13.7119903529363,3.77736609444342,0.0411186737519546,0.622603019175847,1.50294210965395
"Com_13301_pos",1.11206096170111,0.153235876850273,0.524806630589312,0.530395756833945,0.626970498075589
"Com_13304_pos",0.668778774790167,-0.58039903393819,0.0213275986473648,0.645450836393309,1.78929327550359
"Com_1330_pos",1.08403652820085,0.116413371236363,0.671288860400832,0.528763769889841,1.55424340637629
"Com_13325_neg",0.984085470498036,-0.0231444718953144,0.91419898067757,0.496124031007752,0.538340210868691
"Com_1332_neg",0.805751343733339,-0.311593405650562,0.876012541308876,0.49000407996736,0.461086595925171
"Com_13368_pos",3.0694875941099,1.61799783893871,0.0461906113844991,0.602203182374541,1.58293172206929
"Com_13373_neg",1.15516083267631,0.208093731598796,0.995190089606212,0.525091799265606,0.713639472456697
"Com_13375_pos",0.975263819915644,-0.0361355578718238,0.838801058788341,0.494084047327621,0.271434833039296
"Com_13431_neg",1.41916302062601,0.50504032268951,0.453895444388803,0.468788249694002,0.766834530658103
"Com_13438_pos",0.881689557798394,-0.181657321489405,0.369424141123169,0.578539371685026,0.700694718780091
"Com_13444_neg",1.03711431999569,0.0525749296386558,0.790453451637505,0.535699714402285,1.15389019571813
"Com_1348_pos",1.1779734679424,0.236307045026613,0.498824961505613,0.534883720930233,0.470554054415914
"Com_13491_pos",0.127389393063509,-2.97268293669451,0.844528400890302,0.588739290085679,0.631922422157714
"Com_134_neg",1.8293024495319,0.871293624220718,0.611554530640111,0.569563443492452,0.475655024892153
"Com_13527_pos",0.25835930399309,-1.95254925609073,0.765697570879102,0.544267645858833,0.988371742736651
"Com_13544_pos",1.38200778985306,0.466765747673136,0.3512859340731,0.565483476132191,1.44643620977747
"Com_13550_neg",0.864148514410891,-0.210648816536395,0.826672629050116,0.478988168094655,0.468103402126211
"Com_13556_pos",0.380915947578588,-1.39245540527722,0.866627608942982,0.55609955120359,0.917814876118451
"Com_1356_pos",1.10498125972379,0.144021901985197,0.411665296181423,0.536923704610363,0.854641491907285
"Com_13570_pos",0.867903296814132,-0.20439379067244,0.817115174888119,0.476132190942472,1.24670255301326
"Com_13584_neg",1.79170234958232,0.841330986475544,0.163531341365699,0.573643410852713,1.21448697128024
"Com_13616_neg",0.962555164609864,-0.0550588701109154,0.700902049224251,0.49000407996736,0.365004538685588
"Com_13632_neg",0.963159161781344,-0.0541538721674122,0.72826717038349,0.527947776417789,0.359704078189873
"Com_13667_pos",1.25426602192633,0.326843367128343,0.672635800335016,0.515299877600979,0.458776812102178
"Com_13673_pos",0.433657924468286,-1.20537062195533,0.0415697284588465,0.618115055079559,1.90983520490853
"Com_13681_pos",0.886784796259797,-0.173344059175402,0.529859087021461,0.538963688290494,0.590292817009226
"Com_13697_neg",1.99131304230361,0.99372003626613,0.374621302207136,0.540187678498572,1.16514906497687
"Com_13725_pos",0.819016377221547,-0.288035794303033,0.673230604970422,0.507547939616483,1.12157350272171
"Com_1374_pos",1.42589415196209,0.511866890542566,0.58244943171007,0.54141166870665,1.10831330482271
"Com_13753_neg",1.00834939143594,0.0119956169657726,0.742034120999816,0.51203590371277,0.769478573627247
"Com_13758_neg",1.02131480965683,0.0304276304921935,0.847262530508363,0.522643818849449,1.31929323101707
"Com_13776_pos",0.315925581197858,-1.66234333484254,0.885959540642213,0.550795593635251,0.292149311223922
"Com_1377_neg",0.939205565971617,-0.0904871366354624,0.583769039202738,0.544267645858833,0.466260198646739
"Com_13807_pos",0.878957216299641,-0.186135151742271,0.254484673620029,0.578947368421053,1.09957567925876
"Com_13811_neg",1.03515973426755,0.0498534054585852,0.857198887506297,0.498980008159935,0.745279244387913
"Com_13835_pos",1.14437440951104,0.194559141602545,0.116338153657523,0.591595267237862,1.36780980227771
"Com_13843_pos",3.25070166170006,1.70075115647857,0.289491284147191,0.474092207262342,0.888578313616846
"Com_13868_pos",0.831168359343187,-0.266787359662943,0.234087369584933,0.585067319461444,0.931302789445915
"Com_13884_pos",1.09568442865273,0.131832343212892,0.722503010886749,0.516115871073031,0.680130349797221
"Com_13897_pos",1.79528915917713,0.844216231186677,0.410837245607947,0.537739698082415,0.709483163445233
"Com_1390_pos",9.4358662453948,3.23815496833646,0.0172837311227571,0.607099143206854,1.90662729308762
"Com_13928_pos",0.431791117264716,-1.21159453010489,0.233726581108768,0.53937168502652,0.912848237974765
"Com_13944_pos",1.14613516627669,0.196777194372316,0.398863958352417,0.556507547939616,0.840023620933252
"Com_1395_pos",1.35202652293897,0.435123453496723,0.160044049644887,0.587107303141575,1.07201317857678
"Com_13970_pos",0.853907722144808,-0.227847921993724,0.321414598755108,0.551203590371277,1.15345429049223
"Com_13997_neg",0.628035035710235,-0.671083051000551,0.348447305664728,0.540187678498572,1.093889768339
"Com_14010_pos",1.77361334699154,0.82669153208717,0.472667339197376,0.546307629538964,0.789623441294464
"Com_14066_neg",1.17664629776636,0.234680708526735,0.820999365846508,0.513667890656875,0.829712465329611
"Com_14079_neg",1.48188175010584,0.567430329329074,0.191238752833942,0.587515299877601,1.07520048727278
"Com_14081_pos",0.757994911488023,-0.39973993144566,0.0588780393079362,0.603427172582619,1.57917491802989
"Com_140_pos",0.892096450155466,-0.164728397478754,0.475074099568345,0.513259893920849,0.76976042281333
"Com_14107_neg",1.02939398667769,0.0417952600141717,0.841403809992334,0.543451652386781,0.870260564037622
"Com_14123_pos",1.22761277219363,0.295855560924005,0.676750064480609,0.531211750305998,0.456737474055785
"Com_14124_pos",3.43635581377074,1.78087942651871,0.903796282686201,0.518563851489188,0.137180451195858
"Com_14131_pos",2.72682089896461,1.44721994533531,0.002306633594236,0.672378620971032,2.45652812795328
"Com_1414_pos",0.86553849881842,-0.208330103349577,0.300030117304716,0.552427580579355,0.684632829665643
"Com_14195_neg",0.740500714088768,-0.433426968135119,0.0917722555642528,0.594451244390045,1.5753677750173
"Com_14208_pos",0.939831451227207,-0.0895260469075492,0.431120407804149,0.523459812321501,1.29511939177019
"Com_14213_pos",2.78964134784573,1.48007965289871,0.192589925369097,0.579763361893105,1.16047293052683
"Com_14225_neg",0.986346734533707,-0.0198332025867748,0.752596795109441,0.535699714402285,0.62307439346374
"Com_14225_pos",0.645538846664565,-0.631424179519096,0.208048336561915,0.54671562627499,0.85130482333369
"Com_14255_pos",1.09042222261577,0.124886869430074,0.201812333956844,0.541819665442676,0.798922329195085
"Com_14298_pos",0.861934008143717,-0.21435067774041,0.598532134121956,0.481436148510812,0.979025366254474
"Com_142_neg",3.05852921950249,1.6128380588548,0.940550402359549,0.481028151774786,0.394407593001681
"Com_14305_pos",1.10860085268547,0.148740022393511,0.404865442366981,0.538555691554468,0.849277333783038
"Com_14308_pos",0.910532625802808,-0.135217382747713,0.967265497768352,0.514483884128927,0.182639995684865
"Com_14336_neg",1.80541782598051,0.852332757174767,0.551946648132149,0.552019583843329,0.807676534708313
"Com_14336_pos",1.81548283728306,0.860353291645333,0.454457067839655,0.51733986128111,0.629652402966261
"Com_14337_pos",2.47656035745002,1.30833778201925,0.20367041793854,0.560587515299878,1.04818657146094
"Com_1433_pos",1.05324304511585,0.0748383893774984,0.555419752675076,0.536923704610363,0.588827444453187
"Com_14340_pos",1.76163084178304,0.816911632244904,0.487876300957821,0.542635658914729,0.884341063235955
"Com_14367_pos",0.747821565656602,-0.419234018693666,0.386973305346868,0.581803345573235,0.932251451786518
"Com_1438_pos",1.69377124534894,0.760239042624341,0.197549493734674,0.605059159526724,1.00920693093994
"Com_14392_pos",0.788100097366127,-0.343549215456342,0.360078606424658,0.563035495716034,1.13780424866275
"Com_143_pos",28.8177305238213,4.8488848186391,0.845980406115798,0.532435740514076,0.425763550600213
"Com_14458_pos",0.787283410486409,-0.345045016587942,0.60523521432433,0.52468380252958,0.473623543679164
"Com_14474_neg",0.920722988542612,-0.119160926810398,0.69847153819305,0.533251733986128,0.630516097116814
"Com_14474_pos",1.09501502519099,0.130950665826276,0.917008924317043,0.48796409628723,1.17649283110531
"Com_14476_pos",0.942295259278672,-0.0857489094086907,0.907697442587341,0.501835985312117,0.673901488724002
"Com_1450_pos",0.740995726863446,-0.432462871992813,0.542609557032468,0.529987760097919,0.453535515060301
"Com_14534_neg",1.14242467928919,0.192099050711748,0.681899732185519,0.521011831905345,0.519972298897913
"Com_14567_pos",0.956734455521078,-0.0638095388941243,0.384539556572984,0.57609139126887,0.771933968708942
"Com_14574_pos",0.806700723337482,-0.309894545345738,0.0560374899268864,0.606691146470828,1.85768305134756
"Com_14606_neg",1.79173431346927,0.841356723858692,0.850641869323634,0.541819665442676,0.480107045864607
"Com_14623_pos",2.02833407121825,1.02029528705403,0.225790570922768,0.573643410852713,1.13512378583352
"Com_14626_pos",1.07451671952874,0.103687931340415,0.916150843716163,0.48796409628723,0.249464426278633
"Com_1462_neg",1.2035718058423,0.267322216463255,0.485099191104434,0.466748266013872,0.525015680075503
"Com_14640_pos",0.440165546579499,-1.18388187043067,0.514387645637531,0.523459812321501,0.797650462936252
"Com_14652_neg",0.984787255391499,-0.022116003558957,0.785818197740289,0.494900040799674,0.222526021798476
"Com_14664_pos",2.3404705767535,1.22679862831044,0.0069099797842155,0.653202774377805,2.12768721289588
"Com_14682_pos",0.867151781165073,-0.205643558454005,0.476316265663165,0.515707874337005,0.611445044432753
"Com_14683_pos",1.00051899247713,0.0007485536429572,0.567008381581242,0.568339453284374,0.391183520070614
"Com_14702_pos",1.23079148345988,0.299586365998341,0.574320926891463,0.490820073439412,0.914174209043917
"Com_14705_neg",2.08375433617865,1.05918520138418,0.0506986003690287,0.60750713994288,1.49237271950589
"Com_14728_pos",0.95144376785341,-0.0718097019049572,0.790778386646691,0.516523867809057,0.930753250299356
"Com_14733_neg",2.55234943661745,1.35182585886917,0.151135080293068,0.565891472868217,1.21143201775656
"Com_14752_pos",1.91060036096888,0.934026042290675,0.42117400027176,0.5046919624643,0.767955014800804
"Com_14771_neg",0.868034630661429,-0.204175494053006,0.0719862980005566,0.596491228070175,1.70534812159969
"Com_147_pos",0.0046990596494765,-7.73341220335468,0.0330090232968815,0.592003263973888,2.15031654047648
"Com_14819_pos",1.06569322266348,0.0917921943458732,0.952894719745475,0.514075887392901,0.313231390227058
"Com_14871_pos",1.03893061868609,0.0550993121634765,0.73314832836843,0.540187678498572,0.534421836829639
"Com_1487_neg",1.30332912140634,0.382201444507632,0.319978307413437,0.569155446756426,1.3241134421931
"Com_14908_neg",0.897189284034926,-0.156515705807354,0.573218259941218,0.537739698082415,1.00829426331507
"Com_14911_pos",1.33843470409853,0.420546758425056,0.870164254595124,0.496124031007752,0.647263918715383
"Com_14922_pos",0.844735507025799,-0.24342840134365,0.766921504710552,0.51733986128111,0.453409247774124
"Com_14932_pos",0.563452532843011,-0.827634016905896,0.67132973525701,0.496940024479804,0.691768350760416
"Com_14942_pos",0.854518201015005,-0.22681687363026,0.384480918518539,0.549979600163199,0.946864487363952
"Com_14971_neg",0.979811354270269,-0.0294240849011178,0.714683975364406,0.507139942880457,0.318653536268053
"Com_14978_neg",0.917475863657375,-0.12425788989046,0.529541204489239,0.550795593635251,0.600703861361681
"Com_149_pos",3.26663376365729,1.70780471710439,0.220840680575315,0.586699306405549,1.07652823563211
"Com_14_pos",1.14285327998727,0.192640201608847,0.580033244489091,0.54671562627499,0.923619802467443
"Com_15033_neg",1.63427310484599,0.708649093693931,0.171187173251684,0.54141166870665,1.20651807189332
"Com_15056_neg",0.969214381193003,-0.0451122832451316,0.834231207456513,0.51937984496124,0.709509167379496
"Com_15059_pos",1.0117975040073,0.0169205852928756,0.29523403183012,0.568339453284374,1.29260972732052
"Com_15066_neg",0.901857563802065,-0.14902849757399,0.760442066852266,0.500203998368013,0.857021882154111
"Com_1508_pos",25.7157182948371,4.68457854668881,0.0021178840910275,0.665034679722562,2.54094684999769
"Com_15101_neg",1.52644397827871,0.610174642448335,0.335118790529902,0.555283557731538,1.04904266450595
"Com_15111_pos",1.11575900031607,0.158025444195853,0.101137061816763,0.617299061607507,1.36973471466252
"Com_15142_pos",1.075107036407,0.104480300006676,0.528704202655835,0.541819665442676,1.4410293162935
"Com_15169_pos",0.850974966752073,-0.232811402310838,0.814921538241471,0.484292125662995,0.825239202305512
"Com_1516_pos",1.2761443738188,0.351791554502392,0.883649588836746,0.520603835169319,0.499481296054199
"Com_15220_neg",1.27418383106958,0.349573435396387,0.345719631755004,0.55609955120359,0.892834007145782
"Com_15290_pos",0.625871044060753,-0.676062663383158,0.380890186254321,0.586291309669523,0.768969221399827
"Com_15324_pos",0.999483676957469,-0.0007450890628391,0.797794843226617,0.483068135454916,0.301969342584723
"Com_15341_pos",1.11751446864362,0.160293510339483,0.237846734570155,0.446756425948592,0.758582338811362
"Com_1535_pos",0.933019026340172,-0.100021593738801,0.867958672237888,0.531619747042024,0.621916507371094
"Com_15361_pos",1.65887426064684,0.730204537037545,0.475278056047836,0.53937168502652,0.855458487603928
"Com_15368_pos",0.965919648912233,-0.0500249130077549,0.919833156902081,0.521827825377397,0.171970585586247
"Com_15374_pos",0.813580480633998,-0.29764302831528,0.799094005345561,0.524275805793554,0.632468516226929
"Com_15383_pos",0.713197723455456,-0.487625997034895,0.973517441954165,0.485924112607099,0.88640072841897
"Com_15413_pos",1.13286943403559,0.179981596618431,0.422634274107522,0.556507547939616,1.3742019314828
"Com_15428_neg",0.779837001807789,-0.358755485345279,0.612762204582248,0.49734802121583,1.18197176354508
"Com_1542_neg",14.4423404549624,3.85223265215111,0.121001235735843,0.569563443492452,1.47871168265249
"Com_15440_neg",17.3849525061431,4.11976722066758,0.0904263514978056,0.572011423908609,1.39085636325699
"Com_15440_pos",0.846134182175345,-0.241041627040236,0.262674220774301,0.57609139126887,1.0812322729735
"Com_15446_pos",2.04661352244436,1.03323869303321,0.273068940266166,0.567931456548348,1.46372465729915
"Com_1545_neg",0.597505942922813,-0.742975032366977,0.1576697845215,0.580171358629131,1.25367689447443
"Com_154_pos",0.918947750176722,-0.121945260254332,0.671283389723525,0.465116279069767,1.0182904762764
"Com_15581_pos",1.0853158284257,0.118114930043544,0.424779445390345,0.551611587107303,0.95289526905017
"Com_15599_pos",1.0657310917795,0.0918434592071401,0.931517234659313,0.496940024479804,0.0836566577904903
"Com_1561_pos",7.60012599023521,2.9260233348695,0.583945707264097,0.529987760097919,0.427152553907296
"Com_1562_pos",12.7270157037142,3.66982226320815,0.0914570114202497,0.59077927376581,1.5252179448453
"Com_15655_neg",1.21278762821049,0.278326941594588,0.569057844841639,0.537739698082415,0.652157310552335
"Com_156_neg",0.519376874300855,-0.94514631667048,0.1333151254599,0.596083231334149,1.40324794843515
"Com_15732_pos",1.05262526387747,0.0739919262337901,0.711611935177419,0.500203998368013,0.718569266326639
"Com_15750_pos",0.593823199489484,-0.751894637240426,0.136059345410344,0.597715218278254,1.37708010204846
"Com_15776_pos",0.984081819461902,-0.0231498244197177,0.951419357941236,0.550387596899225,0.132706448133538
"Com_1577_pos",1.08180282845341,0.113437574641739,0.0723018590735787,0.598939208486332,1.30100923196221
"Com_15790_pos",0.661442846909896,-0.596311591507933,0.677578285118998,0.567115463076295,0.979870542360818
"Com_15855_pos",1.48870537611508,0.574058264010569,0.173069846048947,0.594859241126071,1.15134993076979
"Com_15887_pos",0.755424232516588,-0.404641031560987,0.414799436251176,0.545083639330885,0.686456474587574
"Com_15923_pos",0.854858475462603,-0.226242497869399,0.67530023188278,0.521011831905345,1.24834938230606
"Com_15972_neg",0.968953690229877,-0.0455003791667597,0.927360312686934,0.505915952672379,0.67826539998626
"Com_15994_pos",0.675050206384499,-0.566933289304171,0.132260813103442,0.576499388004896,1.17228805569815
"Com_1599_neg",0.710722024025198,-0.49264268831408,0.247826038624701,0.567115463076295,1.53771797561524
"Com_16020_pos",0.629926205270724,-0.666745265521981,0.107259019684589,0.640554875560996,1.5416754839567
"Com_16036_pos",2.08553808962601,1.06041966140611,0.517866273578958,0.530803753569971,1.46523024662936
"Com_16041_neg",0.871531371127815,-0.198375499204264,0.143327016485523,0.572827417380661,1.77683406059414
"Com_16041_pos",1.16273792820182,0.217525961566436,0.450342337898577,0.527539779681763,0.685741413061585
"Com_1606_pos",1.09681228879865,0.13331664042521,0.84774836206734,0.552835577315381,0.237722001724782
"Com_16091_neg",0.90198684121702,-0.148821708246423,0.669215187297692,0.507139942880457,0.836398019541582
"Com_1609_neg",0.614165955805659,-0.703299551234587,0.749436205897535,0.469196246430029,0.375517238978789
"Com_160_pos",2.01159635869315,1.00834084702601,0.97097693463283,0.514891880864953,0.190255523083805
"Com_16104_pos",0.982690570188042,-0.0251908829309935,0.739727798504272,0.461852305181559,0.828611401119729
"Com_16107_neg",0.630475035558039,-0.665488848504616,0.997722887302817,0.536923704610363,0.823704150229676
"Com_1614_pos",0.216118082398344,-2.21010830869163,0.239883913626098,0.54875560995512,1.21474917007234
"Com_16165_pos",0.70291511770591,-0.508577611362503,0.583714520727189,0.49000407996736,0.681864408583769
"Com_16178_pos",1.06760990778806,0.0943845993620693,0.909608030411114,0.498980008159935,0.354833045167235
"Com_16184_pos",1.01982423704011,0.028320530431593,0.982714714052559,0.509179926560588,0.26814287871072
"Com_1621_neg",0.766197263334856,-0.384212222062508,0.215647573888381,0.570379436964504,1.21847325901388
"Com_16266_pos",0.919772844936948,-0.120650490182248,0.580453016103657,0.498572011423909,0.554332433180589
"Com_16276_pos",0.978994913059904,-0.0306267314039655,0.845984810999522,0.507139942880457,1.0724009226137
"Com_16285_pos",0.748681138829266,-0.417576685116994,0.145721357847208,0.576499388004896,1.09893594503399
"Com_1629_pos",0.982646305078043,-0.0252558703186464,0.92556033826976,0.510811913504692,0.0737694955696166
"Com_16331_neg",0.664555122498142,-0.589539223969114,0.668680552371733,0.492452060383517,0.423404771830679
"Com_16340_pos",0.726873749373704,-0.460223290535601,0.237593457216695,0.571603427172583,1.29432506881737
"Com_16341_neg",1.11687054028829,0.159461968535427,0.501545743177155,0.54671562627499,0.633377687812055
"Com_16356_neg",1.19876747883042,0.261551850853941,0.764442173501121,0.463076295389637,0.357889259423055
"Com_16363_pos",0.459286136864438,-1.12253485711289,0.615181440280918,0.571195430436557,0.647847726578301
"Com_16374_neg",0.860944937618038,-0.216007122962813,0.989101405477854,0.503059975520196,0.281150062660314
"Com_163_pos",0.942669123732261,-0.0851766201865795,0.37057570510818,0.578131374949,1.40675510448653
"Com_1641_pos",0.973631187846387,-0.0385527129587009,0.74194193267117,0.525907792737658,0.804003079153566
"Com_16446_pos",1.53915046673975,0.622134275855986,0.153665313335038,0.602611179110567,1.22411563241914
"Com_16460_neg",0.990426075309691,-0.0138787974749509,0.93017643286831,0.512443900448796,0.0697143917878384
"Com_1646_neg",0.289245864279687,-1.78963176347453,0.834300714121337,0.510811913504692,0.543831583404711
"Com_1649_neg",1.4262937829569,0.512271173620208,0.679616728875732,0.489596083231334,0.438143957049388
"Com_16506_neg",0.695187826383146,-0.524525275926127,0.146731530162419,0.578131374949,1.11531327454698
"Com_16508_neg",2.81160386586278,1.4913933436944,0.131999599222841,0.579763361893105,1.4087941791901
"Com_1651_pos",0.821437115389621,-0.283777960111388,0.753074272409036,0.549571603427173,1.39119664770929
"Com_1654_neg",0.196271350320544,-2.3490784965458,0.0324251820167601,0.644226846185231,1.63034849110815
"Com_16553_pos",1.95207054828804,0.965005193180567,0.325125666004981,0.536107711138311,0.794306650198309
"Com_16576_neg",1.47017093235288,0.555983902627192,0.548574730537971,0.463484292125663,0.547326255694612
"Com_1657_pos",47.2930143954204,5.56355519512516,0.142030368160819,0.557323541411669,1.26339936856047
"Com_1659_pos",0.621166811077598,-0.686947346251801,0.701034626851033,0.557323541411669,0.311895657009972
"Com_16614_pos",0.404714208236356,-1.30502459652911,0.229972184433733,0.549163606691146,1.50388330451563
"Com_16626_neg",0.2809185478815,-1.83177621213452,0.101400155562988,0.582211342309262,1.3812595921566
"Com_16628_pos",0.859220939497971,-0.218898942181154,0.533360147873002,0.515299877600979,1.12164279770242
"Com_16629_neg",3.05183373579221,1.60967636614296,0.598043940944214,0.584659322725418,0.310869565422739
"Com_16686_pos",1.17658179900966,0.23460162393941,0.725274341325921,0.479804161566707,0.282272352862265
"Com_16691_neg",0.762626127548182,-0.390952136287947,0.669531909355914,0.51203590371277,1.02214660538204
"Com_16693_neg",1.19094506997909,0.252106873238721,0.288867238388408,0.477764177886577,1.24704459234297
"Com_166_pos",0.955066678929233,-0.0663266350348912,0.515748566546287,0.542635658914729,0.647161888560327
"Com_1671_neg",0.578768401608855,-0.788941936125206,0.95107703545028,0.480212158302734,0.778634445718302
"Com_16723_neg",2.26631882332685,1.18035083224288,0.135169630351993,0.554467564259486,1.33231059977157
"Com_1674_pos",127.814716431308,6.99791014577909,0.0946653512762432,0.583027335781314,1.28927155527606
"Com_16760_pos",0.831612624446635,-0.266016435430487,0.142579709954842,0.591595267237862,0.902982521776156
"Com_16767_pos",3.49620894957011,1.80579140952397,0.993079834645638,0.466748266013872,0.182684001501085
"Com_16771_pos",0.578789210428574,-0.788890066947022,0.42079692624152,0.595267237862097,0.619810948189836
"Com_16777_neg",1.46887192176159,0.5547086056321,0.40254600583613,0.544267645858833,0.780258232301884
"Com_1678_pos",1.0274019622722,0.0390007342556256,0.64578317313838,0.519787841697266,0.771686471617081
"Com_16796_pos",1.565201616143,0.646348505001414,0.178473633972349,0.606691146470828,1.45204506216673
"Com_16810_pos",0.692481594084194,-0.530152369539764,0.480332760561495,0.491636066911465,0.669918105763193
"Com_16839_pos",1.03759360985429,0.0532414997177525,0.632753394857888,0.53202774377805,0.659819256583527
"Com_1683_neg",0.669399840652703,-0.579059887289246,0.108403695966783,0.589555283557732,1.91213865061417
"Com_16842_pos",1.51823418661554,0.602394342670515,0.299898425715263,0.537739698082415,1.19025191306307
"Com_16849_neg",0.731365851349391,-0.451334828392693,0.624175324514592,0.517747858017136,0.890734214992728
"Com_16871_pos",0.6364612382594,-0.651855441049442,0.0618667904108425,0.610363117095063,1.59061296191138
"Com_16875_pos",0.581545559070703,-0.782035876068148,0.570854950602084,0.538147694818441,0.764755450272009
"Com_16885_pos",0.386325858070474,-1.37210984972361,0.594251412849065,0.592003263973888,0.792298654806192
"Com_16891_pos",0.991303430938554,-0.0126013711727606,0.921659709039241,0.503059975520196,0.792814865943915
"Com_1689_pos",0.75309286718606,-0.409100313964024,0.626073647979901,0.536107711138311,0.681176339498184
"Com_16929_neg",1.15500505322886,0.207899163548059,0.524911375259683,0.545083639330885,0.646369875721545
"Com_16961_neg",1.12967790119072,0.17591148361761,0.282060046583484,0.574051407588739,0.842570776848523
"Com_16979_pos",1.25835133731438,0.331534785360288,0.229610936394075,0.577315381476948,1.09461207636258
"Com_1698_pos",0.888226533335026,-0.171000426375506,0.867496736683495,0.507139942880457,0.579755330426383
"Com_17005_pos",0.859878174386627,-0.217795818396025,0.219637964057174,0.564667482660139,0.883193544251964
"Com_17032_pos",0.60292989632734,-0.729937827588573,0.609988997181311,0.522643818849449,0.71680914831688
"Com_17065_pos",1.0422144952723,0.0596522252361943,0.393582513127216,0.554467564259486,0.644843693573454
"Com_17096_neg",2.27406403454818,1.18527287913096,0.246921857687495,0.54671562627499,0.652195899124989
"Com_17110_pos",0.970530739145257,-0.0431541874506157,0.839572535418369,0.528355773153815,1.339193462077
"Com_17116_neg",1.17256568352329,0.229668740343339,0.435721404595144,0.451652386780906,0.690044398168968
"Com_1711_pos",0.861099597110068,-0.21574798160116,0.291604900359613,0.577315381476948,0.954259310567124
"Com_17120_neg",1.136998144507,0.1852298998654,0.417609138103321,0.543043655650755,0.793928563053389
"Com_17125_pos",0.85017501222372,-0.234168238016475,0.325810612537015,0.538963688290494,1.27084619791977
"Com_17140_neg",0.195681243742958,-2.35342261616241,0.281949449155212,0.502243982048144,0.999431912377817
"Com_1715_neg",1.03818377996358,0.0540618531112057,0.877018986772641,0.515299877600979,0.567767619908152
"Com_17161_neg",0.91111409541245,-0.134296366239979,0.139680717549476,0.58343533251734,1.30279147077301
"Com_17181_neg",1.64407741711269,0.717278234941054,0.587270929930376,0.496532027743778,0.786052612434848
"Com_17182_pos",0.986904023515615,-0.0190183055762076,0.728489348904054,0.503059975520196,0.346324754872025
"Com_1720_pos",2.08327702384534,1.05885469456542,0.92514069534502,0.528355773153815,0.480228916172681
"Com_17234_pos",0.990237727982301,-0.0141531779685587,0.440754831734081,0.539779681762546,0.789240305073629
"Com_17237_neg",1.2140382477044,0.279813873738774,0.753323367441406,0.529171766625867,0.495885678040751
"Com_17258_pos",1.23360596056869,0.302881641233058,0.535515994034294,0.538147694818441,0.860963348783369
"Com_17272_neg",0.270962819049352,-1.88383319331997,0.540742380145809,0.545899632802938,0.510149301813299
"Com_1727_pos",1.12416643124595,0.168855640326069,0.816996588730943,0.47531619747042,0.459128605467632
"Com_17311_pos",3.92342887184451,1.97211504570436,0.217184501447575,0.539779681762546,0.871532998036763
"Com_1732_pos",0.510110213741261,-0.971119107333559,0.6931922311239,0.51203590371277,1.06155361839089
"Com_17343_neg",0.774194540285699,-0.36923196128261,0.970695898625968,0.525499796001632,0.986985247601359
"Com_17358_pos",0.863575786387174,-0.211605302370945,0.653072323737702,0.542227662178703,0.4940180607276
"Com_17383_neg",0.995993677597544,-0.0057915105534639,0.767164662176838,0.502243982048144,0.842192508032287
"Com_17384_neg",1.03322987301742,0.047161260755017,0.869705612262118,0.500203998368013,0.451292950716904
"Com_17417_pos",0.85982453190419,-0.21788582202646,0.29726076683115,0.577315381476948,0.7999310569273
"Com_17427_pos",0.928406920041117,-0.107170818788557,0.984277894977536,0.51203590371277,0.249750187830827
"Com_17439_neg",0.985667627956131,-0.0208268502488505,0.886341310273354,0.488780089759282,0.672911261961519
"Com_17446_neg",0.781632198653622,-0.355438195798696,0.181475551417338,0.578947368421053,1.18420668825724
"Com_1745_neg",1.14610784455772,0.196742802810616,0.935851207204967,0.531619747042024,0.0962112220268668
"Com_17461_neg",0.716604096175208,-0.480751804737025,0.170217531751781,0.574051407588739,1.27686087535142
"Com_17463_pos",0.788099953335572,-0.343549479118517,0.567391224066899,0.494084047327621,0.740177433757527
"Com_17464_pos",1.89797727955164,0.924462722140703,0.0320206692105896,0.633618931048552,1.76890568176104
"Com_17479_pos",0.988436615809748,-0.0167796397966543,0.612366625498773,0.504283965728274,0.625521046154096
"Com_17484_neg",0.508326942272141,-0.9761713965576,0.75038169098168,0.537331701346389,0.960002870600266
"Com_17501_pos",0.389254916793977,-1.36121283236022,0.731002002728311,0.567115463076295,0.685125634178161
"Com_17516_pos",0.838523647212259,-0.254076625069352,0.933960494009001,0.486332109343125,0.472863836025006
"Com_1751_neg",0.470381628601732,-1.08809638004206,0.0804954800568957,0.592003263973888,1.54945243063589
"Com_17522_pos",0.799346550479647,-0.323106986897551,0.422230178031151,0.549979600163199,0.666573512726795
"Com_17554_pos",0.609064709637474,-0.715332580526492,0.631998203518291,0.521827825377397,0.449177983495899
"Com_17583_pos",1.04521876079126,0.063804925156723,0.318950323832537,0.565483476132191,1.00357606988594
"Com_17587_pos",0.889348767593792,-0.169178796637407,0.477959832516517,0.571195430436557,0.927415017263961
"Com_17588_pos",0.605541411225899,-0.72370246985241,0.889197101231001,0.551203590371277,0.900323968215195
"Com_17589_neg",0.810029447527158,-0.303953738705943,0.675267894697318,0.512443900448796,0.347464777766344
"Com_17590_neg",1.09540222383772,0.131460714378479,0.460602247957001,0.538963688290494,0.680206089562617
"Com_17590_pos",1.29952559942054,0.37798505381265,0.0177604076311321,0.634026927784578,1.80102301430346
"Com_17651_pos",0.946106659528929,-0.079925259631956,0.118835166616175,0.607915136678907,1.3178685556046
"Com_17680_pos",1.071531753266,0.0996746027915239,0.177037186877912,0.560995512035904,1.01727513505071
"Com_17717_pos",0.608667348098221,-0.716274120233566,0.764721712658022,0.507955936352509,0.835261615841497
"Com_1773_pos",0.0257895365484908,-5.27707034240183,0.473439056270719,0.503875968992248,1.14134326784711
"Com_17763_neg",1.05026762170206,0.0707569919933401,0.875331263579472,0.48266013871889,0.618096576590317
"Com_17780_neg",0.920165176321171,-0.120035236250384,0.678516625709577,0.53937168502652,0.844300187366157
"Com_17788_neg",1.11700304083117,0.159633113293097,0.444207305669056,0.545899632802938,0.479324277823308
"Com_17818_pos",1.02984854683851,0.0424321851842558,0.57455047132474,0.552019583843329,1.39855818592485
"Com_1781_neg",0.869319580864932,-0.202041454129427,0.197712378718294,0.567931456548348,1.05150406708461
"Com_17869_pos",1.20868623130872,0.273439777022491,0.29268251085051,0.562219502243982,0.852858271849756
"Com_17892_pos",1.14744510413145,0.198425134125549,0.0251378396796945,0.624643002855977,1.48027019849579
"Com_1796_pos",0.129529556171608,-2.94864676394883,0.321835996506964,0.559771521827825,1.20079209792195
"Com_17979_pos",0.953602232369273,-0.0685404817547481,0.613100596628407,0.539779681762546,0.66974080727914
"Com_17989_pos",1.09337273949693,0.128785311121263,0.463734102396758,0.560179518563851,0.733195458297973
"Com_17990_neg",1.32172889859503,0.402426294272995,0.154481599298534,0.587107303141575,1.10285656066703
"Com_17998_neg",1.41686463166147,0.502701928644272,0.709886795708124,0.53202774377805,0.309385006447596
"Com_18001_pos",1.23322776786997,0.302439279245763,0.420476741328564,0.548347613219094,0.761873499181136
"Com_18044_pos",1.3640648787365,0.447912264600669,0.0550496436085436,0.626274989800082,1.40475685935478
"Com_1806_pos",0.777000029295501,-0.364013441859945,0.13794352396124,0.588739290085679,1.17387211502207
"Com_18077_neg",1.05456492211149,0.0766479144062872,0.487573802620171,0.586291309669523,0.678080313539254
"Com_18083_pos",0.818553318286733,-0.288851701984439,0.92414003767957,0.538147694818441,1.11166974155224
"Com_18092_pos",0.948971511056801,-0.0755633179402492,0.525857980876598,0.550795593635251,1.44063081603269
"Com_180_pos",0.743580143088222,-0.427439850518421,0.868633702680974,0.524275805793554,0.780082524863293
"Com_18104_neg",0.975991391074135,-0.0350596726211571,0.74698860147745,0.54141166870665,0.259518686273941
"Com_18117_neg",0.925837823396546,-0.111168592408799,0.831114332344395,0.5046919624643,0.957067136486151
"Com_18121_pos",1.77366009699332,0.826729559037615,0.031014871576871,0.645042839657283,1.75975679219703
"Com_1813_pos",0.980572647969369,-0.0283035751455718,0.892311243621415,0.497756017951856,0.98333764145803
"Com_18149_pos",0.962455300576182,-0.0552085558906979,0.956904265201883,0.4953080375357,0.520280886992063
"Com_1817_neg",0.944398347058638,-0.0825325784080503,0.541518446939277,0.544675642594859,0.610507262176807
"Com_18181_pos",1.14736830421956,0.198328569540679,0.406577726932312,0.566707466340269,0.591558646603782
"Com_18207_pos",0.913663342449547,-0.130265421561785,0.308231214119562,0.558547531619747,1.38936975339318
"Com_18223_pos",0.882798235822311,-0.17984434833842,0.704190629815354,0.489596083231334,1.52874726438237
"Com_18249_pos",1.92373491114932,0.943910010792384,0.0325357662675407,0.599755201958384,1.54781532839461
"Com_1830_pos",0.810480808138522,-0.303150071181803,0.746080739229084,0.525499796001632,0.367582966027092
"Com_1834_pos",0.834279825651391,-0.261396735954816,0.325530818210585,0.538147694818441,0.846072295848171
"Com_18357_pos",1.21196184868308,0.277344284964307,0.0207562841821872,0.647082823337413,1.74096307935027
"Com_1836_neg",0.70904315335471,-0.496054660319226,0.298821790382141,0.59077927376581,0.888339711441423
"Com_18377_pos",0.438863181699752,-1.18815685409801,0.631855199728307,0.511627906976744,0.431263281146648
"Com_1838_pos",0.988246115296984,-0.0170577159305499,0.803108782715817,0.501019991840065,0.20940372365855
"Com_18405_pos",0.852267992719305,-0.230620942636656,0.369767872065733,0.547531619747042,0.799452123527095
"Com_18438_pos",0.83298246855462,-0.263641962796501,0.582131283524147,0.547531619747042,0.502852007891867
"Com_18463_neg",5.1232130341149,2.35704888337378,0.0818497066075745,0.620563035495716,1.37601302488519
"Com_18478_neg",1.1930827366216,0.254694092970134,0.833588223832648,0.509179926560588,0.171262623189221
"Com_1849_pos",7.82633598158852,2.96833704591045,0.172363724185805,0.589147286821705,1.13383240283644
"Com_18514_pos",1.11407787666971,0.155850083986971,0.521375014852099,0.523459812321501,1.2148702462163
"Com_18536_pos",0.158136572141703,-2.66075703746413,0.0885472393838765,0.578947368421053,1.54573638911995
"Com_18570_pos",2.27456901912237,1.18559321217841,0.193855248771834,0.554467564259486,1.26140067326483
"Com_1858_pos",0.701416865478028,-0.511655974463469,0.0154458366908799,0.663810689514484,1.90647235261783
"Com_18593_neg",0.639858203187732,-0.644175865123448,0.28025314309943,0.45858833129335,1.27081562764092
"Com_18618_pos",1.0198277084318,0.0283254412298173,0.912966122085271,0.484292125662995,0.739089724894724
"Com_18622_neg",1.18100663076151,0.240017064768849,0.452721161670994,0.543859649122807,0.881547487288333
"Com_18641_neg",0.427036048817229,-1.22757023287615,0.992859926438441,0.581803345573235,0.44330472512353
"Com_18674_pos",1.09620946140542,0.132523491782203,0.558658709826531,0.504283965728274,0.650765170409075
"Com_1867_neg",0.929148171320075,-0.106019413259922,0.974141138734953,0.496532027743778,0.0383645451148357
"Com_18681_pos",1.03501584386535,0.0496528524502196,0.575002015955352,0.554467564259486,1.47669848650131
"Com_18686_pos",0.783944094248699,-0.351177320426958,0.412731169696269,0.438188494492044,0.65796863053211
"Com_186_neg",0.467132484518453,-1.09809632086009,0.224710730894457,0.563851489188086,1.04297943511779
"Com_18702_pos",2.66046557704659,1.41167873705011,0.339153314735265,0.551203590371277,0.735941548637963
"Com_18708_pos",0.927145107711487,-0.109132941805174,0.528216830691197,0.548347613219094,0.609886614170323
"Com_18713_neg",0.898633561600758,-0.154195151153317,0.434360032575049,0.525907792737658,1.07311588964609
"Com_18737_pos",0.957900585343126,-0.0620521596720558,0.424893011884427,0.53202774377805,0.850001551049837
"Com_18766_pos",0.751793188030952,-0.411592251651269,0.290562827033661,0.560587515299878,0.887339129160922
"Com_18786_pos",1.05504771569796,0.077308247884244,0.315950611204493,0.575275397796818,0.76679369360502
"Com_18793_pos",1.23520412754299,0.304749478618771,0.284569572322578,0.555283557731538,1.05648471620411
"Com_1879_pos",0.462521916370714,-1.11240636625254,0.344045839693021,0.466748266013872,0.953282530161562
"Com_18801_pos",1.15017858791226,0.201857885423464,0.312499574164389,0.563035495716034,0.895370065119722
"Com_18807_pos",1.5313206327133,0.614776390476054,0.376405555100954,0.55405956752346,0.552097804450691
"Com_18817_neg",0.939528659758255,-0.0899909240238687,0.794816919706528,0.532843737250102,0.620473024375209
"Com_18825_neg",1.94251826112513,0.957928161109605,0.226915802663399,0.541819665442676,0.917517794248231
"Com_18868_pos",0.766158129023405,-0.384285911074017,0.799260733257293,0.494084047327621,0.473722174463605
"Com_1888_pos",0.817066252966169,-0.291475028817019,0.449125606087179,0.547531619747042,1.11056255520726
"Com_1890_pos",4.06313178443334,2.02259215798892,0.964953545704221,0.596491228070175,0.0778573364419381
"Com_18931_pos",0.776989418398309,-0.364033143781064,0.0703228938610954,0.607915136678907,1.30195530033824
"Com_19003_pos",0.839150905138644,-0.252997819957058,0.560609593303362,0.543451652386781,0.51855014850115
"Com_1901_neg",1.10717042832973,0.146877315327348,0.219282912526593,0.569563443492452,1.14633742702358
"Com_19025_pos",1.12185669545679,0.165888399691876,0.440183836641988,0.536515707874337,1.60313192859514
"Com_19051_pos",1.31611121665143,0.396281407714405,0.16986804957098,0.578539371685026,1.09610110693418
"Com_1906_pos",0.921241697175316,-0.118348383119791,0.367644382110881,0.541819665442676,0.786734001705053
"Com_19144_pos",0.921037425102779,-0.11866831542938,0.731074356700866,0.515707874337005,0.970385011040197
"Com_19150_pos",1.31905859900302,0.399508657548654,0.0248150933918886,0.640146878824969,1.5314843834683
"Com_19151_pos",1.05212892384695,0.0733114977846383,0.672599007043729,0.507547939616483,0.404877720901358
"Com_19203_pos",0.933375718834784,-0.099470157874877,0.913263962408324,0.509179926560588,0.843786989548072
"Com_19222_neg",1.16023032637618,0.214411234435353,0.197270050624382,0.5687474500204,1.03528296528811
"Com_19234_pos",0.903732361065636,-0.146032510888861,0.620434265951855,0.518155854753162,0.376237980429645
"Com_19293_pos",1.05686592427139,0.0797923656915542,0.954913070262541,0.501019991840065,0.568051749555288
"Com_19310_pos",0.810501838152224,-0.303112637225865,0.387151980228571,0.550387596899225,0.700142921299369
"Com_19311_pos",0.849522983528084,-0.235275115372577,0.740450629852907,0.516523867809057,0.718932534027956
"Com_19356_neg",0.934871058325443,-0.0971606992373155,0.580078860149772,0.515707874337005,1.50430631300542
"Com_1936_pos",0.871451389916189,-0.198507902691019,0.208711573895621,0.555691554467564,0.958753023689536
"Com_19377_pos",1.06055640027346,0.0848213452731883,0.69147021917234,0.512851897184822,0.320252273894897
"Com_1937_neg",1.57529034512163,0.655617759318882,0.120708772424698,0.567115463076295,1.20030188497445
"Com_19381_pos",1.06323973237406,0.0884669230336984,0.922889516958829,0.515299877600979,0.598006003077405
"Com_19391_pos",1.4403750058681,0.526444470467686,0.810049897979838,0.53937168502652,0.394262404002528
"Com_19396_pos",1.3445146970716,0.427085525591168,0.794821843273912,0.500203998368013,0.677641691232754
"Com_19410_neg",1.09739997879262,0.134089453040177,0.900295560529068,0.5046919624643,0.758885097309324
"Com_19419_pos",1.75790983701574,0.813861076723614,0.0309868796082964,0.631170950632395,1.70466159287777
"Com_19439_pos",1.3035048221645,0.382395919965869,0.509554362010075,0.530803753569971,0.566627052268162
"Com_19445_pos",1.03481393673664,0.0493713892913029,0.476095737203145,0.561811505507956,1.00166408862487
"Com_1944_pos",1.23582029320692,0.305468969012049,0.607661237591166,0.522643818849449,0.521466459398646
"Com_19478_neg",1.85989507526097,0.895221234951356,0.21074183721561,0.538963688290494,1.09106506046173
"Com_19498_pos",0.980391900616285,-0.0285695292760273,0.936058694345552,0.487556099551204,0.50257047943475
"Com_1949_pos",0.862890317719354,-0.212750905284735,0.148942519171126,0.564667482660139,0.996289663518833
"Com_19502_pos",1.10160660890435,0.139609119818749,0.651267339987761,0.523867809057528,0.637197198483732
"Com_19548_neg",0.668451546143029,-0.581105107003534,0.589357429557859,0.562219502243982,0.839227657593103
"Com_19549_pos",1.92288621254365,0.943273393225899,0.0966843637017862,0.593635250917993,1.41405808684334
"Com_1956_pos",1.50556016816768,0.590300365042056,0.189889200178689,0.580171358629131,1.02706833497823
"Com_19592_neg",0.784511552776722,-0.350133402300791,0.0484140958935559,0.598939208486332,1.46072940853566
"Com_19592_pos",0.596111881480092,-0.746344966031603,0.0129086018617859,0.626274989800082,1.98024598935571
"Com_1959_pos",1.23401271703718,0.303357262163132,0.154961323756684,0.584251325989392,1.33890930575856
"Com_195_neg",0.521205807957852,-0.940074934493776,0.858269782150653,0.496532027743778,0.154381002464503
"Com_1963_pos",1.12805414870244,0.173836321450799,0.234276790540927,0.568339453284374,1.49013590415035
"Com_19674_pos",0.754151276743755,-0.407074149221901,0.365916618944128,0.53202774377805,1.07720926372157
"Com_19699_neg",1.21667535447816,0.28294426503956,0.498591505543503,0.517747858017136,0.887714189716665
"Com_19701_pos",0.690297694385832,-0.534709429239118,0.860126439241035,0.492860057119543,0.246195911444716
"Com_19703_pos",1.01983905305149,0.02834148975978,0.844528081412709,0.538963688290494,0.843898703773984
"Com_19708_pos",0.848208324014141,-0.237509453788672,0.0987916395878416,0.615259077927377,1.40665663297268
"Com_19824_neg",0.583985946660134,-0.775994443123989,0.871968437865234,0.525091799265606,0.939944398552758
"Com_19849_neg",1.35660019374883,0.439995603968095,0.152179395413898,0.587515299877601,1.09070056800633
"Com_19850_pos",2.54798072295131,1.34935436275601,0.144447715273486,0.563035495716034,1.24450507383324
"Com_1987_pos",0.869583894287647,-0.201602874676827,0.378472139601355,0.545083639330885,0.803757443674962
"Com_19906_pos",0.243882027065682,-2.03574465253279,0.282029487684605,0.500203998368013,1.02105868157492
"Com_19937_neg",0.50903897738107,-0.974151966442096,0.102445727521349,0.57609139126887,1.62652051745582
"Com_19944_pos",2.21199955614693,1.14535109608587,0.0238961217228893,0.60546715626275,1.751634091596
"Com_19951_pos",1.01334379356976,0.0191237152371759,0.788136166687586,0.496124031007752,0.659343536451826
"Com_19_neg",1.60740038772126,0.684729335006789,0.712710900425578,0.530803753569971,0.630867827276659
"Com_20003_pos",0.717496183147685,-0.478956937759041,0.829709980177958,0.518971848225214,0.554675468889961
"Com_2001_neg",1.1069272560041,0.146560415569799,0.790197960670433,0.515299877600979,0.936825022115133
"Com_20030_pos",0.883947213024906,-0.177967876606683,0.520798299154201,0.47531619747042,0.868496630631149
"Com_20039_pos",0.864423465991518,-0.210189858171111,0.7071536127184,0.498572011423909,0.699597156042707
"Com_20059_pos",1.02719034518323,0.0387035473881425,0.588675311546332,0.536515707874337,0.733823345521637
"Com_2005_pos",1.49645620904178,0.581550061714311,0.897332475345743,0.484700122399021,0.631926946695784
"Com_20075_pos",0.86750716464499,-0.205052422089705,0.661700429657442,0.547123623011016,1.04087798948594
"Com_200_pos",0.232280310000612,-2.10606123031632,0.013418039020606,0.62219502243982,1.82144757209224
"Com_20125_pos",0.870235792108615,-0.200521739884706,0.943412978260738,0.509587923296614,0.321944951341913
"Com_2016_pos",0.928756321931411,-0.106627968952894,0.636019019738155,0.535699714402285,0.853982309447721
"Com_20170_neg",0.71888374248178,-0.476169617277592,0.239181386147337,0.567523459812321,0.971924151853639
"Com_20186_pos",0.998201610544886,-0.0025968633348278,0.74038985020989,0.543043655650755,0.697647740792412
"Com_20220_pos",0.684453943833078,-0.546974627529939,0.411575626273676,0.465524275805794,0.665945172584219
"Com_20228_pos",1.2043699299774,0.268278593236631,0.542317206299761,0.526315789473684,0.65367720543247
"Com_20246_pos",2.23755862247582,1.16192548047622,0.223263693709132,0.562219502243982,1.01645645425122
"Com_20267_neg",0.877108074463038,-0.189173476977232,0.284638056229819,0.556507547939616,0.95462865070121
"Com_20277_pos",1.15177337697454,0.203856879906942,0.323567760862478,0.562219502243982,0.916305409093001
"Com_20318_pos",1.14168928633413,0.191170070965556,0.276551825422779,0.585883312933496,1.10241894772027
"Com_20349_pos",0.84634138554454,-0.240688379666521,0.166757919085755,0.583027335781314,1.0769745767645
"Com_2034_pos",0.950767929420963,-0.0728348546756578,0.457110864117561,0.48266013871889,1.00125599667104
"Com_20376_pos",1.01634248375235,0.023386638676728,0.974100578806133,0.498164014687882,1.00619866134559
"Com_20396_pos",0.947245240731781,-0.078190108704349,0.837424722459283,0.512443900448796,0.285727887538228
"Com_20404_pos",0.881547073786369,-0.181890484723789,0.193898539872094,0.561811505507956,1.03345505747793
"Com_2042_pos",1.08261321864594,0.114517908497282,0.64121662928738,0.538147694818441,0.615106088734858
"Com_2043_pos",0.717725540411971,-0.478495834662339,0.210377857638846,0.558139534883721,1.14277331731844
"Com_20460_neg",1.07444092548811,0.103586163223351,0.87557234602949,0.50999592003264,1.35460670274973
"Com_20476_neg",1.14179175179522,0.191299545579278,0.636915922587902,0.478580171358629,0.503864811007633
"Com_2048_pos",0.885285468525592,-0.175785354248115,0.338059409795216,0.575683394532844,0.898896585017966
"Com_20530_neg",1.27085412642801,0.345798441706648,0.852522896615941,0.509179926560588,0.212008716411957
"Com_20532_pos",0.304746173344699,-1.71431998964905,0.404726629183137,0.519787841697266,0.777418247681757
"Com_2058_neg",1.07125361623966,0.0993000744635332,0.187291739507012,0.611587107303142,1.6855753878267
"Com_2059_pos",1.13872677687277,0.187421632089127,0.731811335320934,0.499388004895961,0.542205825656361
"Com_20600_pos",0.507111265742997,-0.979625769899068,0.472331683880713,0.499796001631987,1.2193434183517
"Com_2064_pos",1.1075538543501,0.147376850938158,0.444389713546203,0.463892288861689,0.58531070693532
"Com_20664_pos",0.891532470881529,-0.165640751073375,0.307739749950876,0.539779681762546,0.766731463797371
"Com_20675_pos",1.07185878021988,0.100114840033305,0.66305095303266,0.531211750305998,0.780292936144384
"Com_20707_pos",0.55624788277251,-0.84620015519182,0.158244758523078,0.572419420644635,1.19522778825303
"Com_2070_neg",11.0887608651238,3.47102625266635,0.0427486209629858,0.587515299877601,1.45860420542899
"Com_20729_pos",1.89977490659021,0.92582849203852,0.0091396493191656,0.646266829865361,2.09852693102026
"Com_20789_pos",1.04256062798814,0.0601312830987414,0.919022389723707,0.5046919624643,0.127620215994577
"Com_20824_pos",0.671876276308129,-0.57373250472613,0.536118791047397,0.485108119135047,0.624264650584872
"Com_20843_pos",1.13218583008682,0.179110772782574,0.407901851716048,0.550795593635251,0.738005268608671
"Com_2085_pos",0.787265825623098,-0.345077241169445,0.309355722627464,0.452468380252958,1.05219382576428
"Com_2089_neg",0.557808480595039,-0.842158226459825,0.868729757882847,0.534475724194206,0.748351234207179
"Com_208_neg",1.04574055968235,0.0645249742564569,0.681563320518464,0.537331701346389,1.09531658781343
"Com_20971_pos",1.05733087686047,0.0804269185439367,0.0342197962498932,0.643002855977152,1.77013602786813
"Com_2097_neg",0.736448723664605,-0.441343015912834,0.148424862034817,0.591595267237862,1.14695528488209
"Com_20_neg",0.947719509619469,-0.0774679576601408,0.663912845684562,0.525499796001632,0.425509518170891
"Com_21008_pos",1.13350222391034,0.180787221622388,0.302637031467413,0.577315381476948,0.956246902983422
"Com_21013_neg",1.13207064815104,0.178963993997317,0.660249991652639,0.527131782945736,0.868728240327902
"Com_2104_neg",14.593358082464,3.86723999537884,0.706705482092786,0.525499796001632,0.478097750731665
"Com_21059_pos",0.812884585501036,-0.298877563921939,0.819568070599381,0.527131782945736,0.696443343550815
"Com_21079_pos",0.872569035620449,-0.196658816393487,0.65348479099098,0.481844145246838,0.867261057836249
"Com_21083_pos",0.575702175206654,-0.796605431609942,0.297759687129364,0.547123623011016,0.939422260828859
"Com_21120_neg",0.518167180238221,-0.948510454141695,0.287291094999786,0.537331701346389,0.916054571133678
"Com_2116_pos",0.637799381199037,-0.648825397017342,0.0751564963919617,0.602611179110567,1.42304061255088
"Com_21173_pos",1.02711918025493,0.0386035923541873,0.866914693658368,0.51203590371277,0.187449873451008
"Com_2117_pos",0.816723797398757,-0.292079829851222,0.525006646022433,0.541819665442676,0.510101702512045
"Com_2121_pos",1.08946384242991,0.123618316497256,0.543226565880274,0.468380252957976,0.560376609783371
"Com_21225_pos",0.998086969393492,-0.0027625630462242,0.914721687707933,0.507955936352509,0.0901519295628905
"Com_21232_pos",1.96258050711853,0.972751836087519,0.228524117026319,0.442676458588331,0.928255393014877
"Com_21243_pos",1.25091371692293,0.3229822815418,0.705693914595474,0.514483884128927,1.06283560244433
"Com_21264_pos",1.13368474455382,0.181019510914308,0.454445490377105,0.545083639330885,1.16103008101731
"Com_21272_neg",2.27716789673303,1.18724066602625,0.386914625002398,0.532843737250102,0.674870981459824
"Com_212_pos",0.0042406913916007,-7.88148478734603,0.595579153108188,0.565483476132191,0.666450555568148
"Com_21327_neg",1.08096098008427,0.112314446425996,0.680602273350172,0.51937984496124,0.523736318564742
"Com_2133_pos",0.990352094682463,-0.0139865647006708,0.565665148556717,0.525907792737658,0.568405332374834
"Com_2146_pos",0.985520363776615,-0.0210424129478672,0.622712325589066,0.547531619747042,1.39170773734769
"Com_21473_pos",1.80894985870641,0.855152419237123,0.0055195547559886,0.661770705834353,2.03841263582618
"Com_2150_neg",1.18872565994261,0.249415801115622,0.349597226752992,0.569563443492452,0.898523783618197
"Com_21530_pos",0.932088763952659,-0.101460743852769,0.279017031500838,0.593635250917993,1.05749819723457
"Com_21562_pos",1.25561096920363,0.328389537685544,0.744967669290477,0.513259893920849,0.616213077617744
"Com_2158_pos",1.82172280516062,0.865303454176338,0.721112646181375,0.505507955936352,0.866767238684318
"Com_21619_pos",1.61313053317636,0.689863184895707,0.0174655562121692,0.640962872297022,1.97869818277216
"Com_2162_pos",1.09191882215775,0.126865604221371,0.653600159595851,0.436964504283966,0.720783859641932
"Com_21637_pos",1.02308716624083,0.0329290668292252,0.729145759642751,0.53202774377805,0.555409518464263
"Com_21673_neg",0.974709436418417,-0.0369558833210587,0.609941345078136,0.532435740514076,0.456543404369793
"Com_21710_pos",1.26137077601857,0.334992413728792,0.832410165773518,0.529171766625867,0.167588871985693
"Com_2171_neg",0.895089349004938,-0.159896393591512,0.479104026890704,0.529987760097919,0.780975549745971
"Com_21720_neg",1.07180167908939,0.100037981296233,0.483389604834574,0.540187678498572,0.637066941141782
"Com_21723_pos",0.993796869642066,-0.0089770973331895,0.625340815528218,0.525091799265606,0.565154037504566
"Com_21727_pos",2.15927677796076,1.11054818110873,0.0135379566599986,0.637290901672787,1.95760477564703
"Com_21756_neg",0.984019382437144,-0.023241361974727,0.702219153684144,0.496532027743778,0.689890076586013
"Com_21775_pos",1.04325722999067,0.0610949188141448,0.656655334213892,0.469196246430029,0.405818321031122
"Com_21789_neg",1.69170644626724,0.758479246201914,0.0386297517624489,0.612403100775194,1.68015997285297
"Com_2179_pos",0.739817526654018,-0.434758615840271,0.22991359780784,0.567931456548348,1.22746554990145
"Com_21817_neg",0.906605197171442,-0.141453663299495,0.710108174523074,0.48062015503876,0.477897168953647
"Com_21825_neg",0.791280873562325,-0.337738209330504,0.143683956797247,0.578131374949,1.39090155368982
"Com_21833_pos",3.93235649713902,1.97539411856063,0.959522413262953,0.552019583843329,0.113405110137437
"Com_21846_neg",0.982503941036225,-0.0254649005420577,0.768454700942005,0.496124031007752,0.515227177357916
"Com_21874_pos",1.44310475767536,0.529176031563745,0.313809706124318,0.556507547939616,1.08338534699589
"Com_21940_pos",0.988202524194991,-0.0171213539785375,0.875056312837086,0.497756017951856,0.418682490154284
"Com_21961_pos",1.00357956541184,0.0051550004321231,0.96475353439297,0.508363933088535,0.368627927292814
"Com_21970_pos",2.24986407683091,1.16983784517328,0.254229962088418,0.537331701346389,1.09804407339504
"Com_2200_pos",1.25887975733199,0.332140489740574,0.71559786617247,0.488372093023256,0.334163631224973
"Com_22018_pos",0.988627092740387,-0.0165016516641541,0.994589720956658,0.497756017951856,0.48448430786633
"Com_22025_pos",0.950598966773309,-0.0730912613428775,0.905746809467627,0.514891880864953,0.16566761278891
"Com_22158_pos",0.820744704610562,-0.284994558230108,0.845041244418539,0.496532027743778,0.622683781097202
"Com_2215_neg",1.0545749952649,0.0766616948941067,0.889926425321328,0.520195838433293,0.911623678639348
"Com_22174_pos",1.93302085029611,0.950857199089018,0.0450476443680944,0.617707058343533,1.7043350596937
"Com_2217_pos",1.04292018723731,0.0606287552855253,0.160589784944042,0.590371277029784,1.10844603513308
"Com_22180_pos",1.27895550434168,0.354966072833893,0.522618014027685,0.456548347613219,0.518538537269574
"Com_221_neg",1.88287344343798,0.912936033058681,0.554112896642688,0.530803753569971,1.06646064889147
"Com_2220_neg",0.816889985760528,-0.291786297648348,0.45419172290301,0.533659730722154,0.735482591475972
"Com_2221_pos",0.925007315640105,-0.112463319316829,0.262083202923457,0.554467564259486,1.44411925856274
"Com_22247_neg",1.1126378193026,0.153984049705607,0.448630868740154,0.545083639330885,0.606985954082106
"Com_22273_pos",1.07070972468563,0.0985674105101851,0.233717544478466,0.561811505507956,0.952915464762618
"Com_2227_pos",0.781908994567135,-0.35492739109759,0.439630929783986,0.55405956752346,0.962811228074347
"Com_2228_pos",7.5746002833543,2.9211697586268,0.0038063490532587,0.644226846185231,1.93387684046858
"Com_22363_pos",1.16837756319407,0.224506558915258,0.884469002522441,0.520195838433293,0.261967564565959
"Com_22365_neg",1.12582440482596,0.170981827381051,0.997895032408061,0.518563851489188,0.385171721774808
"Com_2238_neg",0.739854256196789,-0.434686992484558,0.950195616114974,0.503059975520196,0.396019818014085
"Com_2238_pos",1.16398129261467,0.219067871589045,0.472083667023164,0.550795593635251,0.888385607363302
"Com_22447_pos",0.996216049916354,-0.0054694406042212,0.661394634578855,0.543859649122807,0.428846033412014
"Com_22451_pos",0.616192792624715,-0.698546287072565,0.631141435838493,0.489596083231334,0.795263049702982
"Com_2246_neg",0.903375007841391,-0.146603093179714,0.527603179032529,0.529171766625867,0.562244612815976
"Com_22505_pos",1.80444772967258,0.851557352581577,0.0392689738492525,0.624643002855977,1.68759785966646
"Com_22506_pos",0.813590173317897,-0.297625840705658,0.962506837175193,0.49000407996736,0.439436706376692
"Com_22535_neg",0.662964386158627,-0.592996722728009,0.402375840801984,0.57609139126887,1.04378736911556
"Com_22544_neg",0.749883386156735,-0.415261834337515,0.500099637131832,0.533251733986128,0.910095509709439
"Com_22598_pos",0.82036711627225,-0.285658431131224,0.313800463546927,0.545491636066911,0.874571567506039
"Com_22636_pos",0.920829697880652,-0.118993731992553,0.485651274810717,0.556915544675643,0.79519388522442
"Com_22664_pos",1.0660419239428,0.0922641756909426,0.891434392602063,0.521011831905345,0.277987816704478
"Com_22669_pos",0.213785717065967,-2.22576262445955,0.0429248298899213,0.592411260709914,1.98075852089885
"Com_2267_neg",1.02899593600215,0.0412372843493521,0.450050967543017,0.568339453284374,0.700087907046528
"Com_22684_pos",1.48053839020061,0.566121899927128,0.433234892621348,0.553651570787434,0.719619066581648
"Com_22709_pos",1.18333231440368,0.242855281638087,0.102682940860608,0.599755201958384,1.34839258422468
"Com_22712_pos",0.738615400660315,-0.437104750804944,0.443805758936814,0.530395756833945,1.6221494770743
"Com_227_neg",19.206099294431,4.26349263627449,0.644932066242696,0.503059975520196,0.782390996714297
"Com_22813_pos",1.1451426304899,0.195527300929371,0.523137639760452,0.544675642594859,0.737686040982772
"Com_2284_pos",0.86896893489309,-0.202623492389428,0.403423305469938,0.545491636066911,1.03538158224076
"Com_22880_neg",1.00029156428576,0.0004205770395231,0.473872432681148,0.559363525091799,0.713297299015971
"Com_22910_pos",1.07857054101022,0.109120535179481,0.410568285577172,0.446348429212566,0.606915455535775
"Com_22912_pos",2.24729469393922,1.16818932149499,0.152794893166297,0.527539779681763,1.12751761491976
"Com_22917_neg",0.89433923216012,-0.161105930453598,0.307268826818797,0.543043655650755,1.06758773436088
"Com_22924_neg",1.27597711128155,0.35160244999873,0.946857796392476,0.512443900448796,0.448101054328527
"Com_22944_pos",1.04485229897492,0.0632990163761998,0.630218935928207,0.525499796001632,0.827561682285672
"Com_22951_neg",1.13262053324389,0.17966458975061,0.874436172459864,0.507139942880457,0.190332039032505
"Com_22964_pos",0.387958494351144,-1.366025780611,0.0855447049677753,0.586699306405549,1.37462468075919
"Com_2298_pos",0.435788539434304,-1.1982998385866,0.914005188358065,0.51733986128111,0.338607682571752
"Com_23004_neg",1.18003847428611,0.238833898364139,0.350439990718948,0.576907384740922,0.820653799442703
"Com_23037_pos",1.06896771770101,0.0962182850360434,0.0750489748172835,0.619339045287638,0.427856612676336
"Com_2305_pos",1.50849834266548,0.593113111446759,0.890668216392934,0.526315789473684,0.150884884916295
"Com_23071_pos",0.870324502446659,-0.200374681531964,0.418825613020005,0.53937168502652,0.67063499739977
"Com_23119_neg",0.939708100031313,-0.0897154104766642,0.689904073350789,0.501835985312117,1.1645522021141
"Com_23129_pos",1.5027972463305,0.587650377554278,0.0175424742580398,0.654018767849857,2.11140176369369
"Com_23156_pos",0.817533834053016,-0.29064965637398,0.333769321430792,0.583027335781314,1.07343295110883
"Com_23184_pos",0.983649221065162,-0.0237841667753285,0.851862985604634,0.501427988576091,0.291906039519024
"Com_23218_neg",0.993065025057245,-0.0100399075907013,0.7730765669441,0.506323949408405,0.506140847395289
"Com_23249_pos",0.69828576849065,-0.518110524910716,0.0003798762126615,0.705834353325173,2.6452926007042
"Com_23260_pos",1.76903997632574,0.822966650060732,0.0111954716024999,0.644226846185231,2.12919428003434
"Com_23272_pos",1.04931482093655,0.0694475877939125,0.671875438441982,0.489188086495308,0.656091911949329
"Com_23274_neg",1.09078701629572,0.125369432981089,0.376672674305022,0.544267645858833,0.870317965255834
"Com_2329_neg",1.49645175900241,0.581545771539137,0.802397799668002,0.514075887392901,0.230555094090119
"Com_2330_neg",0.973321092279171,-0.0390122756766719,0.84034567952502,0.523459812321501,0.873760443530682
"Com_23336_pos",0.912782608191521,-0.131656791554897,0.940272184790195,0.499796001631987,0.257913698611926
"Com_23345_pos",0.715346581418425,-0.483285705936585,0.812488997776172,0.587515299877601,0.381620214895869
"Com_2334_pos",11.0227151146554,3.4624077271432,0.0063086564520366,0.651162790697674,2.22889643628341
"Com_2338_pos",0.828247985232743,-0.271865306026609,0.761675386981343,0.506323949408405,1.05630167519585
"Com_23418_pos",1.27200430067278,0.347103548412208,0.573412766139237,0.529987760097919,0.411052810234953
"Com_2341_neg",1.54411603048075,0.626781166018959,0.685092840315216,0.492452060383517,0.590167662163144
"Com_2343_pos",0.84096162937974,-0.249888118861684,0.220541904822342,0.559771521827825,1.02724649592349
"Com_23471_pos",0.810084049159129,-0.303856494279722,0.106468582303985,0.589555283557731,1.25578545109328
"Com_23500_pos",0.499685688451396,-1.00090719659718,0.357330414545574,0.528355773153815,0.799941883629992
"Com_23516_pos",0.75964992372372,-0.396593373257414,0.343936996985538,0.544267645858833,0.803903877124719
"Com_23517_pos",0.876475309238114,-0.190214644794116,0.96688626116861,0.526315789473684,0.816256566883413
"Com_23526_pos",2.73862268836754,1.45345051353592,0.0826005864746709,0.58343533251734,1.45141958572419
"Com_23560_pos",0.994551179239019,-0.0078824813602596,0.583037675813656,0.556507547939616,0.754459404912361
"Com_23580_neg",1.22636151306667,0.294384326686045,0.47117656207928,0.544675642594859,1.15194502907771
"Com_2358_neg",2.89926546318405,1.53568743580886,0.516044002786259,0.528763769889841,0.967689738915198
"Com_23631_neg",1.43645226143748,0.522510047634216,0.209050157293681,0.514891880864953,1.5743874957269
"Com_23663_pos",2.07118591657817,1.05045706050521,0.0231185907876023,0.61281109751122,1.76490698008994
"Com_23675_pos",1.2023075790633,0.265806019197558,0.366146060177143,0.57609139126887,0.764946886266547
"Com_23687_pos",0.988065577319316,-0.0173212990958689,0.632693612953174,0.545083639330885,0.933335621044869
"Com_23709_pos",1.64090729461105,0.714493734047906,0.119441476951113,0.579355365157079,1.10872487846657
"Com_23716_pos",1.10315946588478,0.141641353043795,0.192653506995912,0.59281925744594,1.44618066779586
"Com_2371_neg",1.82072856135556,0.864515857858207,0.830176564066072,0.549571603427173,0.677265416568151
"Com_23791_pos",0.773640813935963,-0.37026418772798,0.384240357572638,0.591187270501836,1.02046836730296
"Com_23798_pos",1.4581378512175,0.54412711737865,0.88930363916158,0.502243982048144,0.381572627679052
"Com_23850_pos",0.881126306305144,-0.182579255742761,0.0925871429038608,0.60546715626275,1.25670912630236
"Com_23851_neg",1.06366602628496,0.0890452393196438,0.580300834333771,0.539779681762546,1.03370426248726
"Com_23854_pos",1.17322868621045,0.230484251478222,0.331072984660455,0.588331293349653,1.01008655633132
"Com_2385_neg",0.900872669593236,-0.150604886659752,0.864424738825909,0.500611995104039,0.812637630004511
"Com_23867_pos",0.990800081600792,-0.0133341074849059,0.754058256130495,0.476540187678499,0.689936144300987
"Com_23892_neg",0.897825889833146,-0.155492396277753,0.376112563846874,0.571195430436557,1.0478269750693
"Com_23920_neg",0.931015189198398,-0.103123389828913,0.711711570109869,0.518971848225214,0.399404363040455
"Com_23948_pos",0.936419132799601,-0.0947736831701231,0.477386480543739,0.49734802121583,1.00565892155276
"Com_23972_neg",1.20991304515293,0.274903366644928,0.734552270685773,0.515707874337005,0.748546106019669
"Com_2397_neg",0.541531451404037,-0.884882964871017,0.703320987701246,0.520195838433293,0.642258699051798
"Com_23988_pos",0.689156310345488,-0.537096851313195,0.507425261137747,0.474500203998368,1.35543850408891
"Com_2398_pos",1.03109987225549,0.0441840788063621,0.132344995268233,0.620563035495716,1.38813985602628
"Com_24017_pos",0.915865789212497,-0.126791893315987,0.0819242387274372,0.618931048551612,1.54322433818322
"Com_24056_neg",1.8710276797523,0.90383090178874,0.0046366769952357,0.651570787433701,2.35954357376378
"Com_2406_neg",0.545226954507344,-0.875071208142584,0.39847183505028,0.550387596899225,0.738275033839131
"Com_24107_pos",1.15559173190176,0.208631786769578,0.914762151950236,0.503467972256222,0.0924425884323968
"Com_24133_pos",0.855629441181052,-0.224941970127343,0.829158462083996,0.516523867809057,0.876520584022717
"Com_2414_pos",0.663616812203589,-0.591577658600363,0.522645437769744,0.525499796001632,0.536093061433932
"Com_24159_neg",1.55227619105882,0.634385274033125,0.239465952296457,0.545899632802938,1.04299061389596
"Com_24175_neg",0.699872601116869,-0.514835764921737,0.117434044756804,0.589147286821705,1.21771536855121
"Com_2420_neg",6.3428011148413,2.66512010566903,0.799153071201967,0.514483884128927,0.679368964270615
"Com_24219_neg",0.624226722662519,-0.679857975650939,0.482990856993732,0.479396164830681,0.702835150793536
"Com_24237_pos",0.793126827935341,-0.33437651092153,0.319119234825835,0.597715218278254,1.03694111689725
"Com_24251_pos",1.04694353989322,0.0661836419703586,0.915163677422601,0.521827825377397,0.301739920152258
"Com_24259_neg",0.909101138151429,-0.137487290684888,0.790739296250337,0.512851897184822,0.288683430843608
"Com_2426_neg",1.23516557195026,0.304704445713417,0.0870898613373063,0.609547123623011,1.41797594572341
"Com_24273_pos",1.11759312779285,0.160395054591529,0.426863420902841,0.533251733986128,0.667838918339886
"Com_2427_pos",1.089829875696,0.124102945419335,0.880801271024356,0.516115871073031,0.741697459194106
"Com_24299_pos",0.575142456915232,-0.798008753734337,0.335676154558952,0.55405956752346,0.860462282661728
"Com_24345_pos",0.858046401058848,-0.220872427620101,0.119289384867578,0.578131374949,1.39587985818932
"Com_24386_pos",1.01379831931953,0.0197706773341784,0.445989825866155,0.560587515299878,0.659022085462225
"Com_24387_pos",1.48678001183453,0.572191197952449,0.0350812114984709,0.634434924520604,1.60228824808296
"Com_24403_pos",1.06772455639102,0.0945395193278815,0.222759765271817,0.585067319461444,1.10570846201979
"Com_24406_neg",1.43346541108192,0.519507093373256,0.208954290023013,0.556915544675643,0.95467683542096
"Com_2451_neg",1.14509748540948,0.195470424287312,0.704089725116791,0.505915952672379,1.52341686612036
"Com_2453_neg",0.485873528020829,-1.04134726303607,0.076316794032349,0.611179110567115,1.44448428852231
"Com_24566_pos",0.610349745971511,-0.71229191420632,0.0585084710330092,0.614035087719298,1.4742570728059
"Com_24571_neg",1.24781365536899,0.319402502671469,0.224009658553514,0.567115463076295,1.68681470254311
"Com_24591_pos",1.25490009483983,0.327572512848292,0.814152648642355,0.532843737250102,0.195559953250178
"Com_24601_pos",1.20978815986362,0.274754446284551,0.580194067245965,0.598531211750306,0.492135429462322
"Com_24650_pos",0.914290764469685,-0.129275048040789,0.314647282063905,0.559363525091799,1.05266424213137
"Com_2466_neg",0.746055779565498,-0.422644595916051,0.630371758068595,0.527131782945736,0.642770815824
"Com_2469_pos",0.618869675547976,-0.6922924628891,0.0264697936604593,0.61485108119135,1.72523527594427
"Com_246_pos",0.937117268490016,-0.0936985004895481,0.516075323397935,0.478172174622603,0.701859646620788
"Com_24767_neg",1.17383212247728,0.231226093807665,0.392089651755197,0.553243574051408,0.939641837202831
"Com_24777_pos",1.07822098029138,0.108652887272862,0.818845688449811,0.497756017951856,0.469918476053057
"Com_24868_neg",0.718450371145804,-0.47703959272769,0.78739633832324,0.556507547939616,0.910916378021173
"Com_24892_pos",0.742783460943267,-0.428986402770698,0.250881276092115,0.567523459812321,0.862238427028483
"Com_24899_pos",1.72665577193914,0.787980494206718,0.0437109570887569,0.624235006119951,1.53848402882416
"Com_24903_pos",1.00517840302139,0.0074515793269671,0.937301536336476,0.498980008159935,0.546584012505965
"Com_2491_pos",1.41302442466856,0.498786403423911,0.363219273505842,0.558955528355773,0.853210162952003
"Com_25002_pos",1.18156021721073,0.240693156910153,0.670257356653963,0.514891880864953,0.443622459306951
"Com_2500_pos",0.595440437809821,-0.747970893051652,0.442222608441739,0.529579763361893,0.719534746389514
"Com_25030_pos",1.20085984716307,0.264067783348593,0.302404620922945,0.572011423908609,0.830712732294273
"Com_2504_pos",0.941666360524113,-0.0867121022238608,0.453621702221788,0.54875560995512,0.786315668329586
"Com_25051_pos",0.741821651149264,-0.430855719268286,0.21894323383692,0.575683394532844,0.946803572357697
"Com_25079_pos",0.858034825163435,-0.220891891135757,0.895465419332296,0.507955936352509,0.867023713132986
"Com_25091_neg",1.21829591160638,0.28486459166527,0.53291121792259,0.485108119135047,0.795002712016184
"Com_25096_pos",0.962170674577045,-0.0556352658340924,0.861074350469621,0.519787841697266,0.173563401020461
"Com_2512_pos",0.0927878153899424,-3.42992082225209,0.27630974363548,0.545491636066911,1.11607627427575
"Com_25212_pos",0.760720842014521,-0.394560962745883,0.384188209262101,0.563035495716034,1.15283992235297
"Com_2526_pos",0.386109602108156,-1.37291766197106,0.99599161565963,0.556507547939616,0.657771504029531
"Com_25271_neg",1.70591488429305,0.770545665957676,0.0469087411961072,0.586699306405549,1.6219074558677
"Com_25273_pos",1.47110937703923,0.556904515012734,0.0476793796951938,0.630354957160343,1.61655981493153
"Com_25280_pos",1.51653382151176,0.600777673091123,0.055614234425347,0.618115055079559,1.51678354617173
"Com_2535_neg",1.11769804708939,0.160530487997811,0.84901745185274,0.514075887392901,0.404601856621595
"Com_25377_neg",0.79933307551997,-0.323131307289438,0.074853365722107,0.571195430436557,1.38152885071422
"Com_25410_neg",0.61985069693789,-0.690007338624464,0.134110938217658,0.580579355365157,1.29683723070933
"Com_25411_pos",0.950090582114887,-0.0738630276142176,0.765230391708566,0.478172174622603,0.714403396788957
"Com_25461_pos",1.32219547113041,0.402935478194973,0.0211573736756987,0.64953080375357,1.67749880166075
"Com_25466_pos",1.81308893162778,0.858449690703555,0.65075210370024,0.471236230110159,0.388953232834763
"Com_2549_pos",0.617342344156902,-0.695857344171167,0.369265884032997,0.54875560995512,0.963691467843314
"Com_25513_neg",1.03072942875478,0.0436656682794647,0.612837146932601,0.540595675234598,0.680705505953793
"Com_25551_pos",0.818564589755333,-0.288831836229171,0.794685119130998,0.559363525091799,1.12803536483404
"Com_25554_pos",1.15153024818794,0.203552308080461,0.232499550860483,0.591187270501836,0.927903045075723
"Com_25556_neg",0.602813574493449,-0.730216190171467,0.858807836895948,0.481436148510812,1.05441657387979
"Com_25562_pos",0.895072832156527,-0.159923015509397,0.408919268271805,0.562627498980008,0.693631875679372
"Com_25569_pos",1.13737961280201,0.185713849746512,0.474922222733381,0.445532435740514,0.740071838641923
"Com_2557_pos",1.08992568434046,0.124229769416356,0.171261344552975,0.572827417380661,0.851340501706401
"Com_2558_neg",0.999471569416837,-0.0007625656810465,0.876233842006434,0.513259893920849,0.385435336420752
"Com_2558_pos",1.50669186191328,0.591384397198127,0.306326902587644,0.552019583843329,0.835891151194465
"Com_25606_pos",0.857165845030118,-0.222353729925838,0.200795583458695,0.574459404324765,1.30589229735783
"Com_2560_pos",1.12081803450476,0.164552074729743,0.597602224217053,0.570379436964504,0.719710810733123
"Com_25626_pos",1.56193233053111,0.643331951225123,0.0398384307712504,0.627906976744186,1.62168082394409
"Com_25636_pos",0.956022640728578,-0.0648833100703921,0.779437892775506,0.53202774377805,0.264020757125211
"Com_25730_neg",1.01929419180884,0.0275705066634741,0.950691514329159,0.523051815585475,1.23597619053052
"Com_25733_pos",1.42728494933328,0.513273389439399,0.502499884571081,0.555691554467564,0.624589215203104
"Com_25764_pos",1.38632217896866,0.471262576368423,0.205197299679154,0.567523459812321,1.0497484706304
"Com_25781_pos",1.17941750826874,0.238074516014031,0.263974361441265,0.51733986128111,0.914535807936085
"Com_25790_neg",0.818117458785606,-0.2896201061919,0.870775404808303,0.467156262749898,1.02988513940142
"Com_257_neg",0.515302657173162,-0.956508063078237,0.792629544889826,0.514075887392901,0.25259221031703
"Com_25816_pos",1.04665372068574,0.0657842139199598,0.567591078482509,0.543451652386781,0.527232694160115
"Com_2582_neg",0.223956595351222,-2.1587089417976,0.12875085976373,0.577723378212974,1.53841407265393
"Com_25871_neg",2.13229567668193,1.09240750456328,0.0392519400515115,0.597307221542228,1.62738246432527
"Com_25880_pos",0.976550679322652,-0.0342331783633746,0.984866882050083,0.522643818849449,0.528932522259294
"Com_25900_pos",0.983837129279997,-0.0235085925631246,0.46696004892176,0.558955528355773,0.577895084237833
"Com_25930_neg",1.1835346994328,0.243102004311449,0.752542329084125,0.492860057119543,0.653677533150198
"Com_25934_pos",1.9529950198753,0.965688270366349,0.025551052922328,0.628314973480212,1.71012861484401
"Com_2593_neg",1.66662692173644,0.736931189867743,0.299074680116957,0.571195430436557,0.8496081932315
"Com_2594_pos",0.403776533114158,-1.30837102905113,0.604176182517178,0.59812321501428,0.829602552372757
"Com_26037_pos",1.19464301394626,0.256579573058089,0.656466567072318,0.479396164830681,0.473077498967612
"Com_26067_pos",0.787754303276376,-0.34418236459278,0.787294446358706,0.528355773153815,0.766440561930606
"Com_26070_pos",1.28866714610688,0.36587967357338,0.222643837057794,0.589555283557731,1.02113850007709
"Com_2608_pos",0.880910845744202,-0.182932079046136,0.693326268466489,0.544267645858833,1.06116951196691
"Com_26130_pos",1.69764228136013,0.763532493474738,0.0415877905721221,0.619339045287638,1.8757586675868
"Com_26137_pos",0.562286464089247,-0.830622777559359,0.762609586220364,0.554467564259486,0.700012077923906
"Com_26142_pos",0.674145654952031,-0.56886776316193,0.210628587842619,0.55405956752346,1.2432708141535
"Com_26186_pos",1.0034950093081,0.0050334417485035,0.601761822471418,0.449204406364749,1.04306536823633
"Com_26224_pos",1.01454925397077,0.0208389062325568,0.937683562881828,0.510403916768666,0.249832311482312
"Com_26262_pos",0.644853554830897,-0.632956530797352,0.784218377373405,0.548347613219094,0.428566771738467
"Com_2626_neg",1.19207962777,0.253480607236331,0.508808390170907,0.541003671970624,0.778952337865317
"Com_26301_neg",1.30302305375652,0.381862609037268,0.0471830906451088,0.592411260709914,1.46557480525898
"Com_26331_pos",1.01539738332256,0.0220444473621403,0.672256323770756,0.543859649122807,0.328320910525339
"Com_26349_neg",0.990347230676321,-0.0139936503571862,0.721738289566865,0.533251733986128,0.652823602068068
"Com_26356_pos",1.40392947159264,0.489470461611633,0.353106884495589,0.54671562627499,0.950694776084832
"Com_2636_pos",1.2914436701516,0.368984717737561,0.259677689511623,0.57078743370053,1.12631136200322
"Com_26377_pos",0.71170955410682,-0.490639491812701,0.926045702152034,0.499796001631987,0.7809920577088
"Com_2642_neg",2.0029275138084,1.00211021078545,0.569544610680961,0.52468380252958,0.714835776572934
"Com_2643_neg",1.11967332377135,0.163077872532138,0.302034677165188,0.5687474500204,0.89421176625482
"Com_2647_neg",7.82277498571696,2.96768046788708,0.253846536231395,0.445532435740514,1.46828769742047
"Com_2649_pos",0.646647367941524,-0.628948903861103,0.0760855726626051,0.603019175846593,1.30465709374981
"Com_264_pos",1.26197612749838,0.335684619460357,0.0608395186071139,0.615259077927377,0.87351609160763
"Com_26521_pos",0.967547773557152,-0.04759519748313,0.854097054316814,0.543043655650755,0.704532845250008
"Com_2655_neg",1.1514130262161,0.203405439019914,0.307914153430177,0.55609955120359,0.803324289044929
"Com_26566_pos",1.50117290156499,0.586090152751154,0.398657679641623,0.555691554467564,0.688795005034898
"Com_26602_pos",0.880758537051072,-0.183181541287981,0.528767234832793,0.50265197878417,0.503150224331709
"Com_26603_pos",3.18893197892183,1.67307332470878,0.0637713511569912,0.575683394532844,1.51189790551845
"Com_26606_neg",1.07069178795164,0.0985432420046291,0.824784412250202,0.521419828641371,0.312165109763989
"Com_26663_pos",0.80656237724428,-0.310141983253425,0.471667062786266,0.552427580579355,1.15486327832248
"Com_26698_pos",1.05044886429116,0.0710059335205618,0.422584437632398,0.56140350877193,0.713864475093064
"Com_2671_pos",1.00417034176806,0.0060040206621262,0.583063996288714,0.533659730722154,1.24311619605342
"Com_26722_pos",1.3671573902888,0.451179338860904,0.404956852744855,0.544675642594859,0.481628586745061
"Com_26730_pos",1.56217653375863,0.64355749444486,0.309452996148843,0.459812321501428,0.788998335075903
"Com_26735_pos",1.17121745157571,0.228008955587527,0.481248039183704,0.537739698082415,0.736789938098298
"Com_26741_pos",1.30918904961729,0.388673440485766,0.315069297664535,0.457772337821297,0.943611569514762
"Com_267_neg",0.893479446591099,-0.162493552685118,0.167010109017097,0.57078743370053,1.08109666795768
"Com_26802_pos",0.732979556849001,-0.448155133423027,0.748889047254989,0.4953080375357,0.921262354623924
"Com_26808_neg",1.13350438189946,0.180789968257703,0.518175122951512,0.54141166870665,0.508760119053082
"Com_2686_pos",2.20248980704451,1.1391353424781,0.996151499722176,0.529579763361893,0.636697483516282
"Com_2689_neg",0.56908040964787,-0.813295578727889,0.385224982169276,0.538555691554467,1.74503016313603
"Com_26902_pos",1.1140340409067,0.155793316966053,0.589696193361932,0.543451652386781,0.63781590160934
"Com_2691_pos",1.64379917885739,0.717034057314341,0.912194449280719,0.51937984496124,0.874555770156708
"Com_26924_neg",0.947536120173679,-0.0777471548730753,0.838997724867933,0.481028151774786,0.560065109977775
"Com_2696_neg",0.890031540354309,-0.168071632621265,0.527490317156492,0.5687474500204,1.42340417112436
"Com_26999_pos",1.18878560142929,0.249488547173233,0.210674930117582,0.457772337821297,0.911942524614922
"Com_27038_neg",1.33485470754071,0.416682720101784,0.495262914911212,0.526315789473684,0.711311911298783
"Com_2706_neg",4.32046686147869,2.11118721571007,0.168269241788452,0.565075479396165,1.45208115023983
"Com_27071_pos",1.06379125382456,0.0892150807094206,0.878906862672565,0.484292125662995,1.1422912678711
"Com_27119_pos",1.01890307632976,0.027016820935571,0.908305812865925,0.521419828641371,0.655523215633169
"Com_2720_neg",1.00988780420625,0.0141950223768108,0.886414562880006,0.502243982048144,0.654805629511297
"Com_27339_neg",0.910828426425509,-0.134748777036953,0.625311679720911,0.545491636066911,0.726283070758065
"Com_2736_neg",1.12180058811502,0.165816244479635,0.357661986126729,0.559771521827825,1.12680588869573
"Com_2738_pos",0.181823618745842,-2.45938847822516,0.4051355519914,0.504283965728274,1.00462950840892
"Com_27421_pos",1.23006459698416,0.298734080850386,0.604345352004091,0.452876376988984,0.441402075385431
"Com_27424_pos",0.789378155551444,-0.341211498779799,0.226685687170028,0.569971440228478,0.955152028782616
"Com_27454_neg",1.07033023124141,0.0980559830478026,0.511098197954275,0.533659730722154,0.848297331909548
"Com_27461_neg",0.793677052660405,-0.333376000998728,0.0513432067763542,0.618931048551612,1.61828950491531
"Com_27474_neg",0.949743901509307,-0.0743895517933556,0.262470695285224,0.567523459812321,0.93235914847739
"Com_27492_neg",0.972910779058716,-0.0396205863983793,0.672269005340519,0.544267645858833,0.886237903904334
"Com_2751_neg",1.1642499807588,0.219400858315266,0.326600946854586,0.556507547939616,1.30013161979158
"Com_27525_pos",1.02485769913649,0.0354236063140339,0.62594164006803,0.53202774377805,1.13243107289158
"Com_27526_pos",0.889866213322403,-0.168339644072202,0.587972738522698,0.530395756833945,1.53442792403804
"Com_27527_pos",2.1875875195314,1.12934073647327,0.0214427841654898,0.603427172582619,1.68522692528568
"Com_2752_neg",1.16731128336163,0.22318933146384,0.383474099133087,0.544267645858833,1.29449755969314
"Com_2755_pos",0.110718557089517,-3.17503104822135,0.342844178784504,0.640962872297022,0.898772144869398
"Com_27569_pos",0.879428310438393,-0.185362118543697,0.189026175838975,0.569155446756426,1.75607558414971
"Com_27621_pos",1.1927053336647,0.254237658984518,0.317440689042678,0.556915544675643,0.862735202332403
"Com_27635_pos",0.430070960813022,-1.21735337375457,0.04230311095613,0.604651162790698,1.60751942346617
"Com_2763_neg",1.4651432384499,0.551041715363944,0.343725986618593,0.547123623011016,0.686946116913466
"Com_27662_pos",0.999009498135142,-0.0014297003057786,0.63708469297367,0.537739698082415,0.371957127652887
"Com_27698_pos",1.07589070859922,0.105531533126792,0.841805740889971,0.5046919624643,0.263018395820839
"Com_276_pos",0.398155839288735,-1.32859487878167,0.2982203761456,0.491228070175439,1.24905700102838
"Com_27708_pos",0.646895801406225,-0.628394745731069,0.735844973410872,0.498980008159935,1.3987191386148
"Com_27730_pos",1.07684425794497,0.106809610571258,0.613397889023745,0.481028151774786,0.533160088962313
"Com_27734_pos",1.6012030416727,0.679156261408881,0.0504213687119092,0.585067319461444,1.15161663045644
"Com_2778_pos",6.06659200026528,2.60088628829734,0.0181469335225569,0.6421868625051,1.84065904372173
"Com_27796_neg",0.802623728480899,-0.317204286818681,0.259051837926659,0.573643410852713,1.13901055101102
"Com_27832_neg",0.584076896072318,-0.775769776673873,0.678232991043285,0.530395756833945,0.81526025921312
"Com_2784_pos",1.06216421419295,0.0870068289360836,0.875800311081893,0.544675642594859,0.286192367302245
"Com_27889_pos",1.03470807026443,0.0492237870584488,0.308084455988365,0.580579355365157,0.79912053079686
"Com_27899_pos",1.21965915418957,0.286478028719033,0.918579192012233,0.523051815585475,0.844413316647581
"Com_27927_pos",1.4215919621695,0.507507429352762,0.504900092921443,0.449204406364749,0.796401927206084
"Com_27936_pos",1.44942106934523,0.535476771160798,0.502530219825699,0.515299877600979,0.818317510174819
"Com_27945_pos",0.808768388899604,-0.306201484972123,0.602416770540593,0.55609955120359,0.62874346945244
"Com_27961_neg",0.982841697311972,-0.0249690291804624,0.635095142054177,0.521827825377397,0.342029339048614
"Com_2796_neg",0.492190557588514,-1.02271111415528,0.433894379340043,0.501019991840065,0.715346716983799
"Com_27995_pos",1.04457933485015,0.062922067941983,0.939033473526756,0.574051407588739,0.928759810308246
"Com_2803_pos",2.01546879620999,1.01111544734102,0.449138120869513,0.546307629538964,0.601179813930403
"Com_2805_pos",1.29881467457272,0.377195590024359,0.413715262862698,0.586699306405549,0.626489280198208
"Com_28071_pos",0.847749105226658,-0.238290738356496,0.15617635452379,0.627090983272134,1.26554528670882
"Com_28163_pos",1.19719722710729,0.259660842449157,0.150983092533303,0.565891472868217,1.01337817284817
"Com_28166_pos",1.14243877867221,0.192116855810685,0.276987964226334,0.604243166054672,0.826148026225349
"Com_28191_pos",1.08157677889408,0.113136082866259,0.565304627923226,0.518155854753162,0.954495183948844
"Com_28236_neg",1.10592668028911,0.145255742272793,0.192409487818364,0.524275805793554,1.47955428439249
"Com_28243_pos",0.383656567709316,-1.3821126426831,0.732068329362525,0.532843737250102,0.943640408813369
"Com_28244_neg",1.01023430532254,0.0146899384461697,0.958595133943194,0.512851897184822,0.250849645646068
"Com_28299_pos",1.2673318081769,0.341794295070979,0.58982950494236,0.529987760097919,0.534536522657803
"Com_28300_pos",0.879762340094243,-0.184814249631763,0.314752786945107,0.567523459812321,0.963057472844904
"Com_28307_pos",1.06699036945516,0.0935471546047143,0.568746180881236,0.476540187678499,0.614849983578548
"Com_28310_neg",0.954781891500492,-0.0667568905227438,0.883523026712093,0.505915952672379,0.73330547006974
"Com_28313_neg",1.83257551377891,0.873872647805058,0.0209380877152244,0.631578947368421,1.93579341039988
"Com_2837_neg",0.994172411495375,-0.008432026158297,0.690102256774781,0.469604243166055,0.796916971201152
"Com_28383_neg",0.675814888872261,-0.56529996003294,0.406482030932195,0.518155854753162,1.05821542374381
"Com_283_neg",0.99602642656762,-0.0057440745093915,0.933941204837247,0.520195838433293,0.553937992253952
"Com_2842_pos",0.0554022211317527,-4.17391237321994,0.641896761084872,0.577315381476948,0.746881383287145
"Com_28435_pos",0.949434247161934,-0.0748600045474755,0.929650331915496,0.503875968992248,0.761441941443572
"Com_28506_neg",1.04756749378786,0.0670431984030472,0.712628612450765,0.525091799265606,0.347358981116022
"Com_28542_pos",0.992901355376431,-0.0102777015833039,0.669410639961063,0.48062015503876,0.88260367858279
"Com_28571_neg",0.925332893990044,-0.11195561778899,0.717458344419213,0.523867809057528,0.55362105523861
"Com_2858_pos",0.91367284125011,-0.130250422819256,0.363696163318795,0.548347613219094,1.0026801453603
"Com_285_neg",29.2522810689261,4.87047722414798,0.634733126030454,0.497756017951856,0.885269287864621
"Com_285_pos",1.37920483525743,0.4638367373918,0.98802774006766,0.497756017951856,0.812720793008597
"Com_28606_pos",0.938875485455857,-0.0909942558864897,0.62845761757889,0.50265197878417,0.369877228814082
"Com_28608_pos",1.13409237923504,0.181538162005065,0.505419457430697,0.532435740514076,0.518564051339906
"Com_2864_neg",1.03186821105769,0.0452587232857184,0.616996452773375,0.542635658914729,0.69461328899636
"Com_28654_pos",0.962491415991835,-0.0551544208534838,0.414064475957664,0.582211342309262,1.07627804495613
"Com_28655_pos",1.21308541148778,0.278681131985044,0.284638583499315,0.560587515299878,0.779837238548952
"Com_28664_pos",1.27946451149369,0.355540131900915,0.670507450879771,0.489596083231334,0.439696618714072
"Com_2871_neg",1.13448831019285,0.182041743506776,0.923843969629358,0.507547939616483,0.661184728630622
"Com_28732_neg",0.385952149500823,-1.37350610220515,0.420985568614152,0.496124031007752,1.21950494772102
"Com_28761_pos",1.854817134916,0.891276959593113,0.069915061451604,0.59077927376581,1.44721260249114
"Com_28797_pos",0.804030371517196,-0.314678095958703,0.775814643812608,0.488372093023256,0.414459645572597
"Com_28820_pos",1.28646594057554,0.363413261958446,0.375992840261653,0.544675642594859,0.896260051449742
"Com_28826_pos",0.729872273716094,-0.454284077742518,0.823263034542259,0.503875968992248,0.769148758194792
"Com_28865_pos",1.22327445931533,0.290748129678898,0.531106235776616,0.524275805793554,0.500037542148966
"Com_28890_pos",0.522495944578984,-0.936508255317754,0.487711222421494,0.557323541411669,0.996062823920051
"Com_28921_pos",1.07995099575168,0.110965849620204,0.21705223424868,0.565483476132191,0.985226022207649
"Com_28992_pos",1.00591417381322,0.0085072173738595,0.752029754408907,0.493268053855569,0.46389922426523
"Com_29001_neg",1.64363327030577,0.716888438842437,0.847430133247846,0.560995512035904,0.166429215648194
"Com_2903_pos",0.318136451597948,-1.65228241170306,0.284314138558462,0.577315381476948,0.843934286909132
"Com_29066_pos",0.618745677817564,-0.692581552566048,0.427701710527306,0.491636066911465,0.672446663618735
"Com_29075_pos",0.894142135542501,-0.161423910074858,0.376724596251851,0.558547531619747,0.917902678364089
"Com_2911_pos",0.944859089547813,-0.0818289041447573,0.495945674543993,0.559363525091799,1.2388466740643
"Com_2912_neg",0.939218272011508,-0.0904676192716282,0.320395330043379,0.539779681762546,1.15001134572728
"Com_29142_pos",0.90222172398363,-0.148446070738622,0.363851012119215,0.553651570787434,0.699668741660093
"Com_29153_pos",0.571164184324924,-0.808022578960195,0.539486985097487,0.498572011423909,0.580535354179857
"Com_2918_pos",1.02172411371716,0.0310056918685071,0.975548971102856,0.518563851489188,0.222412355468048
"Com_29198_pos",0.442585635213484,-1.17597146783922,0.0481086778694976,0.594043247654019,1.61989130642405
"Com_29222_pos",0.511862307558439,-0.96617232161264,0.164574363325344,0.551203590371277,1.30153028920369
"Com_2925_pos",0.228946334799257,-2.12691862578882,0.743227104699308,0.48266013871889,0.419356281764008
"Com_29302_neg",0.970106638096952,-0.04378475191994,0.4901666413447,0.528763769889841,1.4962597340019
"Com_29374_pos",1.03216975494231,0.0456802619174807,0.656814756598727,0.527131782945736,0.656650070666722
"Com_29383_pos",0.438519579213657,-1.18928683670116,0.439353483076341,0.517747858017136,0.876259665051815
"Com_2938_pos",1.24495349155744,0.316091847712854,0.939723425461054,0.508771929824561,0.920980377793544
"Com_29391_neg",1.28093141607447,0.357193232636557,0.442091279752519,0.540187678498572,1.31066880596205
"Com_2939_pos",1.25336209714273,0.325803270433619,0.997303354008748,0.511627906976744,0.875260588875762
"Com_293_pos",0.983649985105141,-0.0237830461764024,0.702164631415504,0.507547939616483,0.814080123343628
"Com_29415_pos",0.789984778782892,-0.34010323879508,0.69524360586776,0.483476132190942,0.911587452398819
"Com_2941_pos",1.06563995597377,0.0917200821206466,0.712807358111131,0.523051815585475,0.366874006923756
"Com_29530_neg",0.907660245647274,-0.139775724294939,0.757907245279285,0.58547531619747,0.373238600820481
"Com_2953_neg",0.877386314210123,-0.188715892035092,0.135853393317469,0.610771113831089,1.10712557294437
"Com_2955_neg",0.771377701485014,-0.374490652864115,0.0616919850666415,0.610363117095063,1.5768773634345
"Com_2955_pos",0.840898167691386,-0.249996993410297,0.806079085700086,0.505915952672379,1.28962364318215
"Com_2959_pos",1.13844093071336,0.187059437563506,0.773286296300614,0.536923704610363,1.304181640789
"Com_2960_neg",0.618930324410389,-0.692151086555101,0.196687185064619,0.56140350877193,1.41654294937865
"Com_2962_pos",0.934985642762729,-0.0969838831213573,0.583113720502761,0.533251733986128,0.633595094225815
"Com_29653_pos",1.21581850006522,0.281927876314768,0.551470929270589,0.603835169318645,0.674288026879356
"Com_29664_pos",0.952516975176855,-0.0701832912207805,0.824113286445179,0.51203590371277,0.730316163656068
"Com_2966_pos",0.557892678986028,-0.841940475316846,0.267662525341381,0.569971440228478,1.36221463136832
"Com_296_pos",1.47959087657268,0.565198309681108,0.278823177427455,0.454508363933089,0.90294463442198
"Com_29743_pos",0.937408629071698,-0.0932500196547568,0.38893816456797,0.543451652386781,0.756855790826238
"Com_29780_pos",1.06617764419999,0.0924478368346502,0.548940313467362,0.534475724194206,0.858126427922454
"Com_29850_pos",1.46632570674133,0.552205596861223,0.215162484588648,0.572011423908609,1.37760804054347
"Com_2985_pos",0.696373256037836,-0.522067297013898,0.0359155966842695,0.626682986536108,1.62700200332463
"Com_2986_neg",0.136222284414011,-2.87596536375629,0.931671277717833,0.555283557731538,0.99259944538246
"Com_29889_neg",0.915428245656673,-0.127481287720329,0.170026177163944,0.589147286821705,1.11265864111202
"Com_29900_pos",0.980284373865353,-0.028727768871729,0.504828071803997,0.458996328029376,1.00899902821716
"Com_29948_neg",0.94930803946263,-0.0750517938423774,0.432788569697267,0.62219502243982,0.607275915003804
"Com_29956_pos",1.3419812969943,0.42436456503914,0.316369413867873,0.55405956752346,0.619240233345075
"Com_29957_neg",1.00200029044768,0.0028829267241061,0.641286911350794,0.532435740514076,1.03587397584652
"Com_3001_neg",2.17171609750808,1.11883551590104,0.638839796496823,0.564667482660139,0.476985022826533
"Com_3006_pos",1.50242661153189,0.58729452187501,0.198295725417394,0.56344349245206,1.45260783157551
"Com_30071_pos",1.28285599055252,0.359359227031938,0.027577555483528,0.632802937576499,1.74262585996345
"Com_30083_pos",2.62044848896719,1.38981374971538,0.0427254842036707,0.578539371685027,1.57010503791387
"Com_30112_pos",1.05146579376348,0.0724019171448243,0.304628755990452,0.555283557731538,1.19596590443886
"Com_3012_pos",1.07903625177189,0.109743335051109,0.581824029277495,0.544675642594859,1.45122255267213
"Com_3013_pos",1.27162550120693,0.346673853718028,0.0239962053584205,0.572419420644635,1.32465662676884
"Com_30160_neg",0.184227395525355,-2.44044048161357,0.391598419764838,0.550795593635251,1.31884971060557
"Com_30178_neg",1.08056896484765,0.111791151853694,0.210028654450519,0.535699714402285,1.63703317797281
"Com_301_pos",0.241653326211308,-2.0489892421638,0.292585262340515,0.567931456548348,1.13963175442361
"Com_30211_neg",0.6921808674568,-0.530779030307824,0.11956270273942,0.588739290085679,1.21593250106541
"Com_30214_pos",1.06163650948722,0.086289890694949,0.933440901661915,0.501019991840065,1.04577541477488
"Com_30227_pos",0.922067444425283,-0.117055814754173,0.525593659177639,0.551203590371277,0.797715052618488
"Com_30242_pos",1.58200183853065,0.661751276446299,0.255963544589581,0.483476132190942,1.4792831845857
"Com_30245_neg",1.74978444626099,0.807177209221009,0.348843576498606,0.503467972256222,0.627039898987706
"Com_30251_pos",1.00466741663899,0.0067179931697377,0.606957602492691,0.552427580579355,0.721081534207812
"Com_3026_neg",1.08547197417441,0.118322477457841,0.557685574520626,0.557731538147695,0.891281679717981
"Com_30279_pos",0.702457886056855,-0.509516359800302,0.39346065766572,0.458996328029376,0.657962321130867
"Com_30286_neg",1.1391099712757,0.187907033574082,0.617052378128672,0.538147694818441,0.383309328519394
"Com_30331_pos",1.8228189678124,0.866171288086842,0.0417658923374955,0.588739290085679,1.59753179330326
"Com_3034_pos",0.070356096722578,-3.82918074384922,0.074586127375513,0.53406772745818,1.92007760428026
"Com_3040_neg",10.273961641324,3.36092068727501,0.109550977075889,0.53937168502652,1.04785140957576
"Com_30416_pos",0.946367313862505,-0.0795278489176196,0.660206484193167,0.468788249694002,0.574146069331913
"Com_30422_neg",0.835717726948848,-0.258912356764517,0.890883496696126,0.501019991840065,0.737490274109026
"Com_30449_pos",1.05638763976521,0.0791393265023871,0.763551469289516,0.508363933088535,0.230666587310612
"Com_30454_neg",0.845187008011746,-0.242657504165721,0.727928388754547,0.522235822113423,0.30290328997368
"Com_30483_pos",0.991392842803047,-0.0124712513401907,0.261426014477255,0.587515299877601,1.06262270163201
"Com_30502_pos",1.29866594198851,0.377030371650428,0.18825145238099,0.57609139126887,1.36951522030522
"Com_30541_pos",0.849224242381868,-0.235782539158794,0.809235224508957,0.523051815585475,0.584887690491778
"Com_30545_pos",1.15491325437035,0.207784494767293,0.471146298985921,0.528763769889841,1.01485436693663
"Com_30566_pos",0.587071601737146,-0.768391623627975,0.76900240614471,0.451652386780906,0.71187845539319
"Com_3060_pos",0.810303144209983,-0.303466356235469,0.583844097058424,0.547939616483068,0.845356793218365
"Com_30612_pos",1.32245295136967,0.403216396794452,0.023470394959752,0.640146878824969,1.669125157348
"Com_30654_pos",1.36086068417685,0.44451938092358,0.0121319915250985,0.645858833129335,2.04111504865363
"Com_3070_pos",0.801885182277247,-0.318532415336487,0.341237385175329,0.544267645858833,0.935358694583082
"Com_3071_pos",11.108321992429,3.4735689965795,0.489991002232287,0.507547939616483,0.652685684057147
"Com_30733_neg",1.04464087528532,0.0630070604958832,0.704518312169463,0.536515707874337,0.513028159068009
"Com_3073_pos",1.09247670404737,0.127602516052036,0.62617582027505,0.527947776417789,0.735412845504787
"Com_30772_pos",0.961445649370712,-0.0567227907279135,0.748388303815202,0.501835985312117,0.553585155267961
"Com_30789_neg",0.985268295348083,-0.0214114610161185,0.397123770259234,0.56344349245206,1.03139362873705
"Com_30795_pos",0.976251710585283,-0.0346749237446605,0.857959235797512,0.490412076703386,0.313151540420089
"Com_3080_pos",0.987673051014801,-0.0178945487679376,0.645264983333587,0.534883720930233,0.75850648496245
"Com_3081_pos",1.11346731194575,0.155059205556347,0.532943279934142,0.527947776417789,0.888971333451028
"Com_30847_neg",0.88532047293946,-0.175728310844927,0.587095797306845,0.557323541411669,0.573917679771161
"Com_30855_neg",1.11522389180937,0.157333373981884,0.572727891905393,0.514075887392901,0.870260516249179
"Com_30887_neg",1.00594254602768,0.0085479085947597,0.813103307452877,0.530803753569971,0.748090999515857
"Com_3088_pos",0.666681365625689,-0.584930691898891,0.407615044437292,0.527539779681762,1.08360850335447
"Com_30897_neg",1.05137544297576,0.0722779433219918,0.650902444189267,0.521827825377397,0.606055054395434
"Com_30924_pos",1.66410428803526,0.734745848813575,0.0146760736648233,0.646266829865361,1.9487788946297
"Com_30927_neg",0.903772815408515,-0.145967932064276,0.383474606816762,0.481844145246838,0.879842877520864
"Com_30950_pos",1.03750761918821,0.0531219312785351,0.443508754160111,0.546307629538964,1.48054858664646
"Com_3098_neg",0.871935854268012,-0.197706090772084,0.326704987600555,0.559771521827825,1.22764641933973
"Com_3100_pos",1.03131385281351,0.0444834452111308,0.512383172279957,0.531211750305998,0.764194987107857
"Com_31011_neg",0.940659089015085,-0.0882561346333125,0.378704147189428,0.581395348837209,1.12759142875915
"Com_31016_neg",1.12092036890276,0.164683791551282,0.425673182860792,0.563851489188086,0.956264276125586
"Com_31044_pos",0.858909412038498,-0.219422114506706,0.516586708323291,0.542227662178703,0.509831631711477
"Com_3104_pos",1.5064649696853,0.59116712587039,0.0002215130517112,0.725010199918401,2.73864645567337
"Com_31055_pos",1.30552079416692,0.3846254368944,0.265191929747296,0.545899632802938,0.997884486243855
"Com_31068_pos",1.45726463783562,0.54326289320509,0.999689493460524,0.490820073439412,0.307369918778527
"Com_31089_pos",1.18243185853399,0.24175704598524,0.377990259474056,0.459404324765402,0.849116845271251
"Com_3108_pos",0.921904631041192,-0.117310580068197,0.454292161116989,0.545899632802938,0.555928027083035
"Com_31094_neg",1.60356817494134,0.681285690579674,0.305465179108415,0.535291717666259,0.660383403487587
"Com_310_pos",1.02885500926959,0.0410396856855833,0.414803301586597,0.527947776417789,0.941792823602367
"Com_31146_neg",0.872988490711764,-0.195965461081348,0.858577298308655,0.516115871073031,0.803685997612149
"Com_31193_pos",1.06807719510836,0.0950159213469338,0.760317593076889,0.521419828641371,0.349356125681813
"Com_311_pos",6.98944155163188,2.80517719052539,0.573898022937664,0.496532027743778,1.03038411553703
"Com_31248_pos",0.653193261238229,-0.614418187680862,0.242664153888005,0.536923704610363,1.02975088219299
"Com_3125_neg",1.30712312409312,0.386395041785502,0.075830504405077,0.596491228070175,1.57416619206996
"Com_31263_pos",0.570214109565268,-0.81042435664974,0.235371856827426,0.530395756833945,1.45152323095252
"Com_31291_pos",0.915158378745648,-0.12790665481508,0.402597231865098,0.57609139126887,0.760845008988104
"Com_3130_neg",0.738526756498677,-0.437277904745385,0.439223985753605,0.553651570787434,1.41345150916763
"Com_31334_pos",1.00039878552818,0.0005752112185501,0.915712590712132,0.505915952672379,0.119767683630698
"Com_31405_pos",1.07360263770246,0.10246012116972,0.864847149964987,0.516523867809057,0.907227073615611
"Com_3143_neg",0.689358354325602,-0.536673949972049,0.838370180353977,0.478580171358629,0.979412595917515
"Com_31448_neg",1.01863677919087,0.026639713648245,0.343316592292001,0.583843329253366,0.795063347918697
"Com_31453_pos",1.16468884833883,0.219944584136571,0.0845630769482638,0.625050999592003,1.40676872246988
"Com_31582_pos",1.13471911154048,0.182335216864579,0.767978518517717,0.53406772745818,0.630010101795119
"Com_31584_pos",1.02940586692777,0.0418119100812921,0.987215806954929,0.502243982048144,0.550724496572844
"Com_31599_pos",3.15604792458524,1.65811911284076,0.632805498406754,0.538555691554468,0.373983381390195
"Com_31626_neg",1.11567289890498,0.157914109336028,0.914651825357031,0.494900040799674,0.189983727709927
"Com_31646_pos",1.4755502249116,0.56125302818957,0.1840055428092,0.570379436964504,1.33983891855897
"Com_31651_pos",1.0282573499742,0.0402013842462027,0.800417147880788,0.5046919624643,0.439532111341263
"Com_31727_pos",1.34479463664283,0.427385875891193,0.0122979460190968,0.649938800489596,2.02694341798368
"Com_31789_neg",0.939947940419644,-0.0893472404143959,0.406604289828107,0.571195430436557,0.669653190162919
"Com_3184_pos",1.00288386231694,0.0041545461688711,0.79853107711793,0.501835985312117,0.749893014092242
"Com_31854_pos",1.04386444745068,0.0619343807894411,0.7230081618815,0.529579763361893,1.4947926580466
"Com_31875_pos",1.223449115505,0.290954099508689,0.231333384814107,0.568339453284374,0.901557682069332
"Com_3188_neg",0.908578703426191,-0.138316605056763,0.0923518019039171,0.594043247654019,1.26747243012683
"Com_3188_pos",1.22777869538911,0.296050541296636,0.12724708052932,0.577723378212974,1.12029088236341
"Com_31894_pos",0.51134309420394,-0.967636478456812,0.382756019219164,0.456956344349245,0.711950805954743
"Com_31910_pos",0.422350685200525,-1.24348670330202,0.202209566881459,0.528763769889841,1.62401439576742
"Com_31915_pos",1.03022658043493,0.0429616680111159,0.535104130518971,0.538147694818441,1.08151968960798
"Com_31925_neg",1.64949340034485,0.722023005663496,0.411004522601828,0.463892288861689,0.756760316591611
"Com_3195_pos",0.976895104641043,-0.0337244355991499,0.772300813466768,0.514483884128927,1.07174742429469
"Com_32057_neg",1.28867279026732,0.365885992338058,0.256945793794084,0.569155446756426,1.1410153155535
"Com_32084_pos",1.05097465211596,0.0717278741453862,0.728146963053234,0.464708282333741,0.364473266557688
"Com_3208_pos",1.66343596447997,0.734166329397597,0.53577901660597,0.518971848225214,0.550775018268472
"Com_3213_pos",0.890135329553369,-0.167903405512354,0.231731349320498,0.579355365157079,1.10366930785968
"Com_3217_neg",1.33258595725873,0.414228595732092,0.276620763535102,0.573643410852713,1.56570584617844
"Com_3217_pos",0.351455895616314,-1.50858443878411,0.597517009016469,0.578131374949,0.680319199869009
"Com_32236_pos",1.09539856366885,0.131455893759911,0.580678929779654,0.484292125662995,0.696138753847158
"Com_3226_neg",0.793301219919254,-0.334059327357213,0.486759124001202,0.529579763361893,0.654204800610178
"Com_3228_pos",0.730837555328472,-0.452377323683273,0.288596225098442,0.557323541411669,1.32536926226769
"Com_32320_pos",0.919725368599503,-0.120724960356888,0.300401968657573,0.563851489188086,1.36672110937783
"Com_3232_neg",0.634261595427025,-0.656850105332637,0.879852210121556,0.546307629538964,0.423358754923664
"Com_32395_pos",1.40373436619495,0.489269954993737,0.308217043765281,0.44390044879641,0.977866894331336
"Com_323_pos",0.409823311038456,-1.28692604669464,0.0100858698639639,0.63484292125663,2.02249538333238
"Com_324_neg",0.42959266901882,-1.21895872088535,0.170621325548935,0.560179518563852,1.04870502103234
"Com_3252_neg",0.736611055874279,-0.44102504392273,0.661318516710815,0.529987760097919,0.935169150139417
"Com_32541_neg",0.856389721238994,-0.223660614911864,0.086637806399389,0.596899224806202,1.3239426332518
"Com_32546_pos",1.56538502814609,0.646517551648363,0.677271073405749,0.553651570787434,0.638229565662346
"Com_3254_neg",0.98819700199829,-0.0171294159575956,0.80419569998755,0.496940024479804,0.464068447907915
"Com_3267_neg",0.797157306523883,-0.32706364928093,0.205597956701803,0.581395348837209,1.24280752083866
"Com_3268_pos",1.073966446424,0.10294892038675,0.483872710905547,0.558139534883721,1.23780179439297
"Com_32791_pos",0.780192796412704,-0.358097416990981,0.0744733922018292,0.616075071399429,1.27552216972797
"Com_327_neg",0.967311808084641,-0.0479470847435084,0.859886319856481,0.511219910240718,1.01033395397629
"Com_32872_pos",0.604990853631159,-0.72501476327817,0.664694017310924,0.485924112607099,1.18165405510549
"Com_32876_pos",0.900967311851271,-0.150453330563919,0.913156586437182,0.541819665442676,0.473390145221272
"Com_32909_pos",0.782924633612935,-0.353054658311088,0.220675788816411,0.561811505507956,1.29058031366736
"Com_32925_pos",1.14371669268372,0.193729729845025,0.94666996561415,0.498572011423909,0.0875509750570226
"Com_32975_neg",1.27322226359389,0.34848428930582,0.0582795873850905,0.580987352101183,1.79326619672908
"Com_329_pos",0.0058070569149394,-7.4279771107044,0.0775723913664376,0.434108527131783,1.84783057431491
"Com_32_neg",1.07288213543554,0.101491593370705,0.857409115714432,0.535699714402285,0.86780205394381
"Com_33000_neg",1.47647029800595,0.562152334222947,0.0569956756767802,0.590371277029784,1.47379878969743
"Com_33037_pos",1.27058539306297,0.345493338798209,0.261734199807612,0.5687474500204,1.12092282078576
"Com_33047_neg",0.934089126593833,-0.0983678828963686,0.427627844582653,0.464300285597715,1.02583492168528
"Com_33083_pos",0.977238701065209,-0.03321709586543,0.613354707343796,0.533659730722154,0.388690919828325
"Com_3309_neg",1.12241903597293,0.166611382059455,0.553298079867198,0.532843737250102,0.790332217197454
"Com_33101_pos",1.6972200655289,0.763173640227213,0.103008693519878,0.59077927376581,1.24726721609616
"Com_33169_pos",1.26852747219777,0.343154763843563,0.32912224412997,0.531619747042024,0.899564389792294
"Com_33185_pos",0.677213093519821,-0.562318227717749,0.888030734052217,0.490820073439412,0.71488640795754
"Com_33200_pos",0.760983393938126,-0.394063123082997,0.505738288020674,0.532843737250102,0.633799460731606
"Com_33279_pos",1.29264593099687,0.370327160262546,0.028567669293548,0.636474908200734,1.6979698682264
"Com_332_pos",0.983680485270029,-0.023738313034415,0.224133169653123,0.547123623011016,0.936294041565982
"Com_3330_pos",0.614520736728897,-0.702466400365627,0.0811756404766284,0.604651162790698,1.67611091229384
"Com_33488_pos",0.72535969240186,-0.463231516642352,0.54161453732462,0.532843737250102,0.689944448313152
"Com_3349_neg",1.32473387151534,0.405702562839651,0.262959573825087,0.56344349245206,1.01987046184989
"Com_33521_pos",1.45421073332781,0.540236348966917,0.400868748341823,0.538555691554467,0.673807606082005
"Com_33552_neg",1.18619783343243,0.246344641848526,0.752663090412387,0.5046919624643,0.420666034322753
"Com_3355_pos",1.22938945068932,0.297942010564033,0.283076911001966,0.57078743370053,1.31037450786854
"Com_33607_pos",0.847879662857321,-0.238068573163,0.725258565726883,0.554875560995512,0.610225783164295
"Com_33655_pos",4.41903992690657,2.14373296619107,0.21964374312159,0.442676458588331,1.03996764687745
"Com_33684_pos",0.722703249347976,-0.468524714070281,0.876061558699233,0.534883720930233,0.702397937689641
"Com_33688_neg",1.32325217693542,0.404088027410424,0.148128895740577,0.569563443492452,1.14775525136924
"Com_3369_neg",0.899992480310771,-0.152015147515807,0.40897515338971,0.547531619747042,0.707132726784446
"Com_336_neg",4.58639094121629,2.19735933462116,0.775547024665804,0.541819665442676,0.533932675266119
"Com_33708_neg",1.1993704639426,0.262277350112252,0.171701127444295,0.584659322725418,1.17261077033978
"Com_3370_neg",0.718605289967167,-0.47672853920035,0.869558242669852,0.502243982048144,0.207708041131054
"Com_33725_pos",1.23625296252515,0.305973978226223,0.759444425050057,0.55609955120359,0.793811420699625
"Com_33745_pos",1.4843286635577,0.569810572272722,0.757770967234163,0.560587515299878,0.25518838225398
"Com_33779_neg",1.10995640742343,0.150503017089785,0.486047368140667,0.548347613219094,0.607441511947607
"Com_33788_neg",1.22900651868841,0.297492567829778,0.141896789155139,0.601387188902489,1.05538270043877
"Com_33798_pos",0.716891970693091,-0.480172361019627,0.496927201282603,0.534475724194206,0.532978812477846
"Com_3379_pos",1.06692005495733,0.0934520780952247,0.52911475042711,0.49734802121583,0.560430056188239
"Com_337_pos",5.37663995686765,2.42670486573038,0.415723084674718,0.543043655650755,0.732963354380228
"Com_33891_pos",0.486324117152586,-1.04000995728217,0.877611399546097,0.578539371685027,0.587126354580129
"Com_33938_pos",1.64770652366801,0.720459304079035,0.0198279924183819,0.617707058343533,1.87485238834865
"Com_33947_neg",1.00637508953538,0.0091681172259517,0.924654390604923,0.514891880864953,0.544788776340443
"Com_3398_neg",1.07800033760668,0.10835762991176,0.445610615192144,0.570379436964504,1.17361600671768
"Com_339_pos",0.357595112654442,-1.48360107592034,0.055425758108434,0.599347205222358,1.5582759134853
"Com_3404_neg",1.1093298205416,0.149688364342671,0.907018259397624,0.51937984496124,1.5401744226178
"Com_34119_pos",1.27445799357233,0.34988382258443,0.792128560465804,0.540187678498572,0.624310810897735
"Com_34200_pos",1.28057978366122,0.356797139625486,0.674308312692111,0.522235822113423,0.499845545194402
"Com_34201_pos",0.847404768148899,-0.238876848454361,0.452396218748794,0.543451652386781,0.605713721018295
"Com_34218_pos",0.657101443638018,-0.605811983189145,0.713288042892109,0.537331701346389,0.776646790123092
"Com_34287_pos",0.80179192017007,-0.31870021567419,0.551558914213223,0.462260301917585,0.490165906280415
"Com_34337_pos",0.968318173449469,-0.0464469235909833,0.763301702514324,0.535699714402285,0.394808599948607
"Com_3435_pos",0.952395881576479,-0.0703667128784817,0.887407551224727,0.534883720930233,0.265832152577779
"Com_34406_neg",1.11441255974714,0.156283422727687,0.504190166912136,0.543451652386781,0.717645996711283
"Com_34489_pos",0.919474776235363,-0.121118096867107,0.965527898207304,0.497756017951856,1.5051332364476
"Com_344_pos",1.02896535808321,0.0411944121999631,0.45918788529391,0.498980008159935,0.667343885712964
"Com_3452_neg",0.972675293763326,-0.0399698214944424,0.691111071986011,0.518971848225214,0.730676350151611
"Com_34531_pos",1.10277964318479,0.141144541206283,0.573642003186085,0.534883720930233,0.684740194935348
"Com_3456_pos",0.950373867637405,-0.073432927886151,0.860500803919655,0.530803753569971,1.51408206318654
"Com_34581_pos",0.839234623555588,-0.252853895759677,0.74267392878606,0.487556099551204,0.985062441616795
"Com_34594_pos",1.28415777857553,0.360822470672209,0.0254474139461626,0.637698898408813,1.7532381537311
"Com_345_pos",0.798088538022185,-0.325379290444681,0.369567128694506,0.574867401060791,1.3684251548004
"Com_34606_pos",1.03946458290722,0.0558406028960517,0.126937199631718,0.613627090983272,1.18887685183732
"Com_3462_neg",0.870248021274449,-0.200501466261053,0.897805486554408,0.507139942880457,0.24977428531786
"Com_34650_pos",0.575131195862519,-0.798037001386303,0.785057701684055,0.522643818849449,0.851388199021128
"Com_34692_pos",0.970767688706558,-0.0428020046498438,0.725860366984167,0.529171766625867,0.494756092337965
"Com_3469_pos",0.983397422979719,-0.0241535203463359,0.877080588431969,0.525907792737658,0.163419015985916
"Com_34727_pos",0.910709941343437,-0.134936462175614,0.583066946494181,0.555691554467564,0.710811597374347
"Com_34736_neg",1.32177874981163,0.402480706903897,0.004501911438259,0.663810689514484,1.72501711540844
"Com_3474_neg",0.902035726539453,-0.148743520075694,0.0683703546480641,0.574459404324765,1.4763013091078
"Com_34752_pos",0.566851394797008,-0.818957525662271,0.227951682412421,0.465116279069767,1.0680969273455
"Com_34783_pos",1.05888679665058,0.0825483620965425,0.316698561850501,0.560995512035904,0.815776135518588
"Com_34808_pos",1.12499790682097,0.169922317156254,0.431719109302753,0.536923704610363,0.896066057246958
"Com_34813_neg",0.893107395108227,-0.163094426736718,0.639410410462191,0.529579763361893,0.48062570506978
"Com_34873_pos",1.05342564206103,0.0750884825312588,0.293589359990785,0.595267237862097,0.436030583623016
"Com_34904_pos",1.28863119577025,0.365839425712638,0.0227975688563812,0.62953896368829,1.76834729198523
"Com_34907_pos",0.912016345513587,-0.13286841372095,0.225024579616979,0.605875152998776,1.09413678789998
"Com_34937_pos",3.06594507582895,1.61633185239821,0.398058255862053,0.57609139126887,0.948619605481503
"Com_34_neg",0.87498831616977,-0.192664342304079,0.303341620622813,0.565891472868217,0.908326936103667
"Com_35018_pos",1.01780964917445,0.0254677737220509,0.282196535772617,0.572827417380661,0.994638046164178
"Com_35022_pos",1.20623051540489,0.270505638293029,0.445819733932228,0.54671562627499,0.774057760659768
"Com_35056_pos",1.07657252230782,0.106445508589863,0.642941634283614,0.541819665442676,0.46497428564274
"Com_35066_pos",1.01702906794986,0.0243609137950314,0.570230987471828,0.548347613219094,1.04834712496241
"Com_3507_pos",5.04513061149981,2.33489161920753,0.325915049654096,0.571195430436557,1.24380469748225
"Com_35088_neg",5.88662181912164,2.55743994594467,0.121995204600709,0.591187270501836,1.1793945687
"Com_35129_pos",0.727900077547212,-0.458187676772833,0.222627421747242,0.473684210526316,1.14112084957258
"Com_35165_neg",1.67396821806127,0.743272137159068,0.0256071897176113,0.605875152998776,1.80750000677349
"Com_35171_pos",1.0129045367508,0.0184982108161882,0.466964958665722,0.539779681762546,1.0098123118236
"Com_3518_pos",1.07922906218207,0.110001103752241,0.960742877044182,0.508363933088535,0.722210169593649
"Com_35265_pos",1.00637023552296,0.0091611587105751,0.654998221884556,0.46593227254182,0.455481650632087
"Com_3529_pos",0.920611327814847,-0.119335900335819,0.178703865135884,0.477764177886577,0.96862348805476
"Com_352_neg",0.741396372500673,-0.431683038521894,0.135098743428029,0.599347205222358,1.21697759049427
"Com_35339_neg",1.57449710451759,0.65489110437586,0.0893427041371152,0.578131374949,1.52937211504452
"Com_3537_pos",0.97878724485092,-0.0309327939504697,0.616233207546196,0.516115871073031,0.724231097348289
"Com_35380_neg",1.56360097607668,0.644872390341367,0.51711208804273,0.498980008159935,0.86062745137494
"Com_35398_pos",0.619348641448242,-0.691176340224706,0.746732512768265,0.488780089759282,0.298925034803534
"Com_353_pos",67.2383921551787,6.07121332128351,0.122675966718089,0.58343533251734,1.27578152094178
"Com_35405_pos",0.992769214138801,-0.0104697168263496,0.478391992934246,0.537331701346389,0.806885908011176
"Com_35438_pos",0.947122179689174,-0.0783775481147101,0.467145798850728,0.559771521827825,0.923468897833097
"Com_35448_neg",0.954921935422574,-0.0665452967987243,0.795553649492826,0.515707874337005,0.324435449750596
"Com_35451_pos",0.671989197141699,-0.573490054376439,0.894581003613001,0.5046919624643,0.181016493816299
"Com_35457_pos",1.08006387100865,0.111116630595024,0.623384700825566,0.478580171358629,1.09634497578792
"Com_35474_pos",1.42697393067935,0.512958978525542,0.976617062985638,0.503467972256222,0.874561214316669
"Com_3547_neg",1.10749064720925,0.147294515230128,0.785719102463485,0.51733986128111,0.217929439957373
"Com_35489_pos",0.585782739975052,-0.77156240989686,0.646807632252523,0.506323949408405,0.798592816428001
"Com_35580_neg",0.898369107162464,-0.154619777244368,0.493813630913521,0.488372093023256,0.756129361613134
"Com_35623_neg",1.05541972176691,0.0778168473602516,0.229902882659412,0.572827417380661,0.97545078222968
"Com_35625_pos",1.56213939357491,0.643523194482807,0.0054985097295314,0.660954712362301,2.35289836196221
"Com_35706_pos",0.837175819376741,-0.256397452869782,0.900592878355943,0.481844145246838,0.841930268379917
"Com_3570_pos",4.04892374511882,2.01753847245994,0.309296255895482,0.499388004895961,0.678987506681038
"Com_35714_pos",0.861770729943277,-0.214623996767224,0.712494245252281,0.540187678498572,0.620391651806627
"Com_35767_neg",0.606278164876232,-0.721948230212095,0.216179364549762,0.5046919624643,1.14638440103626
"Com_3576_pos",0.793451627424114,-0.333785822680808,0.0866978252855729,0.599755201958384,1.61273754677785
"Com_35877_pos",0.910560416454006,-0.135173350472876,0.877232885820336,0.496124031007752,0.627988232550626
"Com_3587_pos",0.815634355398043,-0.294005550383126,0.54412991952262,0.539779681762546,0.684896894022716
"Com_3589_pos",1.22017821382933,0.287091876829829,0.669717231178017,0.501019991840065,0.568181514870685
"Com_35941_pos",0.756740944101811,-0.402128589423383,0.142523156919454,0.578539371685026,1.54189517970267
"Com_35994_neg",2.73982624248845,1.45408440156208,0.198720339590106,0.567931456548348,0.973947012765117
"Com_36010_pos",0.37120088919789,-1.42972792849556,0.402961935537665,0.48796409628723,0.877018625202991
"Com_36059_neg",0.942495905692858,-0.0854417437203199,0.808466893718076,0.469196246430029,0.558142965649368
"Com_36076_pos",1.1217754562959,0.165783923265558,0.457486020327266,0.536107711138311,0.632935254123485
"Com_36140_pos",0.999716267186197,-0.000409398005982,0.631843804094982,0.499796001631987,0.390858732400814
"Com_36163_pos",1.00312041925796,0.0044948041936559,0.473302678910731,0.458180334557324,0.614248222708196
"Com_3618_pos",1.16895877030674,0.225224046274216,0.563691095010025,0.539779681762546,0.556624743679908
"Com_36218_pos",0.751462124191893,-0.412227704807717,0.540762844863553,0.571195430436557,0.744725237880513
"Com_36288_pos",0.798444352785661,-0.324736231718868,0.124162121141625,0.585067319461444,1.26549684416377
"Com_36295_neg",1.1677979130064,0.223790637977912,0.643953081657123,0.536923704610363,0.569030392431594
"Com_3633_pos",1.67891792261517,0.747531702859553,0.452034771230706,0.534883720930233,1.1358082655833
"Com_3640_pos",1.09277755838971,0.127999761423366,0.363120348700039,0.545491636066911,0.994699703968524
"Com_36417_neg",1.02033690636212,0.0290455962004805,0.310305778278258,0.571603427172583,0.883094284951743
"Com_36441_pos",1.87753503669527,0.908839830133625,0.684087702442017,0.545491636066911,0.632523999436277
"Com_36471_pos",1.12959495846809,0.175805554797053,0.44622000320332,0.521011831905345,0.982858086761574
"Com_36503_pos",0.987941578691792,-0.0175023634252125,0.680556539544471,0.52468380252958,0.678351994779195
"Com_36592_pos",1.03538298612689,0.0501645165005498,0.784475724012404,0.494492044063647,0.22680747297502
"Com_36595_neg",1.2734350196307,0.348725344183491,0.129809868575016,0.587923296613627,1.379722073046
"Com_36620_pos",1.52915194912968,0.612731771881144,0.195581566835309,0.585883312933496,1.42124460125243
"Com_3663_pos",1.114319638112,0.156163123319428,0.550674360141372,0.552019583843329,1.38279836662084
"Com_366_pos",1.36809035208119,0.452163512530124,0.0110395784927566,0.645858833129335,1.49660270133778
"Com_36744_pos",1.11445826586802,0.156342591696282,0.893417839651683,0.516115871073031,0.400335628393755
"Com_36768_pos",1.11264190811625,0.153989351431141,0.567409755704829,0.538963688290494,0.71496328116343
"Com_367_pos",1.12308584554302,0.167468207529915,0.407013351695888,0.563851489188086,1.47397562796424
"Com_36812_pos",1.7532589862718,0.810039122516307,0.0048725236737469,0.663402692778458,2.05103563442768
"Com_36843_neg",1.1298074609549,0.176076933000569,0.781852383594386,0.496124031007752,0.464376481546266
"Com_36894_neg",0.550137316050143,-0.862136329961571,0.5102296612496,0.569971440228478,0.741830306045928
"Com_36918_pos",1.25419945047794,0.326766792585431,0.176499868845308,0.450428396572827,1.19570704858594
"Com_36922_pos",1.06410557896292,0.0896412999834471,0.599255897841354,0.524275805793554,0.40169376473979
"Com_36931_neg",0.959762435824696,-0.0592507464195818,0.874135893191205,0.527131782945736,0.420648474658918
"Com_3693_pos",0.832615378165594,-0.264277890002368,0.909783876437544,0.503467972256222,0.659197782546119
"Com_3694_pos",0.907637657428052,-0.139811627946677,0.208223304443076,0.470012239902081,0.87517498871892
"Com_3696_pos",0.749677799566041,-0.415657415070798,0.639594605489022,0.447980416156671,0.619691388898505
"Com_36986_pos",1.36553067854137,0.449461726613132,0.309747934101464,0.458180334557323,0.827079013345804
"Com_3698_pos",0.728973651056031,-0.456061425983699,0.61823298879757,0.533251733986128,0.505446351630377
"Com_36_pos",0.626172849862394,-0.675367138659328,0.585621835802091,0.48796409628723,1.09435032706806
"Com_37017_pos",1.16101771503029,0.215389985288206,0.337494691075317,0.551611587107303,1.49148880215888
"Com_37072_pos",1.35216985298924,0.435276387325619,0.436899529890128,0.545491636066911,1.42088000290377
"Com_3719_neg",1.2431532896309,0.314004201905333,0.795631001372269,0.51203590371277,0.2724713850501
"Com_3730_neg",0.931441310730863,-0.102463225758017,0.396070730090917,0.529171766625867,1.11743248872176
"Com_3737_neg",1.00428786815001,0.0061728613457601,0.835717758118366,0.5046919624643,0.527128317877612
"Com_37418_pos",1.0629406497767,0.0880610449750954,0.388554401594996,0.565075479396165,0.900697639382323
"Com_37420_neg",0.794286280302064,-0.332269011029535,0.251808651305063,0.554467564259486,1.32419997729191
"Com_3744_neg",0.76359300118822,-0.389124215295486,0.373660642259894,0.57078743370053,1.01878879715666
"Com_37503_pos",1.77423448589646,0.827196691309999,0.103799510619813,0.657690738474092,1.02655979729565
"Com_37569_pos",1.80811513002008,0.854486542919508,0.171799626514287,0.568339453284374,0.779776581380269
"Com_37589_pos",1.16453481494104,0.219753771014628,0.36215125804736,0.574459404324765,0.936513464610565
"Com_37651_pos",1.0731794647135,0.101891354009019,0.943826561824592,0.543859649122807,0.271494733348483
"Com_37664_pos",0.91866052118673,-0.122396263712787,0.303469636736065,0.631578947368421,0.77576038870532
"Com_37685_neg",1.22677357890569,0.294869000644695,0.0697145371184877,0.582619339045288,1.39063315666258
"Com_37716_pos",0.490187963245062,-1.02859303618212,0.960828893407176,0.564667482660139,0.659804006136739
"Com_3773_pos",0.806301665399755,-0.310608392917884,0.373998119625116,0.530803753569971,1.13772071028258
"Com_37755_neg",1.55923420354537,0.640837643184108,0.0494573349150416,0.625458996328029,1.15322428052343
"Com_37771_neg",1.05956643001287,0.0834740409859288,0.809049153526283,0.496124031007752,0.982747728093528
"Com_37807_pos",0.752567334070495,-0.410107425727761,0.473831541070725,0.531211750305998,1.15989365965932
"Com_3783_pos",2.5300538125438,1.3391680703996,0.0393213997094568,0.594451244390045,1.54973778660651
"Com_37849_pos",1.01040175347874,0.0149290479325677,0.749699563151463,0.481028151774786,0.525121542843997
"Com_37850_neg",1.11258752509408,0.153918834552982,0.242831695968644,0.578947368421053,1.0266714652229
"Com_37943_pos",0.878501569046899,-0.186883231927292,0.625201785526842,0.544267645858833,0.845784121015036
"Com_37952_pos",0.906354790060601,-0.141852195094851,0.426810342057969,0.544675642594859,0.73552108311813
"Com_37979_neg",1.01284383705291,0.0184117527404587,0.778900882340895,0.518155854753162,0.971368516500847
"Com_379_pos",0.951174471938592,-0.0722180990025027,0.551135353835102,0.50999592003264,1.17218164155411
"Com_3803_pos",1.38800278803913,0.473010465816885,0.343928434463286,0.563035495716034,1.5684773869267
"Com_38174_pos",0.96477992164109,-0.0517282117478792,0.696309496003147,0.516115871073031,0.604570635326794
"Com_3821_neg",0.920392089525364,-0.11967951077296,0.86453460096509,0.511627906976744,0.684289310795734
"Com_38264_pos",1.33791014301172,0.419981224660532,0.996683095363196,0.49734802121583,0.870805368758982
"Com_38410_neg",1.57872945497557,0.658763959414112,0.0264349741214098,0.567931456548348,1.22209327259224
"Com_3841_neg",0.677478971436781,-0.561751928162111,0.669123626623913,0.500203998368013,1.00512407557515
"Com_3844_pos",0.391303620513977,-1.35363963613499,0.0167816675680542,0.618931048551612,1.93462281198303
"Com_38459_neg",1.00390076249496,0.0056166631806719,0.843684680407612,0.521419828641371,0.671094613118828
"Com_38534_pos",0.642722615516518,-0.637731857428823,0.189262411698235,0.615667074663403,1.33629311072888
"Com_38550_pos",0.893306682870207,-0.162772540035695,0.247604282315802,0.566707466340269,0.933738334881546
"Com_38565_pos",1.27274486311944,0.347943242803017,0.225078188120068,0.43859649122807,0.910624897431059
"Com_38576_neg",0.753457306756021,-0.408402328354735,0.0956030544621014,0.584659322725418,1.47962393196683
"Com_3857_pos",6.7450860036736,2.75383683847115,0.0092659759557083,0.63484292125663,1.80091906943064
"Com_38678_neg",1.07945197726035,0.110299062064044,0.724403932413838,0.520195838433293,0.304870025640761
"Com_38683_pos",1.48589667709687,0.571333800518196,0.179548697712562,0.583843329253366,1.33885887795094
"Com_38694_pos",0.960904384865662,-0.0575352126323256,0.679776612591566,0.481028151774786,1.10584894177749
"Com_38720_neg",1.11649484209939,0.158976586319527,0.918095786513277,0.523051815585475,0.66510730543136
"Com_38851_pos",1.0311085415242,0.0441962086288307,0.56764473605614,0.572827417380661,0.522062960314868
"Com_38895_pos",1.45173645178479,0.537779570266467,0.0059207285334701,0.661362709098327,2.32233962728898
"Com_3891_neg",0.89718832982672,-0.15651724019057,0.19658955647814,0.580171358629131,1.04636040214353
"Com_39001_neg",0.89258730831099,-0.163934801816495,0.371260745993517,0.470828233374133,0.768538827976676
"Com_39131_pos",1.06791120517586,0.0947916946115211,0.429970031420184,0.468380252957976,0.700726017762955
"Com_391_pos",0.938962133482434,-0.0908611169216788,0.766792657642366,0.506323949408405,0.923352608472543
"Com_39212_pos",1.31476287649717,0.394802626324325,0.0746475550547114,0.604243166054672,1.6239620006733
"Com_39284_pos",0.952039462830284,-0.0709067192012263,0.341406762107172,0.578131374949,1.07359568980469
"Com_39368_pos",1.042294011897,0.0597622926595549,0.656967494978136,0.527131782945736,0.764731016043415
"Com_39397_neg",0.991112727586758,-0.0128789383017235,0.635944169583932,0.55609955120359,0.492529884228948
"Com_393_pos",2.15143699992529,1.10530059477095,0.478060220935255,0.471236230110159,0.700894858443036
"Com_39448_pos",0.836419052761519,-0.257702169483675,0.671779707535256,0.538147694818441,0.568400731151169
"Com_39456_neg",1.14405469595441,0.194156027374926,0.359640407220947,0.55609955120359,0.784386427528244
"Com_39488_pos",1.25645706811967,0.329361376615298,0.605530687352617,0.533659730722154,1.47303344399104
"Com_394_pos",0.0295842250773945,-5.0790280838246,0.597860865639904,0.527947776417789,0.987814093001977
"Com_39570_neg",0.923053947414489,-0.115513126980614,0.171257237371086,0.587107303141575,1.07745389327842
"Com_39594_pos",0.852157095036931,-0.230808679296697,0.664139834050893,0.584251325989392,0.389663240727728
"Com_39673_neg",0.621305024217724,-0.686626374126714,0.397197312451897,0.53202774377805,0.723838850236054
"Com_39684_neg",0.926633474008083,-0.109929295191359,0.726405967510124,0.530803753569971,0.614724917833301
"Com_3970_pos",0.814388488909638,-0.296210925308659,0.127593994279349,0.584659322725418,1.42435653807525
"Com_39753_pos",0.708856159766155,-0.496435187655623,0.687592222748799,0.594043247654019,0.324288274326851
"Com_3979_neg",1.03067782201872,0.0435934333708336,0.753680755966331,0.513667890656875,0.232837888575254
"Com_397_pos",1.09687632207479,0.133400864311415,0.362673940935976,0.55609955120359,0.690613312470323
"Com_3989_neg",1.64935573095897,0.721902590977949,0.804388461440525,0.49000407996736,0.339134139633878
"Com_39919_pos",1.06789767078862,0.0947734102101663,0.956841206229341,0.517747858017136,0.0518427542861102
"Com_3996_pos",0.465329650071189,-1.1036749786114,0.664917212462202,0.501835985312117,0.751673710908761
"Com_39993_neg",1.07753609181624,0.107736192852442,0.521701479412456,0.532843737250102,0.463871288997488
"Com_3_pos",0.516421490717703,-0.953379055693219,0.375007080024705,0.661362709098327,0.751609168966573
"Com_40010_pos",0.287872337165045,-1.79649893381601,0.578608902172229,0.559363525091799,0.992433799092126
"Com_40034_pos",1.25345904920235,0.325914863760404,0.0237813518791578,0.643002855977152,1.86585299235217
"Com_4006_pos",3.97001388025799,1.98914405143482,0.0059438772557181,0.628314973480212,2.27403263703542
"Com_40090_pos",0.498525337532935,-1.0042612634752,0.147565470597921,0.540595675234598,1.72211001149106
"Com_40109_pos",1.00625318551588,0.008993350403094,0.841271004195246,0.483884128926969,0.16939741661006
"Com_40121_neg",1.11955723765054,0.162928288229527,0.790041843070197,0.519787841697266,0.163273026783074
"Com_40139_neg",1.6477271715557,0.72047738279518,0.13183276675052,0.553651570787434,1.27802049632413
"Com_40360_pos",1.8530358827658,0.889890818433201,0.177884936291507,0.566299469604243,1.27465478810344
"Com_4047_pos",0.870280666760053,-0.200447347669941,0.167280485989478,0.583843329253366,1.06234576436772
"Com_40579_neg",0.777959221018057,-0.362233560725908,0.802978044272763,0.564259485924113,0.649577682426437
"Com_4061_pos",0.375391407498377,-1.41353246683193,0.99796896900585,0.507955936352509,0.997425017057634
"Com_4062_neg",5.30880423477266,2.40838694222827,0.253319760379418,0.589963280293758,1.0649760336407
"Com_4064_pos",1.04037883896506,0.0571089606501342,0.570221505143428,0.481028151774786,0.731895095454897
"Com_4066_pos",1.01716862210167,0.0245588631723731,0.941062723678338,0.503875968992248,0.469803581963471
"Com_406_pos",1.06771277988597,0.0945236069851063,0.379541924717048,0.569155446756426,0.788909750675627
"Com_40723_neg",1.15198688131844,0.204124287644293,0.39774452451406,0.464708282333741,0.700821950267185
"Com_40759_neg",1.56000723691103,0.641552721799983,0.0247312678417031,0.599347205222358,1.32519998543907
"Com_40794_neg",0.925844759958137,-0.111157783490361,0.659059097355568,0.496124031007752,0.370398162504884
"Com_4084_pos",1.26213431326819,0.335865446592369,0.149029969149393,0.594859241126071,1.25333227539808
"Com_4087_neg",0.994526489703437,-0.0079182964227923,0.935250654927104,0.510811913504692,0.916486793384815
"Com_4094_neg",1.15981750175055,0.213897813945293,0.320088638082023,0.550387596899225,1.08627684099461
"Com_40953_pos",1.00374315271627,0.0053901460728758,0.847216857384469,0.522643818849449,0.432288737693482
"Com_40958_pos",0.636936126854684,-0.650779391307356,0.0279333844954522,0.621787025703794,1.69661182032286
"Com_40965_neg",0.540204390697585,-0.888422728991076,0.16759914947072,0.533251733986128,1.10552784809409
"Com_4109_pos",0.0981321542807744,-3.34913025801283,0.832560731046704,0.53202774377805,1.01922312901543
"Com_410_pos",0.559561945144801,-0.837630244281972,0.951112782235006,0.514483884128927,0.65069981804768
"Com_4123_pos",1.09215682608081,0.127180032049132,0.350954916501084,0.552427580579355,1.52315249080643
"Com_41263_pos",1.68041498899332,0.748817559569469,0.391556279145484,0.559363525091799,0.706041056226993
"Com_41276_pos",1.59781198577511,0.676097656608793,0.488458142320484,0.578947368421053,0.59918314012014
"Com_41288_pos",1.98375851316861,0.988236414304204,0.387728193035306,0.483884128926969,0.673678531459903
"Com_4131_neg",1.04601617271909,0.0649051576281187,0.952545135188739,0.51733986128111,1.19272456253939
"Com_41415_neg",1.29178857620107,0.36936996707068,0.409890003057261,0.548347613219094,0.70552083655259
"Com_41444_pos",1.25681520303696,0.329772537378555,0.124278004334861,0.593227254181967,1.39653147881116
"Com_41453_pos",0.598249548664831,-0.7411806915302,0.913650364409125,0.552019583843329,0.660472892126026
"Com_41587_neg",1.51691374903007,0.6011390569863,0.271936365924705,0.563851489188086,1.03747854423619
"Com_415_pos",0.76845713960144,-0.379963298483115,0.507965287776585,0.526315789473684,1.21202896377866
"Com_4160_pos",1.22239519090357,0.289710772706507,0.800643628755686,0.498980008159935,1.15169833108919
"Com_41626_neg",0.721887059284619,-0.470154952726996,0.720662956377718,0.505507955936352,0.85892115369394
"Com_41629_pos",1.08728945930738,0.120736067242144,0.271723100969903,0.574051407588739,0.903271156714751
"Com_4162_pos",2.91206764490569,1.54204386852991,0.0492373870722811,0.604651162790698,1.38047911212524
"Com_41832_pos",1.04610883766671,0.06503295807964,0.723457333230921,0.527539779681763,0.437478047478711
"Com_4184_pos",0.975344896330224,-0.0360156275748445,0.17035311662824,0.565483476132191,1.29809414558379
"Com_41873_pos",1.01709877043924,0.0244597860821196,0.878428391992004,0.500203998368013,0.581709665042447
"Com_418_pos",0.624074929281961,-0.680208838854731,0.020993219625816,0.625458996328029,1.77558985653662
"Com_4194_pos",0.28528852504943,-1.80950637526256,0.0628545079064789,0.596899224806202,2.1502228436603
"Com_42111_neg",0.637214345813377,-0.650149347796833,0.628007609765661,0.523867809057528,0.437774020175629
"Com_42153_pos",1.22450418151933,0.292197700522471,0.224504165400702,0.57078743370053,0.98736899191594
"Com_4224_pos",1.27954718926144,0.355633354456741,0.876975419395606,0.51733986128111,0.183662872018825
"Com_42358_pos",0.986496593461937,-0.0196140257976825,0.661039976627134,0.553243574051408,0.664451988751046
"Com_4235_pos",0.91448951612071,-0.128961464145037,0.389264537503199,0.552019583843329,0.798032540978419
"Com_423_pos",1.02571031973932,0.0366233437282798,0.350756461504393,0.581395348837209,1.68877034524825
"Com_42425_pos",1.34025270020984,0.42250504170412,0.16790639868807,0.59281925744594,1.35027582058738
"Com_4242_neg",0.974138759327054,-0.0378008060143586,0.696164014581169,0.499388004895961,0.546800253340976
"Com_4243_neg",1.15581210597227,0.208906885888494,0.603899516408173,0.547531619747042,0.564013741696971
"Com_4248_neg",1.14209229895734,0.191679247782377,0.77930401199985,0.536107711138311,0.232625521842435
"Com_4249_pos",1.14168894902031,0.19116964471907,0.997703842500026,0.503059975520196,0.372177329372438
"Com_424_pos",0.92535843095938,-0.111915803414193,0.564269347969031,0.566299469604243,0.456093600930985
"Com_42501_pos",1.2102911226474,0.275354114179403,0.297020944963671,0.554875560995512,0.816640309399116
"Com_42505_pos",0.380568641789857,-1.3937714040008,0.716217834440837,0.523459812321501,0.559205319814658
"Com_42577_pos",1.0102119086299,0.0146579538309077,0.533720827041134,0.552019583843329,0.694609983916095
"Com_42633_pos",1.05210034638068,0.0732723113999084,0.502260035539518,0.550795593635251,0.718257670370566
"Com_4264_pos",0.61866385855829,-0.692772338617563,0.0315884831754891,0.640962872297022,1.79923568528402
"Com_42792_neg",0.61532251219776,-0.700585318922574,0.982768080502622,0.544267645858833,0.708755334204848
"Com_4282_pos",1.01422572170346,0.0203787680632981,0.524457670714904,0.54671562627499,1.42532824517827
"Com_42877_pos",1.31037581888419,0.389980639458969,0.347974956251882,0.543451652386781,0.781867145392039
"Com_42895_neg",2.5229672520751,1.33512148036278,0.367380928142894,0.520603835169319,0.935622449299834
"Com_428_pos",0.89731396584298,-0.156315229350742,0.417384319461792,0.538147694818441,1.48801136801211
"Com_4290_neg",0.966459045124729,-0.0492194971092513,0.505375328107688,0.533251733986128,0.479745322487298
"Com_42930_neg",0.462813173072755,-1.11149816636186,0.529887923616517,0.531211750305998,1.12075600312383
"Com_4293_pos",2.06476831819921,1.04597991000464,0.246117212251459,0.540187678498572,0.900913166470945
"Com_42971_pos",1.00974695296177,0.0139937925341151,0.624766367011101,0.553243574051408,0.472338566311693
"Com_4300_pos",1.03318005770582,0.0470917021432904,0.892136700499087,0.51733986128111,1.44414918274671
"Com_43048_pos",2.56449406579642,1.35867423294284,0.461356801274416,0.517747858017136,0.596076871486999
"Com_4307_pos",1.11649305894266,0.158974282185796,0.934699581316786,0.500611995104039,0.19614889905678
"Com_4314_neg",0.75028879663665,-0.414482078906979,0.461420453006498,0.50999592003264,0.680363112763682
"Com_43151_pos",0.778865221920427,-0.360554394956927,0.34674504340607,0.475724194206446,0.960722806411909
"Com_43156_pos",1.1210374625654,0.164834490591373,0.262198376107909,0.57609139126887,1.45187065434502
"Com_43164_pos",1.03973788066768,0.0562198688240985,0.716621123275103,0.4953080375357,0.874477256578227
"Com_4317_neg",1.07031391490755,0.0980339901406787,0.757469113852638,0.513667890656875,0.377943313431932
"Com_431_pos",11.1082466037322,3.47355920542759,0.802394767502119,0.462260301917585,0.503458174273642
"Com_4323_neg",1.92400358845922,0.94411148988108,0.261725402038537,0.542635658914729,0.934082327104783
"Com_4327_pos",1.37151994537411,0.455775602779034,0.819995872276319,0.5046919624643,0.513392850315914
"Com_43281_pos",1.00326648021286,0.0047048548232025,0.503621026660077,0.603019175846593,0.641808892088829
"Com_43289_neg",0.744491622631427,-0.425672479869234,0.558964385308814,0.514075887392901,0.499092580509287
"Com_43307_pos",1.11609494542899,0.158459761462003,0.970654521081655,0.4953080375357,0.104748661283714
"Com_43312_pos",0.873564930329742,-0.195013155130203,0.835178518782996,0.51937984496124,0.811305647916112
"Com_4339_pos",1.85953697538497,0.894943435056206,0.656472263795363,0.507955936352509,0.846000705787636
"Com_4343_pos",0.802959695746928,-0.316600520850048,0.556866941852576,0.479804161566707,0.46066405371658
"Com_4349_pos",4.97732119068454,2.31536948833225,0.0039429629822864,0.651162790697674,2.33561615270411
"Com_4357_pos",2.39586791120937,1.26054837177604,0.882430342264571,0.510403916768666,0.318051026279459
"Com_43721_neg",1.15525748021154,0.20821443088437,0.0840629034894673,0.605875152998776,1.30605649168547
"Com_437_neg",0.474101382608755,-1.07673249452526,0.500249512073143,0.515707874337005,1.62619713604997
"Com_438_pos",3.03391708360478,1.60118165753392,0.714285471646887,0.508363933088535,0.469849071386286
"Com_43936_pos",0.950186313221739,-0.0737176690156155,0.724401306493247,0.554875560995512,0.395983892531804
"Com_43979_pos",1.64227711169714,0.715697582621199,0.0367210129782625,0.643410852713178,1.71451353133954
"Com_4399_pos",0.924708469011587,-0.112929493154213,0.501405604903563,0.521827825377397,0.993682969067883
"Com_44021_pos",1.33425612002972,0.416035628763949,0.490768357788171,0.552835577315381,0.570354347193974
"Com_4411_neg",1.03251604110278,0.0461641954361595,0.738595266516226,0.511627906976744,0.253378661914026
"Com_4411_pos",1.30799729724167,0.387359559750317,0.872913664305695,0.499388004895961,0.383501865305981
"Com_44150_pos",0.866670653771073,-0.206444240356823,0.442939423380041,0.529171766625867,1.19435757237589
"Com_44171_pos",1.33839483600593,0.420503784079004,0.757634199030568,0.516931864545084,0.355524970077094
"Com_44218_pos",1.44752001251482,0.533583294160144,0.0303447875237883,0.629130966952264,1.60399765122506
"Com_44225_neg",1.10498131268696,0.14402197113542,0.281246784469345,0.54875560995512,1.15525086433095
"Com_4422_pos",1.13167780388811,0.178463271865271,0.279089471503705,0.528355773153815,0.87506925783529
"Com_44264_pos",0.828004825938507,-0.27228891854288,0.815488446494765,0.545491636066911,0.695429425655328
"Com_4432_pos",1.04047641112059,0.0572442577737659,0.98019992337045,0.524275805793554,0.365077480750171
"Com_4433_neg",0.261176626363423,-1.93690230419919,0.772875548627513,0.559771521827825,0.451521760433308
"Com_44458_pos",1.07385237804076,0.102795680374973,0.914061438227144,0.529171766625867,0.521133963031493
"Com_4448_neg",4.50090045615516,2.17021365781403,0.369493235440796,0.535291717666259,0.835956529111187
"Com_44576_pos",1.19693131594642,0.25934036783154,0.583882143602482,0.476132190942472,0.88131285412865
"Com_44707_neg",1.29931137440253,0.377747207903168,0.19080827181156,0.560587515299878,1.07006521596949
"Com_4483_pos",9.05142110292858,3.17814431785261,0.205813921398121,0.46593227254182,0.884591126242891
"Com_44881_neg",0.916028833736518,-0.126535084300967,0.713335031132222,0.489596083231334,0.284343594408201
"Com_4492_neg",0.69387233602307,-0.527257845814118,0.733239481007861,0.51203590371277,0.266106719642248
"Com_4493_neg",0.956701204937839,-0.0638596795416954,0.75011448481589,0.550387596899225,0.963703165274922
"Com_4495_pos",0.894295851230242,-0.161175911695717,0.88296864727273,0.518971848225214,0.544768573068925
"Com_44962_pos",1.92203918498273,0.942637748912909,0.0218023381785618,0.617707058343533,1.81996565898805
"Com_45002_pos",1.0660142848384,0.0922267706744232,0.367339535178408,0.455732354141167,0.956301232200915
"Com_45027_pos",0.908466273832927,-0.138495138465554,0.416193908062882,0.548347613219094,0.820149631073096
"Com_45104_neg",0.953740039513399,-0.0683320098022239,0.655046570346067,0.475724194206446,0.720593947154
"Com_45104_pos",0.903158130988666,-0.146949488332604,0.88231902501614,0.510403916768666,0.576695973174171
"Com_4510_pos",0.715538868637735,-0.482897957470229,0.746783825201682,0.501427988576091,0.263988681652846
"Com_4522_pos",3.37250915329704,1.75382235878461,0.636307141324378,0.47327621379029,0.333199342269357
"Com_45276_pos",1.31721490025346,0.39749073681525,0.0048620024892777,0.64953080375357,1.8769788089901
"Com_45374_pos",1.05417947628068,0.0761205097618381,0.604410123214508,0.476948184414525,0.704297617002925
"Com_4537_pos",0.811010058238613,-0.302208287866536,0.193934033730693,0.560995512035904,0.988600367612904
"Com_4538_neg",0.952176317151851,-0.0706993487409407,0.902702219353185,0.537739698082415,0.378076331426186
"Com_4538_pos",2.88811014082176,1.53012576181907,0.918929216748624,0.483476132190942,0.246385731181941
"Com_45436_neg",1.28944897307353,0.366754682975636,0.747755086330045,0.5046919624643,0.979747012455046
"Com_45497_pos",1.24528073812443,0.31647102248801,0.20327870877862,0.576499388004896,1.00537574005647
"Com_45510_pos",1.02517045061618,0.0358638002814529,0.688955503723238,0.535291717666259,0.815099636498548
"Com_4551_pos",1.43000836731083,0.516023588571863,0.710186605406958,0.521011831905345,1.42908529494119
"Com_45560_pos",1.36383249698643,0.447666466498282,0.313336812809461,0.565891472868217,0.7637236352875
"Com_45623_pos",1.18930360388594,0.250117051424063,0.213651252068459,0.553651570787434,1.09435264097803
"Com_4568_neg",3.01213407718952,1.59078598919685,0.758298662674788,0.494084047327621,0.276220398258253
"Com_4572_neg",0.600882316347555,-0.734845630151694,0.219221001233253,0.564259485924113,1.34781640916656
"Com_4578_pos",1.28778433421258,0.364891004932409,0.500542625958577,0.537739698082415,1.30374726015815
"Com_4584_pos",1.39954898279568,0.484961980658424,0.105884895022462,0.592003263973888,1.29351373402701
"Com_4592_pos",1.63718585665217,0.711218108770064,0.682742254861503,0.539779681762546,0.757977548145906
"Com_4594_neg",1.39962295544721,0.485038231764039,0.597367721036294,0.474908200734394,0.540216978006993
"Com_46003_neg",1.10525389570795,0.144377819393662,0.665447399845315,0.534475724194206,0.367306497670506
"Com_4603_pos",1.07150453087377,0.0996379504860412,0.470402670292392,0.538147694818441,1.05713186985213
"Com_4604_pos",0.960826715774452,-0.0576518291690957,0.642344947846819,0.536515707874337,1.01822297967564
"Com_4606_pos",2.06942551350928,1.0492303214241,0.344452824125261,0.555691554467564,1.24910712325867
"Com_4614_neg",1.28267253445038,0.359152898233291,0.333767660082348,0.553243574051408,1.0224147514708
"Com_4622_pos",0.537370300693414,-0.89601150600063,0.318090334828547,0.54875560995512,0.76469798881862
"Com_46235_pos",1.67397910251591,0.743281517801729,0.105500790463728,0.587515299877601,1.48514213332744
"Com_4624_neg",1.05012996503889,0.0705678881904806,0.618860446066793,0.544267645858833,0.901435556612887
"Com_4624_pos",0.42456220061573,-1.23595216314416,0.314927508062469,0.565483476132191,0.846438504566345
"Com_4628_pos",1.11988543562562,0.163351152007303,0.169869003231665,0.592411260709914,1.12701230844646
"Com_4634_pos",6.64216073400559,2.7316526351181,0.0835172315299193,0.583843329253366,1.28956672775615
"Com_46397_neg",1.90263461308828,0.927998529294985,0.0117751992493517,0.630762953896369,1.94160655299206
"Com_4639_pos",0.981217664934004,-0.0273548878128027,0.727041069772935,0.491228070175439,0.569078115091566
"Com_46404_pos",1.01612586259754,0.0230791128374787,0.46411292477835,0.579355365157079,0.999325138400857
"Com_46427_neg",1.19124801819177,0.252473814011579,0.320419586701261,0.562219502243982,0.89974021120188
"Com_46432_pos",0.840153347875136,-0.251275416963203,0.845264481145585,0.532843737250102,1.33068776692366
"Com_46481_pos",1.58396606723188,0.663541429381755,0.0960121089086801,0.58547531619747,1.55341897164501
"Com_464_neg",1.30607748087937,0.38524048491248,0.375813050298881,0.597307221542228,0.692185631563185
"Com_46505_pos",0.695289314384698,-0.524314677373277,0.379220382102698,0.577723378212974,0.842440854941683
"Com_46604_pos",0.884052833985384,-0.177795502362311,0.106258020204922,0.610771113831089,1.54078710400778
"Com_4662_pos",0.715930887998717,-0.482107770462033,0.282470740379352,0.567523459812321,1.0685473319818
"Com_4663_neg",1.08895104700252,0.122939100212664,0.480218519358455,0.522643818849449,0.612826306341837
"Com_46642_pos",1.45909740855697,0.545076200014608,0.438417994279547,0.550387596899225,0.874489765279878
"Com_46648_neg",1.17349042557352,0.230806071060954,0.54065815859327,0.577315381476948,0.650739422882227
"Com_46659_neg",1.14450915894946,0.194729008125661,0.352899006471415,0.458996328029376,1.15675394168018
"Com_46787_pos",1.05204227618585,0.0731926803129018,0.922037682469684,0.475724194206446,0.138204009218048
"Com_46818_pos",0.96685347409486,-0.0486308279505623,0.236396339710624,0.596083231334149,0.885420952601583
"Com_4684_neg",0.458555438437841,-1.12483193156999,0.635657199099469,0.494492044063647,0.696828955646003
"Com_4691_pos",0.504413184510853,-0.987322109110542,0.363570969195579,0.463484292125663,0.713822618428404
"Com_46920_pos",0.829668279980071,-0.269393465038224,0.338074134980545,0.566299469604243,0.728184947318392
"Com_46930_neg",1.13500298155388,0.182696087355262,0.266221352332499,0.573643410852713,1.16543043350065
"Com_46995_neg",0.68819577860653,-0.53910905227789,0.938191899003915,0.459404324765402,0.450465576995874
"Com_469_neg",0.860460726885723,-0.216818748548908,0.440150554179783,0.544675642594859,0.604111890869035
"Com_4700_pos",1.0946474893899,0.130466351847267,0.815055721199815,0.512443900448796,0.608776568532511
"Com_47047_pos",1.1449594745,0.195296535464089,0.510998774322447,0.541003671970624,0.981235107427227
"Com_4704_pos",1.07286680680982,0.101470980957132,0.809099308116192,0.52468380252958,0.722763484045
"Com_47131_neg",1.37819749329884,0.462782638541053,0.958288617880679,0.551203590371277,0.317885893138551
"Com_47151_neg",1.13900576421522,0.18777504817304,0.449553714917336,0.562219502243982,0.919279562949982
"Com_4715_neg",0.985074593965718,-0.0216951192830804,0.681137429112497,0.508771929824561,0.793763834211362
"Com_4720_neg",0.653395544640699,-0.613971477495352,0.970854677243537,0.472460220318237,0.295055652773239
"Com_47215_pos",0.925814703273763,-0.111204619996054,0.81674648588252,0.520195838433293,0.682033861734727
"Com_4724_pos",0.946375918652556,-0.0795147313560601,0.571275878064673,0.562219502243982,0.591680918946757
"Com_47307_neg",1.02264762831616,0.0323091241116757,0.855808526303067,0.512851897184822,0.14625188620518
"Com_47377_pos",1.22868481949457,0.29711488506136,0.944809500461681,0.492452060383517,0.48634933231467
"Com_4739_pos",0.613505948906899,-0.704850761729628,0.816001993981606,0.510403916768666,0.226444704666217
"Com_4740_neg",0.413869508345873,-1.27275213232698,0.16731985839096,0.559363525091799,1.67757596329851
"Com_4745_neg",0.750076008900869,-0.414891296468066,0.0996446889275693,0.587515299877601,1.33823432981743
"Com_4749_neg",1.91882428982615,0.940222607415188,0.690359093542159,0.499796001631987,0.329508392827636
"Com_4749_pos",0.987161988045891,-0.0186412521762776,0.802779378008086,0.498164014687882,0.728586285541528
"Com_47515_pos",0.876012532745676,-0.19097658487747,0.292800807908828,0.52672378620971,1.40249902594842
"Com_47602_neg",1.13824279660174,0.186808329254032,0.674192663135585,0.511627906976744,0.550028514676032
"Com_47605_pos",1.05859981792775,0.0821573109513293,0.723095306924721,0.528763769889841,0.419522787095618
"Com_47612_pos",1.45454196119531,0.540564916469278,0.0074531761966007,0.609955120359037,1.90313983645124
"Com_4768_pos",0.857323741645827,-0.222087998752116,0.513694860020589,0.479804161566707,1.19789094591199
"Com_4770_pos",0.425399742189596,-1.23310893592329,0.177629864397347,0.63484292125663,1.23990417490033
"Com_47735_neg",0.969103149054505,-0.0452778640153309,0.925764118874787,0.514483884128927,0.162286573493379
"Com_47788_neg",1.17374019560057,0.231113106916313,0.0366702276307336,0.604651162790698,1.77541198041163
"Com_47884_pos",1.00731905035395,0.0105207036635054,0.462233523734969,0.465116279069767,0.684025702169678
"Com_47934_pos",1.31342916021146,0.393338390827344,0.785289259112981,0.503059975520196,0.226518879508834
"Com_4793_pos",0.968483243374844,-0.0462010072453565,0.578620290182862,0.538963688290494,0.777184898612671
"Com_48083_pos",1.54470456776114,0.627330942089835,0.227217260997498,0.582619339045288,1.13765184397018
"Com_48117_pos",1.17274042340189,0.229883719834523,0.481814722637493,0.53406772745818,0.745409450609267
"Com_4812_pos",0.981307689266377,-0.0272225301261241,0.281331262924637,0.583027335781314,1.15235406312446
"Com_4814_neg",1.2568853136167,0.329853014893725,0.692118839930691,0.532843737250102,0.777615131594022
"Com_4819_neg",0.767957583062666,-0.38090146674706,0.0739154340842108,0.610363117095063,1.38819301533024
"Com_48248_pos",1.2723238360389,0.347465916837775,0.510837026339882,0.55609955120359,0.708892012540697
"Com_4824_pos",1.12608867701733,0.171320440966769,0.642423938959159,0.527539779681763,0.361329420286405
"Com_48257_neg",1.16967274042969,0.226104938525087,0.264375365969441,0.556915544675643,1.2139878025647
"Com_4826_pos",0.789189729955929,-0.341555913075837,0.415036873079852,0.560587515299878,0.682479540134205
"Com_48364_pos",1.01346145534905,0.0192912202954592,0.784063209844449,0.554875560995512,0.72887695898787
"Com_48405_pos",1.1773424446123,0.235534007111869,0.151328190779967,0.583027335781314,1.02549743174327
"Com_48492_pos",0.564354736128651,-0.825325813155972,0.16189233720466,0.609139126886985,1.35522621995805
"Com_48502_pos",0.769911410567816,-0.377235642439897,0.536833695581114,0.519787841697266,0.674841402818024
"Com_48585_pos",1.32410143888633,0.405013650674124,0.131104071356243,0.430844553243574,1.22236366077618
"Com_48627_pos",1.64012589565813,0.713806560008344,0.104326843237868,0.596491228070175,1.37097538216956
"Com_48628_pos",0.946736683493022,-0.0789648711396335,0.945382270447592,0.524275805793554,0.812623003939726
"Com_4865_pos",1.27933683220782,0.355396156462451,0.399501366184857,0.469196246430029,0.683740345665919
"Com_4869_pos",3.5085795453972,1.81088707110443,0.206594229167434,0.57078743370053,1.10838980809593
"Com_48700_pos",1.14747332147915,0.198460611663348,0.993227649230686,0.488780089759282,0.5614595265324
"Com_48712_pos",1.46998828154503,0.555804654228811,0.147187929433137,0.581395348837209,1.46164027846545
"Com_48718_pos",1.34345969586578,0.425953040780358,0.131383968929907,0.581803345573235,1.37515931300983
"Com_48879_pos",1.101565905114,0.139555812003663,0.369085281628794,0.558139534883721,0.787494879747592
"Com_488_pos",3.27191238994221,1.71013411860726,0.030831611228875,0.636066911464708,1.95182833880641
"Com_48904_pos",1.42029208794273,0.506187655429229,0.909351595792843,0.533251733986128,0.2084358559188
"Com_48912_pos",1.06226606186135,0.087145157906345,0.281560551347815,0.552427580579355,0.714407205193406
"Com_4894_neg",1.30820707437853,0.387590921213489,0.72941956418581,0.485924112607099,0.454333242561975
"Com_49127_pos",0.701666647304148,-0.511142307240711,0.201277933070699,0.541819665442676,1.02275546388081
"Com_49158_pos",1.60204375703296,0.679913552985282,0.124566588014811,0.597307221542228,1.41783307369503
"Com_4918_pos",0.833404348126515,-0.262911467844025,0.965536399286496,0.494084047327621,0.172571174797032
"Com_4924_pos",1.02448451371791,0.0348981764904627,0.941185423988363,0.550387596899225,0.648196762855493
"Com_4931_pos",1.84877943293383,0.886573115497252,0.146439753231314,0.578539371685026,1.13395923051696
"Com_4940_neg",3.457679327439,1.78980407656677,0.464781148504777,0.478580171358629,0.582274193385043
"Com_49504_pos",1.02720627370628,0.0387259189214695,0.469844575084126,0.538147694818441,0.200873030535753
"Com_49573_pos",1.40319999458375,0.488720647326586,0.0706867501083247,0.593227254181967,1.52112494280147
"Com_4961_pos",1.22950686482078,0.298079790090764,0.7149192228489,0.528355773153815,0.676913807340356
"Com_4963_neg",0.720527155300529,-0.472875291025649,0.907815475637048,0.476540187678499,0.44859818658696
"Com_49658_pos",1.05903413739465,0.0827490945768883,0.45313698773472,0.444716442268462,0.590887568465985
"Com_4965_neg",1.29908790305444,0.377499054350123,0.405509757103426,0.536923704610363,0.763333779134008
"Com_49731_neg",1.42988738096266,0.515901523699582,0.0358812302131839,0.632802937576499,1.65011679736185
"Com_49787_pos",1.28348903974753,0.360070976186491,0.2724568897009,0.569563443492452,0.978141204944306
"Com_49874_pos",1.68252031576291,0.750623924908966,0.183128427483788,0.5687474500204,1.01933609160596
"Com_49938_neg",0.943437689091569,-0.0840008591042221,0.995420549359652,0.519787841697266,0.804305255541203
"Com_4996_neg",0.89582382539201,-0.158713058167065,0.402217235945731,0.556915544675643,0.947861419641414
"Com_49980_pos",1.27009764983732,0.34493942102914,0.273366268354239,0.457364341085271,0.969155214185562
"Com_4999_pos",1.26972092265903,0.34451143578503,0.0931181419610252,0.627090983272134,1.37658487989537
"Com_4_neg",1.14001907503873,0.189057964068568,0.951231014774516,0.523051815585475,0.610954580519759
"Com_50018_pos",1.05520970989042,0.0775297452387752,0.774854133382835,0.523051815585475,0.421040105793731
"Com_5005_neg",0.99901755825869,-0.0014180605231895,0.911436579170499,0.501019991840065,0.485736122830648
"Com_50073_pos",1.68495351587108,0.752708791201011,0.251147731639019,0.578131374949,1.01712754117793
"Com_50144_pos",1.12176673927385,0.165772712418258,0.488509680671896,0.480212158302734,0.544528665281335
"Com_50146_pos",1.2487115964573,0.320440309286908,0.265162432755008,0.563851489188086,1.1533177628913
"Com_50175_pos",1.00237840906427,0.003427244880776,0.97012781991684,0.486740106079151,0.616706799605708
"Com_5027_neg",0.78950466970064,-0.340980295636515,0.440167712662141,0.521011831905345,0.83528664097717
"Com_50325_pos",1.00619370913497,0.0089080748313092,0.784683692883479,0.54141166870665,0.0841697496257511
"Com_5034_neg",1.15027791727398,0.201982471110987,0.200857621684928,0.571195430436557,1.02839832404488
"Com_50352_pos",1.15968454614879,0.213732421215676,0.115947790273117,0.628722970216238,1.28635221441448
"Com_5035_pos",0.6522138344552,-0.616583051703116,0.78262478556058,0.545491636066911,0.627324593820045
"Com_5040_pos",0.292083564484966,-1.77554691475225,0.641238692060492,0.518155854753162,0.913311866900921
"Com_5043_pos",0.886895680289866,-0.173163675117938,0.239227824913438,0.563035495716034,1.11584898902229
"Com_505_neg",0.89694706262698,-0.15690525437964,0.266075836959357,0.546307629538964,0.939127741913033
"Com_505_pos",41.9952732166787,5.39215504919265,0.0378815032534735,0.630354957160343,1.29977855932297
"Com_5060_neg",0.650164521024109,-0.621123263465554,0.979203334406653,0.537331701346389,0.980125729496966
"Com_5061_pos",1.09120888228011,0.12592729284836,0.170509017546445,0.551203590371277,1.08999743133212
"Com_50748_pos",1.19650348056174,0.258824593601743,0.65465023702124,0.535291717666259,0.420900919731765
"Com_50770_neg",1.07508313796923,0.104448230138561,0.293975358974247,0.560995512035904,1.01597046376048
"Com_50772_pos",1.16592954228926,0.221480608383036,0.267506723217789,0.541819665442676,0.428884413222142
"Com_5077_pos",1.02319305196149,0.0330783726797872,0.684384765579708,0.507139942880457,0.322673080971066
"Com_5078_pos",1.03509083828604,0.0497573824049354,0.561645987710974,0.513667890656875,0.462742794435781
"Com_5079_pos",0.954330179891144,-0.0674395975472763,0.6517737186334,0.552835577315381,0.465722116951154
"Com_51042_pos",1.41631046383129,0.502137547578034,0.0179740247049615,0.639330885352917,1.89787117714061
"Com_51170_pos",1.055582804046,0.0780397537688336,0.332470133555954,0.591595267237862,0.77281721587962
"Com_51192_pos",0.911117164325262,-0.134291506807049,0.438926386363594,0.534883720930233,0.824398426856652
"Com_5119_neg",1.11501971100621,0.157069213929937,0.780070263458441,0.51937984496124,0.25299627166593
"Com_51252_pos",1.31274766516719,0.39258962971322,0.114597940840969,0.602203182374541,1.29067572906127
"Com_51259_pos",0.992630477130832,-0.0106713439290339,0.830634086458786,0.512851897184822,0.105570079944739
"Com_512_pos",0.689109645204501,-0.537194544457597,0.887387363383906,0.56140350877193,0.150032067755982
"Com_51314_pos",0.636876883438749,-0.650913587114347,0.0478485022589946,0.623011015911873,1.46921188151854
"Com_5152_neg",0.749204364647269,-0.416568790559169,0.468053308000002,0.536107711138311,0.745177722710443
"Com_51563_pos",0.575681233780603,-0.796657911246666,0.548296919204941,0.552019583843329,0.60172273035591
"Com_5162_neg",1.10112566410202,0.13897912342673,0.842436642307398,0.535291717666259,0.209124334298633
"Com_51742_pos",0.925829237027316,-0.111181972257231,0.350161539685018,0.554467564259486,0.748461793057449
"Com_5182_pos",1.1080062146433,0.147965973273316,0.62501997422307,0.466748266013872,0.494329603160887
"Com_51842_pos",0.801358045387644,-0.319481114561634,0.702571828713165,0.535291717666259,0.566249022324461
"Com_51922_pos",1.2417065192636,0.312324228924488,0.248573708962706,0.540187678498572,1.06816842346267
"Com_51995_pos",0.96755450346316,-0.0475851626626055,0.604199822009332,0.464708282333741,0.441191439309614
"Com_519_neg",0.91385162855353,-0.129968144183755,0.493140947241437,0.470012239902081,0.572148603435694
"Com_51_neg",3.16138258553702,1.66055563848737,0.926373444250599,0.577723378212974,0.663126171918326
"Com_5206_pos",1.15728216725821,0.210740663644219,0.912708193564847,0.509179926560588,0.759075435692897
"Com_52306_pos",0.624878539040061,-0.678352302158661,0.413012036081081,0.516115871073031,1.0597799100621
"Com_5241_pos",1.38375011692151,0.46858343890896,0.547215409401424,0.547939616483068,1.15029086426963
"Com_52423_pos",0.864556924035481,-0.209967138168403,0.844574685345461,0.557731538147695,0.496566476010807
"Com_5243_pos",0.739676381178597,-0.435033885480753,0.0216637053387973,0.648714810281518,1.9297861806171
"Com_524_neg",1.17879306250626,0.237310474976259,0.360068112450397,0.565483476132191,0.705668133805488
"Com_5256_pos",0.958184817456965,-0.0616241408963734,0.71682033651107,0.492044063647491,1.28874788982604
"Com_5278_neg",0.951634226627046,-0.0715209339932555,0.601381713975844,0.521419828641371,0.615708930812296
"Com_5281_pos",3.21500286763327,1.68482002437078,0.886263203472026,0.465524275805794,0.135526293460553
"Com_52_pos",0.781457516001261,-0.355760651758808,0.3918184925494,0.562219502243982,1.12996382020263
"Com_5305_neg",1.4065139542773,0.492123865959967,0.655106971687919,0.492044063647491,0.556611322237573
"Com_5311_neg",1.0248731884794,0.0354454105404701,0.822152430587011,0.521011831905345,0.842581610933107
"Com_5313_neg",0.894270923013918,-0.161216126927923,0.322734152982442,0.555283557731538,0.764321424497397
"Com_531_pos",1.16687890574645,0.222654851410538,0.871682248683076,0.514891880864953,0.362631220597881
"Com_532_pos",0.918883568475893,-0.122046025346971,0.273563257520778,0.543451652386781,0.908646186941732
"Com_5340_pos",0.914055540454269,-0.129646264939357,0.596961167825551,0.47531619747042,0.871277283894642
"Com_5341_pos",2.95969094389552,1.56544653497992,0.104267141270331,0.622603019175847,1.20436671072711
"Com_5342_neg",0.981431271336619,-0.0270408541685003,0.273944073860757,0.536515707874337,1.01166620431488
"Com_5353_neg",1.07225917946056,0.10065366673639,0.49090384577032,0.545491636066911,0.893092402525683
"Com_5355_pos",0.32225913363995,-1.63370684608997,0.207842345426718,0.556915544675643,1.73829507185391
"Com_5356_pos",0.221263869469762,-2.17616020449124,0.748403261342047,0.594859241126071,0.702902038016655
"Com_5358_pos",6.61091235481343,2.72484938806195,0.202431982975803,0.558139534883721,0.884427316921145
"Com_53722_pos",0.769874696328465,-0.377304440892896,0.693807357175343,0.521011831905345,0.846685646350745
"Com_5372_pos",1.02995240967265,0.042577677296394,0.82807896455442,0.512443900448796,1.07008916430484
"Com_5373_neg",0.741795917273815,-0.430905767387542,0.066341139803272,0.600979192166463,1.71314859487373
"Com_5382_neg",0.604914096400381,-0.725197814477922,0.0385746497628733,0.601795185638515,1.54839911977983
"Com_5393_pos",0.992390341873431,-0.0110204001639793,0.874839708674405,0.538555691554468,0.497704390949299
"Com_5398_pos",0.691442153031625,-0.532319536245227,0.118909656705492,0.585067319461444,1.87281158121491
"Com_53994_pos",1.08468248588354,0.117272790983179,0.480078868005616,0.548347613219094,0.620676025309069
"Com_5413_neg",0.938966423739476,-0.0908545250494429,0.90518386166707,0.518563851489188,0.952629817806983
"Com_5429_pos",1.13343669767171,0.180703818952253,0.848944601839688,0.509179926560588,0.373927278289066
"Com_543_neg",0.0439912124301316,-4.50664082624358,0.65642374587905,0.472460220318237,0.646500171791458
"Com_5443_neg",4.06771779832881,2.02421959436902,0.0958855055957566,0.584659322725418,1.27180687351922
"Com_544_pos",0.558054087778895,-0.841523137010783,0.328513849184414,0.549163606691146,1.08180460832752
"Com_5462_neg",1.32180506282597,0.402509426746347,0.459324701687021,0.547123623011016,0.657920889531078
"Com_5465_pos",0.690164886514434,-0.534987019172665,0.295477844114967,0.439004487964096,1.00015987826387
"Com_5487_pos",0.883013308554546,-0.17949291291288,0.164025380916237,0.595675234598123,1.15024139513578
"Com_5502_pos",1.23979677424105,0.310103655432165,0.384236813696374,0.567523459812321,1.41751856203882
"Com_5503_pos",1.28676363655141,0.363747071668868,0.396537917062265,0.527947776417789,0.774953556565061
"Com_5516_pos",1.03175754323357,0.045103986002696,0.737171605540578,0.483068135454916,0.719807054383919
"Com_5517_pos",2.2508400724464,1.17046355351125,0.0510643811375876,0.650346797225622,1.42090979231866
"Com_5520_pos",0.82779379037299,-0.272656668536716,0.0235508646905522,0.63688290493676,1.55511955832251
"Com_5527_pos",0.612310929900588,-0.707663659104673,0.180968980253219,0.592003263973888,1.43394992336968
"Com_5567_pos",1.51720214638343,0.60141331772458,0.272435605480529,0.599347205222358,1.05173725167646
"Com_5572_pos",1.08437619430481,0.116865346639996,0.853855311663239,0.51733986128111,0.452579453512792
"Com_5579_pos",1.04375846516843,0.0617878982879977,0.514328448232599,0.549571603427173,0.496612337543
"Com_5580_pos",0.993142992940257,-0.0099266426383816,0.768049258806621,0.517747858017136,0.828320545429418
"Com_5581_pos",0.971616280104925,-0.0415414313546435,0.713534614899792,0.518155854753162,0.796015605694489
"Com_5585_pos",7.49713837144742,2.90634002959125,0.0589395310019021,0.580171358629131,1.40642525550558
"Com_558_pos",0.205736620992424,-2.28112947933385,0.141138449494846,0.567115463076295,1.59701306525185
"Com_5593_pos",0.338797625390259,-1.5615043319342,0.161048554585187,0.580987352101183,1.52555224941357
"Com_5598_neg",0.838619564773554,-0.253911606615142,0.551812874220208,0.529579763361893,0.543752725048417
"Com_5610_pos",0.391907931770438,-1.35141332314633,0.536603642612677,0.50999592003264,1.19160136502431
"Com_5622_pos",0.809434761244076,-0.305013287889436,0.985825817608935,0.53406772745818,0.989447840021989
"Com_5630_pos",1.07092385513776,0.0988559051857738,0.223970422919991,0.575683394532844,1.09988220191818
"Com_5634_pos",0.794675313371882,-0.331562567155728,0.522507774594412,0.48062015503876,0.76524533569339
"Com_5647_pos",1.02488698635959,0.0354648334305911,0.312942544352886,0.536923704610363,0.960467526388133
"Com_5652_neg",0.906389692003835,-0.14179664081136,0.583832457544534,0.532435740514076,0.899653831178421
"Com_567_pos",0.270941982346346,-1.88394413903601,0.348854071277954,0.566299469604243,0.905588453434292
"Com_5691_pos",0.962580130524949,-0.0550214512323801,0.870089298118818,0.508771929824561,0.606009424315889
"Com_5692_neg",0.891185270656177,-0.166202706606742,0.592244772895393,0.539779681762546,0.537312977314291
"Com_5709_pos",1.1170122523007,0.15964501056296,0.635363583428318,0.571195430436557,0.172825837487937
"Com_5717_neg",0.68647437786091,-0.542722221015842,0.342755593495311,0.588331293349653,0.753350271822693
"Com_5729_neg",0.97402353954032,-0.0379714560831171,0.881444062706307,0.502243982048144,0.857242508404894
"Com_5745_neg",0.829286683924563,-0.270057168102613,0.200684930744058,0.572011423908609,0.988664494878785
"Com_5755_pos",4.91620012095249,2.29754364386953,0.101280308334008,0.582211342309262,1.17038855469707
"Com_5768_neg",0.435513938081821,-1.19920920366426,0.406994738179043,0.486332109343125,1.28390381007129
"Com_5772_pos",0.889068881477321,-0.169632897299072,0.233790632075256,0.57078743370053,0.983322101898617
"Com_5806_pos",1.19936577152648,0.262271705702195,0.507844591656512,0.541819665442676,0.680727510264871
"Com_5813_pos",1.06463777958306,0.0903626675530495,0.50505182992504,0.479804161566707,0.815891308227615
"Com_5828_pos",0.841547453648523,-0.24888346954349,0.314994050284886,0.551203590371277,1.08310944668339
"Com_582_neg",15.2466877879251,3.93042395848468,0.471947707693585,0.514483884128927,1.10304012413051
"Com_5845_neg",0.369093723508359,-1.43794089033108,0.0360652984767299,0.607099143206854,1.79766181953572
"Com_584_pos",22.4376210294114,4.4878478157979,0.089314020980931,0.602203182374541,1.12761926062821
"Com_585_pos",21.5041093704335,4.42654047571809,0.156068859211655,0.578131374949,0.92757509145672
"Com_5882_pos",4.81722504893513,2.26820232467193,0.0081687061688626,0.64953080375357,1.96055872144172
"Com_5884_pos",0.953688934472283,-0.0684093169946864,0.395509351011288,0.531211750305998,0.682832884229201
"Com_5885_neg",0.771820705129863,-0.373662348251648,0.639780264302013,0.554467564259486,0.828052871271811
"Com_5891_pos",0.961415355987755,-0.0567682481096438,0.336875455185141,0.575683394532844,1.13348996657052
"Com_5908_pos",10.8251518616796,3.43631535896687,0.0039470046676642,0.640146878824969,2.08655050541905
"Com_590_pos",0.563123385079676,-0.828477031303488,0.737640199937358,0.488372093023256,1.50618503899199
"Com_5914_pos",0.848433657087049,-0.237126241640953,0.265515562111933,0.578539371685027,0.974026892688725
"Com_591_pos",1.36072650041538,0.444377121106592,0.72988870212873,0.494084047327621,0.873586755099262
"Com_5922_neg",1.12555705154131,0.170639185081451,0.802419597374251,0.500611995104039,0.18681649772065
"Com_5929_pos",0.979648178065782,-0.0296643690178998,0.82268825065733,0.529579763361893,0.504969394108019
"Com_5936_neg",0.997243585084103,-0.0039821568929167,0.928816183367598,0.523051815585475,0.249499694690243
"Com_5952_pos",1.37021649127477,0.454403853925511,0.149604112919409,0.594859241126071,1.21709567336202
"Com_5968_pos",0.90499246437318,-0.144022315571857,0.493503895493911,0.538147694818441,0.629610896276283
"Com_5978_neg",0.665752359135235,-0.586942459162064,0.631245103119974,0.525499796001632,0.847405384305243
"Com_5979_neg",2.18007464873354,1.12437753569663,0.341317790812455,0.552427580579355,0.868868310411484
"Com_5983_pos",4.25229828588661,2.08824280112011,0.0151789301650967,0.617299061607507,1.8729472197414
"Com_5993_pos",0.174664877182464,-2.51733856453211,0.928894283622413,0.463892288861689,0.694822587636648
"Com_5998_pos",0.705047919419584,-0.504206779560916,0.923591058671973,0.574051407588739,1.05322527732223
"Com_6006_pos",0.900861123304987,-0.150623377485492,0.708842073733488,0.521011831905345,0.531955804193379
"Com_6019_neg",1.10260459580318,0.14091551989976,0.45341908614516,0.560587515299878,1.04404250197242
"Com_603_pos",1.6543915843253,0.726300751982219,0.739896266991087,0.545491636066911,0.261852488831014
"Com_604_pos",0.948512044997096,-0.0762620005893125,0.260547175903665,0.560179518563852,0.833452161851922
"Com_6056_pos",0.878900603022074,-0.186228078137029,0.998381430472527,0.5046919624643,1.03820389073331
"Com_6060_pos",0.265782516345803,-1.91168189023872,0.991564006587342,0.550387596899225,0.0785597207571805
"Com_6064_pos",0.808407489773478,-0.306845406755812,0.563395566531551,0.476132190942472,0.750273158898823
"Com_6070_pos",0.92536470547393,-0.111906021063881,0.819220284750301,0.525499796001632,0.241924011048927
"Com_6077_pos",0.940485843058135,-0.0885218675700905,0.884019909461143,0.511219910240718,0.796881082717796
"Com_607_pos",1.33387664089477,0.415625249881891,0.666363156578811,0.527539779681763,0.480896815892752
"Com_6091_neg",0.826842679243304,-0.274315236429369,0.222141747780646,0.579763361893105,1.21746013794079
"Com_6114_neg",0.920906721356236,-0.118873061754226,0.416783649230414,0.529579763361893,1.12529846281831
"Com_6119_pos",1.05532405946092,0.077686076836824,0.69271192441132,0.547123623011016,0.29702525346087
"Com_6128_pos",1.3038820032723,0.382813316657627,0.364870065353073,0.563851489188086,0.686997534123697
"Com_6149_pos",3.34534175664323,1.74215360262421,0.114010308048422,0.599755201958384,1.39410848670422
"Com_614_pos",0.954121587812082,-0.067754968115527,0.124359910095019,0.573235414116687,1.19231472838135
"Com_6152_pos",0.759650315942573,-0.396592628372131,0.485865897659145,0.481436148510812,0.90760993536279
"Com_6153_pos",0.986744496175308,-0.0192515277542724,0.801308171939681,0.510403916768666,0.769211367236818
"Com_6176_pos",1.24821801163687,0.319869934872139,0.966090374804775,0.496124031007752,0.650395925309809
"Com_6180_pos",0.999142328838916,-0.0012378888575114,0.422297375165505,0.567931456548348,0.892718096236592
"Com_6181_pos",3.21699224380373,1.68571245764456,0.869149493259592,0.542227662178703,0.316058784226682
"Com_6184_neg",0.959896090512822,-0.0590498534446938,0.842906197883204,0.492860057119543,0.467243334242344
"Com_6185_pos",1.04137227199453,0.0584858985619932,0.801393990797165,0.542635658914729,0.197332186179668
"Com_6195_pos",1.08603194692564,0.119066542362619,0.952944601003818,0.50265197878417,0.428992154286212
"Com_6218_pos",0.97888983908473,-0.0307815818903279,0.336173187053996,0.561811505507956,1.08609307760848
"Com_6227_neg",0.843286253372973,-0.24590565800076,0.50647064774447,0.534475724194206,0.653020656498745
"Com_6228_pos",13.1098454355656,3.71257877124356,0.0292785069812374,0.591595267237862,1.7353585752994
"Com_6259_pos",1.21696745102726,0.283290582291966,0.307370378571961,0.555691554467564,0.924887434530481
"Com_625_neg",0.424255307020044,-1.23699538829889,0.189492751489223,0.534475724194206,1.44343709054032
"Com_625_pos",0.763631075066805,-0.389052282176191,0.483390887041768,0.529171766625867,0.869950232393285
"Com_6267_neg",1.23644105211837,0.306193460234347,0.856045743662596,0.513259893920849,0.54200927409889
"Com_6270_neg",1.07975777142423,0.11070770020305,0.800896383952206,0.532435740514076,0.753065520785971
"Com_628_pos",0.538962389220436,-0.891743494967799,0.532203401895355,0.570379436964504,0.676979762959763
"Com_6294_neg",1.30554096448396,0.384647726383548,0.544337511165385,0.549979600163199,0.506553744644547
"Com_6298_neg",0.993289158953351,-0.0097143293384616,0.983122613390434,0.523867809057528,0.838904581819141
"Com_6306_neg",1.33255098300125,0.414190731120285,0.956407351164204,0.519787841697266,0.401626303587493
"Com_6309_pos",0.818488849991129,-0.288965331421985,0.37697965579681,0.564667482660139,0.698463110334129
"Com_6310_pos",0.68668477762998,-0.542280112459666,0.304601908415586,0.57078743370053,1.20557866055783
"Com_6318_neg",1.02232660334404,0.0318561686348649,0.272989005362584,0.558547531619747,0.95372233090146
"Com_633_neg",1.04120011489488,0.0582473760539179,0.773031088967748,0.490412076703386,0.258133133324008
"Com_633_pos",1.17747747868989,0.235699466043464,0.575340712349916,0.522235822113423,0.897183107109112
"Com_634_pos",0.963351185928015,-0.0538662720666599,0.540875164526967,0.523459812321501,0.456578279949379
"Com_6350_pos",2.57921945161642,1.36693452934636,0.41185586383341,0.542635658914729,1.0591282881675
"Com_6351_pos",0.321334636758941,-1.63785159715583,0.0398458747890128,0.619339045287638,1.9235729963969
"Com_6360_neg",1.1025899216522,0.140896319484848,0.742675123730421,0.497756017951856,0.871983655229564
"Com_6371_neg",1.47459703016312,0.560320756498981,0.974951034578737,0.523051815585475,0.145770850690462
"Com_6373_neg",1.10218069071895,0.140360757697653,0.520419811902286,0.544675642594859,0.961648884328694
"Com_6381_pos",1.24237805634669,0.313104253286508,0.339265088309737,0.556915544675643,1.41645900221115
"Com_6394_pos",0.638055947031214,-0.648245164681367,0.0881269960664628,0.60546715626275,1.4798770082342
"Com_6398_pos",11.483361223055,3.52147308098381,0.0573417411531931,0.59077927376581,1.47934533704605
"Com_6418_pos",1.01003333271844,0.0144029050108106,0.653910277567137,0.477764177886577,0.668177252652326
"Com_6434_pos",1.53645275205057,0.619603402836898,0.815287075668323,0.499796001631987,0.185439943342435
"Com_6436_pos",3.23279284408855,1.69278106317652,0.030851595676332,0.630762953896369,1.72913706880325
"Com_6444_pos",3.10522820029529,1.63469929464121,0.0017575193431454,0.673602611179111,2.5211211843291
"Com_649_pos",0.259687252854989,-1.94515289602022,0.33618384532432,0.539779681762546,0.807186490302884
"Com_6502_neg",1.10312652907724,0.141598278148688,0.928405923832738,0.49734802121583,0.151253365472306
"Com_6507_neg",1.27005128349352,0.344886752862015,0.0371138037473396,0.612403100775194,1.79428598954316
"Com_6510_neg",0.127640730364644,-2.9698393259833,0.817016061044914,0.527131782945736,0.627046133159976
"Com_6511_pos",1.02231948042479,0.031846116821634,0.681719144324826,0.543043655650755,0.622698239961767
"Com_6541_pos",0.815556951859786,-0.294142468352683,0.788922880201026,0.498572011423909,0.246457490109521
"Com_6545_pos",0.793880621393149,-0.333006014310849,0.662219172328779,0.507139942880457,0.434132781900163
"Com_6554_neg",0.910631374261998,-0.135060929059299,0.954861734273304,0.508363933088535,0.0688550735985792
"Com_6575_pos",0.928131630745114,-0.107598667167893,0.287716668358377,0.570379436964504,1.24063745395734
"Com_6582_pos",1.11257721389807,0.153905463937235,0.410094427812834,0.55405956752346,1.535385209481
"Com_6587_neg",0.397229379969362,-1.33195576313747,0.519376522090247,0.520603835169319,1.0606513252634
"Com_6595_pos",1.07429526277829,0.10339056278569,0.226955686015479,0.597307221542228,1.01750468204975
"Com_6606_pos",1.36329171693963,0.447094302826402,0.136203200781811,0.570379436964504,1.16761451055581
"Com_6609_neg",1.00275760432183,0.0039729067415973,0.765032174246243,0.509587923296614,0.306523491724914
"Com_6620_neg",1.35490794616486,0.438194836728355,0.786024517951959,0.511219910240718,0.559503689366489
"Com_6627_pos",0.822450241342173,-0.281999697182834,0.247091020160349,0.545491636066911,1.07630533842882
"Com_662_pos",1.27487552081106,0.350356388828697,0.163178867632803,0.582211342309262,1.14172527496659
"Com_6648_neg",1.14692122148837,0.197766300445962,0.909265179398125,0.502243982048144,1.0562448294656
"Com_6654_pos",0.711198869501081,-0.491675063979635,0.301078600318475,0.561811505507956,0.821589746635127
"Com_6665_pos",1.44409585448186,0.530166506903713,0.708617387862682,0.533251733986128,0.880845892560231
"Com_6669_pos",2.19218327849583,1.13236842052629,0.207649241834299,0.568339453284374,1.00418434282054
"Com_666_pos",0.995718550425222,-0.0061900868177081,0.428785616794463,0.547123623011016,1.48296323619139
"Com_6682_pos",0.460458843560543,-1.11885588285867,0.922412080952956,0.544675642594859,0.474305715119477
"Com_6684_pos",6.7316583882645,2.75096196602294,0.158466913033275,0.567115463076295,1.15246211611598
"Com_6694_pos",0.952761647372226,-0.0698127550055855,0.554424460136611,0.503059975520196,1.31150041480997
"Com_669_neg",0.423210480324954,-1.24055274029548,0.761923557678594,0.508363933088535,0.43593038446891
"Com_6702_neg",1.0712902487631,0.0993494079318188,0.773690119226638,0.512443900448796,0.488090862474625
"Com_671_neg",0.924077204057853,-0.113914705087536,0.740986250185446,0.493676050591595,0.390974223937158
"Com_6727_neg",1.17105474999349,0.22780852733155,0.519680748046785,0.552019583843329,0.944542051818083
"Com_6757_pos",1.23870169437897,0.308828797763937,0.278002012523702,0.55609955120359,1.37950704797509
"Com_6773_pos",0.767410956047917,-0.381928732965724,0.611182256280839,0.505915952672379,0.700223606221856
"Com_677_neg",0.657051909982422,-0.60592074060185,0.412576968281599,0.529987760097919,0.726777597168543
"Com_6780_pos",0.872041876631268,-0.19753067805302,0.361789439424288,0.560179518563852,0.913771272205555
"Com_6792_pos",0.712100564388086,-0.489847098781393,0.595002422202994,0.558955528355773,0.816925606230339
"Com_6806_pos",0.733299164231114,-0.447526199802318,0.140453521212428,0.583027335781314,1.32919966775518
"Com_6823_neg",1.16405062506022,0.219153803035807,0.457495492422175,0.531211750305998,0.943916501549689
"Com_683_neg",0.368947675576002,-1.43851186814007,0.577110429394252,0.486332109343125,0.510363010210537
"Com_6840_pos",0.887206771204741,-0.172657718627795,0.807435744371062,0.487148102815177,0.436385169114029
"Com_6848_pos",1.91348014368445,0.936198930138048,0.323902723327125,0.556915544675643,1.09935209333694
"Com_6856_pos",0.373686761727208,-1.42009863935388,0.333061193953912,0.538147694818441,1.00810976997421
"Com_6929_pos",0.798308935470709,-0.324980935632286,0.535850452958783,0.476132190942472,0.482929786822042
"Com_6939_neg",0.866879539334206,-0.206096562892735,0.575440514814534,0.481028151774786,0.942876207325191
"Com_695_neg",0.778167522532611,-0.361847325395017,0.299926018712154,0.569563443492452,0.944087940747842
"Com_695_pos",0.298226237099911,-1.74552090745776,0.0416934451543088,0.602611179110567,1.61869896739929
"Com_6965_neg",1.22884137506239,0.297298697500164,0.677108760523877,0.503875968992248,0.453476957594383
"Com_6968_pos",5.01040631361775,2.32492760199786,0.451936783449553,0.545491636066911,1.43500198720442
"Com_696_neg",1.31148733823372,0.39120387915791,0.628104405051189,0.533251733986128,0.373925878664113
"Com_7005_neg",0.984053311163697,-0.0231916190910361,0.762838103174566,0.500203998368013,0.601448104594254
"Com_702_neg",1.75039269668158,0.807678623771416,0.193376164329252,0.584251325989392,1.56629889561481
"Com_702_pos",0.5290116822636,-0.918628512892738,0.188151204649468,0.572419420644635,1.22775592163248
"Com_7030_neg",1.00579400436348,0.0083348585085996,0.665420986025805,0.54141166870665,0.575536209432426
"Com_7045_pos",0.864050718401629,-0.21081209611094,0.974884948255565,0.514483884128927,0.877586589956154
"Com_704_pos",1.04464731568042,0.0630159549376478,0.581915272105166,0.543451652386781,0.715280275219856
"Com_7080_pos",1.20535828872875,0.269462046489226,0.940387984935879,0.528355773153815,0.10582858462125
"Com_7084_neg",0.521717131681665,-0.938660286811378,0.773215676747934,0.526315789473684,0.941413897019626
"Com_7098_pos",0.995969163546859,-0.005827019548538,0.842107727184556,0.485924112607099,1.1115551431996
"Com_70_pos",1.01104447410491,0.0158464603065858,0.577962629714384,0.483476132190942,1.06961557884495
"Com_7122_pos",0.966901097427287,-0.048559768317092,0.800927925112155,0.512443900448796,0.692338978354364
"Com_713_pos",1.43473705240187,0.520786355049964,0.753540724667283,0.521419828641371,0.239369547873371
"Com_7144_pos",3.56630285990081,1.83442922565602,0.29382810344924,0.459812321501428,0.984130019335896
"Com_7190_neg",0.889406183579425,-0.169085659853485,0.356737894057087,0.563035495716034,1.14559270557218
"Com_7190_pos",0.825887626862869,-0.275982597984148,0.108304281671415,0.58547531619747,1.53061195977413
"Com_7196_pos",0.801569310363733,-0.319100821675636,0.0910266637040082,0.606691146470828,1.6644113933071
"Com_7206_pos",5.49790333234477,2.45888154068629,0.0695553290139879,0.61281109751122,1.186368933814
"Com_7238_neg",0.841177460725773,-0.249517901183335,0.941491477394427,0.478172174622603,0.735103581306506
"Com_7241_neg",2.08695277871033,1.0613979571383,0.610082988473687,0.53937168502652,0.766799357137701
"Com_7265_neg",0.931487512930623,-0.102391665660133,0.847907322194495,0.50999592003264,0.791661809438667
"Com_7268_pos",2.24737432640748,1.16824044221892,0.788854396215144,0.526315789473684,0.640869337809734
"Com_727_neg",0.645145392303334,-0.632303766727507,0.0457884115140992,0.608731130150959,1.63993432491384
"Com_729_neg",0.300928599800789,-1.73250687013693,0.595400842216601,0.545491636066911,0.801937067650169
"Com_7318_pos",1.09181090500047,0.126723011897948,0.510842299515372,0.548347613219094,1.04471420861707
"Com_731_pos",1.05724062427336,0.0803037664444593,0.536416065045788,0.527539779681763,1.44878683831076
"Com_7327_pos",0.790702385184716,-0.338793318284626,0.255471898045679,0.572827417380661,0.889012261809575
"Com_7328_pos",1.42603062344146,0.51200496341767,0.351574883229371,0.54671562627499,1.5457983438461
"Com_7329_pos",0.921975377434996,-0.117199872786722,0.74155217469637,0.513667890656875,0.339473973432552
"Com_732_pos",1.88723037680818,0.916270545456556,0.803628060321135,0.545491636066911,1.18260861136471
"Com_7338_neg",1.16414523243671,0.219271052271974,0.608907884469901,0.544675642594859,0.684345385899505
"Com_7365_neg",0.937201192866784,-0.0935693044273525,0.861917863488567,0.487556099551204,0.55866358216915
"Com_737_neg",0.131003760676612,-2.93231986761606,0.88966680536848,0.514483884128927,0.142496888354629
"Com_7382_pos",0.978791280300445,-0.0309268458641551,0.936031779896728,0.543451652386781,0.136179762781047
"Com_738_pos",0.189675071396196,-2.39839801411553,0.693264932311435,0.516115871073031,0.944923972066754
"Com_73_pos",15.3629185914034,3.94138041494109,0.710031173391844,0.525091799265606,0.317693426693172
"Com_7406_neg",1.14805327472413,0.199189590965672,0.395824332225197,0.549163606691146,0.689818453931667
"Com_740_pos",1.04786938823472,0.0674589032406465,0.920810635461294,0.47531619747042,1.05617184008895
"Com_7430_pos",1.04212360989002,0.0595264108205166,0.829807202249612,0.507139942880457,0.56660664892034
"Com_7432_pos",0.165959382432244,-2.59109790110937,0.35624860996155,0.518155854753162,0.940840883220932
"Com_7444_pos",0.782245387791771,-0.354306847690971,0.392082591016814,0.541003671970624,0.811578932590017
"Com_7460_pos",1.02228692964778,0.0318001805041676,0.959235072517153,0.484700122399021,0.0853477854620011
"Com_7468_pos",1.19788920840909,0.260494480856079,0.129966653071624,0.605875152998776,1.29625706507877
"Com_7489_pos",1.02501851504665,0.0356499695597311,0.851404599354725,0.514483884128927,0.254050329848926
"Com_7492_neg",0.934410170322722,-0.0978721179786095,0.46332505149046,0.540595675234598,0.982089213433729
"Com_7492_pos",3.16393469043306,1.66171982017708,0.0051162728468137,0.646266829865361,1.93770456985981
"Com_7501_neg",0.991421942983135,-0.0124289047873952,0.923629148984126,0.510811913504692,0.222466215641102
"Com_7511_pos",0.771005245393323,-0.375187419601537,0.451492306075894,0.516115871073031,0.953818624193541
"Com_7515_pos",0.385393741254451,-1.37559495224824,0.699976538035786,0.447980416156671,0.564420886448335
"Com_7528_pos",0.407212676604278,-1.29614562141712,0.479782522782797,0.597307221542228,0.637626266683631
"Com_7534_neg",1.17014264334754,0.22668440870303,0.389129164359434,0.58343533251734,1.20168420541643
"Com_7538_pos",0.688290771229678,-0.538909928811598,0.614019159885393,0.537739698082415,0.547279774978959
"Com_7581_pos",2.67469603081991,1.41937494394493,0.746710147002335,0.525091799265606,1.01182776908311
"Com_7631_pos",0.993274497010955,-0.0097356251187618,0.932407432638533,0.503467972256222,0.283539816792666
"Com_7643_neg",0.956048613047545,-0.0648441168282969,0.924813495251601,0.497756017951856,0.444444082014077
"Com_7661_pos",0.521672615424558,-0.938783392072062,0.0297877717485762,0.617299061607507,1.77129203938172
"Com_7679_pos",0.982785919235723,-0.0250509071041738,0.777704843041398,0.51937984496124,0.302952067660558
"Com_7697_neg",1.69116869734146,0.758020578540787,0.238030911291686,0.546307629538964,0.961874682441122
"Com_76_neg",0.512399359794675,-0.964659421748054,0.787664359656166,0.502243982048144,0.299567703676131
"Com_76_pos",0.0069652778586619,-7.16560337873894,0.752165128388171,0.623011015911873,0.56862667163881
"Com_7705_neg",0.651355936879651,-0.618481967716264,0.902093272120441,0.511627906976744,0.387034345609602
"Com_7710_neg",0.598703881183313,-0.740085472139934,0.899999244983978,0.532843737250102,0.997429485380077
"Com_7716_neg",0.88191763020103,-0.181284178390058,0.543656536879946,0.525499796001632,0.583691154821516
"Com_7728_neg",0.940079174707173,-0.089145827302216,0.504875798057813,0.541003671970624,0.516981814720548
"Com_7734_pos",0.866412388353709,-0.206874223491578,0.521335327603749,0.485108119135047,1.18861015514348
"Com_774_neg",0.985546284965528,-0.0210044676346281,0.343575432564623,0.481028151774786,0.639812433233087
"Com_7755_neg",0.45902077913189,-1.12336863128751,0.853940009444423,0.523051815585475,0.947896297475665
"Com_777_neg",0.97181465898031,-0.0412469004660245,0.544109884234977,0.564667482660139,1.01622915863023
"Com_777_pos",0.860891290779823,-0.216097022369273,0.666972488313115,0.548347613219094,0.872970179733903
"Com_779_neg",0.884268548367706,-0.177443518753139,0.530867958019755,0.549979600163199,0.561151671687925
"Com_77_pos",0.138191663986728,-2.85525750295083,0.746320580538818,0.565891472868217,0.601282136155083
"Com_781_pos",0.817987636255611,-0.2898490576464,0.310083495034161,0.551203590371277,0.840797223437624
"Com_7825_pos",0.98861220228673,-0.0165233813391631,0.337019316843308,0.606691146470828,1.12552940600053
"Com_7829_neg",0.974693326424603,-0.0369797283761983,0.771225330380913,0.507547939616483,0.537287580298512
"Com_7835_pos",3.82822897847008,1.93667712455318,0.0817913145051283,0.54875560995512,1.15767619029543
"Com_7836_pos",0.907171709742655,-0.140552444521648,0.241089559721845,0.577315381476948,1.30761188772293
"Com_7854_pos",1.05319122158905,0.0747674015984703,0.183167227444184,0.566299469604243,0.932983040437542
"Com_7856_neg",0.588387744015631,-0.76516089899486,0.165989543846311,0.562219502243982,1.35276840236326
"Com_7894_neg",0.858643299941766,-0.219869167575494,0.687736172665272,0.499388004895961,0.746415483899866
"Com_7898_neg",1.27117741226656,0.346165394572087,0.623189047755941,0.533659730722154,0.507849430319838
"Com_7912_pos",0.898597276877189,-0.15425340498431,0.454208166439196,0.546307629538964,0.724887476775804
"Com_7915_neg",0.99894522307822,-0.0015225245374007,0.843295169865523,0.524275805793554,0.163609448547952
"Com_7925_neg",0.920606972661365,-0.119342725336775,0.662451049667959,0.520195838433293,0.707295989827022
"Com_7929_neg",1.43599103320963,0.522046740536738,0.473936843069678,0.574867401060791,0.533461130034826
"Com_7941_pos",0.69408401177972,-0.526817798016871,0.931163938353145,0.510403916768666,0.209003499379897
"Com_7947_neg",0.822231631583849,-0.282383220855434,0.0700556865228304,0.61281109751122,1.51883357614694
"Com_7953_pos",0.502699549914586,-0.992231697551487,0.227303595267747,0.549163606691146,0.856229474782355
"Com_7989_pos",1.1530316894858,0.205432164018093,0.263315041760544,0.583843329253366,0.86426536638971
"Com_7990_pos",0.541068565935047,-0.886116666331595,0.622564224922403,0.492860057119543,0.845935624304221
"Com_7_pos",22.880053957931,4.51601854930907,0.130203753055305,0.474908200734394,1.31174658223652
"Com_801_neg",1.03790315888644,0.0536718399270289,0.955050241972368,0.521419828641371,0.743540304690547
"Com_8026_pos",0.503064470737312,-0.991184792962427,0.26230077988204,0.593227254181967,1.09260208021268
"Com_8042_pos",1.16524690208049,0.22063567734023,0.73168787764677,0.520603835169319,0.26836089758881
"Com_804_neg",1.02724746091441,0.038783764547218,0.817870098741528,0.486332109343125,0.643844727374333
"Com_8076_neg",1.18275023883716,0.242145452178391,0.971781540869983,0.515299877600979,1.0044640350423
"Com_8079_neg",1.01384903912178,0.0198428528107392,0.890620101384935,0.545491636066911,0.503279913467328
"Com_8093_pos",1.4848546039957,0.570321670174918,0.35704461313215,0.555283557731538,0.880604884225927
"Com_8100_pos",1.25731393950445,0.33034492216629,0.217064182557582,0.594451244390045,0.951877806348282
"Com_813_pos",42.7169765296848,5.41673763283058,0.0220855491081065,0.58343533251734,1.6428758105288
"Com_8147_neg",0.842528996925602,-0.247201755179367,0.319905363790737,0.553651570787434,1.07101159312571
"Com_8161_pos",1.12027505135997,0.163852988100504,0.158927701634636,0.569155446756426,1.14111034741173
"Com_8167_neg",2.01329660425604,1.00955972962009,0.214962168595021,0.561811505507956,0.959838796845072
"Com_8174_pos",1.07449386956617,0.103657251614728,0.833463441108757,0.495716034271726,0.326226664978767
"Com_8175_pos",0.80337180132498,-0.315860271794475,0.0701168294096719,0.634026927784578,1.33042420175978
"Com_8191_pos",3.45726593349427,1.7896315802209,0.0218813585356232,0.638106895144839,1.742211153154
"Com_8199_pos",1.29440287392788,0.372286716061073,0.831679127081026,0.543043655650755,1.00103191812177
"Com_81_pos",0.173097082063988,-2.53034668980902,0.253172875078975,0.566707466340269,1.38283732643093
"Com_820_pos",1.30600542291936,0.385160887391713,0.831074599616093,0.490820073439412,0.367572433811928
"Com_8216_pos",2.7244607198726,1.4459706908948,0.862002761176119,0.509587923296614,0.121342763873061
"Com_8220_neg",1.44960018276051,0.535655042386731,0.701280797695025,0.509587923296614,0.951689830006607
"Com_8223_neg",1.10254152265383,0.140832989931298,0.910263152390088,0.510403916768666,0.265834872387994
"Com_822_pos",2.14655384257077,1.10202236073617,0.804386044103092,0.525499796001632,0.812071765471347
"Com_8235_neg",1.09145856107395,0.126257357201824,0.150576272080979,0.626682986536108,1.2681884746682
"Com_823_pos",1.1804154005499,0.239294648444426,0.292146398700408,0.554467564259486,0.867287091390531
"Com_8254_pos",0.88853787687919,-0.170494817653052,0.879462280922693,0.508771929824561,0.413742083590063
"Com_8267_pos",0.960659744206608,-0.0579025611503209,0.416815226346999,0.540595675234598,0.75202449086169
"Com_8290_pos",1.47465150553212,0.560374052342831,0.166937413997882,0.576499388004896,1.41530615270087
"Com_8314_neg",1.10538644837071,0.144550830865168,0.258730508107733,0.557731538147695,0.962309082264167
"Com_831_pos",1.18709403373941,0.247434220267316,0.217986462845947,0.591595267237862,1.24726369801863
"Com_8325_pos",1.050040883415,0.0704455004169408,0.718067272563077,0.518563851489188,0.608630043023307
"Com_8351_pos",0.897694268024248,-0.155703911732458,0.995417710313197,0.534883720930233,0.718025095728646
"Com_8376_pos",0.612883408586759,-0.706315444873321,0.455121766613848,0.492044063647491,0.619334816415183
"Com_837_pos",0.60063304866599,-0.735444236318005,0.486339643136629,0.478580171358629,1.00862034122046
"Com_839_pos",2.88104298563395,1.52659118590503,0.239627716718739,0.623011015911873,0.831447995840377
"Com_8400_pos",0.762777443621363,-0.390665913083509,0.147122899394035,0.586291309669523,1.45920365059962
"Com_8421_pos",1.27553555661773,0.351103115828731,0.298412989341785,0.53406772745818,0.976684996508993
"Com_8468_pos",0.949100925392054,-0.0753665863336008,0.99338957509889,0.494492044063647,0.29321046174879
"Com_847_pos",0.972692890365308,-0.0399437220335549,0.500366334702742,0.543859649122807,0.530928336589249
"Com_8488_pos",1.09643147815966,0.132815653134891,0.984113502900498,0.531211750305998,0.660844000921311
"Com_8497_pos",0.95348174281562,-0.068722780682354,0.904982369326675,0.476540187678499,0.262592674457169
"Com_8521_pos",0.833047734309109,-0.26352892933501,0.131795950737165,0.594043247654019,1.57088730634608
"Com_8541_pos",0.384163610381683,-1.38020722764935,0.762336613516708,0.508363933088535,0.898787466738291
"Com_8559_neg",0.983714857347181,-0.0236879028050289,0.945592815056089,0.511219910240718,0.171189739432535
"Com_8564_pos",0.798563201239879,-0.324521502520622,0.308864008706631,0.529987760097919,1.13506193231429
"Com_8587_pos",1.09642833518097,0.132811517567499,0.57505482173488,0.51937984496124,0.542680707627675
"Com_859_pos",1.34512343124478,0.427738563469101,0.550305119317159,0.535291717666259,0.604279679608491
"Com_85_pos",0.848365709830186,-0.237241785260879,0.569064663383511,0.528355773153815,0.450700801762111
"Com_8600_pos",1.09313093996206,0.128466223625966,0.558899256682756,0.527947776417789,0.472840332436767
"Com_8605_pos",0.884977586095352,-0.176287178492375,0.201281489112239,0.456548347613219,1.06769990093806
"Com_8614_neg",0.271685996039788,-1.87998789062535,0.207401581584469,0.508363933088535,1.43382023379445
"Com_8626_pos",3.95863587280865,1.98500337005734,0.376177580865314,0.520195838433293,0.992308755912726
"Com_8629_pos",0.997004436779304,-0.0043281700981369,0.743088186952579,0.494084047327621,0.33523047002939
"Com_8648_pos",2.2041962001747,1.14025264696757,0.993073124259726,0.492860057119543,0.223609345544318
"Com_864_pos",26.4092365515079,4.72297069100526,0.527462459921042,0.498572011423909,0.561128297538911
"Com_8652_pos",0.653985503428642,-0.612669438312939,0.901314521828024,0.505099959200326,0.137053577234717
"Com_8663_neg",0.81346825947584,-0.297842040065356,0.53934560740659,0.533251733986128,0.537203103069293
"Com_8664_pos",0.851565916023267,-0.231809887896903,0.532557885820588,0.533251733986128,1.22464621356201
"Com_8681_pos",0.927599119536288,-0.108426644288131,0.871724269806648,0.520603835169319,0.284038805095354
"Com_8723_pos",0.870384942122247,-0.200274497069186,0.354179214448168,0.541819665442676,1.00367706488123
"Com_8728_pos",1.11058976448012,0.151326004804374,0.810638786167283,0.530803753569971,1.06183357680713
"Com_8763_neg",1.11913793593504,0.162387862253003,0.615997362597733,0.540595675234598,0.702044475501958
"Com_8763_pos",0.758547544768217,-0.398688485342365,0.359206776041165,0.542635658914729,0.919470067547534
"Com_8774_neg",0.960689640887999,-0.0578576637523568,0.894208102857736,0.529171766625867,1.2039703133199
"Com_8779_pos",0.906989458769682,-0.140842311354158,0.714710613686405,0.538963688290494,0.504356562538363
"Com_8781_pos",1.25917698133662,0.332481072693229,0.070114482703431,0.623011015911873,1.60247404066882
"Com_8825_pos",0.896692072741563,-0.157315451323264,0.25041935811479,0.566299469604243,1.29679335565946
"Com_8841_neg",1.07862985814307,0.109199875544389,0.206561907894035,0.587923296613627,1.02964786690301
"Com_8879_pos",0.975831148079024,-0.0352965607298511,0.698758520712497,0.527539779681763,0.760502207571117
"Com_8880_pos",3.48970071066534,1.80310331100398,0.0481382588143429,0.60750713994288,1.38044585388018
"Com_8883_pos",0.822425197849476,-0.282043627710171,0.74822701370067,0.504283965728274,1.16638321029576
"Com_88_neg",1.5297836183351,0.613327604008363,0.533063645165699,0.541003671970624,0.731067777019258
"Com_8918_pos",1.81869283324134,0.862901900669493,0.65732692493929,0.566707466340269,0.425817964107993
"Com_8921_pos",5.40871383185772,2.43528556835824,0.0034960424548285,0.639738882088943,2.17133055368113
"Com_8930_pos",0.997176526649866,-0.0040791724314091,0.9950065774396,0.515707874337005,0.672410257553251
"Com_893_neg",1.18365862763412,0.243253061345608,0.260095956258419,0.569971440228478,0.893069608542462
"Com_8949_pos",5.03957321233124,2.33330156100208,0.0719954613612054,0.592411260709914,1.40468078687072
"Com_8967_neg",0.777723737067706,-0.362670322635793,0.0015306853250667,0.694410444716442,2.26928359137766
"Com_8968_neg",0.867514999303475,-0.205039392834888,0.468452821265226,0.577315381476948,1.10907353103481
"Com_8970_neg",0.656332736202585,-0.607500702043337,0.617160041174017,0.477356181150551,0.669257255008127
"Com_8996_pos",1.16548603804905,0.220931721791492,0.33893722863005,0.559363525091799,0.970848865658727
"Com_89_pos",1.53131775524358,0.614773679538118,0.4349118539932,0.543451652386781,0.610342408535737
"Com_9019_pos",0.897490059393234,-0.156032135164494,0.645806979389243,0.524275805793554,0.658185299542376
"Com_902_pos",0.914917254414298,-0.128286823670166,0.938089105884711,0.49734802121583,0.28312800735155
"Com_9036_pos",0.985803552787681,-0.0206279144666419,0.949748933894558,0.530803753569971,0.19674216377308
"Com_9043_neg",0.762377144664894,-0.391423225603915,0.108419522072123,0.608731130150959,1.34924314763293
"Com_9043_pos",4.08990966962913,2.03206897993543,0.145096266720166,0.599755201958384,1.29301327281322
"Com_9066_pos",1.09592538198442,0.132149573201943,0.932134718329089,0.508771929824561,0.146799257207281
"Com_907_neg",0.877328336985723,-0.188811227711579,0.290755462825848,0.565891472868217,1.16463906113193
"Com_907_pos",0.415200615917842,-1.26811951106402,0.700855321493453,0.510811913504692,0.583121063390695
"Com_9100_neg",0.925841082036902,-0.111163514612354,0.654693929073268,0.513259893920849,1.40290341187726
"Com_910_neg",0.873783947796994,-0.194651492477161,0.388220302188313,0.540187678498572,1.4296645562664
"Com_910_pos",1.03961984528562,0.0560560787668083,0.802721925347181,0.495716034271726,0.304342753621883
"Com_9112_neg",0.976545869803488,-0.0342402836643902,0.240897200630181,0.444308445532436,1.56039050064586
"Com_9152_pos",0.944512377815959,-0.0823583916599639,0.787724220052492,0.529579763361893,0.804177977780481
"Com_915_pos",0.781327301443486,-0.356001068603266,0.678145409847879,0.529579763361893,0.941746271064107
"Com_9160_pos",1.00407438673759,0.0058661551472836,0.231535300190949,0.567931456548348,1.13005995696025
"Com_9175_pos",1.2177210407358,0.284183674097159,0.450423562539082,0.563851489188086,0.704459573221672
"Com_918_pos",0.757540111598091,-0.400605813864084,0.558886415531893,0.579355365157079,0.510694581434585
"Com_9190_pos",0.565734452072191,-0.82180306405021,0.750968133517122,0.555283557731538,0.516007401363169
"Com_9193_pos",0.984526546527958,-0.0224979877672403,0.555703939156436,0.534883720930233,0.643729393922474
"Com_9199_pos",3.02944841665,1.59905514056178,0.0127800774005159,0.619747042023664,1.56751716433766
"Com_9205_pos",1.00214180269675,0.0030866637954405,0.716571399986467,0.541819665442676,0.552061623223924
"Com_9247_neg",1.03794199101193,0.0537258159327834,0.945366230671576,0.489596083231334,0.0937111356841901
"Com_924_neg",1.26154034218576,0.335186342295764,0.785120357939072,0.53937168502652,0.440433775819927
"Com_9254_pos",1.26355893222687,0.337492952963918,0.433445563180366,0.572011423908609,0.874130764414239
"Com_9255_pos",1.17491022350173,0.232550522699108,0.798431866516365,0.492860057119543,1.50452756633342
"Com_9266_pos",0.199231904478976,-2.32747939954981,0.673918561653011,0.488372093023256,0.974406103551185
"Com_9322_pos",1.4930135356046,0.578227244950761,0.370449094845936,0.530803753569971,0.972491408762825
"Com_934_pos",1.0537657291046,0.0755541658120496,0.46816164345107,0.540187678498572,0.648824241446772
"Com_9372_neg",1.04296959097428,0.0606970949716256,0.695370530484238,0.538147694818441,0.66555558046179
"Com_940_pos",1.36268582414275,0.44645297799185,0.203642163281319,0.554875560995512,0.948994943206932
"Com_9414_pos",1.34177249847962,0.424140079035402,0.886661586592423,0.535291717666259,0.555463418341873
"Com_9421_pos",0.583773499567876,-0.776519373786418,0.0346114603033314,0.593227254181967,1.85743232285636
"Com_9430_neg",1.08407697057209,0.116467193149717,0.834639934270989,0.503875968992248,0.195531813320708
"Com_9432_pos",0.708193566235366,-0.497784357629154,0.24588037703568,0.572827417380661,0.893907022490676
"Com_9436_pos",1.44007094976988,0.526139892472862,0.378058050974765,0.549979600163199,0.683471692859245
"Com_9446_neg",3.37586270591899,1.75525623179465,0.427785692199058,0.545491636066911,1.01629589711562
"Com_944_neg",0.931711215833081,-0.102045234477482,0.87695417432735,0.516115871073031,0.394308106168396
"Com_944_pos",3.24029006599813,1.69612296682773,0.665849507395976,0.572827417380661,0.542390119933691
"Com_9450_neg",1.47412695006758,0.559860772971905,0.60700350941883,0.567523459812321,0.493254479807712
"Com_9457_pos",0.716063868744607,-0.481839821627336,0.231677738141445,0.568339453284374,1.12123794736445
"Com_9461_pos",0.799943084793832,-0.322030737645726,0.257336408138622,0.56140350877193,0.888449704180913
"Com_9485_neg",1.03773191915484,0.0534337954704126,0.79633742625548,0.519787841697266,0.474205845552859
"Com_9536_pos",0.757540526814588,-0.400605023106462,0.200113452799163,0.578947368421053,1.01586441892329
"Com_9538_neg",1.02538481288314,0.0361654350494871,0.939019574093095,0.511219910240718,0.72049328740491
"Com_9542_pos",0.70348169041899,-0.507415220090054,0.934811498772033,0.524275805793554,0.720894071367348
"Com_9570_pos",1.08423641391423,0.116679365542387,0.436344626584131,0.567523459812321,0.950911437194268
"Com_9582_neg",0.622475522843012,-0.683910986650078,0.814241411293288,0.540187678498572,0.716878796618298
"Com_9584_pos",0.887468847562201,-0.172231616798264,0.759855303761087,0.513667890656875,0.248494353620589
"Com_9592_pos",0.869689550346203,-0.201427595197483,0.0942123705209371,0.552019583843329,1.46075086523177
"Com_9600_neg",0.929093098919367,-0.106104927106468,0.667365793736588,0.550795593635251,0.431095605242675
"Com_961_pos",1.3865918871119,0.471543224518849,0.957256733709002,0.475724194206446,0.315600808267948
"Com_9627_pos",1.05607542288211,0.0787128728898486,0.844606834007052,0.49000407996736,0.392516546883213
"Com_9637_neg",0.39391521797211,-1.34404294178714,0.580377733536456,0.527539779681762,1.19928510388529
"Com_9640_neg",1.13795121856757,0.18643871384917,0.946530153105793,0.515299877600979,0.47509402518751
"Com_9642_pos",1.03069230368944,0.0436137039998402,0.695030301887236,0.53202774377805,0.535712144912669
"Com_9652_pos",3.54807000651303,1.82703447555013,0.495228657037097,0.550795593635251,0.706484293767358
"Com_9657_pos",0.829049306375244,-0.270470188645571,0.828280900561993,0.4953080375357,1.45523614165308
"Com_9669_pos",0.803472670406034,-0.315679142474535,0.983473657130151,0.488372093023256,0.227282925771357
"Com_9682_neg",1.35016128456426,0.433131755826274,0.728883012103296,0.52672378620971,0.514698414361364
"Com_9692_neg",0.976884545338426,-0.0337400298382661,0.684572812132211,0.48796409628723,0.405324947704492
"Com_9711_neg",1.45325141528287,0.539284313572781,0.911523824583744,0.488372093023256,0.391255030325552
"Com_9733_pos",1.54488931222244,0.627503476040135,0.126708874669261,0.565483476132191,1.0722009341773
"Com_9758_neg",0.837982039774522,-0.255008771494837,0.283888470266954,0.494084047327621,0.996369210464625
"Com_975_pos",0.914691393345435,-0.128643018582157,0.39790177944941,0.547531619747042,0.850981655832983
"Com_9762_pos",1.24769679449493,0.319267384340377,0.458843533592657,0.530395756833945,0.634082019185683
"Com_9775_neg",0.664133083478785,-0.590455727356479,0.0505338203934653,0.614443084455324,1.65946582458173
"Com_9799_neg",1.30712893931728,0.386401460137561,0.833090980586905,0.51203590371277,0.41167356965246
"Com_97_pos",0.858242730617414,-0.220542362392127,0.366326071406989,0.594043247654019,0.707774655776989
"Com_9820_pos",1.15840068222563,0.212134357191252,0.195938987643522,0.581803345573235,1.07414628072122
"Com_9841_pos",0.930977144120554,-0.103182345437012,0.91800023190989,0.515299877600979,0.783359679833677
"Com_9848_pos",1.07942542701913,0.110263577046444,0.695477658270499,0.485108119135047,1.06480025285888
"Com_9881_neg",1.03558195452131,0.0504417309634049,0.724922843263238,0.525499796001632,0.753625577219697
"Com_9883_pos",0.769980634744928,-0.377105932857462,0.216715063771109,0.580579355365157,1.31097788026617
"Com_988_pos",1.08110143000247,0.112501884494222,0.662999932258945,0.529579763361893,0.887946789209973
"Com_9896_pos",0.903935272095752,-0.145708625310839,0.0195489016915107,0.666666666666667,1.43359365556666
"Com_9921_pos",1.24220958412732,0.312908603890346,0.262790082772383,0.569563443492452,1.10315919816497
"Com_9948_neg",0.872806508300869,-0.196266235367936,0.396802692639837,0.512443900448796,1.01855279936081
"Com_995_pos",0.394803552236333,-1.34079312441755,0.963592524618169,0.485924112607099,0.567879594852847
"Com_9968_neg",0.826413673106621,-0.27506397093617,0.628526121285766,0.518155854753162,0.732908815474665
