"Compound_ID","FC","log2FC","Pvalue","ROC","VIP"
"Com_10002_neg",0.680208451529482,-0.555951163372741,0.163921151569821,0.581777023203169,1.27892481701083
"Com_1005_pos",1.19084016273918,0.251979784404018,0.938151677546242,0.533106960950764,0.305877139171297
"Com_10068_neg",1.44029857075441,0.526367910207342,0.60519271173756,0.542161856253537,0.424560735133026
"Com_10088_neg",1.16377930658758,0.218817498556317,0.332477254165371,0.554046406338427,1.11248746819646
"Com_10149_pos",0.933861523295767,-0.0987194576567128,0.414230857341683,0.543010752688172,0.880815920246104
"Com_1015_pos",0.939495738148567,-0.0900414777506778,0.382185593700196,0.571307300509338,0.843394003484476
"Com_1018_pos",0.847944813776485,-0.23795772099719,0.1853515572152,0.585172608941709,1.40131599416257
"Com_10205_neg",0.829589829433504,-0.269529887712827,0.158887752347087,0.591680814940577,1.29003784720425
"Com_10210_pos",0.983667819725368,-0.0237568888183029,0.613951196310346,0.56989247311828,0.394380367103136
"Com_10212_pos",0.903157995882074,-0.146949704150431,0.944314930416589,0.504810413129598,0.311103895048618
"Com_10224_pos",1.0672003164357,0.0938309994088869,0.201849567067212,0.568760611205433,1.05114663551601
"Com_10241_pos",0.824945039259564,-0.277630089745823,0.965880055438447,0.497453310696095,0.249816197206021
"Com_10243_pos",1.51194554427781,0.596406178966965,0.540219337832318,0.558573853989813,0.680938135746336
"Com_10253_neg",0.877530403014832,-0.188478984833254,0.0150492973563119,0.629598189020939,2.22217017820417
"Com_10260_pos",0.922874416475322,-0.115793753684776,0.0679673455760983,0.567062818336163,1.71956770301796
"Com_10285_pos",1.15947518936476,0.213471949295357,0.881267421537301,0.50509337860781,0.329809022951738
"Com_10309_neg",1.07983207020446,0.110806969499245,0.74614885851819,0.537068477645727,0.29380002017558
"Com_10319_pos",1.45387102173235,0.539899288129148,0.292053334031018,0.568760611205433,0.915405174677235
"Com_1031_pos",22.3800316333773,4.48414017040115,0.212627295162439,0.59734012450481,1.23489270747204
"Com_10349_pos",0.958625865987464,-0.0609602270894781,0.417480884875304,0.527447651386531,0.865266652918238
"Com_10363_neg",0.901926361194642,-0.148918447078728,0.320903824947141,0.546406338426712,0.942880574697045
"Com_10379_neg",0.699224065350726,-0.516173255637127,0.0271838170675185,0.598189020939445,1.98140956268944
"Com_1037_pos",0.831837413254769,-0.265626520863333,0.0497623873257388,0.624221844934918,1.80372701442051
"Com_10427_neg",0.697758601716154,-0.519200090462738,0.382195043788043,0.469156762874929,0.700183023645856
"Com_1042_pos",19.9175645674658,4.31596934664859,0.997818947250657,0.616298811544992,0.038477453793166
"Com_10430_neg",0.962667727980298,-0.0548901679651837,0.858353828210049,0.498585172608942,0.442948565680846
"Com_10431_pos",0.8177857990388,-0.290205084400417,0.100416948748395,0.599603848330504,1.32400348744391
"Com_10432_pos",1.07487355016265,0.104166948853398,0.325613557570734,0.549235993208829,1.00833358619477
"Com_10476_pos",0.865065727080267,-0.209118343027796,0.668367949840667,0.493491794001132,0.56947183943387
"Com_10486_pos",1.04189414655602,0.0592087114013621,0.817021966550473,0.522354272778721,0.629067983775069
"Com_10491_pos",0.894237934864357,-0.161269346501956,0.515133978860411,0.5461233729485,0.603540222844311
"Com_10493_pos",2.03164147671919,1.02264583252584,0.66679924532646,0.537917374080362,0.452713929730598
"Com_10504_pos",0.849078042062302,-0.236030931307197,0.0781595286430937,0.584889643463497,1.55172534137903
"Com_10515_neg",0.740532750808009,-0.433364553318604,0.0241455283650411,0.603282399547255,1.96858221618007
"Com_10515_pos",1.63969156997534,0.713424465871143,0.414739427662337,0.524900962082626,0.789033814891414
"Com_10544_pos",1.20691520557511,0.271324320008801,0.0530342046258394,0.608658743633277,1.77948060684383
"Com_10547_pos",0.966422805020733,-0.0492735960375625,0.929559746413214,0.51528013582343,0.515329623182739
"Com_10548_pos",3.29192269838704,1.71893045849251,0.0733086748458913,0.591963780418789,1.70764946351701
"Com_1054_pos",1.11448427443022,0.15637626005967,0.910224145659854,0.518392756083758,0.32594172394357
"Com_10554_neg",1.11939489602537,0.162719074772525,0.957341865133874,0.525466893039049,0.0531424421267592
"Com_1055_neg",2.54871717459706,1.34977128962353,0.931602383163021,0.521222410865874,0.223778403820737
"Com_1055_pos",0.942421581886231,-0.0855555169629184,0.354981105040959,0.584606677985286,0.769454125396263
"Com_10572_pos",0.937081768136817,-0.0937531544323954,0.467495664604643,0.536502546689304,0.881017447616328
"Com_10618_pos",1.25110306593354,0.323200643689487,0.247078167404636,0.54272778720996,1.16532135661596
"Com_10627_pos",0.791479488696656,-0.337376131687317,0.0928077348018499,0.570458404074703,1.57974013872962
"Com_10644_neg",1.29383213668422,0.371650452506142,0.7538454350852,0.485002829654782,0.305548498441657
"Com_10650_pos",0.547025895751639,-0.870318964267761,0.0059183694386584,0.644595359366157,2.40768017709378
"Com_1066_neg",0.509956270507793,-0.971554555698186,0.339194872061795,0.48471986417657,0.862427146368342
"Com_106_pos",1.25833902562404,0.331520669984904,0.901289519477884,0.529428409734013,0.286673789440367
"Com_10715_pos",1.20151045747904,0.264849205178138,0.743402336715427,0.576400679117148,0.308615690139442
"Com_10717_pos",0.653856655413213,-0.612953705634087,0.989444836425006,0.54102999434069,0.110024108322226
"Com_10738_pos",4.23014695134152,2.08070778208971,0.0411934704501471,0.584889643463497,1.9497205620267
"Com_10747_pos",0.374422745566043,-1.41726001595273,0.535973451006009,0.494057724957555,0.585475879579883
"Com_1074_pos",0.993863960947482,-0.0088797041641363,0.989295986694886,0.503112620260328,0.426448468931468
"Com_10761_pos",1.64435468726764,0.71752152187281,0.286794380716279,0.5461233729485,1.08342312644808
"Com_10763_neg",1.29617615351503,0.374261797337466,0.72908956136265,0.537351443123939,0.506749346176844
"Com_107_pos",0.610604228544492,-0.711690514384521,0.0376906224909513,0.610073571024335,1.97663947055309
"Com_10805_neg",0.537147012728578,-0.896611098841382,0.0216480321130648,0.634691567628749,2.1458133268333
"Com_10813_pos",1.92514554045175,0.94496751726257,0.113201885666544,0.567628749292586,1.49735399965956
"Com_10814_pos",2.8526350594958,1.51229519328069,0.0331270512035263,0.607809847198642,2.00982004220485
"Com_10818_pos",0.817929078697249,-0.289952340042526,0.113596353764878,0.575834748160724,1.36536778819168
"Com_10901_pos",1.01315488237508,0.0188547377660748,0.882690307328744,0.488398415393322,0.58825234719594
"Com_1090_neg",0.113285738527356,-3.14196184229812,0.800416922648089,0.45557441992077,0.421063958980024
"Com_10916_pos",0.415117886181766,-1.26840700021442,0.99835332756482,0.480475382003396,0.111561846601809
"Com_10943_pos",0.917893003166776,-0.123602103336801,0.822871135226155,0.514431239388795,0.324969391304161
"Com_1094_pos",28.5252007342976,4.83416513380646,0.134886152734583,0.522920203735144,1.3695521684158
"Com_10958_pos",0.993947373545643,-0.0087586273398954,0.790802119786827,0.509337860780985,0.601769593832728
"Com_10959_neg",1.38008681563652,0.464759023922836,0.178748763407932,0.575268817204301,1.21199490214952
"Com_10962_pos",1.15763651522462,0.21118233450009,0.811250164390835,0.494623655913978,0.492413398197498
"Com_10969_pos",1.07216269286888,0.100523840857239,0.804985229830097,0.508205998868138,0.276402650569811
"Com_1097_pos",6.64659088439124,2.73261455485474,0.552514936889099,0.519241652518393,0.726708517677006
"Com_10985_pos",1.01547431907965,0.0221537549418782,0.623899202145674,0.55461233729485,0.462643600733646
"Com_11050_neg",0.947869002111442,-0.0772404060834859,0.355365630564571,0.56819468024901,0.896995649560648
"Com_11054_pos",0.831255227162656,-0.266636587292421,0.629004428011899,0.523769100169779,0.433427458049683
"Com_11055_pos",0.489828516832432,-1.02965132773285,0.469941659920278,0.526315789473684,0.637926233838686
"Com_11069_pos",3.55855772643488,1.83129263935843,0.778096195909574,0.498019241652518,0.259543717487541
"Com_11102_pos",1.01056839472137,0.0151669658405673,0.504817925403058,0.539049235993209,0.628228451422489
"Com_11118_pos",3.72061200259688,1.89553994942224,0.0580628530182458,0.554895302773062,1.86640341094329
"Com_11125_pos",13.9345846509986,3.80059809547225,0.0042745547980285,0.576683644595359,2.98614444225698
"Com_11132_neg",0.945567803392782,-0.0807471823376188,0.715969060450962,0.491794001131862,0.756218100770542
"Com_11138_neg",1.24567919826342,0.316932576656761,0.913563985034641,0.49490662139219,0.594100537444063
"Com_11145_neg",1.01762891602277,0.0252115706346216,0.90917666548854,0.529145444255801,0.444140839747411
"Com_11146_pos",0.957230599683422,-0.0630615788029346,0.640803858448734,0.481041312959819,0.887127345289938
"Com_1115_pos",0.395882863902832,-1.33685447434293,0.0572674683786605,0.592246745897001,1.67357307510319
"Com_11194_pos",0.891540977268014,-0.165626985940357,0.349010794918456,0.55970571590266,0.848688268216116
"Com_11196_pos",0.526008707872941,-0.926841411907576,0.0312395706404501,0.605263157894737,1.98960505236622
"Com_111_pos",0.795143620162256,-0.330712628978019,0.0513207075962838,0.603565365025467,1.91732595338709
"Com_11223_pos",0.615013676179486,-0.701309602586794,0.251243924702121,0.601301641199774,1.11654956335171
"Com_11234_pos",2.11211243628898,1.07868663723371,0.187107689858158,0.558856819468025,1.23749171003212
"Com_11236_neg",0.780516638313904,-0.357498708350919,0.127165050031907,0.579230333899264,1.33557012710137
"Com_11252_pos",1.95452208682178,0.966815887706359,0.235974717833873,0.558290888511602,1.12046868848367
"Com_11253_pos",2.08032891678129,1.0568116481231,0.0153461808162571,0.655631013016412,2.38229424480322
"Com_1127_pos",1.09621643263943,0.132532666427295,0.473801003812558,0.550650820599887,0.767336509727328
"Com_11294_pos",0.931075151626561,-0.103030475434929,0.807581441864982,0.559988681380872,0.69757902240527
"Com_11314_neg",0.985594643381832,-0.020933679750923,0.671084733433105,0.54272778720996,0.380356829628674
"Com_11325_pos",1.12045332296806,0.16408254878123,0.443320591322819,0.530843237125071,0.998903885851682
"Com_1133_pos",0.824137604442036,-0.27904285375086,0.223266814438447,0.573288058856819,1.14851942581698
"Com_11347_pos",1.3583013823974,0.4418036229178,0.568721299472474,0.476513865308432,0.549588976001634
"Com_11355_neg",0.900472815924561,-0.151245371140926,0.347888315864065,0.548670062252405,0.992227755681342
"Com_11356_pos",1.0240021749335,0.0342187795590481,0.651844928955285,0.531975099037917,0.411913668026096
"Com_11392_pos",1.61310584794563,0.689841107616951,0.17174182418027,0.584889643463497,1.26441753672951
"Com_11420_neg",0.974425592496458,-0.0373760699324701,0.469671099634633,0.487266553480475,0.767565597325037
"Com_11443_neg",4.27515507217979,2.09597675164934,0.246436176090321,0.523203169213356,1.19123849054057
"Com_11445_pos",0.975710145908421,-0.0354754646887142,0.852295004371265,0.49830220713073,0.444202936894425
"Com_11496_neg",1.11588461730004,0.158187859913655,0.748151684161405,0.524335031126203,0.551669947722346
"Com_1151_pos",0.75075146129548,-0.413592716977478,0.46983657436261,0.468307866440294,0.656241474807841
"Com_1152_pos",1.57599170009866,0.656259936914826,0.348851501448094,0.56819468024901,0.873740675610216
"Com_11537_pos",0.467681246926553,-1.09640251412812,0.748214138705909,0.517543859649123,0.434521603775336
"Com_11544_neg",0.823273183076922,-0.280556861720929,0.23289168711597,0.566779852857951,1.12198727772066
"Com_11572_pos",0.780993841115924,-0.356616923506726,0.0317605156046721,0.600169779286927,1.8760321174122
"Com_11574_pos",0.945214868647006,-0.0812857711674528,0.500668503606333,0.537917374080362,0.780354899418302
"Com_11577_pos",1.76350587710114,0.818446383731582,0.457453171418933,0.519807583474816,0.752340608883045
"Com_11583_pos",0.982103037009082,-0.0260537025429906,0.589284099579728,0.534804753820034,0.52347671757204
"Com_11601_neg",1.03594852992661,0.0509523259354111,0.914213527839682,0.494623655913978,0.536307094500378
"Com_11609_pos",4.54436005637863,2.18407714623628,0.633991294024651,0.494057724957555,0.542593041997529
"Com_11636_neg",1.69817861285589,0.7639882082016,0.880229553898732,0.500565930956423,0.295977834286164
"Com_11638_neg",0.761229704610702,-0.393596235510838,0.856796371842168,0.479909451046972,0.303561286600445
"Com_11657_neg",0.810555761924769,-0.303016655985887,0.967313770316085,0.503678551216752,0.36769181831966
"Com_11657_pos",1.00458319689456,0.0065970491651553,0.538737059048391,0.548953027730617,0.603445717640441
"Com_11685_pos",0.974283874745566,-0.0375859067503387,0.511922154253069,0.521505376344086,0.798402537527965
"Com_11686_pos",0.99071748573551,-0.0134543795907641,0.729695150031907,0.511601584606678,0.306219983688558
"Com_11696_pos",5.81672919542745,2.54020813938879,0.261009489647068,0.574985851726089,1.15153522711256
"Com_11697_neg",0.747743617541101,-0.419384403793621,0.3197231838395,0.530843237125071,0.876719530170072
"Com_116_pos",3.2936355839432,1.71968094051613,0.0008737643325102,0.638653084323712,3.09916824468107
"Com_11705_neg",0.968294545318977,-0.0464821275182917,0.949717369726723,0.493774759479344,0.445173380908456
"Com_11765_neg",1.12159550128152,0.165552467824353,0.853680729739931,0.514714204867006,0.365200328501794
"Com_11801_pos",0.567345791128388,-0.81769978461064,0.439969872432395,0.533106960950764,0.697100837022879
"Com_11802_pos",0.95228245467439,-0.0705385428680671,0.242071434376158,0.55970571590266,1.07551308722451
"Com_11812_pos",0.626625211817866,-0.674325278206041,0.000487055857201,0.678834182229768,3.09195781334221
"Com_11815_pos",0.609383934437371,-0.71457662901632,0.470072271586041,0.510469722693831,0.617901039682328
"Com_11816_pos",1.16030147230539,0.214499698535988,0.499532568136398,0.550650820599887,0.533338071858112
"Com_11824_pos",0.856653017753598,-0.223217127344102,0.159324934682673,0.547255234861347,1.34367553176107
"Com_11848_neg",0.930986129608308,-0.103168421082213,0.435678097485778,0.492076966610074,0.919285457548023
"Com_11855_pos",1.68556717334138,0.753234122851888,0.438408570584245,0.533672891907187,0.794266402342722
"Com_11896_pos",1.07639048356115,0.106201541185889,0.9886074560455,0.507640067911715,0.441805078308444
"Com_11911_neg",0.914680252501313,-0.128660590561698,0.435611340889994,0.475947934352009,0.826031488125578
"Com_11914_neg",1.30889432360763,0.388348622904552,0.566913377804864,0.543859649122807,0.514490840753748
"Com_11941_pos",0.55143995573229,-0.858724290273347,0.311315288858515,0.524052065647991,0.770782986248313
"Com_11954_pos",0.358384243199806,-1.48042088594391,0.455650630960402,0.493774759479344,0.634732580722175
"Com_11957_neg",0.59945143738582,-0.738285211774065,0.734308569538494,0.498019241652518,0.417088323244299
"Com_11962_neg",0.97034407862596,-0.0434316852097542,0.204319358145056,0.546406338426712,1.08977550390321
"Com_11964_neg",1.14997598406327,0.201603732443904,0.8809518400593,0.504810413129598,0.671470897911728
"Com_11_neg",0.459012194660906,-1.12339561239618,0.116253657128987,0.602999434069044,1.32762068636377
"Com_12010_neg",1.05607565950613,0.0787131961397363,0.900059331999478,0.506508205998868,0.368351971166874
"Com_12040_neg",2.1461712615261,1.10176520577565,0.350994614712578,0.509337860780985,0.960219004787894
"Com_12040_pos",1.97813134636531,0.984138223093307,0.655121660631308,0.500282965478212,0.444951773715136
"Com_12042_neg",2.95084297913059,1.56112715382425,0.162806853310974,0.55291454442558,1.35543092850852
"Com_12048_pos",0.801486054097402,-0.31925067726432,0.768969702405758,0.511035653650255,0.357330590615211
"Com_1204_neg",0.571394953372309,-0.807439800609744,0.392615496374526,0.554046406338427,0.74960874686252
"Com_12066_pos",1.47851674311303,0.564150581009381,0.0019533507222708,0.675438596491228,2.407880195239
"Com_12088_neg",1.08588891057636,0.118876519018667,0.865125494144053,0.504810413129598,0.618628437434834
"Com_12102_pos",0.811975100673456,-0.300492607237624,0.52472133951158,0.535370684776457,0.723584976769877
"Com_12109_pos",1.35482876958477,0.438110527681782,0.608036099976377,0.519524617996604,0.735025576819035
"Com_12125_neg",1.6744466473006,0.743684408352124,0.711011197274085,0.510469722693831,0.451063838344823
"Com_12125_pos",0.954007413191321,-0.0679276180351889,0.0661218670444789,0.583757781550651,1.76052156707313
"Com_1212_pos",1.10824173809019,0.148272607293847,0.73864319952807,0.522071307300509,0.783862346082673
"Com_12157_pos",0.841474831120324,-0.249007974325515,0.0898235087506657,0.596491228070175,1.60614245071459
"Com_1219_pos",0.0995525646146666,-3.32839770748839,0.578932714888951,0.56649688737974,0.505782929311612
"Com_12240_pos",1.08783481366571,0.121459501810506,0.697686593968394,0.534804753820034,0.644005804242547
"Com_1226_pos",0.806514585675137,-0.310227470383183,0.1281305167478,0.586870401810979,1.46484408251484
"Com_12282_pos",1.20093229430707,0.264154817637366,0.835939178673047,0.507074136955291,0.444305274690831
"Com_12285_pos",1.20810708646155,0.272748340639562,0.844006951368013,0.488964346349745,0.604707041984643
"Com_1229_pos",0.377639355165122,-1.40491897387681,0.0105394845842397,0.606677985285795,2.23393885903622
"Com_122_neg",1.05752255017872,0.0806884271127404,0.368436147563606,0.466327108092813,0.924947785465145
"Com_12309_pos",0.997190457172967,-0.0040590181701743,0.851307872122119,0.532823995472552,0.431226627403497
"Com_12314_pos",1.28055248487517,0.356766384616272,0.0815669608977094,0.590265987549519,1.66010710594008
"Com_12358_pos",1.06269601101657,0.08772896646505,0.351916868746038,0.552631578947368,0.934270145788549
"Com_12365_neg",0.968125456808867,-0.0467340802510242,0.294102307269774,0.54272778720996,0.989308809217785
"Com_12367_neg",0.433112063879157,-1.20718773717539,0.0016065106995999,0.645727221279004,2.71718275539867
"Com_12368_pos",1.0966744532263,0.13313532663549,0.87356480580154,0.510469722693831,0.738458752603065
"Com_12384_pos",0.952894352179223,-0.0696118241268631,0.182055482689475,0.55800792303339,1.30374698728846
"Com_12396_pos",1.31530940282457,0.395402207438352,0.16675440550799,0.582059988681381,1.19413318623925
"Com_1239_neg",2.67180634620927,1.41781544438075,0.713399911161114,0.516694963214488,0.418707214454274
"Com_12425_neg",1.09953509393303,0.136893651519085,0.547806843728096,0.55631013016412,0.674326515099122
"Com_1243_neg",1.94753655326904,0.961650406451297,0.691690039673099,0.547255234861347,0.415615296404714
"Com_12462_pos",1.61125977973804,0.688189115227269,0.735550166605259,0.504527447651387,0.548415876042671
"Com_12477_pos",0.497306480014191,-1.00779286498652,0.155628355451144,0.523203169213356,1.33316865409025
"Com_12480_pos",1.03834851593551,0.0542907575888555,0.85985643879948,0.507923033389926,0.182888738524558
"Com_12493_pos",1.19114220361508,0.252345658545067,0.396632768333691,0.557159026598755,1.03168474668133
"Com_12521_neg",0.524013540537188,-0.93232400332796,0.294017376066915,0.524052065647991,0.881978431628717
"Com_12554_pos",0.789346935517553,-0.341268558730682,0.0076402114446776,0.635257498585173,2.29873889349874
"Com_12568_pos",0.948939917719444,-0.075611349213409,0.430443781749305,0.550933786078099,0.944077101197256
"Com_12584_pos",0.981652791757988,-0.0267152579082797,0.617716330255479,0.530277306168647,0.723658869101905
"Com_12606_pos",1.06535577765106,0.0913353017544892,0.521566236639071,0.548953027730617,0.602115796137485
"Com_12616_pos",0.383148773341251,-1.38402340799594,0.947952254807432,0.541595925297114,0.243872032630353
"Com_12631_pos",1.43826375214034,0.524328264798768,0.177426233423593,0.573005093378608,1.30532891767168
"Com_12686_pos",1.04383752699017,0.0618971743151898,0.624475149600773,0.529145444255801,0.711921475010058
"Com_126_pos",4.0752127574714,2.02687538109496,0.143471924464085,0.577815506508206,1.2468289990138
"Com_12702_pos",0.789418771375664,-0.341137269792908,0.174679896118813,0.569326542161856,1.20958602928576
"Com_12717_pos",1.02384122971349,0.0339920094156726,0.951984646250828,0.511035653650255,0.166941330570298
"Com_12726_pos",1.05281580838106,0.0742530568964055,0.343121460368536,0.54782116581777,0.835293703100794
"Com_12727_neg",1.02125876757901,0.0303484640634551,0.85943374186676,0.506508205998868,0.432506516532811
"Com_1274_neg",17.93782620972,4.16493316315603,0.603714698849443,0.515563101301641,0.564207152975903
"Com_12770_pos",1.20793687120942,0.272545058990023,0.276284034735553,0.567345783814375,0.993379527563307
"Com_12775_pos",0.844573961285709,-0.243704326203111,0.376442270296305,0.536785512167516,0.794428638865754
"Com_1278_pos",0.644535078266083,-0.633669216729655,0.449232836849622,0.523203169213356,0.72399458909418
"Com_12791_pos",1.77073280620915,0.824346533806999,0.202954462454521,0.570458404074703,1.2381512487132
"Com_128_pos",0.564561939527935,-0.824796223459221,0.236316627351972,0.578947368421053,1.2277658583077
"Com_12923_pos",0.266463866178558,-1.90798818524022,0.742845506414203,0.518675721561969,0.300155957120354
"Com_12941_pos",1.07117431203769,0.0991932687433072,0.795619433481085,0.523203169213356,0.841302580990764
"Com_1294_pos",1.13427449200295,0.181769811647848,0.985276465344467,0.514997170345218,0.359501525916419
"Com_12993_pos",0.916259533777614,-0.126171790167923,0.587604268794487,0.542161856253537,0.66289096519622
"Com_13000_neg",2.24139071088739,1.16439415600038,0.249234188586712,0.461799660441426,1.21833876893505
"Com_13005_pos",1.52008161771471,0.604148788347179,0.237148821258037,0.573853989813243,1.16434213578366
"Com_13010_pos",3.26711386599213,1.70801673669807,0.452898166630968,0.524617996604414,0.796999380306286
"Com_13025_pos",0.458677751352357,-1.12444716521347,0.987966620002775,0.554329371816638,0.174106329984379
"Com_1302_neg",24.7839443708953,4.63133390591236,0.728123319720349,0.514997170345218,0.34284138574778
"Com_1305_neg",0.631290728424104,-0.663623532056366,0.655780114260636,0.524052065647991,0.43273014078212
"Com_13071_pos",1.78107690268051,0.832749809937876,0.999119573508145,0.480475382003396,0.358851904233072
"Com_1310_pos",0.651072732257723,-0.619109376985936,0.173279353275224,0.627334465195246,1.32929368758098
"Com_13127_neg",0.60833529467765,-0.717061385303037,0.483725129706852,0.558856819468025,0.7292373419916
"Com_13132_pos",0.899758756399863,-0.152389857444848,0.956935292515376,0.50169779286927,0.127599473487071
"Com_13135_neg",0.955531699816546,-0.0656243594036055,0.84332445933411,0.48811544991511,0.264140169990907
"Com_13157_pos",0.801858551279631,-0.318580328737355,0.0263804084645779,0.61431805319751,1.92753047589689
"Com_13163_pos",1.19568019200371,0.25783156419484,0.492740512403648,0.552631578947368,0.755567344572941
"Com_13169_pos",1.01329013250099,0.0190473160840526,0.907811576384059,0.511035653650255,0.63673412404517
"Com_13174_pos",0.959170427122097,-0.0601409162248848,0.753879589872711,0.487266553480475,0.433841252503502
"Com_13184_pos",0.879573210779285,-0.185124430285695,0.846596798387765,0.519524617996604,0.182932776664489
"Com_131_pos",0.94623817411136,-0.0797247301800186,0.903808359071377,0.526881720430108,0.107161539461941
"Com_13223_neg",0.94377518454382,-0.0834848568796953,0.968731975024955,0.49490662139219,0.229119738584082
"Com_13237_pos",1.02158813340787,0.0308136721530311,0.667653141014279,0.536219581211092,0.624661210642854
"Com_13248_pos",1.44505051569447,0.531119926959896,0.816670287791163,0.529428409734012,0.434248214143199
"Com_1325_pos",0.183473976147371,-2.44635264841643,0.694167108504625,0.503961516694963,0.516744359257813
"Com_13279_pos",2.2945233591789,1.1981944940459,0.719484152285209,0.507074136955291,0.409406623474672
"Com_1327_pos",4.89819108822476,2.29224905741694,0.646643913168181,0.556027164685908,0.441681045982593
"Com_13301_pos",0.455790649052819,-1.13355676814179,0.203181003366574,0.497170345217883,1.20803103338273
"Com_13304_pos",0.871287601402667,-0.198779081425282,0.386198964882644,0.539049235993209,0.865615337439001
"Com_1330_pos",0.986648694413035,-0.0193916039723392,0.334431919423241,0.534804753820034,1.06753949789109
"Com_13325_neg",0.944415695743454,-0.0825060762103924,0.589358335444492,0.538483305036786,0.497345354813673
"Com_1332_neg",1.04474333546844,0.0631485555808305,0.809994149743861,0.508771929824561,0.635629555886149
"Com_13368_pos",1.60061838320159,0.67862938387617,0.533803069223741,0.519524617996604,0.605969293842089
"Com_13373_neg",0.812811487637586,-0.299007302717416,0.278054707765466,0.462648556876061,1.13463255122243
"Com_13375_pos",0.851008235008828,-0.232755002284098,0.868092131133309,0.507640067911715,0.3563720709234
"Com_13431_neg",1.44540732680174,0.531476112481815,0.345986100684726,0.54951895868704,0.895899805227334
"Com_13438_pos",0.576606005267832,-0.794342232516901,0.0082394107272627,0.624221844934918,2.2275570575191
"Com_13444_neg",1.10431731908837,0.143154781623841,0.419238252008764,0.557441992076967,0.991879796637661
"Com_1348_pos",0.916210873180931,-0.126248410670248,0.949652455625688,0.529711375212224,0.453877574785033
"Com_13491_pos",0.740186618442079,-0.434039040959252,0.896599269143796,0.532823995472552,0.29507274207355
"Com_134_neg",5.43825056921518,2.44314262555098,0.615765175963064,0.50339558573854,0.45508964108987
"Com_13527_pos",0.673366287596052,-0.570536601128222,0.117771256508293,0.556027164685908,1.16572184323225
"Com_13544_pos",1.10182780081032,0.139898769890013,0.544898869073665,0.545274476513865,0.590047839394978
"Com_13550_neg",1.02831907878426,0.0402879901675144,0.724518682710151,0.523486134691568,0.433004814100362
"Com_13556_pos",0.728082349178114,-0.457826460353536,0.936485636501381,0.535653650254669,0.300002359091673
"Com_1356_pos",0.978546765803144,-0.0312872944389108,0.523967779701618,0.537068477645727,0.734043731023066
"Com_13570_pos",0.982668273619169,-0.0252236170542755,0.258372783842823,0.568477645727221,1.12204347871216
"Com_13584_neg",1.3710102213803,0.455239326973959,0.916598280764979,0.525749858517261,0.112086503339917
"Com_13616_neg",0.817595164871124,-0.290541430457569,0.686926756722199,0.49320882852292,0.425468619719065
"Com_13632_neg",0.827247568733489,-0.273608948399464,0.0624796564855666,0.611488398415393,1.67311160767601
"Com_13667_pos",1.45345625154623,0.539487647582049,0.333774320037121,0.531409168081494,1.12495060284792
"Com_13673_pos",0.835768348300929,-0.258824972041767,0.574077809857469,0.528013582342954,0.605653838749429
"Com_13681_pos",1.04599828669003,0.0648804885008947,0.935694192252015,0.503678551216752,0.138839078741636
"Com_13697_neg",2.31149746534807,1.20882778060034,0.228046778226106,0.543576683644595,1.23793773693004
"Com_13725_pos",1.06156391115882,0.0861912309100489,0.595713254448102,0.470288624787776,0.713025787023742
"Com_1374_pos",1.6239789287623,0.699532913577676,0.447262330324638,0.596774193548387,0.79344364015138
"Com_13753_neg",1.17721955563337,0.235383413225937,0.81611164873238,0.511318619128466,0.208616943762694
"Com_13758_neg",0.924116370336052,-0.113853558900124,0.487845268463278,0.535087719298246,0.871251336866002
"Com_13776_pos",0.312127906907627,-1.67979074257308,0.131162444409667,0.54102999434069,1.24708660558627
"Com_1377_neg",0.879663196310674,-0.184976841616569,0.410439811240786,0.563384267119411,0.904863322037264
"Com_13807_pos",1.10390941607654,0.142621793185967,0.52776020480971,0.547255234861347,0.777897686681613
"Com_13811_neg",0.595382598676464,-0.748111038528137,0.251790943675399,0.547538200339559,1.06697610009142
"Com_13835_pos",1.01293735672467,0.0185449560372253,0.690774203183286,0.536502546689304,0.704987598023147
"Com_13843_pos",3.059897411933,1.61348328501711,0.150578980098279,0.472552348613469,1.38823187776058
"Com_13868_pos",1.15762213000083,0.211164406921184,0.858624453660371,0.500848896434635,0.298584497315258
"Com_13884_pos",1.11279516742938,0.154188059769203,0.480978686526559,0.529145444255801,0.717779941836216
"Com_13897_pos",1.12708295836408,0.172593708248133,0.702689443869219,0.477362761743067,0.514835241523044
"Com_1390_pos",2.58269086672555,1.36887497147299,0.0316799084145969,0.587719298245614,2.07338487698808
"Com_13928_pos",0.362626874881391,-1.46344224531182,0.172376791943719,0.544991511035654,1.16102722692402
"Com_13944_pos",0.982349254847924,-0.0256920574591082,0.77273338229451,0.501414827391058,0.693391214777235
"Com_1395_pos",1.04608863939534,0.0650051022522044,0.547124715908082,0.553197509903792,0.744103346371016
"Com_13970_pos",0.95484531927485,-0.0666610530367275,0.271675528215537,0.574985851726089,0.983471640728922
"Com_13997_neg",0.682368295404366,-0.551377478016445,0.123658612384234,0.582342954159592,1.33342273132364
"Com_14010_pos",2.40227139909696,1.26439915021623,0.311286713908835,0.479626485568761,0.978146958154584
"Com_14066_neg",1.60107808479122,0.679043669999065,0.381673961228088,0.536219581211092,0.78648139371992
"Com_14079_neg",0.919424777030427,-0.121196549879833,0.615057048976968,0.567062818336163,0.463467413883754
"Com_14081_pos",0.781652628924409,-0.355400487186894,0.664621488699316,0.50509337860781,0.431123818481604
"Com_140_pos",0.916911257334477,-0.125145984620848,0.155973799406189,0.473401245048104,1.34246993366532
"Com_14107_neg",0.860592566541438,-0.216597715977063,0.547021581614524,0.507357102433503,0.652692757992318
"Com_14123_pos",0.801729465355198,-0.318812597401748,0.844969774780335,0.495189586870402,0.186501274997419
"Com_14124_pos",2.81038168308125,1.49076607880715,0.968348727015559,0.519524617996604,0.236232135135927
"Com_14131_pos",2.47745085189444,1.30885643725779,0.0047980074964559,0.634408602150538,2.59509692549094
"Com_1414_pos",0.323696921181275,-1.62728445135952,0.136837439160285,0.567911714770798,1.37359078983849
"Com_14195_neg",0.884249458416037,-0.177474664580888,0.553119894549416,0.532823995472552,0.666472386462192
"Com_14208_pos",1.05846811081811,0.0819778049547643,0.818524505661183,0.5,0.25386163280847
"Com_14213_pos",3.13198710278755,1.64707827176601,0.0747727829456342,0.578947368421053,1.73368399865638
"Com_14225_neg",1.25847709857618,0.331678962965959,0.197142908160599,0.446236559139785,1.31030719163361
"Com_14225_pos",0.255369034817827,-1.96934449554414,0.0664638725286837,0.55800792303339,1.63812836147898
"Com_14255_pos",0.891535824902306,-0.165635323542469,0.672896435190584,0.529145444255801,0.456648635346462
"Com_14298_pos",0.728377588508989,-0.457241562254602,0.175225310433579,0.563384267119411,1.22168855616504
"Com_142_neg",2.04162552673602,1.02971827255067,0.516181718726497,0.55970571590266,0.602845465052237
"Com_14305_pos",1.04442869378082,0.0627139987329856,0.970287467041561,0.507923033389926,0.677805428465512
"Com_14308_pos",0.869503156329911,-0.201736830307489,0.415199851543237,0.540747028862479,0.747609185292562
"Com_14336_neg",2.02536140671718,1.01817936634611,0.521262086619264,0.520939445387663,0.642544957058018
"Com_14336_pos",1.99986334701321,0.999901422339046,0.178833536088939,0.529994340690436,1.32839400290964
"Com_14337_pos",3.26929142217407,1.70897798358613,0.141986437243106,0.56479909451047,1.39559357226034
"Com_1433_pos",0.905152624779568,-0.143767018219142,0.973351698122987,0.501131861912847,0.42157621628187
"Com_14340_pos",1.30982264260736,0.389371475920477,0.377499088872675,0.432654216185625,1.03531303873185
"Com_14367_pos",0.649665764158982,-0.622230414298158,0.932856440091075,0.509337860780985,0.416486250866818
"Com_1438_pos",0.780442798625606,-0.357635198960075,0.68544577262178,0.525466893039049,0.450528646226227
"Com_14392_pos",1.06851653654735,0.0956092355693151,0.862234282437197,0.502263723825693,0.801654008895883
"Com_143_pos",76.5390084725536,6.25812330656799,0.276779304412643,0.569326542161856,0.966032547282971
"Com_14458_pos",1.13971034527518,0.188667213396491,0.944975726659667,0.528862478777589,0.345071809067994
"Com_14474_neg",0.826041735886449,-0.275713419011083,0.260936704354721,0.479060554612337,1.10429841669363
"Com_14474_pos",1.10728325088099,0.147024320917822,0.369692606710388,0.559988681380872,0.974777322295836
"Com_14476_pos",0.975875962588757,-0.0352303072734698,0.538240889238369,0.534238822863611,0.78167472300413
"Com_1450_pos",0.380517583532229,-1.39396497338292,0.858938327418336,0.477928692699491,0.374321857468207
"Com_14534_neg",0.884111587033188,-0.177699625836658,0.704727508374749,0.49320882852292,0.358789159187873
"Com_14567_pos",0.98061402970694,-0.0282426923869181,0.408867106294366,0.582625919637804,0.870573499587688
"Com_14574_pos",0.790598761123791,-0.338982400445701,0.12255069071078,0.581494057724958,1.41067510388125
"Com_14606_neg",1.06582894475713,0.0919759180666069,0.841102951144537,0.531409168081494,0.392879537123064
"Com_14623_pos",2.37085575108553,1.24540788824197,0.190978618403098,0.553480475382003,1.22756950323413
"Com_14626_pos",1.56064057512346,0.642138314257613,0.247336779215112,0.582908885116016,1.02776637055885
"Com_1462_neg",0.893181254752599,-0.162975121334731,0.624689860751434,0.531692133559706,0.676744162898634
"Com_14640_pos",0.698415309651733,-0.517842910896313,0.307555257022954,0.521505376344086,0.874280324151234
"Com_14652_neg",0.964622587148668,-0.0519635029237195,0.763534137526177,0.51018675721562,0.509927604653118
"Com_14664_pos",1.97429962884972,0.98134095648735,0.0028823292203133,0.675438596491228,2.76278731720355
"Com_14682_pos",0.876742720522983,-0.189774547862644,0.431720791568633,0.529428409734012,0.705679446443003
"Com_14683_pos",0.930914543997822,-0.103279357403105,0.48932522302795,0.556876061120543,0.792296547538376
"Com_14702_pos",1.14979319381631,0.201374395877518,0.895241662918326,0.532258064516129,0.60475593340493
"Com_14705_neg",1.76234867667887,0.817499386432061,0.131549480800321,0.581777023203169,1.44689131856294
"Com_14728_pos",0.947081477653939,-0.0784395484431003,0.729794780785656,0.498585172608942,0.608360465503289
"Com_14733_neg",2.39198839608958,1.25821039081335,0.438386371094983,0.481324278438031,0.869440535709203
"Com_14752_pos",2.08596076344285,1.06071202127149,0.192623430265926,0.518109790605546,1.34675176765691
"Com_14771_neg",0.90995353033502,-0.136135223495846,0.4009313853141,0.541312959818902,0.957518834274764
"Com_147_pos",0.498832006631989,-1.00337405889415,0.205739616347414,0.544142614601019,0.826498389813082
"Com_14819_pos",1.15776114992408,0.211337651114349,0.321807122647149,0.56140350877193,0.965660626366503
"Com_14871_pos",0.934382984278204,-0.0979140928451309,0.257695919291054,0.561686474250142,1.0483867445321
"Com_1487_neg",1.24061652063228,0.311057241754989,0.650693115477148,0.534804753820034,0.785932716187992
"Com_14908_neg",0.96114666117101,-0.0571715065519668,0.72636859225476,0.512733446519525,0.625755060405771
"Com_14911_pos",0.679267593155831,-0.557948067888806,0.380011473645111,0.557159026598755,0.802880321675037
"Com_14922_pos",0.861018089828032,-0.215884546195519,0.192247597158277,0.543293718166384,1.14799261415517
"Com_14932_pos",1.07299276866063,0.101640353212233,0.408933651710897,0.562535370684776,0.665724078853608
"Com_14942_pos",0.554440641626735,-0.850895081055246,0.0110856430051412,0.634125636672326,2.26667002463588
"Com_14971_neg",1.02301168944596,0.0328226301363861,0.800589931213213,0.526881720430108,0.255121959029751
"Com_14978_neg",1.27675958847845,0.352486893746523,0.33548320794712,0.541878890775325,0.868527120141154
"Com_149_pos",4.06911820012402,2.02471618856006,0.650834478421447,0.50848896434635,0.44448767587391
"Com_14_pos",1.16719623723754,0.223047137471002,0.529088192298002,0.557159026598755,0.585955541837909
"Com_15033_neg",1.96505782539006,0.974571767026379,0.0009949785193203,0.707130730050934,3.2245743344233
"Com_15056_neg",1.00660697102763,0.0095004940384197,0.179682676861896,0.563384267119411,1.24302637930869
"Com_15059_pos",0.895238335077706,-0.159656279481954,0.375221252822598,0.554046406338427,1.00541429004162
"Com_15066_neg",1.03053915531362,0.0433993210864055,0.976624770502293,0.500565930956423,0.620081319487213
"Com_1508_pos",18.5649643064208,4.21451063631222,0.0357232693566844,0.600169779286927,2.08531899669831
"Com_15101_neg",1.31790785260658,0.398249501427166,0.719124609384479,0.520090548953028,0.779157156381191
"Com_15111_pos",1.07505586708871,0.104411633840372,0.782108966625363,0.51358234295416,0.283857541230992
"Com_15142_pos",0.490694878169397,-1.02710188212841,0.217082019430773,0.550933786078099,1.17213078631443
"Com_15169_pos",0.904067844394103,-0.145497053332905,0.404258258026762,0.572156196943973,0.69689297161168
"Com_1516_pos",0.938034263158981,-0.0922874745062427,0.0598625252468942,0.584323712507074,1.71547649270247
"Com_15220_neg",1.20849761937893,0.273214631139412,0.344724035465271,0.559988681380872,0.96392962249958
"Com_15290_pos",0.396741893042137,-1.33372735131626,0.741653085739105,0.550650820599887,0.320429004073094
"Com_15324_pos",0.459038106158735,-1.1233141737443,0.867136545352095,0.516694963214488,0.200704142737532
"Com_15341_pos",0.381734711562982,-1.38935771650032,0.720226700263472,0.512733446519525,0.596126976094083
"Com_1535_pos",0.850509737331579,-0.233600341750538,0.0522925475343588,0.588568194680249,1.6527655098173
"Com_15361_pos",1.59426066650909,0.672887533678853,0.875397727469487,0.536502546689304,0.382718201804949
"Com_15368_pos",0.864546918864994,-0.209983833996018,0.237777514128163,0.455008488964346,1.08350876221114
"Com_15374_pos",0.817578173250264,-0.290571413489436,0.871411333745591,0.523769100169779,0.22611526957119
"Com_15383_pos",1.05144303014042,0.072370683297946,0.978715521304255,0.498019241652518,0.53504752910181
"Com_15413_pos",1.01691728012654,0.0242023297314446,0.787524515367001,0.490945104697227,0.739474042001351
"Com_15428_neg",1.10427141303586,0.143094808091106,0.657629937552873,0.539615166949632,0.381040208815346
"Com_1542_neg",13.2766382078377,3.73081798141623,0.289884184195105,0.550933786078099,1.09830701157874
"Com_15440_neg",11.6443227584265,3.54155482877087,0.371059069196142,0.562535370684776,0.94928515311067
"Com_15440_pos",1.06359660714984,0.0889510801495988,0.46716877896636,0.531692133559706,0.693927949554102
"Com_15446_pos",1.39728231416496,0.482623539786152,0.6728364952533,0.531126202603282,0.44424109940296
"Com_1545_neg",0.530221495597734,-0.915332935501455,0.0035913373651295,0.66383701188455,2.53579421671817
"Com_154_pos",1.06371825537342,0.0891160780934151,0.168049757065749,0.592812676853424,1.27367990592943
"Com_15581_pos",1.17047974444038,0.227099968325819,0.883044953970192,0.509903791737408,0.367452396617748
"Com_15599_pos",1.09015754629864,0.124536644029028,0.639717222390654,0.484153933220147,0.537404452268247
"Com_1561_pos",2.10564254161453,1.07426054215137,0.718171080871219,0.551499717034522,0.390997289098036
"Com_1562_pos",13.1357744626929,3.71542935668729,0.129178025104708,0.601867572156197,1.47389461760939
"Com_15655_neg",1.15137645379879,0.2033596138626,0.772159080163052,0.518675721561969,0.280258995684792
"Com_156_neg",1.75155678045336,0.808637756938556,0.0368849507595953,0.634125636672326,1.79612482102044
"Com_15732_pos",0.940684982210343,-0.0882164226157552,0.392023968757743,0.530843237125071,0.877404610019594
"Com_15750_pos",0.730101733869806,-0.453830588807992,0.896589111096987,0.49830220713073,0.154161547327174
"Com_15776_pos",0.0906520437037947,-3.46351664461948,0.355052085992639,0.506508205998868,0.974998677632019
"Com_1577_pos",0.982226967952712,-0.0258716612794826,0.769401998420847,0.506508205998868,0.304515093163944
"Com_15790_pos",2.20679125795691,1.14195017046347,0.102949486106301,0.56989247311828,1.31517527428912
"Com_15855_pos",2.14508792606961,1.10103678427717,0.130311495125201,0.585738539898132,1.33991448209384
"Com_15887_pos",0.780981925418663,-0.356638935009997,0.323332651276933,0.545274476513865,0.991791241186486
"Com_15923_pos",1.03251013994404,0.0461559499499492,0.864883200267171,0.495755517826825,0.65435131865453
"Com_15972_neg",0.775639836147012,-0.366541194052407,0.365725961670004,0.487832484436899,0.822069679039698
"Com_15994_pos",0.885010644105967,-0.176233288158905,0.928680091604065,0.49660441426146,0.0919190853489523
"Com_1599_neg",0.803704309114484,-0.315263277859087,0.0584198472140971,0.573853989813243,1.58335438561422
"Com_16020_pos",1.62962958922816,0.704544080706806,0.0002529222268779,0.694114318053197,2.79473319261547
"Com_16036_pos",1.61302495988687,0.689768762874462,0.331742166522818,0.558573853989813,0.916233253163546
"Com_16041_neg",0.970436629799145,-0.0432940878829628,0.467456408156912,0.54272778720996,0.910083741272872
"Com_16041_pos",1.03461234872078,0.0490903161902722,0.894941640269311,0.51188455008489,0.613032572578664
"Com_1606_pos",1.01530627088793,0.0219149873521385,0.684618757239449,0.503112620260328,0.697321867320364
"Com_16091_neg",1.33993952228504,0.422167886602117,0.86029668359584,0.484436898698359,0.310831544390134
"Com_1609_neg",0.36461977788573,-1.45553527601228,0.210184732165776,0.541878890775325,1.09330516405539
"Com_160_pos",1.71016036249742,0.774131613609618,0.434356494186938,0.564233163554046,0.735808179667814
"Com_16104_pos",0.219933842883036,-2.18485847522017,0.878056713664664,0.544708545557442,0.376016561737002
"Com_16107_neg",0.964457368993929,-0.0522106253017533,0.863223285897805,0.508771929824561,0.344458843491827
"Com_1614_pos",0.954991216406564,-0.0664406309588368,0.369612340750483,0.572156196943973,0.783733911989395
"Com_16165_pos",1.00626035149217,0.0090036244392846,0.63628068483149,0.528296547821166,0.440633045633705
"Com_16178_pos",0.834656420561451,-0.260745648629435,0.261207436223578,0.55970571590266,1.05021561973806
"Com_16184_pos",1.10175245179157,0.139800107129171,0.289872884244223,0.524617996604414,0.958387805752572
"Com_1621_neg",0.704471078875892,-0.505387615064707,0.0365918531815897,0.61941143180532,1.90688310137685
"Com_16266_pos",0.752421922143359,-0.41038621185989,0.138771997275472,0.55631013016412,1.36497946022886
"Com_16276_pos",0.876132164980368,-0.190779577367516,0.138184423917993,0.564516129032258,1.4895600249119
"Com_16285_pos",0.82116108981594,-0.284262826987286,0.672587815926837,0.486983588002264,0.442590808285658
"Com_1629_pos",1.14759224524567,0.198610124366465,0.195726111937659,0.575834748160724,1.27308247739216
"Com_16331_neg",0.664784462790259,-0.589041430765545,0.742990327080179,0.51018675721562,0.288125973884441
"Com_16340_pos",0.889185553667387,-0.169443585368302,0.647551436992929,0.514997170345218,0.467759857211232
"Com_16341_neg",1.16692505774006,0.222711911260773,0.135318415852187,0.589700056593096,1.41117384714303
"Com_16356_neg",0.718887367184727,-0.476162343044675,0.23643719199762,0.550933786078099,1.14782027849364
"Com_16363_pos",0.264399938829354,-1.9192062518186,0.148962779932995,0.530277306168647,1.21201815788655
"Com_16374_neg",1.32115801736922,0.401803030733986,0.820561547808866,0.48981324278438,0.247715431821039
"Com_163_pos",1.00964076320586,0.0138420639352341,0.133392054768563,0.578664402942841,1.29147299651397
"Com_1641_pos",0.759510242575246,-0.396858674185186,0.0388549084972558,0.609507640067912,1.8926141281943
"Com_16446_pos",1.61649950112069,0.692873062223777,0.336138785048418,0.558290888511602,0.866327061242379
"Com_16460_neg",1.13317085535365,0.18036540183618,0.362410089217567,0.558856819468025,0.914092802165054
"Com_1646_neg",0.713092736656398,-0.487838385659609,0.984965840016163,0.524052065647991,0.192407184737598
"Com_1649_neg",0.967565573529802,-0.0475686564721764,0.872652279755768,0.503961516694963,0.308203389015368
"Com_16506_neg",0.821694939371374,-0.28332521331983,0.506212887581591,0.474250141482739,0.596107804924286
"Com_16508_neg",4.93528285160292,2.30313277098582,0.0038323528365383,0.619694397283531,2.76070031582015
"Com_1651_pos",0.892790791633476,-0.163605947797804,0.462921647257099,0.539049235993209,0.786205122960416
"Com_1654_neg",0.385565464499408,-1.37495226123125,0.364705429209134,0.555178268251273,0.806324981810261
"Com_16553_pos",0.927855783267996,-0.108027510367157,0.0967973142692526,0.59564233163554,1.53495796590112
"Com_16576_neg",0.875677190897497,-0.191528961272388,0.66884618028417,0.535653650254669,0.424639041450719
"Com_1657_pos",45.8800766244686,5.5197958956929,0.207711117126771,0.524617996604414,1.35374277904666
"Com_1659_pos",1.18667506265883,0.246924947897545,0.677033483765884,0.55970571590266,0.389789437264583
"Com_16614_pos",0.871684306214803,-0.198122359337511,0.322065115653552,0.55121675155631,0.848944180300757
"Com_16626_neg",0.720406078011106,-0.473117741683858,0.180996289188977,0.565082059988681,1.06673324095691
"Com_16628_pos",0.798797959874671,-0.324097446735489,0.0261797824669335,0.622524052065648,1.90936296542736
"Com_16629_neg",0.76489327247631,-0.386669635985258,0.654860428986906,0.503961516694963,0.504921110932159
"Com_16686_pos",1.1168492278888,0.159434438409677,0.540110514532379,0.537634408602151,0.625242086108547
"Com_16691_neg",1.29376672299641,0.371577510749596,0.106742409859205,0.609507640067912,1.41305370845961
"Com_16693_neg",0.626677603332258,-0.674204660942395,0.277976206063862,0.552065647990945,1.04742625325303
"Com_166_pos",0.280442932039713,-1.83422087143176,0.2697294364921,0.513865308432371,1.04433246523467
"Com_1671_neg",1.45890940096001,0.544890293917834,0.762265379824467,0.518392756083758,0.319256454554094
"Com_16723_neg",2.38009656185234,1.25102010566748,0.136327844713173,0.549801924165252,1.53114260138025
"Com_1674_pos",41.5879145356472,5.3780924364113,0.277456871808534,0.562818336162988,1.21160329010402
"Com_16760_pos",0.658731144224274,-0.602238333808804,0.104879505249775,0.550650820599887,1.45735357464463
"Com_16767_pos",2.32000137139688,1.21412565815754,0.847327219117594,0.497170345217883,0.193724194675252
"Com_16771_pos",0.568318416355487,-0.815228628214924,0.964556248502791,0.543859649122807,0.0992047849903922
"Com_16777_neg",0.992254829164105,-0.0112174162521737,0.713484933955042,0.536219581211092,0.392124107286269
"Com_1678_pos",1.09945842379278,0.136793049466122,0.822100267071817,0.513299377475948,0.225806469127105
"Com_16796_pos",1.18034428995519,0.23920773497942,0.784319112100587,0.509337860780985,0.271005557425942
"Com_16810_pos",0.196550725824757,-2.34702640351485,0.503574157660671,0.477079796264856,0.602914352406222
"Com_16839_pos",0.721399177479301,-0.471130316684543,0.553598735389728,0.572156196943973,0.717858268148299
"Com_1683_neg",0.796636171202142,-0.328007108244227,0.313232809923903,0.536219581211092,0.880516558888581
"Com_16842_pos",1.41405613409771,0.49983939226679,0.935162706526145,0.516129032258065,0.440244340197361
"Com_16849_neg",1.19357494069716,0.255289151403299,0.938658408974403,0.505659309564233,0.617506975063029
"Com_16871_pos",0.798889046555222,-0.323932946051768,0.183277948691229,0.567345783814375,1.23519289702158
"Com_16875_pos",0.871234518366264,-0.198866980032168,0.367987162448726,0.535936615732881,0.810141417635725
"Com_16885_pos",0.858628161230578,-0.219894603907549,0.724323516557583,0.497170345217883,0.308716753096957
"Com_16891_pos",0.968723053644464,-0.0458438195890552,0.478944706546475,0.521788341822298,0.903731865637578
"Com_1689_pos",0.802982848888092,-0.316558921700623,0.0712019801675265,0.589983022071307,1.48386468937772
"Com_16929_neg",0.570898635380529,-0.808693481025276,0.436108246911451,0.479343520090549,0.758653027307668
"Com_16961_neg",0.978234115218152,-0.0317483163721403,0.53860676253427,0.556876061120543,0.606280183922217
"Com_16979_pos",0.902385122676292,-0.148184812188405,0.906057522198486,0.50509337860781,0.58625796233947
"Com_1698_pos",0.694468988511338,-0.526017822739475,0.425932191499036,0.548387096774194,0.761715932911303
"Com_17005_pos",0.680592050405942,-0.555137794755327,0.427768548233025,0.530277306168647,0.830443727138893
"Com_17032_pos",0.5784907049213,-0.789634316318087,0.104374009000319,0.552348613469157,1.42803945117736
"Com_17065_pos",0.283478809218673,-1.81868720091128,0.23605465234644,0.494340690435767,1.16419493554752
"Com_17096_neg",0.926090762994638,-0.110774500856066,0.589496340464824,0.546689303904924,0.75277256182808
"Com_17110_pos",0.453221938930521,-1.14171039608509,0.151289106402773,0.561969439728353,1.33905007842069
"Com_17116_neg",1.31579121931326,0.395930590321753,0.147167928645695,0.59564233163554,1.40631686157703
"Com_1711_pos",3.63780097909066,1.86306661656471,0.304354815215606,0.482173174872666,0.920525082141761
"Com_17120_neg",0.969102201735319,-0.0452792742814735,0.885712031220467,0.522071307300509,0.769195173062458
"Com_17125_pos",0.808173121587946,-0.307263724059634,0.288554393668106,0.548104131295982,0.98450663181982
"Com_17140_neg",0.582153445563922,-0.780528622207025,0.241371826686647,0.460384833050368,0.969375860817501
"Com_1715_neg",0.675437572101602,-0.566105661504344,0.124168840058631,0.585172608941709,1.41222997706774
"Com_17161_neg",0.894737478674883,-0.160463645773562,0.671919925551425,0.524052065647991,0.410173000265718
"Com_17181_neg",1.09272327648648,0.127928096172668,0.424772268103112,0.54951895868704,0.772933821819707
"Com_17182_pos",1.0115835797555,0.0166155241644265,0.812238035749533,0.530560271646859,0.593300799122877
"Com_1720_pos",2.02717580390241,1.01947120988027,0.746754824204561,0.536502546689304,0.3167241996861
"Com_17234_pos",0.97173231967827,-0.041369141403958,0.372917052966279,0.544708545557442,0.871442458401285
"Com_17237_neg",0.917867300943932,-0.123642501279121,0.220068211224021,0.558290888511602,1.13607802343585
"Com_17258_pos",1.13889631619626,0.187636411735883,0.998977780685597,0.503678551216752,0.668721838985334
"Com_17272_neg",0.87545871976394,-0.1918889415808,0.914070731435466,0.496038483305037,0.193232948034603
"Com_1727_pos",1.0868517107557,0.120155113547052,0.763939610985032,0.511601584606678,0.598597276600332
"Com_17311_pos",0.954862762835657,-0.0666346974498102,0.647430126057667,0.51528013582343,0.555260914867821
"Com_1732_pos",0.944935651545292,-0.0817120072016743,0.906437103221556,0.517826825127334,0.597548844220144
"Com_17343_neg",0.642733790602257,-0.637706773356425,0.49554603429884,0.497170345217883,0.600097882877437
"Com_17358_pos",0.735979969287263,-0.442261593011569,0.914172002872931,0.501131861912847,0.4927798802917
"Com_17383_neg",0.958952798122472,-0.0604682906873048,0.832600783689617,0.532541029994341,0.467589812378271
"Com_17384_neg",0.965333421124804,-0.050900767095293,0.2648687608076,0.554329371816638,1.08473813825461
"Com_17417_pos",1.01030632533291,0.0147927850905512,0.967565679052694,0.517543859649123,0.392770672019777
"Com_17427_pos",1.05327413774944,0.0748809783377559,0.30466125430455,0.539615166949632,0.981499671075018
"Com_17439_neg",0.809222500455371,-0.305391660255522,0.0807899064184419,0.596491228070175,1.53468119133476
"Com_17446_neg",0.916732123762341,-0.125427866168442,0.338030640990769,0.458404074702886,0.881076480748406
"Com_1745_neg",1.02187562762465,0.0312196166982474,0.129683234825955,0.585172608941709,1.47324613913402
"Com_17461_neg",0.995777733958196,-0.0061043384382422,0.721506719918105,0.529711375212224,0.392236164235692
"Com_17463_pos",0.797775139960007,-0.325945927610723,0.590684774677042,0.504244482173175,0.481832166434069
"Com_17464_pos",1.42914158567273,0.515148851933566,0.110817265861181,0.595359366157329,1.40827468385781
"Com_17479_pos",3.61862249545528,1.85544060968837,0.0565208303234613,0.585172608941709,1.56854362887642
"Com_17484_neg",1.26777678001053,0.342300749640458,0.52810881671955,0.517260894170911,0.592983506022214
"Com_17501_pos",0.772631388310434,-0.372147806341643,0.326629652687294,0.522637238256933,0.75530633469059
"Com_17516_pos",0.882038669617021,-0.181086188263551,0.478150017198699,0.529994340690436,0.632363457310259
"Com_1751_neg",0.697659732990931,-0.519404527248853,0.0102036541609143,0.633559705715903,2.23152607034924
"Com_17522_pos",0.929157609408557,-0.106004758746559,0.982532400887662,0.501980758347482,0.203328341091827
"Com_17554_pos",0.823509297378029,-0.280143156890246,0.255718220685376,0.551499717034522,0.931841626460756
"Com_17583_pos",0.95102083859193,-0.0724511413894745,0.972677678016972,0.51528013582343,0.347712525125856
"Com_17587_pos",0.726679362806584,-0.460609159528927,0.877452928703264,0.531126202603282,0.406327387348055
"Com_17588_pos",1.16407962631472,0.219189746012815,0.185798394604714,0.570458404074703,1.17795477904112
"Com_17589_neg",0.856845559592843,-0.222892902788,0.708657911186569,0.517260894170911,0.476979689028229
"Com_17590_neg",0.949611112836453,-0.0745912766511918,0.468352196315457,0.538766270514997,0.715536801228803
"Com_17590_pos",0.767465622544455,-0.381825966287815,0.879211603190748,0.532541029994341,0.392305237408728
"Com_17651_pos",2.06445631633241,1.04576189156937,0.0032020607154503,0.6553480475382,2.58914673530151
"Com_17680_pos",0.56101016806442,-0.833901175598437,0.360738059554079,0.565365025466893,0.874171298128995
"Com_17717_pos",0.714430757708958,-0.485133902111634,0.497707396756561,0.519241652518393,0.697525225956308
"Com_1773_pos",1.02497419992693,0.0355875954810336,0.982111205380532,0.496887379739672,0.23635589582869
"Com_17763_neg",0.775918193168006,-0.366023541099046,0.62865703268339,0.501980758347482,0.455726873610941
"Com_17780_neg",0.924178247147842,-0.113756962428215,0.981147499165869,0.498019241652518,0.49537976314672
"Com_17788_neg",0.975579201318166,-0.0356690936977017,0.496103749651156,0.48471986417657,0.641984458729834
"Com_17818_pos",1.03095367021907,0.0439795012346165,0.303649605343461,0.545274476513865,0.983912214979641
"Com_1781_neg",1.06647430385755,0.0928492051122484,0.987153418331656,0.498019241652518,0.280624139076426
"Com_17869_pos",0.864509108364876,-0.210046930876817,0.489116601496161,0.542161856253537,0.756676392317817
"Com_17892_pos",0.937342181695191,-0.0933522874335531,0.876441789945938,0.50848896434635,0.192679205184444
"Com_1796_pos",0.837000133973152,-0.25670024118894,0.0862160658406306,0.596491228070175,1.38442655377245
"Com_17979_pos",1.0335498196721,0.0476079319288974,0.97162186435075,0.50848896434635,0.0591499949672069
"Com_17989_pos",1.07476658663381,0.104023375284874,0.537477110641797,0.550650820599887,0.830754409686067
"Com_17990_neg",1.05006870180732,0.0704837207621366,0.679198964459039,0.524335031126203,0.458002892525912
"Com_17998_neg",1.6531667410148,0.725232244474937,0.789711914468313,0.51018675721562,0.441846317372657
"Com_18001_pos",1.60512611373193,0.682686653427241,0.278857208705185,0.471986417657046,0.96537308300311
"Com_18044_pos",0.812202100191998,-0.300089337099806,0.642887790107028,0.572156196943973,0.419069229179349
"Com_1806_pos",1.30968225207621,0.389216835458699,0.313577596273892,0.553763440860215,0.916524237310221
"Com_18077_neg",1.04223428805245,0.0596796233147626,0.605720186371896,0.481607243916242,0.464122411473614
"Com_18083_pos",0.847540275604503,-0.238646167305918,0.166063160525949,0.560837577815506,1.2080822186442
"Com_18092_pos",1.06856214767044,0.0956708177109438,0.645121923172949,0.541595925297114,0.549250700575123
"Com_180_pos",0.0197724572070605,-5.66036401773869,0.542004529176766,0.548104131295982,0.566782200110291
"Com_18104_neg",1.01728008213722,0.0247169431872402,0.818445599797334,0.492076966610074,0.222474492249463
"Com_18117_neg",0.797309705571995,-0.32678786389315,0.0512780881311046,0.593378607809847,1.74531288951459
"Com_18121_pos",1.60435043602622,0.681989302078013,0.3348083286825,0.553763440860215,0.888956824200133
"Com_1813_pos",0.965377282925897,-0.0508352169299582,0.581087699457682,0.535087719298246,0.671419096822302
"Com_18149_pos",0.967920445960809,-0.0470396186006099,0.827502866317981,0.506225240520656,0.712526490086188
"Com_1817_neg",0.95290754561642,-0.069591849221351,0.0261305435240795,0.620260328239955,1.93689945001645
"Com_18181_pos",1.06710103924279,0.0936967852655965,0.461354933052817,0.560837577815506,0.709521026821365
"Com_18207_pos",0.972998657878096,-0.0394902798850356,0.293598207160072,0.568477645727221,0.918042515014011
"Com_18223_pos",1.10880307882167,0.149003168535265,0.56907046950715,0.550650820599887,0.82558508163648
"Com_18249_pos",0.902604378463857,-0.147834317918203,0.444733340894108,0.547255234861347,0.721557239279952
"Com_1830_pos",0.872761230710791,-0.19634107835824,0.118116320129754,0.590548953027731,1.34691602276788
"Com_1834_pos",1.02976649510928,0.0423172359141174,0.855985079408379,0.509054895302773,0.458645764703061
"Com_18357_pos",0.683778333368586,-0.548399385536535,0.531876346213415,0.578098471986418,0.5485459028473
"Com_1836_neg",0.769765596660339,-0.377508901053036,0.171491872539525,0.598754951895869,1.17289901641375
"Com_18377_pos",1.65381809899234,0.725800563340402,0.477543932540213,0.490945104697227,0.672564068482078
"Com_1838_pos",0.986200076539646,-0.0200477300798011,0.744014212908769,0.505376344086022,0.514183793873219
"Com_18405_pos",1.02601593822923,0.0370531420811016,0.814309574702384,0.517543859649123,0.473111267459516
"Com_18438_pos",0.908060683084686,-0.139139382987897,0.0999727480371326,0.598754951895869,1.36681501481122
"Com_18463_neg",3.19298878962758,1.67490748771005,0.203488956724963,0.532823995472552,1.30146751888687
"Com_18478_neg",1.02949414850788,0.0419356299287346,0.805475490137825,0.517260894170911,0.346569068964078
"Com_1849_pos",8.27423390636977,3.04862574205333,0.741546614071432,0.486700622524052,0.344533491805497
"Com_18514_pos",0.99743364145205,-0.0037072318306474,0.320378577892059,0.559422750424448,0.917508101255029
"Com_18536_pos",0.610772733401065,-0.711292437246897,0.496397489693621,0.499717034521788,0.459895440920895
"Com_18570_pos",2.08458915362555,1.05976307458956,0.713453038710567,0.502546689303905,0.547539148377344
"Com_1858_pos",0.28624329924801,-1.80468617374701,0.955968798305687,0.481041312959819,0.0540008705854092
"Com_18593_neg",0.768702132627443,-0.379503423917031,0.213651356411936,0.484436898698359,0.946712774778535
"Com_18618_pos",1.02464402875143,0.0351227905578596,0.710286937609594,0.53933220147142,0.661038349380275
"Com_18622_neg",0.772842938193526,-0.371752844142776,0.0389204737435306,0.613469156762875,1.94019899637819
"Com_18641_neg",1.04720290648053,0.0665410065585377,0.388995327430654,0.577532541029994,0.764887709395716
"Com_18674_pos",0.996027600520146,-0.0057423740981932,0.741878184870856,0.539898132427844,0.668647579718968
"Com_1867_neg",0.926342667634458,-0.110382128778477,0.638185335677758,0.522637238256933,0.457496745891697
"Com_18681_pos",1.22237036465588,0.289681471979207,0.864876271436554,0.519524617996604,0.543897202020195
"Com_18686_pos",0.637338772229645,-0.649867665736298,0.528504353287667,0.535653650254669,0.554287858814303
"Com_186_neg",0.907984866553688,-0.139259842668408,0.329765636973809,0.55631013016412,1.05296189811066
"Com_18702_pos",1.94699630672441,0.961250147399023,0.968936600286618,0.48981324278438,0.0575679280700021
"Com_18708_pos",0.958539469879817,-0.0610902557665119,0.758223893421973,0.504810413129598,0.66842865601721
"Com_18713_neg",0.834792806137423,-0.260509926822033,0.519504335497453,0.495189586870402,0.626269249470787
"Com_18737_pos",0.945293511496884,-0.0811657424484294,0.971116005662099,0.516411997736276,0.189582286734926
"Com_18766_pos",0.678634138249135,-0.559294089176906,0.0045529549586839,0.650254668930391,2.4336502987431
"Com_18786_pos",0.634889464727832,-0.655422656656215,0.942846060269166,0.550933786078099,0.440986762791195
"Com_18793_pos",1.22169783575511,0.288887505481611,0.662586151375776,0.542444821731749,0.700715570823316
"Com_1879_pos",0.173913952578761,-2.52355441463672,0.595511275561567,0.495189586870402,0.536858158284757
"Com_18801_pos",1.00759046835289,0.0109093795815174,0.659114272842328,0.548104131295982,0.683307718461277
"Com_18807_pos",0.443879933964556,-1.17175860321952,0.751030724987375,0.50679117147708,0.474448939839147
"Com_18817_neg",0.876945080063501,-0.189441600223069,0.851506944487207,0.488398415393322,0.434581042788275
"Com_18825_neg",1.57374784690366,0.654204404146969,0.834583332566676,0.50509337860781,0.297659659469593
"Com_18868_pos",1.76529151632422,0.819906446628155,0.10682231341223,0.585455574419921,1.30297040036018
"Com_1888_pos",0.866012940108487,-0.207539512786555,0.339023239572357,0.535936615732881,1.07726211603104
"Com_1890_pos",4.29465794729123,2.10254323092185,0.498621755980465,0.545274476513865,0.710781926914803
"Com_18931_pos",1.0982028721588,0.135144589517961,0.337379286129996,0.518109790605546,0.866264823005225
"Com_19003_pos",0.817145932761888,-0.291334344948378,0.807236353155406,0.515563101301641,0.233820472004094
"Com_1901_neg",1.59134863243421,0.670249935722119,0.702039586016615,0.473401245048104,0.593071158141252
"Com_19025_pos",0.983361114291754,-0.0242067880587486,0.364696995330384,0.548387096774194,0.889872053620545
"Com_19051_pos",0.849005995010288,-0.2361533538993,0.888174691101087,0.532541029994341,0.661447128129928
"Com_1906_pos",0.890073152795182,-0.168004182586075,0.927742714975161,0.505659309564233,0.297331427355807
"Com_19144_pos",0.913701741582699,-0.130204789737893,0.410007434097813,0.531126202603282,1.05001396019271
"Com_19150_pos",0.609856478436619,-0.713458331244603,0.651362920263993,0.584323712507074,0.449898966377781
"Com_19151_pos",0.894400378980856,-0.161007295398471,0.902178634696403,0.509054895302773,0.355325099793345
"Com_19203_pos",0.937999558634522,-0.0923408509909921,0.718115997224764,0.495189586870402,0.671879296792408
"Com_19222_neg",1.05900830860336,0.0827139082479472,0.403111371860878,0.464912280701754,0.766529102319253
"Com_19234_pos",0.825149875764194,-0.277271908397284,0.882657238278732,0.518958687040181,0.409415852560248
"Com_19293_pos",1.0783542648431,0.108831215353435,0.929601049975761,0.509620826259196,0.526527098445883
"Com_19310_pos",1.07143337449957,0.0995421409453483,0.937748277586703,0.500848896434635,0.369309039413013
"Com_19311_pos",1.05135452884814,0.0722492447172189,0.560678769028345,0.515563101301641,0.692686693102634
"Com_19356_neg",0.923094793598741,-0.115449287500988,0.168877292658825,0.565365025466893,1.28758706923914
"Com_1936_pos",0.912049007336578,-0.132816747754063,0.778636701662004,0.486700622524052,0.445555273066693
"Com_19377_pos",1.09043234425024,0.124900260907045,0.992789934560336,0.51188455008489,0.29397034005138
"Com_1937_neg",1.10377866919054,0.142450910455274,0.976012230263783,0.513016411997736,0.285674458426291
"Com_19381_pos",0.802518504380538,-0.317393436770483,0.91299616934268,0.505376344086022,0.596247685468167
"Com_19391_pos",1.32892331172478,0.410257853307402,0.929058438072173,0.511035653650255,0.334181632611596
"Com_19396_pos",1.1867539290742,0.247020826212662,0.94223271326555,0.492076966610074,0.730324910602563
"Com_19410_neg",0.625816372681304,-0.676188691858007,0.0054940390399332,0.652235427277872,2.43003465222435
"Com_19419_pos",1.57400744052094,0.654442360653081,0.0614739274919448,0.62280701754386,1.75862387940178
"Com_19439_pos",1.25358029323791,0.326054405383078,0.527291067731267,0.564516129032258,0.576147945281298
"Com_19445_pos",0.639604057251886,-0.644749004476543,0.0468736775225012,0.591963780418789,1.73547336718391
"Com_1944_pos",1.42035326059438,0.506249791648545,0.717327451231359,0.528013582342954,0.432070831815596
"Com_19478_neg",1.46677624353061,0.552648804910424,0.815978797341223,0.45048104131296,0.404039892695318
"Com_19498_pos",0.92042861973243,-0.119622251585991,0.74128363472454,0.49830220713073,0.773743776366715
"Com_1949_pos",1.03969334168794,0.0561580671501443,0.870799886710509,0.521788341822298,0.184005977766864
"Com_19502_pos",0.778090095532121,-0.361990879455005,0.952253713637672,0.503961516694963,0.229995161642466
"Com_19548_neg",1.22518260968089,0.292996794490583,0.484285116906984,0.535653650254669,0.580534949306682
"Com_19549_pos",1.79972240697001,0.847774399348411,0.277554920703597,0.561120543293718,1.07159541166025
"Com_1956_pos",0.57312558161567,-0.803076802112291,0.332047558832446,0.539615166949632,0.901857626541376
"Com_19592_neg",0.812099962801346,-0.300270772696712,0.477136286269136,0.540181097906055,0.670977235075457
"Com_19592_pos",0.84542677321303,-0.242248294122563,0.635391897522771,0.522354272778721,0.564429807307453
"Com_1959_pos",1.02481638268167,0.0353654438529748,0.745165150869136,0.509620826259196,0.438418827993611
"Com_195_neg",0.701141776963843,-0.512221895671039,0.239028922032876,0.576117713638936,1.05611418057137
"Com_1963_pos",1.00163789791484,0.0023610541437958,0.499194729609766,0.480192416525184,0.815850248636068
"Com_19674_pos",0.512767882602136,-0.963622193815494,0.231208156034002,0.553480475382003,1.03793156848028
"Com_19699_neg",1.05799823533435,0.0813372211414422,0.940593997481291,0.483588002263724,0.493320628291848
"Com_19701_pos",0.723736318763233,-0.46646392368738,0.952061871898413,0.516977928692699,0.24735590547021
"Com_19703_pos",1.00663299997962,0.0095377989205981,0.977849601229116,0.5169779286927,0.116019799560534
"Com_19708_pos",0.850162410823621,-0.23418962198084,0.0919584272240693,0.585738539898132,1.58680322920323
"Com_19824_neg",0.969179878583911,-0.0451636419847574,0.786320659444733,0.522920203735144,0.575235797807707
"Com_19849_neg",1.33355869120646,0.41528132068876,0.132683057314666,0.449066213921902,1.4911588163011
"Com_19850_pos",2.20453206733364,1.14047246268591,0.387008949317005,0.531975099037917,0.896450678519005
"Com_1987_pos",0.903177590263413,-0.146918404632218,0.923193651358706,0.495755517826825,0.182332311481359
"Com_19906_pos",0.445137589367139,-1.16767676146679,0.211469515010825,0.555461233729485,0.975271550434326
"Com_19937_neg",0.710366481708479,-0.49336458444622,0.103921982329646,0.572156196943973,1.35496283866397
"Com_19944_pos",1.64933926754347,0.721888190320775,0.168539931019453,0.557724957555178,1.3686494297696
"Com_19951_pos",0.455981195571704,-1.13295376526672,0.524697503231064,0.50169779286927,0.632602482320084
"Com_19_neg",1.36190072891964,0.445621546877957,0.903154242868213,0.537634408602151,0.23848540827313
"Com_20003_pos",0.823402940802568,-0.280329493600411,0.11231669006109,0.587436332767402,1.38088740524744
"Com_2001_neg",0.955000985832417,-0.0664258724669288,0.727374850680677,0.48641765704584,0.519229686819828
"Com_20030_pos",0.777483774448045,-0.3631155273838,0.419166945682652,0.474533106960951,0.92504685955658
"Com_20039_pos",1.6222298203144,0.697978219765282,0.126563647059729,0.578098471986418,1.34409146000067
"Com_20059_pos",0.818934490767707,-0.288180044272038,0.541112179104899,0.529145444255801,0.565357849146799
"Com_2005_pos",1.13584849533961,0.183770414421085,0.961014380336645,0.488964346349745,0.232255010115077
"Com_20075_pos",0.930595040354397,-0.103774596675915,0.564941744319802,0.545274476513865,0.754378474455834
"Com_200_pos",0.511703752645446,-0.966619281310518,0.105305515552827,0.602150537634409,1.50369663338824
"Com_20125_pos",0.67515203030358,-0.566715690992765,0.659124703951342,0.495755517826825,0.459316855890531
"Com_2016_pos",0.78392915098236,-0.351204820834032,0.169534617470528,0.571307300509338,1.3774177603004
"Com_20170_neg",0.74870742184326,-0.417526039112412,0.205266979862708,0.574702886247878,1.13078567232477
"Com_20186_pos",1.36644930736823,0.450431939652549,0.279090477054553,0.568477645727221,1.14995144342308
"Com_20220_pos",0.932624833680984,-0.100631249006041,0.688834529173258,0.522354272778721,0.395526202154839
"Com_20228_pos",1.17379549351523,0.231181074383334,0.424104308375756,0.560837577815506,0.743425847909542
"Com_20246_pos",1.499617548392,0.584594613127268,0.987119718352854,0.509337860780985,0.301168046980053
"Com_20267_neg",0.697635785850705,-0.519454048543783,0.588053932477712,0.473118279569892,0.502541116749982
"Com_20277_pos",1.25715832918502,0.330166357272786,0.265601088990222,0.571873231465761,0.997746608635727
"Com_20318_pos",1.06718210166687,0.0938063755585033,0.951857574342495,0.520373514431239,0.439001967088818
"Com_20349_pos",1.04254921009029,0.0601154829290764,0.951814687818061,0.492076966610074,0.249059001516165
"Com_2034_pos",0.963542822701242,-0.053579309294385,0.6308623539388,0.505659309564233,0.635791976302228
"Com_20376_pos",1.49583676898196,0.580952751810662,0.213614854497124,0.571590265987549,1.08168657361492
"Com_20396_pos",0.970335707324232,-0.0434441316067086,0.553704734109966,0.553197509903792,0.523420858181481
"Com_20404_pos",1.04776361199399,0.0673132643257618,0.706242202114191,0.519241652518393,0.384261678291321
"Com_2042_pos",1.0037233801239,0.0053617263503133,0.889458505838373,0.495755517826825,0.37795542220819
"Com_2043_pos",0.937670461469736,-0.0928471093918733,0.924054323546317,0.485002829654782,0.27116625772393
"Com_20460_neg",1.10939592949049,0.149774337160852,0.303833429580027,0.564516129032258,0.914661919511211
"Com_20476_neg",1.10903545635917,0.149305489842135,0.323189989811403,0.564516129032258,1.00531984692248
"Com_2048_pos",0.90345774333795,-0.146470970169882,0.213810867260198,0.569326542161856,1.22431102638731
"Com_20530_neg",1.26772037568684,0.342236561646476,0.542396388002162,0.531975099037917,0.632431657115391
"Com_20532_pos",0.645821532970091,-0.630792550821087,0.966447070645903,0.540181097906055,0.263145400204446
"Com_2058_neg",1.09786644791065,0.134702565585654,0.716273255807897,0.529711375212224,0.433397066543867
"Com_2059_pos",1.36807112995019,0.452143242035673,0.346608201031355,0.523769100169779,0.981059326998515
"Com_20600_pos",0.796175971198993,-0.328840763718291,0.560110680298237,0.533955857385399,0.590821227990588
"Com_2064_pos",1.04546733333434,0.0641479841916496,0.326982270876143,0.564233163554046,0.928849215631535
"Com_20664_pos",0.961452887988881,-0.0567119288770853,0.976166032962224,0.514997170345218,0.365555808038087
"Com_20675_pos",0.97767117743406,-0.0325787733220907,0.266785811435145,0.547538200339559,1.08183490665757
"Com_20707_pos",0.813130618002645,-0.298440975294831,0.912343414998319,0.504527447651387,0.0928058519693363
"Com_2070_neg",3.03490407131639,1.60165091581429,0.986214175253764,0.485002829654782,0.114471974971613
"Com_20729_pos",1.58852290798252,0.667685895210031,0.169587222621101,0.571024335031126,1.25553263639473
"Com_20789_pos",0.658233746134723,-0.603328102862659,0.734888972733833,0.51018675721562,0.35260375593037
"Com_20824_pos",0.549461844939503,-0.863908792107292,0.0300363615003571,0.607809847198642,1.86426837953065
"Com_20843_pos",0.678299679664332,-0.560005283407722,0.814589118785907,0.571024335031126,0.289669882701651
"Com_2085_pos",0.762731045613421,-0.390753671593485,0.0569933627288609,0.591397849462366,1.7420383023326
"Com_2089_neg",1.74512145624735,0.803327448026905,0.763729553982086,0.532541029994341,0.283337301698312
"Com_208_neg",0.949798591550425,-0.0743064780517393,0.450244620535588,0.482456140350877,0.778349721037844
"Com_20971_pos",1.28424893763805,0.360924880252946,0.591035765846761,0.515563101301641,0.607427278329327
"Com_2097_neg",0.845252193974425,-0.242546239040032,0.562808265789517,0.528579513299377,0.609353845157814
"Com_20_neg",0.914197395095479,-0.129422386739758,0.272975130534876,0.555744199207697,0.988075100999808
"Com_21008_pos",0.891760242813174,-0.165272213215848,0.454548998385993,0.531409168081494,0.67142966613929
"Com_21013_neg",1.25954019308108,0.332897160526734,0.927239135455683,0.518675721561969,0.0988983077219468
"Com_2104_neg",13.4351711247808,3.74794279207025,0.574999066146885,0.61601584606678,0.537853271980184
"Com_21059_pos",0.470124665178733,-1.08888472110416,0.890518889447149,0.536785512167516,0.193231801575895
"Com_21079_pos",0.81796317926676,-0.289892193388867,0.162281939871727,0.552065647990945,1.25746716959345
"Com_21083_pos",0.472073805506134,-1.08291566217813,0.0215244952025617,0.636106395019808,1.94681481442094
"Com_21120_neg",0.57097936425054,-0.808489488758759,0.394658645504705,0.550650820599887,0.800868306211138
"Com_2116_pos",0.722892478861136,-0.468147014445887,0.464642312171627,0.483022071307301,0.749359223830637
"Com_21173_pos",0.999621337732439,-0.0005463976321952,0.759607415062182,0.519524617996604,0.321654641519552
"Com_2117_pos",1.16626070659526,0.221890325476593,0.54986708925119,0.526881720430108,0.590323981928087
"Com_2121_pos",0.589899901629989,-0.761457926300505,0.576012817969397,0.523769100169779,0.636531428228467
"Com_21225_pos",0.7227436746802,-0.468444017331616,0.0718789762284914,0.590548953027731,1.58539805717556
"Com_21232_pos",1.65666583326705,0.72828262530677,0.612150477715943,0.480758347481607,0.568135522836323
"Com_21243_pos",1.14859222719559,0.199866703799562,0.689323854121862,0.527447651386531,0.78388885497863
"Com_21264_pos",1.06443409290027,0.0900866244829676,0.941747458293711,0.498585172608942,0.745523242865803
"Com_21272_neg",1.19496952415266,0.25697382497215,0.329186328531199,0.585455574419921,0.96866876672548
"Com_212_pos",0.0308356329337347,-5.01925773032474,0.596588370151959,0.533389926428976,0.382817210240233
"Com_21327_neg",0.646252425432428,-0.62983030491005,0.817322172714203,0.484436898698359,0.304207423321476
"Com_2133_pos",0.780674276434602,-0.357207361874828,0.043210590634031,0.59903791737408,1.86341357768149
"Com_2146_pos",1.05970652646673,0.083664782304933,0.890625916147608,0.509620826259196,0.657126980487439
"Com_21473_pos",0.971837447626115,-0.0412130702695802,0.338067968567387,0.581211092246746,0.899980215565115
"Com_2150_neg",0.672213914177091,-0.573007689542057,0.892170535392569,0.520939445387663,0.375940280567144
"Com_21530_pos",1.18075060505907,0.239704274777486,0.0629544230385167,0.615449915110357,1.58825306322678
"Com_21562_pos",0.89444831982772,-0.160929967425357,0.17679634938461,0.576117713638936,1.21311673905127
"Com_2158_pos",1.5838362995807,0.663423230627381,0.695700588166043,0.537068477645727,0.478842166197596
"Com_21619_pos",1.72028247356989,0.782645477577721,0.0030623962257062,0.673740803621958,2.66366227328452
"Com_2162_pos",1.07044985608373,0.0982172160188896,0.375403920048864,0.594793435200906,0.870243187446463
"Com_21637_pos",1.29895718665475,0.37735388065587,0.90756436243597,0.504810413129598,0.355328017853739
"Com_21673_neg",0.920645161564793,-0.119282880255728,0.111023484531711,0.483305036785512,1.46232522966046
"Com_21710_pos",1.2894817556792,0.366791361202083,0.82948881054823,0.515846066779853,0.582162615712547
"Com_2171_neg",0.92220000885226,-0.116848415288995,0.847635734677431,0.522354272778721,0.211265669586696
"Com_21720_neg",1.02606877842429,0.0371274394887776,0.477148377644015,0.490096208262592,0.759451232293708
"Com_21723_pos",0.929828516289199,-0.104963423302207,0.447695295737562,0.583474816072439,0.740050117133395
"Com_21727_pos",1.72914419404636,0.790058180930222,0.172098228638271,0.576117713638936,1.30825149953678
"Com_21756_neg",1.04013259236524,0.0567674496690312,0.611966294956412,0.479626485568761,0.462630535864919
"Com_21775_pos",1.16153860669184,0.216037106585141,0.61420936579934,0.475099037917374,0.495665241792321
"Com_21789_neg",1.69106746742031,0.757934219163049,0.0414880250602303,0.612903225806452,2.0086388827521
"Com_2179_pos",0.692042930165485,-0.531066558158644,0.0423242900615977,0.592529711375212,1.80535751002749
"Com_21817_neg",0.83437678128632,-0.261229083229535,0.1592314223996,0.562535370684776,1.21652886310695
"Com_21825_neg",1.08515228093058,0.117897512280446,0.9929507980188,0.503678551216752,0.595518746930163
"Com_21833_pos",4.26727329934466,2.09331451151929,0.562665857401509,0.50679117147708,0.576723295033612
"Com_21846_neg",0.909174545278261,-0.137370802191015,0.132436227288073,0.575834748160724,1.39586859736235
"Com_21874_pos",1.34005141255243,0.422288352333462,0.410632794017254,0.541595925297114,1.04450723906353
"Com_21940_pos",0.849857401065391,-0.234707305442251,0.73625187004141,0.504810413129598,0.754970330143704
"Com_21961_pos",0.936863128178506,-0.094089803376179,0.789761776842943,0.498019241652518,0.621734695808972
"Com_21970_pos",3.47706132671041,1.79786851284084,0.0274624594160011,0.572722127900396,2.06541436568296
"Com_2200_pos",1.98416298568422,0.988530538315798,0.736576845672989,0.524335031126203,0.413965618327106
"Com_22018_pos",0.675474877635582,-0.566025981272076,0.354767540681021,0.540747028862479,0.967514904426403
"Com_22025_pos",0.699406590091528,-0.51579670513201,0.154368858908482,0.565365025466893,1.25859954483433
"Com_22158_pos",0.865169757294038,-0.208944859273652,0.731298946466868,0.498868138087153,0.533872025515368
"Com_2215_neg",1.1227636142356,0.167054215834791,0.697892519321898,0.55461233729485,0.366403416898981
"Com_22174_pos",2.36976410105681,1.24474345272097,9.52117378932155e-05,0.730899830220713,3.81253893741258
"Com_2217_pos",0.546846545702824,-0.870792049462198,0.371571322158324,0.528013582342954,0.81003094529802
"Com_22180_pos",1.15920684827581,0.213138023078879,0.551406961492814,0.545840407470289,0.557517209372979
"Com_221_neg",1.42919956964317,0.515207384615335,0.119751325254324,0.60243350311262,1.45475647379748
"Com_2220_neg",0.912947541934001,-0.131396129711763,0.999638282176867,0.526881720430108,0.418386313661243
"Com_2221_pos",1.05787335405923,0.0811669219631482,0.805829957542951,0.470005659309564,0.515916793905782
"Com_22247_neg",0.629024990496377,-0.668810759898862,0.374728440509662,0.537917374080362,0.944340526146128
"Com_22273_pos",0.559217111851765,-0.838519587525286,0.388567850769732,0.517260894170911,0.833630646874238
"Com_2227_pos",0.729535411070285,-0.454950087771472,0.105743762841452,0.5631013016412,1.45684653697371
"Com_2228_pos",0.562044989381941,-0.831242478034715,0.322125525240573,0.59734012450481,0.978174817364637
"Com_22363_pos",1.5671646598368,0.648156769759323,0.355513322565448,0.540181097906055,0.854665109731096
"Com_22365_neg",1.12796474669602,0.17372197858635,0.415760060693553,0.540747028862479,0.768664666452869
"Com_2238_neg",1.00361446862763,0.0052051746509405,0.812418506711319,0.518392756083758,0.322090219257979
"Com_2238_pos",1.20725148159527,0.271726234054231,0.183013875813176,0.577532541029994,1.24205584062221
"Com_22447_pos",1.18844279755443,0.249072464769121,0.204867700029142,0.567062818336163,1.19897536976612
"Com_22451_pos",0.560862250547923,-0.834281610780204,0.548747166023524,0.49490662139219,0.624865844139478
"Com_2246_neg",0.715089061267586,-0.483805160342601,0.150867649881875,0.565930956423316,1.32953280278793
"Com_22505_pos",1.72179413124785,0.783912655172008,0.0979185650568845,0.604697226938314,1.54888609830884
"Com_22506_pos",0.586344436265387,-0.770179698991407,0.616114122233819,0.493491794001132,0.604542553004024
"Com_22535_neg",0.904459629153234,-0.14487198576141,0.905481403373618,0.535087719298246,0.48950474482583
"Com_22544_neg",0.880870115533388,-0.182998785719051,0.777542950213478,0.506508205998868,0.474240101223153
"Com_22598_pos",0.787462886021976,-0.344716165563725,0.0856566961596008,0.583757781550651,1.55901181182384
"Com_22636_pos",0.941184948337524,-0.0874498460765818,0.424873117281213,0.539049235993209,0.728379721524494
"Com_22664_pos",0.65767245243841,-0.604558852717233,0.0764699436031307,0.582625919637804,1.6367895958209
"Com_22669_pos",0.81910517644371,-0.287879383202418,0.487102258994394,0.518392756083758,0.452191945792669
"Com_2267_neg",0.75368703646961,-0.407962516570819,0.0051275232098077,0.679966044142615,2.540942438548
"Com_22684_pos",1.55107805946476,0.633271293188255,0.586989729076946,0.514431239388795,0.583636789669552
"Com_22709_pos",0.788895476511007,-0.342093929640384,0.86606458848377,0.512450481041313,0.503911508025807
"Com_22712_pos",0.899416904105331,-0.152938095870699,0.498330423305447,0.538483305036786,0.848043617588166
"Com_227_neg",19.8180866281289,4.30874577661661,0.417780285405982,0.529711375212224,0.797195025384716
"Com_22813_pos",0.436192919622371,-1.19696174285596,0.202621957780744,0.538766270514997,1.23269365388282
"Com_2284_pos",1.03070655180084,0.0436336474276775,0.856765128276487,0.485851726089417,0.631395385391098
"Com_22880_neg",1.04008252390122,0.0566980015391759,0.870002638210683,0.484436898698359,0.515514993437721
"Com_22910_pos",1.14010373129261,0.189165092647231,0.0550298596150068,0.604980192416525,1.90019968799785
"Com_22912_pos",2.00725229267621,1.00522196125327,0.264889191018542,0.536219581211092,1.23494108344883
"Com_22917_neg",0.946755206923276,-0.0789366442841568,0.353784745571686,0.5631013016412,0.878391606424634
"Com_22924_neg",1.40912710770295,0.494801753153465,0.880212932508735,0.487266553480475,0.355696188524728
"Com_22944_pos",1.02823617002692,0.0401716674446558,0.679752687190608,0.536219581211092,0.713894950746817
"Com_22951_neg",1.45994489309142,0.545913914335324,0.147916312977327,0.591114883984154,1.43860374738413
"Com_22964_pos",0.683066468409237,-0.549902122552698,0.462148360050371,0.528296547821166,0.644866061044114
"Com_2298_pos",0.638454752172484,-0.647343716352466,0.825098890425108,0.485568760611205,0.21342663740427
"Com_23004_neg",1.05917029918967,0.0829345723743208,0.811271818104563,0.530843237125071,0.294975909378113
"Com_23037_pos",0.113433878697431,-3.14007650814173,0.526059255510219,0.527447651386531,0.685189541919897
"Com_2305_pos",0.806933282380283,-0.3094786991515,0.477318573557311,0.538200339558574,0.705434797192463
"Com_23071_pos",0.842538819143752,-0.247184936312755,0.984627237153528,0.502546689303905,0.147292175093263
"Com_23119_neg",0.87841827583572,-0.187020024397533,0.188081179417854,0.543859649122807,1.263347741688
"Com_23129_pos",2.39018756357969,1.25712383428502,0.0001078883809978,0.708828522920204,3.33420651684645
"Com_23156_pos",1.02383271521954,0.0339800115893311,0.976000113610715,0.522354272778721,0.476983264476433
"Com_23184_pos",0.964439655089061,-0.0522371231006398,0.584090492093727,0.557159026598755,0.684498068699546
"Com_23218_neg",0.977225237114516,-0.033236972798963,0.406008422266572,0.516411997736276,0.76220883800286
"Com_23249_pos",0.75831989736643,-0.399121516958671,0.0206450487279756,0.629032258064516,2.16224333256007
"Com_23260_pos",1.91278722835646,0.935676402347293,0.0027135256311915,0.673174872665535,2.74618964965261
"Com_23272_pos",0.696406798574256,-0.52199780772045,0.835825375451358,0.50509337860781,0.435322691121188
"Com_23274_neg",1.13983509989624,0.188825124592069,0.172448436951727,0.561686474250142,1.35381324501747
"Com_2329_neg",0.52693987855796,-0.92428972857371,0.667120488937056,0.533389926428976,0.406007549020787
"Com_2330_neg",0.959834467200288,-0.059142474408682,0.490022002375611,0.528013582342954,0.838202371992721
"Com_23336_pos",0.929967182428208,-0.104748288971488,0.644547937494336,0.516411997736276,0.43673618790049
"Com_23345_pos",0.691585824374846,-0.53201979692178,0.302369330494247,0.531126202603282,0.936019913794478
"Com_2334_pos",8.54947303212059,3.09583549866802,0.154149890784152,0.55800792303339,1.37135031801566
"Com_2338_pos",5.90176183430748,2.56114570196334,0.547956585184917,0.543576683644595,0.493062207466764
"Com_23418_pos",0.743589960920466,-0.427420802074867,0.999692601842284,0.490662139219015,0.123989312649693
"Com_2341_neg",0.942600909012188,-0.085281022247503,0.921629100688824,0.526315789473684,0.183007288401791
"Com_2343_pos",0.871251728941351,-0.198838480970706,0.231439627204843,0.558856819468025,1.09611987091474
"Com_23471_pos",0.995481022423015,-0.0065342818217192,0.921865803885311,0.507640067911715,0.162744570817514
"Com_23500_pos",0.977174417925045,-0.0333120000253129,0.933154987812282,0.509337860780985,0.463327235893943
"Com_23516_pos",0.679098410154799,-0.558307440071648,0.0696091286260765,0.571307300509338,1.59008266321183
"Com_23517_pos",0.845668325633504,-0.24183615114877,0.708953103948214,0.510752688172043,0.498319830015296
"Com_23526_pos",2.03102522176531,1.0222081554833,0.281785208549049,0.55970571590266,1.09891953625723
"Com_23560_pos",0.978893447765647,-0.0307762633996675,0.60985372486587,0.565647990945105,0.499173047216526
"Com_23580_neg",1.0065884969873,0.0094740163249603,0.772323829214794,0.529994340690436,0.341785870835219
"Com_2358_neg",2.94785678131829,1.55966643423589,0.541298800136155,0.525749858517261,0.570174734270399
"Com_23631_neg",1.38695875972999,0.471924890749062,0.982863161276663,0.490945104697227,0.35668066540891
"Com_23663_pos",1.23129224436644,0.300173222796396,0.364846152013685,0.55970571590266,0.828516407693396
"Com_23675_pos",1.03322697285247,0.0471572112597664,0.731881611639876,0.528013582342954,0.521641272888182
"Com_23687_pos",0.978856626129068,-0.0308305322189664,0.771564852861935,0.49490662139219,0.707413495974986
"Com_23709_pos",0.840293670123066,-0.251034478439682,0.608066127155273,0.507357102433503,0.485834641865199
"Com_23716_pos",1.04950826818928,0.0697135324506333,0.805515821754828,0.494340690435767,0.359197970458742
"Com_2371_neg",1.12027091264544,0.163847658236245,0.785086702907622,0.535370684776457,0.513698226650337
"Com_23791_pos",1.12248456315839,0.166695604602971,0.45639928997284,0.548387096774194,0.60943602602639
"Com_23798_pos",1.79666006532423,0.845317471472862,0.401773946358117,0.533389926428976,0.924384028902683
"Com_23850_pos",1.00174034493933,0.0025086047272583,0.709045168636905,0.546972269383135,0.520653282045504
"Com_23851_neg",1.77632113412894,0.828892424443531,0.171531365624683,0.536785512167516,1.24951504514649
"Com_23854_pos",1.82242296680378,0.865857833614509,0.0036593867283837,0.676004527447651,2.53075702367962
"Com_2385_neg",1.0764547991576,0.106287741334895,0.615271909261719,0.50679117147708,0.484063979982737
"Com_23867_pos",1.47431625376199,0.560046028364424,0.591622261159553,0.481890209394454,0.574732529417372
"Com_23892_neg",0.974535162914408,-0.0372138535324402,0.701754334905459,0.480192416525184,0.764485512009049
"Com_23920_neg",0.966493966167663,-0.0491673691835597,0.715453070772548,0.467458970005659,0.500106832005916
"Com_23948_pos",1.01130792851995,0.0162223437379158,0.996158738192645,0.511318619128466,0.224371203459714
"Com_23972_neg",1.41875644399736,0.504626945144995,0.152322043506925,0.571873231465761,1.44397050171433
"Com_2397_neg",0.388421894551723,-1.36430357005476,0.0007878951052754,0.664685908319185,2.73060972138101
"Com_23988_pos",0.97184836324111,-0.0411968661037283,0.449024555530324,0.54782116581777,0.787135793489431
"Com_2398_pos",1.49299198129073,0.578206416923784,0.837752383331725,0.516129032258065,0.308092386340633
"Com_24017_pos",1.16232610616744,0.217014892964316,0.582553700921853,0.518392756083758,0.63440183362078
"Com_24056_neg",1.86565394546182,0.899681409841577,0.0060739274690157,0.630447085455574,2.53020223411846
"Com_2406_neg",1.15339334386883,0.205884601865969,0.751166077904823,0.517260894170911,0.557456271263178
"Com_24107_pos",1.49881738182726,0.583824613851576,0.510297736201589,0.487266553480475,0.676340178119403
"Com_24133_pos",1.04655334948771,0.0656458568201578,0.649805782453885,0.524335031126203,0.440708740354656
"Com_2414_pos",1.41467027130283,0.500465831580597,0.846240842747619,0.51528013582343,0.462478601597598
"Com_24159_neg",1.33023681726164,0.411683106384622,0.430142771251807,0.51528013582343,0.872150693007725
"Com_24175_neg",0.601385491313454,-0.733638032200953,0.0160857729237531,0.638653084323712,2.11567885059111
"Com_2420_neg",6.09992374120536,2.60879120679478,0.613332216069719,0.517826825127334,0.567158126496099
"Com_24219_neg",0.941073951162784,-0.0876199980931595,0.977068362658542,0.509054895302773,0.0241455888168545
"Com_24237_pos",1.08859819810541,0.122471553166697,0.544737791972036,0.5461233729485,0.525221795123625
"Com_24251_pos",0.946369509065294,-0.0795245024321082,0.982642111198564,0.50848896434635,0.424445894490747
"Com_24259_neg",1.06222071917761,0.0870835753485565,0.668360628742289,0.519807583474816,0.57072097363926
"Com_2426_neg",1.0775147228799,0.107707582057488,0.459475180448323,0.547255234861347,0.727960822609964
"Com_24273_pos",1.22742178287491,0.295631092113196,0.461926338474789,0.54102999434069,0.799432346364242
"Com_2427_pos",0.95894350973375,-0.0604822646569009,0.25413501757082,0.598189020939445,1.10778186621527
"Com_24299_pos",0.966150069274811,-0.0496807988043617,0.938013698033162,0.500565930956423,0.36069924212878
"Com_24345_pos",0.946857514651154,-0.0787807530080619,0.434100404242463,0.54272778720996,0.777217698547342
"Com_24386_pos",1.36263375732816,0.446397853054779,0.0253877139130164,0.609790605546123,1.9524521707717
"Com_24387_pos",1.0858928999767,0.118881819263893,0.500444903198612,0.55631013016412,0.713346720828239
"Com_24403_pos",1.20205819299774,0.265506740239655,0.0489618831085849,0.629032258064516,1.71283911587415
"Com_24406_neg",0.990563518596227,-0.0136786058648412,0.665049590073541,0.523203169213356,0.41964016623984
"Com_2451_neg",1.21975099464037,0.286586659703493,0.925157856609182,0.492359932088285,0.396760182259575
"Com_2453_neg",0.649465048498444,-0.62267620695825,0.197852398621566,0.581494057724958,1.09462600072439
"Com_24566_pos",0.60502368676806,-0.724936469667285,0.107897573761238,0.568760611205433,1.42597562987952
"Com_24571_neg",1.17136543182968,0.228191224808691,0.804349601899927,0.516977928692699,0.487592572811236
"Com_24591_pos",1.18583640365867,0.245904991409999,0.713705973529691,0.489530277306169,0.47059692889781
"Com_24601_pos",1.0652368907544,0.0911742972237223,0.864170926598524,0.537634408602151,0.505049517126649
"Com_24650_pos",1.31057648622287,0.390201552883745,0.191907995615422,0.563667232597623,1.14972849290181
"Com_2466_neg",0.832925436223723,-0.263740744080571,0.991526130594445,0.482173174872666,0.135794046655243
"Com_2469_pos",0.670611286890384,-0.576451329912911,0.0277464070456183,0.579513299377476,1.81870919281739
"Com_246_pos",0.611777437499884,-0.708921193952772,0.263138673267072,0.470854555744199,1.07955017582162
"Com_24767_neg",1.24370280955095,0.314641785782172,0.184816162698856,0.578664402942841,1.20291560223536
"Com_24777_pos",1.14446194867091,0.194669496640762,0.264404324918171,0.567062818336163,1.08255635357037
"Com_24868_neg",1.22349634602234,0.291009792808131,0.309708157442704,0.546972269383135,0.919390684061062
"Com_24892_pos",0.770979498674982,-0.375235597332239,0.835541178552189,0.481041312959819,0.34159086498742
"Com_24899_pos",1.16352323470606,0.218500020593297,0.302139239765759,0.597623089983022,1.00391478764853
"Com_24903_pos",0.94235037154718,-0.0856645325951498,0.320109142874941,0.559988681380872,1.03839034434799
"Com_2491_pos",1.48728061774317,0.572676878480595,0.286060776016765,0.541878890775325,1.08289579817133
"Com_25002_pos",1.33017014342102,0.411610794125136,0.207512434570196,0.573005093378608,1.28003448344946
"Com_2500_pos",0.327181313313578,-1.61183774257253,0.0338928526139032,0.591963780418789,1.8781244546306
"Com_25030_pos",1.16345505213544,0.218415476051483,0.371828018915472,0.548953027730617,0.947728826145249
"Com_2504_pos",0.781091638388958,-0.356436278282307,0.307838004167055,0.554895302773062,0.925620963397609
"Com_25051_pos",0.910876999159726,-0.134671842926959,0.911684776501788,0.514714204867006,0.21489412333037
"Com_25079_pos",0.982607129993687,-0.0253133872769436,0.953077978306998,0.517543859649123,0.653421507871928
"Com_25091_neg",1.24453504308577,0.315606853681164,0.446993747622931,0.533106960950764,0.908306625801971
"Com_25096_pos",0.75670831093608,-0.402190804533958,0.117345650255966,0.572439162422185,1.4223015335185
"Com_2512_pos",1.80032471381089,0.84825714030784,0.62681344078005,0.543859649122807,0.43755769198715
"Com_25212_pos",1.17128741088157,0.228095128252759,0.839311263045506,0.504810413129598,0.45113365166198
"Com_2526_pos",0.778300458121195,-0.361600888568487,0.486544862992474,0.544708545557442,0.629854281114191
"Com_25271_neg",1.38356663613898,0.468392129536695,0.298507685427603,0.556593095642332,1.03076484246734
"Com_25273_pos",1.28071403505158,0.356948378670274,0.433202201018134,0.555178268251273,0.784667583458787
"Com_25280_pos",1.35671385754308,0.440116476221943,0.254385564554731,0.572439162422185,1.07018037352919
"Com_2535_neg",1.18753267585512,0.247967210829327,0.498860290038583,0.558290888511602,0.645563896139442
"Com_25377_neg",0.706847905653218,-0.500528274994653,0.019289696377572,0.598754951895869,2.19683110223208
"Com_25410_neg",0.869836541717403,-0.201183777385545,0.970190591588147,0.498019241652518,0.123022015102747
"Com_25411_pos",0.757428666144336,-0.400818071444721,0.675237568507254,0.495755517826825,0.443785604146687
"Com_25461_pos",0.834104915817251,-0.261699233987756,0.41435434754248,0.593378607809847,0.803843058166913
"Com_25466_pos",1.9557974362163,0.967756956742419,0.654137107035863,0.521222410865874,0.553973690292491
"Com_2549_pos",1.00790363618163,0.011357712003933,0.355076132735283,0.544142614601019,0.768377508791597
"Com_25513_neg",1.05830303987664,0.0817527952468814,0.962458106890586,0.526032823995473,0.27259222657428
"Com_25551_pos",1.01949785534632,0.0278587404506518,0.64741405462957,0.494057724957555,0.670364867292144
"Com_25554_pos",0.796750779785345,-0.327799568908207,0.175821682263739,0.565930956423316,1.198149654238
"Com_25556_neg",0.817439141574468,-0.290816769068074,0.530034927653242,0.499434069043577,0.523938480036275
"Com_25562_pos",0.991050720434852,-0.0129692006972619,0.911792102336232,0.501414827391058,0.237590837685542
"Com_25569_pos",2.01763148244348,1.0126626922829,0.476364578790727,0.503961516694963,0.80755482250922
"Com_2557_pos",0.0682420035980419,-3.87319618469935,0.162107135662698,0.537068477645727,1.3127385145499
"Com_2558_neg",0.968064851985087,-0.0468243960411124,0.105297597922564,0.591397849462366,1.42623601502683
"Com_2558_pos",0.114351150785398,-3.12845721034431,0.452015497799666,0.520090548953028,0.701915838031506
"Com_25606_pos",1.11812004281377,0.161075086101582,0.212383853843038,0.585172608941709,1.12363458782715
"Com_2560_pos",3.33597989216075,1.73811059286909,0.0315144482881611,0.576117713638936,1.89100946884111
"Com_25626_pos",1.26573453058229,0.33997485218089,0.408507187740292,0.558290888511602,0.794978119563416
"Com_25636_pos",0.871459860092346,-0.198493880311925,0.179319619868027,0.564516129032258,1.25562012438903
"Com_25730_neg",0.989228169634696,-0.0156247718460953,0.652372806886695,0.509620826259196,0.692814628921046
"Com_25733_pos",2.61922382327734,1.38913934908711,0.502687323032182,0.472552348613469,0.582491623550421
"Com_25764_pos",1.5083032695718,0.592926535714292,0.0493773987061202,0.613752122241087,1.85893505855871
"Com_25781_pos",1.21856664492966,0.285185156010156,0.0860769699645471,0.559139784946237,1.80440980026632
"Com_25790_neg",1.21132017011643,0.276580241406515,0.143255384423135,0.596208262591964,1.27451300519463
"Com_257_neg",1.19768477909874,0.260248252474482,0.864101530930439,0.556876061120543,0.400880132512921
"Com_25816_pos",1.04282547934402,0.0604977377695686,0.470263970285316,0.565365025466893,0.72138223275153
"Com_2582_neg",0.342014718009643,-1.54786968456379,0.0038200056562444,0.647707979626486,2.30998109477926
"Com_25871_neg",0.875627071109341,-0.191611536952025,0.309370464595337,0.550933786078099,1.00292453088463
"Com_25880_pos",0.709866248063841,-0.494380875104955,0.578109450254273,0.539049235993209,0.566673617469727
"Com_25900_pos",1.05064447894044,0.0712745672641944,0.703181482967815,0.528862478777589,0.513616484949195
"Com_25930_neg",1.35747824255297,0.440929074926518,0.931050118109017,0.53933220147142,0.231744832774541
"Com_25934_pos",1.26772850222285,0.342245809802337,0.255555490234158,0.579513299377476,1.06674955182986
"Com_2593_neg",1.31425120659735,0.394241059430401,0.415401239904086,0.558573853989813,0.943300255640373
"Com_2594_pos",3.28850235411281,1.7174307030428,0.156032767743384,0.551782682512733,1.11727275182226
"Com_26037_pos",1.06229905576199,0.0871899672053794,0.328520530305355,0.560554612337295,1.01067391697717
"Com_26067_pos",0.957653151414201,-0.0624248683017781,0.692764983143633,0.556027164685908,0.475448489374216
"Com_26070_pos",1.48896956488322,0.574314264973875,0.214228553280628,0.562818336162988,1.15132040690236
"Com_2608_pos",0.978476574203907,-0.0313907833141885,0.95856920792342,0.512450481041313,0.504326272202269
"Com_26130_pos",1.6625249270431,0.733375971802918,0.097906902453161,0.593378607809847,1.49072474439083
"Com_26137_pos",0.939215371003907,-0.0904720753984604,0.800920308131086,0.502263723825693,0.395164190666064
"Com_26142_pos",0.955939153284953,-0.0650093030911187,0.646636850218759,0.531409168081494,0.60393644352387
"Com_26186_pos",0.913243047182673,-0.130929229966383,0.776850506954617,0.505942275042445,0.293102755423562
"Com_26224_pos",1.06151523832926,0.0861250816571006,0.711183526002641,0.533106960950764,0.386964097679963
"Com_26262_pos",0.620434323668168,-0.688649593529329,0.728873180143041,0.49151103565365,0.496532783199258
"Com_2626_neg",1.46899041521304,0.554824982708538,0.902193234159978,0.510469722693831,0.592679757798856
"Com_26301_neg",1.03478761239869,0.0493346885149308,0.365857413193124,0.556027164685908,0.880452626696391
"Com_26331_pos",0.782721518898244,-0.353428986306964,0.205027132015615,0.565082059988681,1.19003385212292
"Com_26349_neg",0.853129660322982,-0.229163073051476,0.340123750478419,0.536219581211092,1.0354402676651
"Com_26356_pos",1.50481747359069,0.589588506310451,0.307635566783322,0.560837577815506,0.980496428888639
"Com_2636_pos",2.79141530172765,1.48099678193542,0.0200975682224719,0.592812676853424,2.11889624515835
"Com_26377_pos",0.612048228013647,-0.708282756389792,0.0602384104604335,0.589134125636672,1.59783651991663
"Com_2642_neg",1.4512231486128,0.537269373742671,0.423167670962707,0.547538200339559,0.856351730965196
"Com_2643_neg",1.30044004380813,0.378999886020898,0.694563230744658,0.524617996604414,0.559618033510716
"Com_2647_neg",10.0551050154697,3.32985624410956,0.685991019836445,0.532823995472552,0.462637721888535
"Com_2649_pos",1.03913864408329,0.05538815451854,0.829140686322804,0.482456140350877,0.22404091004862
"Com_264_pos",0.0132273113279813,-6.24033635022845,0.652927174214592,0.581777023203169,0.463548701523321
"Com_26521_pos",0.961270881691741,-0.0569850618015534,0.880279245996995,0.507357102433503,0.140440588648345
"Com_2655_neg",0.804707201067516,-0.313464151919567,0.322832871633264,0.536219581211092,0.916885827955978
"Com_26566_pos",1.28717254506301,0.364205459325128,0.929404366491781,0.499151103565365,0.447524774334954
"Com_26602_pos",0.662308049641325,-0.594425702144621,0.623849899039528,0.480192416525184,0.440499996478701
"Com_26603_pos",3.07129259996675,1.61884596344118,0.10201764333438,0.558573853989813,1.61757082087992
"Com_26606_neg",0.983456434330543,-0.0240669502304129,0.832831655611589,0.533106960950764,0.402357168927
"Com_26663_pos",0.792537983033854,-0.3354480156335,0.0654630630649154,0.60243350311262,1.57492417534462
"Com_26698_pos",0.617771322240162,-0.694855194174625,0.185684556590469,0.557159026598755,1.17281711826757
"Com_2671_pos",0.786857500646573,-0.34582570658138,0.123353099297501,0.600452744765139,1.44820153403367
"Com_26722_pos",0.55746290323381,-0.843052291829876,0.453986197281168,0.492642897566497,0.754436937352094
"Com_26730_pos",1.18122129015754,0.240279264740531,0.990061880058155,0.503678551216752,0.31539867217806
"Com_26735_pos",1.19500180279487,0.257012794675695,0.204004135597911,0.577249575551783,1.43736351056898
"Com_26741_pos",1.24300479622928,0.313831863150533,0.499186146335411,0.525466893039049,0.692265778082401
"Com_267_neg",0.940732871924407,-0.0881429777370933,0.886950631719054,0.559422750424448,0.381757415899469
"Com_26802_pos",1.39286287830146,0.478053237456979,0.238639729754044,0.573288058856819,0.976696521677529
"Com_26808_neg",0.7362405083727,-0.44175096507758,0.0195700194733027,0.614601018675722,2.1021764578392
"Com_2686_pos",1.74034287990205,0.799371571821936,0.162980523378554,0.614035087719298,1.30227194435347
"Com_2689_neg",0.634226318131722,-0.656930349501239,0.0532669363000756,0.594227504244482,1.64361645958547
"Com_26902_pos",1.07246414269313,0.100929412737787,0.908354941044993,0.536502546689304,0.34119997577592
"Com_2691_pos",1.44869006175771,0.534748972262809,0.58049747426892,0.451329937747595,0.602535300772112
"Com_26924_neg",0.964971123575929,-0.051442324006259,0.770931900048154,0.488398415393322,0.48196692691663
"Com_2696_neg",0.913198447774455,-0.1309996875696,0.7640264867573,0.497170345217883,0.43071685862675
"Com_26999_pos",1.04034359127454,0.0570600817919245,0.930704141439026,0.51358234295416,0.450614630257308
"Com_27038_neg",1.23400061615242,0.303343114843748,0.943983172038729,0.481607243916242,0.433047878149567
"Com_2706_neg",3.86393049238019,1.95006914199968,0.958882622800415,0.524900962082626,0.361378326884133
"Com_27071_pos",0.980641899121383,-0.0282016910413812,0.878442703995782,0.505942275042445,0.187254438900076
"Com_27119_pos",0.634900613765893,-0.655397322292379,0.30048130203311,0.525183927560838,1.01510281986615
"Com_2720_neg",0.807321232318745,-0.308785260219768,0.0460481589245111,0.619977362761743,1.77815622860821
"Com_27339_neg",0.927521353991803,-0.108547598120561,0.448984350558533,0.538766270514997,0.838206047336208
"Com_2736_neg",1.15949241441957,0.213493381678555,0.288217945252945,0.548104131295982,1.11451988003301
"Com_2738_pos",0.661472462192212,-0.596246998074558,0.989165563308109,0.565647990945105,0.216124698824999
"Com_27421_pos",0.703570679525378,-0.507232733431572,0.842559122951896,0.513016411997736,0.307254535443028
"Com_27424_pos",1.6364019752521,0.710527183773875,0.115722978750265,0.580928126768534,1.40249471779017
"Com_27454_neg",1.108528414497,0.148645750745159,0.498620357393884,0.54782116581777,0.594031054683994
"Com_27461_neg",1.07176027286963,0.09998224551695,0.665481442206823,0.541312959818902,0.418791856254085
"Com_27474_neg",0.898440094670296,-0.154505782585989,0.501829348246101,0.521788341822298,0.66094592914426
"Com_27492_neg",1.19969238057497,0.262664524239807,0.352836224126075,0.571024335031126,0.867726124390157
"Com_2751_neg",0.863192898963693,-0.212245098309815,0.406500298953323,0.540181097906056,0.942774186224509
"Com_27525_pos",1.15889239672395,0.212746618182622,0.779999747326932,0.495189586870402,0.514358458235071
"Com_27526_pos",0.90713611888635,-0.140609046550354,0.409434067697573,0.543293718166384,0.799362754267801
"Com_27527_pos",1.2432490526056,0.314115331762654,0.936431627171036,0.49151103565365,0.324268064986758
"Com_2752_neg",0.876013417952409,-0.190975127041342,0.417870332910176,0.539615166949632,0.974588921987487
"Com_2755_pos",0.682068637150589,-0.552011168696199,0.871321989109846,0.538483305036786,0.26969719894898
"Com_27569_pos",0.982575044841589,-0.0253604964868834,0.143585839591538,0.569043576683645,1.4220881648941
"Com_27621_pos",0.943779794912272,-0.0834778092908571,0.484312801169647,0.563667232597623,0.67343923507143
"Com_27635_pos",0.556469853012432,-0.845624563811707,0.352502832580482,0.465478211658178,0.804594625754843
"Com_2763_neg",1.13849365975705,0.187126257164011,0.398964727576176,0.54782116581777,1.10574000758997
"Com_27662_pos",1.01333066463516,0.0191050234845237,0.796977622992643,0.531975099037917,0.463824772901029
"Com_27698_pos",1.10666677140494,0.14622087739205,0.361172465902813,0.555461233729485,0.988106014409674
"Com_276_pos",0.970390307370969,-0.0433629545460787,0.559388758921697,0.517826825127334,0.561780885901335
"Com_27708_pos",0.782202671169848,-0.354385632100942,0.206850132514516,0.561686474250142,1.13617365955484
"Com_27730_pos",1.31603007512777,0.39619245924177,0.535237827872501,0.474533106960951,0.669038018096773
"Com_27734_pos",0.440794095920528,-1.18182319457906,0.0724379930245146,0.55631013016412,1.69043203511118
"Com_2778_pos",5.49102864968772,2.45707643862776,0.0041610626522364,0.683927560837578,2.78114621646309
"Com_27796_neg",0.774079248122747,-0.36944682177214,0.126511736114465,0.572722127900396,1.32807468926262
"Com_27832_neg",0.765827941819234,-0.384907795905041,0.136127061921471,0.552631578947368,1.19976665397296
"Com_2784_pos",0.81490297898852,-0.295299790223642,0.752927121372205,0.531975099037917,0.27301171787368
"Com_27889_pos",1.10570863460844,0.144971270939666,0.574900454546856,0.548104131295982,0.605538830375134
"Com_27899_pos",1.32881897216662,0.410144576588199,0.833660113861564,0.503961516694963,0.460005404913094
"Com_27927_pos",1.84327657387311,0.882272555949027,0.631146722721361,0.502546689303905,0.553586054038502
"Com_27936_pos",2.09489235269074,1.06687611207293,0.734410988462521,0.522071307300509,0.334776896008552
"Com_27945_pos",0.769433984162221,-0.378130543262266,0.64393994203576,0.512733446519525,0.402894889530386
"Com_27961_neg",0.844629353033211,-0.243609709529347,0.0934593778146804,0.592246745897001,1.56803797239274
"Com_2796_neg",0.31573260991065,-1.66322482021444,0.115068977761055,0.523486134691568,1.37133327954468
"Com_27995_pos",1.52235235610666,0.606302316511605,0.3708614783288,0.529428409734012,0.814037662256475
"Com_2803_pos",1.75012817387047,0.80746058436378,0.760063570792514,0.509620826259196,0.291018751771382
"Com_2805_pos",0.926465501934673,-0.110190838132266,0.78080776493658,0.563667232597623,0.271199396852527
"Com_28071_pos",1.10157648021137,0.139569661894286,0.188576213003048,0.596491228070175,1.11736959965362
"Com_28163_pos",0.634785641228542,-0.655658599925772,0.503150385569385,0.509620826259196,0.780830338078811
"Com_28166_pos",1.19291366122203,0.254489629760446,0.0757877675048561,0.605263157894737,1.78244046481541
"Com_28191_pos",0.800616295185879,-0.320817115254075,0.121696324609901,0.567628749292586,1.39593888667406
"Com_28236_neg",0.77727076672988,-0.36351083760474,0.277493535411502,0.535936615732881,0.908059769627697
"Com_28243_pos",1.04209769982729,0.0594905410030098,0.658197715269674,0.538483305036786,0.531693406745947
"Com_28244_neg",0.801971864878603,-0.318376470566407,0.706662039477674,0.510752688172043,0.551756108945981
"Com_28299_pos",1.11496028208283,0.156992318340442,0.912090948461617,0.505942275042445,0.399768629771195
"Com_28300_pos",0.996927932556955,-0.0044388782284039,0.59418169042125,0.531409168081494,0.54478575380222
"Com_28307_pos",1.13439520084078,0.181923334254019,0.22490969037309,0.554895302773062,1.31980054606762
"Com_28310_neg",0.786965246335572,-0.345628169505827,0.129079368375331,0.581494057724958,1.41776845327816
"Com_28313_neg",2.27348913690113,1.18490811066864,0.0036456894219116,0.634691567628749,2.6795307839788
"Com_2837_neg",1.02463482941785,0.0351098378717158,0.714123587821595,0.49830220713073,0.493685853667868
"Com_28383_neg",0.903468414475072,-0.146453929964293,0.677583772443532,0.505659309564233,0.401978873770478
"Com_283_neg",0.812791763618982,-0.299042312174743,0.0820169096074568,0.557724957555178,1.58942777346639
"Com_2842_pos",0.593569268650715,-0.752511694830457,0.3194581732697,0.48641765704584,0.671976807967145
"Com_28435_pos",0.837308919515301,-0.256168101230096,0.155858041797325,0.567911714770798,1.29575514544096
"Com_28506_neg",1.10692636651744,0.146559256271839,0.834021852854787,0.491794001131862,0.220344119872284
"Com_28542_pos",1.00730567251827,0.0105015436313919,0.793493093142417,0.512450481041313,0.586645188944149
"Com_28571_neg",1.12108182823363,0.164891584903716,0.95414510618964,0.495189586870402,0.118050989268768
"Com_2858_pos",0.899153504785819,-0.153360659138583,0.43665498862301,0.530277306168647,0.934438717067685
"Com_285_neg",24.7529948846621,4.62953118346776,0.759720004404548,0.498019241652518,0.309301965679379
"Com_285_pos",1.05989530517347,0.0839217646312302,0.815480721897231,0.518392756083758,0.52014616263196
"Com_28606_pos",0.826781256621399,-0.274422412081753,0.126326442707329,0.552631578947368,1.42114215005569
"Com_28608_pos",1.25688990229259,0.329858281919916,0.202217512827825,0.44029428409734,1.13431763961627
"Com_2864_neg",1.01805652984416,0.0258176724760049,0.58116219017423,0.542444821731749,0.650911557242191
"Com_28654_pos",0.857663352767034,-0.22151661802465,0.880617686575405,0.569609507640068,0.153518414245354
"Com_28655_pos",0.662632148276809,-0.593719895944111,0.592391861276442,0.513299377475948,0.665452425176755
"Com_28664_pos",1.10107763965581,0.138916200416596,0.947257463363904,0.494340690435767,0.328933658754469
"Com_2871_neg",0.91788975247407,-0.123607212610469,0.35162831166118,0.552631578947368,1.07227366759092
"Com_28732_neg",0.696451232524411,-0.521905760091581,0.632947913159378,0.51188455008489,0.450595856198031
"Com_28761_pos",1.39769152864596,0.483045992188084,0.768855259954224,0.500282965478212,0.510349053663296
"Com_28797_pos",0.787940768341914,-0.343840912453401,0.420424402035611,0.548387096774194,0.705471974100977
"Com_28820_pos",1.06504119649018,0.0909092359183412,0.808043554398844,0.51358234295416,0.770554249186869
"Com_28826_pos",0.885622108346713,-0.175236857406507,0.214079211469104,0.570175438596491,1.04757204476612
"Com_28865_pos",1.44126106245891,0.527331681385016,0.0368733284853541,0.61431805319751,1.97638367834145
"Com_28890_pos",1.53402722192025,0.617324084262547,0.120204720364011,0.572156196943973,1.35831942711434
"Com_28921_pos",0.676096462067921,-0.564698997168597,0.392971785197949,0.513299377475948,0.830404188833184
"Com_28992_pos",1.06392894793341,0.0894018069604669,0.805659718770712,0.49830220713073,0.240889481008034
"Com_29001_neg",1.34114810247889,0.423468562308633,0.454180873878459,0.584889643463497,0.740631213681642
"Com_2903_pos",1.0910602712204,0.125730799726645,0.985640195073289,0.504810413129598,0.0725602719156886
"Com_29066_pos",0.472578765822968,-1.0813732881108,0.476084262390804,0.494340690435767,0.596140933750435
"Com_29075_pos",0.883409616315029,-0.178845558032848,0.86047446417894,0.492642897566497,0.20847152340477
"Com_2911_pos",0.906795516307531,-0.14115083726354,0.123616435140557,0.576400679117148,1.3979570852658
"Com_2912_neg",0.935638410466504,-0.0959770054799748,0.244637667729973,0.467741935483871,1.0614728119035
"Com_29142_pos",1.03759631736101,0.0532452642951216,0.941426306935017,0.497453310696095,0.380745647326423
"Com_29153_pos",1.09000105799103,0.124329535330341,0.533144711842317,0.507357102433503,0.536487148637489
"Com_2918_pos",1.00392031115502,0.0056447560772904,0.902583290258754,0.523203169213356,0.216457822645271
"Com_29198_pos",0.878211097734419,-0.187360329330617,0.869448435174391,0.528579513299377,0.137154636665139
"Com_29222_pos",0.480847102376806,-1.05634986972633,0.260890331420424,0.478777589134126,0.97880037864431
"Com_2925_pos",0.203357583695376,-2.29790930150212,0.651759935531284,0.541878890775325,0.39031155532293
"Com_29302_neg",1.09061279738421,0.125138989429547,0.514226931033352,0.547255234861347,0.570754205895104
"Com_29374_pos",0.806173918799636,-0.310836984765938,0.847088453635794,0.507923033389926,0.349150842420477
"Com_29383_pos",0.944748254855157,-0.0819981463549023,0.528666912055903,0.518392756083758,0.535561753678548
"Com_2938_pos",0.859464329446358,-0.218490330458889,0.186469697434297,0.553197509903792,1.37052705126714
"Com_29391_neg",1.11139599386487,0.152372945075592,0.948886348374286,0.511601584606678,0.328080906000082
"Com_2939_pos",0.870998913476897,-0.199257175744589,0.231381115396598,0.550084889643463,1.25190305619065
"Com_293_pos",0.821046036980581,-0.284464977072468,0.754153217664641,0.543010752688172,0.743470551313712
"Com_29415_pos",0.683596064991691,-0.548784002486114,0.800305222417573,0.520090548953028,0.506041279144744
"Com_2941_pos",1.03842416649241,0.0543958636356098,0.988112100867223,0.514997170345218,0.0658307123396372
"Com_29530_neg",0.735725336191552,-0.442760820549482,0.811626692975115,0.531692133559706,0.290547283507071
"Com_2953_neg",0.661070951631829,-0.597122972815456,0.118178932823475,0.585455574419921,1.47229644323135
"Com_2955_neg",0.569961232337861,-0.811064301602955,0.022364448123898,0.590548953027731,1.95039522179199
"Com_2955_pos",0.971826591160955,-0.0412291868083806,0.234359788082381,0.552631578947368,1.11297237402316
"Com_2959_pos",1.14970269229979,0.201260835257617,0.530570982610815,0.542444821731749,0.638369776140904
"Com_2960_neg",1.06888541034883,0.0961071975087296,0.880788150144013,0.518675721561969,0.223186685523192
"Com_2962_pos",0.815103062363185,-0.294945608353735,0.233895667298333,0.55461233729485,1.1134765022344
"Com_29653_pos",1.05813027698209,0.0815172629768258,0.470251722261362,0.572439162422185,0.755266028503369
"Com_29664_pos",1.0319112638921,0.0453189158706941,0.895167876177918,0.493491794001132,0.331283266767975
"Com_2966_pos",0.310312945347281,-1.68820421175337,0.566779541769749,0.511035653650255,0.581825482632369
"Com_296_pos",1.39933257884895,0.484738888044805,0.617084101255173,0.490662139219015,0.677757958149852
"Com_29743_pos",0.194119344512206,-2.36498420124992,0.607677051220726,0.494340690435767,0.594284859390921
"Com_29780_pos",0.84027518908847,-0.251066208763396,0.643317418938632,0.51018675721562,0.421270440887064
"Com_29850_pos",1.10170930723292,0.139743610173362,0.547586410424561,0.54442558007923,0.536813009981749
"Com_2985_pos",0.57476092339672,-0.798966115100019,0.291060858195022,0.532823995472552,0.984964253642727
"Com_2986_neg",0.959922883832606,-0.0590095844504808,0.608347374590792,0.489247311827957,0.405329964120909
"Com_29889_neg",1.01776067429464,0.0253983525721853,0.873249299907228,0.494623655913978,0.433275452621684
"Com_29900_pos",1.00433072471401,0.0062344250020774,0.875533456863999,0.50169779286927,0.526772165377145
"Com_29948_neg",0.864352208848193,-0.210308788959943,0.922475488599127,0.54782116581777,0.338010257827347
"Com_29956_pos",0.68221560294509,-0.551700343697279,0.729586055174972,0.509054895302773,0.426242551956084
"Com_29957_neg",1.07701088568127,0.107032831719649,0.816162265581029,0.501131861912847,0.538570089105604
"Com_3001_neg",0.906912184253495,-0.140965232640201,0.555029568147872,0.478211658177702,0.555994636143362
"Com_3006_pos",1.38834097229083,0.473361932917046,0.63269708421712,0.520090548953028,0.734302785776633
"Com_30071_pos",1.0665954125768,0.0930130281204811,0.302235947646919,0.56989247311828,0.925805434089014
"Com_30083_pos",1.95700201302009,0.968645239956852,0.333419075069311,0.472835314091681,0.963591416949288
"Com_30112_pos",1.13956281441418,0.188480450312887,0.738552297972004,0.534804753820034,0.617503641555304
"Com_3012_pos",1.08513724039763,0.11787751596006,0.903826385376939,0.511318619128466,0.665645431545244
"Com_3013_pos",0.913835115467227,-0.129994213583008,0.784665218139466,0.512733446519525,0.302934312683496
"Com_30160_neg",1.00714521369319,0.010271711121417,0.729674676010123,0.530843237125071,0.166567304821385
"Com_30178_neg",1.00299686335773,0.0043170942598405,0.438258916081323,0.521505376344086,0.675080385503517
"Com_301_pos",0.6714674525034,-0.574610624125118,0.70395854551523,0.514714204867006,0.371384212074525
"Com_30211_neg",0.716324723218428,-0.48131435882758,0.0451174804672314,0.589417091114884,1.71673709921546
"Com_30214_pos",1.36041355690757,0.444045288095961,0.134731365978036,0.580928126768534,1.43761896782776
"Com_30227_pos",1.33881379165722,0.420955317993214,0.314241502725542,0.54442558007923,0.935796360708906
"Com_30242_pos",1.62416183981602,0.699695397219369,0.0785358223057169,0.564516129032258,1.69625381187307
"Com_30245_neg",0.812013946506664,-0.30042358867985,0.144041466665821,0.576117713638936,1.47614317816305
"Com_30251_pos",0.648024418316221,-0.625879918320686,0.935502801138911,0.545274476513865,0.50221995419997
"Com_3026_neg",1.11449317526085,0.156387782100156,0.475296440978766,0.56649688737974,0.870415547635303
"Com_30279_pos",0.663023447380877,-0.592868203701891,0.962561814343928,0.520939445387663,0.352089221950772
"Com_30286_neg",0.551270518642019,-0.859167645183781,0.590915339710734,0.514997170345218,0.488036625614335
"Com_30331_pos",1.31640418179526,0.396602514563126,0.960052043450858,0.513016411997736,0.211853501865951
"Com_3034_pos",0.411025840868372,-1.28269899703702,0.82788122738312,0.517826825127334,0.150846241927709
"Com_3040_neg",1.05141603025038,0.0723336360148436,0.87491183394588,0.526315789473684,0.175329048427681
"Com_30416_pos",0.933034960548158,-0.099996955434653,0.888397047907636,0.49490662139219,0.19124758971721
"Com_30422_neg",1.39257480790209,0.477754829964226,0.493830036528533,0.480192416525184,0.657267528001543
"Com_30449_pos",1.07366163804429,0.102539402981048,0.540885537932965,0.471703452178834,0.637746888932694
"Com_30454_neg",1.22914638834914,0.297656747418075,0.0200146967212547,0.642897566496887,2.0628332591547
"Com_30483_pos",0.868744256273416,-0.202996560550332,0.825767805566773,0.545557441992077,0.479380550325826
"Com_30502_pos",1.31769844532261,0.398020248028445,0.549275830446914,0.514148273910583,0.735382511323209
"Com_30541_pos",0.927084912876128,-0.109226611726948,0.759996094387714,0.550933786078099,0.287834440673137
"Com_30545_pos",1.01112265075118,0.0159580090095162,0.930441815498994,0.523486134691568,0.10376581808931
"Com_30566_pos",0.374605217696815,-1.41655710055762,0.0296811036392725,0.59734012450481,1.84992055231905
"Com_3060_pos",0.41439127735242,-1.27093445926842,0.256224450866661,0.550084889643463,1.05642213823595
"Com_30612_pos",0.876064251343169,-0.190891412623806,0.50644421175311,0.578381437464629,0.641142783732252
"Com_30654_pos",1.30937227952033,0.388875341331049,0.0032479393034209,0.679400113186191,2.62618382264565
"Com_3070_pos",0.486905133730019,-1.03828738300944,0.0465777276420836,0.582059988681381,1.77134831748635
"Com_3071_pos",10.547521486007,3.39883212131395,0.756980699167536,0.502546689303905,0.311408146049795
"Com_30733_neg",1.01299592943411,0.0186283769060578,0.915266646273625,0.503678551216752,0.639907476163614
"Com_3073_pos",1.24513899202655,0.316306796040378,0.534508115429358,0.534521788341822,0.583811250515331
"Com_30772_pos",1.04048217004391,0.0572522429111827,0.776180828119441,0.50169779286927,0.273537110230531
"Com_30789_neg",1.02879791059811,0.0409596177893784,0.920981610755182,0.524617996604414,0.593566354628732
"Com_30795_pos",0.973342023498051,-0.0389812509293138,0.698543298281969,0.454442558007923,0.344621548539681
"Com_3080_pos",1.02454744685094,0.0349867971861919,0.766704819847778,0.506225240520656,0.462298257351093
"Com_3081_pos",0.941636600762616,-0.0867576968639329,0.554673762511989,0.499434069043577,0.679850914699912
"Com_30847_neg",1.15212501127048,0.204297264831456,0.0460277226247738,0.6092246745897,1.76380972858583
"Com_30855_neg",0.953091206449557,-0.0693138148588361,0.555842369185707,0.546689303904924,0.538854299051452
"Com_30887_neg",1.00255774548839,0.0036853356631994,0.87736176538722,0.509903791737408,0.422256410513828
"Com_3088_pos",0.556931887287834,-0.844427197987713,0.0439281177422719,0.598189020939445,1.73560057618529
"Com_30897_neg",1.01102703711303,0.0158215786329415,0.614829230419136,0.515846066779853,0.574392171437276
"Com_30924_pos",1.39804773692829,0.483413622983666,0.100280381569621,0.604697226938314,1.53719179837993
"Com_30927_neg",0.647658463355312,-0.626694873011837,0.0719345145759318,0.565647990945105,1.64516360094759
"Com_30950_pos",0.918513171038501,-0.12262768584721,0.450772289196275,0.545557441992077,0.711111338621325
"Com_3098_neg",0.881279642658847,-0.182328215285524,0.380999481256894,0.550367855121675,0.933867080133016
"Com_3100_pos",0.955443010679946,-0.0657582715657524,0.897701788466807,0.488398415393322,0.220211722085799
"Com_31011_neg",1.11030036731843,0.150950018755895,0.698645155210043,0.525183927560838,0.448477944639166
"Com_31016_neg",0.979287002592385,-0.0301963581060632,0.835029383953598,0.489530277306169,0.343733545444416
"Com_31044_pos",0.973988605611901,-0.0380232001191279,0.939518888331798,0.512450481041313,0.337674280848137
"Com_3104_pos",0.866961487181146,-0.205960188506996,0.0124056229871634,0.67572156196944,2.15780872003111
"Com_31055_pos",1.23341260497969,0.302655495265739,0.426897751672661,0.472269383135258,0.798909783028391
"Com_31068_pos",1.26592698324605,0.340194194697756,0.588848312051682,0.479343520090549,0.540755262746846
"Com_31089_pos",1.09255093446333,0.127700539391551,0.56601453287183,0.473401245048104,0.571682985108697
"Com_3108_pos",0.830902818437531,-0.267248344193719,0.722129219127301,0.498019241652518,0.443583295308538
"Com_31094_neg",1.14194491048683,0.191493054129397,0.835941872919633,0.515846066779853,0.566080241337496
"Com_310_pos",1.03583176571895,0.0507897072022598,0.35258298297019,0.539898132427844,0.802346803234779
"Com_31146_neg",0.75303808432562,-0.409205264945926,0.578846390907386,0.483022071307301,0.521711179410143
"Com_31193_pos",0.752236251954607,-0.410742260119255,0.721888714300951,0.509620826259196,0.457587814710399
"Com_311_pos",2.6956692171943,1.43064347575133,0.772725336643702,0.545840407470289,0.297933631231087
"Com_31248_pos",1.05992825833249,0.0839666187029766,0.803431539362088,0.496887379739672,0.393059037294842
"Com_3125_neg",1.03088856751933,0.0438883949992552,0.839466345376363,0.48811544991511,0.281873311927686
"Com_31263_pos",1.48163509773801,0.567190179421391,0.232728222078382,0.562252405206565,0.980359680710972
"Com_31291_pos",1.03415650207998,0.0484545296465247,0.568047719580465,0.529711375212224,0.746346903227882
"Com_3130_neg",1.2389591490832,0.309128619773365,0.772047267097649,0.475099037917374,0.288567510456042
"Com_31334_pos",0.634020299600276,-0.657399062623919,0.787546870125497,0.513865308432371,0.308349960222434
"Com_31405_pos",0.973417298747598,-0.0388696816890526,0.363275234492576,0.587436332767402,0.885061349657738
"Com_3143_neg",0.817370951787637,-0.29093712196748,0.204265944751355,0.560837577815506,1.07461815786153
"Com_31448_neg",0.417342645736468,-1.26069574641885,0.144631789828427,0.566779852857951,1.36032803526924
"Com_31453_pos",0.989140390695209,-0.0157527947466962,0.421195948065246,0.576683644595359,0.725552056803995
"Com_31582_pos",1.08371584900438,0.115986530703557,0.748712024816417,0.526315789473684,0.697493081184125
"Com_31584_pos",0.831336181176758,-0.266496093417388,0.0509782406119635,0.606112054329372,1.79432215236705
"Com_31599_pos",2.31524378475255,1.21116411077982,0.644937612299288,0.499434069043577,0.460320794256247
"Com_31626_neg",1.02079257890813,0.0296897459597812,0.72301755238315,0.524335031126203,0.441656154943215
"Com_31646_pos",0.875326521521685,-0.192106811533528,0.663368540951951,0.534521788341822,0.412902071394454
"Com_31651_pos",1.06635639012908,0.0926896860730961,0.437380177653608,0.531692133559706,0.721055525147119
"Com_31727_pos",1.26661601809418,0.340979229488793,0.0037560632463313,0.683927560837578,2.55275979365556
"Com_31789_neg",0.979444327396921,-0.0299646043046858,0.943314555244109,0.529428409734012,0.254522956046696
"Com_3184_pos",0.999824667475045,-0.0002529735421522,0.554853915654623,0.523486134691568,0.689363062219581
"Com_31854_pos",1.01325022327435,0.0189904932892808,0.456490118978495,0.545274476513865,0.788955486057018
"Com_31875_pos",0.987736118775405,-0.0178024285663249,0.459398080464624,0.563384267119411,0.777849480558668
"Com_3188_neg",0.906781586151337,-0.141173000056876,0.24684675895937,0.558573853989813,1.08262499947419
"Com_3188_pos",0.863542943332786,-0.211660171223773,0.390043171762286,0.548104131295982,0.800024776979257
"Com_31894_pos",0.883375248448171,-0.178901685241177,0.815741388070536,0.522920203735144,0.360389176773509
"Com_31910_pos",1.03339162608979,0.0473870982931766,0.808530000373917,0.516129032258065,0.26316783127894
"Com_31915_pos",1.17791091982884,0.236230438675521,0.773198229818126,0.511035653650255,0.61977519448131
"Com_31925_neg",1.06515000172817,0.0910566149682019,0.297065666544639,0.565930956423316,1.02995556211501
"Com_3195_pos",0.694485351586362,-0.525983830366204,0.0488151232292134,0.617147707979626,1.81338721656369
"Com_32057_neg",1.27397532438908,0.34933733432399,0.34297798124404,0.55970571590266,0.909810926902855
"Com_32084_pos",1.55632938998599,0.638147432437101,0.417601566545821,0.533672891907187,0.879239729196518
"Com_3208_pos",1.47018010073181,0.555992899631065,0.559234046888096,0.567911714770798,0.555485901802508
"Com_3213_pos",0.845049491450906,-0.242892257658341,0.32017469509799,0.54951895868704,0.996166396168005
"Com_3217_neg",1.42019391589407,0.506087931418887,0.835699062865025,0.486983588002264,0.349484273193767
"Com_3217_pos",0.79992789667299,-0.322058129637798,0.869068251923352,0.531409168081494,0.25062100418903
"Com_32236_pos",1.04236786780235,0.0598645169573855,0.818641136638082,0.514997170345218,0.612934624014699
"Com_3226_neg",1.15702197645088,0.210416267224654,0.544550779974692,0.528862478777589,0.528800709040529
"Com_3228_pos",0.530430697665178,-0.914763823796268,0.0004666864051988,0.689303904923599,2.97188717860609
"Com_32320_pos",1.04376368474333,0.0617951128268462,0.665153987571216,0.537634408602151,0.54433609977335
"Com_3232_neg",0.998464261580674,-0.0022173052382115,0.33474831740578,0.575551782682513,0.797250826756486
"Com_32395_pos",1.68971834388562,0.756782786303947,0.162025807627404,0.55631013016412,1.34266203789168
"Com_323_pos",0.35335892597913,-1.50079374240611,0.0034429884953707,0.638936049801924,2.53325203810543
"Com_324_neg",0.679649823604323,-0.557136477750572,0.934506287017796,0.525749858517261,0.34581019552233
"Com_3252_neg",0.855912197766188,-0.224465286980894,0.198874059858039,0.557724957555178,1.10096191326225
"Com_32541_neg",0.656216759044646,-0.607755655737131,0.256719007398491,0.557159026598755,1.03815118964673
"Com_32546_pos",3.74204037461402,1.90382512457046,0.670771076667028,0.50848896434635,0.400472568057607
"Com_3254_neg",1.10939283324692,0.149770310698019,0.864506568975259,0.51188455008489,0.673233954911986
"Com_3267_neg",0.808020767225756,-0.307535722221441,0.344678116264531,0.539898132427844,0.873003887367777
"Com_3268_pos",0.968860415667246,-0.0456392642627482,0.762826123873063,0.493491794001132,0.29111996029839
"Com_32791_pos",0.642040053830518,-0.639264791838633,0.366671625459053,0.475664968873797,0.815487872312317
"Com_327_neg",1.08175080921958,0.113368199989421,0.767253941489769,0.487549518958687,0.886717324651838
"Com_32872_pos",1.05016409257774,0.0706147727025635,0.874366652857017,0.520656479909451,0.215473611362576
"Com_32876_pos",1.00417254397807,0.0060071845814777,0.741161832752761,0.549801924165252,0.529374315224678
"Com_32909_pos",0.746265637451203,-0.422238837572652,0.0575533595705779,0.60752688172043,1.68446228211678
"Com_32925_pos",0.844807995223681,-0.243304606527438,0.903722210683625,0.519524617996604,0.233168608789565
"Com_32975_neg",1.15598642703776,0.209124458599602,0.652830879642832,0.515846066779853,0.661895958207158
"Com_329_pos",0.910844104795496,-0.134723943696995,0.473727583406696,0.464912280701754,0.46439564541767
"Com_32_neg",1.11739399453175,0.160137971616728,0.633662769105313,0.565082059988681,0.449972297207325
"Com_33000_neg",1.15516355642451,0.208097133318519,0.456537966716036,0.530277306168647,0.828300418119064
"Com_33037_pos",0.833764754406444,-0.26228770825051,0.353290272798012,0.548670062252405,0.885394958159502
"Com_33047_neg",0.838091636018189,-0.254820099648548,0.193562109121522,0.54442558007923,1.02299583507757
"Com_33083_pos",0.906324773678654,-0.141899974621085,0.721637660503125,0.531975099037917,0.58361000802405
"Com_3309_neg",1.0779651012296,0.108310472062603,0.836449248528477,0.531692133559706,0.469265963075397
"Com_33101_pos",1.28511523190056,0.361897726763884,0.881709807923745,0.516694963214488,0.408215178142035
"Com_33169_pos",1.19184124463653,0.253192079064431,0.918070682330186,0.518392756083758,0.631988798398634
"Com_33185_pos",0.65515997193797,-0.610080879011407,0.95864958885636,0.51528013582343,0.0864469457265252
"Com_33200_pos",1.11432288023024,0.156167320841344,0.917248064927681,0.503678551216752,0.126933378189572
"Com_33279_pos",1.05290528669029,0.0743756656439487,0.0892539608252749,0.631578947368421,1.54661503412501
"Com_332_pos",1.0202597351967,0.028936476685691,0.954192497483469,0.501980758347482,0.341958720162822
"Com_3330_pos",1.07770434223994,0.107961442943854,0.171911196362626,0.586304470854556,1.20004422979095
"Com_33488_pos",1.20422089114868,0.268100051013948,0.319598941878968,0.539615166949632,0.945456514203173
"Com_3349_neg",1.02849587871573,0.040536012853327,0.644083851456259,0.486983588002264,0.444112655875854
"Com_33521_pos",0.933989924449079,-0.0985211081491617,0.81410532451702,0.504244482173175,0.426684288830647
"Com_33552_neg",1.174726980954,0.232325498074094,0.617184934893064,0.474250141482739,0.612930980575842
"Com_3355_pos",1.09789661434736,0.134742206446177,0.957758907177154,0.510469722693831,0.529207117810263
"Com_33607_pos",1.32338349816074,0.404231195193184,0.673697744754104,0.510752688172043,0.642989253862121
"Com_33655_pos",4.41040716164918,2.14091184920159,0.238479132567429,0.55970571590266,1.26649395546552
"Com_33684_pos",1.12653313050793,0.171889742793621,0.808852806212153,0.512167515563101,0.418938049870365
"Com_33688_neg",0.914690148532989,-0.128644981961257,0.672772330462911,0.494623655913978,0.587368703481098
"Com_3369_neg",0.886702567975067,-0.17347784117022,0.7786018167639,0.481890209394454,0.284722266584976
"Com_336_neg",2.91157495905064,1.54179976170886,0.369580363885609,0.543859649122807,0.822807095788229
"Com_33708_neg",0.882155124762239,-0.180895722498088,0.640799633878003,0.504527447651387,0.5172376581772
"Com_3370_neg",0.705125293717728,-0.504048462107007,0.0602766800370941,0.56649688737974,1.60571146480991
"Com_33725_pos",1.34858347442099,0.431444824062211,0.909634925189852,0.504527447651387,0.238377107335918
"Com_33745_pos",1.60525426419589,0.682801831080463,0.671907245458407,0.498868138087153,0.407753358228152
"Com_33779_neg",1.01589120840185,0.0227459124418896,0.782290781449288,0.523203169213356,0.425978199724355
"Com_33788_neg",0.883432728477876,-0.178807814084924,0.875639718437244,0.518392756083758,0.226434800968509
"Com_33798_pos",0.905313655652162,-0.143510378872201,0.843528702340276,0.494623655913978,0.296637473503489
"Com_3379_pos",0.978254660569066,-0.031718016504086,0.785098269842542,0.530277306168647,0.289745852858578
"Com_337_pos",13.1736976281286,3.71958843676398,0.549828483074553,0.504810413129598,0.636638933065435
"Com_33891_pos",0.295135103613111,-1.76055256857144,0.0699654529025551,0.547538200339559,1.55781906164929
"Com_33938_pos",1.83975213202376,0.879511406505962,0.0015197526285683,0.643463497453311,2.95625304828656
"Com_33947_neg",0.998769414360036,-0.0017764530632978,0.826241625247431,0.497170345217883,0.444223236860542
"Com_3398_neg",1.05120032508896,0.0720376269336089,0.750129470257079,0.536219581211092,0.623476031488603
"Com_339_pos",0.676440273295676,-0.563965538696085,0.169430328307879,0.577532541029994,1.16635095260037
"Com_3404_neg",1.08301746500117,0.115056508382447,0.390763293612636,0.563950198075835,0.802137004910459
"Com_34119_pos",1.86340856613635,0.897944030540915,0.286635136241151,0.525183927560838,1.13866345839196
"Com_34200_pos",1.29974230825946,0.378225617524476,0.322888092340814,0.537634408602151,0.976519725108027
"Com_34201_pos",0.719792198268521,-0.474347629718794,0.447806573674638,0.524900962082626,0.924566814685563
"Com_34218_pos",0.777822480215565,-0.362487163500634,0.450610920742877,0.499151103565365,0.672562858976133
"Com_34287_pos",0.894878334749727,-0.160236544113472,0.873394320770764,0.505376344086022,0.32361393242033
"Com_34337_pos",0.930612953613449,-0.103746826141848,0.630717493773094,0.522637238256933,0.743661384141815
"Com_3435_pos",0.0436507535193992,-4.5178496312392,0.330348118408828,0.491794001131862,1.01273650036097
"Com_34406_neg",1.49102220957873,0.576301747500935,0.21381065922494,0.5631013016412,1.12020563170164
"Com_34489_pos",0.916964396467349,-0.125062376374744,0.389368544859422,0.548670062252405,0.901186344813843
"Com_344_pos",0.928008384705397,-0.107790254493299,0.440675231229638,0.519241652518393,0.877515154068987
"Com_3452_neg",0.84813819274124,-0.237628743142214,0.379042192547985,0.55631013016412,0.982772175964095
"Com_34531_pos",1.14734174877989,0.198295178480164,0.321916508945979,0.570175438596491,0.910785856838293
"Com_3456_pos",0.958871617946763,-0.0605904272457952,0.58559210159634,0.529428409734012,0.637967781270476
"Com_34581_pos",0.999003252335307,-0.0014387200524706,0.820813090310157,0.525183927560838,0.521974329515699
"Com_34594_pos",1.0291435665948,0.0414442537253313,0.190353928969058,0.604414261460102,1.18160632127464
"Com_345_pos",0.851145736957306,-0.232521917166205,0.140134942669159,0.563950198075835,1.25621719023939
"Com_34606_pos",0.848373094978961,-0.237229226442181,0.908208190228122,0.53933220147142,0.119357516098576
"Com_3462_neg",0.919837898639387,-0.120548454842144,0.444893277667081,0.543293718166384,0.798821447112456
"Com_34650_pos",1.00510407691079,0.0073448978906113,0.783218507250802,0.518675721561969,0.418070477536393
"Com_34692_pos",1.42889760186844,0.514902533249836,0.478523780281003,0.524617996604414,0.740427161933713
"Com_3469_pos",1.05638531375751,0.0791361499000283,0.33036250102673,0.549235993208829,0.959319242477393
"Com_34727_pos",1.42960932893874,0.515620953852522,0.466621349502822,0.503961516694963,0.718344733029255
"Com_34736_neg",0.798482286234243,-0.324667692066731,0.781058713046799,0.473118279569892,0.347547616359117
"Com_3474_neg",0.793807744903854,-0.333138456611252,0.252482449442766,0.552065647990945,1.10295735889054
"Com_34752_pos",0.672876390170922,-0.571586594013827,0.781718670316555,0.503961516694963,0.358415127131568
"Com_34783_pos",0.412303882476227,-1.27822004840107,0.385725950756372,0.504244482173175,0.860949500902277
"Com_34808_pos",1.01447851642635,0.0207383135190714,0.773513247670544,0.508771929824561,0.477024276372623
"Com_34813_neg",1.04017501550137,0.0568262906287919,0.945545773664428,0.513865308432371,0.268512530889165
"Com_34873_pos",0.249029664211019,-2.00561048969806,0.338856438503391,0.537634408602151,0.975963787484896
"Com_34904_pos",1.19604075220311,0.258266546726407,0.0977177389155671,0.564516129032258,1.51769919456924
"Com_34907_pos",1.53318638618491,0.616533093004058,0.0803145908311942,0.561969439728353,1.46848176297323
"Com_34937_pos",3.32907035732892,1.73511936104499,0.245035947535142,0.518958687040181,1.19405002299814
"Com_34_neg",0.0359301924949564,-4.79865952521742,0.916888816086873,0.54442558007923,0.10063431033484
"Com_35018_pos",0.839989923769838,-0.251556072965578,0.471152014933394,0.514431239388795,0.747047697414825
"Com_35022_pos",0.877740694551016,-0.188133298564887,0.198089567487552,0.581211092246746,1.18182488641885
"Com_35056_pos",0.994215550216157,-0.0083694266860102,0.875475108094274,0.513299377475948,0.284464898734863
"Com_35066_pos",1.03367933224645,0.0477887025501113,0.688240858310342,0.531409168081494,0.750388373486133
"Com_3507_pos",8.26687585696801,3.04734222211608,0.272704812617347,0.516129032258065,1.02985297726169
"Com_35088_neg",2.87322882245325,1.52267289293061,0.405670673770032,0.505376344086022,0.883448215944045
"Com_35129_pos",0.663913890835035,-0.590931957714478,0.510718518470054,0.48641765704584,0.538686637331482
"Com_35165_neg",1.377524657399,0.46207814296259,0.366387833296129,0.542161856253537,0.93247338633514
"Com_35171_pos",1.00777369016087,0.0111716976279777,0.887579620599816,0.505942275042445,0.656095828279411
"Com_3518_pos",1.08858451236432,0.122453415643643,0.986651195375175,0.499151103565365,0.485658864760342
"Com_35265_pos",1.09401002312462,0.129625955905553,0.818118777280286,0.498868138087153,0.406320268129833
"Com_3529_pos",0.871167796035225,-0.198977471134433,0.200388938144438,0.475382003395586,1.12654464339921
"Com_352_neg",0.672994428396843,-0.571333533822227,0.0018257070447829,0.6553480475382,2.6577177383063
"Com_35339_neg",1.50514145021672,0.589899074982897,0.249149887567982,0.557724957555178,1.21273097266478
"Com_3537_pos",0.963903181113728,-0.0530398521063086,0.619055661363506,0.48981324278438,0.672569147576594
"Com_35380_neg",0.944676024397521,-0.082108451408381,0.650158484838562,0.498868138087153,0.433496811172565
"Com_35398_pos",1.26232674865003,0.336085394981194,0.291513569035545,0.531126202603282,0.844622428746581
"Com_353_pos",64.3075639277413,6.00691653382861,0.132769844999826,0.59734012450481,1.50918713349962
"Com_35405_pos",0.873990682431211,-0.194310195575607,0.261704626717373,0.533389926428976,1.07632927076422
"Com_35438_pos",0.880970433582964,-0.182834493493102,0.983850325292316,0.489530277306169,0.223837940564481
"Com_35448_neg",0.864755568086947,-0.2096356968696,0.714863121921154,0.504244482173175,0.420551751075019
"Com_35451_pos",1.20027926169868,0.26337010799649,0.680413948313834,0.497170345217883,0.361831302652915
"Com_35457_pos",1.04642626422064,0.0654706565615442,0.710985089153582,0.517260894170911,0.509935648500201
"Com_35474_pos",1.90611433763767,0.930634661428017,0.125531752166498,0.588285229202037,1.41389662784139
"Com_3547_neg",0.999716090946258,-0.0004096523386529,0.993074377829038,0.51188455008489,0.363126441234193
"Com_35489_pos",1.09109500377892,0.125776725413522,0.898984020043099,0.518109790605546,0.266598129273519
"Com_35580_neg",0.491850067602252,-1.02370949414424,0.275780253406747,0.482739105829089,1.01481394821979
"Com_35623_neg",1.28459125344154,0.361309378531003,0.319429468321213,0.567062818336163,0.880532498826721
"Com_35625_pos",1.83618478822881,0.876711254637504,0.0001822345792124,0.698924731182796,3.32804776730535
"Com_35706_pos",1.16551533137499,0.220967982032796,0.713606232748543,0.557159026598755,0.416014657678356
"Com_3570_pos",0.214872375763831,-2.21844807470992,0.286129159731353,0.541878890775325,1.06254616566277
"Com_35714_pos",1.03298101141346,0.0468137343661646,0.92339601213247,0.494623655913978,0.367578981317952
"Com_35767_neg",0.537127375946624,-0.896663841210084,0.126253264425893,0.574702886247878,1.32045722725643
"Com_3576_pos",0.965901992014559,-0.0500512855446112,0.748484243595956,0.475947934352009,0.548487602854751
"Com_35877_pos",1.07386541870848,0.102813200094443,0.405817062798083,0.562818336162988,0.735252828954683
"Com_3587_pos",0.908473800048371,-0.138483186465756,0.24690775882973,0.539898132427844,1.09880220994443
"Com_3589_pos",1.44680431224184,0.532869803106771,0.0557930962809783,0.573288058856819,1.98762003976264
"Com_35941_pos",0.687218274835447,-0.541159693067689,0.0056856529024061,0.654499151103565,2.37071598245828
"Com_35994_neg",1.66345607265777,0.734183769078879,0.422368671876303,0.520939445387663,0.811647925062691
"Com_36010_pos",0.515656923116103,-0.955516563995392,0.677161255740243,0.50848896434635,0.370206465086982
"Com_36059_neg",0.957728899610661,-0.0623107589026767,0.783167856498577,0.532541029994341,0.537115265880992
"Com_36076_pos",0.831440074990954,-0.266315808078144,0.562644150392126,0.550650820599887,0.704051844137792
"Com_36140_pos",0.978160127907137,-0.0318574366347008,0.699464242414591,0.529145444255801,0.550975153139458
"Com_36163_pos",0.837351220496118,-0.25609521788642,0.806259163080783,0.49320882852292,0.305621543370841
"Com_3618_pos",1.06004209590996,0.0841215575758828,0.921736144227709,0.509054895302773,0.405846917134724
"Com_36218_pos",0.969346727848628,-0.0449152960434855,0.750354307364392,0.528296547821166,0.45971378227835
"Com_36288_pos",1.03791625274116,0.0536900403920261,0.574724739995382,0.544142614601019,0.487737321974748
"Com_36295_neg",0.986097011069586,-0.0201985106529835,0.734372805425793,0.48641765704584,0.413163073419358
"Com_3633_pos",17.7098143784797,4.146477185766,0.141639538377724,0.460384833050368,1.19709996366435
"Com_3640_pos",1.01374107677776,0.0196892155077692,0.664948434527101,0.531692133559706,0.431395576041597
"Com_36417_neg",1.10906153205336,0.149339410157517,0.493672045387661,0.552631578947368,0.627527977054013
"Com_36441_pos",2.20260162924381,1.13920858741967,0.559624271081915,0.487266553480475,0.56349355748085
"Com_36471_pos",1.05084592930744,0.0715511628129587,0.79987516187775,0.525749858517261,0.291199609411646
"Com_36503_pos",0.708124965032426,-0.497924115195229,0.453581134823991,0.500848896434635,0.669819600256749
"Com_36592_pos",0.831052184088174,-0.266989024195627,0.702901099516373,0.55121675155631,0.560625626187576
"Com_36595_neg",1.07565673941873,0.105217762516661,0.413265977530404,0.573288058856819,0.807782692522689
"Com_36620_pos",1.20788603931976,0.272484346828694,0.988176885151137,0.488964346349745,0.157441483219348
"Com_3663_pos",0.987772012593416,-0.0177500027297248,0.569155523860457,0.528579513299377,0.648691831854541
"Com_366_pos",0.0275132485640487,-5.18372969713815,0.170351566294262,0.665251839275608,1.3233036331532
"Com_36744_pos",1.47043204911808,0.556240116652418,0.259296704801284,0.543859649122807,1.11564755430626
"Com_36768_pos",1.01755899264602,0.0251124366839043,0.83011780183672,0.514431239388795,0.738505797348748
"Com_367_pos",1.05397492210296,0.0758405404209376,0.850663136086111,0.510752688172043,0.74212149645294
"Com_36812_pos",1.07864405617178,0.109218865646179,0.254446398270934,0.598189020939445,1.06300752488139
"Com_36843_neg",0.607303813903272,-0.719509665462163,0.623922679270437,0.513299377475948,0.491648615948251
"Com_36894_neg",1.6321673645226,0.706789000683643,0.0784542671210282,0.546689303904924,1.52715157402903
"Com_36918_pos",0.97213743711103,-0.0407678038733535,0.891874233428921,0.516129032258065,0.211007054743532
"Com_36922_pos",1.0226112791596,0.0322578438089976,0.313818412932016,0.565647990945105,0.949193492373139
"Com_36931_neg",0.777970229837147,-0.362213145444612,0.304464631990735,0.532823995472552,0.999730916096942
"Com_3693_pos",1.42815795640728,0.514155552422264,0.447026907879333,0.530843237125071,0.697035593903053
"Com_3694_pos",0.822001844710701,-0.28278646332591,0.227119319993331,0.492925863044709,1.07210860080289
"Com_3696_pos",8.52853434207244,3.09229783074578,0.109379422246616,0.569043576683645,1.39056768904756
"Com_36986_pos",1.04739650978701,0.0668077024515896,0.907955136088321,0.491794001131862,0.440812700131865
"Com_3698_pos",0.730840046549733,-0.452372405946893,0.0390759933107799,0.608941709111488,1.78684033095044
"Com_36_pos",0.867225925537832,-0.20552020848411,0.0990823551426587,0.570741369552915,1.39464287588351
"Com_37017_pos",0.946659639966258,-0.0790822795371033,0.403290050335281,0.542161856253537,0.772742776966802
"Com_37072_pos",1.14113519058931,0.190469718216575,0.672107493835549,0.537068477645727,0.652796878573469
"Com_3719_neg",0.577999061446115,-0.79086094480524,0.905046048976621,0.506508205998868,0.330699487198193
"Com_3730_neg",0.956864694275121,-0.0636131604572929,0.795590964187213,0.514431239388795,0.566417461965709
"Com_3737_neg",0.85659065658812,-0.223322154020186,0.0474917365692103,0.601584606677985,1.9062013442785
"Com_37418_pos",0.997233761145354,-0.0039963690851405,0.468322587354165,0.527164685908319,0.916569313011688
"Com_37420_neg",0.909424971746889,-0.136973475541252,0.179876112103846,0.576117713638936,1.13674747887639
"Com_3744_neg",1.01777082440886,0.0254127404796769,0.95769901249514,0.505659309564233,0.399959819134858
"Com_37503_pos",1.2127045250246,0.278228081201202,0.854711057631227,0.533672891907187,0.51472043109747
"Com_37569_pos",0.869712612618086,-0.201389338575769,0.830257229646156,0.560271646859083,0.249167335281084
"Com_37589_pos",1.02778939017425,0.0395446644536049,0.497263243627272,0.51018675721562,0.664185938562973
"Com_37651_pos",0.282791164588894,-1.82219104900778,0.730624136383508,0.56140350877193,0.358554610960717
"Com_37664_pos",0.561853710133747,-0.831733550095885,0.0986707721815856,0.56479909451047,1.43400160909131
"Com_37685_neg",1.00734138494827,0.0105526911963943,0.867791216734638,0.532258064516129,0.160511774773566
"Com_37716_pos",0.891671252303472,-0.165416189777315,0.8439039793728,0.535370684776457,0.572239935655088
"Com_3773_pos",0.776102631689399,-0.365680648095095,0.142861751987685,0.582908885116016,1.33724537896135
"Com_37755_neg",0.81014400397106,-0.303749723495544,0.929895172075558,0.516977928692699,0.0903085217333907
"Com_37771_neg",1.10340892560975,0.141967555767477,0.454009863562452,0.471137521222411,0.844741620552933
"Com_37807_pos",0.983182584374579,-0.0244687341594541,0.853719318953706,0.489530277306169,0.2930979844258
"Com_3783_pos",0.950279175936424,-0.0735766797907856,0.539853199482744,0.468873797396718,0.638394673638849
"Com_37849_pos",1.02362028648134,0.0336806446314684,0.563241147595099,0.524052065647991,0.620313112194838
"Com_37850_neg",0.999319694704846,-0.0009818070777651,0.765769323059945,0.521505376344086,0.505492135565514
"Com_37943_pos",0.998470417465495,-0.0022084105411573,0.731207119181412,0.528013582342954,0.60941732536419
"Com_37952_pos",0.973851689226448,-0.0382260181747542,0.681118507083346,0.511601584606678,0.420435908684954
"Com_37979_neg",0.968326165162206,-0.0464350168055151,0.720204609028799,0.500565930956423,0.440377826066289
"Com_379_pos",0.754258076753138,-0.406869854752626,0.0928169090544861,0.580079230333899,1.64629950946307
"Com_3803_pos",1.50114200459762,0.586060459062785,0.803586530637673,0.49320882852292,0.493413145484777
"Com_38174_pos",0.932518556968165,-0.100795659836308,0.686773608003831,0.493774759479344,0.778249622389966
"Com_3821_neg",0.547113228740589,-0.870088655584868,0.406456883511575,0.481324278438031,0.794305489092818
"Com_38264_pos",1.19702278706342,0.259450616333613,0.894436596906562,0.501414827391058,0.343206855269953
"Com_38410_neg",0.70716109941583,-0.49988917991969,0.939220484915467,0.565365025466893,0.0958667795138129
"Com_3841_neg",0.398767511896496,-1.32638021858921,0.119760979542346,0.579513299377476,1.34429386414762
"Com_3844_pos",0.541252522499711,-0.885626251372538,0.0151031700098368,0.627334465195246,2.04598927721111
"Com_38459_neg",1.16005763048834,0.214196478761867,0.580050706247796,0.506225240520656,0.705990500283295
"Com_38534_pos",1.35504857699337,0.438344571528404,0.0880142836084819,0.589134125636672,1.27667934350173
"Com_38550_pos",0.873938186943706,-0.194396852396536,0.26340615060258,0.565647990945105,1.10358322203562
"Com_38565_pos",0.908602607817692,-0.138278648748427,0.900620506749503,0.476230899830221,0.295867751468705
"Com_38576_neg",1.00288242130437,0.0041524732038348,0.493283116445904,0.552348613469157,0.661191260967464
"Com_3857_pos",0.631959889619156,-0.662095101174697,0.339588910218866,0.570175438596491,0.968504842729781
"Com_38678_neg",0.907758909669041,-0.139618909716178,0.884963829706042,0.531692133559706,0.2341153017119
"Com_38683_pos",0.885310281798401,-0.175744918156901,0.716809861955508,0.520939445387663,0.344630429299356
"Com_38694_pos",0.669833263727206,-0.578126073243015,0.510171969468054,0.522920203735144,0.829834141688005
"Com_38720_neg",1.1805171156072,0.239418958485342,0.824502866199807,0.553197509903792,0.254615301304465
"Com_38851_pos",1.07793860988676,0.108275016927249,0.495649128964203,0.550650820599887,0.680503381067092
"Com_38895_pos",1.61256703760627,0.689359137473428,0.0005985398565255,0.691001697792869,3.01389297036537
"Com_3891_neg",0.868457163499128,-0.203473404882597,0.0355239490080922,0.6092246745897,1.91631789838821
"Com_39001_neg",0.67180344829595,-0.573888894095095,0.340261819272808,0.48811544991511,0.922845758802493
"Com_39131_pos",0.861866599842767,-0.214463509376614,0.942850974454542,0.494057724957555,0.329255406435627
"Com_391_pos",0.844038466231657,-0.244619345034205,0.16587645879795,0.565082059988681,1.37380453510539
"Com_39212_pos",1.0029374016777,0.0042315629715799,0.465970377697658,0.522920203735144,0.746482763726716
"Com_39284_pos",1.1578505911588,0.211449100217457,0.386614006647547,0.565082059988681,0.837712151759249
"Com_39368_pos",1.05209524921775,0.0732653218864839,0.600269678727471,0.550084889643463,0.471577942797074
"Com_39397_neg",1.06639300252412,0.0927392188695384,0.3859783232771,0.567345783814375,0.796640917480564
"Com_393_pos",2.12873877284862,1.08999892102615,0.451142072019126,0.474533106960951,0.794165131457283
"Com_39448_pos",1.57038944823201,0.651122384186147,0.529252603072851,0.51018675721562,0.700251739448742
"Com_39456_neg",1.19513020267233,0.257167800228708,0.340469159937044,0.5461233729485,1.00372532597542
"Com_39488_pos",0.931965804237197,-0.101651074516915,0.39083372450755,0.554046406338427,0.866592315268666
"Com_394_pos",1.06835548707315,0.0953917725901215,0.488009729395486,0.5631013016412,0.407731479233576
"Com_39570_neg",1.17739305119766,0.235596018212374,0.769061412841154,0.528013582342954,0.276761162482039
"Com_39594_pos",1.0245418993918,0.0349789856265786,0.57143236799772,0.523486134691568,0.48753675609822
"Com_39673_neg",0.556548940550457,-0.845419537266321,0.48269511181579,0.496887379739672,0.622076283979306
"Com_39684_neg",1.29172846090006,0.369302827550856,0.437339544590287,0.53933220147142,0.687000567017054
"Com_3970_pos",0.890025737927513,-0.168081038085309,0.0750294984331146,0.60073571024335,1.65730676677432
"Com_39753_pos",0.870526237316397,-0.200040314097927,0.910656662116597,0.518109790605546,0.18116997470699
"Com_3979_neg",0.948907341684119,-0.0756608761544069,0.918463934080021,0.520656479909451,0.110242429573078
"Com_397_pos",1.11514184899456,0.157227236445824,0.840910930379735,0.516411997736276,0.37087616666882
"Com_3989_neg",0.268681050842042,-1.8960335183082,0.19097313859415,0.567911714770798,1.24464576642098
"Com_39919_pos",0.948003110875342,-0.0770363015475147,0.589095529671343,0.538766270514997,0.494092228554215
"Com_3996_pos",0.76363651916101,-0.389041996922001,0.324986230049135,0.543576683644595,0.906961114882252
"Com_39993_neg",0.932705535958429,-0.100506414523715,0.726449467794196,0.497170345217883,0.386512475101003
"Com_3_pos",1.45210430788251,0.538145089049832,0.792444187970281,0.568760611205433,0.231744640958934
"Com_40010_pos",0.63442790875628,-0.656471857674825,0.733949253131254,0.514148273910583,0.260938153413241
"Com_40034_pos",1.01969495371325,0.0281376280930163,0.620982951696936,0.539049235993209,0.521516944413413
"Com_4006_pos",4.26204068231031,2.09154436409368,0.0005803919709929,0.672891907187323,3.19977423818538
"Com_40090_pos",0.995101860642643,-0.007083884484845,0.871843179975612,0.508771929824561,0.313486037108322
"Com_40109_pos",1.12383124224225,0.168425412552539,0.639080977128996,0.523769100169779,0.535928102014617
"Com_40121_neg",0.515420399050345,-0.956178458298311,0.234044679999386,0.527447651386531,1.20275627713895
"Com_40139_neg",1.62384681621464,0.699415543907983,0.192807016686026,0.472552348613469,1.41932454067996
"Com_40360_pos",1.37089817424083,0.45512141650488,0.436457263284822,0.549235993208829,0.740755157644173
"Com_4047_pos",0.995309005253837,-0.006783598237904,0.478656881727479,0.541878890775325,0.6575641607367
"Com_40579_neg",0.639151820865331,-0.645769432582576,0.832742435764486,0.507923033389926,0.221233943922965
"Com_4061_pos",0.647443346511585,-0.627174137273761,0.0983120922081738,0.583474816072439,1.30071323044049
"Com_4062_neg",12.7094248164344,3.66782683543837,0.0729678621444211,0.588851160158461,1.70765652888132
"Com_4064_pos",1.04508602304544,0.0636216982040111,0.461988022336708,0.531692133559706,0.721956537425761
"Com_4066_pos",0.730920758076361,-0.452213088336298,0.579424042318123,0.520939445387663,0.57224092581522
"Com_406_pos",1.01448173858204,0.0207428957557352,0.722789076504351,0.504810413129598,0.598927771805442
"Com_40723_neg",0.974617206310331,-0.0370924021750455,0.554467285646723,0.535936615732881,0.676239968076008
"Com_40759_neg",0.695672625585444,-0.523519542486346,0.90041808885552,0.505659309564233,0.208323027408663
"Com_40794_neg",1.27541204677427,0.350963413203273,0.475486511270589,0.524900962082626,0.668808489833056
"Com_4084_pos",1.02982910108428,0.0424049437436128,0.827494337888104,0.509337860780985,0.376192551888684
"Com_4087_neg",1.04439809795034,0.0626717353408429,0.831441280454428,0.522920203735144,0.415239627343699
"Com_4094_neg",1.06528354571878,0.0912374826169268,0.901821685058336,0.509337860780985,0.573213000542767
"Com_40953_pos",0.630123853829379,-0.666292669856135,0.238450982991558,0.540181097906056,1.15805603319871
"Com_40958_pos",0.721576257001975,-0.470776226456279,0.110400435923201,0.576683644595359,1.35401538739487
"Com_40965_neg",0.572441088199575,-0.804800866543395,0.0284320645765844,0.590265987549519,1.78692388588212
"Com_4109_pos",1.01227203163419,0.0175970429486693,0.931591265857655,0.5,0.434227254200274
"Com_410_pos",1.15470075666289,0.207519022365278,0.607317918584271,0.528862478777589,0.710622957139014
"Com_4123_pos",0.993582067192088,-0.0092889597815805,0.591963579066191,0.524900962082626,0.756599064290223
"Com_41263_pos",1.05865908487146,0.0822380796524914,0.439558918197135,0.552631578947368,0.901989269568988
"Com_41276_pos",1.11473888396847,0.156705813355767,0.955794582705692,0.578098471986418,0.0536016306652879
"Com_41288_pos",1.35184523463008,0.434929994806335,0.98401316441574,0.524052065647991,0.415641411556232
"Com_4131_neg",0.976840537104544,-0.0338050241011345,0.569729247329361,0.525749858517261,0.644358643769
"Com_41415_neg",1.1666710551239,0.222397848073802,0.844646531045658,0.497453310696095,0.255989261504207
"Com_41444_pos",1.14286039733966,0.192649186259111,0.642046643893656,0.483870967741935,0.456757753355929
"Com_41453_pos",1.15140748607164,0.203398497324809,0.168275622849229,0.565082059988681,1.13852755337927
"Com_41587_neg",1.81101925519077,0.856801885449073,0.0594103377593742,0.568477645727221,1.85169613200466
"Com_415_pos",0.799331956268906,-0.323133327397374,0.172463610563041,0.576400679117148,1.31532531404179
"Com_4160_pos",0.96689955224663,-0.0485620738540888,0.384279295600581,0.546406338426712,0.830871228653847
"Com_41626_neg",1.480595858452,0.566177898172623,0.247519908002556,0.557159026598755,1.05289546042077
"Com_41629_pos",0.857853631113854,-0.221196581987641,0.784177528033968,0.54951895868704,0.275155368066878
"Com_4162_pos",0.942063378466254,-0.0861039727104851,0.885036000252483,0.517826825127334,0.274932076550152
"Com_41832_pos",0.772002291109219,-0.37332296583053,0.399880500889175,0.545557441992077,0.786290423876111
"Com_4184_pos",0.960469448128294,-0.0581883714024138,0.426972009160856,0.550367855121675,0.786837845707503
"Com_41873_pos",0.732917337051315,-0.448277603419374,0.237270614499553,0.526598754951896,1.0851155955834
"Com_418_pos",0.471147386846211,-1.08574965286256,0.0038325800365913,0.629032258064516,2.49408540845399
"Com_4194_pos",0.629446724097159,-0.667843820411633,0.0482851788807561,0.624787775891341,1.66742979695044
"Com_42111_neg",0.629784045527478,-0.667070885095745,0.1911177129853,0.526032823995473,1.05858174517538
"Com_42153_pos",1.04797564439453,0.0676051881353467,0.525676987247751,0.540181097906056,0.680386668359507
"Com_4224_pos",1.11021609805148,0.150840517335408,0.275738539189409,0.554046406338427,1.09481280391521
"Com_42358_pos",0.818407522585653,-0.289108688871645,0.800584789723088,0.51358234295416,0.463694094930199
"Com_4235_pos",0.621779398157829,-0.685525279218244,0.874118725652541,0.526315789473684,0.459648732233902
"Com_423_pos",1.21213275319853,0.2775477119239,0.920220917677513,0.534804753820034,0.580688653949084
"Com_42425_pos",0.974481747719914,-0.0372929311800515,0.911426632894382,0.51018675721562,0.101369054134796
"Com_4242_neg",0.89183009447571,-0.165159211205147,0.449393435391753,0.491794001131862,0.684601233257437
"Com_4243_neg",0.327960868790004,-1.60840440739293,0.0913671857378833,0.457555178268251,1.5757052287511
"Com_4248_neg",1.1273162938762,0.172892352764685,0.882798233559274,0.538483305036786,0.482822597941752
"Com_4249_pos",1.18976599544901,0.250677850505835,0.569987141115592,0.554329371816638,0.648468600591599
"Com_424_pos",1.12480489708122,0.169674780621424,0.380221297056182,0.562818336162988,0.762599855568016
"Com_42501_pos",1.1301873551268,0.176561953089221,0.720943964679606,0.481607243916242,0.334461584717903
"Com_42505_pos",1.23566796066997,0.305291125240745,0.49906712956867,0.476796830786644,0.437778700074962
"Com_42577_pos",1.0175460921354,0.0250941462252584,0.615283430919879,0.533389926428976,0.785387744202547
"Com_42633_pos",0.745801540197816,-0.423136318379916,0.392792939937956,0.563384267119411,0.957102023115703
"Com_4264_pos",0.579008258071611,-0.788344170171987,0.0065622231569283,0.654499151103565,2.39996487831047
"Com_42792_neg",0.651501648272288,-0.61815926613041,0.415917642535182,0.496321448783248,0.740890705842599
"Com_4282_pos",1.00292028943973,0.0042069473261453,0.501197336654475,0.559988681380872,0.620152425421361
"Com_42877_pos",1.09377788041509,0.129319791732571,0.347443606678823,0.551499717034522,0.936932599993804
"Com_42895_neg",3.07749091770407,1.62175459903219,0.0898352582151851,0.555178268251273,1.74795525422695
"Com_428_pos",0.929962532497706,-0.104755502611468,0.205234309320286,0.551782682512733,1.26071360000397
"Com_4290_neg",0.976829955218467,-0.0338206525652247,0.887080354162872,0.494340690435767,0.236399617035665
"Com_42930_neg",1.02856054576953,0.0406267199790494,0.546994080458707,0.521505376344086,0.526301314872065
"Com_4293_pos",1.19928887094553,0.262179200441244,0.670676327495815,0.501414827391058,0.474255685207042
"Com_42971_pos",0.749012065851446,-0.416939135610764,0.286993548447591,0.524052065647991,1.04079670690338
"Com_4300_pos",1.03572784922128,0.0506449661917675,0.9524069819356,0.512450481041313,0.525455689052863
"Com_43048_pos",2.10337010308913,1.07270272496876,0.425360593466196,0.532541029994341,0.768697220551364
"Com_4307_pos",0.756393551399861,-0.402791031180728,0.056401522020621,0.594227504244482,1.75798446264156
"Com_4314_neg",0.685615400340796,-0.544528579156667,0.690085229927205,0.528579513299377,0.47983207831692
"Com_43151_pos",1.00327815921527,0.0047216491058002,0.935048526805572,0.512167515563101,0.597151912805194
"Com_43156_pos",0.898272285176285,-0.154775272492379,0.220336283490206,0.555461233729485,1.05602272126707
"Com_43164_pos",0.778589918289641,-0.361064431075151,0.308223205259725,0.544708545557442,0.942576224817797
"Com_4317_neg",0.284973468195466,-1.81110048818764,0.909335085731357,0.549235993208829,0.278312116563723
"Com_431_pos",11.8523874540971,3.56710578871633,0.970607310513172,0.473118279569892,0.0529509599335752
"Com_4323_neg",0.936718348325376,-0.0943127701157273,0.661274040654772,0.532541029994341,0.484181651236114
"Com_4327_pos",1.27354364710563,0.348848404750529,0.582576278264302,0.453310696095076,0.521098560155233
"Com_43281_pos",1.0393688552976,0.0557077343889029,0.965604522667945,0.536502546689304,0.548436126132959
"Com_43289_neg",1.34162260545714,0.423978902680788,0.877303736762776,0.519524617996604,0.472867615398578
"Com_43307_pos",0.90275458012608,-0.147594260180442,0.795027667935246,0.524617996604414,0.415450725838678
"Com_43312_pos",1.20659518267745,0.270941727539029,0.718904615204557,0.515563101301641,0.379692576253445
"Com_4339_pos",1.06996719349802,0.0975665625111862,0.333833772058135,0.523769100169779,0.902341014757551
"Com_4343_pos",0.908227549568363,-0.138874295712826,0.839401345556609,0.502263723825693,0.435461510287446
"Com_4349_pos",4.38220801532699,2.1316579680246,0.0333296978790139,0.604414261460102,2.0400661537271
"Com_4357_pos",2.84515953098016,1.5085095481738,0.327566669288164,0.576966610073571,0.871600270506432
"Com_43721_neg",1.01635322171667,0.0234018811036511,0.734639741886382,0.51188455008489,0.3193487743269
"Com_437_neg",1.09329732480415,0.128685798711867,0.513957499623602,0.545557441992077,0.649316038413593
"Com_438_pos",2.99394381810971,1.58204714922031,0.707831041941113,0.509903791737408,0.755374530442179
"Com_43936_pos",0.554935776628744,-0.849607278560717,0.270542435867001,0.560554612337295,1.0391397142932
"Com_43979_pos",1.57380619694236,0.654257894133355,0.26378072665717,0.504810413129598,1.18490889002849
"Com_4399_pos",0.941418843330311,-0.0870913647546889,0.497881163376595,0.540181097906056,0.939361629606078
"Com_44021_pos",1.24920116657852,0.321005821746388,0.982215000039894,0.498868138087153,0.381133872802546
"Com_4411_neg",1.08784675039813,0.121475332311578,0.72319908943567,0.477362761743067,0.702843965540172
"Com_4411_pos",0.968562219072304,-0.0460833663852443,0.919283903632234,0.51358234295416,0.529041537923187
"Com_44150_pos",0.960571245871814,-0.0580354718825379,0.318935464195115,0.544708545557442,0.783807150053082
"Com_44171_pos",0.979358096875155,-0.0300916251258406,0.704341553456566,0.519241652518393,0.363300749524859
"Com_44218_pos",0.952220604727926,-0.0706322477436078,0.692950392521403,0.553763440860215,0.410238376638019
"Com_44225_neg",0.954772101688541,-0.0667716832054367,0.712466018066026,0.526598754951896,0.330842502516066
"Com_4422_pos",1.12789622791759,0.173634338698084,0.275572906990661,0.527164685908319,1.05317491176831
"Com_44264_pos",1.08749615810981,0.121010304238869,0.645265057955078,0.480475382003396,0.629718227996707
"Com_4432_pos",0.91755204035028,-0.124138109982036,0.801614046764277,0.488964346349745,0.397277807184761
"Com_4433_neg",0.518921980603198,-0.946410447745326,0.0177450336306592,0.59734012450481,1.9751314280664
"Com_44458_pos",1.02779788579563,0.0395565896012038,0.974298308397794,0.515846066779853,0.477799868279918
"Com_4448_neg",4.57445664753397,2.19360039072749,0.43570960868215,0.532258064516129,0.770853228822501
"Com_44576_pos",1.4017403829207,0.487219171776612,0.197439345715416,0.568760611205433,1.25374345965136
"Com_44707_neg",1.08980506388771,0.124070099668768,0.85682210248215,0.494340690435767,0.263626197726817
"Com_4483_pos",1.48210082855948,0.567643598733208,0.698851946419373,0.519807583474816,0.497337724598585
"Com_44881_neg",0.798731372268731,-0.324217714460152,0.581499823882904,0.487832484436899,0.709252786029032
"Com_4492_neg",0.785316408134768,-0.348654054290256,0.511470606474715,0.539615166949632,0.60517722652758
"Com_4493_neg",0.775653550158535,-0.366515686129032,0.658823489252869,0.499151103565365,0.545406481087988
"Com_4495_pos",0.876365489461937,-0.190395421561529,0.336394512994691,0.542444821731749,0.940098929061048
"Com_44962_pos",1.18184126347503,0.241036275975611,0.207583207622115,0.558573853989813,1.26857013528989
"Com_45002_pos",0.693368592431748,-0.528305606730216,0.879420026153068,0.509620826259196,0.164756589265436
"Com_45027_pos",0.968944443099108,-0.045514147475293,0.730685986480317,0.489247311827957,0.71738608911685
"Com_45104_neg",0.634507540849042,-0.656290784909445,0.0882549238215191,0.588002263723826,1.56962953409203
"Com_45104_pos",0.75286520184708,-0.409536516889969,0.853987705510304,0.528862478777589,0.361521525572954
"Com_4510_pos",1.09134335598415,0.126105070537061,0.703054382849134,0.51528013582343,0.408863113580225
"Com_4522_pos",0.3141912292263,-1.67028518710164,0.435237710209234,0.541312959818902,0.871097830353334
"Com_45276_pos",0.916869268912088,-0.12521205194777,0.684725741472481,0.514431239388795,0.413340902702319
"Com_45374_pos",0.727448668883803,-0.459082644474006,0.970469599860296,0.540747028862479,0.486334251339285
"Com_4537_pos",1.09476309552084,0.13061870736533,0.680889186533721,0.523486134691568,0.550695854335148
"Com_4538_neg",0.994795207850412,-0.0075285370984234,0.462759081639516,0.565082059988681,0.61788988085466
"Com_4538_pos",3.18498499788834,1.67128657702692,0.878097791708568,0.487832484436899,0.215015663457783
"Com_45436_neg",1.62854157036279,0.70358054662408,0.304424843182306,0.548387096774194,0.993705528568062
"Com_45497_pos",0.891186277658669,-0.166201076421944,0.422995307200533,0.550367855121675,0.781461377431623
"Com_45510_pos",1.30861463638685,0.388040311930934,0.271736089310136,0.537351443123939,1.08055183401843
"Com_4551_pos",0.858428771046695,-0.220229664703001,0.668702351750172,0.530560271646859,0.50310380810581
"Com_45560_pos",1.30625511612891,0.38543668771934,0.149888295668666,0.595925297113752,1.37193535097012
"Com_45623_pos",1.10942154714128,0.149807650813863,0.686519109432632,0.479626485568761,0.708456440056871
"Com_4568_neg",2.7856559620193,1.47801709119928,0.761019034473458,0.498585172608942,0.635225467824373
"Com_4572_neg",0.490393096047554,-1.02798942656028,0.0785588617231383,0.582342954159593,1.59877868801458
"Com_4578_pos",0.481280584777152,-1.05504986981996,0.195273574267087,0.561120543293718,1.19026442349322
"Com_4584_pos",1.17020866409748,0.226765804866295,0.462535553936646,0.555461233729485,0.851803631225821
"Com_4592_pos",5.13205933698573,2.35953785099661,0.120475109169383,0.533955857385399,1.43352984149829
"Com_4594_neg",1.45431943554626,0.540344186357255,0.716877343083016,0.48471986417657,0.352970284130621
"Com_46003_neg",1.16157800325819,0.216086038464551,0.472245322533854,0.550367855121675,0.662210508309875
"Com_4603_pos",1.10903648886684,0.149306832984948,0.883558767765714,0.513865308432371,0.662569149325811
"Com_4604_pos",0.70874749759595,-0.496656358606445,0.0539552001636796,0.595925297113752,1.77803418234559
"Com_4606_pos",2.2395924940332,1.16323624999689,0.459069546510509,0.561120543293718,0.689003629754033
"Com_4614_neg",1.18717093759928,0.24752767977469,0.567826023548389,0.537351443123939,0.88135979633887
"Com_4622_pos",0.909382491414469,-0.137040867132908,0.7857177188586,0.520656479909451,0.354484916850446
"Com_46235_pos",1.25014838355212,0.322099342495267,0.328585386395708,0.549235993208829,0.990081294285151
"Com_4624_neg",1.06030821009157,0.0844836879380669,0.490333927315292,0.554895302773062,0.987670927451321
"Com_4624_pos",0.502089779367678,-0.993982737349507,0.315656990525656,0.539049235993209,0.89263676503211
"Com_4628_pos",0.959977531868295,-0.0589274547218143,0.577511834075126,0.537068477645727,0.493981392308306
"Com_4634_pos",3.28656981016249,1.71658262971857,0.915355682273792,0.509620826259196,0.336233915806458
"Com_46397_neg",1.14086462197684,0.190127607761429,0.64664460324584,0.519807583474816,0.498389847771828
"Com_4639_pos",0.957613061324312,-0.0624852648915529,0.842181938784687,0.49320882852292,0.242741669069231
"Com_46404_pos",2.47292886823509,1.30622074238843,0.118055777679424,0.48471986417657,1.41336331074836
"Com_46427_neg",0.760130562616025,-0.395680852829974,0.902912743904335,0.516411997736276,0.134732752454899
"Com_46432_pos",0.690575842075955,-0.53412822858894,0.0309814886909353,0.579230333899264,1.77611541126313
"Com_46481_pos",1.10678353715207,0.146373089857661,0.575848141627838,0.534521788341822,0.651147893412088
"Com_464_neg",0.439228485692223,-1.186956473071,0.74918532116205,0.574702886247878,0.277122040599726
"Com_46505_pos",1.07916688234298,0.109917980407101,0.682489979453936,0.529145444255801,0.877074248766214
"Com_46604_pos",1.1230754514183,0.167454855370203,0.573013695300964,0.524052065647991,0.586484784456294
"Com_4662_pos",1.07164754369029,0.0998304929415503,0.692812232258218,0.524052065647991,0.586371525447984
"Com_4663_neg",1.02790697016085,0.0397097005620824,0.754411078244424,0.531975099037917,0.460727229134914
"Com_46642_pos",1.6556742815161,0.727418881375266,0.421702702001656,0.510752688172043,0.988840178033336
"Com_46648_neg",0.872449882831412,-0.19685583561924,0.476739723857966,0.546689303904924,0.693233008271156
"Com_46659_neg",1.02124071034197,0.0303229550372724,0.641016281115654,0.522071307300509,0.475790285787572
"Com_46787_pos",1.57901039901139,0.659020672498188,0.34933248227751,0.493774759479344,0.911043721178167
"Com_46818_pos",0.5958604722884,-0.746953548602029,0.901419015777831,0.533389926428976,0.137449710420945
"Com_4684_neg",0.784292507564934,-0.350536276631397,0.424226470199402,0.477079796264856,0.667732339873748
"Com_4691_pos",0.385687971355898,-1.37449394227252,0.0194741257628115,0.6262026032824,1.9822695676047
"Com_46920_pos",0.732678647928736,-0.448747522305659,0.196732568649197,0.557441992076967,1.17713667486329
"Com_46930_neg",1.15012663009685,0.201792712087289,0.635163957545753,0.472835314091681,0.529634672230918
"Com_46995_neg",1.03064200872966,0.0435433027178806,0.937387976094611,0.50679117147708,0.386386653203914
"Com_469_neg",0.87180582228225,-0.197921256245142,0.590384388779399,0.480192416525184,0.519715056980743
"Com_4700_pos",0.814464669839963,-0.296075976556674,0.512180036129123,0.510752688172043,0.581755757557193
"Com_47047_pos",1.16089687841444,0.215239824393319,0.605089955298908,0.540464063384267,0.619979440671321
"Com_4704_pos",0.0893897402510449,-3.48374693485764,0.158577436433643,0.576683644595359,1.36445647775429
"Com_47131_neg",1.81772293260544,0.862132312723093,0.547899045239894,0.538200339558574,0.61771184191839
"Com_47151_neg",1.04168853954942,0.0589239823990193,0.892157669389208,0.516694963214488,0.219479211444043
"Com_4715_neg",1.01157410365948,0.0166020095314871,0.415926358257699,0.562818336162988,0.884859834676197
"Com_4720_neg",2.14525995666813,1.1011524801127,0.0582579180558481,0.597057159026599,1.65009937226484
"Com_47215_pos",1.00016352587753,0.0002358986853255,0.958770696538588,0.507640067911715,0.428132718167581
"Com_4724_pos",0.972914390045575,-0.0396152318034066,0.862866202840918,0.505942275042445,0.174263211404663
"Com_47307_neg",0.90713839291584,-0.14060542997409,0.514134835192493,0.498585172608942,0.669171496630597
"Com_47377_pos",1.19330340144591,0.254960899790338,0.931806726073509,0.493774759479344,0.379539935010504
"Com_4739_pos",0.486660265669374,-1.03901310712501,0.291896337443838,0.545840407470289,0.920724761145336
"Com_4740_neg",1.07170714150284,0.0999107236837883,0.685808448205934,0.532258064516129,0.497744388582887
"Com_4745_neg",0.671139338853825,-0.575315771674736,0.0098784466350775,0.631013016411998,2.30760140415652
"Com_4749_neg",1.29026140119648,0.367663378831185,0.857691047014483,0.485851726089417,0.452517981232176
"Com_4749_pos",0.816655111206917,-0.292201165112601,0.275802875436835,0.561686474250142,0.998475336906257
"Com_47515_pos",1.65268729167373,0.724813775186983,0.954539932805911,0.535936615732881,0.320878798884683
"Com_47602_neg",1.08232093752905,0.114128360834373,0.70602073059786,0.522071307300509,0.402255820872999
"Com_47605_pos",1.02208422335412,0.0315140843467757,0.695383176332251,0.601301641199774,0.402885298165996
"Com_47612_pos",1.001890504652,0.0027248468292002,0.968469004275735,0.518675721561969,0.314659841714752
"Com_4768_pos",0.908455380566312,-0.138512437683367,0.32436021683297,0.54782116581777,0.891568921125442
"Com_4770_pos",1.47411015917087,0.559844340003647,0.260538016262516,0.579513299377476,0.950403108766752
"Com_47735_neg",1.10174009495118,0.13978392631442,0.942487894702903,0.499434069043577,0.400641489175508
"Com_47788_neg",1.01402281182541,0.0200901080978673,0.981733386629739,0.508205998868138,0.0559430726067247
"Com_47884_pos",0.915259421130871,-0.127747376044694,0.561880436837139,0.460101867572156,0.652525932865232
"Com_47934_pos",1.39792740521925,0.483289443081361,0.388705401927515,0.535653650254669,0.877297025082252
"Com_4793_pos",1.02653601250476,0.0377842403551206,0.848611566499397,0.504527447651387,0.654041305508468
"Com_48083_pos",1.53876507675444,0.621772992243318,0.501422270696897,0.526315789473684,0.722402204822619
"Com_48117_pos",1.23278697595668,0.3019235253836,0.412884330131874,0.540747028862479,0.874974013478728
"Com_4812_pos",0.943685341290446,-0.0836222016500085,0.616028249401743,0.500848896434635,0.679547969991221
"Com_4814_neg",1.29147747067354,0.369022476416767,0.488143361883269,0.558856819468025,0.649494557110569
"Com_4819_neg",0.820339353330763,-0.285707255779325,0.146231889542188,0.581777023203169,1.31285491086064
"Com_48248_pos",1.35615442616999,0.439521468433353,0.460432306945863,0.537917374080362,0.716859951900627
"Com_4824_pos",0.940969640320437,-0.0877799186558926,0.972097992332725,0.500565930956423,0.361050626045452
"Com_48257_neg",1.09570670332346,0.13186167212322,0.709639342569322,0.481324278438031,0.654086657332097
"Com_4826_pos",0.989293586727974,-0.0155293704022725,0.5145425327712,0.530843237125071,0.653076374022127
"Com_48364_pos",1.19001854029629,0.250984050663596,0.300515856694063,0.54102999434069,0.95848947930211
"Com_48405_pos",0.602865386838291,-0.730092194621401,0.170371405132008,0.575268817204301,1.29545716133663
"Com_48492_pos",1.39355483627628,0.478769773498273,0.436748816868181,0.531975099037917,0.630198125013624
"Com_48502_pos",1.01369531159159,0.0196240837901749,0.23256957433412,0.584323712507074,1.09424385280565
"Com_48585_pos",1.12668498899341,0.172084207308489,0.698295942898898,0.491794001131862,0.687556526529452
"Com_48627_pos",1.5953842603038,0.673903949800299,0.201059159764593,0.560837577815506,1.39347556270801
"Com_48628_pos",0.911987560541786,-0.132913948641062,0.851022013749205,0.540464063384267,0.446967435905356
"Com_4865_pos",1.40350469789055,0.489033892929209,0.226268209786897,0.45557441992077,1.14853688740302
"Com_4869_pos",4.03311491429453,2.01189451259253,0.319868403483294,0.468024900962083,0.979579481414876
"Com_48700_pos",1.33346738971297,0.415182543842986,0.143635756345724,0.579230333899264,1.37353812243138
"Com_48712_pos",1.19610893995447,0.258348794197028,0.917738262169909,0.486700622524052,0.196611029087796
"Com_48718_pos",1.06058569494626,0.0848611948233632,0.814228628154291,0.529145444255801,0.217207754382186
"Com_48879_pos",0.798275323720016,-0.325041679693576,0.521823267074391,0.501414827391058,0.755622367496045
"Com_488_pos",27.4749206537877,4.78004340963594,1.43503028084249e-09,0.767119411431805,5.46013875177318
"Com_48904_pos",1.54157804680508,0.62440793186371,0.507253266181381,0.500848896434635,0.641610626727445
"Com_48912_pos",0.978665955740222,-0.0311115805479617,0.865839308666458,0.531126202603282,0.754769612736685
"Com_4894_neg",1.29221752704837,0.36984894834328,0.535088494638293,0.538766270514997,0.636692832560998
"Com_49127_pos",0.723882398144719,-0.466172758620916,0.0286712189479689,0.579513299377476,1.71731115787801
"Com_49158_pos",1.00295251649374,0.0042533050123049,0.720982341745058,0.492925863044709,0.336674540386704
"Com_4918_pos",0.987734799785723,-0.0178043550941774,0.31513212360891,0.563667232597623,0.978005274055971
"Com_4924_pos",1.02123651849298,0.0303170332481187,0.783404890461791,0.5631013016412,0.605019498180036
"Com_4931_pos",0.590261376300006,-0.760574152633463,0.958959468017025,0.509054895302773,0.328036081438966
"Com_4940_neg",3.62881923589342,1.85950019294968,0.280780630217452,0.553763440860215,1.03455502941259
"Com_49504_pos",0.443996635542364,-1.17137935052986,0.217189616281655,0.500282965478212,1.22333271309458
"Com_49573_pos",1.08138831860081,0.112884677301271,0.958870143210892,0.50848896434635,0.420503218399473
"Com_4961_pos",0.921307003299361,-0.118246115189164,0.207117030977431,0.561686474250142,1.21846666042821
"Com_4963_neg",0.196642248042777,-2.34635478087036,0.0962483666420352,0.538766270514997,1.48879866681679
"Com_49658_pos",1.17137869799884,0.228207563798695,0.262034778857204,0.578381437464629,1.04158293276104
"Com_4965_neg",0.992375447872741,-0.011042052593748,0.749891849689535,0.515846066779853,0.559380748093998
"Com_49731_neg",1.12826328230157,0.174103762550235,0.472904538648178,0.54782116581777,0.673241644978753
"Com_49787_pos",1.2903986718979,0.367816858758627,0.482123931517929,0.522071307300509,0.6868195275735
"Com_49874_pos",1.40045195015438,0.48589248504527,0.295983446915557,0.575268817204301,1.15074983614618
"Com_49938_neg",0.802994587669704,-0.31653783114028,0.0801844313254934,0.559422750424448,1.56420950180912
"Com_4996_neg",0.787415507681999,-0.344802969086364,0.173931390051357,0.580362195812111,1.33280951084455
"Com_49980_pos",1.18908121358793,0.249847253720463,0.630158212423263,0.484153933220147,0.525020309649217
"Com_4999_pos",1.13798113591213,0.186476642572799,0.857595446058497,0.525466893039049,0.576746363032787
"Com_4_neg",1.09825992291992,0.135219534425154,0.950535383084191,0.539898132427844,0.0844596061247291
"Com_50018_pos",1.38981819066326,0.474896168859669,0.09790302214551,0.568760611205433,1.48485483899729
"Com_5005_neg",0.979818358597407,-0.0294137716179905,0.434444147595846,0.528296547821166,0.730472029942543
"Com_50073_pos",1.89178187592181,0.919745754286706,0.095065335797039,0.55461233729485,1.64208774121287
"Com_50144_pos",0.962865202985659,-0.0545942538238557,0.428111437132261,0.553197509903792,0.71918971506161
"Com_50146_pos",1.05693913363467,0.0798922980717876,0.987458406779664,0.509337860780985,0.0745892880925835
"Com_50175_pos",0.807163866095633,-0.309066503410714,0.486545824016311,0.508205998868138,0.679214526277288
"Com_5027_neg",0.858783951496115,-0.219632863766717,0.0797704178606146,0.589983022071307,1.41750316536109
"Com_50325_pos",0.617986553198808,-0.694352648091778,0.579288537220153,0.567628749292586,0.611741808318261
"Com_5034_neg",1.13425714863077,0.181747752271123,0.272477200867359,0.56649688737974,1.02702221597023
"Com_50352_pos",1.2119759534434,0.27736107488998,0.311323954633131,0.590831918505942,0.925202786802347
"Com_5035_pos",2.36528995248678,1.24201704926191,0.449622546999678,0.521222410865874,0.658557495513438
"Com_5040_pos",1.06985694416574,0.0974178996727007,0.514857384896952,0.557159026598755,0.479904938642682
"Com_5043_pos",0.89922480188929,-0.153246267214171,0.247159081172002,0.56140350877193,1.13686720242038
"Com_505_neg",1.24415620684187,0.315167630716386,0.779876299516629,0.507074136955291,0.317660555462837
"Com_505_pos",2.29596124960506,1.19909829293939,0.703832651141111,0.551782682512733,0.392341763461341
"Com_5060_neg",1.27350774032855,0.348807728280877,0.574478985186317,0.55461233729485,0.698802699125944
"Com_5061_pos",1.14660641164105,0.197370251493385,0.777998204932559,0.509620826259196,0.29843461640595
"Com_50748_pos",1.2771465843587,0.352924119708457,0.381106550564359,0.539049235993209,0.964249935016932
"Com_50770_neg",0.880632273690265,-0.183388377299255,0.701803162369676,0.486983588002264,0.574382180061292
"Com_50772_pos",0.494838908753626,-1.01496915225501,0.375523693676452,0.535370684776457,0.916727526971729
"Com_5077_pos",1.11309702447805,0.154579352457525,0.0663241536626269,0.580928126768534,1.66101884167197
"Com_5078_pos",1.12108356526821,0.164893820252796,0.0480557419051786,0.584889643463497,1.79357076464478
"Com_5079_pos",0.572762080708159,-0.80399211168662,0.0650864882857019,0.598471986417657,1.73816759156969
"Com_51042_pos",1.09266037521734,0.127845046819747,0.798747502562758,0.500282965478212,0.323794972327303
"Com_51170_pos",1.04769356089572,0.0672168057835135,0.336276762040306,0.603848330503679,1.02947078935262
"Com_51192_pos",0.769109138501856,-0.378739760154952,0.884657214045864,0.521788341822298,0.193363634334313
"Com_5119_neg",0.9890089883196,-0.0159444623304914,0.923956741814555,0.518392756083758,0.369027350679914
"Com_51252_pos",1.18538985184287,0.245361611716665,0.442028339880814,0.560554612337295,0.754171396177638
"Com_51259_pos",0.641160545611021,-0.641242444196238,0.697080124312702,0.576683644595359,0.393733142694813
"Com_512_pos",0.968875201290823,-0.0456172476928665,0.809794149154373,0.55970571590266,0.205570880653404
"Com_51314_pos",0.705283885655446,-0.50372401753251,0.501693555213479,0.484436898698359,0.594718475899194
"Com_5152_neg",1.12407326595505,0.168736072022556,0.847868879512174,0.514714204867006,0.460797385622181
"Com_51563_pos",1.25932770951191,0.332653758328529,0.675082160936327,0.502829654782117,0.496680275927256
"Com_5162_neg",1.089876783499,0.124165039696556,0.617297628744627,0.526032823995473,0.598291045091774
"Com_51742_pos",1.03507048341034,0.049729011786739,0.487334781477734,0.544142614601019,0.661603145338494
"Com_5182_pos",0.7081581188119,-0.497856571080936,0.262750045745504,0.593378607809847,0.998771772710155
"Com_51842_pos",0.737779279919044,-0.438738822495723,0.537599497923655,0.507357102433503,0.597029183352686
"Com_51922_pos",1.03615821691865,0.0512443131943188,0.904014431092731,0.502829654782117,0.585609569378582
"Com_51995_pos",0.766125051455189,-0.384348198312101,0.823251491434865,0.500282965478212,0.254833577900373
"Com_519_neg",0.866730472227987,-0.206344667569101,0.079067796086122,0.589134125636672,1.59651789445533
"Com_51_neg",28.5507987998413,4.83545920504459,0.576248982846602,0.511035653650255,0.482297505474232
"Com_5206_pos",1.15487533931471,0.207737131244153,0.934600764182876,0.494340690435767,0.0814907631962365
"Com_52306_pos",0.926497448968968,-0.110141090966052,0.761297149985205,0.541878890775325,0.473838261944856
"Com_5241_pos",1.86891886860481,0.902203941794661,0.612779171068475,0.514148273910583,0.635151056337247
"Com_52423_pos",0.998114677641061,-0.0027225124316767,0.879985587937467,0.517543859649123,0.481593486843071
"Com_5243_pos",0.95241123268688,-0.0703434591110191,0.208376289131677,0.592812676853424,1.10256867190478
"Com_524_neg",0.971362866624432,-0.0419177589897496,0.993874832596279,0.51188455008489,0.173609883963072
"Com_5256_pos",0.995782448319427,-0.0060975082298163,0.373081509638626,0.468590831918506,0.978438376332804
"Com_5278_neg",0.983409767196256,-0.0241354108538847,0.725770048540469,0.512167515563101,0.507117051580912
"Com_5281_pos",0.385281869847705,-1.37601379598103,0.984986079425703,0.506225240520656,0.045796687184767
"Com_52_pos",0.813333899274417,-0.298080349064006,0.0821829570455817,0.589134125636672,1.48673101628634
"Com_5305_neg",0.773704710611652,-0.37014503733043,0.23407437580738,0.561969439728353,1.19158212190247
"Com_5311_neg",0.980990675062331,-0.0276886721077528,0.644909051205713,0.531409168081494,0.577080034264329
"Com_5313_neg",1.06340518760771,0.0886914094473113,0.785819455257124,0.498019241652518,0.345896915269264
"Com_531_pos",1.44216944353937,0.528240679830198,0.579748558218786,0.54442558007923,0.771209947768786
"Com_532_pos",0.97233315862193,-0.0404773737123173,0.78833512900359,0.496038483305037,0.305469462512606
"Com_5340_pos",0.818150121940305,-0.289562508068139,0.199679303910757,0.561120543293718,1.2801218728262
"Com_5341_pos",1.13971383459616,0.188671630324343,0.505002155202024,0.581494057724958,0.618568249282269
"Com_5342_neg",0.906551525341103,-0.14153907465145,0.689837971574619,0.531975099037917,0.391442310048434
"Com_5353_neg",1.47449975894094,0.560225586540213,0.757491540867369,0.580928126768534,0.666368928168398
"Com_5355_pos",0.608296135320501,-0.717154256502958,0.11232501323474,0.566779852857951,1.43929805794253
"Com_5356_pos",0.489255259706174,-1.0313407343547,0.270556739035125,0.50679117147708,0.869020069898393
"Com_5358_pos",0.522230920999782,-0.937240213543837,0.571477475174282,0.528013582342954,0.598858529840507
"Com_53722_pos",0.490068713172947,-1.02894404932522,0.0570742873157555,0.573571024335031,1.69963386145084
"Com_5372_pos",1.07088266510247,0.0988004149637649,0.679135249786016,0.529428409734012,0.80893324907572
"Com_5373_neg",0.891537752137579,-0.16563220486828,0.592888267544103,0.486700622524052,0.739493626697166
"Com_5382_neg",0.610190148120503,-0.7126692079443,0.245655587930184,0.550367855121675,1.05048712844433
"Com_5393_pos",1.0201424774034,0.028770659146344,0.954562303532347,0.493774759479344,0.256991577409959
"Com_5398_pos",2.08134102372079,1.0575133672465,0.877884566010614,0.50509337860781,0.448159246554792
"Com_53994_pos",0.859300711007072,-0.218765006177923,0.462649448649109,0.468307866440294,0.669802456640607
"Com_5413_neg",0.867580883645786,-0.204929829997579,0.266417978479127,0.557724957555178,1.01333901701715
"Com_5429_pos",0.908293225196031,-0.138769975515995,0.0770873368878901,0.61941143180532,1.58462166728198
"Com_543_neg",1.1477621356272,0.198823686170619,0.467621092402677,0.555178268251273,0.548585712287122
"Com_5443_neg",2.32741512429704,1.21872855683307,0.310750134891022,0.569043576683645,1.03068312874975
"Com_544_pos",0.685460885531419,-0.544853751070838,0.376604348573964,0.556593095642332,0.798332139504034
"Com_5462_neg",1.08982167970605,0.124092095690601,0.357186081419708,0.56989247311828,0.814404702936569
"Com_5465_pos",0.983715505350344,-0.0236869524578476,0.217313283478294,0.558290888511602,1.07190094109911
"Com_5487_pos",0.625544685970822,-0.676815147465422,0.0692544188289961,0.595076400679117,1.63945895009784
"Com_5502_pos",1.17772242449619,0.235999552758678,0.671851172739549,0.500282965478212,0.430725631468922
"Com_5503_pos",0.14525929226962,-2.78329763877907,0.72549337787633,0.502829654782117,0.451189355546313
"Com_5516_pos",1.08181750059321,0.113457141312513,0.3687613106718,0.55631013016412,0.891133507093726
"Com_5517_pos",0.84263605566027,-0.247018446006702,0.271939172636473,0.636389360498019,1.0112813036926
"Com_5520_pos",0.762275156593603,-0.391616237065976,0.102395642630097,0.614883984153933,1.54831161942161
"Com_5527_pos",0.865963578040073,-0.207621747632792,0.153413484522913,0.579513299377476,1.28379317355648
"Com_5567_pos",2.12192132283192,1.08537116461059,0.589798131369605,0.485285795132994,0.540016033634224
"Com_5572_pos",0.933497607833121,-0.0992817694596829,0.808521854405327,0.50339558573854,0.385008354200682
"Com_5579_pos",0.566440618661209,-0.820003372121873,0.649014885748619,0.55291454442558,0.454359017644603
"Com_5580_pos",0.827295856542958,-0.273524738360354,0.252720035909579,0.551499717034522,1.05877914193768
"Com_5581_pos",0.838830304786252,-0.253549111641846,0.242265629748507,0.546972269383135,1.06063302168947
"Com_5585_pos",2.9114067604965,1.54171641636048,0.431884952062063,0.549801924165252,0.918029121517147
"Com_558_pos",0.784965009492185,-0.349299748854048,0.0735830891899577,0.589700056593096,1.46697525495025
"Com_5593_pos",1.04235251084145,0.059843261913725,0.813771188809917,0.51528013582343,0.429456926555649
"Com_5598_neg",1.40378336992653,0.489320317945774,0.836146968673591,0.500565930956423,0.455425375560229
"Com_5610_pos",1.06733010531235,0.0940064438692034,0.498104177092165,0.56140350877193,0.485147052980155
"Com_5622_pos",0.275073163114125,-1.86211270161925,0.113278031058692,0.588568194680249,1.38597866415249
"Com_5630_pos",0.961581807171392,-0.0565184939213553,0.333277593947501,0.521505376344086,0.782795182331101
"Com_5634_pos",1.10478758123779,0.143769007667189,0.9815096939475,0.492076966610074,0.31906705492574
"Com_5647_pos",0.943598167532334,-0.0837554780210733,0.698661735860001,0.505942275042445,0.396973755579856
"Com_5652_neg",1.00432366136226,0.006224278644782,0.36291604574808,0.548670062252405,0.852219195032336
"Com_567_pos",1.20939961891951,0.274291029510553,0.815961553034625,0.511318619128466,0.242310953901586
"Com_5691_pos",0.865084427285755,-0.209087156493316,0.18849676639562,0.556027164685908,1.21671036047416
"Com_5692_neg",0.873435404887505,-0.195227082637554,0.12097713358795,0.581211092246746,1.34700725082014
"Com_5709_pos",0.0093761252388052,-6.73679244440314,0.12691780249966,0.454442558007923,1.53566174543718
"Com_5717_neg",0.667239208137128,-0.583724028342459,0.357850885569741,0.531692133559706,0.795558707916689
"Com_5729_neg",1.13423900590134,0.181724675815185,0.483550418305074,0.473684210526316,0.669325503756738
"Com_5745_neg",0.817899211976955,-0.290005021084303,0.170012760223888,0.575551782682513,1.25319918794456
"Com_5755_pos",2.34974407376672,1.23250363184808,0.856537231261283,0.528013582342954,0.245392463708836
"Com_5768_neg",1.62590788895659,0.701245528071205,0.57043442016287,0.583757781550651,0.471958945267737
"Com_5772_pos",0.862219145874155,-0.213873496473229,0.164181672797967,0.574985851726089,1.24726818548647
"Com_5806_pos",1.04975042449535,0.0700463715663212,0.550137956043691,0.528862478777589,0.595695018388402
"Com_5813_pos",0.797543923134684,-0.326364120281162,0.116797949278436,0.574985851726089,1.47978310190737
"Com_5828_pos",0.908444038384225,-0.138530450028662,0.143931087613665,0.558290888511602,1.30721770192065
"Com_582_neg",15.4287748304196,3.94755159968294,0.906657006273004,0.524052065647991,0.319390144640686
"Com_5845_neg",1.01132321854748,0.0162441557691654,0.306277448866612,0.576117713638936,0.847659332247036
"Com_584_pos",0.710275470801368,-0.493549431844685,0.960279948888852,0.543576683644595,0.102108678341585
"Com_585_pos",0.694559483100346,-0.525829840854809,0.668240646249735,0.517543859649123,0.426297845270988
"Com_5882_pos",1.24494595949783,0.316083119276015,0.0168841192626244,0.690718732314658,2.27783042560651
"Com_5884_pos",1.09327796094166,0.128660246288797,0.177310849079737,0.535936615732881,1.29706915404154
"Com_5885_neg",1.05963399439449,0.0835660330384163,0.552373745568568,0.54951895868704,0.670787298995825
"Com_5891_pos",0.899926309183139,-0.152121224254696,0.0926926165597541,0.616298811544992,1.57477886259401
"Com_5908_pos",4.52526959205659,2.17800374303284,0.0753953304706826,0.610639501980758,1.77348600503262
"Com_590_pos",1.03754759333147,0.0531775158219286,0.644263159789708,0.561969439728353,0.512457084996852
"Com_5914_pos",0.944052772113682,-0.0830605870600582,0.316935879663063,0.460101867572156,0.850179425781419
"Com_591_pos",1.51070518582624,0.595222145979213,0.237461809756587,0.552065647990945,1.15750199227055
"Com_5922_neg",1.01297573330945,0.0185996135729581,0.71283451919552,0.483022071307301,0.354859007674389
"Com_5929_pos",0.949467560533346,-0.0748093847254904,0.929412841256923,0.520656479909451,0.0961471236287172
"Com_5936_neg",1.10772310946916,0.147597305107435,0.351939179371086,0.526881720430108,0.857924413717961
"Com_5952_pos",1.02234460295607,0.0318815692478676,0.583788343965527,0.530277306168647,0.528131651269604
"Com_5968_pos",0.728537752001178,-0.456924361837504,0.399518233621619,0.542161856253537,0.716810276234334
"Com_5978_neg",0.807667861991279,-0.308165960784211,0.469227018700663,0.537917374080362,0.749937118520047
"Com_5979_neg",2.30204211530371,1.20291422746841,0.213290274849515,0.572156196943973,1.18273960829062
"Com_5983_pos",2.56302500798922,1.35784755538564,0.0540869603107017,0.608092812676853,1.85563783257216
"Com_5993_pos",1.07102839428827,0.098996728226231,0.531213746102609,0.534521788341822,0.584156800649787
"Com_5998_pos",4.6995871011258,2.2325340092742,0.836062129940754,0.511318619128466,0.19270749713951
"Com_6006_pos",1.00245243591314,0.003533785707473,0.587515258483173,0.560271646859083,0.482210960029826
"Com_6019_neg",1.03317905489802,0.0470903018582853,0.798303421626629,0.54782116581777,0.529347289438978
"Com_603_pos",1.61619297918435,0.692599471288975,0.877580948761079,0.548670062252405,0.228735436203364
"Com_604_pos",0.691419312055702,-0.532367194761323,0.076059276260727,0.579230333899264,1.66851331979107
"Com_6056_pos",1.34431604883007,0.426872355733679,0.395762952413262,0.548104131295982,0.833753759286512
"Com_6060_pos",0.774730027229615,-0.36823443770344,0.945216383340229,0.525749858517261,0.09016479693214
"Com_6064_pos",0.762014706878998,-0.39210925289495,0.201294145671277,0.561686474250142,1.17476138297629
"Com_6070_pos",1.20748037752791,0.271999744362749,0.221847119457568,0.584606677985286,1.18470006507331
"Com_6077_pos",0.961025728399628,-0.0573530398116585,0.538623419542139,0.523203169213356,0.790878975832076
"Com_607_pos",5.38725123425582,2.42954934677406,0.0084139327537457,0.596208262591964,2.38414983126875
"Com_6091_neg",0.596243488679149,-0.746026488740441,0.0257044843026113,0.619128466327108,1.9958427394176
"Com_6114_neg",0.969435199324519,-0.0447836284662011,0.56829002212536,0.525183927560838,0.645698773524116
"Com_6119_pos",1.10715636469219,0.146858989631069,0.25550645639889,0.578381437464629,1.17537897018678
"Com_6128_pos",0.582986452939805,-0.778465735481554,0.360357752390904,0.601018675721562,0.844496541246111
"Com_6149_pos",2.41072928102916,1.26946964893064,0.462743834264452,0.579230333899264,0.696484078370132
"Com_614_pos",0.833455572864224,-0.262822796115638,0.186391896618817,0.558856819468025,1.2678286578846
"Com_6152_pos",1.07529455550595,0.104731911497135,0.497424152714938,0.541595925297114,0.729493711143486
"Com_6153_pos",0.812892295535454,-0.298863880336511,0.0772837946305081,0.592812676853424,1.64292821821626
"Com_6176_pos",1.05131335996315,0.0721927506350693,0.528943842824831,0.533389926428976,0.717194698095501
"Com_6180_pos",1.03493210724255,0.0495361283456779,0.599644007288664,0.468873797396718,0.775169525110861
"Com_6181_pos",3.09550337148907,1.63017403060329,0.676771328513605,0.481324278438031,0.543343035310676
"Com_6184_neg",0.77017777899857,-0.376736595474912,0.419286678753684,0.540747028862479,0.805966386981542
"Com_6185_pos",0.910044032689359,-0.135991742756582,0.811719868218267,0.518675721561969,0.44574610758444
"Com_6195_pos",1.88145770495489,0.911850858080958,0.37767399304033,0.524617996604414,0.806319815825399
"Com_6218_pos",0.895977800197686,-0.158465108074885,0.131115509149845,0.589983022071307,1.42822804375963
"Com_6227_neg",0.930304508981092,-0.104225075773559,0.673877863065622,0.517826825127334,0.768706906470599
"Com_6228_pos",6.14451381686247,2.61929886222522,0.379663542011828,0.495755517826825,0.894203224622938
"Com_6259_pos",0.940888892917159,-0.0879037259201345,0.71535248381918,0.519807583474816,0.57793763031306
"Com_625_neg",0.979987421229075,-0.0291648634624754,0.833509078348112,0.515846066779853,0.293896211959192
"Com_625_pos",1.28723331477381,0.364273569922444,0.105624547474167,0.562818336162988,1.43069430733478
"Com_6267_neg",1.28328177986194,0.359837988646286,0.248536888684012,0.544708545557442,1.27650109990724
"Com_6270_neg",0.478017894100149,-1.06486346988982,0.0566987657589934,0.567911714770798,1.79927610912851
"Com_628_pos",1.34374992426596,0.426264673391492,0.162582037063002,0.511035653650255,1.08251682858807
"Com_6294_neg",0.890336220527573,-0.167577846349716,0.670469236161818,0.524335031126203,0.402733752667095
"Com_6298_neg",0.973042019077578,-0.0394259883332599,0.777371129723863,0.503961516694963,0.855788790073553
"Com_6306_neg",1.13977640265173,0.188750829280353,0.768284097373445,0.528296547821166,0.410029794499809
"Com_6309_pos",0.888338862354402,-0.170817988374844,0.533179861891636,0.531692133559706,0.558517734582508
"Com_6310_pos",0.51410532885495,-0.959864128757562,7.7579157242487e-06,0.730899830220713,3.66494150848078
"Com_6318_neg",0.687212795428044,-0.541171196174768,0.0008976658815989,0.666100735710243,3.17577713412024
"Com_633_neg",1.00341518762678,0.0049186799180714,0.343679850891166,0.550650820599887,0.840351577008465
"Com_633_pos",0.985134225030318,-0.0216077890058243,0.617787352708767,0.524052065647991,0.610249439348652
"Com_634_pos",1.02779999598307,0.0395595516172497,0.935022464834599,0.496321448783248,0.551346648053849
"Com_6350_pos",7.71733420305127,2.94810258373543,0.148168861280233,0.531126202603282,1.34486502219853
"Com_6351_pos",0.595194368429216,-0.74856721877354,0.0285486487137059,0.618279569892473,1.76263836536276
"Com_6360_neg",1.07923616763053,0.110010602163534,0.716302445419887,0.519241652518393,0.3681243913044
"Com_6371_neg",1.38396720216911,0.468809753792091,0.894282768108857,0.531692133559706,0.235728206655091
"Com_6373_neg",0.915651804507946,-0.127129006838177,0.569576540089177,0.531975099037917,0.744575518252368
"Com_6381_pos",1.07334579577962,0.102114938617254,0.401475586312854,0.543293718166384,0.746712851623948
"Com_6394_pos",1.10741237250096,0.147192545498253,0.876963194685254,0.514997170345218,0.218624519991543
"Com_6398_pos",7.13562221700813,2.83503923632375,0.791800830510858,0.495189586870402,0.40818882051825
"Com_6418_pos",0.915281903275775,-0.127711938572149,0.393338846241204,0.550933786078099,0.880056540417354
"Com_6434_pos",0.460797383104901,-1.11779557123279,0.143945091010963,0.575268817204301,1.3820313047777
"Com_6436_pos",2.66821349360287,1.4158741064923,0.184486975880729,0.592812676853424,1.27560247491227
"Com_6444_pos",2.86126279039604,1.51665200692022,0.0020312263496711,0.639784946236559,2.85473218758117
"Com_649_pos",0.158793147570275,-2.65477943794607,0.483735872721255,0.48811544991511,0.660479943426882
"Com_6502_neg",1.0914706059092,0.126273278033656,0.581838958636691,0.561969439728353,0.660471868326851
"Com_6507_neg",0.79598549592159,-0.329185951998634,0.43265908617255,0.524617996604414,0.681303663495117
"Com_6510_neg",0.463597070169087,-1.10905664602763,0.846412310142263,0.489247311827957,0.420290981999054
"Com_6511_pos",1.02725308721888,0.0387916662648057,0.662998216056106,0.554329371816638,0.712259353494931
"Com_6541_pos",1.05448836098869,0.0765431713415933,0.714355397303529,0.524617996604414,0.503753244100579
"Com_6545_pos",0.717475216252785,-0.478999097254778,0.179648724963946,0.544708545557442,1.16685478883557
"Com_6554_neg",1.27912247059884,0.3551544028175,0.971902698201503,0.503112620260328,0.184874284545224
"Com_6575_pos",0.976338624448695,-0.0345464890212452,0.483382218582162,0.540181097906056,0.810341701290391
"Com_6582_pos",1.07395053290599,0.10292754306748,0.977836993132384,0.522071307300509,0.71576290273486
"Com_6587_neg",0.778042606682257,-0.362078933549774,0.890157254215943,0.550084889643463,0.483338185260286
"Com_6595_pos",1.29262788548133,0.370307019900149,0.876420240201183,0.532823995472552,0.324586556389523
"Com_6606_pos",1.29694737232763,0.375119938940128,0.237212181399394,0.474250141482739,1.18443415741005
"Com_6609_neg",0.983511594565419,-0.0239860344288729,0.823639775906895,0.515846066779853,0.768179763579277
"Com_6620_neg",0.639735124524769,-0.6444533985763,0.190653841883272,0.565647990945105,1.26942447760415
"Com_6627_pos",0.908217304972968,-0.138890569068921,0.369773703576469,0.531692133559706,1.04142065742127
"Com_662_pos",1.2715738125295,0.346615210261964,0.173916566407506,0.574136955291454,1.3178068881173
"Com_6648_neg",1.37520702969436,0.459648824622672,0.877356826490451,0.517543859649123,0.495936648040798
"Com_6654_pos",0.780742469155632,-0.357081346445833,0.303079416147057,0.546406338426712,0.893623720096634
"Com_6665_pos",1.05554195600632,0.0779839245109906,0.284017439315665,0.457838143746463,1.14881158570331
"Com_6669_pos",0.683460059308811,-0.54907106418224,0.440792611704239,0.558856819468025,0.733217188618937
"Com_666_pos",1.08770201493514,0.121283372344206,0.756070032060281,0.516129032258065,0.477019997788323
"Com_6682_pos",0.230923479449845,-2.11451322639326,0.0784803803123869,0.538200339558574,1.52192970100416
"Com_6684_pos",5.54604063234486,2.47145818613356,0.677014724077882,0.502829654782117,0.454995885558033
"Com_6694_pos",0.990586366254346,-0.013645330035165,0.547192319319752,0.498868138087153,0.811580028351746
"Com_669_neg",0.687646390327391,-0.540261219010179,0.162473789306478,0.567062818336163,1.17227620464705
"Com_6702_neg",0.881837750504994,-0.181414856422486,0.422446831192843,0.53933220147142,0.862840163796034
"Com_671_neg",0.814339802268278,-0.29629717662074,0.480206984033876,0.479343520090549,0.714445213299369
"Com_6727_neg",1.04019249687266,0.0568505366214047,0.723634118290287,0.509337860780985,0.531058328374034
"Com_6757_pos",0.969833448982418,-0.0441910825958134,0.763061106278235,0.505659309564233,0.272519645947987
"Com_6773_pos",0.118965691357266,-3.07138252173464,0.299243947881649,0.502263723825693,0.948939431941097
"Com_677_neg",0.517263573677482,-0.951028496087239,0.161237390487783,0.570175438596491,1.30002539835599
"Com_6780_pos",0.820130171376766,-0.28607518186971,0.935025778849931,0.51188455008489,0.561181507474039
"Com_6792_pos",1.10444211068495,0.14331780183808,0.672702223657957,0.534521788341822,0.697598140147248
"Com_6806_pos",1.08966818748376,0.123888889911475,0.390301912780765,0.529428409734013,0.813955043206817
"Com_6823_neg",0.942196426519942,-0.0859002345985044,0.373339474150148,0.537634408602151,0.910995392661106
"Com_683_neg",0.429703498586512,-1.21858657150401,0.0077563582707761,0.643180531975099,2.17712717612687
"Com_6840_pos",1.75257619951664,0.809477171924847,0.0317224760694222,0.618845500848896,1.82843213237571
"Com_6848_pos",1.69628701208624,0.762380294830994,0.831248358192578,0.469156762874929,0.219398275581902
"Com_6856_pos",0.826985121811931,-0.27406672060717,0.778795520336542,0.505376344086022,0.592748013650656
"Com_6929_pos",0.864682886493621,-0.20975695862834,0.798881795802315,0.524052065647991,0.362949550657504
"Com_6939_neg",0.856597404954265,-0.223310788269292,0.394386843488368,0.533106960950764,0.867377611054182
"Com_695_neg",1.27923885265091,0.355285661688528,0.548656038423125,0.546972269383135,0.593687458239097
"Com_695_pos",0.455549510765927,-1.13432023503181,0.132974905751314,0.559422750424448,1.26332819024288
"Com_6965_neg",1.10505432820124,0.144117299118778,0.565962814881485,0.559422750424448,0.559230367824969
"Com_6968_pos",3.68517963276582,1.88173494468917,0.823331117822598,0.532258064516129,0.48122404660777
"Com_696_neg",1.21718362955771,0.283546835650383,0.516592096142139,0.540181097906056,0.631232335619552
"Com_7005_neg",0.502513528673009,-0.992765657826186,0.387900136848104,0.486700622524052,0.813333499891616
"Com_702_neg",1.39724273064296,0.482582669190985,0.825131405208059,0.500565930956423,0.430131748894505
"Com_702_pos",0.341984057773085,-1.54799902213815,0.0194447334142358,0.625353706847765,2.0750631190456
"Com_7030_neg",0.540883093071001,-0.886611292466824,0.0040692042035229,0.629032258064516,2.55202858201322
"Com_7045_pos",0.550128319345755,-0.862159923356453,0.54680302268,0.51528013582343,0.657858201478693
"Com_704_pos",0.980432945703359,-0.0285091306701096,0.976771268103398,0.520939445387663,0.581850513950582
"Com_7080_pos",1.23688795652493,0.306714819726642,0.658027617806033,0.543010752688172,0.58084809590379
"Com_7084_neg",0.994268541484523,-0.00829253369962,0.967430693282383,0.518392756083758,0.111129854171592
"Com_7098_pos",0.921994486068741,-0.117169972155818,0.408233215010923,0.528013582342954,0.819968648434442
"Com_70_pos",1.0937204705199,0.129244065987614,0.710826760238016,0.519524617996604,0.792510230169129
"Com_7122_pos",0.964480035762821,-0.0521767193440022,0.525783723575076,0.523203169213356,0.609325498181333
"Com_713_pos",1.13329138935019,0.180518851380409,0.926700106089518,0.506225240520656,0.319689061905103
"Com_7144_pos",4.25185302661641,2.08809172823394,0.0774148671898668,0.442840973401245,1.65747016175941
"Com_7190_neg",0.697249070637827,-0.52025398859841,0.211520838222849,0.562818336162988,1.14503365677141
"Com_7190_pos",0.800690438927806,-0.320683515854798,0.17435824946624,0.5631013016412,1.29757027736149
"Com_7196_pos",0.696412098986929,-0.521986827284887,0.0258578833266832,0.596774193548387,2.02149420247762
"Com_7206_pos",0.898525687701392,-0.154368345754635,0.794728569590326,0.577249575551783,0.351197313404263
"Com_7238_neg",0.381026561164461,-1.39203652413833,0.231857039276645,0.526032823995473,1.07484895557417
"Com_7241_neg",2.03233627512537,1.02313913356536,0.537864683849291,0.548104131295982,0.817972038449929
"Com_7265_neg",0.832616878933893,-0.264275289583149,0.262947069864843,0.548387096774194,0.995727325043018
"Com_7268_pos",2.18723821021031,1.12911035160426,0.917618582378045,0.53933220147142,0.72059607868082
"Com_727_neg",0.522387664441319,-0.936807265115298,0.0017131380135732,0.66213921901528,2.80548673563191
"Com_729_neg",0.607394860726239,-0.719293393224492,0.521146563473552,0.477928692699491,0.550102167348065
"Com_7318_pos",0.890064044332991,-0.168018946316931,0.21288907535423,0.562252405206565,1.13623420005492
"Com_731_pos",1.42570489795042,0.511675393898244,0.827399704595518,0.478211658177702,0.462649945022861
"Com_7327_pos",0.858728150506483,-0.21972660844654,0.770872589116667,0.479060554612337,0.310158753032111
"Com_7328_pos",1.00745589989065,0.0107166879824734,0.405140442928403,0.543859649122807,0.846197560894015
"Com_7329_pos",0.113051689833422,-3.14494553803828,0.213959069552511,0.507357102433503,1.20746036961834
"Com_732_pos",1.91938524869359,0.940644310594152,0.685617725716666,0.540181097906055,0.50961703157852
"Com_7338_neg",1.74231692065539,0.80100706840986,0.643515457837131,0.503112620260328,0.484337447220487
"Com_7365_neg",0.972314741998461,-0.040504699555048,0.810927389275282,0.542161856253537,0.220719744464134
"Com_737_neg",4.18840096168314,2.06639956016325,0.773922537342394,0.49320882852292,0.314242511485381
"Com_7382_pos",1.00426242616167,0.0061363125667582,0.579665739408756,0.548387096774194,0.618305669436675
"Com_738_pos",0.135903029154263,-2.87935048207029,0.448221015236868,0.523769100169779,0.751900258544197
"Com_73_pos",21.4039559801521,4.41980556186389,0.949552514174256,0.525466893039049,0.10011671961003
"Com_7406_neg",0.953044863152612,-0.0693839664558394,0.789926446152481,0.492359932088285,0.29607903306985
"Com_740_pos",1.01582569564526,0.0226528729747356,0.965700515729653,0.511318619128466,0.529992214251616
"Com_7430_pos",1.0336598012449,0.0477614430853975,0.726029476427823,0.520939445387663,0.521087627328698
"Com_7432_pos",0.863949018046139,-0.2109819139594,0.805611229959697,0.504527447651387,0.233099815124103
"Com_7444_pos",0.856018998710082,-0.224285278353637,0.868673314481037,0.505376344086022,0.271676944766132
"Com_7460_pos",0.990010606636464,-0.014484113068998,0.697293583152572,0.518392756083758,0.483929816234181
"Com_7468_pos",0.318141782163802,-1.65225823869032,0.996590167848996,0.554895302773062,0.0123722287504066
"Com_7489_pos",1.03891362608012,0.0550757154493078,0.711752930149438,0.526315789473684,0.610334148479824
"Com_7492_neg",0.889641099836,-0.168704655342234,0.241003666852089,0.56479909451047,1.11418430700504
"Com_7492_pos",0.633410161233168,-0.658788083468347,0.263508244674226,0.589983022071307,1.09797543702411
"Com_7501_neg",1.0056523623758,0.0081316751705554,0.87475663697546,0.534804753820034,0.222726633471184
"Com_7511_pos",0.906901393491952,-0.140982398437565,0.204668822121914,0.552631578947368,1.19641092010033
"Com_7515_pos",5.20842359636653,2.38084678635411,0.0979192362479289,0.431239388794567,1.37611049376269
"Com_7528_pos",1.15398143233179,0.206620011073211,0.0531125705072411,0.629881154499151,1.57641285795144
"Com_7534_neg",1.41360295456016,0.499376960370614,0.698424020213773,0.572156196943973,0.495472067457026
"Com_7538_pos",0.27319924684977,-1.87197458844677,0.255740080823574,0.559422750424448,0.981077978422158
"Com_7581_pos",1.25668956441416,0.329628309907372,0.145843590021748,0.606112054329372,1.32539069577046
"Com_7631_pos",0.217708896872389,-2.1995277291095,0.645178675346396,0.5,0.42712396840101
"Com_7643_neg",0.97613171945891,-0.034852256332638,0.893645579965386,0.49660441426146,0.739837048134801
"Com_7661_pos",0.474886893913669,-1.07434415411893,0.0035061478231403,0.655913978494624,2.49055775882305
"Com_7679_pos",0.906383655089545,-0.141806249763656,0.598230201347434,0.551782682512733,0.513558343622911
"Com_7697_neg",0.530589223083581,-0.914332721924919,0.799506094635459,0.497736276174307,0.492784303215715
"Com_76_neg",1.28818481993468,0.365339596305442,0.64641500754121,0.540181097906056,0.460422650135841
"Com_76_pos",0.288958185633866,-1.79106735559812,0.228063271138006,0.627900396151669,0.912751439880312
"Com_7705_neg",1.06726444219862,0.0939176852347469,0.96981555106709,0.528862478777589,0.547848016651852
"Com_7710_neg",0.703673107265367,-0.507022717236539,0.171308021027307,0.576117713638936,1.16987802197236
"Com_7716_neg",1.04587297130016,0.0647076366668843,0.810782239202324,0.515846066779853,0.459870309176893
"Com_7728_neg",0.918671436589211,-0.122379121903478,0.454304281404962,0.540181097906056,0.680737184036265
"Com_7734_pos",0.939676785379077,-0.0897634873701659,0.376971193217893,0.546972269383135,0.805074225252512
"Com_774_neg",0.627582911970752,-0.67212202421086,0.23659006052772,0.5631013016412,1.15357494438132
"Com_7755_neg",0.32501538815498,-1.62142006939452,0.0945309425459161,0.572722127900396,1.39688072626923
"Com_777_neg",0.900496249880161,-0.151207826851935,0.135631476676726,0.572722127900396,1.3538599426363
"Com_777_pos",1.49387010937954,0.579054712584604,0.87921721770041,0.559139784946237,0.588903259533196
"Com_779_neg",0.751936928776589,-0.411316438778709,0.0373856757443404,0.592246745897001,1.82515292040851
"Com_77_pos",0.752159576496126,-0.410889321553104,0.580024426657948,0.513299377475948,0.451025012640226
"Com_781_pos",0.929566817824696,-0.105369524223848,0.70934782257911,0.49320882852292,0.364133559691086
"Com_7825_pos",1.02298918654543,0.0327908952301281,0.382583567743902,0.597057159026599,0.814714620354365
"Com_7829_neg",0.86423650125882,-0.210501930063613,0.367131530426151,0.539049235993209,0.960859009471597
"Com_7835_pos",0.500307828168895,-0.999112068956728,0.828116450784413,0.516411997736276,0.308755626527668
"Com_7836_pos",0.97134979662867,-0.0419371710401544,0.231001222008552,0.576117713638936,1.12443172481196
"Com_7854_pos",0.971587704969433,-0.0415838614922786,0.782881225261212,0.502263723825693,0.261189128182564
"Com_7856_neg",0.369225461900382,-1.43742604978342,0.0413667424877185,0.596491228070175,1.80583536662976
"Com_7894_neg",0.948340165905746,-0.0765234538664592,0.385144638948748,0.550933786078099,0.912978984535916
"Com_7898_neg",1.32401059433618,0.404914666204887,0.71223556119475,0.522920203735144,0.408775946851868
"Com_7912_pos",1.15646244254718,0.20971841354802,0.911776145172882,0.523769100169779,0.53309244028432
"Com_7915_neg",1.0258847522895,0.0368686679437176,0.915265464972222,0.524335031126203,0.132950961728758
"Com_7925_neg",0.920000152303566,-0.120293994883384,0.801228583122171,0.500282965478212,0.514810266716042
"Com_7929_neg",0.870054773372651,-0.200821867735543,0.655851028369262,0.532541029994341,0.746183552350493
"Com_7941_pos",0.728295125652783,-0.45740490540324,0.840368352611694,0.497736276174307,0.387458352828037
"Com_7947_neg",0.699124083463821,-0.516379561016491,0.0094644465845384,0.626768534238823,2.34560295394443
"Com_7953_pos",0.152702070246144,-2.71120847339701,0.0873596305744646,0.559422750424448,1.52614388992246
"Com_7989_pos",1.04296890562049,0.0606961469508516,0.586905180351432,0.571307300509338,0.585315924338394
"Com_7990_pos",0.650646907506972,-0.620053259615256,0.866385813889447,0.509620826259196,0.153236072486644
"Com_7_pos",17.8245204998713,4.15579136192048,0.837513567461956,0.55631013016412,0.555041314798961
"Com_801_neg",1.08842288454526,0.122239195284275,0.579109250833043,0.530277306168647,0.870733972030493
"Com_8026_pos",1.05744665526965,0.0805848859276404,0.73626694029208,0.524052065647991,0.368995017751946
"Com_8042_pos",0.853571646454688,-0.228415840700887,0.302652466622521,0.451046972269383,0.922636863303538
"Com_804_neg",1.06828894994899,0.0953019188199497,0.989825742863572,0.524617996604414,0.553688977113605
"Com_8076_neg",2.78496282242132,1.47765806858276,0.353871328708214,0.515563101301641,0.804088985330781
"Com_8079_neg",0.763191937452062,-0.389882164449817,0.399137682413815,0.560554612337295,0.764736874984109
"Com_8093_pos",1.06490046316585,0.0907185872510656,0.22690478241801,0.598754951895869,1.11104256480357
"Com_8100_pos",1.26605839483465,0.340343948206603,0.459381623104564,0.572439162422185,0.684794482139581
"Com_813_pos",2.19594952518738,1.13484489377902,0.512749519493674,0.528862478777589,0.655129604752664
"Com_8147_neg",0.858314984792594,-0.220420909161231,0.900322074462578,0.492359932088285,0.659858071815874
"Com_8161_pos",0.861140981794268,-0.215678646945588,0.780491141696065,0.548953027730617,0.370314379570354
"Com_8167_neg",1.37184950010607,0.456122218128687,0.54756812271179,0.523203169213356,0.64178395720331
"Com_8174_pos",1.1494656918139,0.200963406474884,0.928270587671479,0.529711375212224,0.80994906030998
"Com_8175_pos",0.437548860330495,-1.1924839656668,0.515315602867787,0.594510469722694,0.583311303557746
"Com_8191_pos",2.07778993118863,1.05504980219585,0.0950740318416277,0.635540464063384,1.6169895137908
"Com_8199_pos",4.14085829744589,2.0499298336979,0.0273167779012245,0.629598189020939,1.88237298413996
"Com_81_pos",0.94947809958361,-0.0747933709596719,0.540888778282866,0.535087719298246,0.634511210407646
"Com_820_pos",1.37872104268216,0.463330585169289,0.479191840766612,0.514714204867006,0.712684028917589
"Com_8216_pos",0.333651216287623,-1.58358733184589,0.656570189467455,0.5461233729485,0.543401261690145
"Com_8220_neg",0.693158784473255,-0.528742221121838,0.663157729814886,0.481041312959819,0.500716397172831
"Com_8223_neg",0.806092430851545,-0.310982819551523,0.161159128262684,0.604697226938314,1.40141548062074
"Com_822_pos",2.40509602470091,1.2660944954898,0.836056050233672,0.546406338426712,0.242498540473975
"Com_8235_neg",1.0756635752677,0.105226930882099,0.903538316553662,0.534238822863611,0.110284128237429
"Com_823_pos",0.692224986857924,-0.530687076288658,0.131804212885253,0.56819468024901,1.42405108686141
"Com_8254_pos",0.819481273321125,-0.28721711346432,0.105994829539746,0.582059988681381,1.41412914077659
"Com_8267_pos",0.826139075835225,-0.275543423256931,0.262623401517317,0.54442558007923,0.971149922802067
"Com_8290_pos",1.17789823413463,0.236214901264015,0.894964208807112,0.479343520090549,0.190012174626407
"Com_8314_neg",0.843595892637239,-0.245376024040149,0.297140235652563,0.548670062252405,0.95518504395295
"Com_831_pos",1.61958869969423,0.695627482090969,0.894291254393759,0.518109790605546,0.629607403111747
"Com_8325_pos",1.12809813982783,0.173892581641012,0.959837137561929,0.502829654782117,0.344656744265368
"Com_8351_pos",0.937687214565753,-0.0928213333931369,0.396441332259678,0.464346349745331,0.82106929964362
"Com_8376_pos",0.697219200250653,-0.520315795468242,0.195094128195498,0.548670062252405,1.07027944960578
"Com_837_pos",0.831132831006029,-0.266849029059722,0.422804797755346,0.55970571590266,0.683705428891616
"Com_839_pos",0.562723432490097,-0.829502054659853,0.846153377621672,0.593095642331636,0.248466764206128
"Com_8400_pos",0.899338205671491,-0.153064336335209,0.0578727191357448,0.595359366157329,1.64850191926862
"Com_8421_pos",1.29015117823454,0.367540128679681,0.452199128982739,0.530277306168647,1.03255684944778
"Com_8468_pos",1.038761981042,0.0548651170824504,0.402393101731707,0.574136955291454,0.826865405820292
"Com_847_pos",0.944346655367125,-0.082611546555602,0.730660186554703,0.481890209394454,0.44027447273487
"Com_8488_pos",1.05675165394654,0.0796363703659651,0.866088409876884,0.529145444255801,0.422396043346719
"Com_8497_pos",0.994911776636589,-0.0073594939063919,0.562582935052268,0.492076966610074,0.646689141944728
"Com_8521_pos",0.939603043282139,-0.0898767087818889,0.147217992804457,0.601018675721562,1.27391490549381
"Com_8541_pos",0.977749458275525,-0.0324632632576308,0.945642981055801,0.530560271646859,0.314230335521629
"Com_8559_neg",0.762506871965177,-0.391177755219024,0.0688806803184053,0.60413129598189,1.60269524269343
"Com_8564_pos",1.04643671811105,0.0654850691398929,0.847813493964121,0.491228070175439,0.271554374055299
"Com_8587_pos",1.02705724296369,0.0385165924042948,0.890194597245713,0.524052065647991,0.289666224379578
"Com_859_pos",2.2885080034533,1.19440733739289,0.109761430828973,0.594510469722694,1.4235796864892
"Com_85_pos",0.889080302430011,-0.169614364600064,0.757884418046815,0.502263723825693,0.449048945115053
"Com_8600_pos",0.989145952204499,-0.0157446831182645,0.940716213842812,0.513865308432371,0.112997031957521
"Com_8605_pos",0.872904049423748,-0.196105014948223,0.421506161098432,0.48641765704584,0.801545850274594
"Com_8614_neg",0.48214152799951,-1.05247139703728,0.406448520851542,0.51018675721562,0.629295696203319
"Com_8626_pos",1.58347742350286,0.663096298226441,0.826604054346943,0.53933220147142,0.239938230495119
"Com_8629_pos",1.05032689966251,0.0708384165793115,0.622374389685848,0.540181097906055,0.708360826119895
"Com_8648_pos",2.05630851696182,1.04005673461902,0.810512971497723,0.509054895302773,0.366692055738928
"Com_864_pos",28.1717174578664,4.81617561360262,0.513793667033741,0.51528013582343,0.676106722507677
"Com_8652_pos",0.652684794134041,-0.615541666253337,0.321528772141097,0.5461233729485,0.879770730927495
"Com_8663_neg",0.84034978561581,-0.250938137311702,0.87337824344642,0.497453310696095,0.529068582520111
"Com_8664_pos",0.791543840374863,-0.337258837336225,0.0153781329026376,0.621958121109225,2.09490998738007
"Com_8681_pos",0.959149069237681,-0.0601730411279478,0.913279964779758,0.527730616864742,0.496964772537452
"Com_8723_pos",1.01277498527927,0.0183136769215237,0.758394946951875,0.527447651386531,0.65549225568474
"Com_8728_pos",1.01999774630362,0.0285659645495326,0.806116802217432,0.509620826259196,0.654351007906
"Com_8763_neg",1.54172708766585,0.624547405903102,0.161424236865895,0.565930956423316,1.33609190532823
"Com_8763_pos",1.02464001775473,0.0351171430781379,0.325279308451201,0.581211092246746,0.844767618135086
"Com_8774_neg",1.06041544252382,0.0846295850219897,0.735153953886066,0.538766270514997,0.487859743333678
"Com_8779_pos",0.88595684134131,-0.174691674097393,0.980943625681144,0.510752688172043,0.0390959700228778
"Com_8781_pos",1.3046439423642,0.383656126584394,0.549692297369956,0.524335031126203,0.606781101071871
"Com_8825_pos",0.918322181272035,-0.12292770183894,0.542814642532366,0.484153933220147,0.802236261703648
"Com_8841_neg",0.983908204632742,-0.0234043716995688,0.247056995263264,0.571307300509338,1.02771754013633
"Com_8879_pos",0.979579086000608,-0.0297661221750356,0.391546541350156,0.544142614601019,0.907976475670859
"Com_8880_pos",1.02672094017064,0.0380441145290394,0.843505690185999,0.543859649122807,0.203557109162835
"Com_8883_pos",0.968466266922422,-0.046226296333783,0.943184442321556,0.51018675721562,0.576702949597881
"Com_88_neg",0.876360533809822,-0.190403579704485,0.452096636877709,0.540747028862479,0.885997215763828
"Com_8918_pos",0.557270557048656,-0.84355016311498,0.568665495208754,0.545274476513865,0.545406589015632
"Com_8921_pos",2.19067829931053,1.13137764039142,0.135686039332169,0.578381437464629,1.47818435206816
"Com_8930_pos",1.0980338803528,0.134922570065213,0.898560289539532,0.539615166949632,0.221598573389179
"Com_893_neg",0.945285493755946,-0.0811779790754716,0.973387204704862,0.529145444255801,0.32239051147442
"Com_8949_pos",2.44271421278432,1.28848508426961,0.494589660456197,0.554329371816638,0.74801370245238
"Com_8967_neg",0.727723087860157,-0.458538512279068,0.0285692793259835,0.634974533106961,2.08148114490483
"Com_8968_neg",2.36194821037862,1.23997733160676,0.648024102444865,0.475664968873797,0.474339292689994
"Com_8970_neg",0.77145796084744,-0.374340552905852,0.0276135942248848,0.634125636672326,1.85900730212255
"Com_8996_pos",0.944786599446238,-0.0819395927365035,0.902858718552431,0.501980758347482,0.783100671931432
"Com_89_pos",1.5844460144516,0.6639785047755,0.300618859009599,0.554329371816638,0.957187544792879
"Com_9019_pos",1.00019828397718,0.0002860349534281,0.557550003027762,0.525749858517261,0.716964605285985
"Com_902_pos",0.301035534990124,-1.73199429850664,0.646307150743015,0.523203169213356,0.419085986723369
"Com_9036_pos",0.870232646630614,-0.200526954533145,0.348123396495203,0.487549518958687,0.852440835283127
"Com_9043_neg",0.979716488929217,-0.0295637734058459,0.143276510521321,0.602999434069044,1.33246328772641
"Com_9043_pos",1.73806748886028,0.797484102839118,0.2525721127724,0.582059988681381,1.18823636990336
"Com_9066_pos",1.10488103027273,0.143891033620458,0.251797620439984,0.585738539898132,1.07539610020252
"Com_907_neg",0.855095683257296,-0.225842231570429,0.293705191229068,0.547538200339559,1.11003832782961
"Com_907_pos",0.692615538297348,-0.529873341234589,0.105010848542531,0.578381437464629,1.37271289133094
"Com_9100_neg",0.567621630609719,-0.816998527020315,0.002714709725234,0.647990945104697,2.48912852255126
"Com_910_neg",1.11526062703411,0.157380895250124,0.769187299960235,0.534521788341822,0.533522131309137
"Com_910_pos",1.07246292770163,0.100927778311856,0.682925211424076,0.482456140350877,0.556601338438717
"Com_9112_neg",0.909674874955561,-0.136577088149131,0.101628299796127,0.569326542161856,1.54708396376912
"Com_9152_pos",0.966546186524351,-0.0490894214497368,0.899694737165205,0.51358234295416,0.55359731222448
"Com_915_pos",1.14178430693005,0.191290138693074,0.769403503305876,0.524617996604414,0.498858910392087
"Com_9160_pos",0.912116280582197,-0.13271033768418,0.799371833866405,0.502546689303905,0.632704388801917
"Com_9175_pos",4.10793808045075,2.03841443586743,0.014301047456081,0.601018675721562,2.09756212625719
"Com_918_pos",0.843982139390368,-0.244715626388066,0.27889022390716,0.545840407470289,0.88316392279372
"Com_9190_pos",0.295887475535822,-1.75687946413711,0.107755393278708,0.530843237125071,1.39217023171247
"Com_9193_pos",0.945330080104613,-0.0811099329797824,0.466159805422316,0.538200339558574,0.899205366289907
"Com_9199_pos",0.377327151913083,-1.40611217676705,0.322026682139134,0.482173174872666,0.97132110431113
"Com_9205_pos",1.27371990596572,0.349048060403328,0.464440863108491,0.561969439728353,0.712578523720219
"Com_9247_neg",0.863974170083128,-0.210939913575027,0.123087334074536,0.575834748160724,1.4248710907657
"Com_924_neg",1.55061639160955,0.632841820884858,0.676829654138781,0.524617996604414,0.570993455075994
"Com_9254_pos",1.3227768904434,0.403569746276731,0.355558616046642,0.543010752688172,0.896976405189399
"Com_9255_pos",1.19938902035874,0.262299671024138,0.387252893752155,0.552348613469157,0.839999178641784
"Com_9266_pos",1.01599855415748,0.0228983490477583,0.961001264537698,0.493491794001132,0.270985921729114
"Com_9322_pos",1.44382924262473,0.529900129077223,0.601003459197041,0.526598754951896,0.699121275560175
"Com_934_pos",0.942123818199915,-0.086011417040635,0.663277839960609,0.513865308432371,0.531945596341977
"Com_9372_neg",0.923804473711705,-0.114340562138318,0.290000584831207,0.541595925297114,0.984672814201214
"Com_940_pos",0.942749237557991,-0.0850540162897152,0.902398301394459,0.499434069043577,0.231463345422517
"Com_9414_pos",0.805202726716036,-0.312576037117625,0.640901271343515,0.519241652518393,0.634309337245305
"Com_9421_pos",0.842449102947634,-0.247338567219721,0.340764418313986,0.529994340690436,0.89903215954166
"Com_9430_neg",0.993878601733698,-0.0088584517242423,0.7456073091711,0.519524617996604,0.515663158430116
"Com_9432_pos",0.872069977193519,-0.197484189587593,0.652036814927047,0.468024900962083,0.502933243780559
"Com_9436_pos",1.05823571927174,0.0816610198400273,0.917929396123815,0.500282965478212,0.118096582712074
"Com_9446_neg",6.23688143556829,2.64082483324107,0.201124512530072,0.499717034521788,1.24795218798321
"Com_944_neg",0.876961428803573,-0.189414704552054,0.600829137474856,0.520373514431239,0.646844105958394
"Com_944_pos",4.00202257812429,2.00072930648805,0.534420958323116,0.48981324278438,0.697629857802035
"Com_9450_neg",0.470376550594365,-1.0881119547481,0.521879463189549,0.576683644595359,0.638212768939373
"Com_9457_pos",0.872341137180112,-0.197035670121198,0.126434361439122,0.575268817204301,1.39549912427144
"Com_9461_pos",0.715779193864784,-0.482413486512158,0.0332101725702941,0.603282399547255,1.85819460888612
"Com_9485_neg",0.893188427981708,-0.162963534951282,0.503144060729121,0.527730616864743,0.609470066557042
"Com_9536_pos",0.836366488800401,-0.257792837132546,0.20266812314523,0.563950198075835,1.17826315858237
"Com_9538_neg",0.933632480006662,-0.0990733432578588,0.62456541584987,0.521222410865874,0.457423460278836
"Com_9542_pos",0.299997866668587,-1.73697585335818,0.293197466364435,0.471137521222411,0.926310809428044
"Com_9570_pos",1.13222726347007,0.179163568570338,0.604421574111608,0.541595925297114,0.591021053534985
"Com_9582_neg",1.14646168646274,0.197188142381589,0.766179303800209,0.50848896434635,0.456620902541229
"Com_9584_pos",0.988638861345299,-0.0164844779421165,0.651484018368301,0.496038483305037,0.622027088188288
"Com_9592_pos",0.924097326640806,-0.113883289493223,0.157920990731144,0.470571590265988,1.34799310702985
"Com_9600_neg",0.971682780508099,-0.0414426922528159,0.625643926338922,0.492642897566497,0.565499946986353
"Com_961_pos",1.08790336218108,0.121550408523745,0.912663047016731,0.505942275042445,0.188514623965972
"Com_9627_pos",1.16416732146245,0.219298426369872,0.796753649074,0.51018675721562,0.413897137054864
"Com_9637_neg",0.955586790411482,-0.0655411841022914,0.953272639690645,0.528296547821166,0.253920222482203
"Com_9640_neg",0.638720460488738,-0.646743428980909,0.0033952287499453,0.657611771363894,2.72869196001572
"Com_9642_pos",0.795302672638439,-0.330424075733016,0.0780350334107371,0.586587436332767,1.56409641381568
"Com_9652_pos",4.49857434435298,2.16946786539599,0.932630910693558,0.522637238256933,0.124070017660521
"Com_9657_pos",0.81682663761006,-0.291898180041253,0.125943346170625,0.581211092246746,1.28126120629078
"Com_9669_pos",0.431733929444853,-1.21178561798254,0.0897883851231334,0.579513299377476,1.51078625841573
"Com_9682_neg",1.51573754440627,0.600019967121544,0.767259512529474,0.533106960950764,0.552735208980045
"Com_9692_neg",0.972543295141592,-0.040165618263359,0.505307666833104,0.543859649122807,0.623624268320737
"Com_9711_neg",1.03607980154121,0.051135127400787,0.952768401176372,0.496038483305037,0.368178831427678
"Com_9733_pos",0.240013366453867,-2.05881334247132,0.164119777902888,0.585455574419921,1.3481401414805
"Com_9758_neg",0.941429775126163,-0.087074612215468,0.750570502926018,0.530560271646859,0.41015361433977
"Com_975_pos",0.897757829929654,-0.155601764261231,0.57625135746182,0.513016411997736,0.569693768249516
"Com_9762_pos",0.373316091707473,-1.42153039785577,0.143765541348832,0.483870967741935,1.40221507405971
"Com_9775_neg",1.10355291571442,0.142155808963658,0.218623337388637,0.570741369552915,1.10034957566527
"Com_9799_neg",1.4623884081354,0.54832653979209,0.110882410330247,0.429541595925297,1.56589770105622
"Com_97_pos",0.247063539771832,-2.01704597321886,0.234699760174508,0.598189020939445,1.03566524279423
"Com_9820_pos",0.917228523211015,-0.124646875538601,0.55159077112168,0.48981324278438,0.681941858586262
"Com_9841_pos",0.824356563044809,-0.278659606423124,0.0654955377432421,0.586304470854556,1.67029089917086
"Com_9848_pos",0.721993300969175,-0.469942643790687,0.0648923126604908,0.585455574419921,1.83372166569208
"Com_9881_neg",1.08280718807359,0.114776369839232,0.963787373701653,0.488398415393322,0.404894421095059
"Com_9883_pos",1.13067695417082,0.177186795651394,0.405773032364792,0.565365025466893,0.746667665325721
"Com_988_pos",1.10050158997618,0.138161229599387,0.846053564596418,0.529145444255801,0.200504560190412
"Com_9896_pos",0.960599620217717,-0.0579928566952598,0.896842781394029,0.543010752688172,0.323331725766567
"Com_9921_pos",1.0122800098101,0.0176084134391136,0.747164528972802,0.497170345217883,0.674397413255221
"Com_9948_neg",0.719174479285305,-0.475586268781662,0.0011380244684296,0.65365025466893,2.88338258775428
"Com_995_pos",0.0312071665612674,-5.00197881533006,0.635046115266151,0.527730616864743,0.460632112057993
"Com_9968_neg",1.05608617307184,0.0787275585516293,0.275182653684046,0.578098471986418,0.939388952526354
