"Compound_ID","rho","Pvalue","FDR","log2FC_MCI_CN","P_MCI_CN","FDR_MCI_CN","log2FC_AD_CN","P_AD_CN","FDR_AD_CN","log2FC_AD_MCI","P_AD_MCI","FDR_AD_MCI","Name","Formula","Molecular Weight","m/z","RT [min]","CN","MCI","AD","Pattern"
"Com_488_pos",0.415473586580627,3.84686109080989e-08,8.23228273433316e-05,3.06990929102868,0.00212286798679265,0.906545585253139,4.78004340963594,5.19679122066565e-07,0.00111211332122245,1.71013411860727,0.0204234920837311,0.722958425153893,"Atropine","C17 H23 N O3",289.16891,290.17618,5.344,8.85796620805377,9.51039362648762,15.5998547799375,"Monotonic increase"
"Com_22174_pos",0.344810161217649,7.0123613977415e-06,0.0075032266955834,0.293886253631952,0.0391658602259825,0.97424634381184,1.24474345272097,1.43777674148214e-05,0.0102561407559059,0.950857199089021,0.0449450883105494,0.769968157118732,"4-Hexyloxyaniline","C12 H19 N O",193.14797,194.15524,7.049,18.616832566946,18.7849189970837,19.1046747500806,"Monotonic increase"
"Com_6310_pos",-0.333522650328018,1.4442911270854e-05,0.0103026100398758,-0.417584016297896,0.0208846567112729,0.97424634381184,-0.959864128757563,1.43777674148214e-05,0.0102561407559059,-0.542280112459667,0.228398975418956,0.926123611056224,"2-[2-(1-isobutylcyclohexyl)-1-methylethylidene]hydrazine-1-carboxamide","C14 H27 N3 O",275.19312,276.20036,6.517,24.8943656233079,24.1453601666987,23.5151662033754,"Monotonic decrease"
"Com_15033_neg",0.307708669032492,6.79798925375668e-05,0.0363692425075983,0.265922673332448,0.00578554086101514,0.906545585253139,0.974571767026379,9.97588607765304e-05,0.042696792412355,0.708649093693931,0.481930319951778,0.952814429510526,"D-Mannose 6-phosphate","C6 H13 O9 P",260.02715,259.01988,5.917,21.5384034214834,21.6883463762839,21.7569885559212,"Monotonic increase"
"Com_23129_pos",0.286651674683129,0.000217183370454844,0.0929544825546733,0.669473456730737,0.919547147740815,0.998265352641438,1.25712383428502,8.74188995930134e-05,0.042696792412355,0.587650377554282,0.00866946248192436,0.696884579367964,"6,7,8-trimethoxy-2-[3-(trifluoromethyl)phenyl]-4H-3,1-benzoxazin-4-one","C18 H14 F3 N O5",381.08688,382.09414,5.764,20.1345405625556,20.0686259699132,20.9166316175646,"MCI-associated decrease"
"Com_35625_pos",0.275424283691712,0.000389209898507148,0.129160151777339,0.233188060154699,0.987002241055627,0.998265352641438,0.876711254637502,0.000186292906030116,0.0664444698174079,0.643523194482803,0.00608470913417659,0.696884579367964,"4-amino-1-(2-furylmethyl)-6-hydroxy-1,2-dihydropyrimidine-2-thione","C9 H9 N3 O2 S",245.02608,246.03336,5.823,20.1094110862924,20.0453710628356,20.8448918255505,"MCI-associated decrease"
"Com_2267_neg",-0.27368832163079,0.000425021776481077,0.129160151777339,-0.44919980092017,0.0302575523016216,0.97424634381184,-0.407962516570819,0.00072351324776174,0.110696499818859,0.0412372843493506,0.24494354942442,0.926123611056224,"4-Anisic acid","C8 H8 O3",152.04754,151.04027,5.749,23.1370092999959,22.2746365896432,22.002881640887,"Monotonic decrease"
"Com_3228_pos",-0.269382233921231,0.000527416048974433,0.129160151777339,-0.462386500112994,0.0824542437047558,0.97424634381184,-0.914763823796267,0.00037646917252235,0.080564402919783,-0.452377323683273,0.329691999093068,0.952814429510526,"Kahweol","C20 H26 O3",314.18956,315.19689,6.339,24.9023848819295,24.3560018332473,23.9000445669417,"Monotonic decrease"
"Com_11812_pos",-0.26878854992637,0.000543196899998156,0.129160151777339,-0.18451197690748,0.495894512685331,0.97424634381184,-0.674325278206041,0.000781592379548826,0.110696499818859,-0.489813301298562,0.00782259369048325,0.696884579367964,"11-dehydro Thromboxane B2","C20 H32 O6",368.21979,369.22688,5.963,24.7396087891921,24.6391927650958,23.9110377045341,"Monotonic decrease"
"Com_2778_pos",0.261807126746299,0.000764458821821144,0.13325002108445,-0.143809849669582,0.707888874002243,0.987537281854498,2.45707643862775,0.000550328040089996,0.0981418338160493,2.60088628829734,0.0153966833857988,0.696884579367964,"Omeprazole sulphone","C17 H19 N3 O4 S",361.11174,362.11901,5.758,20.0467216891635,20.0735850781494,20.6620798354638,"Monotonic increase"
"Com_38895_pos",0.261739491860809,0.00076695921128672,0.13325002108445,0.151579567206961,0.817056781514819,0.998265352641438,0.689359137473433,0.000333263909270572,0.080564402919783,0.537779570266471,0.00595691475892952,0.696884579367964,"2-(methylthio)nicotinamide","C7 H8 N2 O S",190.01982,191.0271,5.768,20.4911942577454,20.4043557878602,21.1994473973302,"MCI-associated decrease"
"Com_5882_pos",0.260860238349433,0.000800155995234642,0.13325002108445,-1.95211920539591,0.940263580611887,0.998265352641438,0.316083119276017,0.000340126784818407,0.080564402919783,2.26820232467193,0.0108269711189201,0.696884579367964,"N'-[(2,4-dihydroxyphenyl)methylene]-4-methylbenzenesulfonohydrazide","C14 H14 N2 O4 S",295.11612,296.1234,5.791,20.2158792708309,20.123627939179,20.974316696097,"MCI-associated decrease"
"Com_16020_pos",0.260619758756578,0.000809462744905536,0.13325002108445,1.37128934622879,0.919547147740815,0.998265352641438,0.70454408070681,0.000265854115278921,0.080564402919783,-0.666745265521982,0.0166175643753491,0.696884579367964,"Robinetin","C15 H10 O7",302.04424,303.05151,5.804,20.1916376022832,20.0578074503513,20.896414537933,"MCI-associated decrease"
"Com_6318_neg",-0.256403850894339,0.000989651431632021,0.151275290263752,-0.573027364809628,0.0260577513355845,0.97424634381184,-0.541171196174768,0.0018093861146148,0.168351577620682,0.0318561686348602,0.319434026937223,0.952814429510526,"Nonanoic acid","C9 H18 O2",158.13107,157.12335,5.935,24.8979016605546,24.6373856245796,24.4613239742264,"Monotonic decrease"
"Com_4006_pos",0.252886836848835,0.00116735601141377,0.160063151142106,0.10240031265886,0.475508201793893,0.97424634381184,2.09154436409368,0.00116413764914677,0.113238844053367,1.98914405143482,0.0288016983202974,0.725125110652193,"2-[(3S)-1-(3-Methoxybenzyl)-3-pyrrolidinyl]-1,3-benzothiazole","C19 H20 N2 O S",151.07372,325.13669,5.607,12.9442435486875,13.3011368424323,14.4203731346312,"Monotonic increase"
"Com_31727_pos",0.252353272752188,0.00119673384031481,0.160063151142106,-0.0864066464023932,0.898885180907176,0.998265352641438,0.340979229488797,0.000550328040089996,0.0981418338160493,0.42738587589119,0.0106127793782908,0.696884579367964,"Papaverine","C20 H21 N O4",339.14256,340.14984,5.773,20.13256552856,20.0467301371681,20.8232432172675,"MCI-associated decrease"
"Com_14664_pos",0.249993566747299,0.00133494496004931,0.168046012617972,-0.245457671823087,0.919547147740815,0.998265352641438,0.981340956487349,0.000982819390915105,0.110696499818859,1.22679862831044,0.00903053909631173,0.696884579367964,"Vardenafil N-oxide","C23 H32 N6 O5 S",504.21163,505.2189,5.8,20.8928003498259,21.1363436027444,21.9080472805259,"Monotonic increase"
"Com_23854_pos",0.246123348299789,0.00159351574647303,0.189451316525126,0.635373582136288,0.366780087996831,0.97424634381184,0.865857833614511,0.000946252042639008,0.110696499818859,0.230484251478223,0.132613294938793,0.926123611056224,"N'-hydroxy-2-methyl-1,3-thiazole-4-carboximidamide","C5 H7 N3 O S",179.01473,180.022,5.81,20.2499384376739,20.3790692918357,20.9183013190301,"Monotonic increase"
"Com_30654_pos",0.244184481582396,0.00173953369281569,0.195926426453978,-0.0556440395925276,0.842458195298763,0.998265352641438,0.388875341331048,0.000752032315033584,0.110696499818859,0.444519380923575,0.0129343110545393,0.696884579367964,"α-Hydroxymidazolam","C18 H13 Cl F N3 O",341.07543,324.0722,5.806,20.4552200660531,20.3352377541347,21.1431113634727,"MCI-associated decrease"
"Com_3104_pos",0.241246121557199,0.00198415356061315,0.199431261569228,-0.797127314377387,0.174251488990335,0.97424634381184,-0.205960188506996,0.000964375208831318,0.110696499818859,0.59116712587039,0.00012491386734467,0.267315676117594,"AMK","C14 H28 N4 O4 S",348.17864,349.18591,5.723,23.7295815887534,23.4699336573655,24.6365511175055,"MCI-associated decrease"
"Com_1545_neg",-0.24044201791859,0.00205634040567856,0.199431261569228,-0.172357903134478,0.180531663020727,0.97424634381184,-0.915332935501455,0.00208883698140458,0.171927351546377,-0.742975032366977,0.172369926798212,0.926123611056224,"4-Methylhippuric acid","C10 H11 N O3",193.0742,192.06691,5.566,26.3068151362788,25.9263406893609,25.5282301905799,"Monotonic decrease"
"Com_9640_neg",-0.239750639089132,0.00212030698633636,0.199431261569228,-0.833182142830083,0.00995940695797573,0.97424634381184,-0.64674342898091,0.00307365642353111,0.233557564912696,0.186438713849173,0.796709153380386,0.982684488895692,"Decanoic acid","C10 H20 O2",172.14641,171.13916,6.166,21.6323057175531,21.3193628030626,21.2088070332467,"Monotonic decrease"
"Com_12066_pos",0.238961565425077,0.00219551725444345,0.199431261569228,1.08048581614618,0.857779916506537,0.998265352641438,0.564150581009385,0.000982819390915105,0.110696499818859,-0.516335235136791,0.0442061925267845,0.769968157118732,"1,7-bis(4-hydroxyphenyl)heptan-3-one","C19 H22 O3",280.1486,281.15587,5.794,21.5857546296021,21.5376037701937,22.270480009341,"MCI-associated decrease"
"Com_727_neg",-0.23854072613758,0.00223661227928107,0.199431261569228,-0.304503498387792,0.366780087996831,0.97424634381184,-0.936807265115298,0.00232382552011203,0.184184689371842,-0.632303766727506,0.0640264751950297,0.867194031122554,"5-Phenyl-N-(4-(trifluoromethyl)phenyl)oxazol-2-amine","C16 H11 F3 N2 O",304.08097,303.07369,5.032,26.6922034372263,26.4470812196088,25.7749005910616,"Monotonic decrease"
"Com_2397_neg",-0.236316289903672,0.00246565689065552,0.207038585974516,-0.479420605183738,0.0410632444126561,0.97424634381184,-1.36430357005475,0.00197970508918598,0.16946275563432,-0.884882964871017,0.732985348847199,0.975261360435008,"Pyridoxal 5'-Phosphate","C8 H10 N O6 P",247.02492,246.01764,5.257,24.0626155046105,23.5067891769713,22.9861511907291,"Monotonic decrease"
"Com_23260_pos",0.235857875679792,0.00251542207258758,0.207038585974516,0.112709752286562,0.811998572511015,0.998265352641438,0.93567640234729,0.00114256346668109,0.113238844053367,0.822966650060728,0.0139820858343159,0.696884579367964,"Colchicoside","C27 H33 N O11",547.2004,548.20767,5.781,20.2424511757927,20.1585016171739,20.9541630758089,"MCI-associated decrease"
"Com_21619_pos",0.23258885621442,0.00289751889469799,0.22965520128347,0.0927822926820206,0.727369125215803,0.988298366959884,0.782645477577724,0.00110051962278147,0.113238844053367,0.689863184895704,0.0163046304883598,0.696884579367964,"Rhein","C15 H8 O6",284.03356,285.04084,5.795,20.762537684755,20.6308464332177,21.563719083864,"MCI-associated decrease"
"Com_366_pos",0.228463128199502,0.00345433972807635,0.255981147401582,-5.63589320966827,0.83227637630576,0.998265352641438,-5.18372969713815,0.00190988485807131,0.16946275563432,0.452163512530121,0.0129343110545393,0.696884579367964,"Fexofenadine","C32 H39 N O4",501.29057,502.29784,5.817,12.3573926076569,12.2295504582957,13.074151508593,"MCI-associated decrease"
"Com_352_neg",-0.228004713975622,0.00352181730577383,0.255981147401582,-0.139650495300332,0.359900892115652,0.97424634381184,-0.571333533822226,0.00352602737640819,0.233557564912696,-0.431683038521894,0.0906725726207708,0.902508397248603,"Azelaic acid","C9 H16 O4",188.10519,187.09791,5.826,30.5676495955153,30.2771797244571,29.8762100206701,"Monotonic decrease"
"Com_4264_pos",-0.226787286036794,0.00370682470367442,0.255981147401582,-0.0955718315544247,0.786829057503247,0.998265352641438,-0.788344170171987,0.00371072766683723,0.233557564912696,-0.692772338617562,0.0163046304883598,0.696884579367964,"3-(4-hydroxyphenyl)propanohydrazide","C9 H12 N2 O2",180.09076,181.09804,5.501,22.9048964583979,22.7479681216814,22.1088721473974,"Monotonic decrease"
"Com_19410_neg",-0.22620111702921,0.00379898604603802,0.255981147401582,-0.81027814489818,0.0154846081901068,0.97424634381184,-0.676188691858008,0.00424705098083905,0.25246358608321,0.134089453040173,0.938952675204792,1,"Glucosamine 6-sulfate","C6 H13 N O8 S",259.03443,258.02716,1.39,20.4092265645575,19.1697542049257,18.9847756929736,"Monotonic decrease"
"Com_9948_neg",-0.226020757334568,0.00382775547516384,0.255981147401582,-0.279320033413726,0.0256237943146171,0.97424634381184,-0.475586268781661,0.00390418186403089,0.238712833972174,-0.196266235367935,0.834548421874662,0.985419326780897,"2-Aminoadipic acid","C6 H11 N O4",161.06893,160.06159,1.367,25.1738495028624,24.9603903817471,24.9423173284244,"Monotonic decrease"
"Com_7661_pos",-0.223240212042183,0.00429679603308274,0.269319482339529,-0.135560762046865,0.674260695349977,0.981173331585391,-1.07434415411893,0.00340758320206238,0.233557564912696,-0.938783392072061,0.0456943719411584,0.769968157118732,"Guaiacol","C7 H8 O2",123.04402,124.0513,5.179,16.7878043283528,16.3665727409983,14.6710779320636,"Monotonic decrease"
"Com_18766_pos",-0.223014762423881,0.0043370000204041,0.269319482339529,-0.147701837525637,0.126488856453848,0.97424634381184,-0.559294089176907,0.00477299096602259,0.276059477494279,-0.41159225165127,0.302806524686605,0.947377138639377,"4-methoxy-6-[2-(4-methoxyphenyl)ethyl]-2H-pyran-2-one","C15 H16 O4",282.08823,283.09544,5.815,23.6418647080998,23.1400410624623,22.6359716190899,"Monotonic decrease"
"Com_17651_pos",0.222639013060045,0.00440475788873061,0.269319482339529,1.12568715120133,0.572979794288714,0.97424634381184,1.04576189156937,0.00352602737640819,0.233557564912696,-0.0799252596319565,0.0660519910121534,0.867791165027521,"Methyl Violet","C24 H27 N3",357.21609,358.22339,5.25,19.7497436068429,19.6942021402572,20.1934967690228,"MCI-associated decrease"
"Com_35941_pos",-0.221940119243311,0.00453332014551521,0.26948069753896,-0.139031103644307,0.307815579377766,0.97424634381184,-0.541159693067689,0.00371072766683723,0.233557564912696,-0.402128589423382,0.181294891670863,0.926123611056224,"N-Acetyl-D-lactosamine","C14 H25 N O11",183.05836,184.06487,1.395,20.6194662897654,20.2939376939332,20.1143127662012,"Monotonic decrease"
"Com_9100_neg",-0.219542838302038,0.00500027704278446,0.289205212744831,-0.705835012407961,0.00905905382416577,0.97424634381184,-0.816998527020316,0.00544573056548478,0.303747349074125,-0.111163514612354,0.823693934159739,0.985419326780897,"Xanthurenic acid","C10 H7 N O4",205.03826,204.03098,5.106,23.6545449033345,23.0538422141259,23.064269296333,"MCI-associated decrease"
"Com_11253_pos",0.214004292679096,0.00624767159596352,0.340490275237652,-1.43869696563585,0.590851258792348,0.97424634381184,1.05681164812311,0.00346634487887118,0.233557564912696,2.49550861375895,0.00766239555242316,0.696884579367964,"Nortriptyline","C19 H21 N",263.16857,264.17584,5.764,18.9141147836172,18.7421029625588,19.5900806280462,"MCI-associated decrease"
"Com_12367_neg",-0.213801388022625,0.00629822687418354,0.340490275237652,-0.474222700061821,0.346387458950286,0.97424634381184,-1.20718773717539,0.00620292498902558,0.331856486912869,-0.732965037113572,0.136237059103996,0.926123611056224,"1-Caffeoylquinic Acid","C16 H18 O9",354.0965,353.08928,5.644,19.3085048677833,18.4979339229603,18.18761484512,"Monotonic decrease"
"Com_8967_neg",-0.21353836346794,0.00636430421004957,0.340490275237652,-0.0958681896432733,0.837363881018235,0.998265352641438,-0.458538512279067,0.0112537911009619,0.427162311884085,-0.362670322635794,0.000919395621892303,0.655835543616509,"(S)-Leucic acid","C6 H12 O3",132.07829,131.07105,5.587,25.1736928763566,25.2443413891003,24.7669554292506,"MCI-associated increase"
"Com_10650_pos",-0.212230755681791,0.00670206233472676,0.349814960885738,-0.908933075002704,0.0373434527140136,0.97424634381184,-0.87031896426776,0.00661599494306978,0.345322662882179,0.0386141107349434,0.845434525219498,0.985419326780897,"N-Acetyl-L-methionine","C7 H13 N O3 S",191.06235,192.06963,1.903,21.55159292876,21.1144745225758,20.8506324472267,"Monotonic decrease"
"Com_33938_pos",0.21156943680144,0.00687888590141844,0.350495614977035,0.159052102426923,0.622727779164978,0.97424634381184,0.879511406505961,0.00705363480085519,0.354172802936768,0.720459304079038,0.0449450883105494,0.769968157118732,"(6E)-7-(2H-1,3-benzodioxol-5-yl)-1-(piperidin-1-yl)hept-6-en-1-one","C19 H25 N O3",315.18478,316.19206,5.287,20.2015794947487,20.2199784711274,20.5850687405135,"Monotonic increase"
"Com_2582_neg",-0.206827479829831,0.00827311446448303,0.411731743116132,0.610839257233811,0.475508201793893,0.97424634381184,-1.54786968456379,0.00553558252985555,0.303747349074125,-2.1587089417976,0.185883969112555,0.926123611056224,"Levodopa","C9 H11 N O4",197.06935,196.06206,1.571,21.3076140427521,21.3884949913833,19.6066715786922,"MCI-associated increase"
"Com_10805_neg",-0.206181190924033,0.00848135139570647,0.41250209060936,-1.31767311789995,0.0111444311880754,0.97424634381184,-0.896611098841382,0.0114258231692325,0.427162311884085,0.421062019058568,0.927881108442468,1,"Undecanoic acid","C11 H22 O2",186.1622,185.15505,6.36,20.5684915340379,19.58417897895,19.716669175607,"MCI-associated decrease"
"Com_683_neg",-0.204655648506859,0.00899140471226497,0.414989224426328,0.219925296636053,0.0715793780791246,0.97424634381184,-1.21858657150401,0.00716702939690897,0.354172802936768,-1.43851186814007,0.818279173936408,0.983773838328041,"Benzoic acid","C7 H6 O2",122.03646,121.02917,5.243,27.2243185971305,26.2547091194174,26.5471945519145,"MCI-associated decrease"
"Com_24175_neg",-0.20433250405396,0.00910286465492663,0.414989224426328,-0.218802267279217,0.398740057443781,0.97424634381184,-0.733638032200953,0.0092177510294364,0.41095806672904,-0.514835764921736,0.129064626273799,0.926123611056224,"L-Anserine","C10 H16 N4 O3",240.12359,239.11631,1.254,20.4589337932029,20.1547844139058,19.9522197610803,"Monotonic decrease"
"Com_1751_neg",-0.204099539448382,0.00918397572600499,0.414989224426328,0.568691852793207,0.307815579377766,0.97424634381184,-0.519404527248853,0.0121375215211449,0.432904934254166,-1.08809638004206,0.117222834038004,0.914281594941658,"Sinapinic acid","C11 H12 O5",224.06924,223.06196,5.162,23.8954800108051,23.2633734743026,22.7520611394589,"Monotonic decrease"
"Com_30454_neg",0.203746335046376,0.00930816951984287,0.414989224426328,0.540314251583797,0.020173997253951,0.97424634381184,0.297656747418075,0.0072820576304756,0.354172802936768,-0.242657504165722,0.706939940536508,0.975261360435008,"13,14-dihydro-15-keto-tetranor Prostaglandin D2","C16 H26 O5",280.1667,279.15942,6.993,16.795610432595,17.8660525704894,17.4928051532343,"MCI-associated increase"
"Com_116_pos",0.200094051229892,0.0106820349140448,0.458606105749381,0.133280468996575,0.971409786388953,0.998265352641438,1.71968094051614,0.0092177510294364,0.41095806672904,1.58640047151956,0.0258828850473204,0.722958425153893,"Desmethylcitalopram","C19 H19 F N2 O",310.14931,311.15657,5.666,1.38828130821954,1.43250564278055,2.01476061043669,"Monotonic increase"
"Com_323_pos",-0.200011386369848,0.0107150959287239,0.458606105749381,-0.213867695711463,0.971409786388953,0.998265352641438,-1.50079374240611,0.00907567815905247,0.41095806672904,-1.28692604669464,0.0215852293654866,0.722958425153893,"Theophylline","C7 H8 N4 O2",180.06548,181.07275,5.173,20.2936894653175,20.8182275623092,17.3435355581269,"MCI-associated increase"
"Com_7030_neg",-0.199259887642176,0.0110198082118851,0.462399795557531,-0.894946150975422,0.00226616848953077,0.906545585253139,-0.886611292466824,0.0153925260791472,0.470571511562501,0.0083348585085974,0.481930319951778,0.952814429510526,"3-Hydroxydecanoic acid","C10 H20 O3",188.14145,187.13432,6.088,22.7622506155722,22.1245447681797,22.4528032383608,"MCI-associated decrease"
"Com_14942_pos",-0.198703778583699,0.0112501798252325,0.462988169730723,-0.624078207424986,0.158303529786652,0.97424634381184,-0.850895081055246,0.0117769048603556,0.427162311884085,-0.22681687363026,0.395652383845635,0.952814429510526,"Thiamine","C12 H16 N4 O S",132.05338,265.11302,1.271,17.7815633071028,17.6712660709159,17.1270106640464,"Monotonic decrease"
"Com_8970_neg",-0.196050988075017,0.0124083942017284,0.492538787132119,0.233160149137484,0.0859662116656077,0.97424634381184,-0.374340552905852,0.0117769048603556,0.427162311884085,-0.607500702043336,0.701770635040555,0.975261360435008,"O-Phospho-L-Tyrosine","C9 H12 N O6 P",261.04019,260.03292,5.295,19.8487490554177,19.109786862724,19.1149086960731,"MCI-associated decrease"
"Com_4745_neg",-0.195570028889307,0.0126292319326705,0.492538787132119,-0.16042447520667,0.395108310315354,0.97424634381184,-0.575315771674736,0.0138841964881631,0.470571511562501,-0.414891296468066,0.136237059103996,0.926123611056224,"3-Coumaric acid","C9 H8 O3",164.04752,163.04016,5.624,24.8475730063922,24.7251558379329,24.3707664186888,"Monotonic decrease"
"Com_10253_neg",-0.195111614665428,0.0128429182553017,0.492538787132119,0.0196801890691267,0.380782423426346,0.97424634381184,-0.188478984833254,0.0149475086390995,0.470571511562501,-0.208159173902381,0.130829628579088,0.926123611056224,"Ethyl chrysanthemumate","C12 H20 O2",196.14688,195.13963,6.166,24.4305414847064,24.1435650286333,23.8653557072246,"Monotonic decrease"
"Com_156_neg",-0.19501391983083,0.0128888654576629,0.492538787132119,1.75378407360903,0.577423547853057,0.97424634381184,0.808637756938552,0.0117769048603556,0.427162311884085,-0.945146316670479,0.101805812519236,0.914281594941658,"N'-(benzoyloxy)-2-(2,2-dichlorocyclopropyl)ethanimidamide","C12 H12 Cl2 N2 O2",286.02744,285.02025,5.046,12.5775678764402,12.1855401071565,10.9551150241006,"Monotonic decrease"
"Com_12554_pos",-0.192751908660538,0.0139937650734298,0.520533251020556,-0.0788258556570703,0.295615553766643,0.97424634381184,-0.341268558730682,0.0110840630205205,0.427162311884085,-0.262442703073612,0.354447160577758,0.952814429510526,"4-[3-(4-phenoxyphenyl)-1H-pyrazol-5-yl]morpholine","C19 H19 N3 O2",321.14966,322.15694,5.615,30.9888140364422,30.5905037458317,30.0879974873586,"Monotonic decrease"
"Com_418_pos",-0.192240889525721,0.0142545512016305,0.520533251020556,-0.405540814007828,0.82212262125063,0.998265352641438,-1.08574965286256,0.0153925260791472,0.470571511562501,-0.680208838854732,0.0325611317558952,0.741285339974635,"Caffeine","C8 H10 N4 O2",194.08134,195.08862,5.348,16.6052592806575,16.0548805799949,14.5793528538853,"Monotonic decrease"
"Com_6444_pos",0.191857625174609,0.0144529183999859,0.520533251020556,-0.118047287720999,0.317181249768616,0.97424634381184,1.51665200692022,0.00866111704066547,0.41095806672904,1.63469929464121,0.00308623779467475,0.696884579367964,"ethyl 2,3-dioxo-1,2,3,4-tetrahydroquinoline-4-carboxylate","C12 H11 N O4",233.06507,234.07234,5.66,12.8520923565142,12.6370984902172,13.4375814966082,"MCI-associated decrease"
"Com_5517_pos",0.191587085632647,0.0145943902155296,0.520533251020556,-1.41748199951795,0.613544182102069,0.97424634381184,-0.247018446006702,0.0104276715397403,0.427162311884085,1.17046355351125,0.0104023644571198,0.696884579367964,"N1-(2-pyridylmethyl)-2-[3,5-di(trifluoromethyl)benzoyl]benzamide","C22 H14 F6 N2 O2",474.07099,475.07827,5.75,17.487761614572,17.4746933100596,18.1094668125338,"MCI-associated decrease"
"Com_1037_pos",-0.189798518660788,0.0155604642882614,0.545891697981629,-0.104821027572746,0.277930377315134,0.97424634381184,-0.265626520863332,0.0196702624151519,0.532840019853481,-0.160805493290586,0.192927758595424,0.926123611056224,"Quinoline","C9 H7 N",129.05837,130.06565,5.424,28.2382134208785,28.0132945875252,27.7289873661513,"Monotonic decrease"
"Com_28313_neg",0.188348126116381,0.0163843453550426,0.563066630907227,0.311035462863576,0.781820860064895,0.998265352641438,1.18490811066864,0.0114258231692325,0.427162311884085,0.873872647805061,0.0249685317606337,0.722958425153893,"Sulfamethoxazole","C10 H11 N3 O3 S",253.05529,252.04801,6.09,20.0942481357153,19.9178755179323,20.5273282419955,"MCI-associated decrease"
"Com_23249_pos",-0.187919771841608,0.0166348179940536,0.563066630907227,0.118989007952044,0.242124341114465,0.97424634381184,-0.399121516958671,0.0153925260791472,0.470571511562501,-0.518110524910715,0.000449720456871672,0.481200888852689,"4-[2-(4-chlorophenyl)diaz-1-enyl]-2-methyl-6-(piperidinomethyl)phenol","C19 H22 Cl N3 O",343.14437,344.15166,5.923,22.7021890150385,22.8009110631916,22.1000215456477,"MCI-associated increase"
"Com_8191_pos",0.187574082426879,0.0168393758775993,0.563066630907227,-0.734581778025046,0.655327630907459,0.978176760105966,1.05504980219585,0.0109166128094226,0.427162311884085,1.7896315802209,0.0186082423639854,0.722958425153893,"2-(3-chlorophenyl)-5-[4-(trifluoromethyl)-3-pyridyl]-1,3,4-oxadiazole","C14 H7 Cl F3 N3 O",325.02166,326.02893,5.856,20.3510662903296,20.1338091343667,20.8983744671016,"MCI-associated decrease"
"Com_13438_pos",-0.18665725397912,0.0173925254098614,0.563252046573137,-0.612684911027495,0.000921069510409076,0.906545585253139,-0.794342232516901,0.0196702624151519,0.532840019853481,-0.181657321489406,0.181294891670863,0.926123611056224,"S-Methyl-L-cysteine-S-oxide","C4 H9 N O3 S",151.03114,152.03835,1.288,22.9138020717709,22.1609749759039,22.5187595999664,"MCI-associated decrease"
"Com_1310_pos",0.186123689882473,0.017721651545545,0.563252046573137,-3.37841788258649,0.664767431803053,0.978405986285098,-0.619109376985935,0.0167983084129377,0.492443561694339,2.75930850560055,0.0880480629295204,0.902508397248603,"Valsartan metabolite","C14 H10 N4 O2",266.08146,267.08881,5.767,12.3103818867382,12.5621296748993,13.023429112078,"Monotonic increase"
"Com_21083_pos",-0.185920785226002,0.0178482237827934,0.563252046573137,-0.286310230568189,0.40239183054899,0.97424634381184,-1.08291566217813,0.0105884426329268,0.427162311884085,-0.796605431609942,0.423319976747168,0.952814429510526,"Flunitrazepam-d3","C16 H9 [2]H3 F N3 O3",316.10777,317.11505,5.091,19.0203859770995,18.6266219243477,18.4702174308998,"Monotonic decrease"
"Com_4691_pos",-0.185747940518637,0.0179566626894128,0.563252046573137,-0.387171833161974,0.150756125760761,0.97424634381184,-1.37449394227252,0.0177969899480382,0.507807446517356,-0.987322109110543,0.535486518379526,0.955117225188735,"Carnosine","C9 H14 N4 O3",226.10777,227.11503,1.267,20.227159520665,19.2077135372954,19.4118033840631,"MCI-associated decrease"
"Com_702_pos",-0.185424796065738,0.0181609304736199,0.563252046573137,-0.629370509245415,0.359900892115652,0.97424634381184,-1.54799902213815,0.0185797769064476,0.52316740236576,-0.918628512892737,0.217821042510308,0.926123611056224,"Isorhapontigenin","C15 H14 O4",258.09053,259.09781,5.734,21.578659335575,21.0732027318662,20.6227391029773,"Monotonic decrease"
"Com_1042_pos",-0.184598147465299,0.0186926731824215,0.571461723005459,-0.230385993817756,0.0486998070368592,0.97424634381184,4.31596934664859,0.02898913792035,0.667061883328483,4.54635534046635,0.640871917981559,0.963784894223848,"Histamine","C5 H9 N3",111.08044,112.08772,1.148,15.4219065505692,15.148432311372,14.9325726669604,"Monotonic decrease"
"Com_8664_pos",-0.183553564233835,0.0193838584434084,0.582089988715938,-0.105448949439322,0.11257086953519,0.97424634381184,-0.337258837336225,0.0220199714761505,0.574667548280026,-0.231809887896904,0.572785775880501,0.955117225188735,"L-5-Hydroxytryptophan","C11 H12 N2 O3",220.08612,221.0934,5.128,24.5105009111932,24.2730023416385,24.2172672381219,"Monotonic decrease"
"Com_14131_pos",0.182554070926032,0.0200658081691901,0.582089988715938,-0.138363508077522,0.260979641885628,0.97424634381184,1.30885643725779,0.011600185567093,0.427162311884085,1.44721994533531,0.00330200523119241,0.696884579367964,"2-(1,3-dimethyl-1H-pyrazol-5-yl)-1H-isoindole-1,3(2H)-dione","C13 H11 N3 O2",241.09031,242.09757,5.66,15.9950449138372,15.6942208960391,16.4107676733364,"MCI-associated decrease"
"Com_7528_pos",0.182478921053265,0.0201179108462888,0.582089988715938,1.50276563249032,0.83227637630576,0.998265352641438,0.206620011073206,0.0147292804786663,0.470571511562501,-1.29614562141712,0.0975096563427624,0.914281594941658,"1-(3,4-dihydroxyphenyl)-7-(4-hydroxyphenyl)heptan-3-one","C19 H22 O4",336.13732,337.14459,5.585,20.0512873552407,20.3599742988175,20.7036032324876,"Monotonic increase"
"Com_1621_neg",-0.182463891078711,0.020128345404196,0.582089988715938,-0.121175393002199,0.275054380718831,0.97424634381184,-0.505387615064707,0.0249517985472225,0.613756883805243,-0.384212222062508,0.231099692092127,0.926123611056224,"5-chloro-N-(4-morpholinophenyl)-1H-indole-2-carboxamide","C19 H18 Cl N3 O2",355.11106,354.10378,5.731,22.7142935604674,21.6735377023128,21.0305684540311,"Monotonic decrease"
"Com_33279_pos",0.181081133419795,0.0211085574338679,0.602297505446366,-0.295951494618593,0.608974903493647,0.97424634381184,0.074375665643953,0.0134779340102919,0.470571511562501,0.370327160262545,0.0200485566005678,0.722958425153893,"(-)-Erythromycin","C37 H67 N O13",733.46495,734.47223,5.852,20.233289294241,20.001370143231,20.7659361016155,"MCI-associated decrease"
"Com_24056_neg",0.180201879908419,0.0217530440224536,0.61251992379014,-0.00414949194715771,0.467484261734005,0.97424634381184,0.89968140984158,0.0143012328880097,0.470571511562501,0.903830901788738,0.00979321805570746,0.696884579367964,"Adenylyl Sulfate","C10 H14 N5 O10 P S",427.01837,426.0111,6.017,21.190658054469,21.1197568207976,21.6568445780304,"MCI-associated decrease"
"Com_3844_pos",-0.17930759642249,0.0224258781560473,0.613352176548794,0.468013384762454,0.898885180907176,0.998265352641438,-0.885626251372538,0.0167983084129377,0.492443561694339,-1.35363963613499,0.0427591302473323,0.769968157118732,"Harmine","C13 H12 N2 O",212.09191,213.09918,5.004,13.0929898844718,13.1502733569203,12.2421831040661,"MCI-associated increase"
"Com_7947_neg",-0.179119721740572,0.0225694857058935,0.613352176548794,-0.233996340161058,0.987002241055627,0.998265352641438,-0.516379561016492,0.017291326573139,0.500046471169153,-0.282383220855434,0.0546536723801855,0.823653935870402,"L-(-)-Glyceric acid","C3 H6 O4",106.02608,105.0188,1.369,24.5297631460145,24.6830561905244,24.3139783085076,"MCI-associated increase"
"Com_1817_neg",-0.178653792529415,0.0229290533289269,0.613352176548794,0.0129407291866994,0.198098243217699,0.97424634381184,-0.0695918492213514,0.0239390201396571,0.613756883805243,-0.0825325784080508,0.44791214309302,0.952814429510526,"Caffeic acid","C9 H8 O4",180.04251,179.03526,5.24,24.3767707994005,23.8807873612581,23.4019924028834,"Monotonic decrease"
"Com_2720_neg",-0.178653792529415,0.0229290533289269,0.613352176548794,-0.322980282596586,0.0517575442021944,0.97424634381184,-0.308785260219769,0.0242725787391471,0.613756883805243,0.0141950223768169,0.972229695919683,1,"3-[(methoxycarbonyl)amino]-2,2,3-trimethylbutanoic acid","C9 H17 N O4",203.11626,202.10908,5.693,27.3070152934413,26.9611416452758,26.7968185742215,"Monotonic decrease"
"Com_16628_pos",-0.177714419119826,0.0236689966325703,0.618664862723507,-0.105198504554336,0.111102017311694,0.97424634381184,-0.32409744673549,0.0214107376220981,0.565666401373949,-0.218898942181153,0.796709153380386,0.982684488895692,"2-(2-thienylmethylidene)hydrazine-1-carboxamide","C6 H7 N3 O S",169.02992,170.0372,1.64,21.9744426809127,21.7671814705966,21.583682513495,"Monotonic decrease"
"Com_5520_pos",-0.177571634361568,0.0237832458047691,0.618664862723507,-0.11895956852926,0.935080128178475,0.998265352641438,-0.391616237065976,0.0310027850206951,0.688285265376567,-0.272656668536717,0.0196796426470588,0.722958425153893,"Kynurenic acid O-hexside","C16 H17 N O8",351.09568,374.08467,5.407,25.3507346300794,25.2282798076987,24.569563557559,"Monotonic decrease"
"Com_18622_neg",-0.177308609806883,0.0239949456103042,0.618664862723507,-0.611769908911631,0.00393274877558981,0.906545585253139,-0.371752844142777,0.0331353285756752,0.695192187764166,0.240017064768854,0.456286460649261,0.952814429510526,"Capric acid","C10 H20 O2",172.14646,171.13918,6.613,22.0934126126961,21.5301685655405,21.6333108071026,"MCI-associated decrease"
"Com_5429_pos",-0.176173846728098,0.0249269362738363,0.629228012192476,-0.319473794468245,0.0779535097686971,0.97424634381184,-0.138769975515995,0.0249517985472225,0.613756883805243,0.18070381895225,0.878262198893988,0.990764947618942,"3-hydroxy-2-(3-nitro-4-piperidinobenzyl)propanenitrile","C15 H19 N3 O3",289.13966,290.14695,1.311,25.0104295979697,24.518383582659,24.4676213180472,"Monotonic decrease"
"Com_28865_pos",0.176031061969841,0.0250463775484895,0.629228012192476,0.23658355170611,0.0790595005335298,0.97424634381184,0.527331681385014,0.0318412342393832,0.688285265376567,0.290748129678904,0.681233164972313,0.973840329352538,"1,4-dihydroxy-1,4-dimethyl-7-(propan-2-ylidene)-decahydroazulen-6-one","C15 H24 O3",274.15603,275.16331,6.636,21.7336992916158,21.886640082835,22.0475900884954,"Monotonic increase"
"Com_76_pos",0.175745492453325,0.0252867332002584,0.629228012192476,5.37453602314082,0.717606045215378,0.988298366959884,-1.79106735559812,0.0163176736500669,0.491828473396382,-7.16560337873894,0.03611066971292,0.747298373617141,"HET0016","C12 H18 N2 O",228.12714,229.13441,5.801,9.87591034455631,9.71929837377743,10.4936885088458,"MCI-associated decrease"
"Com_26808_neg",-0.175181868407572,0.0257669265087011,0.629750683077718,-0.622540933335282,0.00677791091778048,0.906545585253139,-0.441750965077581,0.0314196104491775,0.688285265376567,0.180789968257702,0.481930319951778,0.952814429510526,"Acetylcarnitine","C9 H17 N O4",203.11633,202.10908,5.309,21.220718348286,20.6781190129889,20.8256940229895,"MCI-associated decrease"
"Com_3195_pos",-0.175031568662037,0.0258962897714202,0.629750683077718,-0.492259394767054,0.0824542437047558,0.97424634381184,-0.525983830366204,0.0278358157854923,0.654600503087402,-0.0337244355991503,0.807475865906504,0.983351253121837,"Tyramine","C8 H11 N O",137.08462,138.09189,2.091,24.1297564151613,23.8885640328396,23.8071028740776,"Monotonic decrease"
"Com_24403_pos",0.17452054952722,0.026340294150769,0.633350893063433,0.170967220911774,0.914376006626322,0.998265352641438,0.265506740239661,0.0153925260791472,0.470571511562501,0.0945395193278863,0.147567583469119,0.926123611056224,"5-hydroxy-6,7-dimethoxy-2-phenyl-4H-chromen-4-one","C17 H14 O5",280.0748,281.08208,5.829,20.621471562422,20.8600106446033,21.4857527382818,"Monotonic increase"
"Com_6840_pos",0.173754020824995,0.0270185116471056,0.642440165831177,0.982134890552642,0.0430379351411059,0.97424634381184,0.809477171924846,0.0256474150893059,0.616690654956345,-0.172657718627796,0.829117100218728,0.985419326780897,"4-oxododecanedioic acid","C12 H20 O5",266.11439,267.12164,5.529,21.3628649810242,22.0869594088245,22.211902428947,"Monotonic increase"
"Com_19419_pos",0.173047612020984,0.0276567023950764,0.649565345946385,-0.159418716070537,0.712741631310101,0.988298366959884,0.65444236065308,0.0211116629800523,0.564736984716399,0.813861076723618,0.0254221515575402,0.722958425153893,"Phlorizin","C21 H24 O10",458.12083,459.12811,5.763,21.1628943669067,21.1709827820256,21.8443477765765,"Monotonic increase"
"Com_8199_pos",0.172754527517192,0.0279252391715268,0.649565345946385,1.67764311763683,0.516738151913713,0.97424634381184,2.0499298336979,0.0149475086390995,0.470571511562501,0.372286716061068,0.464748100925728,0.952814429510526,"N6-Me-Adenosine","C11 H15 N5 O4",281.10995,282.11733,5.762,17.2077058708558,17.4245974761688,17.9350334871117,"Monotonic increase"
"Com_6091_neg",-0.172040603725904,0.0285887006789462,0.657847520999408,-0.471711252311071,0.595358868812575,0.97424634381184,-0.746026488740441,0.0252975376147044,0.615190119266676,-0.27431523642937,0.174569739881548,0.926123611056224,"Capryloylglycine","C10 H19 N O3",201.13716,200.12988,5.912,22.6317721381612,22.5075594431606,22.2155354566903,"Monotonic decrease"
"Com_2686_pos",-0.171364254870999,0.0292296017387982,0.66543986937264,-0.339763770656162,0.13478050629221,0.97424634381184,0.799371571821938,0.0322676995608872,0.690528770602987,1.1391353424781,0.616165632187242,0.957584933101451,"Noroxymorphone","C16 H17 N O4",287.11995,288.12725,5.831,22.2327546466964,21.8452338066942,21.4830999835261,"Monotonic decrease"
"Com_5891_pos",-0.170928385608949,0.0296490834279543,0.665808875416149,-0.095352976145053,0.500027031819513,0.97424634381184,-0.152121224254696,0.02898913792035,0.667061883328483,-0.0567682481096435,0.197731359513098,0.926123611056224,"(5E)-7-methylidene-10-oxo-4-(propan-2-yl)undec-5-enoic acid","C15 H24 O3",252.1736,253.18087,5.786,25.2941206898643,25.1231386235807,24.9449854885103,"Monotonic decrease"
"Com_6351_pos",-0.170702935990648,0.0298680617009113,0.665808875416149,0.889284378382295,0.935080128178475,0.998265352641438,-0.74856721877354,0.026359743561887,0.626776124693759,-1.63785159715583,0.0420507479399882,0.769968157118732,"5-(benzyloxy)-2-(hydroxymethyl)-1,4-dihydropyridin-4-one","C13 H13 N O3",231.09068,232.09796,5.695,20.5717377891149,20.2404220204716,19.8233344744659,"Monotonic decrease"
"Com_13157_pos",-0.169816167491995,0.030742788104066,0.678242954048466,-0.024964525266406,0.234344184310947,0.97424634381184,-0.318580328737355,0.0318412342393832,0.688285265376567,-0.293615803470949,0.44791214309302,0.952814429510526,"methyl 2-(2-acetyl-4,5-dimethoxyphenyl)acetate","C13 H16 O5",252.10097,253.10827,5.49,22.753004438051,22.4937714329823,22.2466811286381,"Monotonic decrease"
"Com_10544_pos",0.16804263049469,0.032557738502029,0.710954697901449,0.271536063208996,0.0824542437047558,0.97424634381184,0.271324320008802,0.0413494235970086,0.783077579624765,-0.000211743200193958,0.727750480169092,0.975261360435008,"3-hydroxy-3-methylpentanedioic acid","C6 H10 O5",184.03594,185.04326,1.201,24.8465796581767,25.1143290885788,25.1670638026766,"Monotonic increase"
"Com_30847_neg",0.167095742097823,0.0335634202434131,0.718776139395005,0.380025575676378,0.00427072521272073,0.906545585253139,0.204297264831451,0.0403012424775624,0.776978909026879,-0.175728310844927,0.329691999093068,0.952814429510526,"Pentadecanoic Acid","C15 H30 O2",288.23176,287.22448,7.163,18.4125257039887,18.5897250431539,18.4828258929761,"MCI-associated increase"
"Com_13632_neg",-0.167043137186886,0.03362005483732,0.718776139395005,-0.219455076232052,0.145277929455647,0.97424634381184,-0.273608948399464,0.0363309873485505,0.74757993197979,-0.0541538721674119,0.635897551920662,0.963784894223848,"2-Butoxyacetic acid","C6 H12 O3",132.07859,131.07131,5.264,23.9303946299622,23.6836122117488,23.5284755024238,"Monotonic decrease"
"Com_16508_neg",0.166502058102962,0.0342072962022378,0.718776139395005,0.811739427291415,0.781820860064895,0.998265352641438,2.30313277098582,0.0246101586044591,0.613756883805243,1.49139334369441,0.174569739881548,0.926123611056224,"N1-[4-(cyanomethyl)phenyl]-4-chlorobenzamide","C15 H11 Cl N2 O",270.05468,269.0474,7.034,18.7010446754774,18.8922701852968,19.1956410787445,"Monotonic increase"
"Com_25764_pos",0.166411878255642,0.0343060091391266,0.718776139395005,0.121663959345866,0.467484261734005,0.97424634381184,0.592926535714291,0.0326990498034174,0.692831352270428,0.471262576368425,0.250640861950463,0.926123611056224,"DY131","C18 H21 N3 O2",311.1647,312.17198,5.334,20.9310357149783,21.1561004999883,21.3637450079568,"Monotonic increase"
"Com_107_pos",-0.166148853700957,0.0345953001671428,0.718776139395005,-1.16759992831312,0.0227575068919786,0.97424634381184,-0.711690514384521,0.0387712659948345,0.776978909026879,0.455909413928603,0.681233164972313,0.973840329352538,"Decanoylcarnitine","C17 H33 N O4",315.24232,316.2496,6.181,27.6870688448581,27.0721996591086,27.256438439217,"MCI-associated decrease"
"Com_1641_pos",-0.164292651843607,0.0366961229088172,0.743480637000086,-0.358305961226486,0.143486149490415,0.97424634381184,-0.396858674185187,0.039785657876474,0.776978909026879,-0.0385527129587009,0.660929291111291,0.973499221842089,"Apocynin","C9 H10 O3",166.0638,167.07108,5.846,26.8434998509991,26.5963902503836,26.4590423351,"Monotonic decrease"
"Com_4194_pos",-0.163526123141382,0.0375945535294514,0.743480637000086,1.14166255485093,0.742096648392106,0.992345641070078,-0.667843820411632,0.0191182238280215,0.531337649246313,-1.80950637526256,0.0989253112779165,0.914281594941658,"Luotonin A","C18 H11 N3 O",285.08615,286.0934,1.413,19.3889489312537,19.7193635596504,18.6053397037434,"MCI-associated increase"
"Com_5908_pos",0.163263098586697,0.0379070802611387,0.743480637000086,-1.25831161593404,0.717606045215378,0.988298366959884,2.17800374303283,0.0377789333582102,0.769970641776856,3.43631535896687,0.016935760274743,0.696884579367964,"Indirubin","C16 H10 N2 O2",262.07575,263.08302,6.574,19.4370922209323,19.5186584214852,19.8505611834339,"Monotonic increase"
"Com_3698_pos",-0.163225523650313,0.0379519051278224,0.743480637000086,0.00368902003680581,0.182661975518951,0.97424634381184,-0.452372405946893,0.0408224820135555,0.780000995616149,-0.456061425983699,0.572785775880501,0.955117225188735,"Argininosuccinic acid","C10 H18 N4 O6",290.12364,291.13089,1.305,24.9528168503265,24.7429060052657,24.5532200374222,"Monotonic decrease"
"Com_24386_pos",0.163015104006565,0.0382037504372276,0.743480637000086,0.426627175720594,0.384333650558935,0.97424634381184,0.446397853054777,0.0392756812905705,0.776978909026879,0.0197706773341838,0.302806524686605,0.947377138639377,"5-Methyl-8-nitro-3-spirocyclohexyl-2,3,4,5-tetrahydro-1H-2-benzazepine","C16 H22 N2 O2",274.16941,275.17673,6.379,23.8218580238911,23.885548871838,24.0761201715164,"Monotonic increase"
"Com_22910_pos",0.16279716937554,0.0384660726033215,0.743480637000086,0.0800445574677462,0.236917645038447,0.97424634381184,0.189165092647233,0.048740325331373,0.83544256309356,0.109120535179487,0.361730316312705,0.952814429510526,"3-hydroxy-4-methoxy-[2,2'-bipyridine]-6-carboxamide","C12 H11 N3 O3",267.06212,268.0694,1.441,23.7029846717474,23.8420236281884,23.8369389575666,"MCI-associated increase"
"Com_3891_neg",-0.162353785126214,0.0390044457099667,0.743480637000086,-0.0469561646920266,0.568552333025136,0.97424634381184,-0.203473404882598,0.0403012424775624,0.776978909026879,-0.156517240190571,0.172369926798212,0.926123611056224,"Sebacic acid","C10 H18 O4",202.12115,201.1138,5.789,26.4927187866584,26.352273530879,26.1316158421608,"Monotonic decrease"
"Com_2104_neg",-0.162233545329787,0.0391515332225761,0.743480637000086,-0.119297203308586,0.275054380718831,0.97424634381184,3.74794279207025,0.0293826113007082,0.668923278548038,3.86723999537884,0.665982645222812,0.973499221842089,"DL-Norvaline","C5 H11 N O2",117.07886,116.07133,1.353,18.3542995764636,18.1466984652879,18.0598511174939,"Monotonic decrease"
"Com_1229_pos",-0.162045670647869,0.0393822914482936,0.743480637000086,-0.271662748180769,0.817056781514819,0.998265352641438,-1.40491897387681,0.0452016690585631,0.819759082926484,-1.13325622569604,0.0630331136307468,0.864685020319219,"Paraxanthine","C7 H8 N4 O2",180.06553,181.0728,1.439,19.759578956949,19.1146949985373,18.3566070803293,"Monotonic decrease"
"Com_51170_pos",-0.161654891309479,0.0398659339025365,0.743480637000086,-0.010822947985326,0.542336717095599,0.97424634381184,0.0672168057835126,0.0512263889552563,0.842682212445175,0.0780397537688384,0.118860319305323,0.914281594941658,"(2R)-5-hydroxy-7-methoxy-2-phenyl-3,4-dihydro-2H-1-benzopyran-4-one","C16 H14 O4",270.09087,271.09814,7.099,19.5454192142257,19.5018837657654,19.3667881729304,"Monotonic decrease"
"Com_21530_pos",0.161467016627561,0.0401002254128707,0.743480637000086,0.341165018630258,0.961020516526437,0.998265352641438,0.239704274777488,0.0301833576781751,0.679919846645208,-0.10146074385277,0.110849367356776,0.914281594941658,"Phe-Pro","C14 H18 N2 O3",262.13283,263.14029,5.876,21.8595579561481,21.7883200182914,22.5443828858566,"MCI-associated decrease"
"Com_21789_neg",0.161188962098323,0.0404490993488676,0.743480637000086,-0.000545027038867675,0.898885180907176,0.998265352641438,0.757934219163048,0.0340228472317002,0.706882457046975,0.758479246201916,0.0555362661214588,0.825330621527235,"N-{6-[(7-chloro-4-quinazolinyl)oxy]-3-pyridinyl}-4-methoxybenzamide","C21 H15 Cl N4 O3",406.08977,405.0825,5.276,19.9094008405829,20.0308697693022,20.3290850166572,"Monotonic increase"
"Com_28166_pos",0.161068722301895,0.0406007513742339,0.743480637000086,0.0623727739497616,0.742096648392106,0.992345641070078,0.254489629760447,0.0481348858099011,0.83544256309356,0.192116855810685,0.0758303494673582,0.867791165027521,"Carbadox","C11 H10 N4 O4",262.06774,263.07501,1.284,22.9906368754888,22.9173173157145,23.3205686976446,"MCI-associated decrease"
"Com_31584_pos",-0.161031147365512,0.0406482404341169,0.743480637000086,-0.308308003498673,0.0656387789471161,0.97424634381184,-0.266496093417387,0.0463563564789336,0.82668835720765,0.0418119100812859,0.972229695919683,1,"5-(2-chloro-6-methylphenoxy)-1,3-dimethyl-4-nitro-1H-pyrazole","C12 H12 Cl N3 O3",281.05779,282.06524,1.385,22.0692581490773,21.8659376988259,21.8032493928258,"Monotonic decrease"
"Com_111_pos",-0.160159408841412,0.0417631485098993,0.757399472976139,-0.202540196301901,0.202679061120528,0.97424634381184,-0.330712628978019,0.0518642311712879,0.842682212445175,-0.128172432676117,0.44791214309302,0.952814429510526,"CAR 10:1","C17 H32 N O4",313.22649,314.23377,6.049,31.0264528694774,30.6724961417813,30.6474738593673,"Monotonic decrease"
"Com_8223_neg",-0.159407910113741,0.0427447505398819,0.76458217428842,-0.451815809482823,0.0423709700232406,0.97424634381184,-0.310982819551522,0.0493521455765199,0.83544256309356,0.140832989931301,0.861818525982919,0.987763710173379,"Corey Lactone Diol","C8 H12 O4",172.07332,171.06604,5.764,24.2011903694511,24.054683318681,24.0811054804648,"MCI-associated decrease"
"Com_16691_neg",0.159310215279143,0.0428737667825282,0.76458217428842,0.762529647037542,0.0665996674654398,0.97424634381184,0.371577510749596,0.039785657876474,0.776978909026879,-0.390952136287946,0.839987647721254,0.985419326780897,"N alpha-Acetyl-L-Arginine","C8 H16 N4 O3",216.12192,215.11464,1.371,20.5589803617147,20.8297939960415,20.8001053792989,"MCI-associated increase"
"Com_5983_pos",0.158701501309729,0.0436850034751532,0.769648223917831,-0.730395245734471,0.929899426345924,0.998265352641438,1.35784755538564,0.0424206023091993,0.792628966077956,2.08824280112011,0.0456943719411584,0.769968157118732,"Neocuproine","C14 H12 N2",208.10114,209.10841,5.471,17.7334791941481,18.006097936097,18.2355948581101,"Monotonic increase"
"Com_11196_pos",-0.158558716551472,0.0438771417373717,0.769648223917831,-0.877582750335367,0.250084447224309,0.97424634381184,-0.926841411907577,0.0481348858099011,0.83544256309356,-0.049258661572209,0.460506411169444,0.952814429510526,"Lysine Butyrate","C10 H22 N2 O4",234.15912,217.15579,1.307,20.7432879808107,20.4975662496168,20.5021994074163,"MCI-associated decrease"
"Com_20824_pos",-0.157438983447241,0.045408550772968,0.790034948407735,-0.290176287381162,0.154494815874327,0.97424634381184,-0.863908792107291,0.0429649346098331,0.792628966077956,-0.573732504726129,0.802087812429697,0.983085864031817,"SNH","C13 H20 N6 O6",378.13068,379.13846,5.984,19.8492241380459,18.7508603665417,19.0844026737442,"MCI-associated decrease"
"Com_221_neg",-0.155740596322702,0.0478163557844467,0.825217753054161,-0.397728648443342,0.0219915389837995,0.97424634381184,0.515207384615338,0.0544824161317981,0.851039200890861,0.91293603305868,0.601545587417017,0.955684897603873,"Galacturonic acid","C6 H10 O7",194.04315,193.03589,5.794,25.0642773958095,24.6276722412756,24.6642134987498,"MCI-associated decrease"
"Com_10814_pos",0.155146912327842,0.0486827057641106,0.833447922681573,0.804491912687816,0.727369125215803,0.988298366959884,1.51229519328069,0.0429649346098331,0.792628966077956,0.707803280592875,0.17679044541687,0.926123611056224,"N4-(3,4-dimethylphenyl)quinazolin-4-amine hydrochloride","C16 H15 N3",249.12783,250.13512,5.372,20.5165173834761,20.5982719643565,20.9237502506219,"Monotonic increase"
"Com_200_pos",-0.154823767874943,0.0491597246327493,0.83493500566733,1.1394419490058,0.955828252352678,0.998265352641438,-0.966619281310517,0.0551539200136792,0.852335832854669,-2.10606123031632,0.037364918680857,0.747298373617141,"Theobromine","C7 H8 N4 O2",180.06551,181.07278,5.007,19.7648488852016,19.2302276600762,18.0904246827825,"Monotonic decrease"
"Com_32909_pos",-0.154530683371151,0.0495957235920882,0.835577079214577,-0.0691841792615646,0.546663810995189,0.97424634381184,-0.422238837572652,0.0435151592976878,0.7959182982654,-0.353054658311088,0.293111309450327,0.946090802750678,"O1-(2,6-dichlorobenzyl)-4-methoxybenzene-1-carbohydroximamide","C15 H14 Cl2 N2 O2",324.04701,325.05429,2.35,19.1452891035203,18.9529685427308,18.245432404708,"Monotonic decrease"
"Com_7581_pos",-0.154275173803742,0.0499784421212457,0.835577079214577,-1.08974663403756,0.0479595276964911,0.97424634381184,0.329628309907377,0.0463563564789336,0.82668835720765,1.41937494394493,0.671051209677503,0.973840329352538,"L-Ergothioneine","C9 H15 N3 O2 S",229.08948,230.09675,1.411,20.8225164485374,20.5202443254246,20.6084929102863,"MCI-associated decrease"
"Com_8559_neg",-0.153658944847051,0.0509115691293528,0.844579518890038,-0.367489852413995,0.136488159162668,0.97424634381184,-0.391177755219024,0.0505951274022961,0.839330020472199,-0.0236879028050284,0.850888800732806,0.986938771581683,"2-Hydroxycaproic acid","C6 H12 O3",132.07813,131.07092,5.279,23.664933707972,23.4117153371629,23.3767805484465,"Monotonic decrease"
"Com_9461_pos",-0.153230590572279,0.0515686852000006,0.848899894830779,-0.160382748866431,0.455590338923466,0.97424634381184,-0.482413486512158,0.0525087044147328,0.842682212445175,-0.322030737645727,0.296319630148174,0.947377138639377,"5-Hydroxyindole-2-carboxylic acid","C9 H7 N O3",177.04343,178.05073,5.244,22.7983712089964,22.667594626615,22.5863845201172,"Monotonic decrease"
"Com_3737_neg",-0.152441516908223,0.0527975671674344,0.862494608689387,-0.229495015365943,0.0726110561530278,0.97424634381184,-0.223322154020186,0.05651763394203,0.852335832854669,0.00617286134575731,0.938952675204792,1,"Cyclohexaneacetic acid","C8 H14 O2",142.09914,141.09186,5.74,26.8545475129338,26.6265608192297,26.6756651889048,"MCI-associated decrease"
"Com_47605_pos",-0.151359358740376,0.0545222221221113,0.883920873797865,-0.0506432266045471,0.209694232468759,0.97424634381184,0.0315140843467767,0.057209946517106,0.852335832854669,0.0821573109513236,0.625998115151927,0.960312520734856,"Oleic acid","C18 H34 O2",282.25762,283.26489,7.947,20.1596015787047,20.124493205164,20.1200196776979,"Monotonic decrease"
"Com_4307_pos",-0.150194535712485,0.056430375091747,0.907977463882245,-0.561765313366528,0.0486998070368592,0.97424634381184,-0.402791031180728,0.0769410954884637,0.866599707080592,0.1589742821858,0.994444862240747,1,"tetranor-12(R)-HETE","C16 H26 O3",248.17874,249.18601,6.352,25.9244688471905,25.5589430954167,25.6237417228413,"MCI-associated decrease"
"Com_2133_pos",-0.148947047824549,0.0585346704382131,0.914473690402741,-0.343220797174157,0.193593617798518,0.97424634381184,-0.357207361874828,0.0630061972645495,0.852335832854669,-0.0139865647006712,0.660929291111291,0.973499221842089,"Styrene","C8 H8",104.06263,231.1139,5.434,25.6341440092368,25.468820664721,25.2268831875709,"Monotonic decrease"
"Com_16553_pos",-0.148759173142631,0.0588571057773018,0.914473690402741,-1.07303270354772,0.0169283629918361,0.97424634381184,-0.108027510367157,0.0726036284368599,0.853691015686155,0.965005193180568,0.540081186091507,0.955117225188735,"N-(p-Coumaroyl) serotonin","C19 H18 N2 O3",322.13105,323.13833,6.097,20.4647683379293,20.0080279773001,20.3021439578577,"MCI-associated decrease"
"Com_22505_pos",0.148714083218971,0.0589347072299488,0.914473690402741,-0.0676446974095696,0.645942585778995,0.978176760105966,0.783912655172006,0.0493521455765199,0.83544256309356,0.851557352581576,0.0337095793250315,0.743695873768737,"4-[4-(trifluoromethyl)phenyl]-1,2,3-thiadiazol-5-amine","C9 H6 F3 N3 S",245.02603,246.03331,5.54,19.6109299828622,19.7592533265748,20.0127724209646,"Monotonic increase"
"Com_11572_pos",-0.148571298460713,0.0591810004380781,0.914473690402741,-0.321240249715142,0.141711369422499,0.97424634381184,-0.356616923506726,0.0600501029021274,0.852335832854669,-0.0353766737915836,0.861818525982919,0.987763710173379,"Galangin","C15 H10 O5",116.05066,117.05811,5.61,24.2211789657422,24.0304253063134,23.9886485770075,"Monotonic decrease"
"Com_10515_neg",-0.148248154007815,0.059741526434497,0.914473690402741,0.0656986733096465,0.857779916506537,0.998265352641438,-0.433364553318604,0.0525087044147328,0.842682212445175,-0.49906322662825,0.0630331136307468,0.864685020319219,"3,5-Dihydroxyphenylglycine","C8 H9 N O4",183.05374,182.04647,5.303,23.1987726984393,23.1512847872181,22.8759272416639,"Monotonic decrease"
"Com_607_pos",0.148112884236834,0.0599774568785188,0.914473690402741,2.01392409689217,0.0273979499211527,0.97424634381184,2.42954934677406,0.0709256407829743,0.852701524020028,0.415625249881889,0.640871917981559,0.963784894223848,"15-epi Prostaglandin A1","C20 H32 O4",318.22073,319.22799,6.973,19.485399043432,19.769143368911,19.6208698407545,"MCI-associated increase"
"Com_4433_neg",-0.147729619885721,0.060650085774572,0.914473690402741,0.990491856453868,0.00855440640806843,0.97424634381184,-0.946410447745325,0.0676650357729612,0.852335832854669,-1.93690230419919,0.309387166254872,0.951927592764166,"17(S)-HpDHA","C22 H32 O4",396.20137,395.1941,5.801,19.1316930646684,18.7784586109101,18.923210880786,"MCI-associated decrease"
"Com_3970_pos",-0.147661985000231,0.0607694253507348,0.914473690402741,0.128129887223349,0.781820860064895,0.998265352641438,-0.168081038085309,0.0586157401592935,0.852335832854669,-0.296210925308659,0.149524090306385,0.926123611056224,"6-Methylquinoline","C10 H9 N",143.07417,144.08144,5.393,26.3000683504546,26.4123750074755,25.7203651496346,"MCI-associated increase"
"Com_11_neg",-0.147383930470992,0.0612620701750469,0.914473690402741,-0.418015393301798,0.0525465934239392,0.97424634381184,-1.12339561239619,0.0531598591963078,0.842682212445175,-0.705380219094387,0.587084129010093,0.955684897603873,"Cyclamic acid","C6 H13 N O3 S",179.05961,178.05234,5.372,29.989101137875,24.5179555583942,28.6271926558137,"MCI-associated decrease"
"Com_25377_neg",-0.147173510827244,0.0616370562796893,0.914473690402741,-0.177396967705216,0.581883464284275,0.97424634381184,-0.500528274994654,0.0637637270113597,0.852335832854669,-0.323131307289438,0.225720812569721,0.926123611056224,"PE O-18:1_20:4","C43 H78 N O7 P",751.55695,750.54968,10.858,19.2496820865218,19.2417383761598,19.2189504562362,"Monotonic decrease"
"Com_1115_pos",-0.146730126577918,0.0624333682851831,0.914473690402741,-1.15819290620421,0.0601106820267616,0.97424634381184,-1.33685447434293,0.0833660178571709,0.87169705882838,-0.178661568138726,0.977782141497144,1,"Isoliquiritigenin","C15 H12 O4",256.07471,257.08198,5.426,19.1664507852233,18.3368635310877,18.1487770735624,"Monotonic decrease"
"Com_12157_pos",-0.146331832252251,0.0631558678695179,0.914473690402741,-0.245764607157573,0.599882105607627,0.97424634381184,-0.249007974325515,0.0700986479357111,0.852335832854669,-0.00324336716794122,0.188210458967053,0.926123611056224,"4,5-Dicaffeoylquinic acid","C25 H24 O12",498.11656,499.12384,5.68,23.225734762288,23.0872798079437,22.7172926425602,"Monotonic decrease"
"Com_10431_pos",-0.145753178231944,0.0642177203854139,0.914473690402741,0.209718358378056,0.260979641885628,0.97424634381184,-0.290205084400417,0.0615134496998353,0.852335832854669,-0.499923442778473,0.645862466064675,0.965185528895534,"TNH","C14 H22 N6 O6",370.1643,371.17158,6.018,22.3492304466794,22.3216363820729,21.7378887735061,"Monotonic decrease"
"Com_30924_pos",0.145632938435517,0.0644401870514467,0.914473690402741,-0.251332225829912,0.359900892115652,0.97424634381184,0.483413622983663,0.0493521455765199,0.83544256309356,0.734745848813575,0.0126834743737679,0.696884579367964,"HMK","C17 H30 N6 O4 S",396.19536,397.20264,5.905,19.6077611592759,19.3733741716159,20.029826504838,"MCI-associated decrease"
"Com_9043_neg",-0.144791259860524,0.0660151554792509,0.914473690402741,0.361859452198069,0.761880321625298,0.992345641070078,-0.0295637734058454,0.0531598591963078,0.842682212445175,-0.391423225603914,0.0640264751950297,0.867194031122554,"4-Nitrocatechol","C6 H5 N O4",155.02161,154.01433,5.278,21.1126485745488,20.7643313910199,20.292512437149,"Monotonic decrease"
"Com_26663_pos",-0.144738654949587,0.0661146252455629,0.914473690402741,-0.0253060323800748,0.568552333025136,0.97424634381184,-0.3354480156335,0.0544824161317981,0.851039200890861,-0.310141983253425,0.372829509623318,0.952814429510526,"(12Z)-9,10,11-trihydroxyoctadec-12-enoic acid","C18 H34 O5",352.22527,353.23255,5.932,22.2988973359414,22.2962350518864,21.9846184482057,"Monotonic decrease"
"Com_2671_pos",-0.144190060878387,0.0671592602638004,0.914473690402741,-0.351829727243506,0.356491880867446,0.97424634381184,-0.345825706581381,0.059329324500931,0.852335832854669,0.00600402066212501,0.568056657183818,0.955117225188735,"N-acetyl-L-ornithine","C7 H14 N2 O3",174.10122,175.1085,1.833,20.3242413415347,20.4805125130007,19.9632601437497,"MCI-associated increase"
"Com_5079_pos",-0.144047276120129,0.0674333475473335,0.914473690402741,-0.736552514139342,0.475508201793893,0.97424634381184,-0.803992111686619,0.0645287639588178,0.852335832854669,-0.0674395975472767,0.369106559504446,0.952814429510526,"2-oxa-4-azatetracyclo[6.3.1.1~6,10~.0~1,5~]tridecan-3-one","C11 H15 N O2",193.11115,194.11856,5.09,21.7654724025371,21.8171226257744,21.5804815233763,"MCI-associated increase"
"Com_6128_pos",0.143776736578167,0.0679551710733476,0.914473690402741,-1.16127905213918,0.674260695349977,0.981173331585391,-0.778465735481555,0.0579092980637107,0.852335832854669,0.382813316657629,0.2774202983206,0.937882209172329,"SQH","C14 H22 N6 O6",392.14441,393.15168,5.912,20.0582668514301,20.1589581088982,20.481584152543,"Monotonic increase"
"Com_30566_pos",-0.143258202456074,0.0689645269594925,0.914473690402741,-0.648165476929641,0.0231491096753425,0.97424634381184,-1.41655710055762,0.0676650357729612,0.852335832854669,-0.768391623627976,0.411326283922083,0.952814429510526,"PLH","C17 H27 N5 O4",365.20473,366.21201,6.759,16.7030752588025,16.4132927280275,16.3834495460295,"Monotonic decrease"
"Com_10379_neg",-0.143213112532414,0.0690528706305454,0.914473690402741,-0.169298791533565,1,1,-0.516173255637128,0.0653013606420069,0.852335832854669,-0.346874464103563,0.0933596456163786,0.912281468580138,"P-Coumaroyl Agmatine","C14 H20 N4 O2",276.15893,275.15166,5.626,23.7648076346172,23.8017073748171,23.4005839497326,"MCI-associated increase"
"Com_2162_pos",-0.14269457841032,0.0700754569555877,0.914473690402741,-0.0286483882024771,0.504177753142834,0.97424634381184,0.0982172160188881,0.0751814136795137,0.864990458463222,0.126865604221365,0.283626664441751,0.942486120971035,"Nicotinic acid","C6 H5 N O2",123.03263,124.0399,5.102,26.0808204010939,26.0056333879024,26.0316328126069,"MCI-associated decrease"
"Com_4604_pos",-0.142679548435767,0.0701052797309033,0.914473690402741,-0.439004529437349,0.307815579377766,0.97424634381184,-0.496656358606445,0.0717606165486625,0.85315399674521,-0.0576518291690964,0.535486518379526,0.955117225188735,"(11E,15Z)-9,10,13-trihydroxyoctadeca-11,15-dienoic acid","C18 H32 O5",345.25312,346.2604,6.097,24.3314763369433,24.0647128225695,23.7316841822997,"Monotonic decrease"
"Com_7825_pos",-0.142461613804742,0.0705388705223046,0.914473690402741,0.0493142765692876,0.919547147740815,0.998265352641438,0.0327908952301247,0.0684683984793245,0.852335832854669,-0.0165233813391629,0.0691890186123171,0.867791165027521,"N-Methylnicotinamide","C7 H8 N2 O",136.06441,137.07169,2.767,25.2124798944999,25.2078175481508,25.0794570931625,"Monotonic decrease"
"Com_4349_pos",0.142393978919251,0.0706738753754956,0.914473690402741,-0.183711520307651,0.266548592578005,0.97424634381184,2.1316579680246,0.0499703962971849,0.83544256309356,2.31536948833225,0.0099926394097965,0.696884579367964,"2-[(3S)-1-(3-Chlorobenzyl)-3-pyrrolidinyl]-5-methyl-1,3-benzoxazole","C19 H19 Cl N2 O",309.09327,327.12711,5.529,21.2072150665968,21.1637962273171,21.5002159162903,"MCI-associated decrease"
"Com_11223_pos",0.142251194160994,0.0709595750179233,0.914473690402741,-1.80157417517614,0.301674511904216,0.97424634381184,-0.701309602586793,0.057209946517106,0.852335832854669,1.10026457258935,0.00832134475776881,0.696884579367964,"3-oxoindane-1-carboxylic acid","C10 H8 O3",176.0509,177.0582,5.896,19.8806138664583,19.6172514178745,20.2768358137735,"MCI-associated decrease"
"Com_1796_pos",-0.142078349453629,0.0713066762552937,0.914473690402741,2.69194652275989,0.53802676907566,0.97424634381184,-0.25670024118894,0.0700986479357111,0.852335832854669,-2.94864676394883,0.309387166254872,0.951927592764166,"Harmaline","C13 H14 N2 O",214.11155,215.11885,5.474,16.4302038075924,16.2342483857133,15.9434214167159,"Monotonic decrease"
"Com_7856_neg",-0.141875444797158,0.0717159005640785,0.914473690402741,-0.672265150788558,0.568552333025136,0.97424634381184,-1.43742604978342,0.0700986479357111,0.852335832854669,-0.765160898994861,0.289926386877085,0.946090802750678,"Flavin mononucleotide (FMN)","C17 H21 N4 O9 P",456.1061,455.09878,5.732,18.5404086120079,18.3532037150016,18.2653678951034,"Monotonic decrease"
"Com_7196_pos",-0.141680055127963,0.0721117678330295,0.914473690402741,-0.20288600560925,0.904044806718131,0.998265352641438,-0.521986827284887,0.0692795848618444,0.852335832854669,-0.319100821675637,0.0691890186123171,0.867791165027521,"Terbutaline","C12 H19 N O3",225.13741,226.14473,5.802,23.7841913428696,23.9896152510992,23.4826203688151,"MCI-associated increase"
"Com_1836_neg",-0.141604905255196,0.0722644957220683,0.914473690402741,0.118545759266188,0.981803910122497,0.998265352641438,-0.377508901053037,0.0637637270113597,0.852335832854669,-0.496054660319225,0.122189035585661,0.914281594941658,"gamma-Nonanolactone","C9 H16 O2",156.11503,155.1077,5.913,26.2663455119688,26.2781153532146,25.9985078369895,"MCI-associated increase"
"Com_45560_pos",0.141507210420599,0.0724634341197128,0.914473690402741,-0.0622297787789342,0.599882105607627,0.97424634381184,0.385436687719345,0.0717606165486625,0.85315399674521,0.447666466498279,0.262311436661922,0.926123611056224,"U-44069","C21 H34 O4",372.22905,373.23633,6.925,18.0449034640912,18.2480337510213,18.4219909242261,"Monotonic increase"
"Com_9175_pos",0.14125170085319,0.0729858349720789,0.914473690402741,1.75423076177027,0.751968113314537,0.992345641070078,2.03841443586743,0.0579092980637107,0.852335832854669,0.284183674097163,0.2774202983206,0.937882209172329,"5,7-dihydroxy-6-methoxy-2-phenyl-3,4-dihydro-2H-1-benzopyran-4-one","C16 H14 O5",286.08547,287.09285,6.312,14.4856460990399,14.66976989144,14.7760344774155,"Monotonic increase"
"Com_1562_pos",0.140890981463908,0.0737285345999384,0.914473690402741,0.0456070934791341,0.888578956214013,0.998265352641438,3.71542935668729,0.0558323088838141,0.852335832854669,3.66982226320815,0.122189035585661,0.914281594941658,"2-(1,3-benzodioxol-5-yl)-7-ethylimidazo[1,2-a]pyridine","C16 H14 N2 O2",266.10235,267.10963,5.428,18.009294980753,18.1254131050033,18.377905677819,"Monotonic increase"
"Com_6153_pos",-0.140875951489354,0.0737596127695627,0.914473690402741,-0.279612352582239,0.138212461799709,0.97424634381184,-0.298863880336511,0.0814874731009201,0.87169705882838,-0.0192515277542718,0.861818525982919,0.987763710173379,"Triacanthine","C10 H13 N5",203.11685,204.12415,5.694,25.8206467531606,25.5444763522182,25.3680954558193,"Monotonic decrease"
"Com_2500_pos",-0.140860921514801,0.0737907015485047,0.914473690402741,-0.863866849520878,0.219318960206375,0.97424634381184,-1.61183774257253,0.0843183603633059,0.87169705882838,-0.747970893051653,0.616165632187242,0.957584933101451,"Riboflavin-5-phosphate","C17 H21 N4 O9 P",456.10565,457.11293,5.708,19.3196105218644,19.125862723333,19.0102211910534,"Monotonic decrease"
"Com_2689_neg",-0.140477657163688,0.0745870576032114,0.914473690402741,0.156365229226648,0.329956481578519,0.97424634381184,-0.65693034950124,0.0769410954884637,0.866599707080592,-0.813295578727888,0.512812552478726,0.952814429510526,"Catechol","C6 H6 O2",110.03632,109.02905,4.59,26.5371344586397,25.8476364706561,25.6682977977527,"Monotonic decrease"
"Com_2427_pos",-0.1403123274436,0.0749327241949737,0.914473690402741,-0.184585210076233,0.258225552945512,0.97424634381184,-0.0604822646569013,0.0653013606420069,0.852335832854669,0.124102945419332,0.785980992745559,0.982684488895692,"3',4'-Dihydroxyphenylacetone","C9 H10 O3",166.06386,167.07115,5.605,26.0168913866532,25.7969919157583,25.5946019765849,"Monotonic decrease"
"Com_4720_neg",0.14028978248177,0.0749799607974507,0.914473690402741,1.71512395760805,0.314038811796066,0.97424634381184,1.10115248011269,0.0684683984793245,0.852335832854669,-0.613971477495352,0.640871917981559,0.963784894223848,"(2S)-4-Oxo-2-phenyl-3,4-dihydro-2H-chromen-7-yl beta-D-glucopyranoside","C21 H22 O8",448.14414,447.13687,7.01,11.09603497375,11.8336153032763,11.4536564312021,"MCI-associated increase"
"Com_34594_pos",0.140274752507217,0.0750114652460617,0.914473690402741,-0.319378216946878,0.320344237415917,0.97424634381184,0.0414442537253357,0.0499703962971849,0.83544256309356,0.360822470672214,0.0189595635859684,0.722958425153893,"geranyl pp","C10 H20 O7 P2",314.06798,315.0754,5.749,20.1360852799982,20.0655070409521,20.5835559122235,"MCI-associated decrease"
"Com_3088_pos",-0.140259722532663,0.0750429804017596,0.914473690402741,-0.259496506088822,0.339753537931744,0.97424634381184,-0.844427197987713,0.0653013606420069,0.852335832854669,-0.584930691898891,0.640871917981559,0.963784894223848,"Northiaden","C18 H19 N S",281.12652,282.1338,5.995,16.047606150717,14.9078295751004,14.4342847158071,"Monotonic decrease"
"Com_17439_neg",-0.140071847850745,0.0754378242555851,0.914473690402741,-0.284564810006672,0.1067861047547,0.97424634381184,-0.305391660255523,0.0700986479357111,0.852335832854669,-0.0208268502488502,0.850888800732806,0.986938771581683,"S-Sulfo-L-cysteine","C3 H7 N O5 S2",200.97712,199.96984,1.293,24.2196471304715,24.0732052689753,24.0227769671936,"Monotonic decrease"
"Com_18438_pos",-0.139876458181551,0.0758502421023475,0.914473690402741,0.124502579808605,0.542336717095599,0.97424634381184,-0.139139382987896,0.0637637270113597,0.852335832854669,-0.263641962796502,0.419299513170107,0.952814429510526,"5,6-diphenyl-3-(2-pyridyl)-1,2,4-triazine","C20 H14 N4",310.12046,311.12774,6.214,22.0851141406268,21.7961812932828,21.3896856195098,"Monotonic decrease"
"Com_17116_neg",0.13978627833423,0.0760412024733586,0.914473690402741,0.166261849978415,0.463500610105271,0.97424634381184,0.395930590321753,0.0726036284368599,0.853691015686155,0.229668740343338,0.411326283922083,0.952814429510526,"2-(3,4-dimethoxyphenyl)-N-(4-morpholinophenyl)acetamide","C20 H24 N2 O4",356.16789,355.16061,6.352,21.2109779903104,21.8937052962608,21.7652811759832,"MCI-associated increase"
"Com_97_pos",0.139666038537803,0.0762964204404232,0.914473690402741,-1.79650361082673,0.940263580611887,0.998265352641438,-2.01704597321886,0.0653013606420069,0.852335832854669,-0.220542362392127,0.109299540920766,0.914281594941658,"3,4-Dimethoxyphenethylamine (DMPEA)","C10 H15 N O2",181.10964,385.20805,5.324,11.5703895777809,11.2048176294085,12.115452677358,"MCI-associated decrease"
"Com_12125_pos",-0.139485678843161,0.0766805445186962,0.914473690402741,-0.20951693916386,0.162182920032768,0.97424634381184,-0.067927618035189,0.115974333342823,0.933026591555043,0.141589321128671,0.508338548074027,0.952814429510526,"1-(2,4-diphenyl-2,3-dihydro-1H-1,5-benzodiazepin-1-yl)propan-1-one","C24 H22 N2 O",376.14916,377.15643,6.584,21.27495044299,20.4076119808551,20.1401542083753,"Monotonic decrease"
"Com_18117_neg",-0.139230169275753,0.0772273922501683,0.914473690402741,-0.21561927148435,0.139953502608127,0.97424634381184,-0.326787863893149,0.0796434247466718,0.87169705882838,-0.111168592408799,0.938952675204792,1,"10-Hydroxydecanoic acid","C10 H20 O3",188.14166,187.13439,6.272,22.8536139555892,22.5988536337279,22.5659291734704,"Monotonic decrease"
"Com_8521_pos",-0.138644000268169,0.0784938226539175,0.914473690402741,0.173652220553121,0.806948197205095,0.998265352641438,-0.0898767087818886,0.0579092980637107,0.852335832854669,-0.263528929335009,0.109299540920766,0.914281594941658,"Homogentisic Acid","C8 H8 O4",168.04308,151.03979,5.715,24.3342135548953,24.5206218141113,24.0357123843942,"MCI-associated increase"
"Com_2955_neg",-0.138463640573528,0.0788868443994939,0.914473690402741,-0.436573648738839,0.976606351715882,0.998265352641438,-0.811064301602954,0.0892129176663311,0.883439782296103,-0.374490652864115,0.060129203693256,0.85216222452694,"1,3,7-Trimethyluric acid","C8 H10 N4 O3",210.0758,209.06852,5.243,16.408103616304,16.3686313848423,15.8429436884682,"Monotonic decrease"
"Com_1830_pos",-0.138290795866163,0.0792649768142858,0.914473690402741,0.106808992823563,0.212071246797705,0.97424634381184,-0.196341078358241,0.0892129176663311,0.883439782296103,-0.303150071181804,0.665982645222812,0.973499221842089,"4-methoxy-6-(prop-2-en-1-yl)-2H-1,3-benzodioxole","C11 H12 O3",192.0797,193.08702,5.51,25.016473200528,24.7956251970772,24.4570053358362,"Monotonic decrease"
"Com_26130_pos",0.138223160980673,0.0794133385479273,0.914473690402741,-0.0301565216718121,0.761880321625298,0.992345641070078,0.733375971802922,0.0796434247466718,0.87169705882838,0.763532493474734,0.0420507479399882,0.769968157118732,"Rauwolscine","C21 H26 N2 O3",354.19678,355.20406,5.464,20.1370090195068,20.2863238148859,20.5331965474479,"Monotonic increase"
"Com_5182_pos",-0.138035286298755,0.0798266282795253,0.914473690402741,-0.645822544354255,0.0450922969269725,0.97424634381184,-0.497856571080937,0.0796434247466718,0.87169705882838,0.147965973273318,0.572785775880501,0.955117225188735,"Puerarin","C21 H20 O9",416.11277,417.12004,5.268,15.7226140658709,15.1476280496943,15.1445621813901,"Monotonic decrease"
"Com_2179_pos",-0.137930076476881,0.080058825862473,0.914473690402741,-0.096307942318373,0.618128522544186,0.97424634381184,-0.531066558158644,0.0824224066345776,0.87169705882838,-0.434758615840271,0.247780744473925,0.926123611056224,"Methylhippuric acid","C10 H11 N O3",193.07496,194.08227,5.501,26.3180168179332,26.131887426728,25.8509988606985,"Monotonic decrease"
"Com_35474_pos",0.137652021947642,0.0806751086801271,0.914473690402741,0.417675682902475,0.0972320462968156,0.97424634381184,0.930634661428013,0.0975177240770062,0.899516937606867,0.512958978525539,0.955581507321733,1,"1-(2-methoxy-4-nitrophenyl)pyrrolidine","C11 H14 N2 O3",222.09924,223.10652,4.78,15.8418482885479,16.8490447578899,17.0206166175709,"Monotonic increase"
"Com_25790_neg",0.137531782151215,0.0809427886590923,0.914473690402741,0.56620034759841,0.395108310315354,0.97424634381184,0.27658024140651,0.0709256407829743,0.852701524020028,-0.2896201061919,0.577533499716926,0.955117225188735,"Xanthohumol","C21 H22 O5",354.14432,353.13705,5.234,21.0941461703267,21.5014692881046,21.44316124939,"MCI-associated increase"
"Com_1508_pos",0.13735893744385,0.0813288295490923,0.914473690402741,-0.470067910376598,0.180531663020727,0.97424634381184,4.21451063631222,0.0600501029021274,0.852335832854669,4.68457854668882,0.00491114035915132,0.696884579367964,"2-[4-(methylsulfonimidoyl)phenoxy]-5-nitropyridine","C12 H11 N3 O4 S",293.04811,294.05539,5.464,17.2303658014044,17.2503435540036,17.5985169179911,"Monotonic increase"
"Com_27961_neg",-0.136419564034261,0.0834528318805681,0.914473690402741,-0.218640680348885,0.250084447224309,0.97424634381184,-0.243609709529348,0.0833660178571709,0.87169705882838,-0.0249690291804628,0.712122795096669,0.975261360435008,"tetranor-PGFM","C16 H26 O7",156.07933,155.07137,5.634,22.7298592182336,22.7167035805742,22.5374076261994,"Monotonic decrease"
"Com_16341_neg",0.136344414161493,0.0836246568797535,0.914473690402741,0.0632499427253482,0.377251420655644,0.97424634381184,0.222711911260776,0.0922578556765825,0.885344444609357,0.159461968535428,0.427362915331838,0.952814429510526,"D-Raffinose","C18 H32 O16",504.17003,539.13937,1.369,21.6382020077946,21.7249083399173,21.8039534057493,"Monotonic increase"
"Com_2228_pos",0.136239204339619,0.083865688516276,0.914473690402741,-3.75241223666151,0.346387458950286,0.97424634381184,-0.831242478034715,0.0676650357729612,0.852335832854669,2.9211697586268,0.0139820858343159,0.696884579367964,"N-Acetyl-DL-phenylalanine","C11 H13 N O3",207.08908,208.09636,5.893,12.9948532677198,12.9396806120955,13.4077735460299,"MCI-associated decrease"
"Com_12314_pos",0.136103934568638,0.0841764046601493,0.914473690402741,0.0982116600550813,0.115554468319167,0.97424634381184,0.356766384616273,0.0902187730101689,0.883439782296103,0.258554724561192,0.988889993758403,1,"Dibutyl sebacate","C18 H34 O4",314.24698,337.23621,7.26,21.0671623071044,21.2562525539981,21.1500249841952,"MCI-associated increase"
"Com_36812_pos",0.136021269708594,0.084366740651319,0.914473690402741,-0.700820256870134,0.200379096595323,0.97424634381184,0.109218865646174,0.0653013606420069,0.852335832854669,0.810039122516307,0.00535350572023478,0.696884579367964,"2-(4,4-diphenyl-1-piperidinobuta-1,3-dienyl)phenyl acetate","C29 H29 N O2",423.21798,446.20764,5.895,19.6956351578906,19.3915426456977,20.0233528395202,"MCI-associated decrease"
"Com_1745_neg",-0.136013754721318,0.084384061016309,0.914473690402741,-0.165523186112361,0.0235465506679817,0.97424634381184,0.0312196166982509,0.109932921466425,0.921700316658054,0.196742802810612,0.591886711568426,0.955684897603873,"L-Histidine","C6 H9 N3 O2",155.06958,154.0623,1.239,27.3605718218261,26.6915772600848,27.0443996810992,"MCI-associated decrease"
"Com_19445_pos",-0.13591605988672,0.0846094852377235,0.914473690402741,-0.694120393767852,0.015764370042935,0.97424634381184,-0.644749004476543,0.0843183603633059,0.87169705882838,0.0493713892913088,0.293111309450327,0.946090802750678,"Spiculisporic Acid","C17 H28 O6",328.18764,329.19492,1.434,21.1452754576157,20.735830356567,20.9584032041721,"MCI-associated decrease"
"Com_21225_pos",-0.135592915433822,0.0853585592641271,0.914473690402741,-0.465681454285393,0.0998892958262463,0.97424634381184,-0.468444017331617,0.0892129176663311,0.883439782296103,-0.00276256304622372,0.894758563045729,0.994037609026979,"8-(1,2-dihydroxy-3-methylbut-3-en-1-yl)-7-methoxy-2H-chromen-2-one","C15 H16 O5",276.09872,277.106,6.744,20.3897817636493,19.7817030781004,20.0014192610888,"MCI-associated decrease"
"Com_9066_pos",-0.135570370471991,0.0854110178037267,0.914473690402741,0.0117414604185186,0.108209730669385,0.97424634381184,0.143891033620464,0.107587129157275,0.921700316658054,0.132149573201945,0.88375547915513,0.992254315525697,"Esculetin","C9 H6 O4",178.02747,179.03474,5.228,21.6240925178847,21.325254905733,21.2995274636354,"Monotonic decrease"
"Com_859_pos",0.135480190624671,0.0856211101818447,0.914473690402741,0.766668773923785,0.4209494251512,0.97424634381184,1.19440733739289,0.0760571031398437,0.865756386804604,0.427738563469105,0.549329305837179,0.955117225188735,"Riboflavin","C17 H20 N4 O6",376.13788,377.14512,5.313,18.349060571284,18.5749685687889,19.3507604216154,"Monotonic increase"
"Com_2558_neg",-0.135337405866413,0.0859546024187162,0.914473690402741,-0.0460618303600662,0.202679061120528,0.97424634381184,-0.0468243960411121,0.0862494535975775,0.878923003327695,-0.000762565681045953,0.823693934159739,0.985419326780897,"Epinephrine","C9 H13 N O3",183.08985,182.08259,5.599,24.7661092033928,24.2378216418326,24.0172396524436,"Monotonic decrease"
"Com_2636_pos",0.135187106120879,0.0863067692047288,0.914473690402741,1.11201206419785,0.742096648392106,0.992345641070078,1.48099678193542,0.0814874731009201,0.87169705882838,0.368984717737563,0.228398975418956,0.926123611056224,"Etiocholanolone","C19 H30 O2",272.21516,273.22244,6.963,22.1807066815544,22.1472051025357,22.4460803485338,"MCI-associated decrease"
"Com_24899_pos",0.135179591133602,0.0863244078032425,0.914473690402741,-0.569480473613424,0.487684458553608,0.97424634381184,0.218500020593292,0.0668694437982578,0.852335832854669,0.787980494206716,0.0342966781032929,0.747298373617141,"3-[3,5-bis(trifluoromethyl)phenyl]-N'-hydroxyprop-2-enimidamide","C11 H8 F6 N2 O",280.04313,281.05023,5.87,19.9505696028634,19.7345202547463,20.3281551017121,"MCI-associated decrease"
"Com_40965_neg",-0.134999231438961,0.0867486000900312,0.914473690402741,0.0836218624476829,0.314038811796066,0.97424634381184,-0.804800866543394,0.0902187730101689,0.883439782296103,-0.888422728991078,0.572785775880501,0.955117225188735,"N-Lauroylsarcosine","C15 H29 N O3",271.21611,270.20883,7.775,17.3596283434384,17.2104244360518,17.1653561969424,"Monotonic decrease"
"Com_8400_pos",-0.134833901718873,0.0871389059613301,0.914473690402741,0.2376015767483,0.976606351715882,0.998265352641438,-0.153064336335209,0.0734547297067364,0.854310443328348,-0.390665913083509,0.14181541315194,0.926123611056224,"4-[1,2,4]triazolo[4,3-b]pyridazin-6-ylthiomorpholine","C9 H11 N5 S",221.06975,222.07703,5.469,23.0428626227557,23.1592987245044,22.8630813878224,"MCI-associated increase"
"Com_519_neg",-0.134773781820659,0.0872811829708373,0.914473690402741,-0.0763765233853467,0.272198767366916,0.97424634381184,-0.206344667569102,0.0943337905200993,0.88541364786409,-0.129968144183755,0.611274949976389,0.957584933101451,"2-Furoic acid","C5 H4 O3",112.01555,111.00827,1.558,29.1488120738931,28.9710344461026,28.97337502709,"MCI-associated decrease"
"Com_5487_pos",-0.134510757265974,0.0879058296134712,0.914473690402741,-0.49732223455254,0.862899385969575,0.998265352641438,-0.676815147465421,0.074313973668535,0.859631911625216,-0.17949291291288,0.103270896166223,0.914281594941658,"Quinoline-4-carboxylic acid","C10 H7 N O2",173.04762,369.08347,5.174,19.8878480347129,20.2317591320337,19.071541383544,"MCI-associated increase"
"Com_31405_pos",0.134255247698566,0.0885160439494681,0.914473690402741,-0.141329802858767,0.0628244734866239,0.97424634381184,-0.0388696816890531,0.100786971990956,0.913915762968839,0.102460121169714,0.780631974791441,0.982684488895692,"(±)5(6)-DiHET","C20 H34 O4",320.23424,321.24152,8.631,17.6493239530587,17.8556254497242,17.8360970904317,"MCI-associated increase"
"Com_22951_neg",0.134142522889415,0.0887863291288025,0.914473690402741,0.366249324584713,0.121707891339525,0.97424634381184,0.545913914335324,0.0872283114941113,0.883439782296103,0.179664589750611,0.905781933459163,0.994037609026979,"2,3-Dinor prostaglandin E1","C18 H30 O5",308.20044,307.19316,7.295,19.7143007599725,20.0787773554508,20.0642907360255,"MCI-associated increase"
"Com_10205_neg",-0.134014768105711,0.0890934483009809,0.914473690402741,-0.108843041635132,0.703047950925009,0.986572206543947,-0.269529887712828,0.0852794877470942,0.877394729705681,-0.160686846077696,0.250640861950463,0.926123611056224,"3-Methylindole","C9 H9 N",131.07314,130.06588,5.651,24.3063778569087,24.3915958177165,24.1859119912333,"MCI-associated increase"
"Com_48502_pos",0.13392458825839,0.0893107482683051,0.914473690402741,0.396859726230067,0.0417127689738406,0.97424634381184,0.019624083790169,0.113527178266476,0.923757268023797,-0.377235642439898,0.738232666470675,0.975261360435008,"Sodium cholate","C24 H39 Na O5",430.27138,431.27866,6.982,17.5028728187116,18.1119371352393,17.7709223330635,"MCI-associated increase"
"Com_2085_pos",-0.13344362907268,0.0904768321490615,0.918953451398881,-0.0456764304240404,0.500027031819513,0.97424634381184,-0.390753671593485,0.0862494535975775,0.878923003327695,-0.345077241169444,0.419299513170107,0.952814429510526,"Methionine","C5 H11 N O2 S",149.04707,321.08292,2.005,23.7944265551644,23.4586662939395,23.5804453834523,"MCI-associated decrease"
"Com_20003_pos",-0.13335344922536,0.0906968177082308,0.918953451398881,0.19862744415863,0.0628244734866239,0.97424634381184,-0.280329493600411,0.100786971990956,0.913915762968839,-0.478956937759041,0.748763745418092,0.975261360435008,"Citrinin","C13 H14 O5",250.08503,251.09233,5.077,19.0157556715028,18.6467905047915,18.7016685583565,"MCI-associated decrease"
"Com_28071_pos",0.132947639912417,0.0916920316729321,0.918953451398881,0.377860400250788,0.4361508056837,0.97424634381184,0.139569661894292,0.0700986479357111,0.852335832854669,-0.238290738356496,0.0303644918620046,0.731469721647179,"1-(4-nitrophenyl)-1H-indole","C14 H10 N2 O2",238.07311,239.08038,5.91,19.7212354690587,19.5089399454505,20.1266385679589,"MCI-associated decrease"
"Com_1031_pos",0.132804855154159,0.0920442599276012,0.918953451398881,0.0178541401363359,0.992201123863709,0.998265352641438,4.48414017040115,0.0676650357729612,0.852335832854669,4.46628603026481,0.210122011809528,0.926123611056224,"Gelsemine","C20 H22 N2 O2",322.16984,323.17712,5.418,17.755878917342,17.925605197361,18.1177503729563,"Monotonic increase"
"Com_8175_pos",0.132714675306839,0.0922672740822763,0.918953451398881,-0.876623693872321,0.4209494251512,0.97424634381184,-1.1924839656668,0.0760571031398437,0.865756386804604,-0.315860271794475,0.0223913105205037,0.722958425153893,"Nobiletin","C21 H22 O8",424.1185,425.12577,5.503,17.4389091228645,17.4991155276242,17.7276430919752,"Monotonic increase"
"Com_30211_neg",-0.132263776070236,0.0933888006684874,0.918953451398881,0.0494646714802427,0.929899426345924,0.998265352641438,-0.481314358827581,0.0932911898813863,0.88541364786409,-0.530779030307823,0.130829628579088,0.926123611056224,"2-Phosphoglyceric acid","C3 H7 O7 P",185.99333,184.98605,1.297,20.961278307631,20.9805493079438,20.7067768207419,"MCI-associated increase"
"Com_5622_pos",-0.132023296477381,0.093991363179709,0.918953451398881,-1.55709941372982,0.0472287275743189,0.97424634381184,-1.86211270161925,0.0964470043692459,0.893491728788685,-0.305013287889437,0.563346299056561,0.955117225188735,"Morphine-3-glucuronide","C23 H27 N O9",461.17042,462.1777,1.407,19.8325263507169,19.5541538197688,19.6660212708096,"MCI-associated decrease"
"Com_1516_pos",-0.131918086655507,0.0942559535087542,0.918953451398881,-0.444079029008638,0.180531663020727,0.97424634381184,-0.0922874745062421,0.113527178266476,0.923757268023797,0.351791554502396,0.727750480169092,0.975261360435008,"α-Pinene-2-oxide","C10 H16 O",152.12076,153.12807,5.78,24.749563800664,24.5416288698061,24.5388890696252,"Monotonic decrease"
"Com_9642_pos",-0.131722696986312,0.0947489045460122,0.918953451398881,-0.374037779732852,0.0423709700232406,0.97424634381184,-0.330424075733015,0.10414296552514,0.921700316658054,0.0436137039998371,0.587084129010093,0.955684897603873,"EQH","C16 H24 N6 O7",394.16226,395.16954,6.685,24.752355241205,24.3589335188445,24.5484729271045,"MCI-associated decrease"
"Com_1535_pos",-0.131602457189884,0.0950532747434052,0.918953451398881,-0.133578748011736,0.333201642273085,0.97424634381184,-0.233600341750538,0.0964470043692459,0.893491728788685,-0.100021593738801,0.591886711568426,0.955684897603873,"Tetrahydrocortisone","C21 H32 O5",346.21592,347.2232,5.958,28.5881779046039,28.5023148672237,28.4364672752571,"Monotonic decrease"
"Com_353_pos",0.13151979232984,0.0952629789569848,0.918953451398881,-0.0642967874548985,0.83227637630576,0.998265352641438,6.00691653382861,0.0676650357729612,0.852335832854669,6.07121332128351,0.155512404291569,0.926123611056224,"EMH","C16 H25 N5 O6 S",415.1551,416.16238,5.874,20.0755850463733,19.9162148928545,20.4602513796727,"MCI-associated decrease"
"Com_154_pos",-0.13142961248252,0.0954921656384295,0.918953451398881,0.211061338347752,0.471486819309996,0.97424634381184,0.0891160780934202,0.0814874731009201,0.87169705882838,-0.121945260254332,0.553982474057716,0.955117225188735,"Guanidineacetic acid","C3 H7 N3 O2",117.05463,118.06191,1.306,29.0484894850103,28.7399316646779,28.7585711573947,"MCI-associated decrease"
"Com_1374_pos",-0.131361977597029,0.0956643425005966,0.918953451398881,0.187666023035106,0.66004076709954,0.978176760105966,0.699532913577673,0.0692795848618444,0.852335832854669,0.511866890542567,0.481930319951778,0.952814429510526,"4-Methoxybenzaldehyde","C8 H8 O2",153.07966,154.08698,5.555,24.0525988426434,24.0686584093716,23.8519427071639,"MCI-associated increase"
"Com_779_neg",-0.131324402660646,0.0957601026457712,0.918953451398881,-0.233872920025569,0.608974903493647,0.97424634381184,-0.411316438778709,0.0833660178571709,0.87169705882838,-0.17744351875314,0.395652383845635,0.952814429510526,"Suberic acid","C8 H14 O4",174.08937,173.08207,5.648,28.5626825623371,28.7902738357467,28.4594595906686,"MCI-associated increase"
"Com_5027_neg",-0.130182124594585,0.0987076608411719,0.932712541019697,0.121347431869797,0.314038811796066,0.97424634381184,-0.219632863766717,0.0912337345268406,0.883439782296103,-0.340980295636514,0.722528284052316,0.975261360435008,"Homovanillic acid","C9 H10 O4",182.05817,181.05089,4.723,24.5481692378227,24.2880777631633,24.2719294999075,"Monotonic decrease"
"Com_10548_pos",0.13005436981088,0.0990417352928909,0.932712541019697,-0.210139490723099,0.56414129164058,0.97424634381184,1.71893045849251,0.0843183603633059,0.87169705882838,1.92906994921561,0.0420507479399882,0.769968157118732,"5-(4-methylphenyl)-2-phenyl-6H-1,3-thiazin-6-one","C17 H13 N O S",279.06761,280.07489,5.551,20.0155737796866,20.1055338745083,20.3531134453369,"Monotonic increase"
"Com_8093_pos",0.129949159989006,0.0993175261021757,0.932712541019697,-0.479603082923855,0.935080128178475,0.998265352641438,0.0907185872510602,0.0637637270113597,0.852335832854669,0.570321670174915,0.347257311765429,0.952814429510526,"4,7-dimethoxy-1H-phenalen-1-one","C15 H12 O3",240.0799,241.08718,5.766,18.2858448921949,18.607287819677,18.7984078993304,"Monotonic increase"
"Com_1715_neg",-0.129874010116239,0.0995148909094072,0.932712541019697,-0.620167514615547,0.0779535097686971,0.97424634381184,-0.566105661504344,0.109932921466425,0.921700316658054,0.054061853111203,0.796709153380386,0.982684488895692,"Lactitol","C12 H24 O11",344.13178,343.12397,5.566,25.4258007364349,25.0711839979832,25.0788952938216,"MCI-associated decrease"
"Com_2953_neg",-0.12943814085419,0.100665725867779,0.932712541019697,-0.408407080780363,0.857779916506537,0.998265352641438,-0.597122972815455,0.108755022125491,0.921700316658054,-0.188715892035092,0.0591862351519896,0.85216222452694,"2,4-Dihydroxybenzoic acid","C7 H6 O4",154.0265,153.0192,5.004,22.900076436873,23.0309636062637,22.4792757373014,"MCI-associated increase"
"Com_1390_pos",0.129287841108655,0.101064992701945,0.932712541019697,-1.86927999686347,0.817056781514819,0.998265352641438,1.36887497147299,0.0996876548362702,0.911673424571018,3.23815496833646,0.0681300176363369,0.867791165027521,"9-Aminoacridine, monohydrochloride, monohydrate","C13 H10 N2",194.08536,195.09263,5.49,12.6669774659756,12.8045466081098,13.1928769260948,"Monotonic increase"
"Com_17464_pos",0.12906990647763,0.101646148135878,0.932712541019697,-0.409313870207139,0.32352777393429,0.97424634381184,0.515148851933563,0.0734547297067364,0.854310443328348,0.924462722140702,0.0228040758511502,0.722958425153893,"Berberine","C20 H17 N O4",335.11739,336.12467,5.479,19.8849200240522,19.9218754002541,20.191134917822,"Monotonic increase"
"Com_558_pos",-0.12902481655397,0.10176671562868,0.932712541019697,1.9318297304798,0.786829057503247,0.998265352641438,-0.349299748854048,0.0922578556765825,0.885344444609357,-2.28112947933385,0.253523947290226,0.926123611056224,"Edaravone","C10 H10 N2 O",174.08008,175.08737,5.417,22.2935432110711,22.4604896763116,22.0890019966143,"MCI-associated increase"
"Com_27424_pos",0.128942151693926,0.10198804892722,0.932712541019697,1.05173868255367,0.00602051705866525,0.906545585253139,0.710527183773876,0.128837280692999,0.934616205705144,-0.341211498779799,0.233823020507902,0.926123611056224,"7-{[(2E)-3,7-dimethylocta-2,6-dien-1-yl]oxy}-2H-chromen-2-one","C19 H22 O3",298.15597,299.16324,6.983,19.3856557405007,20.2952526935298,19.9831089480227,"MCI-associated increase"
"Com_9848_pos",-0.128836941872052,0.102270294593144,0.932712541019697,-0.580206220837129,0.212071246797705,0.97424634381184,-0.469942643790688,0.108755022125491,0.921700316658054,0.110263577046441,0.802087812429697,0.983085864031817,"13,14-Dihydro-15-keto Prostaglandin E2","C20 H32 O5",369.25315,370.26043,5.734,22.8016355390074,22.6023866524153,22.750647067186,"MCI-associated decrease"
"Com_1689_pos",-0.128641552202858,0.102796098302943,0.932712541019697,0.0925413922633995,0.475508201793893,0.97424634381184,-0.316558921700624,0.0912337345268406,0.883439782296103,-0.409100313964023,0.540081186091507,0.955117225188735,"Coumarin","C9 H6 O2",146.0375,147.04478,5.256,26.3549772319875,26.1619706758708,26.0381884285318,"Monotonic decrease"
"Com_22664_pos",-0.128468707495493,0.10326300570074,0.932712541019697,-0.69682302840817,0.0566441747689289,0.97424634381184,-0.604558852717234,0.120992857426959,0.934616205705144,0.0922641756909366,0.722528284052316,0.975261360435008,"Bz-RS-ISer(3-Ph)-Ome","C17 H17 N O4",299.11603,300.12325,5.866,18.5854284842745,18.2244231129743,18.2698937222793,"MCI-associated decrease"
"Com_25461_pos",0.128355982686342,0.103568409242576,0.932712541019697,-0.664634712182726,0.242124341114465,0.97424634381184,-0.261699233987756,0.0796434247466718,0.87169705882838,0.40293547819497,0.0108269711189201,0.696884579367964,"2-{[2-oxo-2-(3-pyridylamino)ethyl]thio}acetic acid","C9 H10 N2 O3 S",248.02533,249.03261,5.902,20.2440623151432,19.9441939838396,20.6037783967434,"MCI-associated decrease"
"Com_9841_pos",-0.128333437724512,0.103629575202712,0.932712541019697,-0.175477260986112,0.236917645038447,0.97424634381184,-0.278659606423124,0.105281153266997,0.921700316658054,-0.103182345437011,0.796709153380386,0.982684488895692,"Leucylproline","C11 H20 N2 O3",228.14838,229.15566,5.384,24.987593286193,24.8254712120008,24.816479420086,"Monotonic decrease"
"Com_10504_pos",-0.128295862788128,0.103731581664807,0.932712541019697,-0.194153963092137,0.148912832532712,0.97424634381184,-0.236030931307197,0.111120879298027,0.921700316658054,-0.0418769682150593,0.972229695919683,1,"6-methyl-7-nitro-2,3-dihydro-1,4-benzodioxine","C9 H9 N O4",177.04356,178.05084,5.13,23.5967875141553,23.3831746641612,23.4011481956121,"MCI-associated decrease"
"Com_26377_pos",-0.127912598437016,0.104776568088251,0.937710208688604,-0.217643264577091,0.202679061120528,0.97424634381184,-0.708282756389792,0.0943337905200993,0.88541364786409,-0.4906394918127,1,1,"3,3-dimethyl-5-oxo-5-(2-piperidinoanilino)pentanoic acid","C18 H26 N2 O3",318.19911,319.20639,6.789,20.6919449703649,20.0917080133851,20.0239344909234,"Monotonic decrease"
"Com_6218_pos",-0.127694663805991,0.105374457967045,0.937710208688604,-0.127683526184557,0.776821692720023,0.998265352641438,-0.158465108074885,0.0912337345268406,0.883439782296103,-0.0307815818903283,0.293111309450327,0.946090802750678,"5-acetyl-2,6-dimethyl-1,2,3,4-tetrahydropyridin-4-one","C9 H13 N O2",149.08477,150.09209,5.627,23.4123247484622,23.50352028245,23.1406266495086,"MCI-associated increase"
"Com_5078_pos",0.127611998945947,0.105601944062595,0.937710208688604,0.11513643784786,0.21446766914769,0.97424634381184,0.164893820252796,0.111120879298027,0.921700316658054,0.0497573824049363,0.818279173936408,0.983773838328041,"DL-3,4-Dihydroxyphenyl glycol","C8 H10 O4",170.05851,153.05522,3.864,26.5019626966393,26.4584210723687,26.5746749313426,"MCI-associated decrease"
"Com_29001_neg",-0.127371519353092,0.106265916666791,0.938223470112113,-0.293419876533803,0.608974903493647,0.97424634381184,0.423468562308637,0.111120879298027,0.921700316658054,0.71688843884244,0.299551364204597,0.947377138639377,"5-Hydroxylysine","C6 H14 N2 O3",162.10064,161.09336,1.113,20.0506142117855,20.1043779814976,19.7812859708586,"MCI-associated increase"
"Com_839_pos",0.127273824518495,0.106536590297777,0.938223470112113,-2.35609324056489,0.424720330369171,0.97424634381184,-0.829502054659853,0.0805611636656308,0.87169705882838,1.52659118590504,0.03611066971292,0.747298373617141,"MJN110","C22 H21 Cl2 N3 O4",483.07774,484.08502,5.879,12.1479301001828,11.9586809790943,12.6098093940427,"MCI-associated decrease"
"Com_45104_neg",-0.126860500218275,0.10768774252678,0.944474463144712,-0.58795877510722,0.363330302633665,0.97424634381184,-0.656290784909444,0.0985979232032583,0.905577492081429,-0.0683320098022239,0.681233164972313,0.973840329352538,"3-(2-naphthyl)-5-(trifluoromethyl)-1H-pyrazole","C14 H9 F3 N2",262.0759,261.06862,7.089,17.7813151302984,17.3879890035441,17.4523649093232,"MCI-associated decrease"
"Com_19708_pos",-0.126349481083459,0.109124447406438,0.949293973373079,0.00331983180783181,0.698219038274619,0.986572206543947,-0.234189621980841,0.107587129157275,0.921700316658054,-0.237509453788672,0.0496004475551116,0.792126550507007,"4-Ethylbenzaldehyde","C9 H10 O",151.10046,152.1077,5.505,23.3386400335027,23.3918713390767,22.8104008387567,"MCI-associated increase"
"Com_6436_pos",0.126349481083459,0.109124447406438,0.949293973373079,-0.27690695668421,0.346387458950286,0.97424634381184,1.41587410649231,0.0814874731009201,0.87169705882838,1.69278106317652,0.0258828850473204,0.722958425153893,"5-chloro-3-phenylbenzo[c]isoxazole","C13 H8 Cl N O",229.03096,230.03824,5.899,21.1040588614164,20.8621870169815,21.548226329965,"MCI-associated decrease"
"Com_48700_pos",0.12607142655422,0.109912467514805,0.950517392993332,0.216721932179637,0.141711369422499,0.97424634381184,0.415182543842988,0.137071270943651,0.9424809222344,0.198460611663351,0.850888800732806,0.986938771581683,"2-(methylthio)-5-[(5-nitro-1,3-thiazol-2-yl)thio]-1,3,4-thiadiazole","C6 H4 N4 O2 S4",291.9216,292.92897,1.164,18.7441683330454,19.231902610863,18.9818599119596,"MCI-associated increase"
"Com_21272_neg",0.125981246706899,0.110168996019331,0.950517392993332,-0.9302668410541,0.391496632710145,0.97424634381184,0.256973824972153,0.108755022125491,0.921700316658054,1.18724066602625,0.577533499716926,0.955117225188735,"LPG 16:0","C22 H45 O9 P",484.28349,483.27621,11.092,16.2459481702144,16.3542611204079,16.4050201636015,"Monotonic increase"
"Com_4996_neg",-0.125830946961365,0.110597584511841,0.950517392993332,-0.186089910919299,0.475508201793893,0.97424634381184,-0.344802969086365,0.131538131917957,0.9424809222344,-0.158713058167066,0.33315821936716,0.952814429510526,"6-Hydroxymelatonin","C13 H16 N2 O3",248.11686,229.09898,5.565,24.8587864310721,24.7376802393609,24.6223822033622,"Monotonic decrease"
"Com_5243_pos",-0.12554537744485,0.111415495094982,0.953716638013047,0.364690426369733,0.212071246797705,0.97424634381184,-0.0703434591110197,0.0814874731009201,0.87169705882838,-0.435033885480752,0.0112669145983051,0.696884579367964,"DL-Arginine","C6 H14 N4 O2",174.11267,175.11994,1.252,25.1005274718804,25.2552940210867,24.7720956331746,"MCI-associated increase"
"Com_30214_pos",0.125147083119184,0.112564152624936,0.956826203316494,0.357755397401022,0.123285591597705,0.97424634381184,0.444045288095966,0.128837280692999,0.934616205705144,0.0862898906949442,0.988889993758403,1,"Dehydrocholic acid","C24 H34 O5",402.24247,403.24987,6.026,22.4103515172281,22.9516447853389,22.7662776566165,"MCI-associated increase"
"Com_9733_pos",-0.1251095081828,0.112672992166241,0.956826203316494,-2.68631681851146,0.0205266450577554,0.97424634381184,-2.05881334247132,0.108755022125491,0.921700316658054,0.627503476040136,0.265286810082928,0.926123611056224,"Willardiine","C7 H9 N3 O4",199.06062,200.0679,1.546,15.5474543511599,15.3300191113952,15.3400363276265,"MCI-associated decrease"
"Com_1018_pos",-0.12462854899709,0.114073407133992,0.964889688801351,-0.288732875820788,0.83227637630576,0.998265352641438,-0.237957720997191,0.109932921466425,0.921700316658054,0.0507751548235971,0.217821042510308,0.926123611056224,"Hexanoylcarnitine","C13 H25 N O4",259.17963,260.1869,5.442,26.3695515330985,26.3400230188845,26.0908418890836,"Monotonic decrease"
"Com_28310_neg",-0.124373039429682,0.114822878816008,0.967405356953765,-0.278871278983084,0.168135920983324,0.97424634381184,-0.345628169505827,0.126179716954264,0.934616205705144,-0.0667568905227434,0.922350421507559,1,"Jasmonic acid","C12 H18 O3",210.12602,209.11874,6.724,21.4524224997125,21.2029781873814,21.0863076937801,"Monotonic decrease"
"Com_50352_pos",0.123914625205802,0.116177131580528,0.9717260777547,0.0636286536743105,0.356491880867446,0.97424634381184,0.277361074889982,0.0882161150017066,0.883439782296103,0.213732421215672,0.0282963924158328,0.725125110652193,"6-(2,3-dihydro-1,4-benzodioxin-6-yl)-2-mercaptonicotinonitrile","C14 H10 N2 O2 S",292.03252,293.03979,5.898,16.5256148389232,16.3223099333496,16.9290873006298,"MCI-associated decrease"
"Com_38534_pos",0.123726750523884,0.11673573197064,0.9717260777547,1.07607642895722,0.512533412985101,0.97424634381184,0.438344571528402,0.0943337905200993,0.88541364786409,-0.637731857428823,0.0487975766085124,0.792126550507007,"(1E)-1,7-bis(4-hydroxyphenyl)hept-1-en-3-one","C19 H20 O3",296.14235,297.14963,5.45,17.4511515117824,17.5870466460106,17.8115823064107,"Monotonic increase"
"Com_604_pos",-0.123591480752903,0.117139216491357,0.9717260777547,-0.456105194172012,0.533734081281277,0.97424634381184,-0.532367194761324,0.137071270943651,0.9424809222344,-0.0762620005893125,0.306085122476572,0.950685286066565,"Indole-3-acetic acid","C10 H9 N O2",175.06319,176.07111,5.72,27.1873481395892,27.1492298538358,26.9064944093478,"Monotonic decrease"
"Com_12396_pos",0.123433666020092,0.117611318326668,0.9717260777547,0.668614951037304,0.0344665079168424,0.97424634381184,0.395402207438355,0.123565042877045,0.934616205705144,-0.273212743598949,0.427362915331838,0.952814429510526,"SPB 16:1;2O","C16 H33 N O2",271.25223,272.25955,6.571,22.8375176431218,23.3510925761993,23.1730479658606,"MCI-associated increase"
"Com_3773_pos",-0.123403606070985,0.117701409956928,0.9717260777547,-0.0550722551772106,0.370250221899917,0.97424634381184,-0.365680648095094,0.119722571782264,0.934616205705144,-0.310608392917883,0.601545587417017,0.955684897603873,"4-Coumaric acid","C9 H8 O3",164.04815,165.05551,5.242,25.6421797477659,25.5020116311253,25.2884733851203,"Monotonic decrease"
"Com_52_pos",-0.123133066529023,0.118514650434463,0.9717260777547,0.0576803026948004,0.898885180907176,0.998265352641438,-0.298080349064007,0.0943337905200993,0.88541364786409,-0.355760651758807,0.289926386877085,0.946090802750678,"Hippuric acid","C9 H9 N O3",179.05902,180.06627,5.388,31.3210651935139,31.4677001471456,30.9873802958505,"MCI-associated increase"
"Com_22598_pos",-0.123110521567193,0.118582616999912,0.9717260777547,-0.0590577344325007,0.533734081281277,0.97424634381184,-0.344716165563725,0.115974333342823,0.933026591555043,-0.285658431131224,0.439625853937687,0.952814429510526,"2-deoxyglucose-6-phosphate","C6 H13 O8 P",244.03555,227.03262,5.253,22.2507809564203,22.1580389593766,21.7552567455381,"Monotonic decrease"
"Com_7492_pos",0.122982766783489,0.118968332883987,0.9717260777547,-2.32050790364542,0.234344184310947,0.97424634381184,-0.658788083468347,0.0912337345268406,0.883439782296103,1.66171982017708,0.0126834743737679,0.696884579367964,"YQH","C20 H26 N6 O6",446.19733,447.2048,5.629,19.948316680802,19.7323296311044,20.1884769111072,"MCI-associated decrease"
"Com_11392_pos",0.122749802177911,0.119674204175853,0.972123001018921,0.129835591958393,0.679026964522413,0.981173331585391,0.689841107616952,0.111120879298027,0.921700316658054,0.560005515658558,0.350840560608237,0.952814429510526,"2-(2,6-dihydroxyphenyl)-3,5,7-trihydroxy-4H-chromen-4-one","C15 H10 O7",302.04423,303.05151,5.297,21.4816201707193,21.5547078802432,21.6924844922346,"Monotonic increase"
"Com_6070_pos",0.122667137317867,0.119925454331306,0.972123001018921,0.383905765426625,0.384333650558935,0.97424634381184,0.271999744362744,0.112318947611637,0.923757268023797,-0.111906021063881,0.665982645222812,0.973499221842089,"pentane-1,2,3,4,5-pentol","C5 H12 O5",152.06947,175.0587,1.277,24.0950513490615,24.3172869030721,24.3331851292106,"Monotonic increase"
"Com_4062_neg",0.121998303450239,0.121973372264635,0.976296475254188,1.25943989321009,0.747027193565412,0.992345641070078,3.66782683543836,0.095385710923485,0.891377385922523,2.40838694222827,0.125590170649513,0.926123611056224,"3-(pyrazin-2-ylamino)-2-(2-thienylcarbonyl)acrylonitrile","C12 H8 N4 O S",256.03869,255.03141,6.982,11.4359630546149,11.5555758967552,11.8456256235849,"Monotonic increase"
"Com_17479_pos",0.121622554086403,0.123135710190583,0.976296475254188,1.87222024948502,0.209694232468759,0.97424634381184,1.85544060968837,0.109932921466425,0.921700316658054,-0.0167796397966547,0.944493022100843,1,"5-fluoro AB-PINACA N-(4-hydroxypentyl) metabolite","C18 H25 F N4 O3",386.1743,387.18157,6.577,16.2077955450579,16.5915446786521,16.3532380728685,"MCI-associated increase"
"Com_9669_pos",-0.121592494137296,0.12322906611454,0.976296475254188,-0.896106475508005,0.105377362325251,0.97424634381184,-1.21178561798254,0.135671434623809,0.9424809222344,-0.315679142474535,0.845434525219498,0.985419326780897,"2-methoxy-5-(1H-1,2,4-triazol-5-yl)-4-(trifluoromethyl)pyridine","C9 H7 F3 N4 O",244.05722,245.0645,4.876,15.3203631441465,14.8851100305933,14.5795476561888,"Monotonic decrease"
"Com_41276_pos",-0.121539889226359,0.123392570706056,0.976296475254188,-0.519391843253026,0.761880321625298,0.992345641070078,0.156705813355767,0.142782245229873,0.9424809222344,0.676097656608794,0.179032133159955,0.926123611056224,"2-morpholinophenyl 2-[(4-chlorophenyl)sulfanyl]nicotinate","C22 H19 Cl N2 O3 S",852.15832,427.08644,11.723,18.7238702332991,18.7196759996921,18.686634837018,"Monotonic decrease"
"Com_5077_pos",0.121524859251806,0.123439317107451,0.976296475254188,0.121500979777734,0.204998198444284,0.97424634381184,0.154579352457525,0.128837280692999,0.934616205705144,0.033078372679791,0.905781933459163,0.994037609026979,"Vanillin","C8 H8 O3",152.04808,153.05536,3.867,26.4510558316272,26.3967287324053,26.5173061241621,"MCI-associated decrease"
"Com_10738_pos",0.121201714798907,0.124447680896957,0.976296475254188,-0.0220027686255184,0.992201123863709,0.998265352641438,2.08070778208971,0.111120879298027,0.921700316658054,2.10271055071523,0.179032133159955,0.926123611056224,"Minocycline","C23 H27 N3 O7",457.1822,458.18948,5.143,13.6276739391107,13.6538226866626,13.7931912553989,"Monotonic increase"
"Com_48405_pos",-0.120810935460517,0.12567558620564,0.976296475254188,-0.965626201733264,0.00418384767196028,0.906545585253139,-0.7300921946214,0.157857536867928,0.9424809222344,0.235534007111863,0.157548444467026,0.926123611056224,"3-(3-morpholinopropyl)-2-(2-pyridinyl)-2,3-dihydro-4(1H)-quinazolinone","C20 H24 N4 O2",352.1884,353.19568,7.305,16.9459634418826,16.522626526957,16.7063213333971,"MCI-associated decrease"
"Com_5692_neg",-0.12075833054958,0.125841592808658,0.976296475254188,-0.0290243760308115,0.467484261734005,0.97424634381184,-0.195227082637554,0.127503112674468,0.934616205705144,-0.166202706606742,0.499452327221799,0.952814429510526,"2-[(1H-1,2,4-triazol-3-ylimino)methyl]phenol","C9 H8 N4 O",142.06356,187.06181,5.275,26.1715149374956,25.9185093638091,25.828060962802,"Monotonic decrease"
"Com_14626_pos",0.120720755613197,0.125960272522335,0.976296475254188,0.538450382917202,0.150756125760761,0.97424634381184,0.642138314257615,0.119722571782264,0.934616205705144,0.103687931340414,0.839987647721254,0.985419326780897,"Heroin-d3","C21 H20 [2]H3 N O5",350.19521,373.18427,5.886,20.7420372301521,21.0106780999868,21.06806868791,"Monotonic increase"
"Com_18868_pos",0.120638090753153,0.12622167188347,0.976296475254188,1.20419235770217,0.295615553766643,0.97424634381184,0.819906446628157,0.108755022125491,0.921700316658054,-0.384285911074017,0.922350421507559,1,"Poncirin","C28 H34 O14",594.1968,595.20408,5.379,20.809335976878,21.1309115298676,21.1009042905754,"MCI-associated increase"
"Com_46432_pos",-0.120570455867662,0.126435855198633,0.976296475254188,-0.282852811625737,0.0558040350387938,0.97424634381184,-0.53412822858894,0.137071270943651,0.9424809222344,-0.251275416963202,0.577533499716926,0.955117225188735,"8-(2,3-dihydroxy-3-methylbutyl)-7-methoxy-2H-chromen-2-one","C15 H18 O5",316.07036,317.07763,1.45,20.0515496801243,19.7835596056426,19.8972820031159,"MCI-associated decrease"
"Com_1226_pos",-0.120337491262084,0.127175743892228,0.976296475254188,-0.124726382040241,0.451663871524026,0.97424634381184,-0.310227470383183,0.103014574527201,0.921700316658054,-0.185501088342941,0.732985348847199,0.975261360435008,"CAR 12:3","C19 H32 N O4",337.22683,338.2341,6.048,28.1408149850492,28.0874798776585,27.7060271510135,"Monotonic decrease"
"Com_15855_pos",0.12025482640204,0.127439085761021,0.976296475254188,0.5269785202666,0.742096648392106,0.992345641070078,1.10103678427717,0.107587129157275,0.921700316658054,0.574058264010568,0.106251320946045,0.914281594941658,"AQH","C14 H22 N6 O5",376.15023,377.15751,5.606,19.6688805943423,19.6247409044147,20.0086837515603,"MCI-associated decrease"
"Com_49127_pos",-0.119818957139991,0.128834570366247,0.976296475254188,0.0449695486197946,0.463500610105271,0.97424634381184,-0.466172758620917,0.135671434623809,0.9424809222344,-0.511142307240712,0.477602645895932,0.952814429510526,"Sodium [dodecanoyl(methyl)amino]acetate","C15 H29 N O3",271.2158,272.22302,7.8,17.8359991855725,17.8206546765278,17.762237498199,"Monotonic decrease"
"Com_4061_pos",-0.11968368736901,0.129270034664436,0.976296475254188,0.786358329558166,0.191369717003743,0.97424634381184,-0.627174137273762,0.117213360772122,0.934616205705144,-1.41353246683193,0.894758563045729,0.994037609026979,"3-(4-methoxyanilino)-1-(4-methoxyphenyl)prop-2-ene-1-thione","C17 H17 N O2 S",299.10185,300.10913,1.435,21.1006757411564,20.3515118842278,20.7720580969477,"MCI-associated decrease"
"Com_128_pos",-0.119585992534412,0.129585240292298,0.976296475254188,-1.08874497395065,0.184810867659201,0.97424634381184,-0.82479622345922,0.138482222277665,0.9424809222344,0.26394875049143,0.95003605531247,1,"CAR 7:0","C14 H28 N O4",273.19515,274.20242,5.617,26.47440394051,26.0939298813745,26.2703155821954,"MCI-associated decrease"
"Com_8254_pos",-0.119578477547136,0.129609511343685,0.976296475254188,-0.116722295811267,0.168135920983324,0.97424634381184,-0.287217113464319,0.123565042877045,0.934616205705144,-0.170494817653052,0.88375547915513,0.992254315525697,"Carbaprostacyclin","C21 H34 O4",332.2368,333.24408,6.07,24.0904987791678,23.7544231404852,23.9386819385393,"MCI-associated decrease"
"Com_195_neg",-0.119322967979727,0.130436809225182,0.976296475254188,0.427853038822738,0.120146022276876,0.97424634381184,-0.512221895671039,0.153213493802722,0.9424809222344,-0.940074934493777,0.955581507321733,1,"Saccharin","C7 H5 N O3 S",182.99946,181.992,5.034,14.0053487741541,13.4224182994915,13.3292517776434,"Monotonic decrease"
"Com_14574_pos",-0.1192027281833,0.130827527513205,0.976296475254188,-0.0290878550999634,0.717606045215378,0.988298366959884,-0.338982400445701,0.126179716954264,0.934616205705144,-0.309894545345738,0.0691890186123171,0.867791165027521,"4-Hydroxyhippuric acid","C9 H9 N O4",195.05389,196.06116,1.394,23.4062304201161,23.4791156634868,23.144734748263,"MCI-associated increase"
"Com_13997_neg",-0.119142608285086,0.131023223563798,0.976296475254188,0.119705572984108,0.546663810995189,0.97424634381184,-0.551377478016444,0.122273664258512,0.934616205705144,-0.671083051000552,0.495040349092113,0.952814429510526,"2,3-dihydro-2-spiro[1-(benzyl)piperidin-4-yl]-1,3-benzothiazole","C18 H20 N2 S",296.13102,295.12377,5.827,21.8647033555346,21.8055793655023,21.6880624311795,"Monotonic decrease"
"Com_35022_pos",-0.119037398463212,0.131366232645466,0.976296475254188,-0.45863893685791,0.0486998070368592,0.97424634381184,-0.188133298564887,0.127503112674468,0.934616205705144,0.270505638293023,0.427362915331838,0.952814429510526,"Linoleoyl ethanolamide","C20 H37 N O2",323.28393,324.2912,6.878,19.4936474098449,18.5876554538222,18.8887681095009,"MCI-associated decrease"
"Com_5768_neg",-0.118992308539552,0.131513447468686,0.976296475254188,1.90045473173547,0.176326492136697,0.97424634381184,0.701245528071207,0.115974333342823,0.933026591555043,-1.19920920366426,0.818279173936408,0.983773838328041,"Estriol 17-sulfate","C18 H24 O6 S",368.13135,367.12408,5.703,17.5666005436591,17.3328470840046,17.318605098378,"Monotonic decrease"
"Com_3070_pos",-0.118917158666784,0.131759086969398,0.976296475254188,-0.719754967672948,0.586359412302577,0.97424634381184,-1.03828738300943,0.123565042877045,0.934616205705144,-0.318532415336487,0.452088341455991,0.952814429510526,"Methyl 3-indolyacetate","C11 H11 N O2",189.07991,190.08724,5.583,23.0971453326288,23.2442599680303,22.9073110225227,"MCI-associated increase"
"Com_8763_pos",-0.118496319379288,0.133141182150762,0.976296475254188,0.433805628420507,0.555368969487478,0.97424634381184,0.0351171430781427,0.127503112674468,0.934616205705144,-0.398688485342365,0.469011435239911,0.952814429510526,"Phenylacetylglycine","C10 H11 N O3",193.07476,194.08226,5.727,23.456080924358,23.3814282361687,23.2255657043522,"Monotonic decrease"
"Com_379_pos",-0.118338504646477,0.133662324147267,0.976296475254188,-0.334651755750124,0.258225552945512,0.97424634381184,-0.406869854752626,0.132904913733955,0.9424809222344,-0.0722180990025021,0.867293463278401,0.987763710173379,"CAR 11:1","C18 H34 N O4",327.24244,328.24972,6.244,27.7861481743234,27.5766123215692,27.2852843954661,"Monotonic decrease"
"Com_5813_pos",-0.118082995079069,0.134509390537203,0.976296475254188,-0.416726787834209,0.0705597422092745,0.97424634381184,-0.326364120281162,0.159429015817221,0.9424809222344,0.0903626675530469,0.732985348847199,0.975261360435008,"3-[4-methyl-1-(2-methylpropanoyl)-3-oxocyclohexyl]butanoic acid","C15 H24 O4",268.16873,269.17599,6.264,26.2748893345004,26.0640902461937,25.9521229611217,"Monotonic decrease"
"Com_6434_pos",-0.118022875180855,0.134709296459135,0.976296475254188,-1.73739897406969,0.136488159162668,0.97424634381184,-1.11779557123279,0.157857536867928,0.9424809222344,0.6196034028369,1,1,"1,2,10-Trimethoxy-5,6,6a,7-tetrahydro-4H-dibenzo[de,g]quinolin-9-ol","C19 H21 N O4",327.14778,328.15506,6.408,20.0666060391573,19.60916253215,19.175358219987,"Monotonic decrease"
"Com_19150_pos",0.117880090422597,0.135184984689008,0.976296475254188,-1.11296698879326,0.292616840938141,0.97424634381184,-0.713458331244603,0.113527178266476,0.923757268023797,0.399508657548658,0.016935760274743,0.696884579367964,"3-(3,4-dimethoxyphenyl)-1-(2-hydroxy-4,6-dimethoxyphenyl)propan-1-one","C19 H22 O6",346.13716,347.14444,5.901,19.6071750681501,19.3650345959405,20.0214866461008,"MCI-associated decrease"
"Com_2453_neg",-0.117857545460767,0.13526021073695,0.976296475254188,0.418671056077822,0.62734180456669,0.97424634381184,-0.622676206958249,0.126179716954264,0.934616205705144,-1.04134726303607,0.0582555730337826,0.85216222452694,"Kojic acid","C6 H6 O4",142.02683,141.01892,4.82,22.0116488543039,22.415637055543,21.7817541968523,"MCI-associated increase"
"Com_25606_pos",-0.11780494054983,0.135435862768148,0.976296475254188,0.383428816027416,0.924721693522897,0.998265352641438,0.161075086101577,0.109932921466425,0.921700316658054,-0.222353729925839,0.205099948872105,0.926123611056224,"4-[4-phenyl-3,6-dihydro-1(2H)-pyridinyl]butanoic acid hydrochloride","C15 H19 N O2",267.12273,268.13001,1.989,21.7074003201266,21.802337665844,21.3434468596597,"MCI-associated increase"
"Com_264_pos",0.117459251135101,0.13659449287192,0.976296475254188,-6.57602096968881,0.56414129164058,0.97424634381184,-6.24033635022845,0.124867043699587,0.934616205705144,0.33568461946036,0.0496004475551116,0.792126550507007,"Scutellarin","C21 H18 O12",462.08571,463.09295,5.914,9.42667481253427,9.32315006306572,9.82503436935535,"MCI-associated decrease"
"Com_3330_pos",-0.117376586275057,0.13687267592702,0.976296475254188,0.810427843309479,0.533734081281277,0.97424634381184,0.107961442943853,0.105281153266997,0.921700316658054,-0.702466400365627,0.0746886588152774,0.867791165027521,"7-methoxy-8-(4-methyl-2-oxo-2,5-dihydrofuran-3-yl)-2H-chromen-2-one","C15 H12 O5",289.09637,290.10366,5.956,21.0903438657389,21.323242413595,20.2607593447883,"MCI-associated increase"
"Com_21846_neg",-0.11730143640229,0.137125945144405,0.976296475254188,-0.111905901648957,0.170156278508872,0.97424634381184,-0.137370802191016,0.154749820253548,0.9424809222344,-0.0254649005420583,0.95003605531247,1,"L-serine","C3 H7 N O3",105.04207,104.03479,1.248,22.8122716193713,22.4195983971439,22.4376199412727,"MCI-associated decrease"
"Com_51259_pos",0.117271376453183,0.13722735303593,0.976296475254188,-0.630571100267205,0.231790589673772,0.97424634381184,-0.641242444196239,0.150175680224185,0.9424809222344,-0.0106713439290339,0.829117100218728,0.985419326780897,"AKB48 N-(4-fluorobenzyl) analog","C25 H26 F N3 O",403.20345,404.21072,7.366,16.7230285004642,16.7567446808721,16.7772751629913,"Monotonic increase"
"Com_6119_pos",0.117226286529523,0.137379572289206,0.976296475254188,0.0691729127942485,0.551007934514627,0.97424634381184,0.146858989631071,0.141337661791059,0.9424809222344,0.0776860768368229,0.423319976747168,0.952814429510526,"Acipimox","C6 H6 N2 O3",137.01186,155.04568,1.591,27.4212418699531,27.4254988930265,27.656087829307,"Monotonic increase"
"Com_2469_pos",-0.117053441822158,0.137964274522974,0.976296475254188,0.11584113297619,0.62734180456669,0.97424634381184,-0.57645132991291,0.135671434623809,0.9424809222344,-0.692292462889099,0.050414368988512,0.799161108410486,"D-Tagatose","C6 H12 O6",180.06615,181.07343,5.759,24.8656731109722,24.9127784762703,24.7473753970418,"MCI-associated increase"
"Com_4572_neg",-0.116805447242027,0.13880651140711,0.976296475254188,-0.293143796408582,0.888578956214013,0.998265352641438,-1.02798942656027,0.122273664258512,0.934616205705144,-0.734845630151693,0.274352063289914,0.937882209172329,"4-(2-pyrimidinyl)-N-(2-thienyl)tetrahydro-1(2H)-pyrazinecarboxamide","C13 H15 N5 O S",289.09999,288.09271,6.155,21.0406692107655,20.8817268222998,20.8113252543469,"Monotonic decrease"
"Com_30245_neg",-0.11679793225475,0.138832094837631,0.976296475254188,-1.10760079790086,0.14708679534127,0.97424634381184,-0.30042358867985,0.153213493802722,0.9424809222344,0.807177209221011,0.955581507321733,1,"PE 16:1_18:1","C39 H74 N O8 P",715.52021,714.51293,11.171,18.0785648021123,18.032810674004,18.0377985833747,"MCI-associated decrease"
"Com_14567_pos",-0.116737812356536,0.139036891806645,0.976296475254188,0.0355668465072058,0.961020516526437,0.998265352641438,-0.0282426923869182,0.120992857426959,0.934616205705144,-0.063809538894124,0.1953187314659,0.926123611056224,"Hydroquinone","C6 H6 O2",110.03695,111.04462,5.815,24.7208044020536,24.7218764309137,24.5584400903725,"MCI-associated increase"
"Com_20039_pos",0.116707752407429,0.139139376668899,0.976296475254188,0.908168077936397,0.184810867659201,0.97424634381184,0.697978219765285,0.142782245229873,0.9424809222344,-0.210189858171112,0.98333566379072,1,"Rutamarin","C21 H24 O5",356.1636,357.17087,6.233,21.6909997883963,21.8527852949324,21.9141218510969,"Monotonic increase"
"Com_14705_neg",0.116655147496492,0.139318863807403,0.976296475254188,-0.241685814952126,0.622727779164978,0.97424634381184,0.817499386432058,0.124867043699587,0.934616205705144,1.05918520138418,0.067084381308475,0.867791165027521,"AICA ribonucleotide","C9 H15 N4 O8 P",338.06346,337.05618,5.55,21.5988131606258,21.4577313413462,21.8251541356742,"MCI-associated decrease"
"Com_126_pos",0.116572482636448,0.139601271695225,0.976296475254188,1.57064160732977,0.0333699281479039,0.97424634381184,2.02687538109496,0.144238134189551,0.9424809222344,0.456233773765195,0.361730316312705,0.952814429510526,"7-methyl-3-nitroimidazo[1,2-a]pyridine","C8 H7 N3 O2",199.03457,200.04185,1.242,26.633951103099,27.4239250884283,27.3000680455827,"MCI-associated increase"
"Com_10002_neg",0.116053948514355,0.141382704241396,0.985534159858592,-1.40778799572395,0.451663871524026,0.97424634381184,-0.555951163372741,0.124867043699587,0.934616205705144,0.851836832351212,0.03611066971292,0.747298373617141,"LPE 18:1","C23 H46 N O7 P",479.30427,478.29699,9.418,12.0044275971481,11.7298141442339,12.4209706589141,"MCI-associated decrease"
"Com_907_pos",-0.11576837899784,0.142371144374838,0.98678290331091,0.738246169829433,0.156390378794592,0.97424634381184,-0.52987334123459,0.141337661791059,0.9424809222344,-1.26811951106402,0.856350219562391,0.987763710173379,"Hesperetin","C16 H14 O6",302.08057,303.08783,5.629,16.9753245900702,16.2815260940316,16.8216097336844,"MCI-associated decrease"
"Com_7710_neg",-0.115445234544941,0.143495971312477,0.98678290331091,0.233062754903395,0.0656387789471161,0.97424634381184,-0.507022717236539,0.153213493802722,0.9424809222344,-0.740085472139934,0.577533499716926,0.955117225188735,"2-Isopropylmalate","C7 H12 O5",176.06842,175.06126,5.268,24.0766890633026,23.4697059304556,23.5244309546014,"MCI-associated decrease"
"Com_49658_pos",0.115182209990256,0.144416502653129,0.98678290331091,0.1454584692218,0.698219038274619,0.986572206543947,0.228207563798689,0.141337661791059,0.9424809222344,0.0827490945768889,0.347257311765429,0.952814429510526,"5-Hydroxyindoleacetate","C10 H9 N O3",191.06311,192.06984,5.304,18.1368716758819,18.3605005243729,18.3317691367333,"MCI-associated increase"
"Com_777_neg",-0.115159665028426,0.144495613471101,0.98678290331091,-0.109960926385912,0.618128522544186,0.97424634381184,-0.151207826851936,0.172429467693146,0.959725523649322,-0.0412469004660245,0.271307090498971,0.933435970527006,"L-Ascorbic acid 2-sulfate","C6 H8 O9 S",127.99496,254.98265,1.392,30.0355041511845,30.180551182186,29.9763194361602,"MCI-associated increase"
"Com_5353_neg",-0.114979305333784,0.145129684831172,0.98678290331091,0.459571919803829,0.679026964522413,0.981173331585391,0.560225586540216,0.128837280692999,0.934616205705144,0.100653666736387,0.439625853937687,0.952814429510526,"Gallic acid","C7 H6 O5",170.02133,169.01406,3.014,22.7164483749994,22.5527629097495,22.5436903990946,"Monotonic decrease"
"Com_21723_pos",0.114971790346508,0.145156150212155,0.98678290331091,-0.0959863259690179,0.542336717095599,0.97424634381184,-0.104963423302207,0.117213360772122,0.934616205705144,-0.00897709733318943,0.671051209677503,0.973840329352538,"2-[4-(2,4-dimethylphenyl)-1,3-thiazol-2-yl]pyrazine","C15 H13 N3 S",267.08397,268.09125,1.353,21.1312260290179,21.2985777163486,21.3916129685222,"Monotonic increase"
"Com_1133_pos",-0.114693735817269,0.146137945569167,0.98678290331091,-0.194435021840545,0.0998892958262463,0.97424634381184,-0.27904285375086,0.169107321959909,0.959725523649322,-0.0846078319103141,0.818279173936408,0.983773838328041,"N-Acetyl-L-carnosine","C11 H16 N4 O4",268.11826,269.12554,1.401,28.3642926107739,27.8253498831287,27.9982634371732,"MCI-associated decrease"
"Com_24767_neg",0.114581011008118,0.146537401726144,0.98678290331091,0.0834156919745138,0.703047950925009,0.986572206543947,0.314641785782176,0.139904336640155,0.9424809222344,0.231226093807662,0.365406817217469,0.952814429510526,"albiflorin","C23 H28 O11",526.16627,525.159,5.537,21.6396276196622,21.9055405759384,22.1531767410833,"Monotonic increase"
"Com_9247_neg",-0.113934722102321,0.148843604382895,0.98678290331091,-0.264665729507803,0.14708679534127,0.97424634381184,-0.210939913575026,0.154749820253548,0.9424809222344,0.0537258159327767,0.861818525982919,0.987763710173379,"Methyl indole-3-acetate","C11 H11 N O2",189.07946,188.07218,5.294,24.8058309464885,24.7147629972754,24.5110896994388,"Monotonic decrease"
"Com_11236_neg",-0.113904662153214,0.148951533859754,0.98678290331091,-0.036533920315695,0.664767431803053,0.978405986285098,-0.357498708350919,0.137071270943651,0.9424809222344,-0.320964788035224,0.431428257491981,0.952814429510526,"Glycerol 3-phosphate","C3 H9 O6 P",172.0137,171.00653,1.298,24.601441222607,24.5896843992231,24.3558232040829,"Monotonic decrease"
"Com_163_pos",-0.113806967318616,0.149302713402236,0.98678290331091,0.0990186841218085,0.981803910122497,0.998265352641438,0.0138420639352287,0.139904336640155,0.9424809222344,-0.0851766201865799,0.183578808289727,0.926123611056224,"1-Methylnicotinamide","C7 H8 N2 O",136.0643,137.07158,1.291,27.1565825144775,27.4095813550984,26.8877288394424,"MCI-associated increase"
"Com_9657_pos",-0.113356068082013,0.15093165730476,0.98678290331091,-0.0214279913956819,0.339753537931744,0.97424634381184,-0.291898180041253,0.127503112674468,0.934616205705144,-0.270470188645571,0.938952675204792,1,"trans-4-Hydroxy-L-proline","C5 H9 N O3",131.05905,132.06632,1.64,24.1865388489288,23.8880067397484,23.8977011909334,"MCI-associated decrease"
"Com_4819_neg",-0.113130618463712,0.151751143614454,0.98678290331091,0.0951942109677365,0.495894512685331,0.97424634381184,-0.285707255779324,0.124867043699587,0.934616205705144,-0.380901466747061,0.060129203693256,0.85216222452694,"o-Toluic Acid","C8 H8 O2",136.05232,181.05073,4.918,22.4105686207524,22.5510597030295,21.8044321200834,"MCI-associated increase"
"Com_25002_pos",0.113070498565498,0.151970239137316,0.98678290331091,0.170917637214978,0.247411016969101,0.97424634381184,0.411610794125136,0.170762343279241,0.959725523649322,0.240693156910158,0.802087812429697,0.983085864031817,"methyl 6-{[4-(trifluoromethyl)anilino]carbonyl}nicotinate","C15 H11 F3 N2 O3",306.05951,307.06678,4.697,22.4841766127383,23.0314299576088,23.1837717247223,"Monotonic increase"
"Com_7206_pos",0.112890138870857,0.152628957203988,0.98678290331091,-2.61324988644092,0.599882105607627,0.97424634381184,-0.154368345754635,0.147184016233911,0.9424809222344,2.45888154068628,0.0546536723801855,0.823653935870402,"Saxitoxin","C10 H17 N7 O4",321.11676,322.12404,5.531,17.5722660796701,17.6030646452492,17.9325188457457,"Monotonic increase"
"Com_3841_neg",-0.112852563934473,0.152766460629982,0.98678290331091,-0.764628290427104,0.280826779657139,0.97424634381184,-1.32638021858921,0.135671434623809,0.9424809222344,-0.561751928162111,1,1,"1-Naphthol","C10 H8 O",144.05734,143.05004,5.693,16.1479977624056,15.9793459394347,15.8224073388282,"Monotonic decrease"
"Com_6149_pos",0.112762384087153,0.153096849762625,0.98678290331091,-0.472683953693567,0.674260695349977,0.981173331585391,1.26946964893064,0.137071270943651,0.9424809222344,1.74215360262421,0.08935255730988,0.902508397248603,"5-Hydroxyomeprazole","C17 H19 N3 O4 S",361.11174,362.11901,5.447,20.3799615809509,20.5623124614815,20.8590741248366,"Monotonic increase"
"Com_4357_pos",-0.112732324138046,0.153207099031105,0.98678290331091,0.247961176397759,0.301674511904216,0.97424634381184,1.5085095481738,0.148674102396683,0.9424809222344,1.26054837177604,0.861818525982919,0.987763710173379,"4-phenoxyphenyl 4-hydroxypiperidine-1-carboxylate","C18 H19 N O4",335.11765,336.12492,6.058,17.5198675860801,17.4185765622071,17.2823273751821,"Monotonic decrease"
"Com_26735_pos",0.112694749201662,0.153344994720224,0.98678290331091,0.0290038390881702,0.546663810995189,0.97424634381184,0.257012794675697,0.147184016233911,0.9424809222344,0.228008955587526,0.521821734292681,0.952814429510526,"Ala-trp","C14 H17 N3 O3",275.12819,276.13553,5.289,21.2112499563942,21.46597523492,21.8219953872986,"Monotonic increase"
"Com_40958_pos",-0.112582024392511,0.153759242778908,0.98678290331091,0.180003164851076,0.516738151913713,0.97424634381184,-0.47077622645628,0.150175680224185,0.9424809222344,-0.650779391307356,0.0380058252889532,0.753078389984813,"SPK","C14 H26 N4 O5",352.16744,353.17471,6.753,19.8248516600829,19.9022398530567,19.6016966946441,"MCI-associated increase"
"Com_25096_pos",-0.112364089761486,0.154562511053041,0.98678290331091,-0.346555538699866,0.280826779657139,0.97424634381184,-0.402190804533958,0.174108736192935,0.959725523649322,-0.0556352658340918,0.738232666470675,0.975261360435008,"L-Cysteine-glutathione gisulfide","C13 H22 N4 O8 S2",426.08923,427.09658,1.377,21.7036191102718,21.486066159394,21.2045352707219,"Monotonic decrease"
"Com_16839_pos",0.112303969863273,0.154784657059679,0.98678290331091,-0.524371816402293,0.366780087996831,0.97424634381184,-0.471130316684544,0.175800189378754,0.959725523649322,0.0532414997177494,0.587084129010093,0.955684897603873,"Prostaglandin E2-1-glyceryl ester","C23 H38 O7",408.25121,409.25849,6.015,20.2901924314612,20.4845647788399,20.6799037358892,"Monotonic increase"
"Com_9968_neg",-0.112086035232248,0.155591950276934,0.98678290331091,0.353791529487796,0.40239183054899,0.97424634381184,0.0787275585516266,0.142782245229873,0.9424809222344,-0.275063970936169,0.759341893801283,0.975970962603451,"Tetranor-PGDM","C16 H24 O7",310.14394,309.13662,5.835,22.3017552061283,22.0977537590396,22.0455121014224,"Monotonic decrease"
"Com_21473_pos",0.112040945308588,0.155759370988944,0.98678290331091,-0.896365489506707,0.138212461799709,0.97424634381184,-0.0412130702695806,0.127503112674468,0.934616205705144,0.855152419237127,0.00583154404789766,0.696884579367964,"5-oxo-1-[4-(trifluoromethyl)benzyl]pyrrolidine-3-carboxylic acid","C13 H12 F3 N O3",287.07805,288.08533,5.914,20.0422624642312,19.7300070066404,20.3546091402703,"MCI-associated decrease"
"Com_37420_neg",-0.11194325047399,0.156122580396923,0.98678290331091,0.195295535488282,0.712741631310101,0.988298366959884,-0.136973475541253,0.153213493802722,0.9424809222344,-0.332269011029535,0.354447160577758,0.952814429510526,"4-Guanidinobutanoic acid","C5 H11 N3 O2",145.08514,144.07786,1.412,20.3431784646735,20.2273158168665,20.145065912857,"Monotonic decrease"
"Com_5527_pos",-0.111792950728456,0.156682606423453,0.98678290331091,0.500041911471879,0.722481936667065,0.988298366959884,-0.207621747632793,0.135671434623809,0.9424809222344,-0.707663659104672,0.117222834038004,0.914281594941658,"Acetylcysteine","C5 H9 N O3 S",163.03097,164.03836,5.947,22.3896256284144,22.4620084079636,21.858266441301,"MCI-associated increase"
"Com_9450_neg",0.111687740906582,0.157075521541373,0.98678290331091,-1.64797272772,0.893729825674864,0.998265352641438,-1.0881119547481,0.150175680224185,0.9424809222344,0.559860772971907,0.250640861950463,0.926123611056224,"LPG 18:1","C24 H47 O9 P",510.29887,509.29159,11.083,14.8281670404321,14.850034434351,14.950535490977,"Monotonic increase"
"Com_11125_pos",0.111499866224664,0.157778995180672,0.98678290331091,0.466681056133131,0.981803910122497,0.998265352641438,3.80059809547225,0.150175680224185,0.9424809222344,3.33391703933912,0.185883969112555,0.926123611056224,"Enrofloxacin","C19 H22 F N3 O3",341.14919,342.15647,3.5,18.389859628192,18.4029906901138,18.4549597777483,"Monotonic increase"
"Com_14213_pos",0.111244356657255,0.158739509981168,0.98678290331091,0.166998618867292,0.868024619498063,0.998265352641438,1.64707827176601,0.138482222277665,0.9424809222344,1.48007965289871,0.174569739881548,0.926123611056224,"2-(4-chlorophenyl)-N,N-dimethylethanethioamide","C10 H12 Cl N S",213.03594,214.04321,6.313,19.8102985733537,19.7594715937878,20.0005092992698,"MCI-associated decrease"
"Com_21562_pos",-0.111139146835381,0.159136287927424,0.98678290331091,-0.489319505110899,0.172194775999651,0.97424634381184,-0.160929967425357,0.153213493802722,0.9424809222344,0.328389537685542,0.823693934159739,0.985419326780897,"Psilocybin","C12 H17 N2 O4 P",284.09527,285.10254,1.435,17.1800939861664,16.9623529365634,17.030372150741,"MCI-associated decrease"
"Com_5341_pos",0.111018907038954,0.159590658153149,0.98678290331091,-1.37677490465558,0.346387458950286,0.97424634381184,0.188671630324345,0.126179716954264,0.934616205705144,1.56544653497992,0.0367332343299604,0.747298373617141,"2-(2,5-dimethyl-3-thienyl)-2,3,4,5-tetrahydro-1,5-benzothiazepin-4-one","C15 H15 N O S2",311.0378,312.04507,5.636,15.4293114672553,15.2078205054486,15.7853714854218,"MCI-associated decrease"
"Com_339_pos",-0.110921212204357,0.159960549125202,0.98678290331091,0.91963553722425,0.679026964522413,0.981173331585391,-0.563965538696085,0.145705375630393,0.9424809222344,-1.48360107592033,0.0906725726207708,0.902508397248603,"1-Methylxanthine","C6 H6 N4 O2",166.04979,167.05707,4.806,24.2188266650719,24.0589215919058,23.3801293217046,"Monotonic decrease"
"Com_1055_pos",0.110492857929584,0.161589961616016,0.98678290331091,0.48173139101822,0.491780290625231,0.97424634381184,-0.0855555169629185,0.112318947611637,0.923757268023797,-0.567286907981138,0.104752692971634,0.914281594941658,"1-(4-benzylpiperazino)-2-(pyridin-2-ylamino)propan-1-one","C19 H24 N4 O",362.15819,363.16482,5.306,15.5743538387415,15.1947463897079,16.0818173614074,"MCI-associated decrease"
"Com_23972_neg",0.109771419151019,0.164362247148439,0.98678290331091,0.229723578500062,0.289638622395848,0.97424634381184,0.504626945144995,0.177503867453284,0.964107300380781,0.274903366644933,0.791340132646549,0.982684488895692,"1-methyl-N-(4-piperidinophenyl)-1H-imidazole-4-sulfonamide","C15 H20 N4 O2 S",320.13115,319.12388,6.297,20.4700531566621,20.6382263150693,20.8021474431163,"Monotonic increase"
"Com_25934_pos",0.109545969532717,0.165235822869028,0.98678290331091,-0.623442460564015,0.317181249768616,0.97424634381184,0.342245809802333,0.135671434623809,0.9424809222344,0.965688270366348,0.0288016983202974,0.725125110652193,"2-[(3,4-dimethylthieno[2,3-b]thiophen-2-yl)methylidene]malononitrile","C12 H8 N2 S2",261.03938,262.04666,5.645,19.7960917952139,19.6423035143352,20.0892477801137,"MCI-associated decrease"
"Com_2560_pos",0.109440759710843,0.165644674227359,0.98678290331091,1.57355851813934,0.981803910122497,0.998265352641438,1.73811059286909,0.153213493802722,0.9424809222344,0.164552074729744,0.231099692092127,0.926123611056224,"15-Deoxy-Δ12,14-prostaglandin A1","C20 H30 O3",300.21029,301.21757,7.09,20.3130425895416,20.1845294724567,20.4731844538816,"MCI-associated decrease"
"Com_1599_neg",-0.10940318477446,0.165790875147703,0.98678290331091,0.177379410454994,0.862899385969575,0.998265352641438,-0.315263277859087,0.165833422721707,0.959725523649322,-0.49264268831408,0.253523947290226,0.926123611056224,"Phenylacetaldehyde","C8 H8 O",120.05683,119.04949,5.609,27.0316371921234,26.9379958376693,26.6811418144589,"Monotonic decrease"
"Com_1629_pos",0.109282944978032,0.166259364303494,0.98678290331091,0.22386599468511,0.349735144524692,0.97424634381184,0.198610124366464,0.154749820253548,0.9424809222344,-0.0252558703186466,0.856350219562391,0.987763710173379,"L-Iditol","C6 H14 O6",182.08011,205.06932,1.276,24.2896453337536,24.4897619365993,24.569897355859,"Monotonic increase"
"Com_9043_pos",0.109215310092542,0.166523322448035,0.98678290331091,-1.23458487709631,0.487684458553608,0.97424634381184,0.797484102839121,0.123565042877045,0.934616205705144,2.03206897993543,0.08935255730988,0.902508397248603,"2-(4-chlorophenyl)-2-oxoethyl 2,6-bis(trifluoromethyl)benzoate","C17 H9 Cl F6 O3",410.0125,411.01978,6.989,16.3244437421792,16.2349228989689,16.5002325177174,"MCI-associated decrease"
"Com_5745_neg",-0.109110100270668,0.166934544159638,0.98678290331091,-0.0199478529816911,0.992201123863709,0.998265352641438,-0.290005021084304,0.156297819756267,0.9424809222344,-0.270057168102613,0.220431908222647,0.926123611056224,"Succinic acid","C4 H6 O4",118.02594,117.01866,2.285,23.8560942268012,23.6454497903584,23.213696619505,"Monotonic decrease"
"Com_8921_pos",0.108892165639643,0.167788764736906,0.98678290331091,-1.30390792796683,0.250084447224309,0.97424634381184,1.13137764039141,0.141337661791059,0.9424809222344,2.43528556835824,0.0172592909843468,0.696884579367964,"WQH","C22 H27 N7 O5",469.21219,470.21946,5.549,19.7672752188398,19.7959652598892,20.0449688744738,"Monotonic increase"
"Com_10715_pos",0.108756895868662,0.16832060367566,0.98678290331091,-0.791553771630217,0.568552333025136,0.97424634381184,0.264849205178133,0.151688795524621,0.9424809222344,1.05640297680835,0.0681300176363369,0.867791165027521,"N1,N1-diethyl-4-[5-(4-nitrophenyl)-1,3-oxazolan-2-yl]aniline","C19 H23 N3 O3",341.17543,342.18283,5.449,20.6529585517659,20.7546644078455,21.0728058572788,"Monotonic increase"
"Com_21970_pos",0.108561506199467,0.169091027008841,0.98678290331091,0.628030667667568,0.520960693859334,0.97424634381184,1.79786851284084,0.172429467693146,0.959725523649322,1.16983784517328,0.52635665808374,0.953146719171818,"Pelargonidin","C15 H10 O5",270.05428,271.06155,6.665,18.0642289411342,18.1810253422384,18.3341809761343,"Monotonic increase"
"Com_3589_pos",0.10846381136487,0.169477219900066,0.98678290331091,0.245777926276942,0.231790589673772,0.97424634381184,0.532869803106769,0.169107321959909,0.959725523649322,0.287091876829828,0.988889993758403,1,"(+/-)-Cannabichromeorcin","C17 H22 O2",258.1631,259.17039,6.038,23.5452659811161,24.0007995626881,23.8056133087444,"MCI-associated increase"
"Com_10260_pos",-0.108343571568442,0.169953433212344,0.98678290331091,-0.344905539168239,0.0317810854743724,0.97424634381184,-0.115793753684776,0.208373705217645,0.965566866480404,0.229111785483463,0.439625853937687,0.952814429510526,"6-Aminonicotinamide","C6 H7 N3 O",137.05916,275.12471,1.617,23.8162448383943,23.4778357363127,23.5144230117166,"MCI-associated decrease"
"Com_49874_pos",0.108230846759292,0.170400784898148,0.98678290331091,-0.264731439863701,0.971409786388953,0.998265352641438,0.485892485045267,0.157857536867928,0.9424809222344,0.750623924908969,0.24212922951655,0.926123611056224,"Taurodeoxycholic Acid","C26 H45 N O6 S",521.2813,522.28857,7.227,17.030032318129,17.093053477486,17.1784085121135,"Monotonic increase"
"Com_415_pos",-0.108193271822908,0.170550096179475,0.98678290331091,0.0568299710857404,0.529458766137544,0.97424634381184,-0.323133327397375,0.151688795524621,0.9424809222344,-0.379963298483115,0.655891345916576,0.970682904745141,"CAR 10:2","C17 H30 N O4",311.21105,312.21832,5.984,28.2894537132072,28.2149469704325,27.902657165153,"Monotonic decrease"
"Com_9799_neg",0.108110606962864,0.170878922739226,0.98678290331091,0.161925079654527,0.139953502608127,0.97424634381184,0.548326539792093,0.186207009633535,0.965566866480404,0.386401460137566,0.839987647721254,0.985419326780897,"(±)9(10)-DiHOME","C18 H34 O4",314.24758,313.2403,7.252,20.1416598295914,20.3081931783647,20.023371638493,"MCI-associated increase"
"Com_7836_pos",-0.10805048706465,0.171118364606805,0.98678290331091,0.0986152734814936,0.893729825674864,0.998265352641438,-0.0419371710401548,0.153213493802722,0.9424809222344,-0.140552444521648,0.188210458967053,0.926123611056224,"6-Gingerol","C17 H26 O4",294.18444,295.19192,5.936,23.8199973673419,23.9694371950142,23.5036444586326,"MCI-associated increase"
"Com_5772_pos",-0.108042972077374,0.171148312330702,0.98678290331091,-0.0442405991741575,0.992201123863709,0.998265352641438,-0.21387349647323,0.159429015817221,0.9424809222344,-0.169632897299073,0.228398975418956,0.926123611056224,"Citral","C10 H16 O",152.12059,153.12814,5.532,24.0497051255747,23.9445202141339,23.608853345613,"Monotonic decrease"
"Com_53722_pos",-0.108035457090097,0.171178263942125,0.98678290331091,-0.651639608432324,0.141711369422499,0.97424634381184,-1.02894404932522,0.167464362358977,0.959725523649322,-0.377304440892897,0.722528284052316,0.975261360435008,"SM 8:0;2O/26:0","C39 H81 N2 O6 P",704.58611,705.59338,11.375,17.2797743079057,16.1042079416102,16.9461830648969,"MCI-associated decrease"
"Com_30612_pos",0.1079377622555,0.171567988759102,0.98678290331091,-0.594107809418258,0.231790589673772,0.97424634381184,-0.190891412623806,0.141337661791059,0.9424809222344,0.403216396794452,0.016935760274743,0.696884579367964,"Mycophenolic acid","C17 H20 O6",342.10564,343.11292,5.913,19.9956745256519,19.7154579741192,20.3331566569536,"MCI-associated decrease"
"Com_18357_pos",0.107817522459072,0.172048552769969,0.98678290331091,-0.825743670500836,0.195836438232694,0.97424634381184,-0.548399385536535,0.142782245229873,0.9424809222344,0.277344284964301,0.0121946848589203,0.696884579367964,"1-Methylhistamine","C6 H13 Cl2 N3",197.04958,198.05685,5.488,19.7016486138124,19.7580464832982,20.0219099895178,"Monotonic increase"
"Com_7755_neg",-0.107779947522689,0.172198933432686,0.98678290331091,-0.498051438107008,0.126488856453848,0.97424634381184,-1.62142006939451,0.172429467693146,0.959725523649322,-1.12336863128751,0.696615093107947,0.975261360435008,"ethyl 3-cyano-2-hydroxy-6-phenylisonicotinate","C15 H12 N2 O3",268.08595,267.07867,5.722,20.4188807856919,20.2755964810079,20.3230353493362,"MCI-associated decrease"
"Com_2238_pos",0.107554497904387,0.173103263522308,0.98678290331091,0.0526583624651862,0.857779916506537,0.998265352641438,0.271726234054237,0.145705375630393,0.9424809222344,0.219067871589051,0.387952630840432,0.952814429510526,"D-(-)-Glutamine","C5 H10 N2 O3",146.06986,147.07714,5.39,27.3841115807682,27.4178189539443,27.7107741181463,"Monotonic increase"
"Com_28826_pos",-0.107494378006173,0.173345011103186,0.98678290331091,0.27904722033601,0.180531663020727,0.97424634381184,-0.175236857406508,0.187984858244348,0.965566866480404,-0.454284077742517,0.95003605531247,1,"N-[2-chloro-6-(trifluoromethoxy)phenyl]-2,2-dimethylpropanamide","C12 H13 Cl F3 N O2",295.06039,296.06767,1.239,21.4396650279542,20.6287511178268,20.8803923912779,"MCI-associated decrease"
"Com_39397_neg",0.107426743120683,0.173617275797017,0.98678290331091,0.105618157171257,0.0239498997809305,0.97424634381184,0.0927392188695333,0.206456468670261,0.965566866480404,-0.0128789383017237,0.340160950581424,0.952814429510526,"ent-8-iso Prostaglandin F2α","C20 H34 O5",354.24064,353.23337,8.057,8.25852434194258,8.31032873160399,8.29833509072488,"MCI-associated increase"
"Com_3989_neg",-0.107298988336979,0.174132416925375,0.98678290331091,-2.61793610928616,0.221773937031473,0.97424634381184,-1.89603351830821,0.202660487368076,0.965566866480404,0.72190259097795,0.867293463278401,0.987763710173379,"Ethyl-β-D-glucuronide","C8 H14 O7",222.07457,221.06729,1.919,18.232004338243,17.3162477962078,17.6113043233538,"MCI-associated decrease"
"Com_4704_pos",-0.107268928387872,0.17425379077677,0.98678290331091,-3.58521791581477,0.546663810995189,0.97424634381184,-3.48374693485764,0.150175680224185,0.9424809222344,0.101470980957128,0.676134783827214,0.973840329352538,"Sulcatol","C8 H16 O",128.12074,129.12801,6.476,12.6153376258486,12.6332880599547,12.347128713952,"MCI-associated increase"
"Com_20170_neg",-0.107163718565998,0.17467909210784,0.98678290331091,0.0586435781651797,0.971409786388953,0.998265352641438,-0.417526039112412,0.161012300498226,0.944017323469053,-0.476169617277592,0.250640861950463,0.926123611056224,"Dl-Glyceraldehyde3-phosphate","C3 H7 O6 P",169.99827,168.991,1.384,22.4800112092029,22.535122590778,22.061050948808,"MCI-associated increase"
"Com_10959_neg",0.107050993756847,0.175135623394295,0.98678290331091,0.0909230888035816,0.751968113314537,0.992345641070078,0.464759023922833,0.157857536867928,0.9424809222344,0.373835935119251,0.423319976747168,0.952814429510526,"ethyl 2-(pyridin-4-ylamino)-1,3-thiazole-4-carboxylate","C11 H11 N3 O2 S",249.05819,248.05093,5.473,22.3716215195196,22.7361521628864,22.9548563983023,"Monotonic increase"
"Com_1152_pos",-0.106945783934973,0.175562514445745,0.98678290331091,0.183257330178226,0.242124341114465,0.97424634381184,0.656259936914822,0.20078167714057,0.965566866480404,0.473002606736596,0.845434525219498,0.985419326780897,"Naringenin","C15 H12 O5",272.06969,273.07698,5.522,22.2128427670994,21.0169216819191,21.3548835128591,"MCI-associated decrease"
"Com_3370_neg",-0.106930753960419,0.175623561593007,0.98678290331091,-0.0273199229066571,0.145277929455647,0.97424634381184,-0.504048462107007,0.212246829970061,0.965566866480404,-0.47672853920035,0.972229695919683,1,"N-Carbamyl-L-glutamicacid","C6 H10 N2 O5",190.05912,189.05184,5.509,24.6793376704514,24.1493198632939,24.5107344521381,"MCI-associated decrease"
"Com_2911_pos",-0.106795484189438,0.176173691873067,0.98678290331091,-0.0593219331187828,0.945449564887883,0.998265352641438,-0.14115083726354,0.151688795524621,0.9424809222344,-0.0818289041447568,0.312712662482808,0.951927592764166,"Acetophenone","C8 H8 O",120.05829,121.06556,5.791,27.9813383888426,28.0530530622576,27.656258013369,"MCI-associated increase"
"Com_4770_pos",0.106742879278501,0.176387974773055,0.98678290331091,1.79295327592695,0.224248538076957,0.97424634381184,0.559844340003651,0.135671434623809,0.9424809222344,-1.2331089359233,0.0215852293654866,0.722958425153893,"UR-144 N-(5-Bromopentyl) analog","C21 H28 Br N O",411.11454,412.12182,5.63,20.9552028337278,20.7257222588117,21.2189121372592,"MCI-associated decrease"
"Com_23516_pos",-0.106735364291225,0.176418602319414,0.98678290331091,-0.161714066814234,0.599882105607627,0.97424634381184,-0.558307440071647,0.180948057054039,0.965566866480404,-0.396593373257413,0.452088341455991,0.952814429510526,"3-(propan-2-yl)-octahydropyrrolo[1,2-a]pyrazine-1,4-dione","C10 H16 N2 O2",214.13258,215.13999,5.334,22.9020640017482,22.6721118445567,22.4178915331736,"Monotonic decrease"
"Com_677_neg",-0.106555004596583,0.177154841900021,0.98678290331091,-0.345107755485391,0.43232108085308,0.97424634381184,-0.95102849608724,0.187984858244348,0.965566866480404,-0.605920740601849,0.611274949976389,0.957584933101451,"2-Isopropylmalic acid","C7 H12 O5",176.06879,175.06152,5.399,26.6713261329613,26.4917806441229,26.3311628500342,"Monotonic decrease"
"Com_12791_pos",0.106412219838326,0.177739304232264,0.98678290331091,0.0127512788709812,0.150756125760761,0.97424634381184,0.824346533806995,0.186207009633535,0.965566866480404,0.811595254936014,0.812873068585294,0.983351253121837,"N'-(4-methoxy-1,3-benzothiazol-2-yl)-N,N-dimethyliminoformamide","C11 H13 N3 O S",235.07862,236.08589,5.307,20.5729529242498,20.9088088610657,20.8421590789131,"MCI-associated increase"
"Com_3232_neg",0.106111620347257,0.178974397506111,0.98678290331091,0.654632800094426,0.781820860064895,0.998265352641438,-0.00221730523821168,0.156297819756267,0.9424809222344,-0.656850105332637,0.431428257491981,0.952814429510526,"Salicylic acid","C7 H6 O3",138.03154,137.02426,4.205,26.1819094282024,26.3149005463025,26.4019277427001,"Monotonic increase"
"Com_10818_pos",-0.105953805614446,0.17962534716806,0.98678290331091,0.167004622977112,0.904044806718131,0.998265352641438,-0.289952340042527,0.154749820253548,0.9424809222344,-0.456956963019639,0.223065143932043,0.926123611056224,"17beta-Trenbolone","C18 H22 O2",270.16337,271.17064,6.213,23.9545120020302,23.7840790765721,23.6362750557014,"Monotonic decrease"
"Com_18641_neg",0.105878655741679,0.179935935206665,0.98678290331091,1.29411123943468,0.722481936667065,0.988298366959884,0.0665410065585337,0.145705375630393,0.9424809222344,-1.22757023287615,0.163777763374728,0.926123611056224,"Dihydrofolic acid","C19 H21 N7 O6",443.15949,442.15221,5.275,18.4259195448003,18.4594047243033,18.7772463913744,"Monotonic increase"
"Com_11696_pos",0.105818535843465,0.180184690127763,0.98678290331091,-1.78601328431615,0.929899426345924,0.998265352641438,2.54020813938879,0.159429015817221,0.9424809222344,4.32622142370494,0.223065143932043,0.926123611056224,"LPE 17:1","C22 H44 N O7 P",465.28826,466.2955,8.862,8.42972347408964,8.40601526924022,8.436858258601,"MCI-associated decrease"
"Com_13970_pos",-0.105720841008868,0.180589456524348,0.98678290331091,0.161186868956998,0.83227637630576,0.998265352641438,-0.066661053036727,0.159429015817221,0.9424809222344,-0.227847921993725,0.38413723439593,0.952814429510526,"5,6-dimethyl-4-oxo-4H-pyran-2-carboxylic acid","C8 H8 O4",168.04317,169.05044,5.87,22.2640249523418,22.0408211877908,21.9561672848407,"Monotonic decrease"
"Com_26802_pos",0.10553296632695,0.181369732907108,0.98678290331091,0.926208370880007,0.258225552945512,0.97424634381184,0.47805323745698,0.169107321959909,0.959725523649322,-0.448155133423027,0.938952675204792,1,"4-(tert-butyl)phenyl 3,5-dimethylisoxazole-4-carboxylate","C16 H19 N O3",256.11206,257.11929,5.774,18.6279929944552,19.0685333251078,19.1062137519221,"Monotonic increase"
"Com_35767_neg",-0.105495391390566,0.181526085171725,0.98678290331091,-0.17471561099799,0.286680883672415,0.97424634381184,-0.896663841210084,0.161012300498226,0.944017323469053,-0.721948230212094,0.938952675204792,1,"LPS 20:4","C26 H44 N O9 P",545.27874,544.27146,8.871,13.4835558968601,13.2735305737695,13.3723979381201,"MCI-associated decrease"
"Com_29653_pos",-0.105450301466906,0.181713838648612,0.98678290331091,-0.200410613337933,0.631970449622002,0.974363661520955,0.0815172629768309,0.174108736192935,0.959725523649322,0.281927876314764,0.0769862401854328,0.87169605289326,"ENH","C15 H22 N6 O7",398.1565,399.16376,1.311,21.3616613504052,21.5566635554891,21.2090079746512,"MCI-associated increase"
"Com_10210_pos",0.105239881823158,0.182591908962754,0.98678290331091,-0.00533179192537184,0.108209730669385,0.97424634381184,-0.0237568888183032,0.189775201504228,0.965566866480404,-0.0184250968929314,0.650869006115233,0.968608952076912,"Ethyl paraben","C9 H10 O3",166.06384,167.07117,6.826,24.6482789125368,24.7690463929029,24.7227922915729,"MCI-associated increase"
"Com_50325_pos",0.105149701975837,0.182969177234428,0.98678290331091,-0.703260722923082,0.504177753142834,0.97424634381184,-0.694352648091779,0.204552073548529,0.965566866480404,0.00890807483130254,0.481930319951778,0.952814429510526,"Lapatinib Ditosylate","C29 H26 Cl F N4 O4 S",580.13573,581.14301,7.385,16.8312699394099,16.8453280774278,16.8845315841579,"Monotonic increase"
"Com_20843_pos",0.105044492153963,0.183410046498715,0.98678290331091,-0.739116056190299,0.712741631310101,0.988298366959884,-0.560005283407722,0.182688646941563,0.965566866480404,0.179110772782577,0.387952630840432,0.952814429510526,"Sildenafil N-oxide","C22 H30 N6 O5 S",490.19864,491.20591,5.316,20.8918697888574,20.9812620892818,21.0975553258357,"Monotonic increase"
"Com_20376_pos",0.104984372255749,0.183662321559947,0.98678290331091,0.557566113133936,0.277930377315134,0.97424634381184,0.580952751810665,0.179219810215434,0.965566866480404,0.023386638676729,0.977782141497144,1,"Dutasteride","C27 H30 F6 N2 O2",528.21468,529.22113,5.394,20.6800294473247,21.0016048297357,20.944801246183,"MCI-associated increase"
"Com_25280_pos",0.104871647446599,0.184136023370904,0.98678290331091,-0.160661196869175,0.471486819309996,0.97424634381184,0.440116476221945,0.174108736192935,0.959725523649322,0.60077767309112,0.0442061925267845,0.769968157118732,"4-[4-(2,5-dimethyl-1H-pyrrol-1-yl)phenyl]-6-fluoro-4-thiochromanol","C21 H20 F N O S",353.12818,354.13546,5.557,20.4915937937747,20.5036987139759,20.7111836180464,"Monotonic increase"
"Com_9457_pos",-0.104608622891914,0.185244811213035,0.98678290331091,0.284804151506138,0.919547147740815,0.998265352641438,-0.197035670121199,0.157857536867928,0.9424809222344,-0.481839821627337,0.24494354942442,0.926123611056224,"4-methylpyridine-3-sulfonic acid","C6 H7 N O3 S",173.01552,174.02284,5.155,23.4598029250102,23.4547758026774,23.1540278228019,"Monotonic decrease"
"Com_10627_pos",-0.104480868108209,0.185785127092251,0.98678290331091,-0.325495535939326,0.981803910122497,0.998265352641438,-0.337376131687317,0.186207009633535,0.965566866480404,-0.0118805957479912,0.210122011809528,0.926123611056224,"8,15-Dihete","C20 H32 O4",336.23123,337.23852,5.899,22.479576845698,22.5389877272504,22.3807357806866,"MCI-associated increase"
"Com_9112_neg",-0.104368143299059,0.186262834136233,0.98678290331091,-0.10233680448474,0.732267429033629,0.991805251982257,-0.13657708814913,0.193393518701727,0.965566866480404,-0.0342402836643906,0.343697435429192,0.952814429510526,"Homocysteic acid","C4 H9 N O5 S",183.02045,182.01315,1.352,24.1463153437616,23.8146296886008,24.0033557397654,"MCI-associated decrease"
"Com_18044_pos",0.104255418489908,0.186741439789448,0.98678290331091,-0.748001601700479,0.391496632710145,0.97424634381184,-0.300089337099806,0.175800189378754,0.959725523649322,0.447912264600673,0.0314463618652058,0.731469721647179,"Deoxylimonin","C26 H30 O7",454.19852,455.20579,5.489,20.7081541666946,20.8245147098102,21.0796448294973,"Monotonic increase"
"Com_24566_pos",-0.104255418489908,0.186741439789447,0.98678290331091,-0.0126445554609642,0.604420830618372,0.97424634381184,-0.724936469667284,0.197062250108418,0.965566866480404,-0.71229191420632,0.0520758121599469,0.807552449436857,"Tetramethylpyrazine","C8 H12 N2",136.10065,137.10793,4.859,20.5221343769749,21.1111660810486,20.2703665684193,"MCI-associated increase"
"Com_8468_pos",0.104217843553524,0.186901174818433,0.98678290331091,0.130231703416054,0.377251420655644,0.97424634381184,0.0548651170824529,0.164214460921094,0.957544813000384,-0.0753665863336009,0.927881108442468,1,"di{4-[(2-hydroxyethyl)(methyl)amino]phenyl}methanone","C19 H24 N2 O3",328.17984,329.18712,6.583,25.0683270415311,25.2553829519074,25.2299375312617,"MCI-associated increase"
"Com_5979_neg",0.104195298591694,0.186997063809456,0.98678290331091,0.0785366917717842,0.796871754630755,0.998265352641438,1.20291422746841,0.175800189378754,0.959725523649322,1.12437753569663,0.372829509623318,0.952814429510526,"Tris(2-carboxyethyl)phosphine","C9 H15 O6 P",250.05961,249.05234,5.185,21.6324692133086,21.9421550649195,22.041336890777,"Monotonic increase"
"Com_25554_pos",-0.104165238642587,0.187124971778232,0.98678290331091,-0.531351876988662,0.00651642950458567,0.906545585253139,-0.327799568908206,0.21617169736747,0.965566866480404,0.203552308080456,0.120515681802125,0.914281594941658,"Bilirubin","C33 H36 N4 O6",584.26562,585.2729,5.974,20.7750026720762,20.0438774938075,20.5419737291618,"MCI-associated decrease"
"Com_36595_neg",0.104142693680757,0.187220944747559,0.98678290331091,-0.243507581666834,0.742096648392106,0.992345641070078,0.105217762516659,0.169107321959909,0.959725523649322,0.348725344183493,0.134415735341544,0.926123611056224,"ethyl 2-cyano-3-[2-(methylthio)anilino]acrylate","C13 H14 N2 O2 S",262.07542,261.06815,5.566,20.3799216472625,20.3838963280179,20.6347872246954,"Monotonic increase"
"Com_10319_pos",-0.103977363960669,0.187925846877374,0.98678290331091,0.242954260893844,0.289638622395848,0.97424634381184,0.539899288129143,0.197062250108418,0.965566866480404,0.2969450272353,0.878262198893988,0.990764947618942,"Pinocembrin","C15 H12 O4",256.07484,257.08213,5.887,19.1243025794785,19.242879583514,19.0488585443631,"MCI-associated increase"
"Com_12631_pos",0.103954818998839,0.188022120015048,0.98678290331091,0.307748472850825,0.581883464284275,0.97424634381184,0.524328264798764,0.170762343279241,0.959725523649322,0.216579791947939,0.611274949976389,0.957584933101451,"1-(2'-fluoro[1,1'-biphenyl]-4-yl)propan-1-one","C15 H13 F O",228.09942,229.1064,5.545,21.4226022449656,21.4973066614657,21.806975622639,"Monotonic increase"
"Com_30242_pos",0.103797004266028,0.188697041573168,0.98678290331091,0.0379441207730698,0.258225552945512,0.97424634381184,0.699695397219368,0.226211800846851,0.965566866480404,0.661751276446298,0.780631974791441,0.982684488895692,"6,7,8-trimethoxy-2-(2-phenoxy-3-pyridyl)-4H-3,1-benzoxazin-4-one","C22 H18 N2 O6",444.07844,445.08571,8.598,17.6734377761937,18.0704585931649,17.8381109293055,"MCI-associated increase"
"Com_2016_pos",-0.103789489278751,0.188729224783229,0.98678290331091,-0.244576851881137,0.105377362325251,0.97424634381184,-0.351204820834031,0.180948057054039,0.965566866480404,-0.106627968952894,0.544695495464747,0.955117225188735,"CAR 12:1","C19 H36 N O4",341.25822,342.26549,6.483,26.1090232651388,25.6365903539743,25.8722400507345,"MCI-associated decrease"
"Com_31453_pos",0.103684279456877,0.189180210822154,0.98678290331091,-0.235697378883273,0.286680883672415,0.97424634381184,-0.0157527947466968,0.150175680224185,0.9424809222344,0.219944584136576,0.0331310968168889,0.743695873768737,"Citicoline","C14 H26 N4 O11 P2",488.10809,489.11537,5.637,19.9803758636312,19.7847862335588,20.1916706485377,"MCI-associated decrease"
"Com_24650_pos",0.103639189533217,0.189373731265639,0.98678290331091,0.519476600924537,0.0205266450577554,0.97424634381184,0.390201552883748,0.232393284577867,0.965566866480404,-0.129275048040789,0.312712662482808,0.951927592764166,"N,N-Dimethyldecylamine N-oxide","C12 H27 N O",201.21006,202.21734,6.176,21.7540072122964,22.1900911166866,21.9644407530609,"MCI-associated increase"
"Com_20476_neg",0.103549009685896,0.189761205667938,0.98678290331091,-0.0419940557371403,0.295615553766643,0.97424634381184,0.149305489842137,0.226211800846851,0.965566866480404,0.191299545579277,0.717318982344425,0.975261360435008,"(±)9-HpODE","C18 H32 O4",312.2317,311.22443,6.974,19.7960568265633,20.0569202906184,20.0164067704707,"MCI-associated increase"
"Com_14819_pos",0.103451314851299,0.190181622222208,0.98678290331091,0.119545456768481,0.195836438232694,0.97424634381184,0.211337651114352,0.249460439132162,0.965566866480404,0.0917921943458711,0.812873068585294,0.983351253121837,"Xanthopterin","C6 H5 N5 O2",179.04509,180.05237,2.068,24.5118570836017,24.895358563428,24.9804946739807,"Monotonic increase"
"Com_11050_neg",-0.103406224927639,0.190375889668798,0.98678290331091,-0.0918337065562361,0.655327630907459,0.978176760105966,-0.0772404060834861,0.20078167714057,0.965566866480404,0.0145933004727501,0.399536640886351,0.952814429510526,"5-Aminopentanoate","C5 H11 N O2",117.07842,116.07114,5.209,24.4975826667116,24.3930371771031,24.3521493098623,"Monotonic decrease"
"Com_3696_pos",0.103180775309337,0.191349398492605,0.98678290331091,3.50795524581657,0.717606045215378,0.988298366959884,3.09229783074578,0.195221564863075,0.965566866480404,-0.415657415070798,0.376575631556324,0.952814429510526,"2-methyl-4-[(3-methyl-2-thienyl)methylene]-1,3-oxazol-5(4H)-one","C10 H9 N O2 S",207.03666,208.04394,5.218,13.3685832414341,13.5477929788197,13.4845826868639,"MCI-associated increase"
"Com_19937_neg",-0.102970355665589,0.192261275612549,0.98678290331091,0.480787381995875,0.883432787149406,0.998265352641438,-0.49336458444622,0.175800189378754,0.959725523649322,-0.974151966442095,0.1953187314659,0.926123611056224,"Sulfaquinoxaline","C14 H12 N4 O2 S",300.0687,299.06123,5.696,20.5055709498118,20.5023874520784,20.1413898418388,"Monotonic decrease"
"Com_27569_pos",-0.102865145843715,0.192718399134867,0.98678290331091,0.160001622056815,0.929899426345924,0.998265352641438,-0.0253604964868828,0.195221564863075,0.965566866480404,-0.185362118543697,0.239337735637425,0.926123611056224,"2-Methylbutyroylcarnitine","C12 H23 N O4",245.16287,246.17015,5.569,21.6282047664455,21.4618319552158,21.0520859632806,"Monotonic decrease"
"Com_6270_neg",-0.102782480983671,0.193078122288065,0.98678290331091,-1.17557117009287,0.487684458553608,0.97424634381184,-1.06486346988982,0.202660487368076,0.965566866480404,0.11070770020305,0.582299670844668,0.955684897603873,"trans-Cinnamic acid","C9 H8 O2",148.05231,147.04499,5.539,22.0637733763758,22.0445484831896,21.9814947115937,"Monotonic decrease"
"Com_21727_pos",0.102684786149074,0.193503879339531,0.98678290331091,-0.320490000178511,0.204998198444284,0.97424634381184,0.790058180930224,0.153213493802722,0.9424809222344,1.11054818110874,0.0193166711117309,0.722958425153893,"4-(morpholinocarbothioyl)benzonitrile","C12 H12 N2 O S",232.06762,233.07487,5.645,19.9585446512101,19.74226615154,20.1755233985151,"MCI-associated decrease"
"Com_31925_neg",-0.102519456428986,0.194225946468912,0.98678290331091,-0.630966390695294,0.0695520507723388,0.97424634381184,0.0910566149682031,0.21617169736747,0.965566866480404,0.722023005663498,0.540081186091507,0.955117225188735,"Tridecylic acid","C13 H26 O2",214.19415,213.18687,6.859,17.7827912588639,17.5927180121648,17.4705349726766,"Monotonic decrease"
"Com_34531_pos",0.102519456428986,0.194225946468912,0.98678290331091,0.0571506372738795,0.586359412302577,0.97424634381184,0.198295178480168,0.187984858244348,0.965566866480404,0.141144541206288,0.553982474057716,0.955117225188735,"1-[2-oxo-2-(2-phenoxyanilino)ethyl]-4-piperidinecarboxylic acid","C20 H22 N2 O4",354.15941,355.16669,5.337,21.1521941217731,21.3037246578043,21.423798913171,"Monotonic increase"
"Com_36_pos",-0.102451821543496,0.194521901473033,0.98678290331091,0.469846930175217,0.387905066234256,0.97424634381184,-0.20552020848411,0.18444161842779,0.965566866480404,-0.675367138659328,0.839987647721254,0.985419326780897,"Creatine","C4 H9 N3 O2",131.07005,132.07732,1.353,28.167141486139,27.7764038044856,27.7902468157535,"MCI-associated decrease"
"Com_10813_pos",0.102436791568942,0.194587713740977,0.98678290331091,0.190639743405854,0.5083465798032,0.97424634381184,0.944967517262568,0.204552073548529,0.965566866480404,0.754327773856714,0.558654854496645,0.955117225188735,"LLK","C18 H36 N4 O4",372.26806,373.27522,6.881,20.297233381198,20.5506954278664,20.7504011454766,"Monotonic increase"
"Com_28890_pos",0.102369156683452,0.194884069212444,0.98678290331091,1.5538323395803,0.914376006626322,0.998265352641438,0.617324084262547,0.175800189378754,0.959725523649322,-0.936508255317755,0.329691999093068,0.952814429510526,"Fmoc-L-Isoleucine","C21 H23 N O4",353.16362,354.1709,5.247,17.062051772168,17.122171803048,17.219157001194,"Monotonic increase"
"Com_28191_pos",-0.102301521797961,0.195180752496147,0.98678290331091,-0.433953198120338,0.145277929455647,0.97424634381184,-0.320817115254075,0.204552073548529,0.965566866480404,0.113136082866262,0.759341893801283,0.975970962603451,"Acarbose","C25 H43 N O18",645.2504,646.25768,1.388,21.902308758873,21.6572971240101,21.6999102677815,"MCI-associated decrease"
"Com_27492_neg",0.10216625202698,0.195775103064235,0.98678290331091,0.302285110638186,0.727369125215803,0.988298366959884,0.262664524239807,0.182688646941563,0.965566866480404,-0.0396205863983787,0.452088341455991,0.952814429510526,"β-Estradiol 3,17-disulfate","C18 H24 O8 S2",432.08595,431.07867,5.2,20.8902595269551,21.2522111807796,21.2669541856965,"Monotonic increase"
"Com_3_pos",0.101805532637698,0.197366459756797,0.98678290331091,1.49152414474305,0.180531663020727,0.97424634381184,0.53814508904983,0.197062250108418,0.965566866480404,-0.953379055693219,0.00595691475892952,0.696884579367964,"Sitagliptin","C16 H15 F6 N5 O",407.1192,408.12648,5.478,-1.15619950004999,-1.18771080640445,-0.925682925186894,"MCI-associated decrease"
"Com_7534_neg",-0.10157256803212,0.198399182879323,0.98678290331091,0.272692551667581,0.751968113314537,0.992345641070078,0.49937696037061,0.175800189378754,0.959725523649322,0.226684408703029,0.155512404291569,0.926123611056224,"Butylparaben","C11 H14 O3",194.09484,193.08755,5.847,21.7210667645854,21.717210310443,21.3177805752707,"Monotonic decrease"
"Com_5462_neg",-0.101512448133906,0.198666326348575,0.98678290331091,-0.278417331055744,0.0779535097686971,0.97424634381184,0.124092095690602,0.189775201504228,0.965566866480404,0.402509426746346,0.423319976747168,0.952814429510526,"Fumaric acid","C4 H4 O4",116.01078,115.00322,1.392,23.5971024766178,23.059034970786,23.4221636049193,"MCI-associated decrease"
"Com_28654_pos",0.101189303681007,0.200106686363993,0.98678290331091,-0.166362197171165,0.842458195298763,0.998265352641438,-0.22151661802465,0.191578076209336,0.965566866480404,-0.055154420853484,0.161681026059015,0.926123611056224,"N1-[2-oxo-6-(1H-pyrrol-1-yl)-2H-chromen-3-yl]acetamide","C15 H12 N2 O3",268.08565,269.09293,5.44,20.2975843637958,20.4799356333629,20.6796813216754,"Monotonic increase"
"Com_22447_pos",0.101016458973642,0.200880204885635,0.98678290331091,0.254541905373341,0.62734180456669,0.97424634381184,0.24907246476912,0.208373705217645,0.965566866480404,-0.00546944060422137,0.456286460649261,0.952814429510526,"7-Aminoflunitrazepam","C16 H14 F N3 O",283.10708,284.11453,5.305,22.366935871769,22.3477011684869,22.4545677960725,"MCI-associated decrease"
"Com_15169_pos",-0.100873674215385,0.201520826718129,0.98678290331091,0.087314348977933,0.247411016969101,0.97424634381184,-0.145497053332905,0.175800189378754,0.959725523649322,-0.232811402310838,0.791340132646549,0.982684488895692,"2-(2,6-dimethoxyphenyl)-5,6-dimethoxy-4H-chromen-4-one","C19 H18 O6",324.1013,325.10854,6.129,17.7333985319507,17.7571482530801,17.6575954444758,"MCI-associated increase"
"Com_3857_pos",0.100836099279001,0.201689656437051,0.98678290331091,-3.41593193964585,0.298634773701801,0.97424634381184,-0.662095101174697,0.187984858244348,0.965566866480404,2.75383683847115,0.0215852293654866,0.722958425153893,"N,N'-di[4-(2,6-dimethylmorpholino)phenyl]thiourea","C25 H34 N4 O2 S",476.2197,477.22697,5.55,14.726812330575,14.9211258269307,15.1471255498616,"Monotonic increase"
"Com_7515_pos",0.100821069304448,0.201757216922156,0.98678290331091,3.75644173860235,0.781820860064895,0.998265352641438,2.38084678635411,0.197062250108418,0.965566866480404,-1.37559495224824,0.376575631556324,0.952814429510526,"diethyl 2-{[2-(2-thienylcarbonyl)hydrazino]methylidene}malonate","C13 H16 N2 O5 S",334.06203,335.06931,5.215,17.1670454475754,17.247519887064,17.1361753614206,"MCI-associated increase"
"Com_20277_pos",0.100708344495297,0.202264441615485,0.98678290331091,0.126309477365838,0.987002241055627,0.998265352641438,0.330166357272784,0.177503867453284,0.964107300380781,0.203856879906946,0.289926386877085,0.946090802750678,"5-Hydroxymebendazole","C16 H15 N3 O3",297.11404,298.12132,5.367,21.3512202012707,21.3941192711621,21.568291328154,"Monotonic increase"
"Com_2048_pos",-0.100685799533467,0.202365996928148,0.98678290331091,0.0293143840782342,0.914376006626322,0.998265352641438,-0.146470970169882,0.193393518701727,0.965566866480404,-0.175785354248116,0.197731359513098,0.926123611056224,"Sedanolide","C12 H18 O2",194.13164,195.13895,5.85,27.9398465823621,27.9512994506759,27.6233842048681,"MCI-associated increase"
"Com_28435_pos",-0.100625679635253,0.202636991033612,0.98678290331091,-0.181308096682621,0.298634773701801,0.97424634381184,-0.256168101230096,0.202660487368076,0.965566866480404,-0.0748600045474752,0.95003605531247,1,"2-(3,4-dihydroxyphenyl)acetamide","C8 H9 N O3",189.04303,190.05031,5.522,23.2770850501073,23.2780197123596,23.1514928350016,"MCI-associated increase"
"Com_15440_neg",-0.100588104698869,0.202806495290121,0.98678290331091,-0.578212391896704,0.0149381634059424,0.97424634381184,3.54155482877087,0.240820382786206,0.965566866480404,4.11976722066757,0.220431908222647,0.926123611056224,"LPE 19:1","C24 H48 N O7 P",493.3198,492.31252,9.775,13.2327126065527,13.049743060603,13.1455776181854,"MCI-associated decrease"
"Com_27796_neg",-0.100475379889719,0.203315621886119,0.98678290331091,-0.0522425349534602,0.811998572511015,0.998265352641438,-0.369446821772141,0.172429467693146,0.959725523649322,-0.317204286818681,0.210122011809528,0.926123611056224,"4-Hydroxy-2-Oxoglutaric Acid","C5 H6 O6",162.01686,161.00934,1.349,20.6229499429341,20.8280974057803,20.4314468001472,"MCI-associated increase"
"Com_662_pos",0.100437804953335,0.203485535435836,0.98678290331091,-0.00374117856673757,0.664767431803053,0.978405986285098,0.346615210261963,0.164214460921094,0.957544813000384,0.350356388828701,0.161681026059015,0.926123611056224,"D-(+)-Proline","C5 H9 N O2",115.06403,116.07131,1.894,28.0834176854261,27.8406552614983,28.3083997427479,"MCI-associated decrease"
"Com_1015_pos",-0.100189810373203,0.204609533606598,0.98678290331091,-0.0135980519481402,0.650628184064169,0.978176760105966,-0.0900414777506782,0.180948057054039,0.965566866480404,-0.0764434258025381,0.596707253498334,0.955684897603873,"Choline","C5 H13 N O",103.10061,104.10788,1.265,28.9976210274338,28.8132412802829,28.8216193805489,"MCI-associated decrease"
"Com_19439_pos",-0.100092115538606,0.205053546644937,0.98678290331091,-0.0563415145827905,0.0895980641270494,0.97424634381184,0.32605440538308,0.226211800846851,0.965566866480404,0.382395919965871,0.601545587417017,0.955684897603873,"N1-(1H-indol-4-yl)cyclohexane-1-carboxamide","C15 H18 N2 O",242.14302,243.1503,6.564,16.7139946643764,16.4184067239018,16.5765638962446,"MCI-associated decrease"
"Com_5443_neg",0.100054540602222,0.205224505524399,0.98678290331091,-0.805491037535956,0.796871754630755,0.998265352641438,1.21872855683306,0.195221564863075,0.965566866480404,2.02421959436902,0.149524090306385,0.926123611056224,"N-(1-benzylpiperidin-4-yl)-5-methoxy-1H-indole-2-carboxamide","C22 H25 N3 O2",363.19066,362.18339,5.572,20.9072828628076,21.0542499333636,21.1715706712853,"Monotonic increase"
"Com_1614_pos",-0.100001935691285,0.205464020343047,0.98678290331091,2.14366767773279,0.888578956214013,0.998265352641438,-0.0664406309588375,0.175800189378754,0.959725523649322,-2.21010830869163,0.407373648283687,0.952814429510526,"1-(3-methoxy-2-nitrostyryl)pyrrolidine","C13 H16 N2 O3",248.11716,249.12454,5.415,21.4096628644969,21.301199324229,21.0901266418589,"Monotonic decrease"
"Com_10224_pos",-0.0998741809075813,0.206046536848959,0.98678290331091,0.246962243052503,0.200379096595323,0.97424634381184,0.0938309994088867,0.197062250108418,0.965566866480404,-0.153131243643616,0.780631974791441,0.982684488895692,"Monobutyl phthalate","C12 H14 O4",222.09023,223.09748,5.861,22.6864572036728,22.2384043460075,22.3397797978296,"MCI-associated decrease"
"Com_19356_neg",-0.0998441209584744,0.206183772085253,0.98678290331091,-0.0182885882636732,0.346387458950286,0.97424634381184,-0.115449287500988,0.220148548514998,0.965566866480404,-0.0971606992373152,0.791340132646549,0.982684488895692,"2,2-Dimethylsuccinic acid","C6 H10 O4",146.05746,145.05018,4.119,24.4504127491445,24.3906520598506,24.2998413951414,"Monotonic decrease"
"Com_30927_neg",-0.0996337013147263,0.207146260340417,0.98678290331091,-0.480726940947563,0.377251420655644,0.97424634381184,-0.626694873011838,0.218153610239072,0.965566866480404,-0.145967932064276,0.759341893801283,0.975970962603451,"D-Homocysteine","C4 H9 N O2 S",135.03546,134.02818,1.244,20.0001834609204,19.9157999726913,19.9860022248747,"MCI-associated decrease"
"Com_44576_pos",0.0996036413656194,0.207284021883472,0.98678290331091,0.227878803945064,0.512533412985101,0.97424634381184,0.487219171776608,0.197062250108418,0.965566866480404,0.259340367831544,0.686346148385175,0.975261360435008,"ethyl 1-(3-nitro-2-thienyl)piperidine-4-carboxylate","C12 H16 N2 O4 S",266.07057,267.07779,5.146,18.7922491899318,18.9489317572679,18.9246292166742,"MCI-associated increase"
"Com_16276_pos",-0.0995510364546824,0.207525263015339,0.98678290331091,-0.160152845963552,0.272198767366916,0.97424634381184,-0.190779577367517,0.226211800846851,0.965566866480404,-0.0306267314039654,0.905781933459163,0.994037609026979,"2,3-Dinor-11β-prostaglandin F2α","C18 H30 O5",343.23735,344.24463,5.75,23.6874956557013,23.5307166432258,23.4798542475204,"Monotonic decrease"
"Com_15056_neg",0.0995134615182988,0.207697701590603,0.98678290331091,0.0546127772835553,0.336467330954755,0.97424634381184,0.00950049403842293,0.234480175281469,0.965566866480404,-0.0451122832451322,0.743492207683456,0.975261360435008,"Isopentenyl pyrophosphate","C5 H12 O7 P2",246.00578,244.9985,2.88,21.9752487531747,22.4641399350814,22.9797025363029,"Monotonic increase"
"Com_16871_pos",-0.0994683715946385,0.207904763744625,0.98678290331091,0.327922494997674,0.551007934514627,0.97424634381184,-0.323932946051769,0.206456468670261,0.965566866480404,-0.651855441049442,0.060129203693256,0.85216222452694,"Cycloheximide","C15 H23 N O4",281.16394,282.17114,5.467,23.2258235503092,23.2656199506718,22.6013431413395,"MCI-associated increase"
"Com_9775_neg",-0.0994608566073618,0.207939288515852,0.98678290331091,0.732611536320133,0.417198243615752,0.97424634381184,0.142155808963654,0.18444161842779,0.965566866480404,-0.590455727356479,0.0512394530078232,0.806267863505453,"Myricetin","C15 H10 O8",318.04212,317.03484,4.843,18.1941279544622,18.5475727355316,17.6896519462778,"MCI-associated increase"
"Com_41587_neg",0.099348131798211,0.208457654370551,0.98678290331091,0.255662828462774,0.961020516526437,0.998265352641438,0.85680188544907,0.198915609379908,0.965566866480404,0.601139056986296,0.2774202983206,0.937882209172329,"α,α-Trehalose","C12 H22 O11",342.1125,341.10522,6.932,17.3789152935909,17.4235484372955,17.5321781800974,"Monotonic increase"
"Com_8100_pos",-0.0993105568618274,0.208630649002083,0.98678290331091,0.00999902604030937,0.555368969487478,0.97424634381184,0.3403439482066,0.174108736192935,0.959725523649322,0.330344922166291,0.107766897799477,0.914281594941658,"Ornithine","C5 H12 N2 O2",132.09063,133.09783,1.146,21.4676109820676,21.5478871288445,20.9953068745788,"MCI-associated increase"
"Com_5845_neg",-0.099295526887274,0.208699875705442,0.98678290331091,1.45418504610024,0.343060251703388,0.97424634381184,0.0162441557691591,0.153213493802722,0.9424809222344,-1.43794089033108,0.0681300176363369,0.867791165027521,"Dl-2-Amino-3-phosphonopropionic acid","C3 H8 N O5 P",169.01345,168.00618,4.923,15.0246518145708,15.0982064321685,14.4468526116063,"MCI-associated increase"
"Com_13570_pos",-0.0991377121544629,0.209427751830228,0.98678290331091,0.179170173618164,0.516738151913713,0.97424634381184,-0.0252236170542759,0.198915609379908,0.965566866480404,-0.20439379067244,0.686346148385175,0.975261360435008,"N-Palmitoyl taurine","C18 H37 N O4 S",363.24276,364.25,6.258,22.0032883468267,21.720680881602,21.7242635081646,"MCI-associated decrease"
"Com_1219_pos",0.0990926222308026,0.209636050546754,0.98678290331091,-1.03412570278123,0.366780087996831,0.97424634381184,-3.32839770748839,0.212246829970061,0.965566866480404,-2.29427200470715,0.0245219374707132,0.722958425153893,"Clinafloxacin","C17 H17 Cl F N3 O3",347.08476,348.09204,5.52,10.5343533680568,10.584051552241,10.9063663924846,"Monotonic increase"
"Com_18207_pos",-0.098814567701564,0.210923843487703,0.98678290331091,0.0907751416767507,0.914376006626322,0.998265352641438,-0.0394902798850353,0.198915609379908,0.965566866480404,-0.130265421561786,0.319434026937223,0.952814429510526,"2-Methylnicotinamide","C7 H8 N2 O",136.06439,137.07167,10.709,22.2901994228082,22.2719654922486,22.2039132616232,"Monotonic decrease"
"Com_36922_pos",0.0985740881087091,0.212042172861623,0.98678290331091,-0.0573834561744502,0.455590338923466,0.97424634381184,0.0322578438089949,0.218153610239072,0.965566866480404,0.089641299983445,0.681233164972313,0.973840329352538,"TLK","C16 H32 N4 O5",360.24035,361.24762,6.959,20.7430323329031,20.7711793584062,20.7861342900304,"Monotonic increase"
"Com_143_pos",0.0984839082613884,0.212462638613049,0.98678290331091,1.40923848792889,0.650628184064169,0.978176760105966,6.25812330656799,0.193393518701727,0.965566866480404,4.8488848186391,0.582299670844668,0.955684897603873,"2-(2-hydroxyphenyl)-3,4-dihydroquinazolin-4-one","C14 H10 N2 O2",238.07084,239.07811,5.121,7.67299216000288,7.9361177052906,8.02287693444416,"Monotonic increase"
"Com_13005_pos",0.0984613632995583,0.212567848198263,0.98678290331091,-1.53540950380984,0.136488159162668,0.97424634381184,0.604148788347183,0.165833422721707,0.959725523649322,2.13955829215703,0.0121946848589203,0.696884579367964,"Ifenprodil","C21 H27 N O2",325.20514,326.21231,5.633,19.8229064118933,19.5661821853135,20.1304750425435,"MCI-associated decrease"
"Com_8763_neg",0.0984237883631747,0.212743280326846,0.98678290331091,0.462159543650096,0.631970449622002,0.974363661520955,0.6245474059031,0.21617169736747,0.965566866480404,0.162387862253003,0.490649280435088,0.952814429510526,"8-Iso-15-keto-prostaglandin-F2β","C20 H32 O5",352.227,351.21973,5.924,22.073918172614,22.1012770489501,22.3237329486316,"Monotonic increase"
"Com_12770_pos",-0.0982584586430869,0.213516412061624,0.98678290331091,-0.0348981243828715,0.487684458553608,0.97424634381184,0.272545058990021,0.206456468670261,0.965566866480404,0.307443183372892,0.712122795096669,0.975261360435008,"ethyl 2-cyano-3-[(2-oxoazepan-3-yl)amino]acrylate","C12 H17 N3 O3",251.12798,252.13525,5.232,21.1468912683913,20.6280514814585,20.7971758897213,"MCI-associated decrease"
"Com_2227_pos",-0.0982509436558102,0.213551602071551,0.98678290331091,-0.100022696673883,0.693402310791431,0.98465888858239,-0.454950087771473,0.236580305853911,0.965566866480404,-0.35492739109759,0.358077087883609,0.952814429510526,"(2E)-3-(3,4-dimethoxyphenyl)prop-2-enoic acid","C11 H12 O4",190.06397,191.07129,5.513,25.5244448143863,25.5306611421301,25.3176290903029,"MCI-associated increase"
"Com_464_neg",0.0982509436558102,0.21355160207155,0.98678290331091,-1.57219695798348,0.4361508056837,0.97424634381184,-1.18695647307099,0.161012300498226,0.944017323469053,0.385240484912481,0.0975096563427624,0.914281594941658,"2-Methylbutyl beta-D-glucopyranoside","C11 H22 O6",296.14884,295.14157,5.23,12.0388965003928,11.9213548529174,12.4137067637835,"MCI-associated decrease"
"Com_1414_pos",-0.0981532488212128,0.214009449503576,0.98678290331091,-1.41895434800995,0.842458195298763,0.998265352641438,-1.62728445135952,0.202660487368076,0.965566866480404,-0.208330103349577,0.372829509623318,0.952814429510526,"ethyl 5-hydroxy-4-oxo-4H-chromene-2-carboxylate","C12 H10 O5",234.05154,235.05881,5.672,22.9279269712519,22.7541399816927,22.7226415899946,"Monotonic decrease"
"Com_4918_pos",-0.0978601643174209,0.215387198974027,0.98678290331091,0.245107112749849,0.277930377315134,0.97424634381184,-0.0178043550941775,0.232393284577867,0.965566866480404,-0.262911467844026,0.922350421507559,1,"Tramadol N-Oxide","C16 H25 N O3",279.18479,280.19211,5.629,21.8522565362586,21.1909376007016,21.2079161476862,"MCI-associated decrease"
"Com_38410_neg",0.097777499457377,0.215776936920497,0.98678290331091,-1.1586531393338,0.950637861926265,0.998265352641438,-0.499889179919691,0.220148548514998,0.965566866480404,0.658763959414113,0.247780744473925,0.926123611056224,"Adrenic acid","C22 H36 O2",332.274,331.26672,10.49,17.579754075168,17.5810167954368,17.6022956550731,"Monotonic increase"
"Com_5305_neg",-0.0975295048772453,0.216949168739775,0.98678290331091,-0.862268903290394,0.174251488990335,0.97424634381184,-0.370145037330431,0.245113701699838,0.965566866480404,0.492123865959964,0.894758563045729,0.994037609026979,"2,3,6-Trimethylphenol","C9 H12 O",136.08856,135.08106,5.812,23.6500767129672,23.4471862884411,23.3227161227749,"Monotonic decrease"
"Com_24777_pos",0.0975219898899685,0.216984761626067,0.98678290331091,0.0860166093679094,0.329956481578519,0.97424634381184,0.194669496640767,0.208373705217645,0.965566866480404,0.108652887272857,0.972229695919683,1,"Cortodoxone","C21 H30 O4",346.21574,347.22304,5.602,21.6825488367666,22.2194936426344,22.0737421321938,"MCI-associated increase"
"Com_8841_neg",0.0969358208823845,0.219773840189489,0.98678290331091,-0.132604247243953,0.590851258792348,0.97424634381184,-0.0234043716995693,0.180948057054039,0.965566866480404,0.109199875544384,0.134415735341544,0.926123611056224,"Prostaglandin H1","C20 H34 O5",336.23026,335.22296,6.303,18.8827431871481,18.6864434052854,19.0776938230719,"MCI-associated decrease"
"Com_5355_pos",-0.0968381260477872,0.220241153272168,0.98678290331091,0.916552589587009,0.898885180907176,0.998265352641438,-0.717154256502957,0.210303815164926,0.965566866480404,-1.63370684608997,0.33315821936716,0.952814429510526,"3-hydroxy-1,5-diphenylpentan-1-one","C17 H18 O2",236.11723,237.1245,4.669,22.4629986471008,22.505462678152,22.124985260919,"MCI-associated increase"
"Com_2064_pos",0.0968155810859571,0.220349094954121,0.98678290331091,-0.0832288667465148,0.577423547853057,0.97424634381184,0.0641479841916435,0.228259123030052,0.965566866480404,0.147376850938158,0.540081186091507,0.955117225188735,"Mesalamine","C7 H7 N O3",153.04332,154.05058,4.92,24.1117562371293,24.3506206654857,24.3031735121175,"MCI-associated increase"
"Com_16178_pos",-0.0967930361241269,0.220457074220382,0.98678290331091,-0.355130247991502,0.195836438232694,0.97424634381184,-0.260745648629435,0.262822777279203,0.965566866480404,0.0943845993620672,0.988889993758403,1,"Virginiamycin","C28 H35 N3 O7",507.236,254.62521,6.516,21.9530120584491,21.3112281051933,21.8208135048912,"MCI-associated decrease"
"Com_2246_neg",-0.0967404312131899,0.220709172026247,0.98678290331091,-0.337202067162888,0.559746795848292,0.97424634381184,-0.483805160342601,0.21617169736747,0.965566866480404,-0.146603093179713,0.621073413560985,0.958253139885009,"Ciliatine","C2 H8 N O3 P",125.02338,124.0161,5.138,24.5291257810137,24.416367992169,24.1684253072616,"Monotonic decrease"
"Com_50018_pos",0.0966201914167624,0.221286164340957,0.98678290331091,0.397366423620894,0.586359412302577,0.97424634381184,0.474896168859674,0.197062250108418,0.965566866480404,0.0775297452387801,0.696615093107947,0.975261360435008,"2-(3,4-dimethoxyphenyl)quinoline","C17 H15 N O2",287.09307,288.10034,6.596,18.7130167210127,18.6658017040319,18.8035940837834,"MCI-associated decrease"
"Com_6620_neg",-0.0964473467093979,0.222117465694606,0.98678290331091,-1.08264823530466,0.391496632710145,0.97424634381184,-0.644453398576301,0.218153610239072,0.965566866480404,0.438194836728358,0.850888800732806,0.986938771581683,"4-Phenylbutyric acid","C10 H12 O2",164.08364,163.07627,5.985,21.3883367772951,21.3926754391861,21.194937443848,"MCI-associated increase"
"Com_823_pos",-0.0963721968366307,0.222479591239065,0.98678290331091,-0.769981724733081,0.935080128178475,0.998265352641438,-0.530687076288657,0.20078167714057,0.965566866480404,0.239294648444423,0.354447160577758,0.952814429510526,"Daidzein","C15 H10 O4",254.05914,255.0664,5.327,22.997738029106,23.1841784931745,22.4355190221606,"MCI-associated increase"
"Com_31448_neg",-0.0962745020020334,0.222950980132655,0.98678290331091,-1.2873354600671,0.0247746046796803,0.97424634381184,-1.26069574641885,0.210303815164926,0.965566866480404,0.026639713648252,0.153496398950392,0.926123611056224,"20-Hydroxy-(5Z,8Z,11Z,14Z)-eicosatetraenoic acid","C20 H32 O3",320.23706,319.22978,7.143,15.6492823410158,15.1902004957494,15.379133959885,"MCI-associated decrease"
"Com_7989_pos",0.0962218970910963,0.223205097990168,0.98678290331091,-0.144736017067241,0.613544182102069,0.97424634381184,0.0606961469508504,0.180948057054039,0.965566866480404,0.205432164018091,0.153496398950392,0.926123611056224,"2,3-Pyridinedicarboxylic acid","C7 H5 N O4",167.0226,168.02992,1.568,23.6754614972225,23.6881250639141,23.9488591508074,"Monotonic increase"
"Com_20186_pos",0.0961016572946689,0.223786709490251,0.98678290331091,0.453028802987371,0.817056781514819,0.998265352641438,0.450431939652544,0.198915609379908,0.965566866480404,-0.00259686333482755,0.464748100925728,0.952814429510526,"Docosahexaenoic acid","C22 H32 O2",328.24156,329.24884,6.809,21.2299265365269,21.3945123530802,21.6020814967276,"Monotonic increase"
"Com_26331_pos",-0.096018992434625,0.22418718963909,0.98678290331091,-0.375473433669103,0.712741631310101,0.988298366959884,-0.353428986306964,0.222156540980074,0.965566866480404,0.0220444473621387,0.456286460649261,0.952814429510526,"(3S,9aS)-3-benzyl-octahydro-1H-pyrido[1,2-a]pyrazin-1-one","C15 H20 N2 O",266.13881,267.14609,2.298,21.5422785939505,21.5001212504941,21.421224766729,"Monotonic decrease"
"Com_3208_pos",-0.0959288125873043,0.224624655586294,0.98678290331091,-0.178173429766528,0.53802676907566,0.97424634381184,0.555992899631069,0.202660487368076,0.965566866480404,0.734166329397597,0.748763745418092,0.975261360435008,"Artemisinin","C15 H22 O5",282.14775,283.15493,5.958,22.6699416493012,22.7201067872807,22.4187787626083,"MCI-associated increase"
"Com_3026_neg",0.095883722663644,0.224843615011403,0.98678290331091,0.038065304642318,0.929899426345924,0.998265352641438,0.15638778210016,0.212246829970061,0.965566866480404,0.118322477457842,0.326249222520008,0.952814429510526,"δ-Gluconic acid δ-lactone","C6 H10 O6",178.04813,177.04063,1.366,27.5732001894851,27.6268913083045,27.832829353897,"Monotonic increase"
"Com_590_pos",-0.0958611777018139,0.224953151350769,0.98678290331091,0.881654547125417,0.178419859198224,0.97424634381184,0.053177515821928,0.245113701699838,0.965566866480404,-0.828477031303489,0.845434525219498,0.985419326780897,"N-(2-Furoyl)glycine","C7 H7 N O4",169.03855,170.04578,4.149,26.4213705975673,26.2612016101026,26.2550315553503,"Monotonic decrease"
"Com_32_neg",0.0958536627145372,0.224989671854029,0.98678290331091,0.0586463782460275,0.62734180456669,0.97424634381184,0.160137971616728,0.222156540980074,0.965566866480404,0.1014915933707,0.544695495464747,0.955117225188735,"Traumatic acid","C12 H20 O4",228.13561,263.10501,5.38,33.7623480374161,33.844749800512,33.8999553510463,"Monotonic increase"
"Com_774_neg",-0.0957409379053864,0.225537982922724,0.98678290331091,-0.651117556576232,0.409755270771572,0.97424634381184,-0.67212202421086,0.236580305853911,0.965566866480404,-0.0210044676346281,0.748763745418092,0.975261360435008,"4-Aminohippuric acid","C9 H10 N2 O3",194.0696,193.06232,5.002,25.914805760506,25.6789477849828,25.7556981937173,"MCI-associated decrease"
"Com_30071_pos",0.0956733030198959,0.225867422863466,0.98678290331091,-0.266346198911467,0.226742814294498,0.97424634381184,0.0930130281204761,0.189775201504228,0.965566866480404,0.359359227031944,0.0236494761200272,0.722958425153893,"5-[(benzoyloxy)methyl]-4,5,6-trihydroxycyclohex-2-en-1-yl benzoate","C21 H20 O7",406.10294,407.11021,5.919,21.3420203436709,21.1854233885217,21.6051393005183,"MCI-associated decrease"
"Com_160_pos",-0.0956282130962356,0.226087238431077,0.98678290331091,-0.23420923341639,0.406063584139033,0.97424634381184,0.774131613609617,0.228259123030052,0.965566866480404,1.00834084702601,0.802087812429697,0.983085864031817,"4-Pyridoxic acid","C8 H9 N O4",183.05402,184.0613,3.517,25.7101760649196,25.3070534095553,25.2620427831288,"Monotonic decrease"
"Com_14079_neg",0.0954779133507013,0.226821049085985,0.98678290331091,-0.688626879208908,0.68859794174135,0.98465888858239,-0.121196549879833,0.208373705217645,0.965566866480404,0.567430329329075,0.136237059103996,0.926123611056224,"5-(3-Nitrophenyl)-N-phenyloxazol-2-amine","C15 H11 N3 O3",281.08358,280.07631,5.56,20.5729233084902,20.6903541272638,20.8042256477728,"Monotonic increase"
"Com_20460_neg",-0.0952374337578463,0.227998643160523,0.98678290331091,0.0461881739374911,0.380782423426346,0.97424634381184,0.149774337160846,0.226211800846851,0.965566866480404,0.103586163223355,0.867293463278401,0.987763710173379,"N1-morpholinocarbonyl-4-methylbenzene-1-sulfonamide","C12 H16 N2 O4 S",284.08476,283.07748,1.591,16.1372371583938,15.8324439524353,15.8084049620661,"Monotonic decrease"
"Com_17588_pos",0.094951864241331,0.229402632018069,0.98678290331091,0.942892215865226,0.981803910122497,0.998265352641438,0.219189746012816,0.186207009633535,0.965566866480404,-0.72370246985241,0.38413723439593,0.952814429510526,"GKK","C14 H29 N5 O4",331.21598,332.22326,6.389,19.7858063108699,19.5348013386861,19.9613471050224,"MCI-associated decrease"
"Com_4538_neg",-0.0948691993812871,0.229810184777776,0.98678290331091,0.0631708116425174,0.679026964522413,0.981173331585391,-0.00752853709842292,0.222156540980074,0.965566866480404,-0.0706993487409404,0.521821734292681,0.952814429510526,"2-(Formylamino)Benzoic Acid","C8 H7 N O3",165.0427,164.03542,5.705,24.5534084266357,24.3282708408557,24.2970108675804,"Monotonic decrease"
"Com_31875_pos",0.0948241094576268,0.230032701187782,0.98678290331091,-0.308756528075012,0.981803910122497,0.998265352641438,-0.0178024285663254,0.234480175281469,0.965566866480404,0.290954099508686,0.24494354942442,0.926123611056224,"Thr-Leu","C10 H20 N2 O4",232.14321,233.15051,5.162,19.9005659848666,20.1350263899414,20.2346675754005,"Monotonic increase"
"Com_7492_neg",-0.0948241094576268,0.230032701187782,0.98678290331091,-0.0708325373636245,0.703047950925009,0.986572206543947,-0.168704655342234,0.224177615866304,0.965566866480404,-0.0978721179786098,0.490649280435088,0.952814429510526,"10-Undecenoic acid","C11 H20 O2",184.14673,183.13937,6.568,24.4100558599188,24.5769300300786,24.190351992842,"MCI-associated increase"
"Com_22025_pos",-0.0948090794830734,0.23010690704204,0.98678290331091,-0.442705443789133,0.455590338923466,0.97424634381184,-0.515796705132011,0.220148548514998,0.965566866480404,-0.073091261342878,0.802087812429697,0.983085864031817,"6-Keto-prostaglandin f1alpha","C20 H34 O6",370.23384,371.24112,6.612,20.5960462452604,20.5404836819029,20.3771075643302,"Monotonic decrease"
"Com_345_pos",-0.0946888396866459,0.230701160952334,0.98678290331091,0.0928573732784747,0.919547147740815,0.998265352641438,-0.232521917166206,0.230319608953452,0.965566866480404,-0.32537929044468,0.202621892222762,0.926123611056224,"6-Methylnicotinamide","C7 H8 N2 O",136.06471,137.07199,1.273,27.1595864423099,27.4260990829538,27.0516234081428,"MCI-associated increase"
"Com_17110_pos",-0.0945911448520485,0.231184787202893,0.98678290331091,-1.09855620863447,0.121707891339525,0.97424634381184,-1.14171039608509,0.245113701699838,0.965566866480404,-0.0431541874506164,0.63093955575425,0.962373948192512,"(Methylthio)methylpyrazine","C6 H8 N2 S",140.04169,141.04897,1.694,18.6132038814766,18.2457387369077,18.5010847294462,"MCI-associated decrease"
"Com_15790_pos",0.0945159949792814,0.231557292582824,0.98678290331091,1.7382617619714,0.796871754630755,0.998265352641438,1.14195017046347,0.189775201504228,0.965566866480404,-0.596311591507933,0.253523947290226,0.926123611056224,"Tomatidine","C27 H45 N O2",415.34713,416.35441,5.697,19.5897999491999,19.4966559828264,19.8583446019432,"MCI-associated decrease"
"Com_391_pos",-0.0945009650047279,0.231631844300716,0.98678290331091,-0.153758228112527,0.380782423426346,0.97424634381184,-0.244619345034206,0.222156540980074,0.965566866480404,-0.0908611169216789,0.916823486673997,1,"XLR11 N-(2-fluoropentyl) isomer","C21 H28 F N O",329.22161,330.2289,5.764,30.3021286018479,30.1507582694791,30.1500752326313,"Monotonic decrease"
"Com_669_neg",-0.0944032701701306,0.232116842043144,0.98678290331091,0.700291521285304,0.314038811796066,0.97424634381184,-0.54026121901018,0.208373705217645,0.965566866480404,-1.24055274029548,0.88925435424667,0.993217285014548,"Chlortetracycline","C22 H23 Cl N2 O8",478.11399,477.10671,5.628,17.5554394596761,16.4716236936291,17.4328992767225,"MCI-associated decrease"
"Com_34904_pos",0.0942980603482566,0.232639945376461,0.98678290331091,-0.107572878986225,0.329956481578519,0.97424634381184,0.25826654672641,0.226211800846851,0.965566866480404,0.365839425712635,0.0273086598372519,0.725125110652193,"Evernic acid","C17 H16 O7",332.08814,333.09541,5.38,22.0080819027888,21.7701316651324,22.034008764082,"MCI-associated decrease"
"Com_27708_pos",-0.0938997660225905,0.234627768733685,0.98678290331091,0.274009113630127,0.277930377315134,0.97424634381184,-0.354385632100942,0.247280382454921,0.965566866480404,-0.628394745731069,0.988889993758403,1,"L-Glutathione (reduced)","C10 H17 N3 O6 S",307.08506,308.09221,1.64,20.7389273945848,19.952905398966,20.4718172660646,"MCI-associated decrease"
"Com_23560_pos",0.0938772210607604,0.234740642297504,0.98678290331091,-0.0228937820394085,0.950637861926265,0.998265352641438,-0.0307762633996676,0.218153610239072,0.965566866480404,-0.00788248136025915,0.336647873819013,0.952814429510526,"(4-benzoylpiperidino)[4-(tert-butyl)phenyl]methanone","C23 H27 N O2",387.15517,388.16168,5.376,22.3681000205874,22.4497762807623,22.6936625514192,"Monotonic increase"
"Com_14337_pos",0.0938246161498233,0.235004162068612,0.98678290331091,0.400640201566877,0.971409786388953,0.998265352641438,1.70897798358613,0.224177615866304,0.965566866480404,1.30833778201925,0.302806524686605,0.947377138639377,"NNK","C14 H26 N6 O6",356.18275,357.19002,6.325,17.2796383748136,17.3278348629001,17.5067496465091,"Monotonic increase"
"Com_17680_pos",-0.0938020711879932,0.235117162602822,0.98678290331091,-0.933575778389956,0.997400337824886,0.999268128719689,-0.833901175598437,0.220148548514998,0.965566866480404,0.0996746027915189,0.299551364204597,0.947377138639377,"4-(4-methylbenzyl)-1lambda~6~,4-thiazinane-1,1-dione","C12 H17 N O2 S",239.09705,240.10432,4.395,18.1494966653922,18.2248352224835,18.1310685476775,"MCI-associated increase"
"Com_25816_pos",0.0936517714424588,0.235871473302381,0.98678290331091,-0.00528647615038906,0.791846088302126,0.998265352641438,0.0604977377695689,0.220148548514998,0.965566866480404,0.065784213919958,0.460506411169444,0.952814429510526,"PPH","C16 H23 N5 O4",371.16112,372.1684,5.332,21.3659235982792,21.5047830056601,21.6022612388362,"Monotonic increase"
"Com_4924_pos",0.0935841365569684,0.236211465826243,0.98678290331091,-0.0045811432423546,0.796871754630755,0.998265352641438,0.0303170332481118,0.236580305853911,0.965566866480404,0.0348981764904665,0.391791030156657,0.952814429510526,"N8-Acetylspermidine","C9 H21 N3 O",187.16961,188.17689,1.25,26.2194859302799,26.0989638259947,26.4786894184819,"MCI-associated decrease"
"Com_38550_pos",-0.0935315316460313,0.23647614172057,0.98678290331091,-0.0316243123608402,0.919547147740815,0.998265352641438,-0.194396852396536,0.218153610239072,0.965566866480404,-0.162772540035695,0.25643004405867,0.926123611056224,"PQH","C16 H24 N6 O5",170.09465,171.10241,6.278,20.9291885112084,21.2494765055711,20.7710365460688,"MCI-associated increase"
"Com_14871_pos",-0.0934939567096477,0.236665323063864,0.98678290331091,-0.153013405008606,0.636613563487546,0.975199016366034,-0.0979140928451311,0.247280382454921,0.965566866480404,0.0550993121634747,0.495040349092113,0.952814429510526,"Thromboxane B2","C20 H34 O6",392.21927,393.22662,5.836,23.9561830028889,24.0354449082873,23.6822161626887,"MCI-associated increase"
"Com_2738_pos",0.0932609921040695,0.237840613089077,0.98678290331091,1.8631414801506,0.406063584139033,0.97424634381184,-0.596246998074558,0.218153610239072,0.965566866480404,-2.45938847822516,0.944493022100843,1,"morpholino(quinolin-6-yl)methanone","C14 H14 N2 O2",242.10684,243.11397,5.358,21.1699659324647,21.3857426336963,21.4965048331316,"Monotonic increase"
"Com_9536_pos",-0.093193357218579,0.238182589792972,0.98678290331091,0.142812185973917,0.82212262125063,0.998265352641438,-0.257792837132545,0.230319608953452,0.965566866480404,-0.400605023106462,0.179032133159955,0.926123611056224,"H-Gly-Pro-OH","C7 H12 N2 O3",172.08556,173.09283,5.054,21.4857959548354,21.8191544276611,21.1893977742188,"MCI-associated increase"
"Com_3404_neg",-0.0931106923585351,0.238601028121202,0.98678290331091,-0.0346318559602289,0.20733656909646,0.97424634381184,0.115056508382441,0.230319608953452,0.965566866480404,0.14968836434267,0.743492207683456,0.975261360435008,"Methylmalonic acid","C4 H6 O4",118.02624,117.01892,1.554,21.6051698694231,21.3176303766113,21.4766372881837,"MCI-associated decrease"
"Com_23274_neg",0.0931031773712584,0.238639093436372,0.98678290331091,0.0634556916109797,0.693402310791431,0.98465888858239,0.188825124592071,0.247280382454921,0.965566866480404,0.125369432981091,0.452088341455991,0.952814429510526,"Dl-3-Hydroxynorvaline","C5 H11 N O3",133.07348,132.06624,1.471,20.4310381205329,20.3589570675741,20.7837056086827,"MCI-associated decrease"
"Com_424_pos",0.0929829375748309,0.239248715892704,0.98678290331091,0.281590584035618,0.997400337824886,0.999268128719689,0.169674780621425,0.238693700490465,0.965566866480404,-0.111915803414193,0.259359193929178,0.926123611056224,"Oxohongdenafil","C25 H32 N6 O4",480.25646,481.26374,5.405,12.9952429370817,12.8002055128948,13.5628155531194,"MCI-associated decrease"
"Com_6006_pos",-0.0929378476511706,0.239477604592097,0.98678290331091,0.154157163192961,0.4209494251512,0.97424634381184,0.00353378570746958,0.258314825670011,0.965566866480404,-0.150623377485492,0.722528284052316,0.975261360435008,"α-Hydroxyalprazolam","C17 H13 Cl N4 O",143.05963,144.06644,5.55,24.8436691359629,24.8108218384785,24.7982782395478,"Monotonic decrease"
"Com_24903_pos",-0.0928401528165733,0.239974054745639,0.98678290331091,-0.0931161119221219,0.263753978368104,0.97424634381184,-0.0856645325951497,0.260562056803757,0.965566866480404,0.00745157932697227,0.988889993758403,1,"octadec-9-ynoic acid","C18 H32 O2",262.23081,263.23811,7.062,20.7583615946284,20.429721739731,20.5597808740499,"MCI-associated decrease"
"Com_26698_pos",-0.0928025778801897,0.24016518832037,0.98678290331091,-0.76586112769519,0.0283240979835282,0.97424634381184,-0.694855194174625,0.283778801286709,0.967016934320951,0.0710059335205648,0.296319630148174,0.947377138639377,"7-Methoxyflavone","C16 H12 O3",504.16303,505.17031,5.944,20.461628164229,19.8696202088873,20.2568806682266,"MCI-associated decrease"
"Com_18083_pos",-0.0927499729692527,0.240432953828654,0.98678290331091,0.0502055346785199,0.0946316132484227,0.97424634381184,-0.238646167305919,0.25386076165015,0.965566866480404,-0.288851701984438,0.517306989731243,0.952814429510526,"1,3,5-Trimethylpyrazole","C6 H10 N2",110.08487,111.09212,1.37,22.4818035931962,22.2524021381153,22.2602679424301,"MCI-associated decrease"
"Com_37651_pos",0.0926823380837622,0.240777529835615,0.98678290331091,-1.9240824030168,0.0836117433564776,0.97424634381184,-1.82219104900777,0.249460439132162,0.965566866480404,0.101891354009021,0.456286460649261,0.952814429510526,"ethyl 6-chloro-2-methyl-4-phenylquinoline-3-carboxylate","C19 H16 Cl N O2",325.09119,326.09848,7.731,15.9771911926754,16.0053263876414,15.987653310065,"MCI-associated increase"
"Com_37664_pos",-0.0926297331728252,0.241045771501444,0.98678290331091,-0.709337286383099,0.00361924226232007,0.906545585253139,-0.831733550095886,0.224177615866304,0.965566866480404,-0.122396263712788,0.0249685317606337,0.722958425153893,"10-Nitrolinoleate","C18 H31 N O4",347.20894,348.21622,8.577,16.04659111795,14.3922942160815,15.4621972733862,"MCI-associated decrease"
"Com_12702_pos",-0.092607188210995,0.241160796004963,0.98678290331091,0.0249638177306032,0.75691921922434,0.992345641070078,-0.341137269792907,0.193393518701727,0.965566866480404,-0.36610108752351,0.660929291111291,0.973499221842089,"Picrotin","C15 H18 O7",327.13366,328.14094,5.227,22.3107485613674,22.4184980681221,22.0635214386392,"MCI-associated increase"
"Com_35623_neg",-0.0925921582364416,0.241237500272924,0.98678290331091,0.283492531170742,0.766851229615129,0.995789824864306,0.361309378530998,0.208373705217645,0.965566866480404,0.0778168473602558,0.215232482238929,0.926123611056224,"2'-Deoxycytidine 5'-diphosphate (dCDP)","C9 H15 N3 O10 P2",387.02092,386.01364,4.776,16.7592233113172,16.8729178523938,16.5012191195618,"MCI-associated increase"
"Com_2805_pos",0.0925846432491649,0.241275858786949,0.98678290331091,-0.487386428156623,0.722481936667065,0.988298366959884,-0.110190838132266,0.232393284577867,0.965566866480404,0.377195590024357,0.139936790476407,0.926123611056224,"2-oxo-1-phenyl-1,2-dihydroquinolin-4-yl benzoate","C22 H15 N O3",341.10454,342.11186,5.568,12.1274916645722,12.2101291431439,12.3746802421403,"Monotonic increase"
"Com_20729_pos",0.092554583300058,0.241429335379499,0.98678290331091,-0.258142596828495,0.111102017311694,0.97424634381184,0.667685895210028,0.182688646941563,0.965566866480404,0.925828492038523,0.0126834743737679,0.696884579367964,"QQH","C16 H25 N7 O6",433.16591,434.17319,5.693,20.4766446361443,20.2916704568946,20.6318954670636,"MCI-associated decrease"
"Com_25636_pos",-0.0925395533255046,0.241506099199326,0.98678290331091,-0.133610570241534,0.160234350051545,0.97424634381184,-0.198493880311925,0.226211800846851,0.965566866480404,-0.0648833100703919,0.587084129010093,0.955684897603873,"Undecanedioic acid","C11 H20 O4",216.13724,217.14449,6.019,22.8831640529105,22.6251502978881,22.6277192067245,"MCI-associated decrease"
"Com_11544_neg",0.0924944634018443,0.241736492764544,0.98678290331091,-1.65149556055081,0.443868638601511,0.97424634381184,-0.28055686172093,0.210303815164926,0.965566866480404,1.37093869882988,0.0758303494673582,0.867791165027521,"Glycerophospho-N-palmitoyl ethanolamine","C21 H44 N O7 P",453.28853,452.28125,9.213,13.7276625941474,13.6888874910927,14.6181787385024,"MCI-associated decrease"
"Com_1377_neg",-0.0924268285163538,0.242082370330556,0.98678290331091,-0.0944897049811069,0.771831751080673,0.998265352641438,-0.184976841616569,0.234480175281469,0.965566866480404,-0.0904871366354621,0.452088341455991,0.952814429510526,"Pimelic acid","C7 H12 O4",160.07346,159.06618,5.466,28.3352379202063,28.3089122288287,28.1174769316249,"Monotonic decrease"
"Com_7318_pos",-0.0924268285163538,0.242082370330556,0.98678290331091,-0.294741958214886,0.0801782207982353,0.97424634381184,-0.168018946316931,0.242960375730219,0.965566866480404,0.126723011897955,0.411326283922083,0.952814429510526,"1,3-Diphenylacetone","C15 H14 O",210.10155,211.10883,4.548,24.2617416077224,23.8444294481527,24.1346067824855,"MCI-associated decrease"
"Com_14340_pos",-0.0923441636563099,0.242505577750897,0.98678290331091,-0.427540156324426,0.152616759084523,0.97424634381184,0.38937147592048,0.206456468670261,0.965566866480404,0.816911632244906,0.469011435239911,0.952814429510526,"LNK","C16 H31 N5 O5",373.2308,374.23807,6.37,20.1001911812447,19.5236708830397,20.1228206814407,"MCI-associated decrease"
"Com_34406_neg",0.0921337440125618,0.243585157877874,0.98678290331091,0.420018324773247,0.761880321625298,0.992345641070078,0.576301747500939,0.236580305853911,0.965566866480404,0.156283422727692,0.460506411169444,0.952814429510526,"ST 24:2;O4","C24 H38 O4",390.27956,389.27228,7.557,15.5732190614386,15.2692929645297,16.0211375809845,"MCI-associated decrease"
"Com_5340_pos",-0.0920585941397946,0.243971531596152,0.98678290331091,-0.159916243128782,0.500027031819513,0.97424634381184,-0.289562508068139,0.251653892239429,0.965566866480404,-0.129646264939357,0.676134783827214,0.973840329352538,"3-Methylcrotonylglycine","C7 H11 N O3",157.07447,158.08178,1.847,25.6568697995071,25.5701193024472,25.582303934444,"MCI-associated decrease"
"Com_283_neg",-0.0920285341906877,0.244126200407318,0.98678290331091,-0.293298237665351,0.131414793480883,0.97424634381184,-0.299042312174742,0.279026833357884,0.967016934320951,-0.0057440745093914,0.732985348847199,0.975261360435008,"trans-Aconitic acid","C6 H6 O6",174.0165,173.00923,1.543,30.9722946788705,30.5599048942041,30.9238034469407,"MCI-associated decrease"
"Com_4578_pos",-0.0919458693306438,0.24455189129687,0.98678290331091,-1.41994087475236,0.105377362325251,0.97424634381184,-1.05504986981996,0.251653892239429,0.965566866480404,0.364891004932403,0.521821734292681,0.952814429510526,"trans-Zeatin","C10 H13 N5 O",219.11302,220.12029,2.187,22.6987324913201,21.1995071306567,21.544166869558,"MCI-associated decrease"
"Com_16626_neg",-0.0918406595087698,0.245094425839674,0.98678290331091,1.35865847045066,0.703047950925009,0.986572206543947,-0.473117741683859,0.222156540980074,0.965566866480404,-1.83177621213452,0.161681026059015,0.926123611056224,"Pyrithioxin","C16 H20 N2 O4 S2",368.08575,367.07848,4.762,17.6333594963674,17.6762626951513,17.3793723199378,"MCI-associated increase"
"Com_9883_pos",-0.0917053897377889,0.245793198654174,0.98678290331091,0.55429272850886,0.707888874002243,0.987537281854498,0.177186795651397,0.220148548514998,0.965566866480404,-0.377105932857463,0.170190915239575,0.926123611056224,"(3R)-8-hydroxy-3-(4-hydroxyphenyl)-3,4-dihydro-1H-2-benzopyran-1-one","C15 H12 O4",256.07476,257.08204,5.737,19.5472186471749,19.4298650872275,19.1419174357241,"Monotonic decrease"
"Com_14298_pos",-0.0914799401194873,0.246960892703268,0.98678290331091,-0.242890884514194,0.520960693859334,0.97424634381184,-0.457241562254603,0.234480175281469,0.965566866480404,-0.214350677740409,0.754047050924864,0.975970962603451,"1-(2-furyl)pentane-1,4-dione","C9 H10 O3",188.04857,189.05576,5.563,21.2834507867351,21.087147399099,21.1417009850996,"MCI-associated decrease"
"Com_8079_neg",-0.0913747302976133,0.247507131735393,0.98678290331091,-0.409725017260559,0.722481936667065,0.988298366959884,-0.389882164449817,0.256081066597732,0.965566866480404,0.0198428528107421,0.439625853937687,0.952814429510526,"Guanosine","C10 H13 N5 O5",283.08982,282.08248,5.404,22.9322103759828,23.0314719808783,22.7910793278335,"MCI-associated increase"
"Com_14474_pos",-0.0913446703485064,0.247663353812188,0.98678290331091,0.0160736550915447,0.209694232468759,0.97424634381184,0.14702432091782,0.260562056803757,0.965566866480404,0.130950665826275,0.839987647721254,0.985419326780897,"2-Aminobenzenesulfonic acid","C6 H7 N O3 S",173.01523,174.02302,4.89,22.1328407706416,21.9157457468362,21.7658474837208,"Monotonic decrease"
"Com_16036_pos",-0.0904654168371304,0.252263121432979,0.98678290331091,-0.370650898531642,0.117069404545356,0.97424634381184,0.689768762874465,0.272000874921609,0.965566866480404,1.06041966140611,0.601545587417017,0.955684897603873,"VLK","C17 H34 N4 O4",179.1319,180.13917,1.622,20.1776960958439,18.8944088425408,19.1935941365011,"MCI-associated decrease"
"Com_18514_pos",-0.0904654168371304,0.252263121432979,0.98678290331091,-0.159557315817624,0.156390378794592,0.97424634381184,-0.00370723183064683,0.26509700371463,0.965566866480404,0.155850083986977,0.691473527334145,0.975261360435008,"5-amino-2-(dimethylamino)benzoic acid","C9 H12 N2 O2",180.09091,181.09823,5.053,23.8367869455952,23.5771522558738,23.6856790681128,"MCI-associated decrease"
"Com_21817_neg",-0.0903827519770865,0.252698592222578,0.98678290331091,-0.11977541993004,0.533734081281277,0.97424634381184,-0.261229083229535,0.240820382786206,0.965566866480404,-0.141453663299494,0.743492207683456,0.975261360435008,"3-Chloro-L-tyrosine","C9 H10 Cl N O3",215.03493,214.02765,5.362,23.4512087283371,23.2155496742682,23.2517434991739,"MCI-associated decrease"
"Com_7190_neg",-0.0903602070152564,0.252817446984909,0.98678290331091,-0.351168328744925,0.961020516526437,0.998265352641438,-0.52025398859841,0.238693700490465,0.965566866480404,-0.169085659853485,0.283626664441751,0.942486120971035,"2'-Deoxyuridine-5-monophosphate","C9 H13 N2 O8 P",308.03736,307.03004,5.576,18.9548379945461,19.0849645218035,18.7614907440677,"MCI-associated increase"
"Com_625_pos",0.0903526920279796,0.252857073811609,0.98678290331091,0.753325852098637,0.645942585778995,0.978176760105966,0.364273569922446,0.238693700490465,0.965566866480404,-0.389052282176191,0.621073413560985,0.958253139885009,"Caprolactam","C6 H11 N O",113.08493,114.0922,5.299,25.8792684877579,25.782531823064,25.9732251590556,"MCI-associated decrease"
"Com_41453_pos",0.0903451770407029,0.252896704924773,0.98678290331091,0.944579188855007,0.992201123863709,0.998265352641438,0.203398497324807,0.222156540980074,0.965566866480404,-0.7411806915302,0.376575631556324,0.952814429510526,"ethyl 4-bromo-1,5-dimethyl-1H-pyrazole-3-carboxylate","C8 H11 Br N2 O2",123.00065,247.0085,7.057,17.6937796554589,17.7248479620639,17.8999062010747,"Monotonic increase"
"Com_5034_neg",0.0902700271679358,0.253293251834171,0.98678290331091,-0.020234718839866,0.732267429033629,0.991805251982257,0.181747752271122,0.212246829970061,0.965566866480404,0.201982471110988,0.225720812569721,0.926123611056224,"4-Hydroxybenzoic acid","C7 H6 O3",138.03148,137.0242,3.508,25.7609144056178,25.8424303408956,25.9010741989417,"Monotonic increase"
"Com_49938_neg",-0.0902399672188289,0.253451990644355,0.98678290331091,-0.232536972036057,0.176326492136697,0.97424634381184,-0.31653783114028,0.26509700371463,0.965566866480404,-0.0840008591042228,0.738232666470675,0.975261360435008,"Adenosine 5'-Diphosphate","C10 H15 N5 O10 P2",427.0291,426.02182,6.456,19.2661933291466,18.9591679626028,19.1103986655925,"MCI-associated decrease"
"Com_27621_pos",0.0901347573969548,0.254008116806897,0.98678290331091,-0.337715468275382,0.997400337824886,0.999268128719689,-0.0834778092908575,0.232393284577867,0.965566866480404,0.254237658984524,0.33315821936716,0.952814429510526,"2-morpholinophenyl 1-methyl-1H-imidazole-4-sulfonate","C14 H17 N3 O4 S",323.09212,324.0994,5.865,20.7523355951209,21.0685068968457,21.1232908015532,"Monotonic increase"
"Com_6064_pos",-0.0900070026132506,0.2546845431369,0.98678290331091,-0.0852638461391379,0.56414129164058,0.97424634381184,-0.39210925289495,0.247280382454921,0.965566866480404,-0.306845406755812,0.686346148385175,0.975261360435008,"3-[4-(3,5-dichloro-4-pyridinyl)piperazino]-1,1,1-trifluoro-2-propanol","C12 H14 Cl2 F3 N3 O",343.05274,344.06002,1.633,24.1013476852268,23.8144937728294,23.8769846382166,"MCI-associated decrease"
"Com_22917_neg",-0.0899318527404834,0.255083020238961,0.98678290331091,0.0821692861694413,0.827195887797856,0.998265352641438,-0.0789366442841563,0.236580305853911,0.965566866480404,-0.161105930453598,0.464748100925728,0.952814429510526,"3-amino-1H-pyrazolo[4,3-c]pyridine-4,6-diol","C6 H6 N4 O2",166.04824,165.04096,9.109,20.6175003106439,20.5629719260357,20.5566620765917,"Monotonic decrease"
"Com_39284_pos",0.089864217854993,0.2554420165966,0.98678290331091,0.282355819418688,0.68859794174135,0.98465888858239,0.211449100217462,0.222156540980074,0.965566866480404,-0.0709067192012257,0.183578808289727,0.926123611056224,"LPC 21:2","C29 H56 N O7 P",1166.70383,584.35919,5.568,18.9265414525301,19.0603099396298,19.2105470762164,"Monotonic increase"
"Com_4606_pos",-0.0897514930458422,0.256041116617089,0.98678290331091,0.114005928572793,0.0715793780791246,0.97424634381184,1.16323624999689,0.251653892239429,0.965566866480404,1.0492303214241,0.343697435429192,0.952814429510526,"1-acetyl-N-(4-ethoxyphenyl)-4-piperidinecarboxamide","C16 H22 N2 O3",290.16446,291.17173,5.486,22.7738120779664,21.5328236723536,22.0279593701716,"MCI-associated decrease"
"Com_7190_pos",-0.089623738262138,0.256721264721171,0.98678290331091,-0.0447009178706513,0.664767431803053,0.978405986285098,-0.320683515854799,0.236580305853911,0.965566866480404,-0.275982597984148,0.145630704444966,0.926123611056224,"Palmitoleic Acid","C16 H30 O2",276.21009,277.21738,6.656,24.6214071761275,24.7734335225111,24.4068673008965,"MCI-associated increase"
"Com_31263_pos",0.089571133351201,0.257001686540358,0.98678290331091,1.37761453607113,0.174251488990335,0.97424634381184,0.567190179421393,0.242960375730219,0.965566866480404,-0.810424356649741,0.606401543595827,0.957584933101451,"4-{3-[(3,4-dihydroxyphenyl)methyl]-2-methylbutyl}benzene-1,2-diol","C18 H22 O4",324.13535,325.14262,6.594,18.6069418352282,18.8466239640248,18.7727338444448,"MCI-associated increase"
"Com_17237_neg",-0.0894959834784338,0.257402654361229,0.98678290331091,-0.403456375017893,0.129756554029288,0.97424634381184,-0.12364250127912,0.274329277953311,0.965566866480404,0.279813873738772,0.621073413560985,0.958253139885009,"Mono(2-ethylhexyl) phthalate (MEHP)","C16 H22 O4",278.15266,277.14594,5.896,23.7978548068794,23.5984715797907,23.7893161832977,"MCI-associated decrease"
"Com_26070_pos",0.0893982886438365,0.257924555029856,0.98678290331091,0.208434591400491,0.622727779164978,0.97424634381184,0.574314264973873,0.238693700490465,0.965566866480404,0.365879673573382,0.127318177385247,0.926123611056224,"1-benzyl-3-butyl-4-hydroxy-6-phenylpyridin-2(1H)-one","C22 H23 N O2",355.14658,356.15385,5.661,21.4793925614287,21.6270601311437,21.7240433974765,"Monotonic increase"
"Com_11194_pos",-0.0892555038855788,0.258688639817658,0.98678290331091,-0.190154152128289,0.202679061120528,0.97424634381184,-0.165626985940357,0.262822777279203,0.965566866480404,0.0245271661879323,0.759341893801283,0.975970962603451,"Isohomovanillic acid","C9 H10 O4",160.07458,183.06354,5.468,24.3877908269728,24.057072139784,24.1063075368125,"MCI-associated decrease"
"Com_11802_pos",-0.0891953839873651,0.259010824150127,0.98678290331091,-0.663436942920864,0.336467330954755,0.97424634381184,-0.0705385428680673,0.262822777279203,0.965566866480404,0.592898400052797,0.972229695919683,1,"7-(2-aminophenyl)heptanoic acid","C13 H19 N O2",221.14272,222.15,6.702,18.8048970218586,18.673387844626,18.6413941583429,"Monotonic decrease"
"Com_4961_pos",-0.0890751441909376,0.259656018705111,0.98678290331091,-0.41632590527993,0.182661975518951,0.97424634381184,-0.118246115189164,0.247280382454921,0.965566866480404,0.298079790090766,0.63093955575425,0.962373948192512,"CAR 13:0","C20 H40 N O4",357.28958,358.29685,6.879,21.3806118407568,20.5559467675353,20.9629008140237,"MCI-associated decrease"
"Com_6502_neg",0.0889699343690635,0.260221467498272,0.98678290331091,-0.0153250001150376,0.398740057443781,0.97424634381184,0.126273278033657,0.245113701699838,0.965566866480404,0.141598278148694,0.966678595943814,1,"19(R)-Hydroxy prostaglandin A2","C20 H30 O5",350.21142,349.2041,6.234,23.3992423937887,23.8483307719373,23.6492003603556,"MCI-associated increase"
"Com_17384_neg",-0.0889098144708498,0.26054495982784,0.98678290331091,-0.0980620278503154,0.219318960206375,0.97424634381184,-0.0509007670952937,0.308357443525401,0.981971620750533,0.0471612607550217,1,1,"Glycine anhydride","C4 H6 N2 O2",114.04219,113.03489,1.354,24.3968853794968,24.3337325624259,24.3446796914936,"MCI-associated decrease"
"Com_5043_pos",-0.0888196346235292,0.261030714897587,0.98678290331091,0.0199174079037679,0.961020516526437,0.998265352641438,-0.153246267214171,0.249460439132162,0.965566866480404,-0.173163675117938,0.283626664441751,0.942486120971035,"5-Phenylvaleric Acid","C11 H14 O2",178.10025,179.10757,6.054,26.2422851032767,26.156191144652,26.0628217856551,"Monotonic decrease"
"Com_394_pos",0.0887895746744223,0.261192771030156,0.98678290331091,5.17441985641472,0.68859794174135,0.98465888858239,0.095391772590121,0.236580305853911,0.965566866480404,-5.0790280838246,0.635897551920662,0.963784894223848,"HKK","C18 H33 N7 O4",393.25294,394.26027,5.397,14.6432247065465,14.7450529740948,14.9206697827114,"Monotonic increase"
"Com_4282_pos",-0.0886693348779948,0.261841684589522,0.98678290331091,-0.0161718207371505,0.0946316132484227,0.97424634381184,0.0042069473261463,0.260562056803757,0.965566866480404,0.0203787680632966,0.427362915331838,0.952814429510526,"(5-L-Glutamyl)-L-Amino Acid","C8 H14 N2 O5",218.09135,219.09854,1.623,22.3561637495077,17.9671103476045,21.1130840791007,"MCI-associated decrease"
"Com_37569_pos",0.0885941850052277,0.262247815512947,0.98678290331091,-1.05587588149527,0.929899426345924,0.998265352641438,-0.201389338575769,0.258314825670011,0.965566866480404,0.854486542919504,0.24494354942442,0.926123611056224,"PE 32:1","C37 H72 N O8 P",711.48552,712.4928,10.659,18.0568894163709,18.0670247695103,18.0971466657519,"Monotonic increase"
"Com_2343_pos",-0.0883161304759891,0.263754246687751,0.98678290331091,0.0510496378909779,0.929899426345924,0.998265352641438,-0.198838480970706,0.269686037596536,0.965566866480404,-0.249888118861684,0.309387166254872,0.951927592764166,"methyl 3,4,5-trihydroxycyclohex-1-ene-1-carboxylate","C8 H12 O5",210.05147,211.05871,5.263,28.157034223596,27.9107479486403,27.8786075095419,"Monotonic decrease"
"Com_20228_pos",0.0882484955904986,0.264121568200892,0.98678290331091,-0.037097518853299,0.613544182102069,0.97424634381184,0.231181074383329,0.25386076165015,0.965566866480404,0.268278593236628,0.655891345916576,0.970682904745141,"N-Phenyl-5-(4-(trifluoromethyl)phenyl)oxazol-2-amine","C16 H11 F3 N2 O",304.08664,305.09392,5.331,21.4453247102776,21.5968551190825,21.6784721966252,"Monotonic increase"
"Com_43156_pos",-0.0882259506286685,0.264244086321804,0.98678290331091,-0.319609763083751,0.0212480983665647,0.97424634381184,-0.15477527249238,0.29836198514745,0.979286270269238,0.164834490591372,0.1953187314659,0.926123611056224,"3,4-dihydro-2H-benzo[4,5]imidazo[2,1-b][1,3]thiazin-3-ol","C10 H10 N2 O S",228.02783,229.03511,1.432,19.7708927556313,19.4691667128199,19.7569135413746,"MCI-associated decrease"
"Com_26037_pos",0.0882034056668383,0.26436664325469,0.98678290331091,-0.169389605852712,0.546663810995189,0.97424634381184,0.0871899672053824,0.256081066597732,0.965566866480404,0.256579573058094,0.727750480169092,0.975261360435008,"L-Cystathionine","C7 H14 N2 O4 S",222.06479,223.07207,2.244,20.4232336058301,20.9855417695346,20.7505002438175,"MCI-associated increase"
"Com_12358_pos",-0.0880305609594738,0.265307536063178,0.98678290331091,0.0134325778022003,0.0705597422092745,0.97424634381184,0.0877289664650449,0.323761305364838,0.989784562115363,0.0742963886628445,0.544695495464747,0.955117225188735,"(±)15-HETE","C20 H32 O3",320.2365,321.24377,6.45,23.7285126904003,23.2698961392329,23.5744475174397,"MCI-associated decrease"
"Com_35877_pos",0.0879779560485368,0.265594347727102,0.98678290331091,0.237986550567314,0.455590338923466,0.97424634381184,0.102813200094438,0.238693700490465,0.965566866480404,-0.135173350472877,0.95003605531247,1,"10-methoxy-4H-benzo[4,5]cyclohepta[b]thiophen-4-one","C14 H10 O2 S",242.03716,243.04443,5.327,20.6182246898186,20.806840175842,20.7947341369413,"MCI-associated increase"
"Com_7538_pos",-0.087917836150323,0.26592239139448,0.98678290331091,-1.33306465963517,0.703047950925009,0.986572206543947,-1.87197458844677,0.26509700371463,0.965566866480404,-0.538909928811598,0.521821734292681,0.952814429510526,"Cotinine N-oxide","C10 H12 N2 O2",192.09072,193.098,3.946,20.5300271558065,20.5845879123836,20.4553893097557,"MCI-associated increase"
"Com_27734_pos",-0.0877374764556818,0.266908179807913,0.98678290331091,-1.86097945598794,0.0172308920515856,0.97424634381184,-1.18182319457906,0.291008962145896,0.970029873819655,0.679156261408884,0.147567583469119,0.926123611056224,"1-[3-(trifluoromethyl)-2-pyridyl]imidazolidine-2-thione","C9 H8 F3 N3 S",247.04132,248.04859,5.996,19.9811512461109,19.6544035589642,19.9369429723931,"MCI-associated decrease"
"Com_7_pos",-0.0877374764556818,0.266908179807913,0.98678290331091,-0.360227187388586,0.141711369422499,0.97424634381184,4.15579136192049,0.291008962145896,0.970029873819655,4.51601854930907,0.671051209677503,0.973840329352538,"N-lactoyl-phenylalanine","C12 H15 N O4",237.10108,238.10832,5.589,16.3148087187891,16.1741742797115,15.9964461171769,"Monotonic decrease"
"Com_14932_pos",0.0873692420791226,0.2689285543908,0.98678290331091,0.929274370118133,0.455590338923466,0.97424634381184,0.101640353212238,0.240820382786206,0.965566866480404,-0.827634016905895,0.96112911025941,1,"Sulfisoxazole","C11 H13 N3 O3 S",289.05278,290.06006,5.325,20.5636763451134,20.7522918793743,20.7401857597578,"MCI-associated increase"
"Com_33655_pos",0.0872339723081417,0.269673338122737,0.98678290331091,-0.00282111698947176,0.966214434568411,0.998265352641438,2.14091184920159,0.262822777279203,0.965566866480404,2.14373296619107,0.329691999093068,0.952814429510526,"Stearoyl Ethanolamide","C20 H41 N O2",327.3159,328.32318,8.771,16.4767217939155,16.4972445853391,16.4941738152438,"MCI-associated increase"
"Com_5828_pos",-0.087226457320865,0.269714756058356,0.98678290331091,0.110353019514827,0.842458195298763,0.998265352641438,-0.138530450028662,0.274329277953311,0.965566866480404,-0.248883469543489,0.38413723439593,0.952814429510526,"(2R,3S,4S,5R,6R)-2-(hydroxymethyl)-6-(2-phenylethoxy)oxane-3,4,5-triol","C14 H20 O6",301.15426,302.16151,5.123,25.9583223404141,25.760758466112,25.7093614133755,"Monotonic decrease"
"Com_11252_pos",0.0871663374226512,0.270046255168972,0.98678290331091,0.11271742524871,0.424720330369171,0.97424634381184,0.966815887706356,0.274329277953311,0.965566866480404,0.854098462457646,0.845434525219498,0.985419326780897,"Thymopentin","C30 H49 N9 O9",679.36595,680.37323,5.312,20.3648057976613,20.5617883184245,20.5739940202512,"Monotonic increase"
"Com_39488_pos",-0.0870085226898402,0.270917756888425,0.98678290331091,-0.431012451132216,0.0946316132484227,0.97424634381184,-0.101651074516915,0.310890522150725,0.982726318172158,0.329361376615302,0.568056657183818,0.955117225188735,"N-(3,5-dimethyl-4-isoxazolyl)-N'-(2-phenoxyethyl)urea","C14 H17 N3 O3",313.07521,314.08249,1.616,15.2830875125831,14.3446004912053,15.020338124021,"MCI-associated decrease"
"Com_23526_pos",0.0869108278552428,0.271458213703031,0.98678290331091,-0.431242358052614,0.717606045215378,0.988298366959884,1.0222081554833,0.262822777279203,0.965566866480404,1.45345051353592,0.155512404291569,0.926123611056224,"1-(3-ethyl-2,4-dihydroxy-6-methoxyphenyl)butan-1-one","C13 H18 O4",220.10835,221.11563,6.566,19.1458936351947,18.9528117644164,19.3064295083087,"MCI-associated decrease"
"Com_28608_pos",0.0869033128679661,0.271499817582573,0.98678290331091,0.14832011991485,0.683806102897537,0.98465888858239,0.329858281919914,0.262822777279203,0.965566866480404,0.181538162005064,0.582299670844668,0.955684897603873,"N-[2-(2-oxo-1-imidazolidinyl)ethyl]-2,1,3-benzoxadiazole-4-sulfonamide","C11 H13 N5 O4 S",311.0667,312.07397,5.137,20.3200606936765,20.15937535106,20.2404737684119,"MCI-associated decrease"
"Com_267_neg",-0.0868356779824757,0.271874447169598,0.98678290331091,0.0743505749480235,0.873155405707105,0.998265352641438,-0.088142977737094,0.26509700371463,0.965566866480404,-0.162493552685118,0.228398975418956,0.926123611056224,"Gluconic acid","C6 H12 O7",196.05868,195.05141,1.306,31.0806999445508,31.1636061112792,30.912458459299,"MCI-associated increase"
"Com_46920_pos",-0.0868131330206455,0.271999401572504,0.98678290331091,-0.179354057267435,0.997400337824886,0.999268128719689,-0.448747522305659,0.281396010102407,0.967016934320951,-0.269393465038224,0.259359193929178,0.926123611056224,"Temazepam-d5","C16 H8 [2]H5 Cl N2 O2",305.10228,306.10956,3.902,17.8529564987108,17.498502444146,17.2006678725436,"Monotonic decrease"
"Com_16460_neg",0.0868056180333688,0.272041061693394,0.98678290331091,0.194244199311129,0.260979641885628,0.97424634381184,0.180365401836177,0.269686037596536,0.965566866480404,-0.0138787974749511,0.834548421874662,0.985419326780897,"Uridine","C9 H12 N2 O6",244.07072,243.06321,2.046,23.255033789823,23.5047599336733,23.4550476457241,"MCI-associated increase"
"Com_6965_neg",-0.0867905880588153,0.272124394915475,0.98678290331091,-0.153181398381383,0.333201642273085,0.97424634381184,0.144117299118783,0.26509700371463,0.965566866480404,0.297298697500166,0.95003605531247,1,"6-(4-methoxyphenyl)pyrimidine-2,4-diamine","C11 H12 N4 O",170.09524,169.08736,5.523,24.7226181092453,24.5189439324475,24.5859398928927,"MCI-associated decrease"
"Com_32057_neg",0.0867004082114947,0.272624757725242,0.98678290331091,-0.01654865801407,0.878291532510976,0.998265352641438,0.349337334323991,0.262822777279203,0.965566866480404,0.365885992338061,0.239337735637425,0.926123611056224,"Cytidine 5'-Monophosphate-N-Acetylneuraminic Acid","C20 H31 N4 O16 P",614.14601,613.13873,5.206,21.0483069865469,21.2209529068964,21.3852077833944,"Monotonic increase"
"Com_5610_pos",0.0864824735804699,0.273836540895827,0.98678290331091,1.44541976701553,0.512533412985101,0.97424634381184,0.0940064438692035,0.249460439132162,0.965566866480404,-1.35141332314633,0.867293463278401,0.987763710173379,"TLH","C16 H27 N5 O5",369.19496,370.20224,5.347,21.6794741715749,21.892864309959,21.9502895095365,"Monotonic increase"
"Com_42633_pos",0.0864674436059165,0.27392024634951,0.98678290331091,-0.496408629779825,0.961020516526437,0.998265352641438,-0.423136318379915,0.234480175281469,0.965566866480404,0.0732723113999106,0.387952630840432,0.952814429510526,"3-[4-(4-methoxyphenyl)-1,3-thiazol-2-yl]-5-methylisoxazole","C14 H12 N2 O2 S",272.06191,273.06918,7.025,17.2552959505561,17.2813604949654,17.4403654027522,"Monotonic increase"
"Com_15220_neg",0.0864599286186398,0.273962105570989,0.98678290331091,-0.0763588042569758,0.987002241055627,0.998265352641438,0.273214631139412,0.260562056803757,0.965566866480404,0.349573435396387,0.340160950581424,0.952814429510526,"6-(2-furyl)-2-hydroxy-4-(2-thienyl)nicotinonitrile","C14 H8 N2 O2 S",536.06895,267.0272,5.223,22.0118011435204,22.2227628054709,22.3370621279849,"Monotonic increase"
"Com_1806_pos",0.086452413631363,0.274003969122315,0.98678290331091,0.753230277318639,0.0124530701751994,0.97424634381184,0.389216835458694,0.31343729215322,0.983512910862009,-0.364013441859946,0.130829628579088,0.926123611056224,"2,4-Dimethylbenzaldehyde","C9 H10 O",134.07386,135.08112,5.763,27.5407981440623,28.6108517277494,27.8984515952999,"MCI-associated increase"
"Com_13444_neg",0.0864298686695329,0.274129585756029,0.98678290331091,0.0905798519851812,0.66004076709954,0.978176760105966,0.143154781623842,0.281396010102407,0.967016934320951,0.0525749296386611,0.544695495464747,0.955117225188735,"Orotidine","C10 H12 N2 O8",288.06097,287.05368,1.35,24.6795863610518,24.7445797249586,24.8501758141722,"Monotonic increase"
"Com_7144_pos",0.0861969040639546,0.275429906591702,0.98678290331091,0.253662502577919,0.707888874002243,0.987537281854498,2.08809172823394,0.283778801286709,0.967016934320951,1.83442922565602,0.495040349092113,0.952814429510526,"6-amino-1-(2-methylphenyl)-1,2,3,4-tetrahydropyrimidine-2,4-dione","C11 H11 N3 O2",217.08597,218.09325,5.284,19.8005514961283,19.8197188510913,19.7984586205983,"MCI-associated increase"
"Com_9205_pos",0.0861969040639546,0.275429906591702,0.98678290331091,0.345961396607897,0.893729825674864,0.998265352641438,0.349048060403331,0.245113701699838,0.965566866480404,0.00308666379543411,0.477602645895932,0.952814429510526,"(1R,2R)-trans-N-Boc-1,2-cyclohexanediamine","C11 H22 N2 O2",214.16912,215.17639,5.455,18.3957850231757,18.6880131583563,18.9852699419362,"Monotonic increase"
"Com_837_pos",-0.086159329127571,0.27564002559855,0.98678290331091,0.468595207258283,0.586359412302577,0.97424634381184,-0.266849029059723,0.262822777279203,0.965566866480404,-0.735444236318005,0.717318982344425,0.975261360435008,"Eucalyptol","C10 H18 O",136.12588,137.13316,6.335,22.454072853677,22.0486487371214,22.0958812903033,"MCI-associated decrease"
"Com_4749_pos",-0.0859939994074832,0.276565836063711,0.98678290331091,-0.273559912936324,0.455590338923466,0.97424634381184,-0.292201165112602,0.247280382454921,0.965566866480404,-0.018641252176278,0.977782141497144,1,"N-(4-fluorophenyl)-N'-(2-piperidinophenyl)urea","C18 H20 F N3 O",335.13831,336.14559,5.423,22.6549784947789,22.0336202444929,22.3292873872024,"MCI-associated decrease"
"Com_19549_pos",0.0858963045728859,0.27711389177929,0.98678290331091,-0.0954989938774933,0.533734081281277,0.97424634381184,0.847774399348408,0.251653892239429,0.965566866480404,0.943273393225901,0.110849367356776,0.914281594941658,"5-phenyl-3-(phenylmethylene)furan-2(3H)-one","C17 H12 O2",248.08516,249.09244,5.569,19.5999978524831,19.7062440724544,19.9150371093114,"Monotonic increase"
"Com_2535_neg",0.0858587296365023,0.277324877488141,0.98678290331091,0.0874367228315136,0.479548326162735,0.97424634381184,0.247967210829329,0.274329277953311,0.965566866480404,0.160530487997815,0.812873068585294,0.983351253121837,"5-Hydroxyindole","C8 H7 N O",133.05217,132.0449,5.169,25.4952630800401,25.4573741229894,25.9517640450983,"MCI-associated decrease"
"Com_2871_neg",-0.0856558249800309,0.278466073175759,0.98678290331091,-0.305648956117249,0.292616840938141,0.97424634381184,-0.123607212610468,0.323761305364838,0.989784562115363,0.182041743506781,0.900267843658807,0.994037609026979,"D-Saccharic acid","C6 H10 O8",210.03805,209.03077,1.311,26.3715090895258,26.3262810316394,26.0621391930512,"Monotonic decrease"
"Com_34907_pos",0.0856483099927542,0.278508400386365,0.98678290331091,0.749401506725009,0.391496632710145,0.97424634381184,0.616533093004059,0.245113701699838,0.965566866480404,-0.132868413720951,0.07134759002095,0.867791165027521,"Dioctyldimethylammonium chloride","C18 H39 N",269.30978,270.31706,6.536,19.1233637457886,18.8706536744768,19.2460584321497,"MCI-associated decrease"
"Com_2955_pos",-0.0855881900945405,0.278847174191606,0.98678290331091,0.208767806601914,0.209694232468759,0.97424634381184,-0.0412291868083813,0.323761305364838,0.989784562115363,-0.249996993410296,0.922350421507559,1,"Propionyl-L-carnitine","C10 H19 N O4",217.13086,256.09372,1.37,25.8835208610794,25.7266707286821,25.7399580308109,"MCI-associated decrease"
"Com_3452_neg",-0.085573160119987,0.278931911011817,0.98678290331091,-0.197658921647772,0.198098243217699,0.97424634381184,-0.237628743142214,0.291008962145896,0.970029873819655,-0.0399698214944424,0.748763745418092,0.975261360435008,"Biocytin","C16 H28 N4 O4 S",372.18037,371.1731,6.67,26.4371809992739,25.8855858962352,26.2881211461873,"MCI-associated decrease"
"Com_41626_neg",0.085573160119987,0.278931911011817,0.98678290331091,1.03633285089962,0.380782423426346,0.97424634381184,0.566177898172623,0.283778801286709,0.967016934320951,-0.470154952726995,0.927881108442468,1,"Chenodeoxycholic Acid","C24 H40 O4",438.30095,437.29367,7.856,14.5636325836807,15.1956022302255,15.3422535967514,"Monotonic increase"
"Com_48627_pos",0.0855355851836034,0.279143828962946,0.98678290331091,-0.039902610208047,0.504177753142834,0.97424634381184,0.673903949800298,0.25386076165015,0.965566866480404,0.713806560008345,0.100357323739978,0.914281594941658,"MAG (18:2)","C21 H38 O4",354.27602,355.28329,10.2,17.3375062577625,17.343552625722,17.3741079899315,"Monotonic increase"
"Com_20_neg",-0.0854003154126225,0.279907631481039,0.98678290331091,-0.0519544290796181,0.529458766137544,0.97424634381184,-0.129422386739758,0.295897313567153,0.977191745422389,-0.0774679576601403,0.665982645222812,0.973499221842089,"Citric acid","C6 H8 O7",192.02715,191.01988,1.522,32.8976976590374,32.7741525064188,32.7354883471795,"Monotonic decrease"
"Com_25626_pos",0.0853401955144088,0.280247550443274,0.98678290331091,-0.303357099044237,0.298634773701801,0.97424634381184,0.339974852180887,0.274329277953311,0.965566866480404,0.643331951225124,0.0293147543412085,0.729460166164957,"3-[5-(benzylthio)-4-methyl-4H-1,2,4-triazol-3-yl]-5-oct-1-ynylpyridine","C23 H26 N4 S",390.18841,391.19569,5.448,21.2672615171019,21.2286869695179,21.5471000706911,"MCI-associated decrease"
"Com_43936_pos",-0.0853326805271321,0.280290059837869,0.98678290331091,-0.7758896095451,0.102604142052151,0.97424634381184,-0.849607278560716,0.256081066597732,0.965566866480404,-0.0737176690156157,0.350840560608237,0.952814429510526,"TKK","C16 H33 N5 O5",375.2426,376.24988,9.66,17.2819487617256,17.2007276773034,17.2470263105212,"MCI-associated decrease"
"Com_26603_pos",0.0851898957688744,0.281098562792672,0.98678290331091,-0.0542273612676047,0.791846088302126,0.998265352641438,1.61884596344118,0.272000874921609,0.965566866480404,1.67307332470878,0.197731359513098,0.926123611056224,"2-({[2,6-bis(phenylthio)pyridin-3-yl]imino}methyl)phenol","C24 H18 N2 O S2",414.09459,415.10186,5.256,18.3063061696351,18.3557146806782,18.4783244876609,"Monotonic increase"
"Com_142_neg",0.0851673508070443,0.28122636436297,0.98678290331091,-0.583119786304136,0.263753978368104,0.97424634381184,1.02971827255066,0.262822777279203,0.965566866480404,1.6128380588548,0.748763745418092,0.975261360435008,"4-Methylphenol","C7 H8 O",108.05686,107.04959,5.453,30.3100231837587,30.971753509543,31.0352687695743,"Monotonic increase"
"Com_2504_pos",0.0851523208324908,0.28131158711033,0.98678290331091,-0.269724176058446,0.761880321625298,0.992345641070078,-0.356436278282307,0.303332350391521,0.981971620750533,-0.0867121022238605,0.407373648283687,0.952814429510526,"Hydrocodone","C18 H21 N O3",299.14939,300.15666,2.762,20.1359336089046,20.2692730689506,20.7029900535644,"Monotonic increase"
"Com_25781_pos",0.0851523208324908,0.28131158711033,0.98678290331091,0.0471106399961285,0.263753978368104,0.97424634381184,0.285185156010154,0.267384752060982,0.965566866480404,0.238074516014026,0.769965261969016,0.977878730334537,"Betaine","C5 H11 N O2",117.0798,118.08707,0.591,22.1198374529875,22.1541011428773,22.1290557465708,"MCI-associated increase"
"Com_1674_pos",0.0850997159215538,0.281610003445923,0.98678290331091,-1.61981770936778,0.568552333025136,0.97424634381184,5.3780924364113,0.238693700490465,0.965566866480404,6.99791014577908,0.157548444467026,0.926123611056224,"Febuxostat","C16 H16 N2 O3 S",316.08983,317.09711,6.918,5.87901525571687,5.80638801133845,6.00267456125519,"MCI-associated decrease"
"Com_17032_pos",-0.0850696559724469,0.281780622558197,0.98678290331091,-0.0596964887295143,0.417198243615752,0.97424634381184,-0.789634316318087,0.326376540056176,0.993521757781246,-0.729937827588573,0.701770635040555,0.975261360435008,"Estazolam","C16 H11 Cl N4",294.06856,295.07584,5.554,20.0030186262916,20.0815078328005,19.9279956418324,"MCI-associated increase"
"Com_2215_neg",0.0848968112650824,0.282763030376798,0.98678290331091,0.0903925209406844,0.459535943478569,0.97424634381184,0.167054215834789,0.305838053963586,0.981971620750533,0.0766616948941046,0.732985348847199,0.975261360435008,"5,5-Dimethylhydantoin","C5 H8 N2 O2",128.05809,127.05081,5.374,27.980179939426,28.1571146450783,28.2362721249179,"Monotonic increase"
"Com_14225_neg",0.0848442063541454,0.283062479941644,0.98678290331091,0.351512165552729,0.103983406972869,0.97424634381184,0.331678962965954,0.31343729215322,0.983512910862009,-0.0198332025867745,0.544695495464747,0.955117225188735,"Hexadecanedioic acid","C16 H30 O4",286.21604,285.20876,6.856,19.0942384103373,19.3300634293428,19.0855945883049,"MCI-associated increase"
"Com_51252_pos",0.0848066314177618,0.283276502757509,0.98678290331091,-0.147228017996557,0.440000013321164,0.97424634381184,0.245361611716659,0.256081066597732,0.965566866480404,0.392589629713217,0.0817542027440163,0.879165798352739,"Sanguinarine","C20 H13 N O4",309.09584,310.10287,1.294,20.4782185798221,20.3251707600018,20.7023801442105,"MCI-associated decrease"
"Com_3143_neg",-0.0847089365831645,0.283833470178872,0.98678290331091,0.24573682800457,0.277930377315134,0.97424634381184,-0.29093712196748,0.25386076165015,0.965566866480404,-0.53667394997205,0.717318982344425,0.975261360435008,"D-Glucuronic acid","C6 H10 O7",194.04338,193.0361,6.713,24.4059399835505,24.4130180689707,24.2598520075084,"MCI-associated increase"
"Com_7953_pos",-0.0847089365831645,0.283833470178872,0.98678290331091,-1.71897677584551,0.940263580611887,0.998265352641438,-2.711208473397,0.26509700371463,0.965566866480404,-0.992231697551489,0.403443747728166,0.952814429510526,"4-Aminobutyric acid","C4 H9 N O2",103.06374,245.08945,5.066,12.7704888489877,12.918599691888,12.6467670241178,"MCI-associated increase"
"Com_13127_neg",0.0845962117740137,0.284477036984534,0.98678290331091,-1.06686194491954,0.904044806718131,0.998265352641438,-0.717061385303037,0.269686037596536,0.965566866480404,0.349800559616504,0.419299513170107,0.952814429510526,"2-{1-[2-(2-fluoro-4-iodoanilino)-2-oxoethyl]cyclohexyl}acetic acid","C16 H19 F I N O3",419.03998,418.03271,5.055,18.686800684063,18.837907263286,18.9967611786842,"Monotonic increase"
"Com_23184_pos",-0.0845962117740137,0.284477036984532,0.98678290331091,-0.0284529563253122,0.346387458950286,0.97424634381184,-0.0522371231006405,0.283778801286709,0.967016934320951,-0.0237841667753282,0.98333566379072,1,"13,14-Dihydro prostaglandin E1","C20 H36 O5",338.24489,339.25216,7.057,20.7941812865008,20.5867701756908,20.6369022450887,"MCI-associated decrease"
"Com_614_pos",-0.0845962117740137,0.284477036984532,0.98678290331091,-0.195067828000111,0.791846088302126,0.998265352641438,-0.262822796115638,0.269686037596536,0.965566866480404,-0.0677549681155271,0.212666161250725,0.926123611056224,"Pantothenic acid","C9 H17 N O5",219.11163,220.1189,5.047,26.044559920109,26.1961583871353,25.7888944187839,"MCI-associated increase"
"Com_38851_pos",0.0845060319266931,0.284992594145314,0.98678290331091,0.0640788082984119,0.0205266450577554,0.97424634381184,0.108275016927244,0.342355281286456,0.994084534535979,0.044196208628832,0.215232482238929,0.926123611056224,"2,3-dihydroxypropyl 12-methyltridecanoate","C17 H34 O4",284.23662,285.2439,8.122,18.5119329637821,18.7083655244378,18.6285043763418,"MCI-associated increase"
"Com_19906_pos",-0.084295612282945,0.28619799393936,0.98678290331091,0.868067891066005,0.326731856764063,0.97424634381184,-1.16767676146679,0.29836198514745,0.979286270269238,-2.03574465253279,1,1,"7-methylpyrimido[4,5-d]pyrimidin-4-amine","C7 H7 N5",183.04898,184.05626,3.44,18.7739308127162,18.6743031343278,18.640826498899,"Monotonic decrease"
"Com_32395_pos",0.0841904024610709,0.286801971450243,0.98678290331091,0.267512831310211,0.929899426345924,0.998265352641438,0.756782786303948,0.291008962145896,0.970029873819655,0.489269954993736,0.340160950581424,0.952814429510526,"PharmaGSID_48506","C19 H22 Cl N3 O3 S",407.1061,408.11337,5.213,18.3111190257353,18.3967423050408,18.3576550059909,"MCI-associated increase"
"Com_2593_neg",0.0841678574992408,0.286931506033254,0.98678290331091,-0.34269013043734,0.811998572511015,0.998265352641438,0.394241059430399,0.272000874921609,0.965566866480404,0.736931189867738,0.225720812569721,0.926123611056224,"8-iso-15-keto Prostaglandin F2α","C20 H32 O5",388.19416,387.18689,5.991,23.7117486112555,23.9292789417181,24.2839955274307,"Monotonic increase"
"Com_50144_pos",-0.0840927076264736,0.28736357051197,0.98678290331091,-0.22036696624211,0.168135920983324,0.97424634381184,-0.0545942538238556,0.318571911718053,0.989468637266521,0.165772712418255,0.738232666470675,0.975261360435008,"ethyl 3-cyano-6-methyl-2-(phenylthio)isonicotinate","C16 H14 N2 O2 S",138.04509,299.07932,1.318,19.942724843675,19.826821550405,19.8202815738228,"Monotonic decrease"
"Com_4814_neg",0.0840776776519202,0.287450035570696,0.98678290331091,0.0391694615230447,0.747027193565412,0.992345641070078,0.369022476416769,0.269686037596536,0.965566866480404,0.329853014893725,0.577533499716926,0.955117225188735,"Indoxylsulfuric acid","C8 H7 N O4 S",213.01041,212.00313,5.76,25.35437897479,25.3787495938189,25.5867918327763,"Monotonic increase"
"Com_10243_pos",-0.0839574378554927,0.288142382054004,0.98678290331091,0.126531637549455,0.62734180456669,0.97424634381184,0.596406178966964,0.272000874921609,0.965566866480404,0.469874541417509,0.701770635040555,0.975261360435008,"Trehalose 6-phosphate","C12 H23 O14 P",422.08429,423.09157,5.197,20.602515659272,20.2868495336624,19.9136601322484,"Monotonic decrease"
"Com_6669_pos",0.0838973179572789,0.288488972673176,0.98678290331091,-1.68143948470853,0.827195887797856,0.998265352641438,-0.549071064182239,0.269686037596536,0.965566866480404,1.13236842052629,0.24494354942442,0.926123611056224,"Neosaxitoxin","C10 H17 N7 O5",337.11164,338.11892,5.876,15.5255153757273,15.3381023436162,15.900336442231,"MCI-associated decrease"
"Com_5691_pos",-0.0838071381099583,0.289009380383713,0.98678290331091,-0.154065705260936,0.4209494251512,0.97424634381184,-0.209087156493316,0.293446308169086,0.970595207854472,-0.0550214512323796,0.88375547915513,0.992254315525697,"Tritylalcohol","C24 H29 N3 O",357.21674,358.22402,5.563,26.1884433698083,25.9248193876709,25.7416344299878,"Monotonic decrease"
"Com_591_pos",0.0838071381099583,0.289009380383714,0.98678290331091,0.150845024872619,0.304734777861908,0.97424634381184,0.595222145979214,0.329005463807411,0.994084534535979,0.444377121106594,0.922350421507559,1,"Proline","C5 H9 N O2",115.06409,116.07137,2.259,29.6302510783756,29.8942737850344,29.6403690695645,"MCI-associated increase"
"Com_26356_pos",0.0836117484407637,0.290139078731233,0.98678290331091,0.100118044698816,0.997400337824886,0.999268128719689,0.589588506310448,0.25386076165015,0.965566866480404,0.489470461611632,0.427362915331838,0.952814429510526,"Phloretin","C15 H14 O5",274.08534,275.09264,5.87,20.3883538665151,20.7147737899137,20.8019585491365,"Monotonic increase"
"Com_18181_pos",0.0835591435298266,0.290443730641305,0.98678290331091,-0.104631784275074,0.766851229615129,0.995789824864306,0.093696785265602,0.25386076165015,0.965566866480404,0.198328569540676,0.25643004405867,0.926123611056224,"N-P-Coumaroyl Spermidine","C16 H25 N3 O2",291.19582,292.20309,6.378,25.4275373278421,25.3616199321924,25.5524677979371,"MCI-associated decrease"
"Com_16266_pos",-0.0835140536061663,0.290705030495824,0.98678290331091,-0.289735721677643,0.349735144524692,0.97424634381184,-0.41038621185989,0.291008962145896,0.970029873819655,-0.120650490182248,0.98333566379072,1,"2-methyl-1H-benzimidazole-5-carboxylic acid","C9 H8 N2 O2",176.05968,177.06695,3.721,20.8505032189241,20.8612145842325,20.8357274954612,"MCI-associated increase"
"Com_1659_pos",0.0834464187206759,0.291097273914111,0.98678290331091,0.933872294149344,0.914376006626322,0.998265352641438,0.246924947897544,0.262822777279203,0.965566866480404,-0.6869473462518,0.329691999093068,0.952814429510526,"N-isopropyl-N'-(2-oxoazepan-3-yl)urea","C10 H19 N3 O2",213.14855,214.15583,5.322,14.6143976374325,14.7743070110546,14.8875261013527,"Monotonic increase"
"Com_11234_pos",0.083416358771569,0.291271717432791,0.98678290331091,0.355480657741869,0.428510902013048,0.97424634381184,1.07868663723371,0.269686037596536,0.965566866480404,0.723205979491839,1,1,"6-Acetylmorphine","C19 H21 N O4",327.14853,328.1558,5.314,20.9992622461279,21.2949367063465,21.1595762909513,"MCI-associated increase"
"Com_695_pos",-0.0834088437842923,0.291315339188904,0.98678290331091,0.611200672425953,0.43232108085308,0.97424634381184,-1.13432023503181,0.26509700371463,0.965566866480404,-1.74552090745777,0.0805403120608203,0.879165798352739,"7-Methylxanthine","C6 H6 N4 O2",166.04973,167.05701,3.573,18.1153739254797,18.2816450199858,17.8589537492562,"MCI-associated increase"
"Com_2962_pos",-0.0833938138097388,0.291402595753122,0.98678290331091,-0.197961725232377,0.631970449622002,0.974363661520955,-0.294945608353734,0.305838053963586,0.981971620750533,-0.0969838831213575,0.572785775880501,0.955117225188735,"Carvone","C10 H14 O",150.10518,151.11249,6.046,27.0561876367447,26.9767038003084,26.9086795972409,"Monotonic decrease"
"Com_544_pos",-0.083363753860632,0.291577161090519,0.98678290331091,0.296669385939945,0.883432787149406,0.998265352641438,-0.544853751070838,0.288585267957312,0.970029873819655,-0.841523137010783,0.403443747728166,0.952814429510526,"Hypoxanthine","C5 H4 N4 O",136.03907,137.04634,1.44,21.4602386633204,21.5937444574646,20.3987579672031,"MCI-associated increase"
"Com_5040_pos",0.0832886039878648,0.292013878999759,0.98678290331091,1.87296481442495,0.555368969487478,0.97424634381184,0.0974178996726984,0.283778801286709,0.967016934320951,-1.77554691475225,0.759341893801283,0.975970962603451,"WLK","C23 H35 N5 O4",427.25817,428.26544,5.342,20.9760479629953,21.1275786858609,21.2091953612394,"Monotonic increase"
"Com_14225_pos",-0.0830556393822865,0.293370469874818,0.98678290331091,-1.33792031602504,0.914376006626322,0.998265352641438,-1.96934449554414,0.276671259920352,0.967016934320951,-0.631424179519095,0.427362915331838,0.952814429510526,"Muramic acid","C9 H17 N O7",251.10295,252.11023,3.683,18.5288459216589,18.5201030460448,18.2254869709474,"Monotonic decrease"
"Com_13527_pos",-0.0830481243950098,0.293414300501908,0.98678290331091,1.38201265496251,0.114054988205388,0.97424634381184,-0.570536601128222,0.293446308169086,0.970595207854472,-1.95254925609073,0.452088341455991,0.952814429510526,"isobutyl 1-cyclohexyl-4-oxo-1,4-dihydroquinoline-3-carboxylate","C20 H25 N O3",327.18502,328.19229,6.103,19.7950382190626,19.3793884201519,19.5677679245441,"MCI-associated decrease"
"Com_4715_neg",-0.0829955194840728,0.293721236758135,0.98678290331091,0.0382971288145706,0.641270993617746,0.977435844972917,0.0166020095314906,0.238693700490465,0.965566866480404,-0.0216951192830801,0.88375547915513,0.992254315525697,"2-Phenylpropionic acid","C9 H10 O2",150.0679,149.06042,5.514,25.0526688122353,25.1259374236075,24.9664654244108,"MCI-associated increase"
"Com_14911_pos",-0.0829053396367522,0.294247909393123,0.98678290331091,-0.978494826313867,0.363330302633665,0.97424634381184,-0.557948067888807,0.283778801286709,0.967016934320951,0.420546758425059,0.95003605531247,1,"T-2 Toxin","C24 H34 O9",488.2082,489.2153,6.217,17.2642048198529,16.9754074569838,16.9240058514029,"Monotonic decrease"
"Com_4624_neg",0.0828677647003686,0.294467541320474,0.98678290331091,0.0139157997475943,0.781820860064895,0.998265352641438,0.0844836879380721,0.303332350391521,0.981971620750533,0.0705678881904779,0.452088341455991,0.952814429510526,"4-(2-((4-Methoxyphenyl)amino)oxazol-5-yl)benzonitrile","C17 H13 N3 O2",291.09697,290.08965,1.391,26.6871299790159,26.7382335578369,26.8474942953198,"Monotonic increase"
"Com_3188_neg",-0.0828001298148781,0.294863153036317,0.98678290331091,-0.00285639500011195,0.520960693859334,0.97424634381184,-0.141173000056875,0.272000874921609,0.965566866480404,-0.138316605056763,0.109299540920766,0.914281594941658,"N-Acetylvaline","C7 H13 N O3",159.08941,158.08213,4.969,23.3935730984283,23.7730378156769,23.3853652078998,"MCI-associated increase"
"Com_13025_pos",0.0826272851075136,0.295875762840937,0.98678290331091,-0.365916757270209,0.732267429033629,0.991805251982257,-1.12444716521347,0.308357443525401,0.981971620750533,-0.758530407943263,0.486279233997147,0.952814429510526,"N1-[4-(aminosulfonyl)phenyl]-2,2-dimethylpropanamide","C11 H16 N2 O3 S",256.08582,257.0931,5.521,18.6125812905023,19.0434069426404,18.8939307594262,"MCI-associated increase"
"Com_11118_pos",0.0826122551329602,0.295963924713216,0.98678290331091,-0.481466712882536,0.655327630907459,0.978176760105966,1.89553994942223,0.303332350391521,0.981971620750533,2.37700666230477,0.582299670844668,0.955684897603873,"8-Hydroxymirtazapine","C17 H19 N3 O",281.15391,282.16119,5.014,12.0398213920126,11.9830122440094,12.1774063542377,"MCI-associated decrease"
"Com_1561_pos",0.08258971017113,0.296096200177398,0.98678290331091,-1.85176279271813,0.525200934142181,0.97424634381184,1.07426054215137,0.334304365199775,0.994084534535979,2.9260233348695,0.611274949976389,0.957584933101451,"3-[(3-chloro-4-hydroxy-5-methylanilino)methylidene]pentane-2,4-dione","C13 H14 Cl N O3",267.06936,268.07663,5.227,11.6494555824454,11.8018718430998,11.9741274315264,"Monotonic increase"
"Com_28307_pos",0.0824619553874258,0.296846501373474,0.98678290331091,0.0883761796493004,0.56414129164058,0.97424634381184,0.181923334254021,0.303332350391521,0.981971620750533,0.0935471546047201,0.691473527334145,0.975261360435008,"4-(1H-pyrazol-1-yl)-N,N-bis(2-pyridinylmethyl)benzenesulfonamide","C21 H19 N5 O2 S",405.12652,406.1338,1.357,23.1178844042597,23.1804715218171,23.1513377077822,"MCI-associated increase"
"Com_23663_pos",0.0824243804510422,0.297067417695448,0.98678290331091,-0.750283837708808,0.320344237415917,0.97424634381184,0.300173222796399,0.262822777279203,0.965566866480404,1.05045706050521,0.0546536723801855,0.823653935870402,"Adenosine 5'-monophosphate","C10 H14 N5 O7 P",347.06467,348.07212,1.504,21.5318941227542,21.4058841077415,21.9141725878043,"MCI-associated decrease"
"Com_257_neg",-0.0824243804510422,0.297067417695448,0.98678290331091,1.21675631555272,0.529458766137544,0.97424634381184,0.260248252474481,0.286175217334871,0.970029873819655,-0.956508063078236,0.812873068585294,0.983351253121837,"4,6-dimethyl-2-(methylamino)-5-nitronicotinonitrile","C9 H10 N4 O2",206.07949,205.07219,5.348,14.4987205863278,14.2210429919002,13.9065120061891,"Monotonic decrease"
"Com_44962_pos",0.0823642605528285,0.297421110260627,0.98678290331091,-0.701601472937289,0.307815579377766,0.97424634381184,0.241036275975616,0.272000874921609,0.965566866480404,0.942637748912905,0.0449450883105494,0.769968157118732,"LPE 18:0","C23 H48 N O7 P",481.31971,482.32699,10,12.953038647934,12.8066935054672,13.7822127839581,"MCI-associated decrease"
"Com_4224_pos",-0.0822815956927846,0.297907892637113,0.98678290331091,-0.204792837121333,0.483607107411269,0.97424634381184,0.150840517335408,0.310890522150725,0.982726318172158,0.35563335445674,0.769965261969016,0.977878730334537,"THJ2201 N-pentanoic acid metabolite","C23 H20 N2 O3",372.14407,373.15131,5.455,24.6259964351835,24.4630165113032,24.3415873522851,"Monotonic decrease"
"Com_3252_neg",-0.0821087509854201,0.298927413284055,0.98678290331091,0.216559756941834,0.737176664934003,0.992345641070078,-0.224465286980895,0.279026833357884,0.967016934320951,-0.441025043922729,0.611274949976389,0.957584933101451,"4-Hydroxymandelic acid","C8 H8 O4",168.04237,167.03509,2.733,25.3113045671391,25.4256894640503,25.0605387755395,"MCI-associated increase"
"Com_512_pos",0.0821087509854201,0.298927413284055,0.98678290331091,0.49157729676473,0.82212262125063,0.998265352641438,-0.0456172476928672,0.262822777279203,0.965566866480404,-0.537194544457598,0.296319630148174,0.947377138639377,"Octanedioic acid","C8 H14 O4",174.08912,349.18498,5.299,13.46960057549,13.2310984507872,14.1176321078726,"MCI-associated decrease"
"Com_5516_pos",-0.0820711760490365,0.299149353105628,0.98678290331091,0.0683531553098143,0.551007934514627,0.97424634381184,0.113457141312511,0.291008962145896,0.970029873819655,0.0451039860026963,0.775293318462452,0.982684488895692,"2-[(carboxymethyl)(methyl)amino]-5-methoxybenzoic acid","C11 H13 N O5",239.0805,240.08784,5.438,22.2591182008379,21.7864155286755,21.8023522896792,"MCI-associated decrease"
"Com_21079_pos",-0.082003541163546,0.299549119211248,0.98678290331091,-0.0932333769953794,0.443868638601511,0.97424634381184,-0.289892193388867,0.329005463807411,0.994084534535979,-0.196658816393488,0.759341893801283,0.975970962603451,"Tetrahydroaldosterone","C21 H32 O5",364.22645,365.23348,6.357,22.9241180437505,22.7782480652746,22.812742319928,"MCI-associated decrease"
"Com_4249_pos",-0.0819058463289487,0.300127182075916,0.98678290331091,0.0595082057867684,0.373740676149333,0.97424634381184,0.250677850505839,0.308357443525401,0.981971620750533,0.191169644719071,0.96112911025941,1,"3,3-dimethyl-2-morpholino-2,3-dihydrobenzo[b]furan-5-ol","C14 H19 N O3",249.13769,250.14496,5.195,20.3541680351882,19.9306806252238,19.9191071545783,"Monotonic decrease"
"Com_27698_pos",0.081845726430735,0.300483279007451,0.98678290331091,0.0406893442652587,0.417198243615752,0.97424634381184,0.146220877392052,0.29836198514745,0.979286270269238,0.105531533126794,0.938952675204792,1,"Maltotetraose","C24 H42 O21",688.20587,689.21315,1.354,21.8890744200233,22.0735344795175,22.1434055007816,"Monotonic increase"
"Com_14_pos",0.0818156664816281,0.300661432031161,0.98678290331091,0.0304069358621504,0.924721693522897,0.998265352641438,0.223047137471001,0.283778801286709,0.967016934320951,0.19264020160885,0.427362915331838,0.952814429510526,"N-Phenylacetylglutamine","C13 H16 N2 O4",264.11192,265.11914,5.384,33.5442421801648,33.5891954366576,33.8791168248312,"Monotonic increase"
"Com_11294_pos",-0.0817405166088609,0.301107119561694,0.98678290331091,0.0451298114886932,0.62734180456669,0.97424634381184,-0.103030475434929,0.260562056803757,0.965566866480404,-0.148160286923623,0.834548421874662,0.985419326780897,"5-Hydroxytryptophol","C10 H11 N O2",177.07979,178.087,5.445,24.3032443971109,24.0690406069655,24.1019365208848,"MCI-associated decrease"
"Com_186_neg",-0.0815225819778361,0.302402077291699,0.989511384410148,0.958836478191682,0.893729825674864,0.998265352641438,-0.139259842668409,0.291008962145896,0.970029873819655,-1.09809632086009,0.2774202983206,0.937882209172329,"N'-(4-chlorobenzoyl)-3-[4-(trifluoromethoxy)phenyl]acrylohydrazide","C17 H12 Cl F3 N2 O3",384.05353,383.04625,5.244,23.6711698934179,23.4910577483929,22.9002517146277,"Monotonic decrease"
"Com_5413_neg",-0.0810566527666796,0.305182900425645,0.997086117421191,-0.114075304948135,0.641270993617746,0.977435844972917,-0.204929829997578,0.279026833357884,0.967016934320951,-0.0908545250494433,0.754047050924864,0.975970962603451,"Lactobionic acid","C12 H22 O12",358.11051,357.1032,5.636,23.5667016183576,23.7797968269866,23.2974556127314,"MCI-associated increase"
"Com_543_neg",0.0808011431992712,0.306714980594742,0.997448346830471,4.70546451241421,0.664767431803053,0.978405986285098,0.198823686170625,0.300840328979728,0.981399853683868,-4.50664082624358,0.640871917981559,0.963784894223848,"3-Nitro-L-Tyrosine","C9 H10 N2 O5",226.05934,225.05205,5.182,19.9347345632638,20.2797447220213,20.2498042257564,"MCI-associated increase"
"Com_777_pos",-0.0807861132247177,0.306805259869084,0.997448346830471,0.79515173495388,0.955828252352678,0.998265352641438,0.579054712584607,0.267384752060982,0.965566866480404,-0.216097022369273,0.411326283922083,0.952814429510526,"L-Tryptophan","C11 H12 N2 O2",204.09077,205.09806,4.96,22.8356845051821,22.9675432294779,22.3192157286155,"MCI-associated increase"
"Com_16446_pos",0.0807560532756108,0.306985870723301,0.997448346830471,0.0707387863677951,0.398740057443781,0.97424634381184,0.692873062223781,0.274329277953311,0.965566866480404,0.622134275855986,0.0805403120608203,0.879165798352739,"Meclocycline","C22 H21 Cl N2 O8",476.09835,477.10563,5.506,19.5781750644512,19.6524914378448,19.8185517525017,"Monotonic increase"
"Com_25273_pos",0.0806433284664601,0.307663782564436,0.997448346830471,-0.19995613634246,0.258225552945512,0.97424634381184,0.356948378670275,0.300840328979728,0.981399853683868,0.556904515012735,0.02635082110374,0.722958425153893,"2-chloro-6-(3,5-dimethyl-1H-pyrazol-1-yl)benzonitrile","C12 H10 Cl N3",231.05399,232.06126,5.474,20.5345982202514,20.5255149621187,20.8369753926973,"MCI-associated decrease"
"Com_26067_pos",0.0806057535300765,0.307889971124904,0.997448346830471,0.281757496291002,0.707888874002243,0.987537281854498,-0.0624248683017781,0.293446308169086,0.970595207854472,-0.344182364592781,0.63093955575425,0.962373948192512,"4-Aminoindole","C8 H8 N2",132.06929,133.07679,5.412,22.0680449116188,22.2331330365693,22.3391063965492,"Monotonic increase"
"Com_633_neg",-0.0805005437082024,0.308523878845286,0.997448346830471,-0.0533286961358498,0.234344184310947,0.97424634381184,0.00491867991807079,0.342355281286456,0.994084534535979,0.0582473760539207,0.872774773778319,0.990317081593639,"3,8,9-trihydroxy-10-propyl-3,4,5,8,9,10-hexahydro-2H-oxecin-2-one","C12 H20 O5",244.13226,243.12499,5.803,29.8454604539267,29.5256315872386,29.3542227582759,"Monotonic decrease"
"Com_15142_pos",-0.0804554537845421,0.308795815128255,0.997448346830471,-1.13158218213509,0.0959247765753805,0.97424634381184,-1.02710188212841,0.339657975011742,0.994084534535979,0.104480300006677,0.477602645895932,0.952814429510526,"Sterigmatocystin","C18 H12 O6",324.06105,325.06833,1.632,19.4391098773236,18.4842162281548,18.6688359593532,"MCI-associated decrease"
"Com_5465_pos",-0.0804178788481585,0.309022548574113,0.997448346830471,0.511300066714817,0.82212262125063,0.998265352641438,-0.0236869524578478,0.274329277953311,0.965566866480404,-0.534987019172665,0.299551364204597,0.947377138639377,"5-methyl-3-(2-morpholino-2-oxoethyl)-1,3-benzoxazol-2(3H)-one","C14 H16 N2 O4",276.11225,277.11953,5.244,23.3645304161618,23.0416515129735,23.1573450328217,"MCI-associated decrease"
"Com_19944_pos",0.080245034140794,0.310066926094864,0.998421930371725,-0.423462905765094,0.377251420655644,0.97424634381184,0.721888190320775,0.279026833357884,0.967016934320951,1.14535109608587,0.072447398688488,0.867791165027521,"6,9-dimethoxy-11H-indeno[1,2-b]quinoxalin-11-one","C17 H12 N2 O3",292.08628,293.09355,5.302,19.7739710120731,19.6670685064235,19.8326164887478,"MCI-associated decrease"
"Com_12493_pos",0.0800421294843226,0.31129587702581,0.998421930371725,-0.0607775587794415,0.693402310791431,0.98465888858239,0.252345658545071,0.283778801286709,0.967016934320951,0.313123217324513,0.205099948872105,0.926123611056224,"Pregnenolone","C21 H32 O2",316.24159,317.24888,6.63,22.8669870579609,22.7376290972997,23.0843080023212,"MCI-associated decrease"
"Com_38720_neg",-0.0798317098405745,0.312573701397084,0.998421930371725,0.0804423721658167,0.581883464284275,0.97424634381184,0.23941895848534,0.318571911718053,0.989468637266521,0.158976586319524,0.696615093107947,0.975261360435008,"SHexCer 40:0;3O","C46 H91 N O12 S",881.62727,880.62,1.237,19.8205507108172,19.7848530960988,19.7442063248713,"Monotonic decrease"
"Com_12568_pos",-0.0797114700441471,0.313305421274261,0.998421930371725,-0.187615975930278,0.0533456737982772,0.97424634381184,-0.0756113492134084,0.339657975011742,0.994084534535979,0.11200462671687,0.296319630148174,0.947377138639377,"Diaminopimelic acid","C7 H14 N2 O4",190.09616,191.10346,1.366,25.7041308106112,25.2785154729533,25.5681298291011,"MCI-associated decrease"
"Com_16356_neg",-0.0795762002731661,0.314129940122902,0.998421930371725,-0.73771419389862,0.120146022276876,0.97424634381184,-0.476162343044675,0.339657975011742,0.994084534535979,0.261551850853945,0.530911630491966,0.953146719171818,"L-Asparagine","C4 H8 N2 O3",132.05322,131.04598,1.258,23.7954414308376,23.5945982087514,23.5407229656315,"Monotonic decrease"
"Com_13163_pos",-0.0794935354131222,0.314634508078504,0.998421930371725,0.053140188663756,0.68859794174135,0.98465888858239,0.257831564194834,0.323761305364838,0.989784562115363,0.204691375531078,0.568056657183818,0.955117225188735,"Tryptophanol","C11 H14 N2 O",190.11141,191.11866,5.219,21.0961840046171,20.8018283900504,20.7546736830785,"Monotonic decrease"
"Com_2938_pos",-0.0794709904512921,0.314772209067977,0.998421930371725,-0.534582178171749,0.307815579377766,0.97424634381184,-0.218490330458889,0.318571911718053,0.989468637266521,0.316091847712859,0.88375547915513,0.992254315525697,"11-Epiprostaglandin E1","C20 H34 O5",371.26891,372.27618,5.821,23.0185263465139,22.7133359458042,22.8239551973018,"MCI-associated decrease"
"Com_6511_pos",0.0791177860492863,0.316934646746697,0.998421930371725,0.00694554944317558,0.868024619498063,0.998265352641438,0.0387916662648077,0.308357443525401,0.981971620750533,0.0318461168216322,0.464748100925728,0.952814429510526,"3,4-MDEA-d5","C12 H12 [2]H5 N O2",106.07898,107.08632,6.329,25.7108854906212,25.7128901098306,25.7815653249352,"Monotonic increase"
"Com_42895_neg",0.0787194917236203,0.319384691867946,0.998421930371725,0.28663311866941,0.650628184064169,0.978176760105966,1.62175459903219,0.300840328979728,0.981399853683868,1.33512148036278,0.727750480169092,0.975261360435008,"1-(4-chlorophenyl)-3-hydroxy-1,2-dihydroquinoxalin-2-one","C14 H9 Cl N2 O2",272.0341,271.02682,7.587,16.5391532081885,16.5461046119052,16.5464269476957,"Monotonic increase"
"Com_19478_neg",-0.0787044617490669,0.319477386134689,0.998421930371725,-0.342572430040931,0.1067861047547,0.97424634381184,0.552648804910423,0.353281006425036,0.994933245078999,0.895221234951354,0.508338548074027,0.952814429510526,"2-(1-{2-[(3-furylmethyl)amino]-2-oxoethyl}cyclohexyl)acetic acid","C15 H21 N O4",279.1486,278.14132,5.733,20.5842423694307,20.3494147683032,20.5940591198925,"MCI-associated decrease"
"Com_36417_neg",-0.0786368268635764,0.319894726084357,0.998421930371725,0.12029381395704,0.837363881018235,0.998265352641438,0.149339410157515,0.323761305364838,0.989784562115363,0.0290455962004752,0.223065143932043,0.926123611056224,"3-(1,1,2,3,3,3-hexafluoropropyl)adamantane-1-carboxylic acid","C14 H16 F6 O2",330.10612,329.09885,4.945,19.6493441487414,19.6819175777109,19.4943098117852,"MCI-associated increase"
"Com_14683_pos",-0.0785842219526394,0.32021956789901,0.998421930371725,-0.104027911046063,0.727369125215803,0.988298366959884,-0.103279357403106,0.286175217334871,0.970029873819655,0.000748553642957246,0.24494354942442,0.926123611056224,"L-(-)-alpha-Amino-epsilon-Caprolactam","C6 H12 N2 O",128.09559,112.07635,4.393,24.0387056126983,24.0619192283657,23.9930279437277,"MCI-associated increase"
"Com_5580_pos",-0.0785767069653627,0.320265991306253,0.998421930371725,-0.263598095721971,0.231790589673772,0.97424634381184,-0.273524738360353,0.334304365199775,0.994084534535979,-0.00992664263838151,0.764648042021988,0.977878730334537,"β-Cortolone","C21 H34 O5",348.23182,349.23903,6.111,26.6456765260357,26.4160955065997,26.5157554716782,"MCI-associated decrease"
"Com_32541_neg",-0.0785241020544256,0.320591077191224,0.998421930371725,-0.384095040825268,0.424720330369171,0.97424634381184,-0.607755655737131,0.283778801286709,0.967016934320951,-0.223660614911864,0.0989253112779165,0.914281594941658,"Flavin Adenine Dinucleotide","C27 H33 N9 O15 P2",785.15499,784.14771,4.955,17.9163954591647,18.0796443929122,17.7361003418755,"MCI-associated increase"
"Com_15059_pos",-0.0781859276269733,0.322686014022696,0.998421930371725,-0.176576864774833,0.811998572511015,0.998265352641438,-0.159656279481954,0.310890522150725,0.982726318172158,0.0169205852928795,0.24494354942442,0.926123611056224,"2-(2-acetyl-3,5-dihydroxyphenyl)acetic acid","C10 H10 O5",210.05326,211.061,5.908,22.7039948504944,22.8813509915379,22.4977682199356,"MCI-associated increase"
"Com_24387_pos",0.0780130829196088,0.323760167260603,0.998421930371725,-0.453309378688552,0.176326492136697,0.97424634381184,0.118881819263892,0.291008962145896,0.970029873819655,0.572191197952444,0.0219850561324124,0.722958425153893,"Linustatin","C16 H27 N O11",426.18055,427.18802,5.603,20.0319095000095,19.916263960029,20.2984596884673,"MCI-associated decrease"
"Com_20396_pos",0.0778176932504141,0.324977202968462,0.998421930371725,0.0347459770976401,0.529458766137544,0.97424634381184,-0.0434441316067094,0.318571911718053,0.989468637266521,-0.0781901087043494,0.834548421874662,0.985419326780897,"LPC 16:0-SN1","C24 H50 N O7 P",495.33481,496.34207,9.179,21.3867879678052,21.3799553482647,21.4808009869052,"MCI-associated decrease"
"Com_11657_pos",-0.0778026632758607,0.325070943091736,0.998421930371725,-0.254755674479994,0.216883555394078,0.97424634381184,0.00659704916515506,0.358825637893576,0.994933245078999,0.261352723645149,0.802087812429697,0.983085864031817,"S-(5-Adenosy)-L-Homocysteine","C14 H20 N6 O5 S",384.12044,385.12772,5.562,23.6661103408043,23.4790921961067,23.4161719252443,"Monotonic decrease"
"Com_35706_pos",-0.0776448485430496,0.32605626648407,0.998421930371725,0.477365434902578,0.363330302633665,0.97424634381184,0.220967982032796,0.283778801286709,0.967016934320951,-0.256397452869782,0.759341893801283,0.975970962603451,"3-methoxy-2-phenyl-4H-furo[2,3-h]chromen-4-one","C18 H12 O4",292.07487,293.08215,6.132,19.9809440406674,19.7323077803173,19.704480764775,"Monotonic decrease"
"Com_20675_pos",-0.0776223035812195,0.326197183796342,0.998421930371725,-0.132693613355391,0.555368969487478,0.97424634381184,-0.0325787733220906,0.372924949559252,0.996328829034707,0.1001148400333,0.596707253498334,0.955684897603873,"Escitalopram","C20 H21 F N2 O",324.17,325.17733,5.592,21.8612615508763,21.5755304752597,21.3263543508156,"Monotonic decrease"
"Com_9255_pos",-0.0774118839374714,0.327514302516069,0.998421930371725,0.0297491483250293,0.343060251703388,0.97424634381184,0.262299671024143,0.326376540056176,0.993521757781246,0.232550522699114,0.905781933459163,0.994037609026979,"Deoxycytidine","C9 H13 N3 O4",227.09173,228.09909,1.621,23.4069740788212,23.1096502339329,23.0183084990771,"Monotonic decrease"
"Com_12384_pos",-0.0772540692046603,0.328504382462089,0.998421930371725,0.201585852256824,0.62734180456669,0.97424634381184,-0.0696118241268637,0.276671259920352,0.967016934320951,-0.271197676383687,0.231099692092127,0.926123611056224,"3-amino-2-phenyl-2H-pyrazolo[4,3-c]pyridine-4,6-diol","C12 H10 N4 O2",242.08163,243.0889,5.361,24.5155390703625,24.6246574732008,24.3569915696902,"MCI-associated increase"
"Com_1654_neg",-0.0772315242428301,0.328645979236568,0.998421930371725,0.97412623531455,0.138212461799709,0.97424634381184,-1.37495226123125,0.300840328979728,0.981399853683868,-2.3490784965458,0.0139820858343159,0.696884579367964,"9-Methyluric acid","C6 H6 N4 O3",182.04411,181.03683,2.676,12.6551599593547,13.7644752167634,11.5003994219936,"MCI-associated increase"
"Com_27832_neg",-0.0772014642937233,0.32883483590324,0.998421930371725,0.390861980768832,0.200379096595323,0.97424634381184,-0.384907795905041,0.323761305364838,0.989784562115363,-0.775769776673873,0.606401543595827,0.957584933101451,"Cannabichromevarin","C19 H26 O2",286.19525,285.18735,6.476,19.6807421082764,19.3126360664536,19.6275218069425,"MCI-associated decrease"
"Com_3474_neg",-0.0767054751334599,0.331961028917125,0.998421930371725,-0.184394936535556,0.761880321625298,0.992345641070078,-0.333138456611251,0.329005463807411,0.994084534535979,-0.148743520075695,0.205099948872105,0.926123611056224,"N2-Methylguanosine","C11 H15 N5 O5",297.10856,296.10128,4.722,25.3153726744756,25.9641405759483,25.1335707987511,"MCI-associated increase"
"Com_26301_neg",0.0764274206042213,0.333721886352338,0.998421930371725,-0.332527920522328,0.443868638601511,0.97424634381184,0.0493346885149355,0.293446308169086,0.970595207854472,0.381862609037264,0.115603111450903,0.914281594941658,"LPC 16:0","C24 H50 N O7 P",541.34148,540.3342,9.234,18.3280952220734,18.3015334243111,18.5132004413845,"MCI-associated decrease"
"Com_19674_pos",-0.0763447557441774,0.334246533374774,0.998421930371725,-0.556548044593592,0.796871754630755,0.998265352641438,-0.963622193815493,0.315997755082135,0.988647947186796,-0.407074149221901,0.587084129010093,0.955684897603873,"4-methoxy-9-(2-methylbut-3-en-2-yl)-7H-furo[3,2-g]chromen-7-one","C17 H16 O4",284.10469,285.1118,6.242,18.6018991334042,18.6427911946331,18.491156214283,"MCI-associated increase"
"Com_16961_neg",0.0762696058714103,0.334723942076442,0.998421930371725,-0.207659799989752,0.595358868812575,0.97424634381184,-0.0317483163721408,0.286175217334871,0.970029873819655,0.175911483617611,0.207599964624195,0.926123611056224,"15-Epiprostaglandin E1","C20 H34 O5",336.23189,335.22468,5.986,20.7114067075056,20.3339019140562,21.0746390705659,"MCI-associated decrease"
"Com_8949_pos",0.0761568810622595,0.335440870872483,0.998421930371725,-1.04481647673246,0.483607107411269,0.97424634381184,1.28848508426961,0.308357443525401,0.981971620750533,2.33330156100207,0.115603111450903,0.914281594941658,"5-benzyl-4-hydroxy-6H-pyrido[3,2,1-jk]carbazol-6-one","C22 H15 N O2",347.09599,348.10327,5.568,18.8685755454198,18.9677916839786,19.0936290890318,"Monotonic increase"
"Com_17554_pos",-0.0761117911385992,0.335727916456045,0.998421930371725,0.435189423636247,0.622727779164978,0.97424634381184,-0.280143156890246,0.334304365199775,0.994084534535979,-0.715332580526492,0.712122795096669,0.975261360435008,"N-cyclohexyl-6,7-dimethoxyquinazolin-4-amine","C16 H21 N3 O2",287.1608,288.16751,2.187,19.3105004006103,19.2786313760675,19.2550590452655,"Monotonic decrease"
"Com_3098_neg",-0.0760742162022156,0.335967240731408,0.998421930371725,0.0153778754865598,0.976606351715882,0.998265352641438,-0.182328215285523,0.345066245909026,0.994933245078999,-0.197706090772083,0.309387166254872,0.951927592764166,"Hexanoylglycine","C8 H15 N O3",173.10537,172.09809,5.625,28.1347841461867,28.1872351885486,28.0396274734788,"MCI-associated increase"
"Com_28606_pos",-0.0760591862276622,0.336063000889705,0.998421930371725,-0.183428156195264,0.417198243615752,0.97424634381184,-0.274422412081753,0.323761305364838,0.989784562115363,-0.0909942558864894,0.966678595943814,1,"N1-(2-amino-2-oxoethyl)-2-(isopropylthio)acetamide","C7 H14 N2 O2 S",190.07512,191.0824,3.943,21.4692381729593,21.3696227349589,21.4254168775991,"MCI-associated decrease"
"Com_25271_neg",0.0760441562531087,0.336158778446464,0.998421930371725,-0.302153536420978,0.471486819309996,0.97424634381184,0.468392129536701,0.288585267957312,0.970029873819655,0.770545665957678,0.139936790476407,0.926123611056224,"3,4-dihydro-2H,6H-[1,3]thiazino[2,3-b]quinazolin-6-one","C11 H10 N2 O S",218.04642,217.03914,5.622,20.1518304483969,20.1647924006771,20.3308595207489,"Monotonic increase"
"Com_19025_pos",-0.0760065813167251,0.336398298454575,0.998421930371725,-0.190095187750622,0.129756554029288,0.97424634381184,-0.0242067880587489,0.364424662323216,0.994933245078999,0.165888399691873,0.535486518379526,0.955117225188735,"5-Methyl-2'-deoxycytidine","C10 H15 N3 O4",241.10743,242.11468,1.633,21.8262105994824,21.1536888473298,21.402236261152,"MCI-associated decrease"
"Com_4940_neg",0.0759013714948511,0.337069532922962,0.998421930371725,0.0696961163829114,0.698219038274619,0.986572206543947,1.85950019294968,0.31343729215322,0.983512910862009,1.78980407656677,0.717318982344425,0.975261360435008,"Thymidine 3',5'-cyclic monophosphate","C10 H13 N2 O7 P",304.04857,303.04129,5.076,19.7541990721524,19.9368875184856,19.8215264404644,"MCI-associated increase"
"Com_89_pos",0.075796161672977,0.337741619749251,0.998421930371725,0.0492048252373794,0.981803910122497,0.998265352641438,0.663978504775502,0.308357443525401,0.981971620750533,0.614773679538122,0.460506411169444,0.952814429510526,"2-Oxindole","C8 H7 N O",133.05336,134.06064,5.176,28.1304201394462,28.2733233258892,28.4478695467622,"Monotonic increase"
"Com_25030_pos",0.0757285267874866,0.338174125609908,0.998421930371725,-0.0456523072971086,0.868024619498063,0.998265352641438,0.21841547605148,0.358825637893576,0.994933245078999,0.264067783348588,0.220431908222647,0.926123611056224,"Methandrostenolone","C20 H28 O2",300.20951,301.21739,5.633,21.9325173003657,21.8877547495004,22.1017709573871,"MCI-associated decrease"
"Com_30541_pos",0.0756308319528892,0.338799478023581,0.998421930371725,0.126555927431846,0.631970449622002,0.974363661520955,-0.109226611726949,0.339657975011742,0.994084534535979,-0.235782539158795,0.696615093107947,0.975261360435008,"Amphetamine","C9 H13 N",135.10543,153.13923,5.34,21.5232211613076,21.6795478525899,21.7209809747708,"Monotonic increase"
"Com_8042_pos",-0.0755406521055686,0.339377378491128,0.998421930371725,-0.44905151804112,0.219318960206375,0.97424634381184,-0.228415840700887,0.358825637893576,0.994933245078999,0.220635677340233,0.727750480169092,0.975261360435008,"3-(3,4,5-trimethoxyphenyl)propanoic acid","C12 H16 O5",262.08295,263.09023,6.441,22.8553537726394,22.3046324915326,22.9629026922044,"MCI-associated decrease"
"Com_35339_neg",0.0753828373727575,0.340390210388492,0.998421930371725,-0.0649920293929544,0.504177753142834,0.97424634381184,0.589899074982901,0.279026833357884,0.967016934320951,0.654891104375856,0.183578808289727,0.926123611056224,"Inosine 5'-Monophosphate","C10 H13 N4 O8 P",348.04605,347.03877,5.608,19.4429570388167,19.479159387643,19.619017500687,"Monotonic increase"
"Com_46003_neg",0.0752776275508835,0.341066496380646,0.998421930371725,0.0717082190708907,0.751968113314537,0.992345641070078,0.216086038464555,0.345066245909026,0.994933245078999,0.144377819393664,0.558654854496645,0.955117225188735,"2-Hydroxy-1-(4-methoxyphenyl)propyl hexopyranoside","C16 H24 O8",344.14873,343.14145,5.098,19.4722014296735,19.6255440256625,19.7411157546651,"Monotonic increase"
"Com_33037_pos",-0.0751724177290094,0.341743634002806,0.998421930371725,-0.607781047048717,0.0502091681852915,0.97424634381184,-0.262287708250511,0.361618357320189,0.994933245078999,0.345493338798206,0.24212922951655,0.926123611056224,"Glu-Glu","C10 H16 N2 O7",276.09698,277.10425,1.621,20.5972806773378,19.0426048781404,20.2395378509813,"MCI-associated decrease"
"Com_18786_pos",0.0751423577799026,0.341937258298067,0.998421930371725,-0.732730904540451,0.742096648392106,0.992345641070078,-0.655422656656214,0.339657975011742,0.994084534535979,0.0773082478842373,0.200165720861471,0.926123611056224,"Ouabain","C29 H44 O12",566.27434,567.28162,6.324,20.0109464412492,19.6916819517138,20.0238939920953,"MCI-associated decrease"
"Com_2939_pos",-0.0750296329707518,0.342663968423837,0.998421930371725,-0.525060446178208,0.307815579377766,0.97424634381184,-0.199257175744589,0.347790860943109,0.994933245078999,0.32580327043362,0.845434525219498,0.985419326780897,"Prostaglandin E1","C20 H34 O5",354.24214,372.276,5.825,22.8221944113742,22.4820325220589,22.6121626755605,"MCI-associated decrease"
"Com_1243_neg",-0.0749995730216449,0.342857922847691,0.998421930371725,-0.232783821600963,0.289638622395848,0.97424634381184,0.961650406451299,0.37578545144432,0.996506649431034,1.19443422805226,0.922350421507559,1,"4-Butylresorcinol","C10 H14 O2",166.1002,165.09232,6.061,22.0838084384619,21.9419497547567,21.9164675192839,"Monotonic decrease"
"Com_29948_neg",0.0747590934287899,0.344412059652149,0.998421930371725,-0.135256995117566,0.00523385870719781,0.906545585253139,-0.210308788959943,0.370077973403216,0.994933245078999,-0.0750517938423778,0.037364918680857,0.747298373617141,"16-Hydroxyhexadecanoic acid","C16 H32 O3",272.23719,271.22992,7.831,15.5446653053383,15.6948556994908,15.6097617777457,"MCI-associated increase"
"Com_6418_pos",-0.0747290334796831,0.344606639379044,0.998421930371725,-0.142114843582963,0.258225552945512,0.97424634381184,-0.127711938572148,0.339657975011742,0.994084534535979,0.0144029050108144,0.706939940536508,0.975261360435008,"Methyl-2-aminobenzoate","C8 H9 N O2",151.06408,152.0714,5.407,26.1903895397979,26.1450234338847,26.0538038310221,"Monotonic decrease"
"Com_7679_pos",-0.0747290334796831,0.344606639379044,0.998421930371725,-0.116755342659483,0.645942585778995,0.978176760105966,-0.141806249763657,0.331648073494293,0.994084534535979,-0.0250509071041739,0.743492207683456,0.975261360435008,"5'-S-Methyl-5'-thioadenosine","C11 H15 N5 O3 S",297.09101,298.09829,5.183,25.5270437255247,25.5113350590696,25.2026360692336,"Monotonic decrease"
"Com_7894_neg",-0.074623823657809,0.345288215406753,0.998421930371725,0.143345713709035,0.4361508056837,0.97424634381184,-0.0765234538664591,0.339657975011742,0.994084534535979,-0.219869167575494,0.994444862240747,1,"Phloroglucinol","C6 H6 O3",126.0314,125.02412,1.919,22.3007370902542,22.1973180027558,22.2337290463348,"MCI-associated decrease"
"Com_17181_neg",-0.0746087936832556,0.345385652863113,0.998421930371725,-0.589350138768389,0.424720330369171,0.97424634381184,0.127928096172665,0.353281006425036,0.994933245078999,0.717278234941054,0.955581507321733,1,"D-(-)-Salicin","C13 H18 O7",286.10628,285.099,5.728,20.8607472396954,20.7098654033835,20.7580686995292,"MCI-associated decrease"
"Com_2334_pos",0.0745035838613815,0.346068201162499,0.998421930371725,-0.36657222847519,0.0675721108078848,0.97424634381184,3.09583549866802,0.276671259920352,0.967016934320951,3.46240772714321,0.0099926394097965,0.696884579367964,"Ambroxol","C13 H18 Br2 N2 O",375.97966,376.98694,5.657,18.6428538604701,18.4244623493607,19.0121729308579,"MCI-associated decrease"
"Com_5709_pos",-0.0743532841158472,0.347044745607066,0.998421930371725,-6.8964374549661,0.0355937279132443,0.97424634381184,-6.73679244440314,0.393231487950585,0.99927870700711,0.159645010562956,0.225720812569721,0.926123611056224,"C-12 NBD-dihydro-ceramide","C36 H63 N5 O6",661.47986,662.48714,8.509,3.54413350814743,3.4907051176138,3.55002619008713,"MCI-associated decrease"
"Com_12042_neg",0.0741654094339292,0.34826786651961,0.998421930371725,0.345242460513697,0.961020516526437,0.998265352641438,1.56112715382425,0.321159762068703,0.989784562115363,1.21588469331055,0.411326283922083,0.952814429510526,"3-(4-chlorophenyl)-4-oxo-3,4-dihydrophthalazine-1-carboxylic acid","C15 H9 Cl N2 O3",300.02903,299.02175,6.334,18.7871821644299,18.8527950702025,18.9621777610732,"Monotonic increase"
"Com_21120_neg",-0.0741128045229922,0.348610826162777,0.998421930371725,0.140020965382939,0.83227637630576,0.998265352641438,-0.808489488758758,0.342355281286456,0.994084534535979,-0.948510454141696,0.52635665808374,0.953146719171818,"UDP","C9 H14 N2 O12 P2",404.00411,402.99684,3.611,15.1543543583009,15.2330360785161,14.5215429300408,"MCI-associated increase"
"Com_1204_neg",-0.0737896600700933,0.350722239312653,0.998421930371725,0.712637855581231,0.356491880867446,0.97424634381184,-0.807439800609744,0.310890522150725,0.982726318172158,-1.52007765619097,0.0842265049780121,0.883552552220323,"Phenothiazine","C12 H9 N S",199.0482,198.04092,4.747,19.4675487845842,19.7217515003799,18.1010053904386,"MCI-associated increase"
"Com_1542_neg",0.0736694202736658,0.351509927291404,0.998421930371725,-0.121414670734873,0.761880321625298,0.992345641070078,3.73081798141623,0.339657975011742,0.994084534535979,3.85223265215111,0.236569016868553,0.926123611056224,"Ergothioneine","C9 H15 N3 O2 S",229.08761,228.08034,5.589,14.4383211451079,14.6127160033787,14.6329429359852,"Monotonic increase"
"Com_7241_neg",0.0735116055408548,0.352545451041065,0.998421930371725,-0.0382588235729469,0.786829057503247,0.998265352641438,1.02313913356536,0.367244539197882,0.994933245078999,1.0613979571383,0.503885099508908,0.952814429510526,"Dl-Indole-3-lactic acid","C11 H11 N O3",205.07485,204.06728,5.309,21.4648935161774,21.6136864117185,21.6934303848979,"Monotonic increase"
"Com_19849_neg",0.0734965755663013,0.352644171984224,0.998421930371725,-0.0247142832793325,0.559746795848292,0.97424634381184,0.41528132068876,0.339657975011742,0.994084534535979,0.439995603968092,0.136237059103996,0.926123611056224,"N-Carbamoyl-L-aspartate","C5 H8 N2 O5",176.04366,175.03638,1.382,22.2885963069052,21.9390530454864,22.2373265926411,"MCI-associated decrease"
"Com_44218_pos",0.0734439706553643,0.352989831718891,0.998421930371725,-0.604215541903752,0.178419859198224,0.97424634381184,-0.070632247743607,0.31343729215322,0.983512910862009,0.533583294160145,0.0277987436801243,0.725125110652193,"2-Aminobenzenesulfonamide","C6 H8 N2 O2 S",172.02996,173.03747,5.652,19.5155818768707,19.4040222217543,19.7856948861985,"MCI-associated decrease"
"Com_3188_pos",-0.0733011858971067,0.353929120654029,0.998421930371725,-0.507710712520406,0.0410632444126561,0.97424634381184,-0.211660171223773,0.367244539197882,0.994933245078999,0.296050541296633,0.185883969112555,0.926123611056224,"5,8-dihydroxy-10-methyl-5,8,9,10-tetrahydro-2H-oxecin-2-one","C10 H14 O4",180.0795,181.08676,5.737,26.9295732576607,26.7546097420137,26.7715221365984,"MCI-associated decrease"
"Com_10985_pos",0.0731809461006792,0.35472131310339,0.998421930371725,0.145977916626404,0.976606351715882,0.998265352641438,0.0221537549418769,0.305838053963586,0.981971620750533,-0.123824161684527,0.503885099508908,0.952814429510526,"3-Methylhippuric acid","C10 H11 N O3",211.08523,194.08194,2.784,26.1435888335019,26.1422130428574,26.160462965878,"MCI-associated decrease"
"Com_3060_pos",-0.0731734311134025,0.354770861926091,0.998421930371725,-0.967468103032952,0.13478050629221,0.97424634381184,-1.27093445926842,0.347790860943109,0.994933245078999,-0.303466356235469,0.415301593462863,0.952814429510526,"7-hydroxy-6-nitro-2,3-dihydro-1H,5H-pyrido[3,2,1-ij]quinolin-5-one","C12 H10 N2 O4",246.06884,247.0761,2.004,22.9081331219051,22.4783140001964,22.6290097051809,"MCI-associated decrease"
"Com_33891_pos",-0.0731734311134025,0.354770861926091,0.998421930371725,-0.72054261128927,0.0379427334975529,0.97424634381184,-1.76055256857144,0.372924949559252,0.996328829034707,-1.04000995728217,0.181294891670863,0.926123611056224,"18-β-Glycyrrhetinic acid","C30 H46 O4",470.3421,471.34938,7.302,14.0640061020064,13.8403748666913,13.9481644462635,"MCI-associated decrease"
"Com_4184_pos",-0.0731283411897422,0.35506824575521,0.998421930371725,-0.0221727438275686,0.811998572511015,0.998265352641438,-0.0581883714024137,0.345066245909026,0.994933245078999,-0.0360156275748452,0.265286810082928,0.926123611056224,"alpha-Ketoglutaric acid","C5 H6 O5",146.02214,147.02942,1.775,25.2103778302718,25.8436453980928,24.7979308698648,"MCI-associated increase"
"Com_8376_pos",-0.0731283411897422,0.35506824575521,0.998421930371725,0.185999649405079,0.479548326162735,0.97424634381184,-0.520315795468241,0.361618357320189,0.994933245078999,-0.706315444873321,0.894758563045729,0.994037609026979,"N-Acetyldopamine","C10 H13 N O3",195.09032,196.09764,1.432,21.3209064659592,21.0465666902723,21.1316351847529,"MCI-associated decrease"
"Com_4768_pos",-0.0730832512660818,0.355365785389591,0.998421930371725,0.0835755610687499,0.577423547853057,0.97424634381184,-0.138512437683367,0.370077973403216,0.994933245078999,-0.222087998752116,0.732985348847199,0.975261360435008,"Oleamide","C18 H35 N O",281.27328,282.28051,9.691,22.8050626192401,22.6973409229907,22.7611352613617,"MCI-associated decrease"
"Com_12425_neg",0.0730682212915284,0.355464999888424,0.998421930371725,-0.972705567225984,0.577423547853057,0.97424634381184,0.136893651519091,0.291008962145896,0.970029873819655,1.10959921874507,0.24212922951655,0.926123611056224,"dUMP","C9 H13 N2 O8 P",308.04073,307.03345,5.626,20.5259806630516,20.4619842398053,20.7855497483914,"MCI-associated decrease"
"Com_5060_neg",0.0730607063042517,0.355514613628901,0.998421930371725,0.969930991746429,0.997400337824886,0.999268128719689,0.348807728280876,0.305838053963586,0.981971620750533,-0.621123263465553,0.52635665808374,0.953146719171818,"L-Homocystine","C8 H16 N2 O4 S2",536.10585,267.04565,5.263,20.0453210012599,20.3174972703944,20.4300755180563,"Monotonic increase"
"Com_25871_neg",0.073000586406038,0.355911679328511,0.998421930371725,-1.2840190415153,0.451663871524026,0.97424634381184,-0.191611536952025,0.339657975011742,0.994084534535979,1.09240750456328,0.0975096563427624,0.914281594941658,"LPE O-16:1","C21 H44 N O6 P",437.29351,436.28624,9.622,12.9917873783163,12.9246097691715,13.6342596107194,"MCI-associated decrease"
"Com_29850_pos",-0.0729780414442078,0.356060650358304,0.998421930371725,-0.41246198668786,0.0350262468555344,0.97424634381184,0.139743610173367,0.405130209790949,0.99927870700711,0.552205596861226,0.220431908222647,0.926123611056224,"Oleoyl ethanolamide","C20 H39 N O2",307.28901,308.2962,9.959,20.9709277055057,18.7848948906457,20.7054533081889,"MCI-associated decrease"
"Com_28797_pos",-0.0729104065587173,0.356507797069277,0.998421930371725,-0.0291628164946988,0.512533412985101,0.97424634381184,-0.343840912453401,0.364424662323216,0.994933245078999,-0.314678095958702,0.845434525219498,0.985419326780897,"Inosine","C10 H12 N4 O5",268.08191,291.07129,3.266,21.2279112490345,21.036252309567,21.105573350242,"MCI-associated decrease"
"Com_23119_neg",-0.0728953765841639,0.356607210590849,0.998421930371725,-0.0973046139208681,0.314038811796066,0.97424634381184,-0.187020024397532,0.411159416498534,0.99927870700711,-0.0897154104766641,0.977782141497144,1,"L-Threonine","C4 H9 N O3",119.0578,118.05053,1.298,23.2604274317809,23.1629300827562,23.0593800448961,"Monotonic decrease"
"Com_5581_pos",-0.072865316635057,0.356806089541323,0.998421930371725,-0.212007680287203,0.242124341114465,0.97424634381184,-0.253549111641847,0.378659461992411,0.997944887516946,-0.0415414313546437,0.759341893801283,0.975970962603451,"NSI-189","C22 H30 N4 O",366.24252,349.2393,6.165,26.6468944382685,26.3844505585134,26.5311212307471,"MCI-associated decrease"
"Com_41629_pos",0.0728352566859501,0.357005037697602,0.998421930371725,-0.341932649229789,0.732267429033629,0.991805251982257,-0.221196581987641,0.353281006425036,0.994933245078999,0.120736067242148,0.207599964624195,0.926123611056224,"5,6-dimethyl-3-[5-(trifluoromethyl)pyridin-2-yl]-1,2,4-triazine","C11 H9 F3 N4",254.07807,255.08568,5.514,20.122005000649,20.040252565172,20.4332685748413,"MCI-associated decrease"
"Com_11355_neg",-0.0727976817495666,0.357253820206316,0.998421930371725,-0.0358062385732969,0.495894512685331,0.97424634381184,-0.151245371140925,0.361618357320189,0.994933245078999,-0.115439132567628,0.88375547915513,0.992254315525697,"4-Methylvaleric Acid","C6 H12 O2",116.08316,115.07582,5.445,24.3327911495007,24.1486345196837,24.2005665708748,"MCI-associated decrease"
"Com_17818_pos",-0.0727450768386295,0.357602297353277,0.998421930371725,0.00154731605036903,0.0790595005335298,0.97424634381184,0.0439795012346234,0.396186144497547,0.99927870700711,0.0424321851842543,0.376575631556324,0.952814429510526,"Isoxanthopterin","C6 H5 N5 O2",179.04206,180.04934,1.445,23.2498270491816,22.6697766335745,23.0357886919728,"MCI-associated decrease"
"Com_7511_pos",-0.0725572021567116,0.358848588071851,0.998421930371725,0.234205021163972,0.703047950925009,0.986572206543947,-0.140982398437564,0.323761305364838,0.989784562115363,-0.375187419601537,0.785980992745559,0.982684488895692,"Metanephrine","C10 H15 N O3",197.10617,198.11349,5.39,24.9573703247577,24.9327979757979,24.7773065646092,"Monotonic decrease"
"Com_23988_pos",-0.0725121122330513,0.359148099857571,0.998421930371725,0.495899985209465,0.650628184064169,0.978176760105966,-0.041196866103729,0.370077973403216,0.994933245078999,-0.537096851313194,0.665982645222812,0.973499221842089,"N'1-methyl-N'1-[2-nitro-4-(trifluoromethyl)phenyl]ethanohydrazide","C10 H10 F3 N3 O3",294.09476,295.10217,1.315,20.4656589993549,20.3133951670893,20.3253209457257,"MCI-associated decrease"
"Com_36592_pos",0.0723167225638566,0.360447781896034,0.998421930371725,-0.317153540696174,0.551007934514627,0.97424634381184,-0.266989024195626,0.336974334210231,0.994084534535979,0.050164516500548,0.927881108442468,1,"2-(4-chlorophenoxy)-N-(2-oxo-3-azepanyl)nicotinamide","C18 H18 Cl N3 O3",359.10203,360.10938,5.151,18.8753646039152,19.1271087823978,19.0701003571319,"MCI-associated increase"
"Com_50073_pos",0.0723092075765799,0.360497827991601,0.998421930371725,0.1670369630857,0.512533412985101,0.97424634381184,0.919745754286709,0.305838053963586,0.981971620750533,0.75270879120101,0.183578808289727,0.926123611056224,"N-(2,5-diethoxy-4-morpholinophenyl)thiophene-2-carboxamide","C19 H24 N2 O4 S",376.15132,377.1586,7.169,16.9885329550352,16.9022495263122,17.0564374126099,"MCI-associated decrease"
"Com_8314_neg",-0.0722866626147497,0.36064799219564,0.998421930371725,-0.389926854905323,0.0946316132484227,0.97424634381184,-0.245376024040149,0.361618357320189,0.994933245078999,0.144550830865174,0.326249222520008,0.952814429510526,"J147","C18 H17 F3 N2 O2",350.1231,349.11581,5.372,24.9619375952709,24.5704363614721,24.7801296656852,"MCI-associated decrease"
"Com_10491_pos",-0.0722340577038127,0.36099852651248,0.998421930371725,-0.280442919063488,0.520960693859334,0.97424634381184,-0.161269346501956,0.387362362236814,0.99927870700711,0.119173572561533,0.769965261969016,0.977878730334537,"Coenzyme Q2","C19 H26 O4",318.18306,319.19034,6.297,25.0982991580679,25.1723462337521,24.9469158020666,"MCI-associated increase"
"Com_41263_pos",0.0722340577038127,0.360998526512481,0.998421930371725,-0.666579479916981,0.776821692720023,0.998265352641438,0.0822380796524851,0.323761305364838,0.989784562115363,0.748817559569466,0.312712662482808,0.951927592764166,"Jervine","C27 H39 N O3",443.30489,426.30164,6.904,16.777058457939,16.7319605158724,17.0376163680477,"MCI-associated decrease"
"Com_505_pos",0.0722115127419826,0.361148820289013,0.998421930371725,-4.19305675625326,0.184810867659201,0.97424634381184,1.19909829293939,0.331648073494293,0.994084534535979,5.39215504919265,0.02635082110374,0.722958425153893,"5-(sec-butyl)-2-hydroxybenzaldehyde N-phenylhydrazone","C17 H20 N2 O",268.15886,269.16614,5.48,12.3854247282929,12.5023842436182,12.7327468519632,"Monotonic increase"
"Com_16693_neg",-0.072173937805599,0.361399396286528,0.998421930371725,-0.92631153418112,0.329956481578519,0.97424634381184,-0.674204660942394,0.329005463807411,0.994084534535979,0.252106873238725,0.706939940536508,0.975261360435008,"N-(1H-indol-5-yl)-2-thiophenesulfonamide","C12 H10 N2 O2 S2",278.02247,277.01516,1.592,20.4379952703044,20.3278103190558,20.272669206599,"Monotonic decrease"
"Com_16614_pos",-0.0721438778564921,0.36159993481159,0.998421930371725,1.1069022371916,0.945449564887883,0.998265352641438,-0.198122359337511,0.336974334210231,0.994084534535979,-1.30502459652911,0.403443747728166,0.952814429510526,"4-{4-[3-(4-chlorophenoxy)propyl]piperazino}-1H-indole","C21 H24 Cl N3 O",369.16184,370.16923,6.24,17.6457293429568,17.9988984120766,17.6166855545811,"MCI-associated increase"
"Com_10088_neg",0.0720987879328318,0.361900872131885,0.998421930371725,-0.0543539893279781,0.487684458553608,0.97424634381184,0.218817498556313,0.310890522150725,0.982726318172158,0.273171487884291,0.163777763374728,0.926123611056224,"DL-m-Tyrosine","C9 H11 N O3",181.07426,180.06698,1.547,23.8486747504984,23.8762843572693,24.2769843021872,"Monotonic increase"
"Com_1327_pos",0.0720837579582784,0.362001219111386,0.998421930371725,-1.48511703702648,0.160234350051545,0.97424634381184,2.29224905741694,0.293446308169086,0.970595207854472,3.77736609444342,0.0367332343299604,0.747298373617141,"Chlorogenic Acid Methyl Ester","C17 H20 O9",368.11215,369.11923,5.629,17.549069342746,17.3627912646229,17.8075140530507,"MCI-associated decrease"
"Com_10432_pos",-0.0720612129964482,0.362151771959037,0.998421930371725,-0.0116694546186914,0.495894512685331,0.97424634381184,0.1041669488534,0.35604651691483,0.994933245078999,0.115836403472091,0.933415281752242,1,"12(S)-HETE","C20 H32 O3",320.23671,321.24396,5.978,22.4058588294449,22.2295391764486,22.2468671471699,"MCI-associated decrease"
"Com_3469_pos",0.0719935781109577,0.362603663605414,0.998421930371725,0.10328967024636,0.717606045215378,0.988298366959884,0.0791361499000238,0.35604651691483,0.994933245078999,-0.0241535203463366,0.660929291111291,0.973499221842089,"trans-2-Butene-1,4-dicarboxylic Acid","C6 H8 O4",144.04291,145.05021,6.542,26.5892280876813,26.6400077551032,26.6672772406161,"Monotonic increase"
"Com_7468_pos",0.0719484881872974,0.362905118933157,0.998421930371725,-1.9127527195464,0.26936351319264,0.97424634381184,-1.65225823869032,0.303332350391521,0.981971620750533,0.26049448085608,0.07134759002095,0.867791165027521,"Radicinin","C12 H12 O5",258.0516,259.05888,5.469,15.5131931927858,15.5638214729723,15.7127272025194,"Monotonic increase"
"Com_695_neg",-0.071880853301807,0.363357593224321,0.998421930371725,0.717132987083546,0.842458195298763,0.998265352641438,0.35528566168853,0.378659461992411,0.997944887516946,-0.361847325395017,0.236569016868553,0.926123611056224,"5-Methoxyindole-3-Carbaldehyde","C10 H9 N O2",175.06366,174.05627,5.4,26.3954761745948,26.3350841561524,25.3085459144812,"Monotonic decrease"
"Com_11824_pos",-0.0718583083399768,0.363508495658724,0.998421930371725,-0.101548322911641,0.581883464284275,0.97424634381184,-0.223217127344102,0.37578545144432,0.996506649431034,-0.121668804432461,0.748763745418092,0.975261360435008,"Octopine","C9 H18 N4 O4",246.13366,247.14094,1.825,26.8844781459845,26.6988241124436,26.6687913581997,"Monotonic decrease"
"Com_27889_pos",-0.0718057034290398,0.363860752346328,0.998421930371725,0.095747483881226,0.674260695349977,0.981173331585391,0.144971270939673,0.367244539197882,0.994933245078999,0.0492237870584467,0.170190915239575,0.926123611056224,"2-[(2-chlorobenzyl)sulfanyl]-4,6-dimethylnicotinonitrile","C15 H13 Cl N2 S",310.03099,311.03827,2.319,21.1785855820494,21.7683521522485,21.1328681036978,"MCI-associated increase"
"Com_603_pos",-0.0718057034290398,0.363860752346328,0.998421930371725,-0.0337012806932503,0.935080128178475,0.998265352641438,0.692599471288971,0.361618357320189,0.994933245078999,0.726300751982222,0.439625853937687,0.952814429510526,"N1-[1-(2,4-dichlorobenzoyl)-4-piperidyl]cyclohexane-1-carboxamide","C19 H24 Cl2 N2 O2",382.12539,383.13266,5.582,26.3569847520696,26.3473734036729,26.1869784709183,"Monotonic decrease"
"Com_428_pos",-0.0717004936071657,0.364565899850722,0.998421930371725,0.051559726739274,0.961020516526437,0.998265352641438,-0.104755502611468,0.331648073494293,0.994084534535979,-0.156315229350742,0.517306989731243,0.952814429510526,"4-Guanidinobutyric acid","C5 H11 N3 O2",145.08576,146.09304,1.445,28.9379144318737,28.8457685175277,28.7755283279032,"Monotonic decrease"
"Com_17125_pos",-0.0714675290015875,0.366130305715986,0.998421930371725,-0.0730954860431609,0.847559111655553,0.998265352641438,-0.307263724059635,0.367244539197882,0.994933245078999,-0.234168238016474,0.508338548074027,0.952814429510526,"Colchicine","C22 H25 N O6",399.16413,400.17141,5.501,24.5779713327707,24.6035482835797,24.488527227036,"MCI-associated increase"
"Com_5885_neg",0.0714600140143108,0.36618083939615,0.998421930371725,0.457228381290061,0.919547147740815,0.998265352641438,0.0835660330384148,0.353281006425036,0.994933245078999,-0.373662348251647,0.354447160577758,0.952814429510526,"Prostaglandin D1","C20 H34 O5",336.23198,335.22461,6.322,21.951759804327,21.8229569004766,22.0912470941413,"MCI-associated decrease"
"Com_6267_neg",0.071399894116097,0.366585263987716,0.998421930371725,0.0536445284119377,0.463500610105271,0.97424634381184,0.359837988646281,0.40213552975506,0.99927870700711,0.306193460234343,0.823693934159739,0.985419326780897,"Ala-Gln","C8 H15 N3 O4",217.10673,216.09945,1.51,22.3116364245093,22.5209440167817,22.579830827574,"Monotonic increase"
"Com_7265_neg",-0.0713623191797134,0.366838169409892,0.998421930371725,-0.161883623923016,0.53802676907566,0.97424634381184,-0.264275289583149,0.364424662323216,0.994933245078999,-0.102391665660134,0.867293463278401,0.987763710173379,"Allantoin","C4 H6 N4 O3",158.04401,157.03669,1.327,25.1936034023438,25.1372561238467,24.9847741513263,"Monotonic decrease"
"Com_4317_neg",0.0713021992814997,0.367243042136091,0.998421930371725,-1.90913447832833,0.349735144524692,0.97424634381184,-1.81110048818764,0.35604651691483,0.994933245078999,0.0980339901406844,0.818279173936408,0.983773838328041,"UMP","C9 H13 N2 O9 P",324.03542,323.02814,5.09,18.0878640954204,18.3578996524384,18.2075620206322,"MCI-associated increase"
"Com_34_neg",0.0712871693069463,0.367344303399732,0.998421930371725,-4.60599518291334,0.0517575442021944,0.97424634381184,-4.79865952521742,0.405130209790949,0.99927870700711,-0.192664342304078,0.262311436661922,0.926123611056224,"Farnesyl pyrophosphate","C15 H28 O7 P2",382.12851,381.12123,5.545,11.5056389749827,12.1214994782242,11.6914796798265,"MCI-associated increase"
"Com_13811_neg",-0.0712721393323928,0.367445581894738,0.998421930371725,-0.797964443986721,0.413466841049316,0.97424634381184,-0.748111038528137,0.372924949559252,0.996328829034707,0.0498534054585846,0.988889993758403,1,"N1-(3-amino-4-chlorophenyl)-2-[2,4-di(tert-pentyl)phenoxy]acetamide","C24 H33 Cl N2 O2",416.21919,415.21191,5.778,20.7859156662736,20.6716936434138,20.6442120474651,"Monotonic decrease"
"Com_12726_pos",0.071106809612305,0.368560782397497,0.998421930371725,0.465864156635151,0.234344184310947,0.97424634381184,0.0742530568964013,0.370077973403216,0.994933245078999,-0.39161109973875,0.650869006115233,0.968608952076912,"4,6,8-trihydroxy-7-methoxy-3-methyl-3,4-dihydro-1H-2-benzopyran-1-one","C11 H12 O6",262.04685,263.05413,5.336,21.1976628570105,21.5226298625423,21.40895615509,"MCI-associated increase"
"Com_7328_pos",-0.071106809612305,0.368560782397498,0.998421930371725,-0.50128827543519,0.0946316132484227,0.97424634381184,0.010716687982476,0.411159416498534,0.99927870700711,0.512004963417666,0.427362915331838,0.952814429510526,"L-Alanyl-L-proline","C8 H14 N2 O3",186.10149,187.10878,1.622,23.5520775619039,23.1559254243803,23.2901122642832,"MCI-associated decrease"
"Com_2642_neg",-0.0710767496631982,0.368763770045852,0.998421930371725,-0.464840837042786,0.242124341114465,0.97424634381184,0.537269373742669,0.372924949559252,0.996328829034707,1.00211021078545,0.676134783827214,0.973840329352538,"Eugenol","C10 H12 O2",164.08377,163.07646,5.768,22.4802601769107,22.364978302849,22.4792174478185,"MCI-associated decrease"
"Com_4327_pos",-0.0710466897140913,0.368966826577793,0.998421930371725,-0.106927198028503,0.366780087996831,0.97424634381184,0.34884840475053,0.381546963290637,0.99927870700711,0.455775602779033,0.938952675204792,1,"α-Methylhistamine","C6 H11 N3",125.09617,126.10342,1.217,23.1145114083618,22.9111614687354,23.1523185221853,"MCI-associated decrease"
"Com_1127_pos",-0.0709640248540474,0.369525587172003,0.998421930371725,0.0307495249154032,0.491780290625231,0.97424634381184,0.132532666427295,0.342355281286456,0.994084534535979,0.101783141511892,0.132613294938793,0.926123611056224,"DL-Lysine","C6 H14 N2 O2",146.10625,147.11347,1.146,25.5745274224795,25.4504303032308,25.4414478201196,"Monotonic decrease"
"Com_16760_pos",-0.0709039049558336,0.36993228560892,0.998421930371725,-0.336221898378317,0.459535943478569,0.97424634381184,-0.602238333808803,0.342355281286456,0.994084534535979,-0.266016435430486,0.118860319305323,0.914281594941658,"2,6-Xylidine","C8 H11 N",121.08995,122.09723,3.918,20.2554965018843,20.2960099111378,20.2200367187709,"MCI-associated increase"
"Com_6381_pos",-0.0708362700703432,0.370390150529378,0.998421930371725,-0.210989314669264,0.0656387789471161,0.97424634381184,0.10211493861725,0.417241571019914,0.99927870700711,0.313104253286514,0.33315821936716,0.952814429510526,"2-[2-oxo-2-(2-pyridylamino)ethoxy]acetic acid","C9 H10 N2 O4",210.06513,211.07245,1.619,25.3978852146109,23.1241069874224,23.7454807382692,"MCI-associated decrease"
"Com_16723_neg",0.0708212400957898,0.370491945615653,0.998421930371725,0.0706692734246044,0.888578956214013,0.998265352641438,1.25102010566748,0.35052911763795,0.994933245078999,1.18035083224288,0.354447160577758,0.952814429510526,"3-Methylamino-L-alanine","C4 H10 N2 O2",118.07794,117.07053,6.043,20.2976804789627,20.155794789618,20.3737454414451,"MCI-associated decrease"
"Com_17989_pos",0.0706934853120856,0.371357898536116,0.998421930371725,-0.0247619358363927,0.786829057503247,0.998265352641438,0.104023375284871,0.342355281286456,0.994084534535979,0.128785311121263,0.306085122476572,0.950685286066565,"(5-methyl-3-isoxazolyl)[4-(5-propyl-2-pyrimidinyl)piperazino]methanone","C16 H21 N5 O2",149.0715,150.07837,5.234,24.1613002033668,24.0944711179619,24.2955412335153,"MCI-associated decrease"
"Com_29302_neg",-0.0706859703248088,0.371408875650525,0.998421930371725,0.16892374134949,0.219318960206375,0.97424634381184,0.12513898942955,0.37578545144432,0.996506649431034,-0.0437847519199395,0.625998115151927,0.960312520734856,"ethyl 2-nitro-3-(4-nitrophenyl)acrylate","C11 H10 N2 O6",266.05879,265.05163,1.543,21.9272223342816,21.8015148506164,21.9152238014933,"MCI-associated decrease"
"Com_907_neg",-0.0706709403502554,0.371510842779808,0.998421930371725,-0.0370310038588502,0.827195887797856,0.998265352641438,-0.225842231570429,0.372924949559252,0.996328829034707,-0.188811227711579,0.262311436661922,0.926123611056224,"Purine","C5 H4 N4",120.04194,119.03462,1.435,28.0207438224066,28.1708265783263,27.8671768431544,"MCI-associated increase"
"Com_6587_neg",0.0706483953884252,0.371663825723414,0.998421930371725,0.969876829587696,0.727369125215803,0.988298366959884,-0.362078933549775,0.347790860943109,0.994933245078999,-1.33195576313747,0.727750480169092,0.975261360435008,"19(R)-Hydroxy-prostaglandin E2","C20 H32 O6",350.21153,349.2042,6.883,19.6813844038493,19.7619870610286,20.026886860931,"Monotonic increase"
"Com_15887_pos",-0.0706408804011485,0.371714828637469,0.998421930371725,0.0480020965509884,0.847559111655553,0.998265352641438,-0.356638935009998,0.396186144497547,0.99927870700711,-0.404641031560987,0.443757952476775,0.952814429510526,"4-ethoxy-6,7-dimethoxyquinazoline","C12 H14 N2 O3",234.10144,235.10873,4.974,21.8397175241334,21.7895595725677,21.5987323325645,"Monotonic decrease"
"Com_34489_pos",-0.0705507005538279,0.372327198945816,0.998421930371725,-0.00394427950763758,0.491780290625231,0.97424634381184,-0.125062376374744,0.361618357320189,0.994933245078999,-0.121118096867106,0.972229695919683,1,"N'1-(6-methylpyridazin-3-yl)-4-chlorobenzene-1-carbohydrazide","C12 H11 Cl N4 O",262.06322,263.0705,1.93,22.7403155938583,22.273649505299,22.4979014777594,"MCI-associated decrease"
"Com_11816_pos",-0.0705056106301676,0.372633616223996,0.998421930371725,0.563766516447977,0.0417127689738406,0.97424634381184,0.214499698535982,0.342355281286456,0.994084534535979,-0.349266817911995,0.115603111450903,0.914281594941658,"9-(2,3-Dihydroxy-3-methylbutoxy)-7H-furo[3,2-g]chromen-7-one","C16 H16 O6",304.09654,305.10381,5.515,19.3169953914917,18.1656917634379,18.9449539830593,"MCI-associated decrease"
"Com_1698_pos",-0.070468035693784,0.372889082145889,0.998421930371725,-0.355017396363968,0.533734081281277,0.97424634381184,-0.526017822739475,0.364424662323216,0.994933245078999,-0.171000426375507,0.905781933459163,0.994037609026979,"4-Methoxycinnamic acid","C10 H10 O3",160.05324,161.06054,5.81,22.6584984992058,22.9234667381544,22.5865511484581,"MCI-associated increase"
"Com_39368_pos",0.0703703408591867,0.373553796292907,0.998421930371725,0.0135030292269266,0.811998572511015,0.998265352641438,0.0732653218864794,0.347790860943109,0.994933245078999,0.0597622926595527,0.645862466064675,0.965185528895534,"Lysops 22:5","C28 H46 N O9 P",571.28819,572.29547,5.363,21.442670336635,21.5243465449601,21.6945563157171,"Monotonic increase"
"Com_42877_pos",0.0703477958973565,0.373707294976386,0.998421930371725,-0.260660847726394,0.945449564887883,0.998265352641438,0.129319791732575,0.334304365199775,0.994084534535979,0.38998063945897,0.460506411169444,0.952814429510526,"(4-nitrophenyl)(2,3,4,5,6-pentamethylphenyl)methanone","C18 H19 N O3",297.14079,298.14807,6.702,18.298758879664,18.1055906408782,18.4032065299089,"MCI-associated decrease"
"Com_4739_pos",-0.0703177359482496,0.373912020026254,0.998421930371725,-0.334162345395379,0.495894512685331,0.97424634381184,-1.03901310712501,0.390290219802824,0.99927870700711,-0.704850761729627,0.861818525982919,0.987763710173379,"N-(1-benzyl-4-piperidinyl)-4-(1H-pyrazol-1-yl)benzamide","C22 H24 N4 O",398.1577,399.16495,5.784,24.16230742674,23.5172801569526,23.2248913819354,"Monotonic decrease"
"Com_10363_neg",-0.0703102209609729,0.373963212027063,0.998421930371725,-0.035032659139198,0.428510902013048,0.97424634381184,-0.148918447078729,0.384447936576758,0.99927870700711,-0.113885787939531,0.98333566379072,1,"Gentisic acid","C7 H6 O4",154.0267,153.01942,3.245,24.1054094783852,24.0524780914063,24.0775420201259,"MCI-associated decrease"
"Com_2691_pos",-0.0702350710882058,0.374475368250279,0.998421930371725,-0.182285085051529,0.679026964522413,0.981173331585391,0.53474897226281,0.361618357320189,0.994933245078999,0.71703405731434,0.743492207683456,0.975261360435008,"6-(3-hydroxybutan-2-yl)-5-(hydroxymethyl)-4-methoxy-2H-pyran-2-one","C11 H16 O5",210.09024,211.09755,5.687,23.8738340353276,23.891892237325,23.8879023090313,"MCI-associated increase"
"Com_36076_pos",0.0701899811645454,0.374782868107346,0.998421930371725,-0.432099731343705,0.945449564887883,0.998265352641438,-0.266315808078144,0.342355281286456,0.994084534535979,0.165783923265561,0.540081186091507,0.955117225188735,"N-Oleoyl dopamine","C26 H43 N O3",439.31046,440.31773,6.628,18.8872384951923,18.8080578589358,19.0186108673023,"MCI-associated decrease"
"Com_2526_pos",-0.0701599212154386,0.374987953882797,0.998421930371725,1.01131677340258,0.0813097690238466,0.97424634381184,-0.361600888568487,0.40213552975506,0.99927870700711,-1.37291766197106,0.336647873819013,0.952814429510526,"Nicotine","C10 H14 N2",162.11634,163.12362,1.392,15.7906758408969,15.4698336910135,15.6979861333557,"MCI-associated decrease"
"Com_13544_pos",-0.0701524062281619,0.375039236059542,0.998421930371725,-0.326866977783126,0.0637512786495702,0.97424634381184,0.139898769890007,0.396186144497547,0.99927870700711,0.466765747673133,0.265286810082928,0.926123611056224,"N-[4-(diethylamino)phenyl]-N'-phenylurea","C17 H21 N3 O",305.14896,306.15624,1.627,22.699834012151,18.9544742746215,20.6390227265479,"MCI-associated decrease"
"Com_5652_neg",-0.0701524062281619,0.375039236059542,0.998421930371725,0.148020919456139,0.83227637630576,0.998265352641438,0.0062242786447792,0.361618357320189,0.994933245078999,-0.141796640811359,0.582299670844668,0.955684897603873,"L-Arabinitol","C5 H12 O5",152.06871,151.06109,1.306,25.0323046598567,25.0433603808257,24.9175929899928,"MCI-associated increase"
"Com_31854_pos",-0.070122346279055,0.375244407694901,0.998421930371725,-0.0429438875001601,0.191369717003743,0.97424634381184,0.0189904932892786,0.396186144497547,0.99927870700711,0.0619343807894387,0.616165632187242,0.957584933101451,"3-methyl-5-oxo-5-(4-toluidino)pentanoic acid","C13 H17 N O3",235.12222,236.1295,1.691,17.4571788939078,17.0736763535031,17.2231082602779,"MCI-associated decrease"
"Com_6056_pos",0.0700471964062878,0.375757637245056,0.998421930371725,0.613100433870712,0.512533412985101,0.97424634381184,0.426872355733683,0.367244539197882,0.994933245078999,-0.186228078137029,0.938952675204792,1,"5(S)-HpEPE","C20 H30 O4",351.24214,352.24948,6.179,22.8961406285347,23.0633169781382,23.1881942648291,"Monotonic increase"
"Com_8267_pos",-0.0700321664317344,0.375860334656048,0.998421930371725,-0.21764086210661,0.131414793480883,0.97424634381184,-0.275543423256932,0.405130209790949,0.99927870700711,-0.0579025611503214,0.490649280435088,0.952814429510526,"CAR 14:1","C21 H40 N O4",369.28965,370.29693,6.935,23.0104417103157,22.436095391509,22.8279255684112,"MCI-associated decrease"
"Com_4160_pos",-0.0700021064826275,0.37606578097219,0.998421930371725,-0.3382728465606,0.43232108085308,0.97424634381184,-0.048562073854089,0.384447936576758,0.99927870700711,0.289710772706511,0.988889993758403,1,"4-[4-(aminocarbonyl)piperidino]-4-oxobut-2-enoic acid","C10 H14 N2 O4",226.0967,227.10398,5.108,24.6188543847703,24.4776299242387,24.4975584303064,"MCI-associated decrease"
"Com_22180_pos",-0.0698893816734767,0.376836816044271,0.998421930371725,-0.141828049755014,0.138212461799709,0.97424634381184,0.213138023078885,0.390290219802824,0.99927870700711,0.354966072833898,0.460506411169444,0.952814429510526,"Trehalose","C12 H22 O11",342.11537,343.12264,6.054,18.7878903961906,18.500399233019,18.3488703786884,"Monotonic decrease"
"Com_17096_neg",-0.0697691418770492,0.377660317170104,0.998421930371725,-1.29604737998702,0.136488159162668,0.97424634381184,-0.110774500856065,0.381546963290637,0.99927870700711,1.18527287913096,0.427362915331838,0.952814429510526,"PE 16:0_17:1","C38 H74 N O8 P",703.52028,702.513,9.593,19.7646549509492,19.7413772678241,19.7568484210854,"MCI-associated decrease"
"Com_15290_pos",0.0695812671951313,0.37894923483962,0.998421930371725,-0.657664687933098,0.475508201793893,0.97424634381184,-1.33372735131626,0.342355281286456,0.994084534535979,-0.676062663383159,0.14181541315194,0.926123611056224,"3-hydroxy-4-(3-hydroxyphenyl)-1,2-dihydroquinolin-2-one","C15 H11 N O3",253.07499,254.08227,5.574,19.4082773330288,19.5432352304735,19.6539687401273,"Monotonic increase"
"Com_18223_pos",-0.0695587222333011,0.379104084952051,0.998421930371725,0.32884751687368,0.664767431803053,0.978405986285098,0.149003168535259,0.342355281286456,0.994084534535979,-0.17984434833842,0.861818525982919,0.987763710173379,"4,4'-dimethoxy[1,1'-biphenyl]-2-carbonitrile","C15 H13 N O2",239.09709,240.10436,1.682,21.5064380714799,21.1730243401967,21.3233369499977,"MCI-associated decrease"
"Com_4495_pos",-0.0695286622841943,0.379310611749381,0.998421930371725,-0.0292195098658132,0.212071246797705,0.97424634381184,-0.190395421561529,0.426463574246326,0.99927870700711,-0.161175911695716,0.748763745418092,0.975261360435008,"Isoeugenyl acetate","C12 H14 O3",206.09903,207.10633,5.877,25.8227164695178,25.3837497596101,25.8070310104899,"MCI-associated decrease"
"Com_2763_neg",0.0694309674495969,0.379982297177577,0.998421930371725,-0.363915458199938,1,1,0.18712625716401,0.370077973403216,0.994933245078999,0.551041715363948,0.423319976747168,0.952814429510526,"Benzyl 6-O-beta-D-glucopyranosyl-beta-D-glucopyranoside","C19 H28 O11",478.17188,238.07868,6.327,24.7059810172715,24.3226304142227,24.8702042099941,"MCI-associated decrease"
"Com_7734_pos",-0.0694159374750435,0.380085697640472,0.998421930371725,0.117110736121412,0.599882105607627,0.97424634381184,-0.0897634873701661,0.378659461992411,0.997944887516946,-0.206874223491578,0.802087812429697,0.983085864031817,"Arachidonoyl amide","C20 H33 N O",303.25516,304.26243,9.691,21.7390889607677,21.6441851284426,21.6915549403369,"MCI-associated decrease"
"Com_18121_pos",0.0693633325641065,0.380447734145115,0.998421930371725,-0.144740256959605,0.0790595005335298,0.97424634381184,0.681989302078013,0.31343729215322,0.983512910862009,0.826729559037618,0.0134491841243223,0.696884579367964,"2-[(3S)-1-(3,4-Difluorobenzyl)-3-pyrrolidinyl]-1H-benzimidazole","C18 H17 F2 N3",313.14478,314.15206,5.652,20.5364393841273,20.1409769136554,20.6811809546599,"MCI-associated decrease"
"Com_51742_pos",0.069348302589553,0.380551211681118,0.998421930371725,0.160910984043967,0.0883739620238085,0.97424634381184,0.049729011786736,0.408138180873097,0.99927870700711,-0.111181972257231,0.354447160577758,0.952814429510526,"5-ethoxy-2-[(2,3,4,5,6-pentafluorobenzyl)thio]-1H-benzo[d]imidazole","C16 H11 F5 N2 O S",396.03697,397.04425,7.32,7.57175955084249,7.81715558888184,7.71355447144088,"MCI-associated increase"
"Com_32876_pos",0.0693182426404462,0.38075821812677,0.998421930371725,0.156460515145401,0.992201123863709,0.998265352641438,0.00600718458148125,0.35052911763795,0.994933245078999,-0.15045333056392,0.477602645895932,0.952814429510526,"17alpha-Ethinyl estradiol","C20 H24 O2",296.17802,297.18588,5.803,20.7283056646473,20.9291989151465,21.0850393265541,"Monotonic increase"
"Com_44150_pos",-0.0692130328185721,0.381483280013497,0.998421930371725,0.148408768474286,0.68859794174135,0.98465888858239,-0.0580354718825376,0.40213552975506,0.99927870700711,-0.206444240356823,0.621073413560985,0.958253139885009,"1-oxo-2,3-dihydro-1H-inden-4-yl benzoate","C16 H12 O3",252.07773,253.08501,1.193,20.3488216307682,20.3636392463753,20.3317582437747,"MCI-associated increase"
"Com_3213_pos",-0.0691078229966981,0.3822091806121,0.998421930371725,-0.0749888521459874,0.56414129164058,0.97424634381184,-0.242892257658342,0.353281006425036,0.994933245078999,-0.167903405512355,0.17679044541687,0.926123611056224,"13-Hpotre(R)","C18 H30 O4",310.21565,293.21231,5.957,25.0764986444753,25.1790195239795,24.8920024041041,"MCI-associated increase"
"Com_15368_pos",-0.0690401881112076,0.382676273739774,0.998421930371725,-0.159958920988264,0.247411016969101,0.97424634381184,-0.209983833996018,0.399154166400786,0.99927870700711,-0.0500249130077544,0.712122795096669,0.975261360435008,"2-methyl-2,3,4,5-tetrahydro-1,5-benzoxazepin-4-one","C10 H11 N O2",159.06914,160.0764,4.846,23.7591565246187,23.5478409791596,23.7680832222548,"MCI-associated decrease"
"Com_45497_pos",0.0688222534801828,0.384183707489623,0.998421930371725,-0.482672098909952,0.559746795848292,0.97424634381184,-0.166201076421944,0.345066245909026,0.994933245078999,0.316471022488008,0.192927758595424,0.926123611056224,"6-O-Isobutyryl-alpha-D-glucopyranosyl alpha-D-glucopyranoside","C16 H28 O12",434.14522,435.1525,6.992,17.3496340541619,17.2599662073399,17.5526419584595,"MCI-associated decrease"
"Com_918_pos",-0.0688147384929061,0.38423575207564,0.998421930371725,0.155890187476017,0.0472287275743189,0.97424634381184,-0.244715626388066,0.390290219802824,0.99927870700711,-0.400605813864083,0.17679044541687,0.926123611056224,"3-Pyridylacetic acid","C7 H7 N O2",137.04836,138.05563,6.547,25.8070762671194,25.3652641983654,25.7466873041038,"MCI-associated decrease"
"Com_33488_pos",0.0687546185946923,0.384652262577683,0.998421930371725,0.7313315676563,0.120146022276876,0.97424634381184,0.268100051013948,0.458049003259623,0.99927870700711,-0.463231516642352,0.577533499716926,0.955117225188735,"NPK","C15 H27 N5 O5",339.18784,322.18455,6.679,17.5022037426779,18.1473686575262,17.70849990657,"MCI-associated increase"
"Com_46235_pos",0.0686494087728183,0.385381813795219,0.998421930371725,-0.421182175306467,0.479548326162735,0.97424634381184,0.322099342495264,0.35604651691483,0.994933245078999,0.743281517801731,0.136237059103996,0.926123611056224,"Palmitoylcarnitine","C23 H45 N O4",399.33742,400.3447,7.767,16.1367798967081,15.5151518780143,16.4839048105505,"MCI-associated decrease"
"Com_45436_neg",0.0686343787982648,0.385486103729085,0.998421930371725,0.336825863648449,0.467484261734005,0.97424634381184,0.703580546624082,0.364424662323216,0.994933245078999,0.366754682975632,0.938952675204792,1,"α-Estradiol","C18 H24 O2",272.17976,271.17249,7.191,17.0606182027848,17.2069565839193,17.1978971255732,"MCI-associated increase"
"Com_13431_neg",0.0685742589000511,0.385903434253879,0.998421930371725,0.0264357897923027,0.898885180907176,0.998265352641438,0.531476112481811,0.353281006425036,0.994933245078999,0.505040322689508,0.596707253498334,0.955684897603873,"4-{[5-(trifluoromethyl)-2-pyridyl]oxy}benzene-1-carbothioamide","C13 H9 F3 N2 O S",298.04222,343.0405,5.302,21.6517451726163,21.9118312117812,21.910446634054,"MCI-associated increase"
"Com_11962_neg",-0.0685441989509442,0.386112201976126,0.998421930371725,-0.0411367975652887,0.664767431803053,0.978405986285098,-0.0434316852097542,0.384447936576758,0.99927870700711,-0.00229488764446554,0.732985348847199,0.975261360435008,"(2R)-2,3-Dihydroxypropanoic acid","C3 H6 O4",106.02605,105.01877,0.683,26.6258234877365,26.6273382655846,26.5960683833448,"MCI-associated increase"
"Com_30855_neg",-0.0685366839636675,0.386164404578258,0.998421930371725,-0.226647188840725,0.346387458950286,0.97424634381184,-0.0693138148588356,0.381546963290637,0.99927870700711,0.15733337398189,0.812873068585294,0.983351253121837,"N-{[2-(2-thienyl)-1,3-thiazol-4-yl]methyl}benzamide","C15 H12 N2 O S2",300.0356,299.02832,8.43,9.2619639180333,8.55757094810782,9.00466111088697,"MCI-associated decrease"
"Com_5382_neg",-0.0685141390018374,0.386321037994438,0.998421930371725,0.0125286065336233,0.326731856764063,0.97424634381184,-0.712669207944299,0.345066245909026,0.994933245078999,-0.725197814477922,0.0829828936613496,0.883552552220323,"5-morpholino-2,4(1H,3H)-pyrimidinedione","C8 H11 N3 O3",197.08023,196.07295,4.841,22.241614885368,22.4307157887412,21.9872006788205,"MCI-associated increase"
"Com_14623_pos",0.0684765640654538,0.386582179046618,0.998421930371725,0.22511260118795,0.487684458553608,0.97424634381184,1.24540788824197,0.315997755082135,0.988647947186796,1.02029528705402,0.210122011809528,0.926123611056224,"Alternariol","C14 H10 O5",258.05415,259.06145,5.927,20.0924373465752,19.8226471055052,20.2266239565604,"MCI-associated decrease"
"Com_5579_pos",0.0684615340909003,0.38668666534009,0.998421930371725,-0.881791270409871,0.761880321625298,0.992345641070078,-0.820003372121874,0.321159762068703,0.989784562115363,0.0617878982879971,0.399536640886351,0.952814429510526,"Anastrozole","C17 H19 N5",293.1655,294.17297,5.762,17.5964737759884,17.3382758323756,17.7961459679183,"MCI-associated decrease"
"Com_17234_pos",-0.0682285694853221,0.388308384913999,0.998421930371725,-0.0272159634353991,0.842458195298763,0.998265352641438,-0.0413691414039583,0.40213552975506,0.99927870700711,-0.0141531779685593,0.499452327221799,0.952814429510526,"Lapachol","C15 H14 O3",242.09546,243.10274,6.234,24.107604694485,24.0607379098262,23.8642306347067,"Monotonic decrease"
"Com_7382_pos",0.0682210544980453,0.3883607666808,0.998421930371725,0.0370631584309114,0.987002241055627,0.998265352641438,0.0061363125667563,0.364424662323216,0.994933245078999,-0.0309268458641553,0.460506411169444,0.952814429510526,"1,3-Dimethyluracil","C6 H8 N2 O2",140.05927,141.06646,1.871,26.1686410940354,26.1837602128591,26.2754628700487,"Monotonic increase"
"Com_33047_neg",-0.0682060245234919,0.388465543003639,0.998421930371725,-0.15645221675218,0.174251488990335,0.97424634381184,-0.254820099648548,0.405130209790949,0.99927870700711,-0.0983678828963683,0.544695495464747,0.955117225188735,"Guanosine monophosphate (GMP)","C10 H14 N5 O8 P",363.05999,362.0526,1.5,22.459332385018,22.3989495196741,22.3891685170588,"Monotonic decrease"
"Com_36288_pos",0.068175964574385,0.388675146802685,0.998421930371725,0.378426272110896,0.0339144289153719,0.97424634381184,0.0536900403920286,0.408138180873097,0.99927870700711,-0.324736231718867,0.147567583469119,0.926123611056224,"Valproic acid","C8 H16 O2",144.11575,145.12292,5.887,16.7072125221448,17.3354487893352,16.9989061199371,"MCI-associated increase"
"Com_38576_neg",-0.0681459046252782,0.388884818799426,0.998421930371725,0.412554801558575,0.409755270771572,0.97424634381184,0.0041524732038409,0.326376540056176,0.993521757781246,-0.408402328354734,0.149524090306385,0.926123611056224,"L-arginine","C6 H14 N4 O2",174.11183,173.10455,1.251,20.8276653556042,20.9883063089318,20.7415984461806,"MCI-associated increase"
"Com_37017_pos",-0.0680857847270644,0.389304367353268,0.998421930371725,-0.294472264825311,0.0895980641270494,0.97424634381184,-0.0790822795371039,0.429563791794827,0.99927870700711,0.215389985288207,0.380344886808099,0.952814429510526,"N-Acetylglucosamine 1-phosphate","C8 H16 N O9 P",301.05522,302.0625,1.493,20.5846216235774,20.3351943396595,20.5400509214548,"MCI-associated decrease"
"Com_6019_neg",0.0680782697397877,0.389356830097532,0.998421930371725,-0.0938252180414815,0.796871754630755,0.998265352641438,0.0470903018582814,0.370077973403216,0.994933245078999,0.140915519899763,0.302806524686605,0.947377138639377,"L-Aspartic acid","C4 H7 N O4",133.03716,132.02991,1.359,26.5600162195218,26.5659269414464,26.6310787373515,"Monotonic increase"
"Com_336_neg",-0.0678603351087629,0.390880102556429,0.998421930371725,-0.655559572912301,0.143486149490415,0.97424634381184,1.54179976170886,0.411159416498534,0.99927870700711,2.19735933462116,0.477602645895932,0.952814429510526,"Ascorbic acid","C6 H8 O6",176.03187,175.02455,1.632,22.4556655451432,22.0278278093446,22.2638768240078,"MCI-associated decrease"
"Com_9254_pos",0.0678377901469327,0.391037886852539,0.998421930371725,0.066076793312823,0.82212262125063,0.998265352641438,0.403569746276735,0.420302432558056,0.99927870700711,0.337492952963912,0.220431908222647,0.926123611056224,"Valine","C5 H11 N O2",100.05312,101.06053,1.407,24.3644415855421,24.346840594298,24.44552542077,"MCI-associated decrease"
"Com_24868_neg",0.0677025203759518,0.39198539698837,0.998421930371725,0.768049385535818,0.862899385969575,0.998265352641438,0.291009792808127,0.378659461992411,0.997944887516946,-0.47703959272769,0.336647873819013,0.952814429510526,"Kaempferitrin","C27 H30 O14",578.16784,577.16057,6.271,19.1335902988945,19.2525841428676,19.3846960600858,"Monotonic increase"
"Com_2549_pos",0.0676649454395682,0.39224883889486,0.998421930371725,0.707215056175105,0.121707891339525,0.97424634381184,0.0113577120039378,0.408138180873097,0.99927870700711,-0.695857344171167,0.407373648283687,0.952814429510526,"trans,trans-2,4-Heptadienal","C7 H10 O",110.0739,111.08121,5.195,23.3199808929597,23.5507894044649,23.3561463632741,"MCI-associated increase"
"Com_180_pos",0.0674770707576503,0.393567643147977,0.998421930371725,-5.23292416722027,0.801905857583837,0.998265352641438,-5.6603640177387,0.367244539197882,0.994933245078999,-0.427439850518421,0.681233164972313,0.973840329352538,"O-Desmethylvenlafaxine","C16 H25 N O2",263.18993,264.19721,5.437,11.7547373540298,11.9882926743191,12.0865796114566,"Monotonic increase"
"Com_27454_neg",0.0671539263047514,0.395842198933114,0.998421930371725,0.0505897676973516,0.914376006626322,0.998265352641438,0.148645750745152,0.370077973403216,0.994933245078999,0.0980559830478009,0.568056657183818,0.955117225188735,"Deoxyadenosine","C10 H13 N5 O3",251.10107,250.0938,5.504,22.5299905273587,22.8295416942863,22.9506658993651,"Monotonic increase"
"Com_30795_pos",0.0670261715210472,0.396743607074898,0.998421930371725,-0.00430632718465247,0.568552333025136,0.97424634381184,-0.0389812509293134,0.393231487950585,0.99927870700711,-0.0346749237446609,0.872774773778319,0.990317081593639,"LPC 18:0-SN1","C26 H54 N O7 P",523.36614,524.37338,10.031,21.1293290972223,21.128245431887,21.0607136730601,"Monotonic decrease"
"Com_6665_pos",-0.0669585366355567,0.39722131948756,0.998421930371725,-0.452182582392715,0.170156278508872,0.97424634381184,0.0779839245109973,0.429563791794827,0.99927870700711,0.530166506903712,0.572785775880501,0.955117225188735,"8-Isoprostaglandin F1β","C20 H36 O5",373.28459,374.29186,5.914,21.2831647063659,21.0209346822064,21.3202283052045,"MCI-associated decrease"
"Com_39456_neg",0.0669435066610033,0.397327524451244,0.998421930371725,0.0630117728537794,0.873155405707105,0.998265352641438,0.257167800228707,0.387362362236814,0.99927870700711,0.194156027374927,0.340160950581424,0.952814429510526,"12-Hydroxydodecanoic acid","C12 H24 O3",216.17347,215.16622,6.876,20.0014732603087,19.8825235795353,20.1890685663774,"MCI-associated decrease"
"Com_1090_neg",0.0668082368900224,0.398284132237291,0.998421930371725,-2.91103419278574,0.186978409441961,0.97424634381184,-3.14196184229813,0.405130209790949,0.99927870700711,-0.230927649512388,0.530911630491966,0.953146719171818,"Thiodiglycolic acid","C4 H6 O4 S",149.99855,148.99127,3.087,20.6474409994436,20.7511331945326,20.5504921874909,"MCI-associated increase"
"Com_23850_pos",0.0667406020045319,0.398762951063959,0.998421930371725,0.18508786047002,0.0247746046796803,0.97424634381184,0.00250860472725897,0.378659461992411,0.997944887516946,-0.182579255742761,0.072447398688488,0.867791165027521,"T-2 Triol","C20 H30 O7",404.18252,405.18979,6.386,19.9759839397613,20.8215335193236,20.3543923518777,"MCI-associated increase"
"Com_27526_pos",-0.0667180570427018,0.398922633600178,0.998421930371725,0.0277305975218482,0.204998198444284,0.97424634381184,-0.140609046550354,0.417241571019914,0.99927870700711,-0.168339644072203,0.606401543595827,0.957584933101451,"3-Methoxyflavone","C16 H12 O3",274.06352,275.07077,1.622,21.4860138444837,20.3508368231531,20.6487605865817,"MCI-associated decrease"
"Com_5585_pos",0.0667180570427018,0.398922633600178,0.998421930371725,-1.36462361323077,0.483607107411269,0.97424634381184,1.54171641636048,0.35052911763795,0.994933245078999,2.90634002959125,0.172369926798212,0.926123611056224,"2-{[(2-hydroxy-1-naphthyl)methylidene]amino}isoindoline-1,3-dione","C19 H12 N2 O3",316.08091,317.08821,5.556,18.5847900395473,18.8098432865358,18.9533383120944,"Monotonic increase"
"Com_3570_pos",-0.0665226673735071,0.400308145460914,0.998421930371725,-4.23598654716986,0.384333650558935,0.97424634381184,-2.21844807470992,0.432677063951247,0.99927870700711,2.01753847245994,0.994444862240747,1,"N1-isopropyl-2-(phenylthio)benzamide","C16 H17 N O S",293.08476,294.09203,5.963,11.9659884006932,11.6479254585739,11.5378692658147,"Monotonic decrease"
"Com_12365_neg",-0.0664099425643563,0.401108780792767,0.998421930371725,-0.0444678813872188,0.252777989502321,0.97424634381184,-0.0467340802510242,0.423376443921176,0.99927870700711,-0.00226619886380544,0.717318982344425,0.975261360435008,"L-Tyrosinemethylester","C10 H13 N O3",195.08962,194.08235,0.422,25.0117196081243,24.9825926150377,25.0028458239405,"MCI-associated decrease"
"Com_30950_pos",-0.0661619479842246,0.402873527969724,0.998421930371725,-0.175749617125747,0.166133627026813,0.97424634381184,-0.122627685847211,0.393231487950585,0.99927870700711,0.0531219312785367,0.431428257491981,0.952814429510526,"1-(4-methoxyphenyl)-4-phenyl-2(1H)-pyrimidinethione","C17 H14 N2 O S",294.08036,295.08747,1.635,22.0585220324055,18.8197428906498,19.8237951316054,"MCI-associated decrease"
"Com_8652_pos",-0.0657035337603449,0.40614774555835,0.998421930371725,-0.00287222794039727,0.475508201793893,0.97424634381184,-0.615541666253337,0.387362362236814,0.99927870700711,-0.612669438312939,0.933415281752242,1,"Kaempferol","C15 H10 O6",286.04913,287.05641,5.586,20.3101578933909,19.6575882825949,20.2151808835201,"MCI-associated decrease"
"Com_17869_pos",-0.0655983239384708,0.40690141985139,0.998421930371725,-0.483486707899305,0.0790595005335298,0.97424634381184,-0.210046930876818,0.429563791794827,0.99927870700711,0.273439777022487,0.289926386877085,0.946090802750678,"1-(7-methoxy-2-oxo-2H-chromen-8-yl)-3-methyl-2-oxobutyl acetate","C17 H18 O6",340.09621,341.10349,6.063,19.3113291450624,18.9957787611917,19.0130456959058,"MCI-associated decrease"
"Com_40360_pos",0.0655682639893639,0.407116907069052,0.998421930371725,-0.434769401928319,0.608974903493647,0.97424634381184,0.455121416504882,0.35604651691483,0.994933245078999,0.889890818433202,0.259359193929178,0.926123611056224,"N,N-Dimethylsphingosine","C20 H41 N O2",327.31546,328.32279,7.581,17.2325099231125,17.1344129749384,17.4090916342473,"MCI-associated decrease"
"Com_2959_pos",-0.0654405092056597,0.408033479621875,0.998421930371725,0.0142013976941158,0.176326492136697,0.97424634381184,0.201260835257617,0.426463574246326,0.99927870700711,0.187059437563501,0.530911630491966,0.953146719171818,"Pyridoxine","C8 H11 N O3",169.07481,170.08212,1.628,23.8699284691894,23.4746695799793,23.6846787241341,"MCI-associated decrease"
"Com_18249_pos",0.0653202694092322,0.408897247646608,0.998421930371725,-1.09174432871058,0.346387458950286,0.97424634381184,-0.147834317918202,0.37578545144432,0.996506649431034,0.943910010792381,0.08935255730988,0.902508397248603,"Vatalanib dihydrochloride","C20 H15 Cl N4",346.10056,347.1078,5.707,19.762895458968,19.6583703769962,19.924941071186,"MCI-associated decrease"
"Com_8879_pos",-0.0653127544219555,0.408951268919867,0.998421930371725,0.00553043855481574,0.771831751080673,0.998265352641438,-0.029766122175035,0.408138180873097,0.99927870700711,-0.0352965607298505,0.640871917981559,0.963784894223848,"(6E,10E)-3,7,11,15-tetramethylhexadeca-1,6,10,14-tetraene-3,5,9-triol","C20 H34 O3",339.27888,340.28617,6.332,21.1890666740764,20.8342381111826,20.5990216244187,"Monotonic decrease"
"Com_1890_pos",-0.0652751794855719,0.409221438395091,0.998421930371725,0.0799510729329233,0.4209494251512,0.97424634381184,2.10254323092185,0.396186144497547,0.99927870700711,2.02259215798892,0.100357323739978,0.914281594941658,"N-Methylhydantoin","C4 H6 N2 O2",114.04366,115.05094,5.281,19.3956685638098,19.4860920545272,19.3175709870977,"MCI-associated increase"
"Com_1395_pos",0.0652376045491883,0.409491713037103,0.998421930371725,-0.370118351244519,0.307815579377766,0.97424634381184,0.0650051022522014,0.318571911718053,0.989468637266521,0.435123453496721,0.138077374847788,0.926123611056224,"D-Proline","C5 H9 N O2",115.06375,116.07103,1.629,27.0864822028915,27.0173636935528,27.4713084601203,"MCI-associated decrease"
"Com_30227_pos",0.0651849996382513,0.409870274177745,0.998421930371725,0.53801113274739,0.935080128178475,0.998265352641438,0.420955317993217,0.405130209790949,0.99927870700711,-0.117055814754173,0.38413723439593,0.952814429510526,"Aflatoxin M1","C17 H12 O7",350.03674,351.04402,5.236,18.8987121312714,18.8939368995965,18.9899177512812,"MCI-associated decrease"
"Com_9372_neg",-0.0651849996382513,0.409870274177746,0.998421930371725,-0.175037657109943,0.811998572511015,0.998265352641438,-0.114340562138318,0.435803357222471,0.99927870700711,0.0606970949716256,0.517306989731243,0.952814429510526,"15(R),19(R)-Hydroxy prostaglandin F1α","C20 H36 O6",354.24243,353.23512,6.144,22.9675492234343,22.8681645844825,22.7399795077798,"Monotonic decrease"
"Com_437_neg",-0.0651774846509746,0.409924371160923,0.998421930371725,1.20541829323713,0.68859794174135,0.98465888858239,0.128685798711871,0.393231487950585,0.99927870700711,-1.07673249452526,0.791340132646549,0.982684488895692,"2-Furoylglycine","C7 H7 N O4",169.03776,168.03048,4.508,24.3092500030579,23.8802551140821,23.6657528990045,"Monotonic decrease"
"Com_12993_pos",-0.0651624546764211,0.410032577740829,0.998421930371725,0.12496521361693,0.837363881018235,0.998265352641438,-0.126171790167924,0.429563791794827,0.99927870700711,-0.251137003784854,0.512812552478726,0.952814429510526,"4-(2,3-dihydroxy-3-methylbutoxy)-7H-furo[3,2-g]chromen-7-one","C16 H16 O6",141.05804,142.06582,5.742,23.1005158005289,22.8098934489511,22.7148107140111,"Monotonic decrease"
"Com_822_pos",-0.0651323947273143,0.410249041350302,0.998421930371725,0.164072134753631,0.83227637630576,0.998265352641438,1.26609449548981,0.384447936576758,0.99927870700711,1.10202236073618,0.665982645222812,0.973499221842089,"methyl 2,5-dimethyl-1H-pyrrole-3-carboxylate","C8 H11 N O2",153.0796,154.08688,5.006,21.2334736063441,21.2817264302492,21.0473121440444,"MCI-associated increase"
"Com_6702_neg",-0.0650722748291005,0.410682170331468,0.998421930371725,-0.280764264354306,0.26936351319264,0.97424634381184,-0.181414856422486,0.461278154144526,0.99927870700711,0.0993494079318197,0.834548421874662,0.985419326780897,"Cinnamyl alcohol","C9 H10 O",134.07299,133.06553,5.818,24.2128494699588,23.6718813584442,24.0173985323931,"MCI-associated decrease"
"Com_46648_neg",-0.0649595500199498,0.411495012000669,0.998421930371725,-0.427661906680193,0.555368969487478,0.97424634381184,-0.196855835619241,0.381546963290637,0.99927870700711,0.230806071060953,0.188210458967053,0.926123611056224,"Trolox","C14 H18 O4",250.12166,249.11438,7.44,17.6936971778138,18.1425741563429,17.6070302962592,"MCI-associated increase"
"Com_43164_pos",-0.0649445200453963,0.41160346229915,0.998421930371725,-0.417284299899254,0.459535943478569,0.97424634381184,-0.361064431075151,0.40213552975506,0.99927870700711,0.0562198688241035,0.938952675204792,1,"1,5-diphenyl-1H-1,2,4-triazole-3-thiol","C14 H11 N3 S",275.04787,276.05515,5.251,19.421328706447,19.4369780427301,19.2880626126485,"MCI-associated increase"
"Com_2751_neg",-0.0649144600962895,0.411820413288829,0.998421930371725,-0.431645956625075,0.0836117433564776,0.97424634381184,-0.212245098309815,0.451628906506796,0.99927870700711,0.21940085831526,0.336647873819013,0.952814429510526,"2,2-Bis(hydroxymethyl)propionic acid","C5 H10 O4",134.05763,133.05035,1.564,24.0781581573275,23.5897360716056,24.0046610971675,"MCI-associated decrease"
"Com_12606_pos",0.064899430121736,0.411928913977385,0.998421930371725,0.0407348369977988,0.139953502608127,0.97424634381184,0.0913353017544913,0.358825637893576,0.994933245078999,0.0506004647566925,0.0282963924158328,0.725125110652193,"EPH","C16 H23 N5 O6",403.14289,404.15016,5.685,20.2222096295185,19.9857464518118,20.4530458020181,"MCI-associated decrease"
"Com_10761_pos",0.0648092502744154,0.41258027073736,0.998421930371725,-0.114290644118744,0.56414129164058,0.97424634381184,0.717521521872811,0.387362362236814,0.99927870700711,0.831812165991555,0.185883969112555,0.926123611056224,"Taurochenodeoxycholic acid","C26 H45 N O6 S",481.28842,464.28509,6.053,21.1150952504461,21.2259930916271,21.9654511746007,"Monotonic increase"
"Com_13776_pos",-0.0647867053125852,0.412743204360298,0.998421930371725,-0.0174474077305326,0.10964833622538,0.97424634381184,-1.67979074257308,0.442094868743547,0.99927870700711,-1.66234333484254,0.387952630840432,0.952814429510526,"2-[({4-[3,5-di(tert-butyl)-1H-pyrazol-1-yl]phenyl}imino)methyl]phenol","C24 H29 N3 O",375.22844,376.23572,6.114,19.0108117423242,18.5744082640226,18.8985139904975,"MCI-associated decrease"
"Com_2864_neg",0.0647641603507551,0.412906175747432,0.998421930371725,-0.0194410508097115,0.909208487373826,0.998265352641438,0.0258176724760002,0.426463574246326,0.99927870700711,0.0452587232857119,0.469011435239911,0.952814429510526,"p-Hydroxybenzaldehyde","C7 H6 O2",122.03641,121.02913,6.059,28.2973202421197,28.3205808280991,28.3731153472178,"Monotonic increase"
"Com_18092_pos",-0.0644560458724097,0.41513723381412,0.998421930371725,0.171234135651198,0.118599891209226,0.97424634381184,0.0956708177109486,0.435803357222471,0.99927870700711,-0.0755633179402495,0.387952630840432,0.952814429510526,"4-chloro-5-morpholino-2-quinoxalin-2-ylpyridazin-3(2H)-one","C16 H14 Cl N5 O2",163.03018,344.09305,1.647,19.8519410292781,18.9170960459448,19.3913205119085,"MCI-associated decrease"
"Com_8626_pos",-0.0644259859233028,0.415355275178316,0.998421930371725,-1.3219070718309,0.231790589673772,0.97424634381184,0.663096298226443,0.461278154144526,0.99927870700711,1.98500337005734,0.732985348847199,0.975261360435008,"Ethyl oleate","C20 H38 O2",310.28887,311.29615,8.276,19.7891804527095,19.0162092108392,19.6587302742595,"MCI-associated decrease"
"Com_2752_neg",-0.0643884109869192,0.415627921110483,0.998421930371725,-0.41416445850518,0.121707891339525,0.97424634381184,-0.190975127041342,0.458049003259623,0.99927870700711,0.223189331463838,0.452088341455991,0.952814429510526,"D-Xylitol","C5 H12 O5",152.06791,133.05004,1.523,24.1168328760063,23.6352384175515,23.9511756095748,"MCI-associated decrease"
"Com_36744_pos",0.0643884109869192,0.415627921110483,0.998421930371725,0.399897524956129,0.353103291441162,0.97424634381184,0.556240116652418,0.411159416498534,0.99927870700711,0.156342591696288,0.785980992745559,0.982684488895692,"2-[(3S)-1-(4-Chlorobenzyl)-3-pyrrolidinyl]-1-methyl-1H-benzimidazole","C19 H20 Cl N3",325.13663,326.14391,6.353,20.0019999203598,20.3961868672805,20.1700935992107,"MCI-associated increase"
"Com_13928_pos",-0.0642832011650452,0.416391886531694,0.998421930371725,-0.251847715206926,0.976606351715882,0.998265352641438,-1.46344224531182,0.399154166400786,0.99927870700711,-1.21159453010489,0.503885099508908,0.952814429510526,"N-[2-(4-pyridyl)ethyl]methanesulfonamide","C8 H12 N2 O2 S",200.06278,201.07006,4.938,15.8247278229326,15.8214871600713,15.705066096221,"Monotonic decrease"
"Com_3462_neg",-0.0639750866866997,0.418633930277142,0.998421930371725,0.0799530114189099,0.559746795848292,0.97424634381184,-0.120548454842144,0.417241571019914,0.99927870700711,-0.200501466261054,0.905781933459163,0.994037609026979,"7-Hydroxy-3,4-dihydrocarbostyril","C9 H9 N O2",163.0631,162.05598,5.328,24.1511851402045,24.1385718316083,24.1028669116625,"Monotonic decrease"
"Com_311_pos",-0.0639450267375928,0.418853042422755,0.998421930371725,-1.37453371477405,0.529458766137544,0.97424634381184,1.43064347575134,0.390290219802824,0.99927870700711,2.80517719052539,0.955581507321733,1,"ANH","C13 H20 N6 O5",170.07408,171.08137,6.245,18.8835470936301,18.7450661220351,18.7284487011042,"Monotonic decrease"
"Com_1609_neg",-0.0639224817757627,0.419017420389042,0.998421930371725,-0.752235724777689,0.221773937031473,0.97424634381184,-1.45553527601228,0.432677063951247,0.99927870700711,-0.703299551234586,0.601545587417017,0.955684897603873,"4-Ethylphenol","C8 H10 O",122.07278,121.06548,5.705,21.4549568777726,21.1795639126033,21.1781067557664,"Monotonic decrease"
"Com_16771_pos",0.063914966788486,0.419072221397257,0.998421930371725,-0.026338561267902,0.4361508056837,0.97424634381184,-0.815228628214923,0.411159416498534,0.99927870700711,-0.788890066947021,0.104752692971634,0.914281594941658,"Sulforaphane","C6 H11 N O S2",177.02943,178.03646,5.603,19.9315509363882,19.9767132743648,20.2298311808208,"Monotonic increase"
"Com_6654_pos",-0.063674487195631,0.420828057671854,0.998421930371725,0.134593717533803,0.693402310791431,0.98465888858239,-0.357081346445833,0.384447936576758,0.99927870700711,-0.491675063979635,0.293111309450327,0.946090802750678,"N-(2,4-Dimethylphenyl)formamide","C9 H11 N O",149.0847,150.09197,4.035,22.2626347781284,22.3111573803885,22.2167704019468,"MCI-associated increase"
"Com_4522_pos",0.0635467324119268,0.421762583034369,0.998421930371725,-3.42410754588625,0.242124341114465,0.97424634381184,-1.67028518710164,0.438942637236867,0.99927870700711,1.75382235878461,0.650869006115233,0.968608952076912,"Ribulose-5-phosphate","C5 H11 O8 P",230.01948,231.02675,4.946,15.0458083573223,15.0594693213209,15.2608807455306,"Monotonic increase"
"Com_10149_pos",-0.0634640675518829,0.42236791774031,0.998421930371725,-0.00803164560365409,0.424720330369171,0.97424634381184,-0.0987194576567127,0.420302432558056,0.99927870700711,-0.0906878120530586,0.900267843658807,0.994037609026979,"4-Hydroxyisoleucine","C6 H13 N O3",147.0902,148.09754,1.404,24.8806500039375,24.7541491290023,24.7802149607923,"MCI-associated decrease"
"Com_6545_pos",-0.0634114626409459,0.422753393166187,0.998421930371725,-0.145993082943929,0.475508201793893,0.97424634381184,-0.478999097254777,0.40213552975506,0.99927870700711,-0.333006014310849,0.905781933459163,0.994037609026979,"2-(1H-indol-3-yl)acetic acid","C10 H9 N O2",175.06408,176.07137,4.975,22.3063006249373,22.1461695084227,22.2510172496984,"MCI-associated decrease"
"Com_7268_pos",-0.0634114626409459,0.422753393166187,0.998421930371725,-0.0391300906146623,0.655327630907459,0.978176760105966,1.12911035160425,0.461278154144526,0.99927870700711,1.16824044221892,0.655891345916576,0.970682904745141,"CAR 6:2","C13 H22 N O4",255.14784,256.15512,6.07,21.7335027603311,21.7083071954642,21.496467034685,"Monotonic decrease"
"Com_23791_pos",0.0633964326663924,0.422863566481391,0.998421930371725,0.536959792330954,0.346387458950286,0.97424634381184,0.166695604602974,0.364424662323216,0.994933245078999,-0.37026418772798,0.120515681802125,0.914281594941658,"N,5-diphenyl-1,3,4-oxadiazole-2-carboxamide","C15 H11 N3 O2",287.0627,288.06998,5.702,20.2247286202121,20.1225883384335,20.3642741893314,"MCI-associated decrease"
"Com_4399_pos",-0.0633137678063485,0.423469817379574,0.998421930371725,0.0258381283995243,0.636613563487546,0.975199016366034,-0.0870913647546891,0.451628906506796,0.99927870700711,-0.112929493154213,0.712122795096669,0.975261360435008,"Benzamidine","C7 H8 N2",120.06896,258.17089,5.341,25.9648460396326,25.8177530493663,25.6147819618834,"Monotonic decrease"
"Com_3633_pos",0.0632686778826882,0.423800711948606,0.998421930371725,3.39894548290644,0.174251488990335,0.97424634381184,4.146477185766,0.458049003259623,0.99927870700711,0.747531702859555,0.553982474057716,0.955117225188735,"Magnolol","C18 H18 O2",266.1328,267.13933,6.628,11.6364684166314,11.9944221046825,11.6071139677306,"MCI-associated increase"
"Com_9692_neg",-0.0632386179335814,0.424021391541791,0.998421930371725,-0.00642558842509335,0.650628184064169,0.978176760105966,-0.0401656182633596,0.411159416498534,0.99927870700711,-0.0337400298382663,0.839987647721254,0.985419326780897,"4-tert-butylphenol","C10 H14 O",150.10418,149.0969,0.43,24.4609914245151,24.4195801663165,24.4317879011215,"MCI-associated decrease"
"Com_8161_pos",0.0631559530735375,0.424628603573475,0.998421930371725,-0.379531635046095,0.520960693859334,0.97424634381184,-0.215678646945588,0.358825637893576,0.994933245078999,0.163852988100507,0.239337735637425,0.926123611056224,"Benzophenone","C13 H10 O",182.07395,165.07061,6.155,23.9432740907624,23.9960734098801,24.1573593637048,"Monotonic increase"
"Com_13697_neg",0.0630432282643867,0.425457430701567,0.998421930371725,0.215107744334212,0.976606351715882,0.998265352641438,1.20882778060034,0.414193889295091,0.99927870700711,0.993720036266127,0.495040349092113,0.952814429510526,"N-(2-hydroxyethyl)-N'-propylthiourea","C6 H14 N2 O S",212.08484,211.07756,6.051,20.2783219337764,20.1684229476779,20.3484839527652,"MCI-associated decrease"
"Com_20075_pos",-0.0630281982898333,0.425568011634045,0.998421930371725,0.101277825413789,0.883432787149406,0.998265352641438,-0.103774596675916,0.396186144497547,0.99927870700711,-0.205052422089705,0.423319976747168,0.952814429510526,"2-Hydroxy-2-methyl-3-buten-1-yl beta-D-glucopyranoside","C11 H20 O7",246.10575,247.11303,5.618,24.0723878747325,24.0438988939477,23.6296281896535,"Monotonic decrease"
"Com_293_pos",-0.0630281982898333,0.425568011634045,0.998421930371725,-0.260681930896065,0.581883464284275,0.97424634381184,-0.284464977072468,0.420302432558056,0.99927870700711,-0.0237830461764031,0.900267843658807,0.994037609026979,"CAR 5:0","C12 H24 N O4",245.16403,246.17131,5.276,29.6405225135095,29.510412312026,29.3663080106451,"Monotonic decrease"
"Com_5968_pos",-0.0629455334297894,0.426176503778143,0.998421930371725,-0.312902046265648,0.200379096595323,0.97424634381184,-0.456924361837504,0.429563791794827,0.99927870700711,-0.144022315571856,0.517306989731243,0.952814429510526,"9-HOTrE","C18 H30 O3",294.22065,295.22786,5.906,26.6814886661838,26.3306127988647,26.5995328317453,"MCI-associated decrease"
"Com_2512_pos",-0.0629380184425126,0.426231846164911,0.998421930371725,4.27817796255993,0.950637861926265,0.998265352641438,0.848257140307843,0.411159416498534,0.99927870700711,-3.42992082225209,0.439625853937687,0.952814429510526,"2-[(3S)-1-Benzyl-3-pyrrolidinyl]-1,3-benzothiazole","C18 H18 N2 S",294.12093,333.08347,4.73,10.9008123873954,10.7234574782528,10.6660856144445,"Monotonic decrease"
"Com_22365_neg",0.0628854135315756,0.426619359128169,0.998421930371725,0.00274015120530494,0.631970449622002,0.974363661520955,0.173721978586353,0.445260015611728,0.99927870700711,0.170981827381048,0.754047050924864,0.975970962603451,"Shikimic acid","C7 H10 O5",174.0468,210.99537,5.143,22.2344385126617,22.1886358469763,22.4425477789479,"MCI-associated decrease"
"Com_6184_neg",-0.0628854135315756,0.426619359128168,0.998421930371725,-0.317686742030219,0.384333650558935,0.97424634381184,-0.376736595474912,0.445260015611728,0.99927870700711,-0.0590498534446937,0.905781933459163,0.994037609026979,"Chlorogenic acid","C16 H18 O9",354.09707,353.08964,5.351,22.2046809518828,21.9854617301517,21.9764760329162,"Monotonic decrease"
"Com_18674_pos",-0.0626975388496577,0.428004993963541,0.998421930371725,-0.138265865880391,0.467484261734005,0.97424634381184,-0.0057423740981928,0.454832573868222,0.99927870700711,0.132523491782198,0.944493022100843,1,"THJ2201 N-(5-hydroxypentyl) metabolite","C23 H22 N2 O2",358.16603,359.17331,5.506,23.0506598447973,22.8708320407254,22.7926363993674,"Monotonic decrease"
"Com_3996_pos",-0.0626449339387206,0.428393436231575,0.998421930371725,0.714632981689398,0.551007934514627,0.97424634381184,-0.389041996922001,0.414193889295091,0.99927870700711,-1.1036749786114,0.977782141497144,1,"Cathine","C9 H13 N O",151.10038,152.10766,5.155,19.9748807274613,19.8976466090407,19.8074720352052,"Monotonic decrease"
"Com_4243_neg",-0.0626374189514439,0.428448944565545,0.998421930371725,-1.81731129328143,0.162182920032768,0.97424634381184,-1.60840440739293,0.426463574246326,0.99927870700711,0.2089068858885,0.419299513170107,0.952814429510526,"ethyl 3-[3,5-di(trifluoromethyl)anilino]-2-nitroacrylate","C13 H10 F6 N2 O4",372.05338,371.04628,5.212,20.532322973541,20.5994965248718,20.7403444042317,"Monotonic increase"
"Com_8216_pos",-0.0625923290277836,0.42878208160292,0.998421930371725,-3.02955802274069,0.717606045215378,0.988298366959884,-1.58358733184589,0.387362362236814,0.99927870700711,1.4459706908948,0.872774773778319,0.990317081593639,"Glucose 1-phosphate","C6 H13 O9 P",260.03138,261.03866,1.276,18.3723201006055,18.4885391795474,18.3416401260523,"MCI-associated increase"
"Com_8629_pos",0.0625622690786767,0.429004255836173,0.998421930371725,0.075166586677452,0.387905066234256,0.97424634381184,0.0708384165793152,0.451628906506796,0.99927870700711,-0.00432817009813695,0.922350421507559,1,"N1-pyrazin-2-yl-4-chlorobenzamide","C11 H8 Cl N3 O",215.02631,216.03358,2.3,25.7153548853227,25.7059203307924,25.7897766969994,"MCI-associated decrease"
"Com_147_pos",-0.0625472391041233,0.429115367810688,0.998421930371725,6.73003814446053,0.424720330369171,0.97424634381184,-1.00337405889416,0.408138180873097,0.99927870700711,-7.73341220335468,0.117222834038004,0.914281594941658,"Metronidazole-OH","C6 H9 N3 O4",187.05991,188.06719,4.607,6.13380939323948,6.46338235461101,5.8753983098786,"MCI-associated increase"
"Com_18801_pos",0.062502149180463,0.429448803147271,0.998421930371725,-0.190948505841942,0.590851258792348,0.97424634381184,0.0109093795815219,0.367244539197882,0.994933245078999,0.201857885423464,0.283626664441751,0.942486120971035,"Corticosterone","C21 H30 O4",346.21597,347.22331,6.341,23.0045261045162,22.9232703734166,23.2216104456953,"MCI-associated decrease"
"Com_48364_pos",0.0623668794094821,0.430450003512396,0.998421930371725,0.231692830368133,0.919547147740815,0.998265352641438,0.250984050663597,0.442094868743547,0.99927870700711,0.019291220295464,0.350840560608237,0.952814429510526,"5,6-dimethoxy-2-(2-methoxyphenyl)-4H-chromen-4-one","C18 H16 O5",334.08364,335.09091,6.339,19.2971172350593,19.1532366212931,19.3643372677338,"MCI-associated decrease"
"Com_14978_neg",0.062261669587608,0.431229641835962,0.998421930371725,0.476744783636978,0.935080128178475,0.998265352641438,0.352486893746518,0.432677063951247,0.99927870700711,-0.124257889890461,0.387952630840432,0.952814429510526,"methadone-d9","C21 H18 [2]H9 N O",317.95732,316.95004,1.158,24.8395323089715,25.0835600308901,25.9268113931534,"Monotonic increase"
"Com_36894_neg",0.0622541546003313,0.431285361307098,0.998421930371725,1.56892533064521,0.555368969487478,0.97424634381184,0.706789000683641,0.381546963290637,0.99927870700711,-0.86213632996157,0.233823020507902,0.926123611056224,"5-(4-chlorophenyl)-3-methylisoxazole-4-carbohydrazide","C11 H10 Cl N3 O2",251.04542,250.03815,8.073,16.761793813235,16.7564347038037,16.7889707298967,"MCI-associated decrease"
"Com_2736_neg",0.0622466396130546,0.43134108491312,0.998421930371725,0.047677137198925,0.618128522544186,0.97424634381184,0.213493381678557,0.367244539197882,0.994933245078999,0.165816244479632,0.309387166254872,0.951927592764166,"2,5-Dihydroxybenzaldehyde","C7 H6 O3",138.03133,137.02406,3.89,26.5933971987322,26.3490321875074,26.7413785954231,"MCI-associated decrease"
"Com_2594_pos",0.0622316096385012,0.431452544529022,0.998421930371725,3.02580173209393,0.212071246797705,0.97424634381184,1.7174307030428,0.331648073494293,0.994084534535979,-1.30837102905113,0.0947269428125356,0.914281594941658,"Kuromanin","C21 H20 O11",205.07362,449.10988,5.722,13.427376850116,13.2297256310891,13.5310916155482,"MCI-associated decrease"
"Com_18793_pos",0.0620061600201996,0.433126422345461,0.998421930371725,-0.0158619731371582,0.852666421766873,0.998265352641438,0.288887505481616,0.426463574246326,0.99927870700711,0.304749478618774,0.347257311765429,0.952814429510526,"Dl-3-Hydroxy-kynurenine","C10 H12 N2 O4",224.08048,225.08775,1.385,23.2512573089163,23.3419031155316,23.4208812578797,"Monotonic increase"
"Com_11314_neg",0.061915980172879,0.433797014118655,0.998421930371725,-0.0955314875005183,0.909208487373826,0.998265352641438,-0.0209336797509233,0.423376443921176,0.99927870700711,0.0745978077495951,0.563346299056561,0.955117225188735,"4-(2-((4-Cyanophenyl)amino)oxazol-5-yl)benzonitrile","C17 H10 N4 O",286.08616,285.07889,5.448,22.9118333315571,23.1619420237013,23.2830660719444,"Monotonic increase"
"Com_10068_neg",-0.0618708902492187,0.434132532828943,0.998421930371725,1.59683257165603,0.459535943478569,0.97424634381184,0.526367910207341,0.429563791794827,0.99927870700711,-1.07046466144869,0.927881108442468,1,"Rotenone","C23 H22 O6",394.13863,393.13135,5.006,16.8566914617995,16.7111721891845,16.7078212649066,"Monotonic decrease"
"Com_6152_pos",0.061810770351005,0.434580122088525,0.998421930371725,0.501324539869266,0.336467330954755,0.97424634381184,0.104731911497135,0.435803357222471,0.99927870700711,-0.396592628372131,0.754047050924864,0.975970962603451,"1-(4-methoxyphenyl)propane-1,2-diol","C10 H14 O3",164.0845,165.09175,5.181,23.5499109674274,23.6522116323388,23.7593563203135,"Monotonic increase"
"Com_49731_neg",0.0615402308090431,0.436597537800276,0.998421930371725,-0.341797761149347,0.103983406972869,0.97424634381184,0.174103762550233,0.370077973403216,0.994933245078999,0.51590152369958,0.0236494761200272,0.722958425153893,"MGDG O-24:4_16:0","C49 H88 O9",880.67903,879.67175,10.225,12.923612293931,12.3314600770602,13.3499088060311,"MCI-associated decrease"
"Com_16104_pos",0.0614725959235526,0.437102725558676,0.998421930371725,-2.15966759228918,0.961020516526437,0.998265352641438,-2.18485847522017,0.40213552975506,0.99927870700711,-0.0251908829309932,0.517306989731243,0.952814429510526,"(3beta,9xi)-3-(beta-D-Glucopyranosyloxy)-14-hydroxycard-20(22)-enolide","C29 H44 O9",536.29943,537.3067,6.936,14.4651705103448,14.6632716910175,14.656240457542,"MCI-associated increase"
"Com_52306_pos",0.0613222961780183,0.438226557863915,0.998421930371725,0.568211211192609,0.68859794174135,0.98465888858239,-0.110141090966052,0.432677063951247,0.99927870700711,-0.678352302158661,0.785980992745559,0.982684488895692,"Lysopc 20:4","C28 H50 N O7 P",543.33068,544.33796,7.209,16.3168436224844,16.3022779291014,16.3945309244969,"MCI-associated decrease"
"Com_584_pos",0.0612696912670813,0.438620287638965,0.998421930371725,-4.98139724764258,0.326731856764063,0.97424634381184,-0.493549431844684,0.414193889295091,0.99927870700711,4.4878478157979,0.0817542027440163,0.879165798352739,"trans-Clovamide","C18 H17 N O7",359.09589,360.10316,5.58,9.68164048366409,9.65062708187314,9.89974818273529,"MCI-associated decrease"
"Com_18618_pos",0.0612396313179744,0.438845366471828,0.998421930371725,0.00679734932804234,0.604420830618372,0.97424634381184,0.0351227905578571,0.461278154144526,0.99927870700711,0.0283254412298148,0.791340132646549,0.982684488895692,"4-oxo-5-phenylpentanoic acid","C11 H12 O3",174.06899,175.07627,6.226,24.5034671400382,24.7100516506442,24.6060913926798,"MCI-associated increase"
"Com_22018_pos",-0.0612170863561442,0.439014218726966,0.998421930371725,-0.549524329607923,0.467484261734005,0.97424634381184,-0.566025981272077,0.445260015611728,0.99927870700711,-0.0165016516641535,0.972229695919683,1,"Capsaicin","C18 H27 N O3",305.20026,306.20753,6.335,20.1442862912318,19.8059756778412,19.7045222019421,"Monotonic decrease"
"Com_30251_pos",0.0611945413943141,0.439183107944848,0.998421930371725,-0.632597911490422,0.761880321625298,0.992345641070078,-0.625879918320686,0.396186144497547,0.99927870700711,0.00671799316973587,0.372829509623318,0.952814429510526,"(2E,4E)-N-(2-methylpropyl)deca-2,4-dienamide","C14 H25 N O",223.19432,241.22813,6.311,18.9788159194625,18.9193643138458,19.1840605844229,"MCI-associated decrease"
"Com_8774_neg",-0.0611344214961003,0.439633659856469,0.998421930371725,0.142487248774343,0.221773937031473,0.97424634381184,0.0846295850219849,0.467774453840554,0.99927870700711,-0.0578576637523574,0.621073413560985,0.958253139885009,"2,3-Dihydroxybenzoic acid","C7 H6 O4",154.0267,153.01942,2.089,24.0928295141439,24.0080227533699,24.0882526315078,"MCI-associated decrease"
"Com_2426_neg",0.061036726661503,0.440366366953262,0.998421930371725,-0.196996863655927,0.204998198444284,0.97424634381184,0.107707582057484,0.37578545144432,0.996506649431034,0.304704445713411,0.0620525260388222,0.864685020319219,"Palmitic acid","C16 H32 O2",256.24151,255.23422,10.218,23.6701665444344,23.2651835293014,23.8197715069578,"MCI-associated decrease"
"Com_30483_pos",0.0610141816996729,0.440535551669905,0.998421930371725,-0.190525309210142,0.391496632710145,0.97424634381184,-0.202996560550332,0.393231487950585,0.99927870700711,-0.0124712513401903,0.136237059103996,0.926123611056224,"3,5-dimethyl-N'-[4-(trifluoromethyl)benzoyl]isoxazole-4-carbohydrazide","C14 H12 F3 N3 O3",327.07937,328.08667,5.588,19.6231523720325,19.6519502884979,19.8673282151807,"Monotonic increase"
"Com_10618_pos",0.0609916367378427,0.440704773298383,0.998421930371725,0.0438295036747313,0.722481936667065,0.988298366959884,0.323200643689489,0.423376443921176,0.99927870700711,0.279371140014758,0.791340132646549,0.982684488895692,"1-(4-hydroxyphenyl)propane-1,2-diol","C9 H12 O3",150.06849,151.07602,6.594,23.7061047087592,23.8547158758367,23.8900187010007,"Monotonic increase"
"Com_24237_pos",0.0609690917760125,0.440874031833007,0.998421930371725,0.456848064088234,0.298634773701801,0.97424634381184,0.122471553166703,0.387362362236814,0.99927870700711,-0.334376510921531,0.0961102399243855,0.914281594941658,"N1-(2,4-dimethylphenyl)-2-(2,4-dichlorophenoxy)propanamide","C17 H17 Cl2 N O2",337.06493,338.0722,5.659,20.1484050896098,19.955404496836,20.3370770374397,"MCI-associated decrease"
"Com_50772_pos",0.0608638819541385,0.441664392808177,0.998421930371725,-1.23644976063804,0.776821692720023,0.998265352641438,-1.01496915225501,0.507797226051408,0.99927870700711,0.221480608383039,0.477602645895932,0.952814429510526,"N-[(4-hydroxy-3-methoxyphenyl)methyl]-8-methylnonanamide","C18 H29 N O3",329.19499,330.20227,8.42,15.8040414589677,15.8068213342088,15.8455224808824,"Monotonic increase"
"Com_11914_neg",-0.0607812170940946,0.44228595409532,0.998421930371725,1.08569271466781,0.987002241055627,0.998265352641438,0.388348622904554,0.411159416498534,0.99927870700711,-0.697344091763261,0.563346299056561,0.955117225188735,"N-benzyl-N-isopropyl-N'-[4-(trifluoromethoxy)phenyl]urea","C18 H19 F3 N2 O2",352.13644,351.12917,6.551,16.0297917186854,15.9054602879747,16.0207640537769,"MCI-associated decrease"
"Com_4492_neg",-0.0605106775521327,0.444323617311926,0.998421930371725,0.178603791523862,0.595358868812575,0.97424634381184,-0.348654054290256,0.458049003259623,0.99927870700711,-0.527257845814118,0.839987647721254,0.985419326780897,"ST 27:1;O;S","C27 H46 O4 S",466.31443,465.30716,11.127,22.5392456313827,22.5094852612569,22.4755911073304,"Monotonic decrease"
"Com_15428_neg",0.0604655876284724,0.444663743082097,0.998421930371725,0.501850293436392,0.451663871524026,0.97424634381184,0.143094808091112,0.458049003259623,0.99927870700711,-0.35875548534528,0.966678595943814,1,"3-(3-nitrophenyl)-2-phenylacrylic acid","C15 H11 N O4",290.04405,289.03677,5.408,22.0667546391448,22.5181811829784,22.5952395921062,"Monotonic increase"
"Com_7365_neg",0.0602626829720011,0.446196128548439,0.998421930371725,0.0530646048723048,0.4361508056837,0.97424634381184,-0.0405046995550473,0.429563791794827,0.99927870700711,-0.0935693044273522,0.834548421874662,0.985419326780897,"4-tert-Amylphenol","C11 H16 O",164.12007,163.11279,5.471,22.770276738603,23.2438876193029,23.2544446883319,"Monotonic increase"
"Com_34200_pos",0.0602476529974476,0.44630975695027,0.998421930371725,0.0214284778989985,0.258225552945512,0.97424634381184,0.37822561752448,0.480917829696732,0.99927870700711,0.356797139625482,0.706939940536508,0.975261360435008,"N1-isopropyl-2-(1H-2-pyrrolylcarbonyl)-1-hydrazinecarboxamide","C9 H14 N4 O2",232.09334,233.10062,2.238,19.9761659017468,20.1011645046924,20.0804957606734,"MCI-associated increase"
"Com_41832_pos",-0.0602251080356175,0.44648023014772,0.998421930371725,-0.438355923910164,0.987002241055627,0.998265352641438,-0.373322965830531,0.393231487950585,0.99927870700711,0.0650329580796336,0.640871917981559,0.963784894223848,"1,6-dihydroxy-3-methoxy-8-methyl-9H-xanthen-9-one","C15 H12 O5",272.0696,273.07687,4.845,17.9868853194775,17.8578632559808,17.7376176493268,"Monotonic decrease"
"Com_8918_pos",0.0601424431755736,0.447105612553677,0.998421930371725,-1.70645206378447,0.572979794288714,0.97424634381184,-0.843550163114979,0.396186144497547,0.99927870700711,0.862901900669495,0.25643004405867,0.926123611056224,"LPE 16:1","C21 H42 N O7 P",451.27214,452.27941,8.362,8.43973011073853,8.42939806936009,8.52737538990164,"MCI-associated decrease"
"Com_9896_pos",-0.0600973532519133,0.447446938138856,0.998421930371725,0.0877157686155796,0.0472287275743189,0.97424634381184,-0.0579928566952593,0.420302432558056,0.99927870700711,-0.145708625310839,0.00450210326834178,0.696884579367964,"5-Aminosalicylic Acid","C7 H7 N O3",153.04318,154.05046,5.281,25.5963517053081,25.6607760686207,25.5374015308148,"MCI-associated increase"
"Com_2338_pos",0.0600372333536995,0.447902267108367,0.998421930371725,2.83301100798995,0.674260695349977,0.981173331585391,2.56114570196334,0.414193889295091,0.99927870700711,-0.271865306026609,0.916823486673997,1,"Glaucine","C21 H25 N O4",355.18005,356.18733,5.368,17.2031995725848,17.4125741433159,17.4549651155077,"Monotonic increase"
"Com_4584_pos",0.0600372333536995,0.447902267108367,0.998421930371725,-0.258196175792136,0.158303529786652,0.97424634381184,0.226765804866291,0.29836198514745,0.979286270269238,0.484961980658427,0.117222834038004,0.914281594941658,"N-Acetyl-L-leucine","C8 H15 N O3",173.1059,174.11317,1.404,24.8500466689867,24.5062663016162,25.0096983702928,"MCI-associated decrease"
"Com_732_pos",-0.0600372333536995,0.447902267108367,0.998421930371725,0.0243737651375991,0.987002241055627,0.998265352641438,0.940644310594155,0.451628906506796,0.99927870700711,0.916270545456556,0.439625853937687,0.952814429510526,"L-Adrenaline","C9 H13 N O3",183.09036,184.09764,5.919,24.482150183804,24.4949232694634,24.377601894113,"MCI-associated increase"
"Com_37072_pos",-0.0599019635827186,0.448927710240764,0.998421930371725,-0.244806669109049,0.13478050629221,0.97424634381184,0.19046971821657,0.487564179724458,0.99927870700711,0.435276387325619,0.439625853937687,0.952814429510526,"KMH","C17 H30 N6 O4 S",396.19093,397.19857,1.656,17.3126813754319,17.0229524058085,17.2106567359445,"MCI-associated decrease"
"Com_25880_pos",0.0598568736590583,0.449269817662755,0.998421930371725,-0.460147696741582,0.712741631310101,0.988298366959884,-0.494380875104956,0.464519985104771,0.99927870700711,-0.0342331783633742,0.701770635040555,0.975261360435008,"Lysopc 18:2","C26 H50 N O7 P",519.33336,520.34064,6.554,19.0723244902986,18.8987122863306,19.1667455105675,"MCI-associated decrease"
"Com_22813_pos",-0.0598418436845049,0.44938388601508,0.998421930371725,-1.39248904378534,0.160234350051545,0.97424634381184,-1.19696174285596,0.467774453840554,0.99927870700711,0.195527300929376,0.44791214309302,0.952814429510526,"1-(2-pyridin-2-yldiazenyl)-2-naphthol","C15 H11 N3 O",249.08893,250.09639,1.281,19.5119399534074,19.3116799351127,19.3376099668418,"MCI-associated decrease"
"Com_17590_neg",-0.0597366338626308,0.450182819926962,0.998421930371725,-0.206051991029671,0.189164669884543,0.97424634381184,-0.0745912766511917,0.467774453840554,0.99927870700711,0.131460714378479,0.508338548074027,0.952814429510526,"Estrone","C18 H22 O2",316.16498,315.1577,5.44,23.7995919802635,23.7452578093888,23.7630681888471,"MCI-associated decrease"
"Com_17427_pos",0.0597216038880774,0.450297018384999,0.998421930371725,0.182051797126318,0.618128522544186,0.97424634381184,0.0748809783377614,0.458049003259623,0.99927870700711,-0.107170818788557,0.839987647721254,0.985419326780897,"2'-Deoxyadenosine","C10 H13 N5 O3",251.10307,252.11035,3.937,21.5322295330972,21.8022187246295,21.8612204155042,"Monotonic increase"
"Com_14922_pos",-0.0596915439389705,0.450525464064569,0.998421930371725,0.0275438551481326,0.4361508056837,0.97424634381184,-0.215884546195519,0.417241571019914,0.99927870700711,-0.243428401343651,0.769965261969016,0.977878730334537,"N-Acetyl-1-aspartylglutamic acid","C11 H16 N2 O8",304.0917,305.09897,1.741,23.1275826924444,22.7443254559973,23.0131868087395,"MCI-associated decrease"
"Com_14308_pos",-0.0596464540153102,0.450868254465538,0.998421930371725,-0.066519447559777,0.683806102897537,0.98465888858239,-0.201736830307489,0.445260015611728,0.99927870700711,-0.135217382747712,0.807475865906504,0.983351253121837,"4-(2-methoxyphenyl)-1-(3-phenyl-1,2,4-thiadiazol-5-yl)piperidine","C20 H21 N3 O S",351.14409,352.15131,5.327,23.4656096761498,23.4983152272054,23.355003032884,"MCI-associated increase"
"Com_1651_pos",-0.0596088790789266,0.451154024826688,0.998421930371725,0.120172012313585,0.145277929455647,0.97424634381184,-0.163605947797804,0.464519985104771,0.99927870700711,-0.283777960111389,0.399536640886351,0.952814429510526,"Isoleucine","C6 H13 N O2",131.0956,132.10288,1.856,20.10833237559,18.3012238115537,18.6604721010901,"MCI-associated decrease"
"Com_7080_pos",-0.0594886392824991,0.452069171985755,0.998421930371725,0.0372527732374143,0.929899426345924,0.998265352641438,0.306714819726641,0.420302432558056,0.99927870700711,0.269462046489226,0.63093955575425,0.962373948192512,"N-Methylisoleucine","C7 H15 N O2",145.1108,146.11808,3.113,23.6687014403816,23.6841853615183,23.5853662000019,"MCI-associated increase"
"Com_7728_neg",-0.059330824549688,0.453271878523701,0.998421930371725,-0.0332332946012625,0.987002241055627,0.998265352641438,-0.122379121903478,0.451628906506796,0.99927870700711,-0.0891458273022157,0.486279233997147,0.952814429510526,"Methylmalonate","C4 H6 O4",118.02652,117.01882,1.398,25.5085087911291,25.5002380611359,25.3685878861463,"Monotonic decrease"
"Com_88_neg",-0.0592481596896441,0.453902580934204,0.998421930371725,-0.803731183712854,0.216883555394078,0.97424634381184,-0.190403579704486,0.445260015611728,0.99927870700711,0.613327604008368,0.486279233997147,0.952814429510526,"Testosterone sulfate","C19 H28 O5 S",368.16757,367.1603,6.295,26.5257170755115,25.6542330156964,26.0613390287977,"MCI-associated decrease"
"Com_14771_neg",-0.059225614727814,0.454074675732322,0.998421930371725,0.0680402705571598,0.380782423426346,0.97424634381184,-0.136135223495845,0.438942637236867,0.99927870700711,-0.204175494053005,0.100357323739978,0.914281594941658,"Phenylglyoxylic acid","C8 H6 O3",150.03173,149.02445,4.944,23.1736867423013,23.2429765583931,23.1292524900115,"MCI-associated increase"
"Com_13373_neg",-0.0592030697659838,0.454246806968558,0.998421930371725,-0.507101034316216,0.252777989502321,0.97424634381184,-0.299007302717416,0.484234821971777,0.99927870700711,0.208093731598799,0.671051209677503,0.973840329352538,"LysoPC 12:1","C20 H36 N O7 P",433.22436,414.20651,5.904,23.6761804745007,23.5399643693338,23.8528566949708,"MCI-associated decrease"
"Com_50748_pos",0.0591504648550468,0.454648588188397,0.998421930371725,0.0940995261067198,0.883432787149406,0.998265352641438,0.352924119708458,0.464519985104771,0.99927870700711,0.258824593601739,0.549329305837179,0.955117225188735,"(3R)-8-hydroxy-3-(4-methoxyphenyl)-3,4-dihydro-1H-2-benzopyran-1-one","C16 H14 O4",287.11397,288.12125,6.579,17.9317567073063,17.8429978778907,18.0218884327756,"MCI-associated decrease"
"Com_12616_pos",0.0591429498677701,0.454706001692813,0.998421930371725,-0.645038017071445,0.862899385969575,0.998265352641438,-1.38402340799594,0.435803357222471,0.99927870700711,-0.738985390924495,0.403443747728166,0.952814429510526,"3-(dimethylamino)-2-[3-(trifluoromethyl)phenyl]acrylonitrile","C12 H11 F3 N2",109.05432,241.09808,5.134,19.5857172289395,19.6006902316526,19.7286722612745,"Monotonic increase"
"Com_1956_pos",0.0590978599441098,0.455050567679812,0.998421930371725,-1.39337716715435,0.577423547853057,0.97424634381184,-0.803076802112291,0.458049003259623,0.99927870700711,0.590300365042057,0.172369926798212,0.926123611056224,"RMH","C17 H30 N8 O4 S",442.21984,443.22711,6.099,17.3642739639773,17.2239045251082,17.4403514353986,"MCI-associated decrease"
"Com_13807_pos",-0.0590753149822796,0.455222905280303,0.998421930371725,0.328756944928238,0.377251420655644,0.97424634381184,0.142621793185966,0.37578545144432,0.996506649431034,-0.186135151742272,0.179032133159955,0.926123611056224,"2-piperidinobenzoic acid","C12 H15 N O2",205.11142,206.1187,5.663,23.1800308113316,23.4287011466169,22.7415739254002,"MCI-associated increase"
"Com_4624_pos",-0.0589099852621918,0.45648782605135,0.998421930371725,0.241969425794654,0.751968113314537,0.992345641070078,-0.993982737349507,0.464519985104771,0.99927870700711,-1.23595216314416,0.265286810082928,0.926123611056224,"2-(4-methylphenyl)-5-(3,4,5-trimethoxyphenyl)-2H-1,2,3,4-tetraazole","C17 H18 N4 O3",326.13565,327.14293,6.474,16.0848799995281,15.9612176340068,15.5916705467722,"Monotonic decrease"
"Com_17446_neg",-0.0585943557965697,0.458908100920877,0.998421930371725,0.230010329630254,0.516738151913713,0.97424634381184,-0.125427866168442,0.435803357222471,0.99927870700711,-0.355438195798696,0.179032133159955,0.926123611056224,"4-Hexylresorcinol","C12 H18 O2",148.12585,193.12416,6.277,23.2652030133123,23.4376435994874,23.3005370124719,"MCI-associated increase"
"Com_24345_pos",-0.0585793258220162,0.459023529516975,0.998421930371725,0.14209167461204,0.491780290625231,0.97424634381184,-0.078780753008062,0.423376443921176,0.99927870700711,-0.220872427620102,0.183578808289727,0.926123611056224,"Abametapir","C12 H12 N2",184.10053,185.1078,4.903,22.9418891924782,22.9463829830498,22.8409298054464,"MCI-associated increase"
"Com_17140_neg",-0.0585642958474628,0.45913897422681,0.998421930371725,1.57289399395539,0.504177753142834,0.97424634381184,-0.780528622207024,0.458049003259623,0.99927870700711,-2.35342261616242,0.972229695919683,1,"Quinolinic acid","C7 H5 N O4",167.0204,166.01312,3.437,18.6706026215583,18.5885672284244,18.6982415848629,"MCI-associated decrease"
"Com_4963_neg",-0.0585041759492491,0.459600914165227,0.998421930371725,-1.87347948984471,0.304734777861908,0.97424634381184,-2.34635478087036,0.467774453840554,0.99927870700711,-0.47287529102565,0.691473527334145,0.975261360435008,"4-Chlorophenol","C6 H5 Cl O",128.00257,126.99529,6.072,19.1633410947547,19.1723124468397,19.143939218735,"MCI-associated increase"
"Com_4628_pos",-0.0582411513945639,0.461624929358006,0.998421930371725,-0.222278606729114,0.0323033369175152,0.97424634381184,-0.0589274547218148,0.487564179724458,0.99927870700711,0.163351152007299,0.115603111450903,0.914281594941658,"Uracil","C4 H4 N2 O2",112.02806,113.03536,1.596,25.8008507352803,25.2468572954271,25.7032761275598,"MCI-associated decrease"
"Com_31646_pos",-0.0582186064327338,0.461798645524052,0.998421930371725,-0.753359839723097,0.0549743009735843,0.97424634381184,-0.192106811533528,0.518076560725497,0.99927870700711,0.56125302818957,0.231099692092127,0.926123611056224,"Cinchophen","C16 H11 N O2",249.08043,250.08772,8.509,20.4194881006044,17.6141451256255,20.1885888564585,"MCI-associated decrease"
"Com_6682_pos",-0.0581209115981365,0.462551833245013,0.998421930371725,-0.995657343534591,0.174251488990335,0.97424634381184,-2.11451322639326,0.474321131032316,0.99927870700711,-1.11885588285867,0.44791214309302,0.952814429510526,"Oleanolic acid","C30 H48 O3",438.35185,439.35913,5.953,18.4804381468246,18.2333049033992,18.4636247957207,"MCI-associated decrease"
"Com_2305_pos",-0.0580758216744761,0.462899687159231,0.998421930371725,-0.902591810598259,0.781820860064895,0.998265352641438,-0.309478699151499,0.474321131032316,0.99927870700711,0.593113111446759,0.655891345916576,0.970682904745141,"Genistein 4'-O-glucuronide","C21 H18 O11",446.08706,447.09433,5.458,21.7519037537813,21.9399818225503,21.4709760853116,"MCI-associated increase"
"Com_4047_pos",-0.0580232167635391,0.463305699277693,0.998421930371725,0.193663749432036,0.447756614378861,0.97424634381184,-0.00678359823790404,0.432677063951247,0.99927870700711,-0.20044734766994,0.153496398950392,0.926123611056224,"Boc-beta-cyano-L-alanine","C9 H14 N2 O4",214.09632,215.10359,2.784,23.9285274956334,24.1621494447952,23.7177978959022,"MCI-associated increase"
"Com_48117_pos",0.0580232167635391,0.463305699277693,0.998421930371725,0.0720398055490785,0.966214434568411,0.998265352641438,0.301923525383604,0.445260015611728,0.99927870700711,0.229883719834525,0.563346299056561,0.955117225188735,"CAR 18:4","C25 H42 N O4",419.30545,420.31273,7.166,16.6988031252399,16.762352508809,17.1826728296013,"Monotonic increase"
"Com_76_neg",0.0579931568144322,0.463537794438781,0.998421930371725,1.3299990180535,0.581883464284275,0.97424634381184,0.365339596305446,0.451628906506796,0.99927870700711,-0.964659421748053,0.972229695919683,1,"L-(+)-Tartaric acid","C4 H6 O6",150.01618,149.0089,1.354,23.9321884729344,24.1657948382322,24.2485790236359,"Monotonic increase"
"Com_40953_pos",-0.0579781268398788,0.463653866077368,0.998421930371725,-0.671682815929004,0.353103291441162,0.97424634381184,-0.666292669856135,0.451628906506796,0.99927870700711,0.00539014607286947,0.701770635040555,0.975261360435008,"2-({2-[(3-methyl-5-cinnolinyl)amino]-2-oxoethyl}sulfanyl)acetic acid","C13 H13 N3 O3 S",291.07341,292.08069,1.229,18.5858285838144,18.5337850130015,18.5644573886551,"MCI-associated decrease"
"Com_13000_neg",0.0579706118526021,0.463711907910312,0.998421930371725,0.574204570550478,0.751968113314537,0.992345641070078,1.16439415600038,0.474321131032316,0.99927870700711,0.590189585449903,0.691473527334145,0.975261360435008,"Cetirizine N-oxide","C21 H25 Cl N2 O4",404.1522,403.14492,6.069,19.9774466006696,20.065902730943,19.9332185875159,"MCI-associated increase"
"Com_1330_pos",-0.0579180069416651,0.464118312972706,0.998421930371725,-0.1358049752087,0.20733656909646,0.97424634381184,-0.0193916039723397,0.514638199527104,0.99927870700711,0.11641337123636,0.625998115151927,0.960312520734856,"N6-Acetyl-L-lysine","C8 H16 N2 O3",188.117,189.12428,1.445,29.1659419484775,28.9548102527584,29.0122889200524,"MCI-associated decrease"
"Com_21874_pos",0.0579029769671116,0.464234464771926,0.998421930371725,-0.106887679230283,0.737176664934003,0.992345641070078,0.422288352333463,0.435803357222471,0.99927870700711,0.529176031563746,0.336647873819013,0.952814429510526,"WLH","C23 H30 N6 O4",454.23759,455.2449,6.109,21.5852698908229,21.0955198179502,21.6839548871612,"MCI-associated decrease"
"Com_7829_neg",-0.0578879469925582,0.464350632597349,0.998421930371725,-0.173522201687415,0.455590338923466,0.97424634381184,-0.210501930063613,0.464519985104771,0.99927870700711,-0.0369797283761984,0.900267843658807,0.994037609026979,"beta-Estradiol 17-Acetate","C20 H26 O3",314.18959,313.18231,6.619,23.929596384545,23.508389720875,23.8290438349897,"MCI-associated decrease"
"Com_18686_pos",-0.0578729170180048,0.464466816446997,0.998421930371725,-0.298690345309341,0.0847823665032693,0.97424634381184,-0.649867665736298,0.504394723804849,0.99927870700711,-0.351177320426957,0.293111309450327,0.946090802750678,"4',7-Dihydroxyflavanone","C15 H12 O4",256.07458,257.08186,5.157,18.1527384697637,17.8791279465995,17.8197714605505,"Monotonic decrease"
"Com_8880_pos",0.0578503720561746,0.464641122262564,0.998421930371725,-1.76505919647493,0.224248538076957,0.97424634381184,0.0380441145290441,0.411159416498534,0.99927870700711,1.80310331100398,0.067084381308475,0.867791165027521,"3-hydroxyquinuclidine-3-carbonitrile hydrochloride","C8 H12 N2 O",152.09564,153.10288,5.91,17.9984825742782,17.7815852351457,18.3085098555472,"MCI-associated decrease"
"Com_42153_pos",0.0578353420816212,0.464757346164117,0.998421930371725,-0.224592512387126,0.622727779164978,0.97424634381184,0.0676051881353415,0.451628906506796,0.99927870700711,0.292197700522467,0.228398975418956,0.926123611056224,"2-Arachidonoyl glycerol","C23 H38 O4",360.26807,361.2749,6.935,17.1643458379002,17.1945991381962,17.5634421731259,"Monotonic increase"
"Com_22912_pos",0.0577000723106402,0.465804081817932,0.998421930371725,-0.16296736024172,0.242124341114465,0.97424634381184,1.00522196125327,0.497625956846386,0.99927870700711,1.16818932149499,0.640871917981559,0.963784894223848,"4,7,8-trimethoxyfuro[2,3-b]quinoline","C14 H13 N O4",259.0837,260.09097,11.09,19.1948081789375,19.2430641998773,19.2270897261875,"MCI-associated increase"
"Com_26902_pos",-0.0576474673997032,0.466211495749802,0.998421930371725,-0.0548639042282622,0.940263580611887,0.998265352641438,0.100929412737785,0.49425979693919,0.99927870700711,0.155793316966047,0.460506411169444,0.952814429510526,"CAR 11:0","C18 H36 N O4",156.11549,157.123,6.309,22.2777888391842,22.3164274361699,22.2717132271939,"MCI-associated increase"
"Com_531_pos",0.0576474673997032,0.4662114957498,0.998421930371725,0.305585828419659,0.878291532510976,0.998265352641438,0.5282406798302,0.405130209790949,0.99927870700711,0.222654851410541,0.802087812429697,0.983085864031817,"Indole-3-acrylic acid","C11 H9 N O2",187.06479,188.07202,5.27,29.6015679956741,29.7758557607371,29.8860700169013,"Monotonic increase"
"Com_696_neg",0.0575798325142128,0.466735601513252,0.998421930371725,-0.10765704350753,0.950637861926265,0.998265352641438,0.283546835650383,0.451628906506796,0.99927870700711,0.391203879157913,0.572785775880501,0.955117225188735,"Taurolithocholic acid 3-sulfate","C26 H45 N O8 S2",563.26166,280.62355,7.049,24.197162623402,24.4691952154855,24.709864168716,"Monotonic increase"
"Com_2557_pos",-0.0575648025396593,0.466852113421405,0.998421930371725,-3.9974259541157,0.0695520507723388,0.97424634381184,-3.87319618469935,0.487564179724458,0.99927870700711,0.124229769416355,0.215232482238929,0.926123611056224,"2-Chlorobenzophenone","C13 H9 Cl O",216.0353,217.04258,6.156,15.4471648646027,15.103128668051,15.2179901503857,"MCI-associated decrease"
"Com_22247_neg",-0.0575046826414456,0.467318320847601,0.998421930371725,-0.822794809604466,0.176326492136697,0.97424634381184,-0.668810759898862,0.477613250482324,0.99927870700711,0.153984049705604,0.443757952476775,0.952814429510526,"Lauric Acid","C12 H24 O2",200.17807,199.1708,6.495,19.5446161764448,19.3325474337231,19.4625287870242,"MCI-associated decrease"
"Com_4248_neg",0.057414502794125,0.468018111146213,0.998421930371725,-0.0187868950176832,0.929899426345924,0.998265352641438,0.17289235276469,0.471041517170582,0.99927870700711,0.191679247782373,0.540081186091507,0.955117225188735,"5-Hydroxytryptophan","C11 H12 N2 O3",220.0854,219.07813,3.936,25.0420412891608,25.1497593615646,25.3666862901567,"Monotonic increase"
"Com_19592_neg",-0.0573168079595276,0.468776865713451,0.998421930371725,0.0498626296040795,0.346387458950286,0.97424634381184,-0.300270772696712,0.451628906506796,0.99927870700711,-0.350133402300792,0.0920082287838425,0.907362256209323,"Gamma-Glu-Leu","C11 H20 N2 O5",260.13818,259.13093,4.916,20.2991890263509,20.8073172395833,19.6491428792561,"MCI-associated increase"
"Com_16686_pos",-0.0572115981376536,0.46959473954513,0.998421930371725,-0.075167185529733,0.329956481578519,0.97424634381184,0.159434438409673,0.480917829696732,0.99927870700711,0.234601623939406,0.732985348847199,0.975261360435008,"CAR 16:5","C23 H36 N O4",389.25794,390.26522,6.584,19.6074053204011,19.4288272649189,19.2125222388635,"Monotonic decrease"
"Com_22636_pos",-0.05717402320127,0.469887026592118,0.998421930371725,0.0315438859159718,0.796871754630755,0.998265352641438,-0.0874498460765811,0.464519985104771,0.99927870700711,-0.118993731992553,0.33315821936716,0.952814429510526,"DPK","C15 H26 N4 O6",358.18636,359.19359,1.382,20.998377857629,20.9374303937543,20.9360367451568,"Monotonic decrease"
"Com_20532_pos",0.0571364482648864,0.470179413193306,0.998421930371725,1.08352743882796,0.395108310315354,0.97424634381184,-0.630792550821087,0.451628906506796,0.99927870700711,-1.71431998964905,0.738232666470675,0.975261360435008,"4-methyl-3-(methylthio)-5-undecyl-4H-1,2,4-triazole","C15 H29 N3 S",321.16231,322.16943,6.623,18.8756213825391,18.9797754811834,18.8815391209239,"MCI-associated increase"
"Com_6823_neg",-0.0570988733285028,0.470471899316712,0.998421930371725,-0.305054037634313,0.255491679869747,0.97424634381184,-0.0859002345985046,0.480917829696732,0.99927870700711,0.219153803035808,0.596707253498334,0.955684897603873,"Taurocholic acid","C26 H45 N O7 S",515.28975,514.28247,6.399,24.5073871810856,24.162316856202,24.4532665620448,"MCI-associated decrease"
"Com_25930_neg",-0.0569260286211383,0.471818616421374,0.998421930371725,0.197827070615076,0.491780290625231,0.97424634381184,0.44092907492652,0.461278154144526,0.99927870700711,0.243102004311444,0.905781933459163,0.994037609026979,"1-(2,4-dihydroxyphenyl)-2-(3,5-dimethoxyphenyl)propan-1-one","C17 H18 O5",302.11719,301.10991,5.755,20.7078450250298,20.6294527394016,20.5994487676195,"Monotonic decrease"
"Com_22712_pos",-0.0568884536847547,0.472111659275623,0.998421930371725,0.284166654934246,0.878291532510976,0.998265352641438,-0.152938095870699,0.471041517170582,0.99927870700711,-0.437104750804944,0.606401543595827,0.957584933101451,"N,5-Bis(3-nitrophenyl)oxazol-2-amine","C15 H10 N4 O5",326.06264,327.06992,3.516,21.0102380278952,20.6720523448968,20.5757309221207,"Monotonic decrease"
"Com_22363_pos",0.0568734237102013,0.472228904225869,0.998421930371725,0.423650210844068,0.817056781514819,0.998265352641438,0.648156769759323,0.451628906506796,0.99927870700711,0.224506558915256,0.732985348847199,0.975261360435008,"N'3-(3,4,5-trimethoxybenzylidene)pyridine-3-carbohydrazide","C16 H17 N3 O4",353.07597,354.08325,5.347,20.5536784599845,20.6604657371794,20.715609552717,"Monotonic increase"
"Com_39684_neg",0.0568583937356478,0.472346165063607,0.998421930371725,0.479232122742216,0.914376006626322,0.998265352641438,0.369302827550856,0.461278154144526,0.99927870700711,-0.109929295191359,0.601545587417017,0.955684897603873,"LPE 14:0","C19 H40 N O7 P",425.2572,424.24992,8.361,15.8776942498577,16.0044391066386,16.0739333238516,"Monotonic increase"
"Com_39919_pos",-0.0567982738374341,0.472815367247968,0.998421930371725,-0.171809711757683,0.742096648392106,0.992345641070078,-0.0770363015475141,0.467774453840554,0.99927870700711,0.094773410210169,0.764648042021988,0.977878730334537,"Rosmarinic acid","C18 H16 O8",377.10988,378.11716,5.017,18.9996266335876,18.9133028644298,18.7092334531818,"Monotonic decrease"
"Com_39212_pos",-0.0567832438628807,0.472932707492026,0.998421930371725,-0.390571063352743,0.00377303719413475,0.906545585253139,0.00423156297158439,0.668494071359997,0.99927870700711,0.394802626324327,0.0758303494673582,0.867791165027521,"SPB 17:1;2O","C17 H35 N O2",285.26829,286.27566,6.806,21.9119721466137,21.5632616737936,21.8584515027192,"MCI-associated decrease"
"Com_4865_pos",0.0567231239646669,0.47340222719769,0.998421930371725,0.133637736466757,0.904044806718131,0.998265352641438,0.489033892929205,0.405130209790949,0.99927870700711,0.355396156462448,0.601545587417017,0.955684897603873,"6-phenyl-1,2,3,4-tetrahydro-2,5-benzodiazocin-1-one","C16 H14 N2 O",105.05885,106.06599,5.169,24.1179596672889,24.0096461868755,23.983967724234,"Monotonic decrease"
"Com_2491_pos",0.056587854193686,0.474459574532852,0.998421930371725,0.0738904750566843,0.66004076709954,0.978176760105966,0.572676878480593,0.432677063951247,0.99927870700711,0.498786403423908,0.316061615385856,0.952814429510526,"2-Methoxyestrone","C19 H24 O3",300.17398,301.18128,6.267,24.7786482158857,24.5720241116677,24.847117087127,"MCI-associated decrease"
"Com_910_neg",0.0565577942445791,0.47469471498747,0.998421930371725,0.35203238772729,0.164149319399002,0.97424634381184,0.15738089525013,0.518076560725497,0.99927870700711,-0.19465149247716,0.495040349092113,0.952814429510526,"2-({[4-(6-methyl-1,3-benzothiazol-2-yl)phenyl]imino}methyl)phenol","C21 H16 N2 O S",344.09481,343.08754,5.79,27.8904012908014,28.3198211703658,28.2064726067487,"MCI-associated increase"
"Com_45374_pos",0.0564901593590887,0.475224012698027,0.998421930371725,-0.535203154235849,0.883432787149406,0.998265352641438,-0.459082644474006,0.445260015611728,0.99927870700711,0.076120509761843,0.696615093107947,0.975261360435008,"Vitexin","C21 H20 O10",454.09225,455.09953,5.164,17.4122499561748,17.5303916327109,17.4870704181245,"MCI-associated increase"
"Com_11102_pos",0.0563548895881077,0.476283569852342,0.998421930371725,0.354051336395104,0.742096648392106,0.992345641070078,0.0151669658405668,0.464519985104771,0.99927870700711,-0.338884370554537,0.791340132646549,0.982684488895692,"4-(4-chlorophenoxy)-3,5-dimethyl-1H-pyrazole","C11 H11 Cl N2 O",222.05722,223.0645,3.025,22.9261033622124,22.8863596193792,22.950715614276,"MCI-associated decrease"
"Com_10717_pos",0.0563022846771707,0.476695965897748,0.998421930371725,0.897004611878354,0.289638622395848,0.97424634381184,-0.612953705634086,0.442094868743547,0.99927870700711,-1.50995831751244,0.0842265049780121,0.883552552220323,"N'-[6-(tert-butyl)thieno[3,2-d]pyrimidin-4-yl]-4-methylbenzohydrazide","C18 H20 N4 O S",322.12225,323.12954,5.661,20.2107097462413,20.0342668116843,20.4309967634534,"MCI-associated decrease"
"Com_24601_pos",0.0562872547026173,0.476813828910597,0.998421930371725,-0.183580149060826,0.387905066234256,0.97424634381184,0.0911742972237208,0.480917829696732,0.99927870700711,0.274754446284547,0.0933596456163786,0.912281468580138,"2-Deoxyuridine","C9 H12 N2 O5",228.07571,229.08287,1.613,23.4047920152709,23.4371045552308,23.6961672517075,"Monotonic increase"
"Com_47047_pos",0.0561670149061898,0.477757301834986,0.998421930371725,0.0199432889292326,0.904044806718131,0.998265352641438,0.215239824393319,0.448438040830181,0.99927870700711,0.195296535464086,0.486279233997147,0.952814429510526,"L-Canavanine","C5 H12 N4 O3",176.09174,177.09901,5.326,19.2081506840176,19.1978944674902,19.3275336369011,"MCI-associated decrease"
"Com_310_pos",0.056106895007976,0.478229417289579,0.998421930371725,0.00975002151667643,0.924721693522897,0.998265352641438,0.0507897072022617,0.454832573868222,0.99927870700711,0.0410396856855852,0.635897551920662,0.963784894223848,"5-hydroxy-4-methoxy-5,6-dihydro-2H-pyran-2-one","C6 H8 O4",144.04282,145.05009,3.637,31.1760496948799,31.1679501615305,31.1908163197008,"MCI-associated decrease"
"Com_2925_pos",0.0560918650334226,0.478347485608426,0.998421930371725,-0.170990675713299,0.868024619498063,0.998265352641438,-2.29790930150211,0.432677063951247,0.99927870700711,-2.12691862578881,0.769965261969016,0.977878730334537,"Epinastine","C16 H15 N3",249.12343,250.13071,5.398,21.0121015504758,21.2258876417255,21.2076158444301,"MCI-associated increase"
"Com_3587_pos",-0.0560467751097623,0.478701785223114,0.998421930371725,0.15552236391737,0.935080128178475,0.998265352641438,-0.138483186465755,0.454832573868222,0.99927870700711,-0.294005550383126,0.499452327221799,0.952814429510526,"6-Methylflavone","C16 H12 O2",472.17408,473.18123,6.025,24.9144340490033,25.2262694124514,24.7188787257361,"MCI-associated increase"
"Com_5884_pos",0.0560392601224856,0.478760848960393,0.998421930371725,0.197069563283481,0.242124341114465,0.97424634381184,0.128660246288794,0.501004283123531,0.99927870700711,-0.0684093169946864,0.596707253498334,0.955684897603873,"4-Hydroxycoumarin","C9 H6 O3",162.03177,163.03905,1.116,25.2911979185955,25.7416766335784,25.3494441965639,"MCI-associated increase"
"Com_9570_pos",0.0559641102497184,0.479351703129978,0.998421930371725,0.0624842030279465,0.559746795848292,0.97424634381184,0.179163568570332,0.435803357222471,0.99927870700711,0.116679365542385,0.250640861950463,0.926123611056224,"L-Histidinol","C6 H11 N3 O",141.09076,124.08752,1.374,26.2117997264898,26.0454761155642,26.2366554536837,"MCI-associated decrease"
"Com_4592_pos",0.0558889603769512,0.479942951286937,0.998421930371725,1.64831974222654,0.862899385969575,0.998265352641438,2.35953785099661,0.524988750461343,0.99927870700711,0.711218108770066,0.499452327221799,0.952814429510526,"Emodin","C15 H10 O5",270.05409,271.06137,6.449,13.256004158705,13.2599737764079,13.2884390872381,"Monotonic increase"
"Com_47934_pos",0.0558889603769512,0.479942951286937,0.998421930371725,0.0899510522540108,0.512533412985101,0.97424634381184,0.483289443081357,0.504394723804849,0.99927870700711,0.393338390827346,0.96112911025941,1,"3-Hydroxyropivacaine","C17 H26 N2 O2",290.20059,291.20787,5.007,17.4852506025358,17.5219882206606,17.6411418006029,"Monotonic increase"
"Com_3267_neg",-0.0557536906059703,0.481008189954644,0.998421930371725,0.0195279270594884,0.467484261734005,0.97424634381184,-0.307535722221441,0.454832573868222,0.99927870700711,-0.32706364928093,0.165894927274966,0.926123611056224,"(±)-Abscisic acid","C15 H20 O4",264.13775,263.13047,5.8,24.2293413104706,24.3030571581474,24.1776158070466,"MCI-associated increase"
"Com_3073_pos",0.0557010856950333,0.481422793598825,0.998421930371725,0.188704279988341,0.242124341114465,0.97424634381184,0.316306796040379,0.518076560725497,0.99927870700711,0.127602516052038,0.635897551920662,0.963784894223848,"2-[2-oxo-2-(pyridin-3-ylamino)ethoxy]acetic acid","C9 H10 N2 O4",210.06495,211.07223,4.808,23.4950535155455,24.6386639646578,23.8342863028906,"MCI-associated increase"
"Com_45510_pos",0.0554080011912413,0.483736251119428,0.998421930371725,0.352176511649485,0.945449564887883,0.998265352641438,0.388040311930934,0.484234821971777,0.99927870700711,0.0358638002814492,0.549329305837179,0.955117225188735,"Sphingosine (d18:1)","C18 H37 N O2",339.27848,340.28595,6.708,17.9978595345144,17.7828849740989,18.0581668689333,"MCI-associated decrease"
"Com_2221_pos",0.055362911267581,0.484092697225818,0.998421930371725,0.193630241279972,0.0779535097686971,0.97424634381184,0.0811669219631437,0.574659859988745,0.99927870700711,-0.112463319316828,0.354447160577758,0.952814429510526,"WNH","C21 H25 N7 O5",455.1963,456.20357,5.77,27.1954768568401,27.5224307190119,27.1415559468369,"MCI-associated increase"
"Com_13325_neg",0.055310306356644,0.484508729282035,0.998421930371725,-0.0593616043150782,0.542336717095599,0.97424634381184,-0.0825060762103925,0.471041517170582,0.99927870700711,-0.0231444718953143,0.95003605531247,1,"3-[4-(tert-butyl)anilino]-2-(3-thienylcarbonyl)acrylonitrile","C18 H18 N2 O S",310.11604,309.10881,5.504,23.0558359977841,23.3155681002389,23.3836164766957,"Monotonic increase"
"Com_26349_neg",-0.0552802464075371,0.484746548045326,0.998421930371725,-0.215169422694289,0.247411016969101,0.97424634381184,-0.229163073051475,0.497625956846386,0.99927870700711,-0.0139936503571861,0.572785775880501,0.955117225188735,"8-iso Prostaglandin A2","C20 H30 O4",370.18303,369.17575,6.747,21.1279827483288,20.4219488680707,21.0000550888668,"MCI-associated decrease"
"Com_35405_pos",-0.0552727314202604,0.484806012524254,0.998421930371725,-0.183840478749256,0.178419859198224,0.97424634381184,-0.194310195575607,0.531947844454493,0.99927870700711,-0.0104697168263503,0.52635665808374,0.953146719171818,"JWH 250 N-pentanoic acid metabolite","C22 H23 N O4",365.16716,366.17444,6.827,20.6728938319833,20.238959395721,20.5802251331139,"MCI-associated decrease"
"Com_12102_pos",-0.0552577014457069,0.484924953225893,0.998421930371725,-0.295044087523267,0.909208487373826,0.998265352641438,-0.300492607237625,0.507797226051408,0.99927870700711,-0.00544851971435825,0.521821734292681,0.952814429510526,"3-[(4-hydroxyphenyl)methyl]-octahydropyrrolo[1,2-a]pyrazine-1,4-dione","C14 H16 N2 O3",260.11689,261.12433,4.968,21.3890268886141,21.3831091875827,20.8184774948346,"Monotonic decrease"
"Com_8930_pos",-0.0552351564838768,0.485103393633636,0.998421930371725,0.139001742496618,0.796871754630755,0.998265352641438,0.13492257006521,0.458049003259623,0.99927870700711,-0.00407917243140855,0.791340132646549,0.982684488895692,"Carbofuran","C12 H15 N O3",221.10628,222.11351,5.586,23.9584323282665,23.8810522465624,23.638118306794,"Monotonic decrease"
"Com_4_neg",0.0550923717256191,0.486234333784369,0.998421930371725,-0.0538384296434078,0.898885180907176,0.998265352641438,0.135219534425158,0.454832573868222,0.99927870700711,0.189057964068566,0.696615093107947,0.975261360435008,"3-Indoxyl sulphate","C8 H7 N O4 S",213.01009,212.00281,5.169,34.0127662661143,34.0815719971577,34.2254057307999,"Monotonic increase"
"Com_4740_neg",0.0549195270182546,0.487605253977744,0.998421930371725,1.37266285601076,0.0859662116656077,0.97424634381184,0.0999107236837877,0.546004832755873,0.99927870700711,-1.27275213232698,0.312712662482808,0.951927592764166,"11-keto Testosterone (CRM)","C19 H26 O3",348.1956,347.18832,6.494,21.0545318120587,21.4215155254417,21.2096667478187,"MCI-associated increase"
"Com_2655_neg",-0.0549120120309779,0.487664906046707,0.998421930371725,-0.516869590939476,0.136488159162668,0.97424634381184,-0.313464151919566,0.497625956846386,0.99927870700711,0.203405439019909,0.340160950581424,0.952814429510526,"N-Tigloylglycine","C7 H11 N O3",157.07381,156.06653,5.255,26.4074211591823,26.0429227325605,26.3915306859974,"MCI-associated decrease"
"Com_2158_pos",-0.0549044970437012,0.48772456201692,0.998421930371725,-0.201880223548955,0.495894512685331,0.97424634381184,0.66342323062738,0.487564179724458,0.99927870700711,0.865303454176335,0.927881108442468,1,"3-benzyl-1-butyl-4-hydroxy-1,2-dihydroquinolin-2-one","C20 H21 N O2",156.05749,157.06539,5.775,22.4141378084982,22.2967913610384,22.3927965193516,"MCI-associated decrease"
"Com_5914_pos",-0.0548594071200409,0.488082579748677,0.998421930371725,0.154065654580895,0.471486819309996,0.97424634381184,-0.0830605870600579,0.454832573868222,0.99927870700711,-0.237126241640953,0.181294891670863,0.926123611056224,"Docosanamide","C22 H45 N O",339.35197,340.35924,8.68,25.2682327629784,25.3448466026242,25.2843986178528,"MCI-associated increase"
"Com_4894_neg",0.0548143171963806,0.488440737854329,0.998421930371725,-0.0177419728702125,0.761880321625298,0.992345641070078,0.369848948343281,0.467774453840554,0.99927870700711,0.387590921213494,0.812873068585294,0.983351253121837,"3-(2-Hydroxyethyl)indole","C10 H11 N O",161.08417,160.07683,5.694,21.6837423013103,21.8963241237055,21.7644550424157,"MCI-associated increase"
"Com_48248_pos",0.054536262667142,0.490652477694776,0.998421930371725,0.0920555515955708,0.761880321625298,0.992345641070078,0.43952146843335,0.477613250482324,0.99927870700711,0.347465916837779,0.340160950581424,0.952814429510526,"CAR 18:2","C25 H46 N O4",423.33638,424.34366,7.576,15.2751856819854,14.6501492317449,15.6372362656241,"MCI-associated decrease"
"Com_6309_pos",-0.05424317816335,0.492989531337897,0.998421930371725,0.118147343047141,0.0726110561530278,0.97424634381184,-0.170817988374844,0.553101736632008,0.99927870700711,-0.288965331421984,0.271307090498971,0.933435970527006,"Tropine","C8 H15 N O",141.11607,142.12334,1.392,21.3036637703911,20.2109921832318,20.9074185207072,"MCI-associated decrease"
"Com_14066_neg",0.0541003934050924,0.494130232562973,0.998421930371725,0.444362961472339,0.693402310791431,0.98465888858239,0.679043669999069,0.497625956846386,0.99927870700711,0.234680708526729,0.818279173936408,0.983773838328041,"Luteolin","C15 H10 O6",286.04905,285.04177,5.405,21.6055098613281,21.6516137785941,22.0577337256284,"Monotonic increase"
"Com_40723_neg",-0.0540628184687088,0.494430649394521,0.998421930371725,-0.241216689819343,0.250084447224309,0.97424634381184,-0.0370924021750455,0.501004283123531,0.99927870700711,0.204124287644297,0.549329305837179,0.955117225188735,"13(S)-HOTrE","C18 H30 O3",294.22178,293.21451,7.231,18.4828775590157,18.336744730413,18.333770139636,"Monotonic decrease"
"Com_24273_pos",0.0539275486977279,0.495512950573264,0.998421930371725,0.135236037521677,0.904044806718131,0.998265352641438,0.295631092113201,0.442094868743547,0.99927870700711,0.160395054591523,0.572785775880501,0.955117225188735,"Gly-Tyr-Ala","C14 H19 N3 O5",309.13395,310.14093,5.257,20.7251135831111,20.8613072027108,20.8822189420355,"Monotonic increase"
"Com_16041_neg",-0.0537847639394702,0.49665673760143,0.998421930371725,0.155081411321301,0.4209494251512,0.97424634381184,-0.0432940878829622,0.423376443921176,0.99927870700711,-0.198375499204263,0.215232482238929,0.926123611056224,"L-Cysteinesulfinic acid","C3 H7 N O4 S",153.00948,152.0022,1.351,23.3864619445861,23.4176652516532,23.2989376971162,"MCI-associated increase"
"Com_20600_pos",-0.0537772489521935,0.496716975516077,0.998421930371725,0.650785006180776,0.491780290625231,0.97424634381184,-0.328840763718291,0.524988750461343,0.99927870700711,-0.979625769899067,1,1,"N,N-dimethyl-5-nitro-6-[3-(trifluoromethyl)phenoxy]pyrimidin-4-amine","C13 H11 F3 N4 O3",310.06859,311.07587,2.024,21.3714416034215,21.0784603866104,21.1930890142944,"MCI-associated decrease"
"Com_47884_pos",0.0537697339649168,0.496777217288394,0.998421930371725,-0.138268079708199,0.919547147740815,0.998265352641438,-0.127747376044694,0.454832573868222,0.99927870700711,0.0105207036635051,0.553982474057716,0.955117225188735,"Lysopc 14:0","C22 H46 N O7 P",467.30174,468.30901,5.177,17.3204785170268,17.315159132718,17.2992538758853,"Monotonic decrease"
"Com_27339_neg",-0.0537622189776401,0.496837462918093,0.998421930371725,0.0262011789163934,0.83227637630576,0.998265352641438,-0.10854759812056,0.467774453840554,0.99927870700711,-0.134748777036954,0.439625853937687,0.952814429510526,"SDB-006 N-phenyl analog","C20 H22 N2 O",260.16449,259.15684,6.364,22.484867418395,22.5739138841762,22.2420795873224,"MCI-associated increase"
"Com_2329_neg",-0.0537396740158099,0.49701822294851,0.998421930371725,-1.50583550011285,0.353103291441162,0.97424634381184,-0.924289728573708,0.531947844454493,0.99927870700711,0.58154577153914,0.812873068585294,0.983351253121837,"5-[4-(4-methoxyphenoxy)phenyl]-1H-pyrazole","C16 H14 N2 O2",266.10173,265.09447,5.107,19.0560164843088,18.5721893922612,18.6839249918575,"MCI-associated decrease"
"Com_28236_neg",-0.0537020990794263,0.49731956678587,0.998421930371725,-0.508766579877526,0.333201642273085,0.97424634381184,-0.363510837604739,0.501004283123531,0.99927870700711,0.145255742272787,0.681233164972313,0.973840329352538,"Thymidine 5'-monophosphate","C10 H15 N2 O8 P",322.05897,321.0517,1.553,21.3449304844426,21.2369711581206,21.2494905958117,"MCI-associated decrease"
"Com_10572_pos",-0.0535668293084454,0.498405202261103,0.998421930371725,-0.0912803426370509,0.655327630907459,0.978176760105966,-0.0937531544323954,0.49425979693919,0.99927870700711,-0.00247281179534454,0.894758563045729,0.994037609026979,"Mupirocin","C26 H44 O9",522.28167,523.28895,6.662,22.96846043717,22.6799216530236,22.5407566461934,"Monotonic decrease"
"Com_23798_pos",0.0534390745247412,0.499431669872401,0.998421930371725,0.301190354094217,0.504177753142834,0.97424634381184,0.845317471472866,0.531947844454493,0.99927870700711,0.544127117378649,0.972229695919683,1,"2-[(3S)-1-(2-Thienylmethyl)-3-pyrrolidinyl]-1,3-benzothiazole","C16 H16 N2 S2",300.07904,301.08633,5.088,18.2820180738766,18.7457376230422,18.8710289604762,"Monotonic increase"
"Com_16875_pos",-0.0533263497155904,0.500338299268497,0.998421930371725,0.58316889603598,0.24475766123775,0.97424634381184,-0.198866980032168,0.501004283123531,0.99927870700711,-0.782035876068148,0.517306989731243,0.952814429510526,"CAR 14:2","C21 H38 N O4",367.27339,368.28067,6.833,19.5613928097459,18.9197364457698,19.2746638879353,"MCI-associated decrease"
"Com_3783_pos",-0.0532286548809931,0.501124743626262,0.998421930371725,-1.41274475019039,0.0256237943146171,0.97424634381184,-0.0735766797907858,0.5602435640593,0.99927870700711,1.3391680703996,0.107766897799477,0.914281594941658,"Ferulic acid","C10 H10 O4",194.05907,195.06633,1.626,23.0587939725076,22.7678231216902,23.1354385618281,"MCI-associated decrease"
"Com_9193_pos",-0.0531835649573328,0.501487936631302,0.998421930371725,-0.0586119452125419,0.961020516526437,0.998265352641438,-0.0811099329797823,0.474321131032316,0.99927870700711,-0.0224979877672405,0.553982474057716,0.955117225188735,"(+/-)12(13)-DiHOME","C18 H34 O4",296.23667,297.24398,6.917,22.2322717002918,22.5057533517973,22.20464972284,"MCI-associated increase"
"Com_1356_pos",-0.0531159300718423,0.502032984919142,0.998421930371725,-0.175309196424107,0.277930377315134,0.97424634381184,-0.0312872944389102,0.487564179724458,0.99927870700711,0.144021901985197,0.530911630491966,0.953146719171818,"Desoxycortone","C21 H30 O3",330.22102,331.2283,5.908,28.2468469412111,27.9899261503321,28.0275004252397,"MCI-associated decrease"
"Com_34873_pos",0.0530332652117984,0.502699576476323,0.998421930371725,-2.08069897222932,0.343060251703388,0.97424634381184,-2.00561048969806,0.480917829696732,0.99927870700711,0.0750884825312646,0.104752692971634,0.914281594941658,"4-hydroxy-6,7-diphenyl-5,6-dihydro-2H-pyrano[3,2-c]pyridine-2,5-dione","C20 H13 N O4",331.08617,332.09344,8.29,16.0616049430545,16.0141237249952,16.1628659059002,"MCI-associated decrease"
"Com_43048_pos",0.0528829654662641,0.50391274753073,0.998421930371725,-0.285971507974084,0.32352777393429,0.97424634381184,1.07270272496876,0.542473388799115,0.99927870700711,1.35867423294285,0.764648042021988,0.977878730334537,"DGDG O-16:4_2:0","C33 H54 O14",696.33386,697.34114,8.755,12.037495200158,12.262803401056,12.1976739653087,"MCI-associated increase"
"Com_5978_neg",-0.0527326657207297,0.505127447357399,0.998421930371725,0.278776498377853,0.935080128178475,0.998265352641438,-0.308165960784211,0.477613250482324,0.99927870700711,-0.586942459162064,0.665982645222812,0.973499221842089,"N4-(5-chloro-4-methoxy-3-thienyl)-2,6-dimethylmorpholine-4-carboxamide","C12 H17 Cl N2 O3 S",304.06304,303.05572,5.339,21.4995073283033,21.5881545414204,21.0249819561852,"MCI-associated increase"
"Com_13304_pos",-0.0527026057716228,0.505370570559957,0.998421930371725,0.381619952512907,0.0736548743281085,0.97424634381184,-0.198779081425282,0.464519985104771,0.99927870700711,-0.580399033938189,0.0131895263559426,0.696884579367964,"Diacetoxyscirpenol","C19 H26 O7",366.16699,367.17432,6.073,21.5581223211452,22.2085968425451,21.4149990657053,"MCI-associated increase"
"Com_34606_pos",0.0526500008606858,0.505796183013778,0.998421930371725,-0.293069829338239,0.186978409441961,0.97424634381184,-0.237229226442181,0.461278154144526,0.99927870700711,0.0558406028960582,0.0529235594292281,0.814794368190994,"2-(2,4-dihydroxyphenyl)-3,5,7-trihydroxy-4H-chromen-4-one","C15 H10 O7",302.04167,303.04894,5.488,20.6991040788672,20.4812960350453,20.7181704031084,"MCI-associated decrease"
"Com_6373_neg",-0.0526049109370255,0.506161142376902,0.998421930371725,-0.267489764535836,0.158303529786652,0.97424634381184,-0.127129006838178,0.549547636709156,0.99927870700711,0.140360757697658,0.44791214309302,0.952814429510526,"Methylsuccinic acid","C5 H8 O4",132.04212,131.03476,1.603,26.478607806502,26.2756684274224,26.3151169738655,"MCI-associated decrease"
"Com_15446_pos",-0.0524245512423843,0.507622350966697,0.998421930371725,-0.550615153247067,0.0726110561530278,0.97424634381184,0.482623539786147,0.5602435640593,0.99927870700711,1.03323869303321,0.247780744473925,0.926123611056224,"Guanosine 3',5'-cyclic monophosphate","C H4 N2 O",345.04916,346.05643,1.637,19.1177271682515,16.2208330708467,17.1175894396975,"MCI-associated decrease"
"Com_15361_pos",-0.0523869763060007,0.507927045292743,0.998421930371725,-0.0573170033586929,0.263753978368104,0.97424634381184,0.67288753367885,0.49425979693919,0.99927870700711,0.730204537037543,0.503885099508908,0.952814429510526,"3-[3-(beta-D-Glucopyranosyloxy)-2-methoxyphenyl]propanoic acid","C16 H22 O9",380.11027,381.11799,5.788,19.3068667909526,18.7973135555578,19.0686840994768,"MCI-associated decrease"
"Com_16777_neg",-0.0523268564077869,0.508414753880441,0.998421930371725,-0.565926021884272,0.229256815363323,0.97424634381184,-0.0112174162521743,0.497625956846386,0.99927870700711,0.554708605632097,0.452088341455991,0.952814429510526,"4-chloro-N-[4-(morpholinosulfonyl)phenyl]benzamide","C17 H17 Cl N2 O4 S",380.05895,379.05168,5.736,20.7134103745311,20.6421708385442,20.6786195462492,"MCI-associated decrease"
"Com_32320_pos",-0.052191586636806,0.50951298694582,0.998421930371725,0.182520073183731,0.613544182102069,0.97424634381184,0.061795112826842,0.480917829696732,0.99927870700711,-0.120724960356889,0.2774202983206,0.937882209172329,"12,13-EODE","C18 H32 O3",296.23624,297.24368,6.131,20.4254432240148,20.4731373587742,20.3053729425263,"MCI-associated increase"
"Com_14702_pos",-0.0521014067894854,0.510245825258102,0.998421930371725,-0.0982119701208227,0.40239183054899,0.97424634381184,0.201374395877519,0.546004832755873,0.99927870700711,0.299586365998342,0.878262198893988,0.990764947618942,"alpha-Benzylsuccinic acid","C11 H12 O4",208.07459,209.08187,5.959,22.8735020096122,22.8799144191317,22.8381162286482,"MCI-associated increase"
"Com_29530_neg",-0.0521014067894854,0.510245825258102,0.998421930371725,-0.302985096254544,0.0430379351411059,0.97424634381184,-0.442760820549483,0.553101736632008,0.99927870700711,-0.139775724294939,0.145630704444966,0.926123611056224,"LPG 16:1","C22 H43 O9 P",482.26739,481.26012,9.659,15.5263730326513,15.3997587724559,15.4868282287866,"MCI-associated decrease"
"Com_19222_neg",0.0520112269421648,0.510979209285926,0.998421930371725,-0.131697326187407,0.636613563487546,0.975199016366034,0.0827139082479511,0.511211736152497,0.99927870700711,0.214411234435358,0.24212922951655,0.926123611056224,"D-Xylulose 5-phosphate","C5 H11 O8 P",184.01551,229.01341,1.292,23.3259490454951,23.1946740762872,23.3160255567931,"MCI-associated decrease"
"Com_47131_neg",0.0519360770693976,0.511590779115805,0.998421930371725,0.399349674182041,0.727369125215803,0.988298366959884,0.862132312723092,0.474321131032316,0.99927870700711,0.462782638541051,0.38413723439593,0.952814429510526,"All trans-Retinal","C20 H28 O",284.21535,283.20807,7.996,16.6630231218827,16.6697882204743,16.6798280566892,"Monotonic increase"
"Com_14476_pos",-0.051845897222077,0.512325162206986,0.998421930371725,0.0505186021352214,0.568552333025136,0.97424634381184,-0.0352303072734693,0.521526763430912,0.99927870700711,-0.0857489094086909,0.977782141497144,1,"α-Linolenoyl ethanolamide","C20 H35 N O2",321.26819,322.27547,6.316,21.1043695619471,20.8295649728023,20.6142096138676,"Monotonic decrease"
"Com_12775_pos",-0.0518233522602468,0.512508843027542,0.998421930371725,-0.764286761408701,0.0144087796942119,0.97424634381184,-0.243704326203112,0.490905854493295,0.99927870700711,0.520582435205589,0.0277987436801243,0.725125110652193,"3-[3-(beta-D-Glucopyranosyloxy)-2-hydroxyphenyl]propanoic acid","C15 H20 O9",366.09437,367.10166,5.506,18.9731707001597,18.2664585640754,18.8803857699015,"MCI-associated decrease"
"Com_13758_neg",-0.0518008072984167,0.512692557850067,0.998421930371725,-0.144281189392325,0.366780087996831,0.97424634381184,-0.113853558900124,0.511211736152497,0.99927870700711,0.0304276304922002,0.701770635040555,0.975261360435008,"Glycyl-L-leucine","C8 H16 N2 O3",188.11661,187.10933,1.425,25.0284342469001,24.6454753751927,24.8052613767805,"MCI-associated decrease"
"Com_21059_pos",-0.0517857773238632,0.512815053284159,0.998421930371725,-0.790007157182219,0.945449564887883,0.998265352641438,-1.08888472110416,0.490905854493295,0.99927870700711,-0.298877563921939,0.645862466064675,0.965185528895534,"Morphine 6-β-D-glucuronide","C23 H27 N O9",461.17078,462.17805,4.56,17.0517133808028,17.0687886047639,16.9810481222875,"MCI-associated increase"
"Com_35165_neg",0.0517707473493098,0.512937563823879,0.998421930371725,-0.281193994196473,0.172194775999651,0.97424634381184,0.462078142962592,0.429563791794827,0.99927870700711,0.743272137159065,0.07134759002095,0.867791165027521,"Gibberellin A4","C19 H24 O5",332.16745,331.16021,5.956,20.5454422009021,20.2087699902126,20.7462817048027,"MCI-associated decrease"
"Com_4614_neg",0.0517632323620331,0.512998824757553,0.998421930371725,-0.111625218458602,0.727369125215803,0.988298366959884,0.247527679774685,0.484234821971777,0.99927870700711,0.359152898233286,0.365406817217469,0.952814429510526,"Androsterone glucuronide","C25 H38 O8",210.12615,465.25058,6.85,24.8437189347988,24.5879166525206,25.0560960113839,"MCI-associated decrease"
"Com_13237_pos",-0.0517557173747564,0.513060089466678,0.998421930371725,-0.0477114532323844,0.40239183054899,0.97424634381184,0.0308136721530355,0.497625956846386,0.99927870700711,0.0785251253854202,0.712122795096669,0.975261360435008,"L-Kynurenine","C10 H12 N2 O3",208.08585,209.09312,4.182,16.8328061980999,16.7930358846159,16.7833118734282,"Monotonic decrease"
"Com_6848_pos",-0.0517557173747564,0.513060089466678,0.998421930371725,-0.173818635307057,0.1067861047547,0.97424634381184,0.76238029483099,0.563831159299138,0.99927870700711,0.936198930138048,0.33315821936716,0.952814429510526,"Ricinine","C8 H8 N2 O2",164.0592,165.06644,1.466,22.314042937541,21.9209821219076,22.3813724903762,"MCI-associated decrease"
"Com_2371_neg",-0.0517256574256495,0.513305186051333,0.998421930371725,-0.700668199621959,0.837363881018235,0.998265352641438,0.163847658236248,0.507797226051408,0.99927870700711,0.864515857858207,0.399536640886351,0.952814429510526,"N-Acetyl-L-cysteine","C5 H9 N O3 S",163.03037,162.02309,5.921,22.4459232469347,22.5405947831101,22.4171032189921,"MCI-associated increase"
"Com_23851_neg",0.0517106274510961,0.513427756988087,0.998421930371725,0.739847185123888,0.904044806718131,0.998265352641438,0.828892424443532,0.490905854493295,0.99927870700711,0.0890452393196439,0.499452327221799,0.952814429510526,"4-((5-(4-Nitrophenyl)oxazol-2-yl)amino)benzonitrile","C16 H10 N4 O3",306.07598,305.06869,6.009,20.2169842280906,20.2684505677323,20.2956097276234,"Monotonic increase"
"Com_47515_pos",0.051658022540159,0.513856874106436,0.998421930371725,0.915790360064453,0.914376006626322,0.998265352641438,0.724813775186984,0.501004283123531,0.99927870700711,-0.190976584877469,0.650869006115233,0.968608952076912,"Lysopc 18:1","C26 H52 N O7 P",521.34975,522.35702,7.21,16.5991281902376,16.62118063721,16.706606167411,"Monotonic increase"
"Com_48628_pos",0.0515828726673919,0.51447021906781,0.998421930371725,-0.0539490775014288,0.955828252352678,0.998265352641438,-0.132913948641062,0.448438040830181,0.99927870700711,-0.0789648711396332,0.681233164972313,0.973840329352538,"PDMP","C23 H38 N2 O3",390.29018,391.29745,6.307,18.6697282270621,18.5492114261026,18.7188495975355,"MCI-associated decrease"
"Com_19_neg",-0.0515377827437316,0.514838406918827,0.998421930371725,-0.239107788128829,0.976606351715882,0.998265352641438,0.445621546877957,0.480917829696732,0.99927870700711,0.684729335006786,0.601545587417017,0.955684897603873,"2-Hydroxyhippuric acid","C9 H9 N O4",195.05363,194.04633,5.538,20.594239466796,20.5934650922479,20.456025037775,"Monotonic decrease"
"Com_1813_pos",-0.051500207807348,0.515145333692127,0.998421930371725,-0.0225316417843869,0.608974903493647,0.97424634381184,-0.0508352169299582,0.511211736152497,0.99927870700711,-0.0283035751455713,0.972229695919683,1,"D-glutamine","C5 H10 N2 O3",146.06961,130.05034,5.863,27.443075833148,27.231717607399,27.2984875895039,"MCI-associated decrease"
"Com_13556_pos",0.0514400879091342,0.515636612253951,0.998421930371725,0.934628944923686,0.742096648392106,0.992345641070078,-0.457826460353535,0.504394723804849,0.99927870700711,-1.39245540527722,0.340160950581424,0.952814429510526,"Nitrofurantoin","C8 H6 N4 O5",255.0578,256.06503,5.3,19.9830327407093,19.8621404944406,20.006047104849,"MCI-associated decrease"
"Com_9190_pos",-0.0514100279600273,0.515882341825513,0.998421930371725,-0.935076400086903,0.115554468319167,0.97424634381184,-1.75687946413711,0.563831159299138,0.99927870700711,-0.821803064050209,0.347257311765429,0.952814429510526,"Testosterone undecanoate","C30 H48 O3",456.3625,457.36973,5.951,20.1901598701038,19.8876068811271,20.1898885639176,"MCI-associated decrease"
"Com_5993_pos",0.051364938036367,0.516251048988161,0.998421930371725,2.61633529275834,0.987002241055627,0.998265352641438,0.0989967282262358,0.518076560725497,0.99927870700711,-2.51733856453211,0.540081186091507,0.955117225188735,"Cefdinir","C14 H13 N5 O5 S2",395.03743,396.04471,5.219,18.9506877673346,19.0367302710585,19.023058713592,"MCI-associated increase"
"Com_2647_neg",-0.0511845783417258,0.517727229984084,0.998421930371725,0.362175776222485,0.143486149490415,0.97424634381184,3.32985624410956,0.538953368018675,0.99927870700711,2.96768046788708,0.354447160577758,0.952814429510526,"Geniposidic acid","C16 H22 O10",374.12343,373.11615,1.603,15.6891877819168,15.6764023337336,15.6636647903031,"Monotonic decrease"
"Com_6176_pos",-0.0511845783417258,0.517727229984084,0.998421930371725,-0.247677184237072,0.504177753142834,0.97424634381184,0.0721927506350651,0.531947844454493,0.99927870700711,0.319869934872138,0.95003605531247,1,"THC","C21 H30 O2",314.22616,315.23356,5.899,24.2367818094022,24.1795943633129,24.1478434756604,"Monotonic decrease"
"Com_801_neg",0.0511169434562353,0.518281355074405,0.998421930371725,0.0685673553572407,0.674260695349977,0.981173331585391,0.122239195284271,0.571039375898163,0.99927870700711,0.0536718399270302,0.717318982344425,0.975261360435008,"D-(-)-Lyxose","C5 H10 O5",150.05237,149.04506,1.381,29.3289924767279,29.4444997448979,29.5321469888323,"Monotonic increase"
"Com_10493_pos",0.051071853532575,0.518650940464734,0.998421930371725,-0.129022395705828,0.75691921922434,0.992345641070078,1.02264583252584,0.477613250482324,0.99927870700711,1.15166822823167,0.423319976747168,0.952814429510526,"4'-Methoxyflavone","C16 H12 O3",252.08013,253.0874,5.577,20.182859870012,20.2736281464221,20.3602536230095,"Monotonic increase"
"Com_22944_pos",0.0510417935834682,0.518897405645201,0.998421930371725,-0.0231273489315429,0.929899426345924,0.998265352641438,0.040171667444657,0.497625956846386,0.99927870700711,0.0632990163761999,0.665982645222812,0.973499221842089,"5-Methylcytosine","C5 H7 N3 O",125.05884,126.06612,5.25,23.0850844443361,23.0219434185581,23.1271545104918,"MCI-associated decrease"
"Com_7501_neg",0.0508013139906132,0.520871282154724,0.998421930371725,0.0205605799579562,0.487684458553608,0.97424634381184,0.00813167517056023,0.514638199527104,0.99927870700711,-0.0124289047873959,0.856350219562391,0.987763710173379,"D-(-)-Mannitol","C6 H14 O6",182.07928,181.072,0.082,26.9021768218202,27.0054853050348,26.9326750795928,"MCI-associated increase"
"Com_9682_neg",-0.0507862840160598,0.520994776504059,0.998421930371725,0.166888211295277,0.842458195298763,0.998265352641438,0.600019967121548,0.535444832744567,0.99927870700711,0.433131755826271,0.650869006115233,0.968608952076912,"16-(Hexopyranosyloxy)-7-hydroxy-8,9-epoxypimaran-18-oic acid","C26 H42 O10",514.28034,513.27306,7.516,18.7740107734144,18.6979719610861,18.4191676878442,"Monotonic decrease"
"Com_4663_neg",-0.050778769028783,0.52105652927889,0.998421930371725,-0.0832293996505896,0.317181249768616,0.97424634381184,0.0397097005620766,0.549547636709156,0.99927870700711,0.122939100212666,0.701770635040555,0.975261360435008,"L-Ascorbate","C6 H8 O6",176.03222,175.02498,5.38,25.3403762939115,25.0516107049298,25.1555174054456,"MCI-associated decrease"
"Com_37685_neg",-0.0506134393086952,0.522416034190355,0.998421930371725,-0.284316309448291,0.0583560490075206,0.97424634381184,0.0105526911963984,0.546004832755873,0.99927870700711,0.29486900064469,0.159604618905912,0.926123611056224,"2-Hydroxy-2-methylbutanedioic acid","C5 H8 O5",148.03707,147.02991,5.578,22.0637133949737,21.75385990996,21.931065535876,"MCI-associated decrease"
"Com_10763_neg",0.0504105346522239,0.524086981692684,0.998421930371725,-0.371694989982718,0.542336717095599,0.97424634381184,0.374261797337464,0.484234821971777,0.99927870700711,0.745956787320181,0.25643004405867,0.926123611056224,"Tenofovir","C9 H14 N5 O4 P",287.08364,286.07622,5.246,19.5557544683863,19.8063528348679,19.8138075066466,"Monotonic increase"
"Com_6968_pos",-0.0504030196649471,0.524148920712109,0.998421930371725,-0.443192657308688,0.186978409441961,0.97424634381184,1.88173494468917,0.546004832755873,0.99927870700711,2.32492760199786,0.439625853937687,0.952814429510526,"5,7-dimethyl-2-phenylpyrazolo[1,5-a]pyrimidine","C14 H13 N3",261.06841,244.06491,1.656,12.986463846503,12.5954855109139,12.8030852575729,"MCI-associated decrease"
"Com_11574_pos",-0.0503428997667334,0.524644566630306,0.998421930371725,0.590011266024127,0.229256815363323,0.97424634381184,-0.0812857711674523,0.477613250482324,0.99927870700711,-0.671297037191579,0.0769862401854328,0.87169605289326,"Senecionine","C18 H25 N O5",335.17426,336.18153,5.485,22.149160616506,22.4359873663905,22.0743284781777,"MCI-associated increase"
"Com_1683_neg",-0.0503353847794567,0.524706539085417,0.998421930371725,0.251052779045019,0.363330302633665,0.97424634381184,-0.328007108244227,0.497625956846386,0.99927870700711,-0.579059887289247,0.127318177385247,0.926123611056224,"2-Oxoglutaric acid","C5 H6 O5",146.02177,145.01407,1.543,25.5036033163695,25.9671654988785,25.4531738493222,"MCI-associated increase"
"Com_16576_neg",0.0500648452374948,0.526940017989622,0.998421930371725,-0.747512863899579,0.929899426345924,0.998265352641438,-0.191528961272389,0.504394723804849,0.99927870700711,0.55598390262719,0.535486518379526,0.955117225188735,"Estriol","C18 H24 O3",334.18017,333.1729,6.866,15.8922496014792,16.1646100227408,16.1359698223212,"MCI-associated increase"
"Com_10309_neg",0.0498093356700864,0.529053819535363,0.998421930371725,0.209962299868209,0.636613563487546,0.975199016366034,0.11080696949925,0.487564179724458,0.99927870700711,-0.0991553303689587,0.33315821936716,0.952814429510526,"Deoxycholic acid","C24 H40 O4",392.29295,391.28568,7.942,17.1499352927363,16.4459258449615,17.1597449039237,"MCI-associated decrease"
"Com_36931_neg",-0.0497341857973192,0.529676338218646,0.998421930371725,-0.30296239902503,0.32352777393429,0.97424634381184,-0.362213145444613,0.538953368018675,0.99927870700711,-0.059250746419582,0.645862466064675,0.965185528895534,"5,5-dimethyl-2-[(trifluoromethyl)sulfanyl]-1,3-cyclohexanedione","C9 H11 F3 O2 S",240.0469,239.03963,6.529,19.1238099197632,18.8959342747457,19.069109829357,"MCI-associated decrease"
"Com_1487_neg",0.0496440059499986,0.530423847206986,0.998421930371725,-0.0711442027526412,0.572979794288714,0.97424634381184,0.31105724175499,0.514638199527104,0.99927870700711,0.382201444507631,0.239337735637425,0.926123611056224,"4-Hydroxy-3- methoxyphenylglycol sulfate","C9 H12 O7 S",264.03142,263.02415,1.42,27.4744511830143,27.174265435002,27.6584182709362,"MCI-associated decrease"
"Com_2058_neg",-0.0496364909627219,0.530486163565453,0.998421930371725,0.0354024911221184,0.0160485680964786,0.97424634381184,0.134702565585655,0.57829116838231,0.99927870700711,0.0993000744635362,0.0573371012545828,0.846216528860739,"3-Hydroxybutyric acid","C4 H8 O3",104.04669,103.03942,2.737,23.4832982303005,22.9045355771107,23.3242888229233,"MCI-associated decrease"
"Com_5717_neg",-0.0494711612426341,0.531858054366102,0.998421930371725,-0.0410018073266174,0.0502091681852915,0.97424634381184,-0.58372402834246,0.553101736632008,0.99927870700711,-0.542722221015842,0.132613294938793,0.926123611056224,"3-Methylhistidine","C7 H11 N3 O2",169.0854,168.07813,1.239,21.5969328379988,20.9970035019943,21.354558345273,"MCI-associated decrease"
"Com_5256_pos",-0.0494411012935272,0.532107680230482,0.998421930371725,0.0555266326665571,0.613544182102069,0.97424634381184,-0.00609750822981602,0.556667067653047,0.99927870700711,-0.0616241408963731,0.894758563045729,0.994037609026979,"Glycylproline","C7 H12 N2 O3",172.08553,173.09278,1.705,26.7402130582261,26.7143661387745,26.7992110865818,"MCI-associated decrease"
"Com_28243_pos",0.0494260713189738,0.532232515201854,0.998421930371725,1.44160318368611,0.852666421766873,0.998265352641438,0.0594905410030068,0.471041517170582,0.99927870700711,-1.3821126426831,0.577533499716926,0.955117225188735,"9-chloro-12H-benzo[5,6][1,4]thiazino[2,3-b]quinoxaline","C14 H8 Cl N3 S",285.01213,286.01941,6.313,18.343211636291,18.174156546334,18.3641983955637,"MCI-associated decrease"
"Com_37716_pos",0.0493960113698669,0.532482229209171,0.998421930371725,0.863176846404809,0.595358868812575,0.97424634381184,-0.165416189777316,0.507797226051408,0.99927870700711,-1.02859303618212,0.271307090498971,0.933435970527006,"3-phenyl-5-[3-(2-thienyl)-1H-pyrazol-1-yl]-1,2,4-thiadiazole","C15 H10 N4 S2",310.03565,293.03201,6.89,17.9551669085648,17.8472551308614,18.0249756013576,"MCI-associated decrease"
"Com_19051_pos",-0.0492682565861627,0.533544168727879,0.998421930371725,-0.632434761613701,0.0779535097686971,0.97424634381184,-0.236153353899301,0.542473388799115,0.99927870700711,0.396281407714401,0.181294891670863,0.926123611056224,"5α-Dihydrotestosterone glucuronide","C25 H38 O8",466.25899,467.2658,6.599,23.1647313817803,22.6267435812462,22.8635880208122,"MCI-associated decrease"
"Com_31651_pos",0.0491931067133956,0.534169333918786,0.998421930371725,0.0524883018268972,0.500027031819513,0.97424634381184,0.0926896860730937,0.553101736632008,0.99927870700711,0.0402013842461965,0.938952675204792,1,"SDMA","C8 H18 N4 O2",202.14392,203.1512,0.525,22.4716742793886,22.4912530149807,22.4820671639787,"MCI-associated increase"
"Com_48492_pos",0.0490578369424146,0.535295553736523,0.998421930371725,1.30409558665424,0.0247746046796803,0.97424634381184,0.478769773498268,0.549547636709156,0.99927870700711,-0.825325813155971,0.0630331136307468,0.864685020319219,"2-[(5-anilino-4-phenyl-4H-1,2,4-triazol-3-yl)thio]acetic acid","C16 H14 N4 O2 S",326.08769,327.09496,7.739,5.11759786259695,5.39986192917833,5.17881053953485,"MCI-associated increase"
"Com_7929_neg",-0.048967657095094,0.536047025022057,0.998421930371725,-0.72286860827228,0.56414129164058,0.97424634381184,-0.200821867735543,0.542473388799115,0.99927870700711,0.522046740536738,0.202621892222762,0.926123611056224,"Esculin","C15 H16 O9",340.08286,339.07558,1.302,18.4037799382823,18.7886090095338,18.2915507906593,"MCI-associated increase"
"Com_5311_neg",-0.0488849922350501,0.536736335575698,0.998421930371725,-0.0631340826482179,0.776821692720023,0.998265352641438,-0.027688672107753,0.556667067653047,0.99927870700711,0.0354454105404649,0.722528284052316,0.975261360435008,"Xylitol","C5 H12 O5",152.06805,151.06053,1.312,25.100550043781,24.9100761450935,24.8290022653785,"Monotonic decrease"
"Com_12309_pos",0.0488323873241131,0.537175217550145,0.998421930371725,0.13066508647868,0.940263580611887,0.998265352641438,-0.00405901817017419,0.538953368018675,0.99927870700711,-0.134724104648854,0.606401543595827,0.957584933101451,"Dehydroepiandrosterone","C19 H28 O2",288.21016,289.21745,6.65,23.6292278931458,23.7417052189806,23.7498590233515,"Monotonic increase"
"Com_26606_neg",0.048674572591302,0.538492934547876,0.998421930371725,-0.122610192235035,0.847559111655553,0.998265352641438,-0.0240669502304123,0.535444832744567,0.99927870700711,0.0985432420046229,0.717318982344425,0.975261360435008,"7-amino-9-(4-chlorophenyl)-6-oxo-6H-benzo[c]chromene-8-carbonitrile","C20 H11 Cl N2 O2",346.05583,345.04855,5.134,20.1169039612044,20.303652020674,20.3780936194764,"Monotonic increase"
"Com_3456_pos",-0.0486294826676417,0.538869719886871,0.998421930371725,0.012842500640356,0.250084447224309,0.97424634381184,-0.0605904272457948,0.581933230381704,0.99927870700711,-0.0734329278861509,0.601545587417017,0.955684897603873,"Pyridoxamine","C8 H12 N2 O2",168.09092,169.09819,2.171,26.5736952708327,26.0123973219564,26.1552105571974,"MCI-associated decrease"
"Com_1720_pos",-0.0486144526930883,0.538995344085454,0.998421930371725,-0.0393834846851585,0.950637861926265,0.998265352641438,1.01947120988027,0.49425979693919,0.99927870700711,1.05885469456543,0.63093955575425,0.962373948192512,"VNH","C15 H24 N6 O5",184.09074,185.09761,5.891,21.7664443249658,21.8442376937165,21.5689142076591,"MCI-associated increase"
"Com_14336_pos",0.0485167578584909,0.539812255614978,0.998421930371725,0.139548130693715,0.698219038274619,0.986572206543947,0.99990142233905,0.574659859988745,0.99927870700711,0.860353291645335,0.769965261969016,0.977878730334537,"1-O-(3,4,5-Trimethoxybenzoyl)-beta-L-galactopyranose","C16 H22 O10",396.10451,397.11179,2.647,20.6165482700999,20.6626879097103,20.7066868287308,"Monotonic increase"
"Com_11801_pos",0.0483965180620635,0.540818527245159,0.998421930371725,-0.771988291495164,0.664767431803053,0.978405986285098,-0.817699784610641,0.535444832744567,0.99927870700711,-0.0457114931154767,0.289926386877085,0.946090802750678,"4-Aminobiphenyl","C12 H11 N",169.08644,170.09337,5.459,21.2203068811892,21.2622962760477,21.4729396233201,"Monotonic increase"
"Com_2755_pos",0.04838148808751,0.540944376464645,0.998421930371725,2.62301987952516,0.0610042712256876,0.97424634381184,-0.552011168696198,0.471041517170582,0.99927870700711,-3.17503104822136,0.0163046304883598,0.696884579367964,"4-(4-chlorophenyl)-2-(3-pyridyl)-1,3-thiazole hydrobromide","C14 H9 Cl N2 S",272.01703,273.02431,5.935,17.8585800218105,17.4584349204951,17.9605705851041,"MCI-associated decrease"
"Com_15440_pos",0.0482988232274661,0.541636806175245,0.998421930371725,0.32999270718983,0.0847823665032693,0.97424634381184,0.088951080149594,0.553101736632008,0.99927870700711,-0.241041627040236,0.1953187314659,0.926123611056224,"Dipropylene glycol dimethyl ether","C8 H18 O3",162.12677,363.21735,6.426,24.4533720463632,24.8719111627597,24.6723155469219,"MCI-associated increase"
"Com_16165_pos",0.048276278265636,0.541825726672691,0.998421930371725,0.517581235801794,0.384333650558935,0.97424634381184,0.00900362443929069,0.596607571913131,0.99927870700711,-0.508577611362503,0.867293463278401,0.987763710173379,"(2R)-2-[(2R,5S)-5-[(2S)-2-hydroxybutyl]oxolan-2-yl]propanoic acid","C11 H20 O4",198.12617,199.13343,5.161,21.4925932722771,21.5693512531651,21.6431432174646,"Monotonic increase"
"Com_6575_pos",-0.0482161583674222,0.542329673853296,0.998421930371725,0.0730521781466472,0.377251420655644,0.97424634381184,-0.0345464890212457,0.451628906506796,0.99927870700711,-0.107598667167893,0.231099692092127,0.926123611056224,"Isophorone","C9 H14 O",138.10515,139.11238,6.06,26.3050142585946,26.5054381920326,26.1668344468889,"MCI-associated increase"
"Com_33083_pos",0.048141008494655,0.542959933213835,0.998421930371725,-0.108682878755655,0.289638622395848,0.97424634381184,-0.141899974621085,0.549547636709156,0.99927870700711,-0.0332170958654298,0.568056657183818,0.955117225188735,"Lagochilin","C20 H36 O5",356.25783,379.2471,7.449,18.5450084623848,18.9164687102912,18.7025087861725,"MCI-associated increase"
"Com_9542_pos",-0.0480508286473344,0.543716721203364,0.998421930371725,-1.22956063326813,0.292616840938141,0.97424634381184,-1.73697585335818,0.589249328318874,0.99927870700711,-0.507415220090054,0.681233164972313,0.973840329352538,"Norfloxacin","C16 H18 F N3 O3",319.12938,320.13659,6.01,19.8161279454428,19.6493103953639,19.8673594929142,"MCI-associated decrease"
"Com_212_pos",0.0480132537109508,0.544032202895935,0.998421930371725,2.86222705702129,0.608974903493647,0.97424634381184,-5.01925773032473,0.531947844454493,0.99927870700711,-7.88148478734603,0.265286810082928,0.926123611056224,"4-(dimethylamino)-1,1-diphenylbut-3-en-2-one","C18 H19 N O",265.1474,266.15467,6.377,5.39703347357257,5.22106567688178,5.54967646457833,"MCI-associated decrease"
"Com_13843_pos",0.0479531338127371,0.544537161092633,0.998421930371725,-0.0872678714614654,0.727369125215803,0.988298366959884,1.61348328501711,0.607722655770903,0.99927870700711,1.70075115647857,0.660929291111291,0.973499221842089,"Chrysin","C15 H10 O4",254.05927,255.06655,6.602,15.9156650121222,16.2531051128547,15.8665258035243,"MCI-associated increase"
"Com_20530_neg",0.0478253790290329,0.545610962671658,0.998421930371725,-0.00356188006017377,0.693402310791431,0.98465888858239,0.342236561646472,0.549547636709156,0.99927870700711,0.345798441706646,0.878262198893988,0.990764947618942,"3'-Adenosine monophosphate (3'-AMP)","C10 H14 N5 O7 P",347.06216,346.05469,5.08,22.4135615288451,22.5789749229973,22.605214404642,"Monotonic increase"
"Com_1888_pos",-0.0478028340672027,0.545800565024558,0.998421930371725,0.0839355160304648,0.717606045215378,0.988298366959884,-0.207539512786554,0.501004283123531,0.99927870700711,-0.291475028817019,0.419299513170107,0.952814429510526,"RPK","C17 H33 N7 O4",399.26397,400.27125,5.971,27.1431331747126,27.2783905093252,27.0229527382391,"MCI-associated increase"
"Com_6939_neg",-0.0477727741180959,0.546053418500861,0.998421930371725,-0.0172142253765562,0.847559111655553,0.998265352641438,-0.223310788269292,0.535444832744567,0.99927870700711,-0.206096562892736,0.748763745418092,0.975261360435008,"Resolvin E1","C20 H30 O5",350.2097,349.20243,6.42,23.3610034589307,23.211774724054,23.2418297782766,"MCI-associated decrease"
"Com_27461_neg",-0.0477652591308192,0.546116640856641,0.998421930371725,0.433358246515675,0.0908357820345699,0.97424634381184,0.0999822455169474,0.438942637236867,0.99927870700711,-0.333376000998727,0.0427591302473323,0.769968157118732,"N-{5-[(dimethylamino)sulfonyl]-2-methylphenyl}cyclohexanecarboxamide","C16 H24 N2 O3 S",324.15655,323.14927,6.499,19.8991719401854,20.3790680890676,19.680472266514,"MCI-associated increase"
"Com_2985_pos",-0.047690109258052,0.546749062021822,0.998421930371725,-0.276898818086123,0.152616759084523,0.97424634381184,-0.79896611510002,0.538953368018675,0.99927870700711,-0.522067297013897,0.0309013625855143,0.731469721647179,"N-Acetyl-L-histidine","C8 H11 N3 O3",197.08094,198.08822,4.877,20.7416344177101,21.595502409535,20.5992728075892,"MCI-associated increase"
"Com_13835_pos",0.0476074443980081,0.547445139970449,0.998421930371725,-0.176014185565317,0.286680883672415,0.97424634381184,0.0185449560372247,0.49425979693919,0.99927870700711,0.194559141602542,0.118860319305323,0.914281594941658,"N-Acetyl-D-galactosamine","C8 H15 N O6",221.09087,222.09816,1.386,24.5186697156201,24.3178451422435,24.598930625876,"MCI-associated decrease"
"Com_40034_pos",0.0475398095125176,0.548014981080635,0.998421930371725,-0.297777235667395,0.0494496567087251,0.97424634381184,0.028137628093012,0.464519985104771,0.99927870700711,0.325914863760407,0.0148163921039563,0.696884579367964,"2-[(3S)-1-(Cyclohexylmethyl)-3-pyrrolidinyl]-5-methyl-1H-benzimidazole","C19 H27 N3",319.20106,320.20833,5.479,19.9805409518143,19.7554284338624,20.016501118967,"MCI-associated decrease"
"Com_25091_neg",0.0475322945252409,0.548078314679443,0.998421930371725,0.0307422620158924,0.806948197205095,0.998265352641438,0.315606853681165,0.535444832744567,0.99927870700711,0.284864591665273,0.802087812429697,0.983085864031817,"L-Ornithine","C5 H12 N2 O2",132.08965,131.08237,1.32,21.5045632526643,21.6732110363409,21.6101468910317,"MCI-associated increase"
"Com_4323_neg",0.0475097495634107,0.548268336970233,0.998421930371725,-1.03842425999681,0.883432787149406,0.998265352641438,-0.094312770115727,0.542473388799115,0.99927870700711,0.94411148988108,0.469011435239911,0.952814429510526,"Epitestosterone glucuronide","C25 H36 O8",464.24353,463.23625,6.431,26.1114344071893,26.4118741749665,26.7779668233574,"Monotonic increase"
"Com_8351_pos",-0.0474120547288134,0.549092139249783,0.998421930371725,0.0628825783393208,0.862899385969575,0.998265352641438,-0.0928213333931368,0.504394723804849,0.99927870700711,-0.155703911732458,0.553982474057716,0.955117225188735,"2-[(3S)-1-(3,4-Difluorobenzyl)-3-pyrrolidinyl]-1,3-benzoxazole","C18 H16 F2 N2 O",297.10225,315.13589,5.902,24.4517151711859,24.5233391924386,24.5144496454611,"MCI-associated increase"
"Com_15732_pos",-0.0473895097669833,0.549282333339909,0.998421930371725,-0.162208348849548,0.572979794288714,0.97424634381184,-0.0882164226157551,0.563831159299138,0.99927870700711,0.0739919262337929,1,1,"HMH","C17 H25 N7 O4 S",423.17102,424.1783,6.319,24.1958532040578,24.0987395221949,23.9945083912193,"Monotonic decrease"
"Com_5806_pos",-0.0472692699705558,0.550297245078643,0.998421930371725,-0.192225334135877,0.198098243217699,0.97424634381184,0.0700463715663227,0.589249328318874,0.99927870700711,0.262271705702199,0.477602645895932,0.952814429510526,"3-(2,4-dichloroanilino)-1-(4-methoxyphenyl)prop-2-en-1-one","C16 H13 Cl2 N O2",321.03295,322.04023,3.254,22.6803842247586,22.2200972060033,22.2400859599742,"MCI-associated decrease"
"Com_5952_pos",-0.047261754983279,0.550360707420992,0.998421930371725,-0.42252228467765,0.0423709700232406,0.97424634381184,0.0318815692478639,0.571039375898163,0.99927870700711,0.454403853925514,0.106251320946045,0.914281594941658,"4-morpholinobenzoic acid","C11 H13 N O3",207.08833,208.09561,5.694,19.3863002105127,17.4541605222978,18.3099577569751,"MCI-associated decrease"
"Com_2784_pos",0.0471715751359584,0.551122533836316,0.998421930371725,-0.382306619159728,0.868024619498063,0.998265352641438,-0.295299790223642,0.549547636709156,0.99927870700711,0.0870068289360857,0.44791214309302,0.952814429510526,"Cnidioside A","C17 H20 O9",390.09498,391.1022,5.48,13.5299694897325,13.4688973538746,13.789877696919,"MCI-associated decrease"
"Com_9432_pos",-0.0471264852122981,0.551503639591619,0.998421930371725,0.300300168041562,0.551007934514627,0.97424634381184,-0.197484189587593,0.549547636709156,0.99927870700711,-0.497784357629155,0.215232482238929,0.926123611056224,"2-{[(3-eth-1-ynylphenyl)imino]methyl}-4-nitrophenol","C15 H10 N2 O3",266.06794,267.07522,5.739,24.1004860364433,24.4809180972574,24.210424696587,"MCI-associated increase"
"Com_1462_neg",0.0470738803013611,0.551948425071538,0.998421930371725,-0.430297337797983,0.992201123863709,0.998265352641438,-0.162975121334732,0.553101736632008,0.99927870700711,0.267322216463251,0.572785775880501,0.955117225188735,"N-(4-bromo-1-methyl-1H-pyrazol-5-yl)-2,2-dimethylpropanamide","C9 H14 Br N3 O",518.05815,258.0218,5.264,22.3916431155076,22.6226949066793,22.5604618557979,"MCI-associated increase"
"Com_3398_neg",0.0470588503268077,0.552075538684018,0.998421930371725,-0.0363200029781447,0.451663871524026,0.97424634381184,0.0720376269336102,0.497625956846386,0.99927870700711,0.108357629911755,0.231099692092127,0.926123611056224,"N-Acetylneuraminic acid","C11 H19 N O9",309.10766,308.10036,1.34,27.9210296401749,27.7048418477754,27.9912355008145,"MCI-associated decrease"
"Com_4448_neg",0.0470212753904241,0.552393384998077,0.998421930371725,0.023386732913457,0.966214434568411,0.998265352641438,2.19360039072748,0.546004832755873,0.99927870700711,2.17021365781403,0.549329305837179,0.955117225188735,"3-(4-chloroanilino)-2-(isopropylsulfonyl)acrylonitrile","C12 H13 Cl N2 O2 S",284.03703,283.02976,5.026,11.4345483035123,11.5493006435925,11.6190485134481,"Monotonic increase"
"Com_27662_pos",-0.0469837004540405,0.552711320250465,0.998421930371725,0.0205347237902972,0.945449564887883,0.998265352641438,0.0191050234845186,0.549547636709156,0.99927870700711,-0.00142970030577863,0.521821734292681,0.952814429510526,"9-Aminoacridine","C13 H10 N2",194.08508,195.09236,5.915,20.8216182343828,20.7936401347506,20.4217790937125,"Monotonic decrease"
"Com_6371_neg",-0.0469461255176569,0.553029344394651,0.998421930371725,-0.0915110027068951,0.873155405707105,0.998265352641438,0.46880975379209,0.553101736632008,0.99927870700711,0.560320756498985,0.696615093107947,0.975261360435008,"L-Cystine","C6 H12 N2 O4 S2",240.02511,239.01783,1.238,22.9126457122116,22.7906717243782,22.6959856098196,"Monotonic decrease"
"Com_4064_pos",0.046863460657613,0.553729310181359,0.998421930371725,0.00651273755388309,0.827195887797856,0.998265352641438,0.0636216982040121,0.553101736632008,0.99927870700711,0.057108960650129,0.748763745418092,0.975261360435008,"2-Phenylacetamide","C8 H9 N O",135.06899,136.07626,6.163,27.6117128937975,27.6623930048947,27.6586265578078,"MCI-associated increase"
"Com_48912_pos",0.0465778911410977,0.556150675441746,0.998421930371725,-0.1182567384543,0.786829057503247,0.998265352641438,-0.0311115805479619,0.5602435640593,0.99927870700711,0.0871451579063384,0.372829509623318,0.952814429510526,"cis-7-Hexadecenoic Acid","C16 H30 O2",254.2256,237.22234,7.422,19.8027068191231,19.8310371755639,19.8805393643397,"Monotonic increase"
"Com_34119_pos",0.0465478311919908,0.556405853330403,0.998421930371725,0.548060207956484,0.162182920032768,0.97424634381184,0.897944030540914,0.637804046707695,0.99927870700711,0.34988382258443,0.495040349092113,0.952814429510526,"16,16-Dimethyl prostaglandin A2","C22 H34 O4",384.22785,385.23512,4.848,18.8830925384719,19.0914525116959,19.0151345161068,"MCI-associated increase"
"Com_42577_pos",0.0463674714973496,0.557938107216618,0.998421930371725,0.0104361923943553,0.707888874002243,0.987537281854498,0.0250941462252572,0.531947844454493,0.99927870700711,0.0146579538309017,0.376575631556324,0.952814429510526,"Docosapentaenoic acid","C22 H34 O2",330.25721,331.26449,7.855,19.4576075346897,19.4302205625619,19.633495223036,"MCI-associated decrease"
"Com_23580_neg",-0.0463449265355195,0.558129781816265,0.998421930371725,-0.284910310361085,0.21446766914769,0.97424634381184,0.00947401632495938,0.574659859988745,0.99927870700711,0.294384326686045,0.44791214309302,0.952814429510526,"N1-[1-[(4-fluoroanilino)carbonyl]-2-(2-thienyl)vinyl]benzamide","C20 H15 F N2 O2 S",366.08214,365.07486,1.473,22.0988401320995,21.5263972464466,21.7847998656037,"MCI-associated decrease"
"Com_45104_pos",0.0463073515991359,0.558449309951546,0.998421930371725,-0.262587028557364,0.650628184064169,0.978176760105966,-0.409536516889968,0.589249328318874,0.99927870700711,-0.146949488332604,0.861818525982919,0.987763710173379,"1-[1,1'-biphenyl]-4-yl-2-(2-methyl-4-nitro-1H-imidazol-1-yl)-1-ethanol","C18 H17 N3 O3",345.10723,346.1145,4.682,17.3160247300571,17.1443365736637,17.3729770133651,"MCI-associated decrease"
"Com_3693_pos",0.0461946267899851,0.559408422439457,0.998421930371725,0.778433442424627,0.568552333025136,0.97424634381184,0.51415555242226,0.563831159299138,0.99927870700711,-0.264277890002367,0.955581507321733,1,"Homo-Gamma-Linolenic Acid (C20:3)","C20 H34 O2",306.25719,307.26446,6.614,21.4345607820524,21.8326977388542,21.5177672976332,"MCI-associated increase"
"Com_13248_pos",-0.0461119619299412,0.560112274472972,0.998421930371725,-0.677165865551906,0.0883739620238085,0.97424634381184,0.531119926959891,0.581933230381704,0.99927870700711,1.2082857925118,0.207599964624195,0.926123611056224,"1,5-dimethyl-N-(4-morpholinobenzyl)-1H-pyrazole-3-carboxamide","C17 H22 N4 O2",314.17166,315.17894,1.622,14.1202594635588,12.5820498138698,13.4027267358365,"MCI-associated decrease"
"Com_12240_pos",0.0459917221335137,0.561136817683368,0.998421930371725,-0.1731892187052,0.463500610105271,0.97424634381184,0.121459501810501,0.514638199527104,0.99927870700711,0.294648720515701,0.231099692092127,0.926123611056224,"All trans retinal","C20 H28 O",284.21422,285.22206,6.147,23.7779315400493,23.9346721143505,24.0220572176087,"Monotonic increase"
"Com_4826_pos",-0.0459616621844069,0.561393093778631,0.998421930371725,0.326026542673564,0.683806102897537,0.98465888858239,-0.0155293704022729,0.563831159299138,0.99927870700711,-0.341555913075837,0.302806524686605,0.947377138639377,"cis-4-Hydroxy-D-proline","C5 H9 N O3",131.05888,132.06615,4.841,23.8641032936878,23.9627726367277,23.852830145805,"MCI-associated increase"
"Com_5005_neg",-0.0459015422861931,0.561905814148582,0.998421930371725,-0.0279957110948009,0.525200934142181,0.97424634381184,-0.0294137716179908,0.596607571913131,0.99927870700711,-0.00141806052318986,0.988889993758403,1,"4-Nitrophenol","C6 H5 N O3",139.0265,138.01922,0.196,27.4925963405021,27.4852223835936,27.4887069193342,"MCI-associated decrease"
"Com_35066_pos",0.0458564523625328,0.562290501486246,0.998421930371725,0.0234277887550746,0.801905857583837,0.998265352641438,0.0477887025501116,0.556667067653047,0.99927870700711,0.0243609137950368,0.411326283922083,0.952814429510526,"Meperidine-d5","C15 H16 [2]H5 N O2",252.18857,253.19585,6.966,21.8039203490421,21.762022429549,21.9011898810708,"MCI-associated decrease"
"Com_27635_pos",-0.0458414223879794,0.562418758593861,0.998421930371725,0.371728809942863,0.212071246797705,0.97424634381184,-0.845624563811708,0.518076560725497,0.99927870700711,-1.21735337375457,0.0746886588152774,0.867791165027521,"MPH","C16 H25 N5 O4 S",383.1595,384.16677,4.898,17.4726626390213,18.0650001279996,17.692654925569,"MCI-associated increase"
"Com_37771_neg",0.0457963324643191,0.562803613858767,0.998421930371725,0.0584935147815443,0.595358868812575,0.97424634381184,0.141967555767475,0.589249328318874,0.99927870700711,0.0834740409859309,0.95003605531247,1,"4-Hydroxy-L-Glutamic Acid","C5 H9 N O5",163.048,162.04096,1.398,20.950274241928,21.0178762055562,20.8988084189532,"MCI-associated increase"
"Com_13584_neg",-0.0457286975788286,0.563381132695733,0.998421930371725,-0.38609165950158,0.0646893482723071,0.97424634381184,0.455239326973961,0.63022497386624,0.99927870700711,0.84133098647554,0.210122011809528,0.926123611056224,"2-morpholino-N-[5-(2-thienyl)-1,3,4-thiadiazol-2-yl]acetamide","C12 H14 N4 O2 S2",310.05448,309.04718,1.394,18.4008058124957,17.9647208789825,18.028891757081,"MCI-associated decrease"
"Com_14682_pos",-0.0457211825915519,0.563445318922117,0.998421930371725,0.015869010591362,0.747027193565412,0.992345641070078,-0.189774547862644,0.581933230381704,0.99927870700711,-0.205643558454006,0.791340132646549,0.982684488895692,"indoline-2-carboxylic acid","C9 H9 N O2",163.06395,164.07127,4.835,22.5718004336993,22.6058889924681,22.5662646063671,"MCI-associated increase"
"Com_2089_neg",0.0456084577824011,0.564408531132637,0.998421930371725,1.64548567448673,0.919547147740815,0.998265352641438,0.803327448026907,0.542473388799115,0.99927870700711,-0.842158226459825,0.558654854496645,0.955117225188735,"Quercetin-3β-D-glucoside","C21 H20 O12",464.09833,463.0912,5.579,15.7389891368743,15.691396110811,15.8562629151046,"MCI-associated decrease"
"Com_1348_pos",-0.0455408228969106,0.5649868350438,0.998421930371725,-0.362555455696855,0.28374360866671,0.97424634381184,-0.126248410670247,0.57829116838231,0.99927870700711,0.236307045026608,0.553982474057716,0.955117225188735,"5-Hydroxyindole-3-acetic acid","C10 H9 N O3",191.05911,192.06638,5.225,27.1003924356015,26.9263772394182,27.0251998879185,"MCI-associated decrease"
"Com_37418_pos",-0.0455333079096339,0.56505110845226,0.998421930371725,-0.0920574140602393,0.0998892958262463,0.97424634381184,-0.00399636908514026,0.611448104055634,0.99927870700711,0.0880610449750991,0.268285350063351,0.933435970527006,"cyclohexyl{4-[4-nitro-2-(1H-pyrrol-1-yl)phenyl]piperazino}methanone","C21 H26 N4 O3",404.18323,405.19051,6.922,20.6432281011531,20.3536414719616,20.5444145830633,"MCI-associated decrease"
"Com_36059_neg",0.0455182779350805,0.565179665715515,0.998421930371725,0.0231309848176441,0.961020516526437,0.998265352641438,-0.0623107589026764,0.542473388799115,0.99927870700711,-0.0854417437203206,0.601545587417017,0.955684897603873,"6,7-bis(2-methoxyethoxy)quinazolin-4(3H)-one","C14 H18 N2 O5",294.12405,293.11698,6.137,20.2312140636905,20.3901118878671,20.3345374146896,"MCI-associated increase"
"Com_6180_pos",0.0455032479605271,0.565308236904632,0.998421930371725,0.0507740172031907,0.581883464284275,0.97424634381184,0.0495361283456795,0.5602435640593,0.99927870700711,-0.00123788885751109,0.247780744473925,0.926123611056224,"Dehydroepiandrosterone (DHEA)","C19 H28 O2",270.19945,271.20674,6.303,25.1853995639385,24.9306220221499,25.1591138876477,"MCI-associated decrease"
"Com_14195_neg",-0.0454431280623133,0.565822660857492,0.998421930371725,0.255952303554233,0.301674511904216,0.97424634381184,-0.177474664580887,0.538953368018675,0.99927870700711,-0.433426968135119,0.107766897799477,0.914281594941658,"(±)9(10)-EpOME","C18 H32 O3",342.24254,341.23518,6.235,22.4545024887552,22.8483381142261,22.2225933498845,"MCI-associated increase"
"Com_43281_pos",-0.045345433227716,0.566659074381152,0.998421930371725,0.0510028795656926,0.182661975518951,0.97424634381184,0.0557077343888971,0.49425979693919,0.99927870700711,0.00470485482320445,0.0793411014678265,0.879165798352739,"Chalcone","C15 H12 O",208.0905,209.09778,6.847,22.894867764372,22.9274662011412,22.8394991825512,"MCI-associated increase"
"Com_48718_pos",-0.0453153732786091,0.566916550493407,0.998421930371725,-0.341091845957003,0.0715793780791246,0.97424634381184,0.0848611948233569,0.585585974470941,0.99927870700711,0.425953040780361,0.163777763374728,0.926123611056224,"dihydrotachysterol","C28 H46 O",398.35295,399.36023,8.911,19.6563376438327,18.7164125097122,19.5228798819591,"MCI-associated decrease"
"Com_227_neg",0.0452702833549488,0.567302868782249,0.998421930371725,0.0452531403421246,0.56414129164058,0.97424634381184,4.30874577661661,0.57829116838231,0.99927870700711,4.26349263627448,0.96112911025941,1,"β-Naphthoxyacetic Acid","C12 H10 O3",156.05828,201.0565,5.385,14.7784150489428,15.0887985058386,15.043565059925,"MCI-associated increase"
"Com_4869_pos",0.0452702833549488,0.567302868782249,0.998421930371725,0.201007441488098,0.520960693859334,0.97424634381184,2.01189451259253,0.549547636709156,0.99927870700711,1.81088707110443,0.228398975418956,0.926123611056224,"Enalaprilat","C18 H24 N2 O5",348.16984,349.17701,5.552,21.3843123839698,20.9681656825039,21.3565372930382,"MCI-associated decrease"
"Com_4551_pos",-0.0452627683676721,0.56736726730609,0.998421930371725,-0.736253253274863,0.417198243615752,0.97424634381184,-0.220229664703001,0.567429785985325,0.99927870700711,0.516023588571861,0.722528284052316,0.975261360435008,"6,6-dimethyl-4-piperidino-5,6-dihydro-2H-thiine-2-thione","C12 H19 N S2",241.09433,242.10161,2.642,23.2484397844969,22.48771603517,22.8240372580721,"MCI-associated decrease"
"Com_16363_pos",-0.0452477383931186,0.567496074757997,0.998421930371725,-0.796671394705712,0.11257086953519,0.97424634381184,-1.91920625181861,0.571039375898163,0.99927870700711,-1.12253485711289,0.225720812569721,0.926123611056224,"N1-piperidinocarbonyl-4-methylbenzene-1-sulfonamide","C13 H18 N2 O3 S",282.10147,283.10875,6.163,19.41044075827,19.0702500314749,19.2164792157907,"MCI-associated decrease"
"Com_12686_pos",0.0451951334821816,0.567947010042882,0.998421930371725,0.0460695891203224,0.359900892115652,0.97424634381184,0.0618971743151938,0.585585974470941,0.99927870700711,0.0158275851948712,0.686346148385175,0.975261360435008,"Stiripentol","C14 H18 O3",216.11616,217.12344,6.088,25.1145141692279,25.3269929507336,25.1944916956623,"MCI-associated increase"
"Com_17383_neg",0.0451801035076282,0.568075879883694,0.998421930371725,-0.0546767801338399,0.664767431803053,0.978405986285098,-0.0604682906873043,0.542473388799115,0.99927870700711,-0.00579151055346441,0.972229695919683,1,"N,N-Dimethylarginine","C8 H18 N4 O2",202.14363,201.13635,1.353,24.2244898064588,24.3999019420674,24.2981069955256,"MCI-associated increase"
"Com_21008_pos",-0.0451725885203515,0.568140320000138,0.998421930371725,-0.346059434838232,0.103983406972869,0.97424634381184,-0.165272213215847,0.556667067653047,0.99927870700711,0.180787221622385,0.188210458967053,0.926123611056224,"TQH","C15 H24 N6 O6",384.17313,385.1804,10.653,21.7307304598082,21.0135445234215,21.478474260539,"MCI-associated decrease"
"Com_53994_pos",-0.0449471389020499,0.570075132255143,0.998421930371725,-0.336037797161103,0.24475766123775,0.97424634381184,-0.218765006177923,0.553101736632008,0.99927870700711,0.11727279098318,0.411326283922083,0.952814429510526,"(4-methoxyphenyl)(4-phenyl-3-quinolinyl)methanone","C23 H17 N O2",339.12748,340.13475,6.384,17.4723706510678,17.3201493757303,17.5372194897892,"MCI-associated decrease"
"Com_22535_neg",0.0447742941946854,0.571560592682579,0.998421930371725,0.448124736966598,0.377251420655644,0.97424634381184,-0.144871985761411,0.511211736152497,0.99927870700711,-0.592996722728008,0.1953187314659,0.926123611056224,"4-Methylumbelliferyl glucuronide","C16 H16 O9",352.08094,351.07366,5.263,19.8813472950082,19.9912375544659,20.1265367021289,"Monotonic increase"
"Com_32084_pos",0.0447742941946854,0.571560592682579,0.998421930371725,0.566419558291718,0.842458195298763,0.998265352641438,0.638147432437101,0.528462463771437,0.99927870700711,0.0717278741453829,0.549329305837179,0.955117225188735,"2,4-dichlorobenzaldehyde 1-methyl-1-(6-methylpyridazin-3-yl)hydrazone","C13 H12 Cl2 N4",331.99556,333.00284,5.064,19.3266579937235,19.5441773552584,19.4041146975735,"MCI-associated increase"
"Com_36471_pos",-0.044759264220132,0.571689849288611,0.998421930371725,-0.104254391984094,0.314038811796066,0.97424634381184,0.0715511628129606,0.63022497386624,0.99927870700711,0.175805554797054,0.722528284052316,0.975261360435008,"Hexadecanamide","C16 H33 N O",255.25764,256.26492,10.471,23.3385370953565,22.5574428196052,23.2683436662308,"MCI-associated decrease"
"Com_5936_neg",0.044706659309195,0.572142355805444,0.998421930371725,0.151579462000346,0.776821692720023,0.998265352641438,0.14759730510743,0.61518363328602,0.99927870700711,-0.0039821568929169,0.696615093107947,0.975261360435008,"5-Aminolevulinic acid","C5 H9 N O3",131.05781,130.05053,2.186,26.8686244131207,26.8763834889179,27.074426847913,"Monotonic increase"
"Com_11855_pos",0.0446991443219182,0.572207013352804,0.998421930371725,0.0429124144799124,0.791846088302126,0.998265352641438,0.753234122851891,0.528462463771437,0.99927870700711,0.710321708371978,0.503885099508908,0.952814429510526,"Monocrotaline","C16 H23 N O6",325.15425,326.16152,5.691,21.6143633611089,21.7641529343533,21.7763038336887,"Monotonic increase"
"Com_13667_pos",0.044571389538214,0.573306717441751,0.998421930371725,0.212644280453708,0.847559111655553,0.998265352641438,0.539487647582051,0.556667067653047,0.99927870700711,0.326843367128344,0.796709153380386,0.982684488895692,"N1-(4-pyridylmethyl)-2-cyano-3-(1H-pyrrol-2-yl)acrylamide","C14 H12 N4 O",252.10152,253.10887,5.304,22.6620504394384,22.6155296191381,22.6975476036647,"MCI-associated decrease"
"Com_11356_pos",0.0445413295891072,0.57356561555517,0.998421930371725,-0.144582352460843,0.451663871524026,0.97424634381184,0.0342187795590475,0.549547636709156,0.99927870700711,0.17880113201989,0.1953187314659,0.926123611056224,"MKK","C17 H35 N5 O4 S",387.22539,388.23267,5.479,22.2338325110992,21.9738480427193,22.3041144641902,"MCI-associated decrease"
"Com_14606_neg",-0.0443985448308495,0.574796130667123,0.998421930371725,-0.749380805792083,0.83227637630576,0.998265352641438,0.0919759180666082,0.556667067653047,0.99927870700711,0.841356723858691,0.477602645895932,0.952814429510526,"3-(methylsulfanyl)-5H-[1,2,4]triazino[5,6-b]indole","C10 H8 N4 S",216.04675,215.03947,3.93,20.1217423692528,20.1676149686057,20.0382804020158,"MCI-associated increase"
"Com_17516_pos",-0.0443534549071892,0.575184971215573,0.998421930371725,0.0729904368058007,0.491780290625231,0.97424634381184,-0.181086188263551,0.574659859988745,0.99927870700711,-0.254076625069352,0.818279173936408,0.983773838328041,"Bicyclo Prostaglandin E2","C20 H30 O4",356.19627,357.20318,5.561,20.3541608593195,20.2101491520939,20.1934690148748,"Monotonic decrease"
"Com_19850_pos",0.0443083649835289,0.575573934892788,0.998421930371725,-0.208881900070098,0.572979794288714,0.97424634381184,1.14047246268591,0.549547636709156,0.99927870700711,1.34935436275601,0.283626664441751,0.942486120971035,"Coumestrol","C15 H8 O5",268.03846,269.04578,6.229,18.922427223731,18.7010309257134,18.9304953104678,"MCI-associated decrease"
"Com_10349_pos",-0.0443008499962522,0.575638774137086,0.998421930371725,-0.0105664194502539,0.66004076709954,0.978176760105966,-0.0609602270894788,0.607722655770903,0.99927870700711,-0.0503938076392249,0.867293463278401,0.987763710173379,"4-cyclopropyl-6-methoxy-1,3,5-triazin-2-amine","C7 H10 N4 O",166.08617,167.09355,1.401,24.5789969347672,24.315362987418,24.5247022578863,"MCI-associated decrease"
"Com_46604_pos",0.0442482450853152,0.576092744512781,0.998421930371725,0.345250357732509,0.0152092249848711,0.97424634381184,0.167454855370199,0.653075680723815,0.99927870700711,-0.177795502362311,0.0591862351519896,0.85216222452694,"4-(4-methoxyphenyl)-2-(methylthio)pyrimidine","C12 H12 N2 O S",254.04791,255.05519,6.509,15.6288515846219,16.1061786636221,15.7555521001572,"MCI-associated increase"
"Com_8587_pos",-0.0441430352634411,0.577001187074741,0.998421930371725,-0.0942949251631932,0.301674511904216,0.97424634381184,0.0385165924042999,0.653075680723815,0.99927870700711,0.132811517567493,0.743492207683456,0.975261360435008,"N-Acetylputrescine","C6 H14 N2 O",130.11132,114.09207,4.824,23.7026998628968,23.6076164087709,23.6204652566666,"MCI-associated decrease"
"Com_11697_neg",-0.0441129753143342,0.57726086486394,0.998421930371725,0.0993864572102847,0.645942585778995,0.978176760105966,-0.41938440379362,0.563831159299138,0.99927870700711,-0.518770861003905,0.977782141497144,1,"Alanyltyrosine","C12 H16 N2 O4",252.11205,251.10476,5.235,19.9788593231683,19.997716635172,19.9663009292919,"MCI-associated increase"
"Com_19144_pos",-0.0440979453397808,0.577390724204319,0.998421930371725,-0.011536474308512,0.857779916506537,0.998265352641438,-0.130204789737893,0.5602435640593,0.99927870700711,-0.118668315429381,0.791340132646549,0.982684488895692,"N'1-[1-(2-hydroxyphenyl)ethylidene]-3-methoxybenzene-1-carbohydrazide","C16 H16 N2 O3",284.11769,285.12493,5.411,23.1845414375498,23.0566518182162,23.0491073751616,"Monotonic decrease"
"Com_23920_neg",0.0440678853906739,0.57765048376046,0.998421930371725,0.0539560206453533,0.520960693859334,0.97424634381184,-0.0491673691835591,0.542473388799115,0.99927870700711,-0.103123389828912,0.748763745418092,0.975261360435008,"2'-Deoxyinosine","C10 H12 N4 O4",252.08561,251.07834,2.305,20.7071270619521,20.9632841160017,20.6178161243726,"MCI-associated increase"
"Com_329_pos",-0.0440152804797369,0.578105194058136,0.998421930371725,7.2932531670074,0.447756614378861,0.97424634381184,-0.134723943696995,0.511211736152497,0.99927870700711,-7.4279771107044,0.262311436661922,0.926123611056224,"GPH","C13 H19 N5 O4",347.09768,348.10496,4.877,7.3560251818847,7.34978988253748,7.47242773405256,"MCI-associated decrease"
"Com_46481_pos",0.04398522053063,0.578365103369107,0.998421930371725,-0.517168339524094,0.301674511904216,0.97424634381184,0.14637308985766,0.518076560725497,0.99927870700711,0.663541429381754,0.145630704444966,0.926123611056224,"2-Arachidonyl Glycerol ether","C23 H40 O3",364.29744,365.30472,10.513,12.5714096138929,12.2099901155358,12.7958273892175,"MCI-associated decrease"
"Com_42111_neg",-0.0439251006324163,0.578885085188225,0.998421930371725,-0.0169215372989114,0.781820860064895,0.998265352641438,-0.667070885095745,0.626449915686637,0.99927870700711,-0.650149347796834,0.686346148385175,0.975261360435008,"diethyl 1-(2,3,4,5,6-pentamethylphenyl)hydrazine-1,2-dicarboxylate","C17 H26 N2 O4",322.18367,321.17639,9.022,17.5253149801204,17.5207606559817,17.508769960221,"Monotonic decrease"
"Com_38678_neg",0.0438424357723724,0.579600415158277,0.998421930371725,-0.249917971780227,0.940263580611887,0.998265352641438,-0.139618909716178,0.553101736632008,0.99927870700711,0.110299062064049,0.732985348847199,0.975261360435008,"TPP","C12 H19 Cl N4 O7 P2 S",460.01381,459.00653,5.075,17.9627189721724,17.9996166144005,18.0699335387366,"Monotonic increase"
"Com_3379_pos",-0.0438274057978189,0.579730519274655,0.998421930371725,-0.125170094599317,0.62734180456669,0.97424634381184,-0.0317180165040864,0.571039375898163,0.99927870700711,0.0934520780952304,0.966678595943814,1,"trans-Cinnamaldehyde","C9 H8 O",132.05831,133.06555,5.597,26.5591910284231,26.3960729346305,26.2615581536959,"Monotonic decrease"
"Com_12584_pos",-0.0437522559250518,0.580381243308565,0.998421930371725,0.179891599544346,0.771831751080673,0.998265352641438,-0.0267152579082799,0.571039375898163,0.99927870700711,-0.206606857452626,0.867293463278401,0.987763710173379,"1H-indene-3-carboxamide","C10 H9 N O",159.0692,160.07648,5.036,23.6561042210247,23.3983767805158,23.4905461869878,"MCI-associated decrease"
"Com_246_pos",-0.0437221959759449,0.58064162780556,0.998421930371725,-0.615222693463225,0.873155405707105,0.998265352641438,-0.708921193952772,0.585585974470941,0.99927870700711,-0.0936985004895476,0.712122795096669,0.975261360435008,"P-Aminohippuric Acid","C9 H10 N2 O3",194.07009,195.07737,5.014,25.7251406081501,25.6984710638276,25.7592597101686,"MCI-associated decrease"
"Com_13725_pos",0.0436545610904544,0.581227690979428,0.998421930371725,0.374227025213086,0.727369125215803,0.988298366959884,0.0861912309100519,0.57829116838231,0.99927870700711,-0.288035794303034,0.900267843658807,0.994037609026979,"11-Oxoetiocholanolone","C19 H28 O3",286.19444,287.2018,6.365,23.5191576592527,23.4859638497956,23.5147641148087,"MCI-associated decrease"
"Com_14255_pos",-0.0436320161286243,0.581423106271696,0.998421930371725,-0.290522192972539,0.260979641885628,0.97424634381184,-0.165635323542469,0.585585974470941,0.99927870700711,0.12488686943007,0.477602645895932,0.952814429510526,"Noroxycodone-d3","C17 H16 [2]H3 N O4",304.15166,305.15894,10.935,22.7299372877521,22.7138302903127,22.7173525930371,"MCI-associated decrease"
"Com_11583_pos",-0.0436094711667941,0.581618551996057,0.998421930371725,0.215397181304759,0.172194775999651,0.97424634381184,-0.0260537025429904,0.514638199527104,0.99927870700711,-0.241450883847749,0.072447398688488,0.867791165027521,"Octyl hydrogen phthalate","C16 H22 O4",278.15161,279.15889,6.569,24.0637032922533,24.1577948860234,23.9718689961674,"MCI-associated increase"
"Com_1151_pos",-0.0435643812431338,0.582009534696853,0.998421930371725,0.344538196494405,0.417198243615752,0.97424634381184,-0.413592716977478,0.553101736632008,0.99927870700711,-0.758130913471883,0.183578808289727,0.926123611056224,"1-Methyluric acid","C6 H6 N4 O3",182.04477,183.05205,3.949,24.6745020067842,25.7759568290785,25.0135472108436,"MCI-associated increase"
"Com_1005_pos",-0.0435192913194735,0.58240063899335,0.998421930371725,0.413644027610436,0.310916922557213,0.97424634381184,0.251979784404018,0.535444832744567,0.99927870700711,-0.161664243206418,0.138077374847788,0.926123611056224,"3-Methoxycinnamic acid","C10 H10 O3",160.05323,161.06051,5.673,24.3530438675867,24.533524285226,24.1838369296543,"MCI-associated increase"
"Com_6595_pos",-0.0434967463576434,0.582596236712307,0.998421930371725,0.266916457114464,0.247411016969101,0.97424634381184,0.370307019900149,0.538953368018675,0.99927870700711,0.103390562785685,0.0975096563427624,0.914281594941658,"16α-Hydroxyestrone","C18 H22 O3",286.15802,287.16535,5.756,22.4186161355008,22.504682167361,22.3168139434035,"MCI-associated increase"
"Com_3309_neg",0.0434516564339831,0.582987523236235,0.998421930371725,-0.0583009099968529,0.898885180907176,0.998265352641438,0.108310472062602,0.553101736632008,0.99927870700711,0.166611382059455,0.577533499716926,0.955117225188735,"Salicyluric acid","C9 H9 N O4",195.05394,194.04666,6.548,25.9790077574582,26.0583264114678,26.1876799537072,"Monotonic increase"
"Com_19548_neg",0.0434366264594296,0.583117979053944,0.998421930371725,0.874101901494122,0.451663871524026,0.97424634381184,0.292996794490587,0.504394723804849,0.99927870700711,-0.581105107003534,0.289926386877085,0.946090802750678,"7-hydroxy-3-phenyl-4H-chromen-4-one","C15 H10 O3",238.06482,237.05691,5.946,20.1697434597513,19.856335077305,20.2723080698302,"MCI-associated decrease"
"Com_26224_pos",-0.0434215964848762,0.583248448354373,0.998421930371725,0.0652861754245424,0.645942585778995,0.978176760105966,0.0861250816571,0.535444832744567,0.99927870700711,0.0208389062325578,0.861818525982919,0.987763710173379,"Alachlor","C14 H20 Cl N O2",269.11814,270.12542,5.499,20.2754123648385,19.8971203284383,20.2410766730016,"MCI-associated decrease"
"Com_3217_pos",0.0434140814975995,0.583313688059577,0.998421930371725,1.18652630914631,0.4209494251512,0.97424634381184,-0.322058129637797,0.556667067653047,0.99927870700711,-1.50858443878411,0.183578808289727,0.926123611056224,"QMH","C16 H26 N6 O5 S",436.15032,437.15762,5.412,21.6179824685184,21.533145520947,21.8600885442683,"MCI-associated decrease"
"Com_17005_pos",-0.0433765065612159,0.58363993711906,0.998421930371725,-0.337341976359301,0.581883464284275,0.97424634381184,-0.555137794755327,0.571039375898163,0.99927870700711,-0.217795818396026,0.271307090498971,0.933435970527006,"13,14-dihydro-15-keto-tetranor Prostaglandin E2","C16 H26 O5",320.16149,321.16877,6.755,21.3924041241315,21.5189445576017,21.0902511035028,"MCI-associated increase"
"Com_804_neg",0.0432036618538514,0.585141766294893,0.998421930371725,0.0565181542727252,0.641270993617746,0.977435844972917,0.0953019188199449,0.645421174111275,0.99927870700711,0.03878376454722,0.818279173936408,0.983773838328041,"D-Ribose","C5 H10 O5",150.05287,149.04547,1.36,29.3680246939106,29.5365032632228,29.5078890238628,"MCI-associated increase"
"Com_36140_pos",-0.0431811168920212,0.585337788122262,0.998421930371725,-0.0314480386287188,0.636613563487546,0.975199016366034,-0.0318574366347002,0.585585974470941,0.99927870700711,-0.000409398005981444,1,1,"Eicosapentaenoic acid","C20 H30 O2",308.23611,309.24339,7.252,20.5223218379718,20.5671149069283,20.4933301638524,"MCI-associated increase"
"Com_10515_pos",0.0431435419556376,0.585664558295412,0.998421930371725,1.40690404605495,0.504177753142834,0.97424634381184,0.713424465871142,0.641607895520296,0.99927870700711,-0.693479580183806,0.994444862240747,1,"7-Ketolithocholic acid","C24 H38 O4",390.2786,391.28607,6.069,18.5946132236129,18.6344088194029,18.6449895158256,"Monotonic increase"
"Com_20059_pos",-0.0431360269683609,0.585729922395444,0.998421930371725,-0.326883591660185,0.935080128178475,0.998265352641438,-0.288180044272038,0.585585974470941,0.99927870700711,0.0387035473881463,0.535486518379526,0.955117225188735,"Spermidine","C7 H19 N3",145.15855,146.16583,1.042,18.8428316084414,18.9394246238494,18.6382622498426,"MCI-associated increase"
"Com_31789_neg",-0.0429631822609964,0.587234221606742,0.998421930371725,0.059382636109709,0.529458766137544,0.97424634381184,-0.0299646043046862,0.581933230381704,0.99927870700711,-0.0893472404143952,0.225720812569721,0.926123611056224,"trans-Petroselinic acid","C18 H34 O2",328.26211,327.25484,8.685,12.9653661809013,13.0653316207047,12.9318872937371,"MCI-associated increase"
"Com_2706_neg",-0.0429105773500594,0.587692403218858,0.998421930371725,-0.161118073710383,0.1012394706952,0.97424634381184,1.95006914199968,0.641607895520296,0.99927870700711,2.11118721571007,0.268285350063351,0.933435970527006,"Geranylgeranyl pyrophosphate","C20 H36 O7 P2",450.19195,449.18467,6.23,19.1948081365045,18.6573128830183,18.775298997126,"MCI-associated decrease"
"Com_2117_pos",0.0429030623627826,0.587757871105004,0.998421930371725,0.513970155327813,0.231790589673772,0.97424634381184,0.221890325476591,0.61518363328602,0.99927870700711,-0.292079829851222,0.477602645895932,0.952814429510526,"2-oxopiperidine-3-carbohydrazide","C6 H11 N3 O2",157.08589,158.09317,2.21,24.9347434845219,25.6541259581861,25.3299161239167,"MCI-associated increase"
"Com_13884_pos",0.0428429424645689,0.588281734445302,0.998421930371725,0.0223557165563049,0.483607107411269,0.97424634381184,0.154188059769203,0.585585974470941,0.99927870700711,0.131832343212899,0.785980992745559,0.982684488895692,"6-(7-methyloctyl)-1H,3H,4H,6H-furo[3,4-c]furan-1-one","C15 H24 O3",252.17376,253.181,6.813,23.4601351654542,23.5472699494678,23.4775917523556,"MCI-associated increase"
"Com_11325_pos",0.042760277604525,0.589002395309707,0.998421930371725,0.08160101390232,0.555368969487478,0.97424634381184,0.164082548781226,0.563831159299138,0.99927870700711,0.0824815348789067,0.812873068585294,0.983351253121837,"7α-Hydroxytestosterone","C19 H28 O3",304.20502,305.21233,6.484,24.3121507482556,24.5118509444716,24.4077887533408,"MCI-associated increase"
"Com_32791_pos",-0.0427452476299716,0.589133467907597,0.998421930371725,-0.281167374847653,0.275054380718831,0.97424634381184,-0.639264791838633,0.649243797688817,0.99927870700711,-0.35809741699098,0.0480056445075181,0.792126550507007,"5-chloro-6-(trifluoromethyl)-1,3-dihydro-2H-benzimidazole-2-thione","C8 H4 Cl F3 N2 S",251.96924,252.97652,4.841,18.9322264296456,19.7511023540183,19.1662611031634,"MCI-associated increase"
"Com_14458_pos",-0.0427302176554181,0.589264553835528,0.998421930371725,0.533712229984437,0.929899426345924,0.998265352641438,0.188667213396495,0.589249328318874,0.99927870700711,-0.345045016587942,0.676134783827214,0.973840329352538,"DL-Metanephrine","C10 H15 N O3",197.10596,198.11326,3.949,21.6544347025255,21.6574950257456,21.6084324607604,"MCI-associated increase"
"Com_29198_pos",0.0427151876808647,0.589395653090146,0.998421930371725,0.988611138508604,0.0566441747689289,0.97424634381184,-0.187360329330617,0.592923218782959,0.99927870700711,-1.17597146783922,0.109299540920766,0.914281594941658,"2-(2-oxo-2-{[2-(2-oxo-1-imidazolidinyl)ethyl]amino}ethoxy)acetic acid","C9 H15 N3 O5",245.10205,246.10933,6.196,19.3937414976746,19.6802635922153,19.5214906571403,"MCI-associated increase"
"Com_24133_pos",-0.0426625827699277,0.589854605380603,0.998421930371725,0.290587826947505,0.359900892115652,0.97424634381184,0.0656458568201619,0.649243797688817,0.99927870700711,-0.224941970127343,0.780631974791441,0.982684488895692,"methyl isoquinoline-3-carboxylate","C11 H9 N O2",170.03759,171.04482,5.991,20.3982629839647,20.3438817485884,20.3911657269218,"MCI-associated decrease"
"Com_5372_pos",0.0426250078335441,0.590182528290611,0.998421930371725,0.056222737667379,0.806948197205095,0.998265352641438,0.0988004149637659,0.581933230381704,0.99927870700711,0.0425776772963872,0.834548421874662,0.985419326780897,"4'-Methoxyacetophenone","C9 H10 O2",150.06885,151.07614,6.22,26.0979574215209,26.1690525874431,26.1862724402574,"Monotonic increase"
"Com_2200_pos",-0.0426174928462674,0.5902481228517,0.998421930371725,0.656390048575224,0.62734180456669,0.97424634381184,0.988530538315801,0.649243797688817,0.99927870700711,0.332140489740578,0.845434525219498,0.985419326780897,"5,7-dihydroxy-3-(4-hydroxyphenyl)-4H-chromen-4-one","C15 H10 O5",124.03588,271.061,5.617,20.4156286326799,19.9665732934081,20.1196897397079,"MCI-associated decrease"
"Com_5342_neg",-0.0425874328971605,0.590510534345668,0.998421930371725,-0.114498220482949,0.817056781514819,0.998265352641438,-0.141539074651449,0.549547636709156,0.99927870700711,-0.0270408541685004,0.535486518379526,0.955117225188735,"N4-Acetylcytidine","C11 H15 N3 O6",285.0973,284.09002,4.877,25.3468485676594,25.9391496813175,25.1300344585766,"MCI-associated increase"
"Com_6627_pos",-0.0425874328971605,0.590510534345668,0.998421930371725,0.143109128113913,0.722481936667065,0.988298366959884,-0.138890569068922,0.553101736632008,0.99927870700711,-0.281999697182834,0.439625853937687,0.952814429510526,"N1-(2,3-dihydro-1,4-benzodioxin-6-yl)acetamide","C10 H11 N O3",193.07472,194.08209,5.249,23.4221224645676,23.5693965060132,23.3892261992607,"MCI-associated increase"
"Com_5729_neg",-0.0425799179098838,0.590576145529466,0.998421930371725,0.219696131898299,0.590851258792348,0.97424634381184,0.181724675815182,0.62268461897365,0.99927870700711,-0.0379714560831167,0.972229695919683,1,"17α-Ethynylestradiol","C20 H24 O2",296.17589,295.16861,6.175,24.8210783020474,24.8922957537646,24.8408596082185,"MCI-associated increase"
"Com_9485_neg",-0.0424747080880097,0.591495050855822,0.998421930371725,-0.216397330421689,0.4209494251512,0.97424634381184,-0.162963534951283,0.604007366357827,0.99927870700711,0.0534337954704058,0.738232666470675,0.975261360435008,"o-Cresol","C7 H8 O",108.05719,107.04988,5.754,24.1342889202187,23.772485428837,24.085007376216,"MCI-associated decrease"
"Com_8488_pos",-0.0424446481389029,0.59175771471132,0.998421930371725,-0.0531792827689177,0.976606351715882,0.998265352641438,0.0796363703659706,0.585585974470941,0.99927870700711,0.132815653134889,0.596707253498334,0.955684897603873,"Imidazoleacetic acid","C5 H6 N2 O2",126.04353,127.0508,3.615,24.0288242656585,24.0275708900545,23.9890589050206,"Monotonic decrease"
"Com_25513_neg",-0.0424296181643494,0.591889066534977,0.998421930371725,0.038087126967416,0.231790589673772,0.97424634381184,0.0817527952468848,0.626449915686637,0.99927870700711,0.0436656682794685,0.490649280435088,0.952814429510526,"Prostaglandin A2","C20 H30 O4",334.21623,333.20898,6.893,21.3305244482445,21.0692109562325,21.1159095790715,"MCI-associated decrease"
"Com_2912_neg",-0.042361983278859,0.592480313778172,0.998421930371725,-0.00550938620834704,0.761880321625298,0.992345641070078,-0.0959770054799745,0.546004832755873,0.99927870700711,-0.0904676192716275,0.499452327221799,0.952814429510526,"2-(Dimethylamino)Guanosine","C12 H17 N5 O5",311.12437,310.11709,4.966,24.8081255944189,25.8990766669398,25.1225033700422,"MCI-associated increase"
"Com_41873_pos",-0.0422943483933685,0.593071829217049,0.998421930371725,-0.472737389501496,0.586359412302577,0.97424634381184,-0.448277603419373,0.618929164753923,0.99927870700711,0.0244597860821228,1,1,"4-[2-(2-methylphenyl)-2-oxoethyl]benzamide","C16 H15 N O2",253.11203,254.11931,5.083,19.1920969892253,19.1184809189276,19.0802562937237,"Monotonic decrease"
"Com_6792_pos",0.0422642884442616,0.593334810974525,0.998421930371725,0.633164900619468,0.483607107411269,0.97424634381184,0.143317801838075,0.518076560725497,0.99927870700711,-0.489847098781393,0.316061615385856,0.952814429510526,"Pyridoxine O-Glucoside","C14 H21 N O8",331.12824,332.13551,5.315,21.6639152417171,21.6009985643326,22.1138470123015,"MCI-associated decrease"
"Com_46818_pos",0.0422417434824315,0.593532082002467,0.998421930371725,-0.698322720651467,0.224248538076957,0.97424634381184,-0.74695354860203,0.531947844454493,0.99927870700711,-0.0486308279505629,0.101805812519236,0.914281594941658,"PC O-20:4","C28 H50 N O7 P",543.33494,544.34222,8.582,12.3132522557555,12.1716553330329,12.366623958283,"MCI-associated decrease"
"Com_7238_neg",-0.0422417434824315,0.593532082002468,0.998421930371725,-1.142518622955,0.366780087996831,0.97424634381184,-1.39203652413833,0.626449915686637,0.99927870700711,-0.249517901183335,0.712122795096669,0.975261360435008,"4-(3,4-dihydro-2H-1,5-benzodioxepin-7-yl)-4-oxobutanoic acid","C13 H14 O5",250.08566,249.0781,5.7,21.4025032699361,21.3548196768419,21.3466388412972,"Monotonic decrease"
"Com_13491_pos",0.0422342284951548,0.593597845620917,0.998421930371725,2.53864389573525,0.280826779657139,0.97424634381184,-0.434039040959252,0.538953368018675,0.99927870700711,-2.9726829366945,0.130829628579088,0.926123611056224,"5-(2-chlorophenyl)-3-morpholinoisothiazole-4-carbonitrile","C14 H12 Cl N3 O S",305.03872,288.03543,6.77,15.4598752235529,15.3173330661389,15.5374245995855,"MCI-associated decrease"
"Com_21243_pos",0.0421665936096643,0.594189866809846,0.998421930371725,-0.123115577742236,0.776821692720023,0.998265352641438,0.199866703799563,0.607722655770903,0.99927870700711,0.322982281541799,0.807475865906504,0.983351253121837,"(1E)-5-hydroxy-1,7-diphenylhept-1-en-3-one","C19 H20 O2",302.12422,303.13125,1.385,22.4404557314128,22.5135965554749,22.5837115417323,"Monotonic increase"
"Com_10427_neg",0.042121503686004,0.594584696123472,0.998421930371725,2.94474315388385,0.971409786388953,0.998265352641438,-0.519200090462738,0.563831159299138,0.99927870700711,-3.46394324434659,0.727750480169092,0.975261360435008,"17α-Hydroxypregnenolone","C21 H32 O3",332.23734,331.23006,7.088,13.2534377251013,13.2661216336694,13.2476965423669,"MCI-associated increase"
"Com_81_pos",-0.0421064737114505,0.594716332279159,0.998421930371725,2.45555331884934,0.395108310315354,0.97424634381184,-0.0747933709596713,0.511211736152497,0.99927870700711,-2.53034668980901,0.25643004405867,0.926123611056224,"Melatonin","C13 H16 N2 O2",232.12205,233.12933,5.674,25.3242345962568,25.5833285326061,25.2702853132804,"MCI-associated increase"
"Com_2858_pos",-0.0420989587241738,0.594782155302178,0.998421930371725,-0.0231102363193273,0.722481936667065,0.988298366959884,-0.153360659138583,0.571039375898163,0.99927870700711,-0.130250422819256,0.411326283922083,0.952814429510526,"9-Oxo-ODE","C18 H30 O3",294.22062,295.22791,6.199,25.5047153799401,25.5624413497532,25.1794261251753,"MCI-associated increase"
"Com_7098_pos",-0.0420463538132368,0.595243008733551,0.998421930371725,-0.111342952607281,0.491780290625231,0.97424634381184,-0.117169972155818,0.60030231295578,0.99927870700711,-0.00582701954853742,0.812873068585294,0.983351253121837,"Homoarginine","C7 H16 N4 O2",188.12823,189.13551,1.324,25.8123894004263,25.7473117473198,25.6597358606065,"Monotonic decrease"
"Com_23004_neg",0.0420313238386834,0.595374710788034,0.998421930371725,-0.155899325989828,0.413466841049316,0.97424634381184,0.0829345723743154,0.563831159299138,0.99927870700711,0.238833898364143,0.19055836138846,0.926123611056224,"5-[4-(tert-butyl)phenoxy]-6-nitroisoindoline-1,3-dione","C18 H16 N2 O5",147.05274,146.0456,5.529,22.5847955448607,22.574075133844,22.6871882071933,"MCI-associated decrease"
"Com_35398_pos",0.0419712039404696,0.595901650667258,0.998421930371725,1.0272617352059,0.873155405707105,0.998265352641438,0.336085394981193,0.5602435640593,0.99927870700711,-0.691176340224706,0.850888800732806,0.986938771581683,"3-hydroxy-3,4-bis[(4-hydroxy-3-methoxyphenyl)methyl]oxolan-2-one","C20 H22 O7",356.12285,357.13013,2.757,19.2267927180022,19.298827525125,19.2707347827942,"MCI-associated increase"
"Com_131_pos",-0.041933629004086,0.596231094997261,0.998421930371725,0.38818975973924,0.314038811796066,0.97424634381184,-0.0797247301800183,0.61518363328602,0.99927870700711,-0.467914489919258,0.587084129010093,0.955684897603873,"4-decyl-3-hydroxy-5-oxooxolane-2,3-dicarboxylic acid","C16 H26 O7",352.15126,353.15854,6.337,19.1400161287367,18.4767666401276,18.8832435844011,"MCI-associated decrease"
"Com_22964_pos",-0.0419185990295326,0.596362895740118,0.998421930371725,0.8161236580583,0.391496632710145,0.97424634381184,-0.549902122552698,0.596607571913131,0.99927870700711,-1.366025780611,0.139936790476407,0.926123611056224,"2-Ethyl-2-phenylmalonamide","C11 H14 N2 O2",206.10659,207.11381,5.044,18.3669556202305,18.954956031277,17.8247192499042,"MCI-associated increase"
"Com_6541_pos",0.0419035690549792,0.596494709626911,0.998421930371725,0.370685639694272,0.520960693859334,0.97424634381184,0.0765431713415891,0.645421174111275,0.99927870700711,-0.294142468352683,0.98333566379072,1,"S-Adenosylhomocysteine","C14 H20 N6 O5 S",384.12305,385.13031,2.221,22.8933886977459,23.0704453774211,23.5547148831702,"Monotonic increase"
"Com_8421_pos",0.0418885390804257,0.59662653665422,0.998421930371725,0.0164370128509563,0.883432787149406,0.998265352641438,0.367540128679686,0.571039375898163,0.99927870700711,0.35110311582873,0.563346299056561,0.955117225188735,"1,3-dipyridin-3-ylpropane-1,3-dione","C13 H10 N2 O2",102.04723,103.05505,6.018,23.7427538628525,23.6561807169258,23.8678952253719,"MCI-associated decrease"
"Com_30160_neg",0.041881024093149,0.596692455094499,0.998421930371725,2.45071219273499,0.669507462568421,0.981173331585391,0.0102717111214206,0.563831159299138,0.99927870700711,-2.44044048161357,0.387952630840432,0.952814429510526,"(3R)-4,4-Dimethyl-2-oxotetrahydro-3-furanyl beta-D-glucopyranoside","C12 H20 O8",338.11778,337.1105,7.743,16.5251216987792,16.5084758523626,16.5264638637394,"MCI-associated decrease"
"Com_6350_pos",0.0418659941185956,0.596824301826167,0.998421930371725,1.58116805438908,0.751968113314537,0.992345641070078,2.94810258373543,0.5602435640593,0.99927870700711,1.36693452934635,0.469011435239911,0.952814429510526,"5,7-dihydroxy-3,8-dimethoxy-2-phenyl-4H-chromen-4-one","C17 H14 O6",314.08054,315.08782,6.014,15.8490059648503,15.8129181358645,15.9166779358858,"MCI-associated decrease"
"Com_5358_pos",0.0418209041949353,0.597219920799249,0.998421930371725,-3.66208960160579,0.679026964522413,0.981173331585391,-0.937240213543837,0.60030231295578,0.99927870700711,2.72484938806195,0.322829896841728,0.952814429510526,"2-[(7-methyl-2,3-dihydro-1H-inden-4-yl)oxy]pyridin-3-amine","C15 H16 N2 O",240.12769,241.13505,5.289,14.6681862062376,14.6787512290356,14.8045504269114,"Monotonic increase"
"Com_6606_pos",0.0416555744748475,0.598671533366021,0.998421930371725,-0.0719743638862709,0.613544182102069,0.97424634381184,0.37511993894013,0.63022497386624,0.99927870700711,0.447094302826401,0.231099692092127,0.926123611056224,"L-Carnitine","C7 H15 N O3",161.10591,162.11322,5.968,23.7992334035897,23.7466354444531,23.7846934330039,"MCI-associated decrease"
"Com_3663_pos",-0.0416255145257406,0.598935633148561,0.998421930371725,-0.173913126049155,0.221773937031473,0.97424634381184,-0.0177500027297245,0.592923218782959,0.99927870700711,0.15616312331943,0.376575631556324,0.952814429510526,"Adenosine","C10 H13 N5 O4",267.09776,268.10504,2.066,20.8754967570708,20.0639050786151,20.4249056304142,"MCI-associated decrease"
"Com_122_neg",0.0416104845511872,0.5990677026571,0.998421930371725,-0.16016231936399,0.168135920983324,0.97424634381184,0.0806884271127431,0.528462463771437,0.99927870700711,0.240850746476733,0.0758303494673582,0.867791165027521,"Uric acid","C5 H4 N4 O3",168.0284,167.02108,1.448,32.8992701558098,32.6290295375417,32.7999915880512,"MCI-associated decrease"
"Com_4314_neg",0.041482729767483,0.6001908209778,0.998421930371725,-0.130046500249689,0.56414129164058,0.97424634381184,-0.544528579156667,0.592923218782959,0.99927870700711,-0.414482078906978,0.867293463278401,0.987763710173379,"3-Hydroxymandelic acid","C8 H8 O4",168.04244,167.03516,3.309,21.7211930538236,21.8189526316036,21.8096064975715,"MCI-associated increase"
"Com_6306_neg",-0.0414150948819925,0.600785794709216,0.998421930371725,-0.225439901839931,0.893729825674864,0.998265352641438,0.188750829280351,0.596607571913131,0.99927870700711,0.414190731120282,0.738232666470675,0.975261360435008,"Sucrose","C12 H22 O11",342.11804,341.11067,1.359,24.614845789766,24.5140467181432,24.3227560380634,"Monotonic decrease"
"Com_25733_pos",0.0414075798947158,0.600851919193237,0.998421930371725,0.875865959647703,0.186978409441961,0.97424634381184,1.38913934908711,0.607722655770903,0.99927870700711,0.513273389439404,0.343697435429192,0.952814429510526,"Cryptotanshinone","C19 H20 O3",296.1429,297.15016,7.53,10.8475874186545,10.881157644176,10.8250816591602,"MCI-associated increase"
"Com_28300_pos",0.0413624899710555,0.601248734473819,0.998421930371725,0.180375371403358,0.186978409441961,0.97424634381184,-0.00443887822840462,0.556667067653047,0.99927870700711,-0.184814249631763,0.250640861950463,0.926123611056224,"2-Linoleoyl glycerol","C21 H38 O4",336.26583,337.2731,8.827,12.8437158228222,13.086936688422,12.9377836498389,"MCI-associated increase"
"Com_5162_neg",0.041347459996502,0.601381032271794,0.998421930371725,-0.0148140837301755,1,1,0.12416503969655,0.626449915686637,0.99927870700711,0.138979123426726,0.549329305837179,0.955117225188735,"Serotonin","C10 H12 N2 O",176.09475,157.07689,3.941,24.8381512784432,24.7856850277227,25.0185068004546,"MCI-associated decrease"
"Com_3640_pos",0.0413249150346719,0.601579503367262,0.998421930371725,-0.108310545915592,0.683806102897537,0.98465888858239,0.0196892155077676,0.553101736632008,0.99927870700711,0.12799976142336,0.439625853937687,0.952814429510526,"D-Ala-D-Ala","C6 H12 N2 O3",160.08552,144.06613,3.945,25.320065836644,25.2821605563786,25.3476363944595,"MCI-associated decrease"
"Com_393_pos",0.0413249150346719,0.601579503367262,0.998421930371725,-0.0153016737448034,0.904044806718131,0.998265352641438,1.08999892102615,0.634009711722612,0.99927870700711,1.10530059477095,0.625998115151927,0.960312520734856,"1-[4-hydroxy-3-(3-methylbut-2-en-1-yl)phenyl]ethan-1-one","C13 H16 O2",204.11606,205.12334,6.014,25.2644501348561,25.2897087750547,25.2161308763854,"MCI-associated increase"
"Com_4537_pos",0.041294855085565,0.601844177020223,0.998421930371725,0.432826995231863,0.115554468319167,0.97424634381184,0.130618707365326,0.660766879396193,0.99927870700711,-0.302208287866537,0.299551364204597,0.947377138639377,"gamma-Glutamyltyrosine","C14 H18 N2 O6",310.11764,311.12491,4.918,22.0417631428268,23.2059096094722,22.9549511077443,"MCI-associated increase"
"Com_37503_pos",0.0412572801491814,0.602175092213646,0.998421930371725,-0.5489686101088,0.0273979499211527,0.97424634381184,0.278228081201202,0.528462463771437,0.99927870700711,0.827196691310002,0.00719929543410736,0.696884579367964,"PE 17:0_18:2","C40 H76 N O8 P",729.53465,730.54193,10.361,18.4643075213944,18.4462450783376,18.4796232544265,"MCI-associated decrease"
"Com_3226_neg",0.0412046752382444,0.602638509891339,0.998421930371725,0.544475594581865,0.395108310315354,0.97424634381184,0.210416267224651,0.589249328318874,0.99927870700711,-0.334059327357214,0.616165632187242,0.957584933101451,"Citraconic acid","C5 H6 O4",130.02623,129.01896,2.89,25.6362327926366,25.9493987883974,25.762210948099,"MCI-associated increase"
"Com_4131_neg",-0.0410618904799868,0.603897158966347,0.998421930371725,-0.0987101817292482,0.424720330369171,0.97424634381184,-0.0338050241011351,0.63022497386624,0.99927870700711,0.0649051576281129,0.769965261969016,0.977878730334537,"4-Acetamidobutanoic acid","C6 H11 N O3",145.07366,144.06638,2.057,20.5255170576139,20.4395563479238,20.4757603631572,"MCI-associated decrease"
"Com_47612_pos",-0.0410618904799868,0.603897158966347,0.998421930371725,-0.53784006964007,0.0115663949620436,0.97424634381184,0.00272484682920636,0.727521801994499,0.99927870700711,0.540564916469277,0.0610845950756898,0.860006799091949,"SPB 24:0;2O","C24 H51 N O2",385.39387,386.40115,9.218,19.5639264443847,19.1159957751633,19.5373556225911,"MCI-associated decrease"
"Com_5755_pos",0.0410618904799868,0.603897158966346,0.998421930371725,-1.06504001202144,0.417198243615752,0.97424634381184,1.23250363184808,0.60030231295578,0.99927870700711,2.29754364386953,0.161681026059015,0.926123611056224,"Iberin","C5 H9 N O S2",163.01348,164.02076,5.13,16.6994823361353,16.7977389807503,16.8456079460162,"Monotonic increase"
"Com_10554_neg",-0.0410168005563264,0.604294869993633,0.998421930371725,-0.0346159805688786,0.707888874002243,0.987537281854498,0.162719074772529,0.634009711722612,0.99927870700711,0.197335055341408,0.850888800732806,0.986938771581683,"Propylparaben","C10 H12 O3",180.07829,179.07101,6.551,22.7123536629749,22.6549382938737,22.6521777643754,"Monotonic decrease"
"Com_27119_pos",-0.0409942555944963,0.604493769174016,0.998421930371725,-0.682414143227949,0.817056781514819,0.998265352641438,-0.65539732229238,0.637804046707695,0.99927870700711,0.0270168209355692,0.717318982344425,0.975261360435008,"N-(2,5-diethoxy-4-morpholinophenyl)-4-methoxybenzenesulfonamide","C21 H28 N2 O6 S",436.16997,437.17725,6.472,19.4269956197489,19.4098195813345,19.3478374719878,"Monotonic decrease"
"Com_36218_pos",0.0407838359507482,0.606351562988129,0.998421930371725,0.367312408764232,0.504177753142834,0.97424634381184,-0.0449152960434862,0.596607571913131,0.99927870700711,-0.412227704807718,0.225720812569721,0.926123611056224,"2-chloro-6-(1,4-thiazinan-4-yl)benzonitrile","C11 H11 Cl N2 S",260.01686,261.02414,6.256,19.0047082357604,18.9257745984545,19.1167763530553,"MCI-associated decrease"
"Com_18001_pos",0.0407387460270879,0.606749990487685,0.998421930371725,0.380247374181474,0.75691921922434,0.992345641070078,0.682686653427239,0.60030231295578,0.99927870700711,0.302439279245765,0.411326283922083,0.952814429510526,"Benzoylecgonine","C16 H19 N O4",289.13558,290.14281,5.227,20.7609622721054,20.7179220364881,20.7251872030981,"MCI-associated decrease"
"Com_6929_pos",0.0405959612688302,0.60801244137327,0.998421930371725,0.115223977003946,0.339753537931744,0.97424634381184,-0.20975695862834,0.653075680723815,0.99927870700711,-0.324980935632286,0.686346148385175,0.975261360435008,"Biopterin","C9 H11 N5 O3",237.0871,238.09438,2.256,23.7162207451163,23.862020886765,24.043320663704,"Monotonic increase"
"Com_11911_neg",-0.0405583863324467,0.608344857987226,0.998421930371725,-0.258229627140013,0.115554468319167,0.97424634381184,-0.128660590561698,0.653075680723815,0.99927870700711,0.129569036578315,0.271307090498971,0.933435970527006,"Orotic Acid","C5 H4 N2 O4",156.01714,155.00978,1.401,24.377616782343,24.1542029523526,24.4194463640873,"MCI-associated decrease"
"Com_26142_pos",-0.0405433563578932,0.608477847087334,0.998421930371725,0.503858460070812,0.577423547853057,0.97424634381184,-0.0650093030911186,0.556667067653047,0.99927870700711,-0.568867763161931,0.358077087883609,0.952814429510526,"3-amino-2,6-diphenyl-4,7-dihydro-2H-pyrazolo[3,4-d]pyrimidin-4-one","C17 H13 N5 O",303.11495,304.12222,1.863,20.8857562508803,20.8440005739179,20.7035257634304,"Monotonic decrease"
"Com_25900_pos",-0.0405208113960631,0.608677354784879,0.998421930371725,0.0947831598273128,0.604420830618372,0.97424634381184,0.0712745672641881,0.589249328318874,0.99927870700711,-0.023508592563125,0.316061615385856,0.952814429510526,"3-(3,4-dimethylphenyl)-3,4-dihydro-1,2,3-benzotriazin-4-one","C15 H13 N3 O",268.13231,269.13941,5.337,22.7474863078672,22.9501746005181,22.577068532768,"MCI-associated increase"
"Com_30112_pos",0.0404306315487425,0.609475673918233,0.998421930371725,0.116078533168055,0.463500610105271,0.97424634381184,0.188480450312884,0.514638199527104,0.99927870700711,0.0724019171448292,0.347257311765429,0.952814429510526,"CAR 16:1","C23 H44 N O4",397.32105,398.32833,7.424,21.3877795998631,21.0674898629533,21.7027540865255,"MCI-associated decrease"
"Com_23675_pos",0.0403855416250821,0.609875006323573,0.998421930371725,-0.218648807937796,0.455590338923466,0.97424634381184,0.0471572112597637,0.60030231295578,0.99927870700711,0.26580601919756,0.1953187314659,0.926123611056224,"5-oxo-3-phenyl-5-(2-quinolinylamino)pentanoic acid","C20 H18 N2 O3",334.12889,335.13616,1.347,23.3480873026607,23.2700613782717,23.4736275400538,"MCI-associated decrease"
"Com_33000_neg",0.0403780266378054,0.60994157291715,0.998421930371725,-0.354055200904431,0.286680883672415,0.97424634381184,0.208097133318516,0.571039375898163,0.99927870700711,0.562152334222947,0.123880494199131,0.92050089439632,"Dibenzoyl Thiamine","C26 H26 N4 O4 S",490.16588,489.1586,5.616,20.2127892916081,19.9950584854923,20.3671252034703,"MCI-associated decrease"
"Com_40794_neg",0.040362996663252,0.610074715694051,0.998421930371725,0.462121196693636,0.546663810995189,0.97424634381184,0.350963413203275,0.641607895520296,0.99927870700711,-0.111157783490361,0.95003605531247,1,"Uridine monophosphate (UMP)","C9 H13 N2 O9 P",324.03712,323.02985,1.876,21.339592998006,21.3448002603591,21.4602725491172,"Monotonic increase"
"Com_3040_neg",0.0403179067395917,0.610474220710769,0.998421930371725,-3.28858705126017,0.909208487373826,0.998265352641438,0.07233363601484,0.62268461897365,0.99927870700711,3.36092068727501,0.503885099508908,0.952814429510526,"Folic acid","C19 H19 N7 O6",441.14224,440.13497,5.119,16.3045365697542,16.3411914010914,16.6156459178612,"Monotonic increase"
"Com_17590_pos",0.0403028767650382,0.610607414599845,0.998421930371725,-0.759811020100468,0.0665996674654398,0.97424634381184,-0.381825966287815,0.542473388799115,0.99927870700711,0.377985053812653,0.0223913105205037,0.722958425153893,"4-[1-(dimethylamino)ethylidene]-2-phenyl-1,3-oxazol-5(4H)-one","C13 H14 N2 O2",252.08668,253.09384,5.616,22.5736618653932,21.6852175003948,22.6052910861166,"MCI-associated decrease"
"Com_582_neg",-0.0402653018286547,0.610940455179857,0.998421930371725,0.0171276411982515,0.424720330369171,0.97424634381184,3.94755159968293,0.653075680723815,0.99927870700711,3.93042395848468,0.807475865906504,0.983351253121837,"5-Aminovaleric acid","C5 H11 N O2",117.0782,116.07092,1.499,17.249266875818,16.9077928418985,17.1586737110637,"MCI-associated decrease"
"Com_9758_neg",0.0402502718541012,0.611073693745459,0.998421930371725,0.16793415927937,0.707888874002243,0.987537281854498,-0.0870746122154677,0.567429785985325,0.99927870700711,-0.255008771494838,0.922350421507559,1,"Mesaconic acid","C5 H6 O4",130.02614,129.01886,3.422,24.8660875756385,24.8681236377169,24.8996427451706,"Monotonic increase"
"Com_17182_pos",0.0401976669431642,0.61154012916089,0.998421930371725,0.035633829740636,0.742096648392106,0.992345641070078,0.0166155241644281,0.567429785985325,0.99927870700711,-0.019018305576208,0.96112911025941,1,"Hydrocortisone","C21 H30 O5",362.21089,363.21801,6.28,24.2960432331663,24.5666373192633,24.4312196259843,"MCI-associated increase"
"Com_4235_pos",0.0401074870958436,0.612340095856978,0.998421930371725,-0.556563815073208,0.20733656909646,0.97424634381184,-0.685525279218245,0.62268461897365,0.99927870700711,-0.128961464145037,0.376575631556324,0.952814429510526,"15-Deoxy-Δ12,14-prostaglandin J2-2-glycerol ester","C23 H34 O5",390.24025,391.24753,6.291,22.0702420379736,22.3005784571527,22.0967559062152,"MCI-associated increase"
"Com_2330_neg",-0.0400924571212901,0.612473468190504,0.998421930371725,-0.0201301987320108,0.971409786388953,0.998265352641438,-0.0591424744086824,0.60030231295578,0.99927870700711,-0.0390122756766716,0.691473527334145,0.975261360435008,"D-Threose","C4 H8 O4",120.04189,119.03462,5.16,28.5872536907801,28.6809473083951,28.5722645875779,"MCI-associated increase"
"Com_140_pos",-0.040017307248523,0.613140520576149,0.998421930371725,0.0395824128579061,0.512533412985101,0.97424634381184,-0.125145984620847,0.618929164753923,0.99927870700711,-0.164728397478753,0.823693934159739,0.985419326780897,"trans-3-Indoleacrylic acid","C11 H9 N O2",187.06424,188.07148,5.214,30.6074686847238,30.2783440521375,30.709791567893,"MCI-associated decrease"
"Com_31055_pos",0.0400022772739695,0.613273969171866,0.998421930371725,-0.081969941628657,0.771831751080673,0.998265352641438,0.30265549526574,0.604007366357827,0.99927870700711,0.384625436894397,0.435515929221652,0.952814429510526,"4-(3,4-dihydro-2H-1,5-benzodioxepin-7-ylamino)-4-oxobutanoic acid","C13 H15 N O5",287.07387,288.08115,5.245,19.9047292270289,19.8435637117573,19.8475202118273,"MCI-associated decrease"
"Com_8681_pos",0.0399947622866928,0.61334069823164,0.998421930371725,0.048253603160183,0.929899426345924,0.998265352641438,-0.0601730411279478,0.604007366357827,0.99927870700711,-0.108426644288131,0.727750480169092,0.975261360435008,"Cafestol","C20 H28 O3",316.20508,317.21237,6.645,24.5157631561445,24.5906058024574,24.5993401210507,"Monotonic increase"
"Com_6294_neg",-0.0399647023375859,0.613607646206422,0.998421930371725,-0.552225572733259,0.189164669884543,0.97424634381184,-0.167577846349715,0.649243797688817,0.99927870700711,0.384647726383544,0.395652383845635,0.952814429510526,"Homotaurine","C3 H9 N O3 S",139.03,138.02272,1.308,24.0082327010196,23.1077307363587,23.6604801007157,"MCI-associated decrease"
"Com_12521_neg",-0.0398895524648188,0.614275238136456,0.998421930371725,0.643746154994928,0.260979641885628,0.97424634381184,-0.932324003327961,0.653075680723815,0.99927870700711,-1.57607015832289,0.530911630491966,0.953146719171818,"Prostaglandin K2","C20 H30 O5",332.2003,331.19302,6.482,20.0469960751416,19.7905265129565,19.9566992689365,"MCI-associated decrease"
"Com_11055_pos",-0.039776827655668,0.615277219843394,0.998421930371725,-0.724338068957306,0.216883555394078,0.97424634381184,-1.02965132773285,0.62268461897365,0.99927870700711,-0.305313258775548,0.38413723439593,0.952814429510526,"N1-(2-oxoazepan-3-yl)-N2-(3-pyridylmethyl)ethanediamide","C14 H18 N4 O3",290.13964,291.14697,5.495,19.9879252698154,19.7556237244401,19.8578615804332,"MCI-associated decrease"
"Com_2097_neg",-0.0397693126683913,0.615344043928711,0.998421930371725,0.198796776872802,0.301674511904216,0.97424634381184,-0.242546239040032,0.592923218782959,0.99927870700711,-0.441343015912834,0.118860319305323,0.914281594941658,"5-Methoxysalicylic acid","C8 H8 O4",168.0423,167.03502,5.009,23.520181806276,23.6292176181308,23.1895459901345,"MCI-associated increase"
"Com_39570_neg",0.0397617976811146,0.615410871174591,0.998421930371725,0.351109145192993,0.0883739620238085,0.97424634381184,0.23559601821238,0.60030231295578,0.99927870700711,-0.115513126980613,0.138077374847788,0.926123611056224,"Deoxyguanosine diphosphate (dGDP)","C10 H15 N5 O10 P2",427.02382,426.01654,4.657,16.9311656739133,17.1206468382103,17.0396930193821,"MCI-associated increase"
"Com_410_pos",0.0397617976811146,0.615410871174591,0.998421930371725,1.04514926664726,0.904044806718131,0.998265352641438,0.207519022365284,0.589249328318874,0.99927870700711,-0.837630244281972,0.807475865906504,0.983351253121837,"N-Acetyl-D-tryptophan","C13 H14 N2 O3",246.1016,247.10886,5.608,25.7455520157641,25.8761730439619,25.9175251104993,"Monotonic increase"
"Com_18463_neg",0.0397542826938378,0.61547770158058,0.998421930371725,-0.682141395663735,0.0959247765753805,0.97424634381184,1.67490748771005,0.538953368018675,0.99927870700711,2.35704888337378,0.0399849127940209,0.769968157118732,"LPG 17:1","C23 H45 O9 P",496.28335,495.27607,10.235,16.5329947878914,16.4836605254563,16.5636469743407,"MCI-associated decrease"
"Com_51192_pos",0.0397542826938378,0.61547770158058,0.998421930371725,-0.244448253347903,0.234344184310947,0.97424634381184,-0.378739760154952,0.6840535830945,0.99927870700711,-0.134291506807049,0.553982474057716,0.955117225188735,"2-[(3S)-1-(2-Pyridinylmethyl)-3-pyrrolidinyl]-1,3-benzothiazole","C17 H17 N3 S",295.11067,296.11795,1.063,16.8029979213952,17.1391824030945,17.106580052648,"MCI-associated increase"
"Com_23345_pos",-0.0396866478083474,0.616079317365251,0.998421930371725,-0.0487340909851956,0.117069404545356,0.97424634381184,-0.532019796921779,0.5602435640593,0.99927870700711,-0.483285705936584,0.136237059103996,0.926123611056224,"16,16-Dimethyl prostaglandin A1","C22 H36 O4",346.25197,347.25915,6.517,20.9608832113635,20.5306938974354,20.8688256576631,"MCI-associated decrease"
"Com_31089_pos",0.0396565878592405,0.616346784223808,0.998421930371725,-0.114056506593684,0.862899385969575,0.998265352641438,0.127700539391553,0.618929164753923,0.99927870700711,0.241757045985237,0.490649280435088,0.952814429510526,"Methyl N-benzoylphenylalaninate","C17 H17 N O3",283.12213,284.12948,6.165,20.0099426900588,19.8981891758945,19.8774335042274,"Monotonic decrease"
"Com_2217_pos",-0.0396490728719638,0.616413658824092,0.998421930371725,-0.931420804747721,0.320344237415917,0.97424634381184,-0.870792049462199,0.60030231295578,0.99927870700711,0.0606287552855222,0.123880494199131,0.92050089439632,"(2-morpholino-5-nitrophenyl)methanol","C11 H14 N2 O4",238.09374,239.10101,4.445,19.1910744425755,19.5983464568732,17.9772424810184,"MCI-associated increase"
"Com_8174_pos",-0.0396114979355802,0.616748079116844,0.998421930371725,0.0973061548601519,0.817056781514819,0.998265352641438,0.200963406474883,0.57829116838231,0.99927870700711,0.103657251614731,0.944493022100843,1,"6,7-dihydro-5H-dibenzo[d,f][1,3]diazepin-6-one","C13 H10 N2 O",210.0805,211.08763,5.323,24.3030570343418,24.128407712658,24.1861098105913,"MCI-associated decrease"
"Com_6507_neg",-0.0395288330755363,0.617484080978334,0.998421930371725,-0.674072704860643,0.0256237943146171,0.97424634381184,-0.329185951998634,0.645421174111275,0.99927870700711,0.34488675286201,0.0555362661214588,0.825330621527235,"Thymine","C5 H6 N2 O2",126.04318,171.04148,1.554,23.5598469347521,22.855117621298,23.417722088582,"MCI-associated decrease"
"Com_4123_pos",-0.0395213180882596,0.617551009124303,0.998421930371725,-0.136468991830714,0.191369717003743,0.97424634381184,-0.00928895978158026,0.641607895520296,0.99927870700711,0.127180032049134,0.372829509623318,0.952814429510526,"Valylproline","C10 H18 N2 O3",214.13286,215.14014,1.588,27.6033762785097,27.3339150776187,27.4728999293382,"MCI-associated decrease"
"Com_1944_pos",-0.0394762281645993,0.617952644043586,0.998421930371725,0.200780822636496,0.981803910122497,0.998265352641438,0.506249791648544,0.60030231295578,0.99927870700711,0.305468969012047,0.701770635040555,0.975261360435008,"Genistein","C15 H10 O5",270.05417,271.06145,5.56,22.7765723242373,22.7953520393064,22.7228199338836,"MCI-associated increase"
"Com_73_pos",-0.0394762281645993,0.617952644043586,0.998421930371725,0.478425146922803,0.387905066234256,0.97424634381184,4.41980556186389,0.634009711722612,0.99927870700711,3.94138041494109,0.671051209677503,0.973840329352538,"1-(6-methyl-3-pyridyl)ethan-1-one O1-ethyloxime hydrochloride","C10 H14 N2 O",178.11148,179.11871,5.391,16.1839346780738,15.9400886348171,16.1579965688903,"MCI-associated decrease"
"Com_30083_pos",0.0392582935335745,0.619895472778714,0.998421930371725,-0.421168509758532,0.428510902013048,0.97424634381184,0.968645239956852,0.611448104055634,0.99927870700711,1.38981374971538,0.181294891670863,0.926123611056224,"4-hydroxy-3-(3-methylbut-2-en-1-yl)benzoic acid","C12 H14 O3",206.09291,207.09975,6.236,18.8619933566331,18.8028413332136,18.8440637226657,"MCI-associated decrease"
"Com_9637_neg",0.0392207185971909,0.620230709592841,0.998421930371725,1.27850175768485,0.945449564887883,0.998265352641438,-0.0655411841022917,0.596607571913131,0.99927870700711,-1.34404294178714,0.640871917981559,0.963784894223848,"15-Keto prostaglandin F2α","C20 H32 O5",334.21666,333.20939,5.87,20.1771791269093,20.247388285626,20.3487354062448,"Monotonic increase"
"Com_813_pos",0.0391230237625935,0.621102691088733,0.998421930371725,-4.28189273905156,0.343060251703388,0.97424634381184,1.13484489377902,0.589249328318874,0.99927870700711,5.41673763283058,0.155512404291569,0.926123611056224,"1H-indol-3-yl(pyridin-2-yl)methanol","C14 H12 N2 O",206.08559,207.09267,6.201,8.57999127007996,8.41645272940788,8.7404037968887,"MCI-associated decrease"
"Com_11347_pos",0.0389802390043359,0.622378074273597,0.998421930371725,0.823592252500434,0.20733656909646,0.97424634381184,0.441803622917803,0.660766879396193,0.99927870700711,-0.381788629582631,0.427362915331838,0.952814429510526,"LNH","C16 H26 N6 O5",174.07008,366.17501,6.397,17.0805300612651,18.4498920387412,16.959304884574,"MCI-associated increase"
"Com_2220_neg",0.0389652090297825,0.622512390561024,0.998421930371725,0.160390167936585,0.363330302633665,0.97424634381184,-0.131396129711763,0.61518363328602,0.99927870700711,-0.291786297648348,0.568056657183818,0.955117225188735,"Dulcitol","C6 H14 O6",182.07961,181.07202,1.298,26.174793876637,26.7674269915526,26.3748371771275,"MCI-associated increase"
"Com_5630_pos",-0.0389351490806756,0.622781060476343,0.998421930371725,-0.15537439910713,0.0736548743281085,0.97424634381184,-0.0565184939213554,0.687964833567644,0.99927870700711,0.0988559051857745,0.197731359513098,0.926123611056224,"8-Hydroxyquinoline","C9 H7 N O",128.0269,146.06078,6.152,26.6056416752548,26.5556619482403,26.5819958817562,"MCI-associated decrease"
"Com_34736_neg",0.0387998793096947,0.623990690486973,0.998421930371725,-0.727148398970631,0.0361690337464341,0.97424634381184,-0.32466769206673,0.61518363328602,0.99927870700711,0.402480706903901,0.00523966384167517,0.696884579367964,"LPC 18:0","C26 H54 N O7 P",569.37332,568.36604,10.101,17.6684301190209,17.487283435307,17.6568429672843,"MCI-associated decrease"
"Com_18681_pos",-0.0387547893860344,0.624394123960975,0.998421930371725,0.240028619528992,0.121707891339525,0.97424634381184,0.289681471979212,0.715572534521343,0.99927870700711,0.0496528524502206,0.354447160577758,0.952814429510526,"3-(dimethylamino)-1-[4-(phenylsulfonyl)phenyl]prop-2-en-1-one","C17 H17 N O3 S",315.09049,316.09777,2.067,18.9832956290969,18.5488458667277,18.6417763828646,"MCI-associated decrease"
"Com_4339_pos",0.0387322444242042,0.624595882542865,0.998421930371725,-0.797376872545023,0.516738151913713,0.97424634381184,0.0975665625111808,0.656916736955335,0.99927870700711,0.894943435056204,0.894758563045729,0.994037609026979,"Spermine","C10 H26 N4",202.21663,203.22389,1.092,13.6348336004582,14.0313846263813,13.6986981580061,"MCI-associated increase"
"Com_2121_pos",-0.0386946694878206,0.624932208795506,0.998421930371725,-0.885076242797764,0.314038811796066,0.97424634381184,-0.761457926300505,0.656916736955335,0.99927870700711,0.12361831649726,0.591886711568426,0.955684897603873,"2-Naphthol","C10 H8 O",144.05812,145.06539,5.697,24.4100667650577,24.2990847892921,24.2581199031873,"Monotonic decrease"
"Com_423_pos",-0.0386871545005439,0.624999483334318,0.998421930371725,0.240924368195624,0.229256815363323,0.97424634381184,0.277547711923897,0.514638199527104,0.99927870700711,0.0366233437282733,0.165894927274966,0.926123611056224,"Guvacoline","C7 H11 N O2",141.07956,142.08683,1.769,28.2565468716701,28.4785022694165,28.1384775497647,"MCI-associated increase"
"Com_6195_pos",0.0386120046277767,0.625672398872432,0.998421930371725,0.792784315718341,0.599882105607627,0.97424634381184,0.911850858080955,0.645421174111275,0.99927870700711,0.119066542362614,0.966678595943814,1,"N-(1-methyl-3-phenyl-1H-pyrazol-5-yl)-N'-(2-thienyl)urea","C15 H14 N4 O S",336.04731,337.05458,5.281,13.8254692546594,14.0572769918404,13.8835787406961,"MCI-associated increase"
"Com_17461_neg",-0.0384842498440725,0.626817064288727,0.998421930371725,0.474647466298784,0.384333650558935,0.97424634381184,-0.00610433843824259,0.57829116838231,0.99927870700711,-0.480751804737026,0.207599964624195,0.926123611056224,"L-Dopa","C9 H11 N O4",197.06953,196.06213,4.926,21.0521913122434,20.9102641379277,20.8176465971245,"Monotonic decrease"
"Com_924_neg",-0.0384692198695191,0.626951789420752,0.998421930371725,0.2976554785891,0.909208487373826,0.998265352641438,0.632841820884859,0.645421174111275,0.99927870700711,0.335186342295759,0.503885099508908,0.952814429510526,"Dimetghyl 4-Hydroxyisophthalate","C10 H10 O5",210.05363,209.04624,5.144,20.5376169426959,20.7294137304477,20.34389717926,"MCI-associated increase"
"Com_106_pos",-0.0384090999713053,0.627490813176988,0.998421930371725,-0.348554377124512,0.883432787149406,0.998265352641438,0.331520669984905,0.581933230381704,0.99927870700711,0.680075047109417,0.645862466064675,0.965185528895534,"α-Hydroxyhippuric acid","C9 H9 N O4",195.05413,196.0614,5.531,19.0671607272857,18.9112675170742,18.8071239965889,"Monotonic decrease"
"Com_31582_pos",0.038364010047645,0.627895210279948,0.998421930371725,-0.0663486861610269,0.909208487373826,0.998265352641438,0.115986530703554,0.62268461897365,0.99927870700711,0.182335216864581,0.563346299056561,0.955117225188735,"lithocholic acid 3-sulfate","C24 H40 O6 S",456.25311,457.26038,6.633,20.4152297571691,20.5637750960066,20.7117704075096,"Monotonic increase"
"Com_17587_pos",0.0383414650858149,0.628097450352113,0.998421930371725,-0.29143036289152,0.370250221899917,0.97424634381184,-0.460609159528928,0.5602435640593,0.99927870700711,-0.169178796637408,0.225720812569721,0.926123611056224,"5-Fluoro-2-[(3S)-1-(2-methylbenzyl)-3-pyrrolidinyl]-1H-benzimidazole","C19 H20 F N3",309.16032,310.1676,5.495,19.8445248852518,19.5590132385927,20.1443586123531,"MCI-associated decrease"
"Com_8541_pos",0.0382512852384942,0.628906687152943,0.998421930371725,1.34774396439172,0.940263580611887,0.998265352641438,-0.032463263257631,0.567429785985325,0.99927870700711,-1.38020722764935,0.88925435424667,0.993217285014548,"Cer 13:0;2O/2:0","C15 H31 N O3",273.23175,274.23901,5.87,20.9481988508485,20.7194958197827,21.0593026391071,"MCI-associated decrease"
"Com_988_pos",0.0382137103021107,0.629243999596852,0.998421930371725,0.0256593451051736,0.857779916506537,0.998265352641438,0.138161229599393,0.585585974470941,0.99927870700711,0.11250188449422,0.616165632187242,0.957584933101451,"N-Benzylformamide","C8 H9 N O",135.06908,136.07635,5.387,28.9207163462012,28.8968961321624,29.1035487426465,"MCI-associated decrease"
"Com_13550_neg",-0.0382061953148339,0.629311471285043,0.998421930371725,0.250936806703914,0.842458195298763,0.998265352641438,0.0402879901675184,0.660766879396193,0.99927870700711,-0.210648816536395,0.722528284052316,0.975261360435008,"Chenodeoxycholic acid-3-beta-D-glucuronide","C30 H48 O10",568.32704,567.31976,6.175,20.162339184793,19.8020340041023,19.8308193897802,"MCI-associated decrease"
"Com_1305_neg",-0.0381686203784504,0.629648875697468,0.998421930371725,-0.417201792133462,0.286680883672415,0.97424634381184,-0.663623532056367,0.653075680723815,0.99927870700711,-0.246421739922905,0.521821734292681,0.952814429510526,"Monobenzyl phthalate","C15 H12 O4",256.07468,255.0674,5.391,20.2349826980622,19.3621887078325,19.8249315024705,"MCI-associated decrease"
"Com_31291_pos",0.0381310454420668,0.6299863566863,0.998421930371725,0.176361184461599,0.359900892115652,0.97424634381184,0.0484545296465192,0.57829116838231,0.99927870700711,-0.12790665481508,0.1953187314659,0.926123611056224,"2-(1H-benzimidazol-2-yl)-N-[4-(benzyloxy)phenyl]benzamide","C27 H22 N4 O2",456.15389,457.16116,7.196,16.3538705769868,16.0338031935224,16.6376527771678,"MCI-associated decrease"
"Com_4422_pos",0.0381310454420668,0.6299863566863,0.998421930371725,-0.00482893316719441,0.940263580611887,0.998265352641438,0.17363433869808,0.611448104055634,0.99927870700711,0.178463271865274,0.63093955575425,0.962373948192512,"7-Hydroxycoumarine","C9 H6 O3",162.03257,163.03985,6.262,26.5137025327405,26.4941530479334,26.524307572646,"MCI-associated decrease"
"Com_431_pos",-0.03812353045479,0.63005386206811,0.998421930371725,0.0935465832887435,0.837363881018235,0.998265352641438,3.56710578871633,0.61518363328602,0.99927870700711,3.47355920542758,0.521821734292681,0.952814429510526,"L-Methionine sulfone","C5 H11 N O4 S",181.04139,182.04874,1.332,13.8568831212229,13.7962610669145,13.8782309187296,"MCI-associated decrease"
"Com_7489_pos",0.0380934705056832,0.630323914193289,0.998421930371725,0.0194257458895654,0.868024619498063,0.998265352641438,0.0550757154493036,0.62268461897365,0.99927870700711,0.035649969559738,0.807475865906504,0.983351253121837,"Cortisone","C21 H28 O5",161.12022,361.20276,5.962,26.0941740433302,26.1303436981195,26.2566764375779,"Monotonic increase"
"Com_1963_pos",-0.0380558955692996,0.630661548160137,0.998421930371725,-0.171475267307006,0.0859662116656077,0.97424634381184,0.00236105414379553,0.711604711443753,0.99927870700711,0.173836321450802,0.24494354942442,0.926123611056224,"Imidazolelactic acid","C6 H8 N2 O3",156.05419,157.06153,1.374,28.7850973280835,28.4479791909916,28.8163949919086,"MCI-associated decrease"
"Com_24406_neg",-0.0379131108110419,0.631945253518765,0.998421930371725,-0.533185699238098,0.166133627026813,0.97424634381184,-0.0136786058648415,0.664626020338615,0.99927870700711,0.519507093373256,0.33315821936716,0.952814429510526,"N-Acetyl-D-alloisoleucine","C8 H15 N O3",127.09927,126.0917,5.606,20.5017977328156,20.319410243412,20.490670834104,"MCI-associated decrease"
"Com_40121_neg",-0.0379055958237652,0.632012847458523,0.998421930371725,-1.11910674652784,0.529458766137544,0.97424634381184,-0.956178458298311,0.607722655770903,0.99927870700711,0.16292828822953,0.738232666470675,0.975261360435008,"PC 16:0_20:4","C44 H80 N O8 P",827.5741,826.56682,11.264,18.4403194791251,18.4244236412678,18.4253246970258,"MCI-associated decrease"
"Com_1278_pos",-0.0378830508619351,0.632215647556177,0.998421930371725,-1.02249487200507,0.842458195298763,0.998265352641438,-0.633669216729655,0.664626020338615,0.99927870700711,0.388825655275415,0.419299513170107,0.952814429510526,"Propionylcarnitine","C10 H19 N O4",217.13249,218.13977,2.247,15.5304232148883,15.9586872812487,15.45525585756,"MCI-associated increase"
"Com_33552_neg",0.037830445950998,0.632688954347686,0.998421930371725,-0.0140191437744316,0.636613563487546,0.975199016366034,0.232325498074097,0.63022497386624,0.99927870700711,0.246344641848528,0.938952675204792,1,"3,4,5-trihydroxy-6-methyloxan-2-yl 2-(methylamino)benzoate","C14 H19 N O6",594.23897,593.23169,5.794,20.0135209296729,20.0386770650202,19.9992452826723,"MCI-associated increase"
"Com_37943_pos",0.0378154159764446,0.632824212244751,0.998421930371725,0.184674821386136,0.712741631310101,0.988298366959884,-0.00220841054115748,0.60030231295578,0.99927870700711,-0.186883231927293,0.452088341455991,0.952814429510526,"7-Ketocholesterol","C27 H44 O2",400.33541,383.33209,6.544,19.1447998697516,19.2049288600129,19.3052560349387,"Monotonic increase"
"Com_20267_neg",-0.037777841040061,0.633162410198101,0.998421930371725,-0.330280571566551,0.613544182102069,0.97424634381184,-0.519454048543783,0.61518363328602,0.99927870700711,-0.189173476977232,0.336647873819013,0.952814429510526,"Deoxyinosine","C10 H12 N4 O4",252.08677,251.07948,4.888,16.1587407619743,17.199032135645,16.221065825025,"MCI-associated increase"
"Com_8723_pos",-0.0377177211418473,0.633703684913115,0.998421930371725,0.218588173990704,0.75691921922434,0.992345641070078,0.0183136769215178,0.607722655770903,0.99927870700711,-0.200274497069186,0.477602645895932,0.952814429510526,"Deisopropylatrazine","C5 H8 Cl N5",173.04844,174.05572,2.998,24.7629033355882,24.8036852196271,24.6620639564512,"MCI-associated increase"
"Com_3130_neg",-0.0376500862563568,0.634312851130875,0.998421930371725,0.746406524518746,0.212071246797705,0.97424634381184,0.309128619773359,0.641607895520296,0.99927870700711,-0.437277904745386,0.361730316312705,0.952814429510526,"7-(1-pyrrolidinyl)pyrimido[4,5-d]pyrimidin-4-amine","C10 H12 N6",108.05603,215.10462,1.562,18.2169605895784,15.7237053305991,18.2213047979297,"MCI-associated decrease"
"Com_3184_pos",-0.0376125113199732,0.634651382905161,0.998421930371725,-0.00440751971102378,0.641270993617746,0.977435844972917,-0.000252973542152422,0.660766879396193,0.99927870700711,0.00415454616887149,0.977782141497144,1,"4-Acetylbutyric acid","C6 H10 O3",130.06637,153.05559,5.658,26.881545133252,26.7608628165108,26.7592784727996,"Monotonic decrease"
"Com_14474_neg",-0.0375749363835896,0.634989990388966,0.998421930371725,-0.156552492200686,0.919547147740815,0.998265352641438,-0.275713419011083,0.695812335855543,0.99927870700711,-0.119160926810397,0.572785775880501,0.955117225188735,"N1-[3-(1H-imidazol-1-yl)propyl]-2-[(4-nitrobenzoyl)amino]benzamide","C20 H19 N5 O4",393.14795,392.14063,5.355,24.042201189901,24.3358469564176,24.0947579098386,"MCI-associated increase"
"Com_43307_pos",0.0375448764344828,0.635260930847259,0.998421930371725,-0.306054021642449,0.608974903493647,0.97424634381184,-0.147594260180442,0.645421174111275,0.99927870700711,0.158459761462007,0.938952675204792,1,"Lysopa 18:0","C21 H43 O7 P",438.27461,439.28189,5.011,17.7168916959496,17.7368257413029,17.8508110510197,"Monotonic increase"
"Com_16506_neg",-0.0374096066635018,0.636480761251993,0.998421930371725,0.241200062606298,0.424720330369171,0.97424634381184,-0.28332521331983,0.63022497386624,0.99927870700711,-0.524525275926127,0.183578808289727,0.926123611056224,"2-(2-carboxy-2-methylpropyl)-4,6-dimethylbenzoic acid","C14 H18 O4",250.11942,249.11215,6.286,22.0859331773747,22.4542925748582,22.1665780436361,"MCI-associated increase"
"Com_23037_pos",0.0373945766889484,0.636616358326636,0.998421930371725,-3.23629479317778,0.133089414230015,0.97424634381184,-3.14007650814174,0.607722655770903,0.99927870700711,0.0962182850360474,0.0420507479399882,0.769968157118732,"6-(2-furyl)-2-hydroxy-4-(methylthio)nicotinonitrile","C11 H8 N2 O2 S",232.03052,233.0378,7.587,14.0098346485016,13.9795343694382,14.039689474453,"MCI-associated decrease"
"Com_30449_pos",0.0373645167398415,0.6368875886483,0.998421930371725,0.0234000764786504,0.888578956214013,0.998265352641438,0.102539402981044,0.596607571913131,0.99927870700711,0.0791393265023938,0.88925435424667,0.993217285014548,"N4-(2,6-dimethoxy-3-pyridyl)-3,5-dimethyl-4-isoxazolesulfonamide","C12 H15 N3 O5 S",313.07427,314.08154,2.945,20.8647254095186,20.7384317062388,20.7933119306888,"MCI-associated decrease"
"Com_1657_pos",0.0373494867652881,0.637023221887742,0.998421930371725,-0.0437592994322638,0.664767431803053,0.978405986285098,5.5197958956929,0.645421174111275,0.99927870700711,5.56355519512516,0.329691999093068,0.952814429510526,"methyl 4-oxo-4H-benzo[4,5]imidazo[2,1-b][1,3]thiazine-2-carboxylate","C12 H8 N2 O3 S",260.02701,261.03428,6.285,10.7417771077027,10.7950633279838,10.8931858836412,"Monotonic increase"
"Com_40139_neg",0.0373419717780114,0.63709104302546,0.998421930371725,-0.0210618388872003,0.613544182102069,0.97424634381184,0.699415543907981,0.607722655770903,0.99927870700711,0.720477382795182,0.361730316312705,0.952814429510526,"4-(acetylamino)phenyl 3-chlorobenzoate","C15 H12 Cl N O3",325.02958,324.02231,6.763,18.3759893844009,18.3100403029545,18.366283294404,"MCI-associated decrease"
"Com_7705_neg",0.0372893668670744,0.637565875281122,0.998421930371725,0.712399652951016,0.950637861926265,0.998265352641438,0.0939176852347521,0.589249328318874,0.99927870700711,-0.618481967716264,0.845434525219498,0.985419326780897,"Catechin","C15 H14 O6",290.08033,289.07302,5.168,22.170018019023,22.1810970574027,22.3489322920682,"Monotonic increase"
"Com_34201_pos",-0.0372818518797976,0.637633720496475,0.998421930371725,-0.235470781264434,0.811998572511015,0.998265352641438,-0.474347629718795,0.641607895520296,0.99927870700711,-0.238876848454361,0.460506411169444,0.952814429510526,"Prostaglandin G2","C20 H32 O6",368.21945,369.22673,6.968,19.2612144815102,19.342015687945,19.1781584441109,"MCI-associated increase"
"Com_46930_neg",0.03713906712154,0.638923350485014,0.998421930371725,0.0190966247320284,0.4209494251512,0.97424634381184,0.201792712087287,0.611448104055634,0.99927870700711,0.182696087355259,0.210122011809528,0.926123611056224,"Cystamine","C4 H12 N2 S2",152.04374,151.03646,5.922,19.7056807801847,19.4903403666904,19.692057988023,"MCI-associated decrease"
"Com_9019_pos",-0.03713906712154,0.638923350485016,0.998421930371725,0.156318170117919,0.997400337824886,0.999268128719689,0.000286034953425296,0.63022497386624,0.99927870700711,-0.156032135164493,0.681233164972313,0.973840329352538,"3-(1-benzylpiperidin-4-yl)-3H-[1,2,3]triazolo[4,5-b]pyridine","C17 H19 N5",293.16409,294.17138,5.435,23.1895967581073,22.9828503357387,22.9733474014115,"Monotonic decrease"
"Com_4684_neg",-0.0371315521342633,0.638991255761499,0.998421930371725,0.774295654938589,0.559746795848292,0.97424634381184,-0.350536276631397,0.668494071359997,0.99927870700711,-1.12483193156999,0.927881108442468,1,"5,7-Dihydroxy-2-(3-hydroxy-4-methoxyphenyl)chroman-4-one","C16 H14 O6",302.08087,301.07359,5.63,17.0197803758602,17.0547401789154,17.0275213362223,"MCI-associated increase"
"Com_9421_pos",-0.0370188273251125,0.640010194409554,0.998421930371725,0.529180806566697,0.216883555394078,0.97424634381184,-0.247338567219722,0.574659859988745,0.99927870700711,-0.776519373786419,0.112416493791439,0.914281594941658,"2-acetamido-3-(4-methoxyphenyl)propanoic acid","C12 H15 N O4",237.10129,238.10859,5.118,23.9163535884067,24.211221792011,23.7531096929275,"MCI-associated increase"
"Com_2059_pos",0.0369962823632824,0.640214062945331,0.998421930371725,0.264721609946546,0.655327630907459,0.978176760105966,0.452143242035671,0.656916736955335,0.99927870700711,0.187421632089124,0.994444862240747,1,"Nootkatone","C15 H22 O",218.16805,219.17539,5.935,24.6660266605817,24.8480606843352,24.6819532482328,"MCI-associated increase"
"Com_995_pos",0.0368008926940877,0.641982049241982,0.998421930371725,-3.66118569091251,0.955828252352678,0.998265352641438,-5.00197881533006,0.604007366357827,0.99927870700711,-1.34079312441755,0.812873068585294,0.983351253121837,"4-OHE1-1-N3Ade","C23 H25 N5 O3",419.19604,420.20332,5.141,11.9151802157344,11.9864467566215,11.9485363814733,"MCI-associated increase"
"Com_729_neg",-0.0367858627195343,0.64211813165237,0.998421930371725,1.01321347691244,0.224248538076957,0.97424634381184,-0.719293393224492,0.68015079007303,0.99927870700711,-1.73250687013693,0.439625853937687,0.952814429510526,"Glycoursodeoxycholic acid","C26 H43 N O5",403.30926,448.30746,6.657,21.5236786772681,21.0738054321944,21.7369009232666,"MCI-associated decrease"
"Com_2358_neg",0.0367407727958739,0.642526450294234,0.998421930371725,0.0239789984270397,0.940263580611887,0.998265352641438,1.55966643423589,0.63022497386624,0.99927870700711,1.53568743580885,0.625998115151927,0.960312520734856,"1-(1,8-dihydroxy-3,6-dimethyl-2-naphthyl)ethan-1-one","C14 H14 O3",230.09537,229.0881,5.488,22.1536795532035,22.449253594468,22.5557669936827,"Monotonic increase"
"Com_13010_pos",0.0367257428213205,0.642662580298962,0.998421930371725,-0.055971985213196,0.559746795848292,0.97424634381184,1.70801673669807,0.645421174111275,0.99927870700711,1.76398872191127,0.265286810082928,0.926123611056224,"4'-Hydroxydiclofenac","C14 H11 Cl2 N O3",311.01357,312.02083,6.379,19.55464508978,19.4195891099178,19.6598199931116,"MCI-associated decrease"
"Com_42971_pos",-0.0367182278340438,0.642730649759939,0.998421930371725,-0.430932928144881,0.21446766914769,0.97424634381184,-0.416939135610763,0.653075680723815,0.99927870700711,0.0139937925341183,0.365406817217469,0.952814429510526,"N1-(4-cyclohexylphenyl)-2-[(4-methylphenyl)thio]acetamide","C21 H25 N O S",339.1702,362.15948,6.491,19.2157790090608,18.8919414054941,19.1906175909161,"MCI-associated decrease"
"Com_40109_pos",0.0366731379103835,0.643139128916088,0.998421930371725,0.159432062149441,0.491780290625231,0.97424634381184,0.168425412552542,0.656916736955335,0.99927870700711,0.00899335040310107,0.785980992745559,0.982684488895692,"N-{6-[4-(tert-butyl)phenoxy]-3-pyridinyl}-N'-(2-thienyl)urea","C20 H21 N3 O2 S",389.11685,390.12413,4.982,19.1960004650906,19.2287541070982,19.4013320196813,"Monotonic increase"
"Com_24017_pos",0.0366581079358301,0.64327531239101,0.998421930371725,0.343806786280302,0.0126839355541423,0.97424634381184,0.217014892964314,0.731519829268882,0.99927870700711,-0.126791893315988,0.0427591302473323,0.769968157118732,"N-(2,4-dichlorobenzyl)-N-(3-pyridinylmethyl)benzamide","C20 H16 Cl2 N2 O",370.05936,371.06664,6.615,13.2849644793647,13.747407800877,13.2995179418522,"MCI-associated increase"
"Com_44171_pos",-0.0366505929485533,0.643343408580596,0.998421930371725,-0.450595409204844,0.366780087996831,0.97424634381184,-0.0300916251258405,0.719548055924393,0.99927870700711,0.420503784079004,0.775293318462452,0.982684488895692,"7-(1H-pyrrol-1-yl)-5H-chromeno[2,3-b]pyridin-5-one","C16 H10 N2 O2",262.07571,263.08298,7.075,19.3248470756688,18.8768258944241,18.9651294970579,"MCI-associated decrease"
"Com_27730_pos",0.0366130180121697,0.643683934030557,0.998421930371725,0.289382848670518,0.940263580611887,0.998265352641438,0.396192459241771,0.634009711722612,0.99927870700711,0.106809610571253,0.748763745418092,0.975261360435008,"Dl-Lanthionine","C6 H12 N2 O4 S",208.05254,209.05982,5.574,20.4473526776008,20.5080581847865,20.407052847329,"MCI-associated increase"
"Com_26741_pos",0.036500293203019,0.644705954895425,0.998421930371725,-0.0748415773352312,0.781820860064895,0.998265352641438,0.31383186315053,0.634009711722612,0.99927870700711,0.388673440485762,0.473296316846934,0.952814429510526,"7-(3,4-dihydroxyphenyl)-5-hydroxy-1-(4-hydroxyphenyl)heptan-3-one","C19 H22 O5",352.13066,353.13794,5.247,20.0453905713722,20.0939287012021,20.0522115877468,"MCI-associated increase"
"Com_34692_pos",0.0364476882920819,0.645183125816216,0.998421930371725,0.557704537899685,0.966214434568411,0.998265352641438,0.514902533249841,0.645421174111275,0.99927870700711,-0.0428020046498434,0.621073413560985,0.958253139885009,"Icaritin","C21 H20 O6",368.1276,369.13488,6.606,18.7313735457467,18.6923657976525,18.8023773111893,"MCI-associated decrease"
"Com_27995_pos",0.0364401733048052,0.645251304912216,0.998421930371725,0.543380248569629,0.346387458950286,0.97424634381184,0.606302316511606,0.581933230381704,0.99927870700711,0.0629220679419769,0.207599964624195,0.926123611056224,"PC 18:0_18:1","C44 H86 N O8 P",787.61351,788.62079,10.003,19.0871400741261,19.0115369988504,19.1103310450107,"MCI-associated decrease"
"Com_633_pos",-0.0364326583175285,0.645319486962166,0.998421930371725,-0.257307255049291,0.935080128178475,0.998265352641438,-0.0216077890058246,0.653075680723815,0.99927870700711,0.235699466043466,0.706939940536508,0.975261360435008,"Acetyl-L-carnitine","C9 H17 N O4",203.11652,204.1238,1.792,28.2104680739995,28.2466392509337,27.8802653943534,"MCI-associated increase"
"Com_31626_neg",0.0364251433302518,0.645387671965592,0.998421930371725,-0.128224363376251,0.742096648392106,0.992345641070078,0.0296897459597753,0.649243797688817,0.99927870700711,0.157914109336026,0.933415281752242,1,"JWH 018 N-pentanoic acid metabolite","C24 H21 N O3",407.1349,406.12763,5.009,18.4654747248011,18.8090794146114,18.703418207352,"MCI-associated increase"
"Com_20030_pos",-0.0363499934574846,0.646069684334357,0.998421930371725,-0.185147650777117,0.987002241055627,0.998265352641438,-0.363115527383801,0.634009711722612,0.99927870700711,-0.177967876606684,0.676134783827214,0.973840329352538,"16-Heptadecyne-1,2,4-triol","C17 H32 O3",266.22582,267.2331,6.866,20.8807278013978,20.9091799941831,20.9111631817458,"Monotonic increase"
"Com_2558_pos",-0.0363274484956545,0.646274345555973,0.998421930371725,-3.71984160754244,0.166133627026813,0.97424634381184,-3.12845721034431,0.707644683840774,0.99927870700711,0.591384397198129,0.376575631556324,0.952814429510526,"Dithranol","C14 H10 O3",226.06189,227.06917,5.973,14.1678628279199,13.9828375033054,14.1347259446748,"MCI-associated decrease"
"Com_44225_neg",-0.0362522986228873,0.646956741090223,0.998421930371725,-0.210793654340862,0.298634773701801,0.97424634381184,-0.0667716832054367,0.618929164753923,0.99927870700711,0.144021971135426,0.407373648283687,0.952814429510526,"11(Z)-Eicosenoic acid","C20 H38 O2",356.29453,355.28725,9.946,11.3272212702165,10.3354023878739,11.1018101130132,"MCI-associated decrease"
"Com_11941_pos",-0.0362372686483338,0.647093255514886,0.998421930371725,0.896871774549786,0.260979641885628,0.97424634381184,-0.858724290273346,0.653075680723815,0.99927870700711,-1.75559606482313,0.0842265049780121,0.883552552220323,"Anserine","C10 H16 N4 O3",240.12211,241.12958,2.183,20.5530354233782,20.5998798506225,20.35464537419,"MCI-associated increase"
"Com_6806_pos",-0.0361170288519064,0.648185794074293,0.998421930371725,0.571415089713799,0.275054380718831,0.97424634381184,0.123888889911481,0.581933230381704,0.99927870700711,-0.447526199802317,0.157548444467026,0.926123611056224,"Isovanillic acid","C8 H8 O4",168.04304,169.0504,5.016,26.7015265187949,26.9436641275685,26.6076134522182,"MCI-associated increase"
"Com_31068_pos",0.0359967890554789,0.649279083512957,0.998421930371725,-0.20306869850733,0.487684458553608,0.97424634381184,0.340194194697757,0.699748400490335,0.99927870700711,0.543262893205087,0.878262198893988,0.990764947618942,"5-(tert-butyl)-N-[4-(trifluoromethyl)phenyl]thiophene-2-carboxamide","C16 H16 F3 N O S",327.08919,328.09647,4.842,17.6176695998509,17.4628306339315,17.6175723738577,"MCI-associated decrease"
"Com_11145_neg",0.0358690342717747,0.650441524053175,0.998421930371725,-0.249578859455711,0.118599891209226,0.97424634381184,0.0252115706346242,0.585585974470941,0.99927870700711,0.274790430090336,0.0520758121599469,0.807552449436857,"Picolinic acid","C6 H5 N O2",123.03134,122.02405,1.544,24.3212127532088,24.0762218451802,24.4792890031188,"MCI-associated decrease"
"Com_902_pos",-0.0358690342717747,0.650441524053176,0.998421930371725,-1.60370747483648,0.693402310791431,0.98465888858239,-1.73199429850664,0.664626020338615,0.99927870700711,-0.128286823670166,0.966678595943814,1,"N1-[6-hydroxy-2-(2-pyridyl)pyrimidin-4-yl]acetamide","C11 H10 N4 O2",230.07797,231.08524,4.693,23.2299658504478,22.9345597767427,23.003070217124,"MCI-associated decrease"
"Com_4622_pos",0.0357788544244541,0.651262578024577,0.998421930371725,0.758970638867721,0.198098243217699,0.97424634381184,-0.137040867132908,0.699748400490335,0.99927870700711,-0.896011506000629,0.407373648283687,0.952814429510526,"2-(3,4-dimethoxyphenyl)ethanamine","C10 H15 N O2",181.11116,182.11847,4.874,20.311978029253,20.5883366009455,20.5836982293883,"MCI-associated increase"
"Com_9322_pos",0.0357337645007937,0.651673262266943,0.998421930371725,-0.0483271158735387,0.852666421766873,0.998265352641438,0.529900129077225,0.618929164753923,0.99927870700711,0.578227244950764,0.601545587417017,0.955684897603873,"5-Fluoro-2-[(3S)-1-(2-fluorobenzyl)-3-pyrrolidinyl]-1H-benzimidazole","C18 H17 F2 N3",313.13634,314.14362,5.651,22.7697513599843,22.7393384615754,23.0725376450858,"MCI-associated decrease"
"Com_1867_neg",-0.0357112195389636,0.65187864365606,0.998421930371725,-0.00436271551855523,0.68859794174135,0.98465888858239,-0.110382128778478,0.672370943328761,0.99927870700711,-0.106019413259922,0.955581507321733,1,"Mevalonic acid","C6 H12 O4",148.07353,147.06625,3.644,25.8809778620293,25.7737455418655,25.7888412911059,"MCI-associated decrease"
"Com_11054_pos",-0.0356586146280266,0.652357968611655,0.998421930371725,0.0746991259875983,0.945449564887883,0.998265352641438,-0.266636587292421,0.656916736955335,0.99927870700711,-0.341335713280019,0.712122795096669,0.975261360435008,"5,6-Dihydroxyindole-2-Carboxylic Acid","C9 H7 N O4",193.0384,194.04569,2.263,23.234501151204,23.5951510427067,23.1456087932575,"MCI-associated increase"
"Com_16184_pos",0.0355759497679827,0.653111480908389,0.998421930371725,0.111479576697585,0.618128522544186,0.97424634381184,0.139800107129176,0.645421174111275,0.99927870700711,0.0283205304315915,0.878262198893988,0.990764947618942,"3-Acetyl-2,5-dimethylfuran","C8 H10 O2",138.06863,139.07592,6.894,23.5743225109509,23.6021849795288,23.5802303319714,"MCI-associated increase"
"Com_893_neg",0.0355759497679827,0.653111480908389,0.998421930371725,-0.324431040421075,0.366780087996831,0.97424634381184,-0.0811779790754713,0.585585974470941,0.99927870700711,0.243253061345604,0.233823020507902,0.926123611056224,"Indole-3-lactic acid","C11 H11 N O3",205.07448,204.0672,5.682,28.3268783857775,28.1999056316481,28.6432961244796,"MCI-associated decrease"
"Com_12477_pos",-0.0355534048061525,0.653317045146445,0.998421930371725,-1.65374530597766,0.154494815874327,0.97424634381184,-1.00779286498652,0.664626020338615,0.99927870700711,0.645952440991135,0.262311436661922,0.926123611056224,"N-[4-(aminosulfonyl)phenyl]-2-(4-methoxyphenoxy)-5-nitrobenzamide","C20 H17 N3 O7 S",443.07738,444.08466,6.19,13.7911375159654,13.7726743394874,13.7234071448512,"Monotonic decrease"
"Com_14971_neg",0.0354782549333853,0.654002447469588,0.998421930371725,0.0622467150375016,0.717606045215378,0.988298366959884,0.0328226301363833,0.61518363328602,0.99927870700711,-0.0294240849011181,0.905781933459163,0.994037609026979,"Sedoheptulose 1,7-bisphosphate","C7 H16 O13 P2",370.00651,368.9993,6.414,25.0108071502537,25.0452429666762,25.0223947487306,"MCI-associated increase"
"Com_1646_neg",0.0354632249588319,0.654139562648643,0.998421930371725,1.30179337781492,0.586359412302577,0.97424634381184,-0.487838385659608,0.653075680723815,0.99927870700711,-1.78963176347453,0.856350219562391,0.987763710173379,"6-Thioinosine-phosphate","C10 H13 N4 O7 P S",364.02769,363.02041,5.526,18.6368134508279,18.9003776091444,18.8779567598648,"MCI-associated increase"
"Com_37849_pos",0.0354557099715552,0.654208124574277,0.998421930371725,0.0187515966989093,0.504177753142834,0.97424634381184,0.0336806446314722,0.653075680723815,0.99927870700711,0.014929047932563,0.748763745418092,0.975261360435008,"isonicotinaldehyde 4-(5-methyl-2,4-dinitrophenyl)hydrazone","C13 H11 N5 O4",301.07864,302.08592,1.983,25.2831758655869,25.3949154578845,25.4690753682982,"Monotonic increase"
"Com_16891_pos",-0.035380560098788,0.654893902703802,0.998421930371725,-0.0332424484162945,0.599882105607627,0.97424634381184,-0.0458438195890548,0.6840535830945,0.99927870700711,-0.0126013711727602,0.96112911025941,1,"2-(14,15-Epoxyeicosatrienoyl) glycerol","C23 H38 O5",416.2558,417.26308,6.79,24.0722877094137,23.9292274329518,24.029491987705,"MCI-associated decrease"
"Com_2796_neg",-0.0352603203023605,0.655991747617819,0.998421930371725,-0.640513706059161,0.703047950925009,0.986572206543947,-1.66322482021444,0.660766879396193,0.99927870700711,-1.02271111415528,0.988889993758403,1,"Rosuvastatin","C22 H28 F N3 O6 S",481.17111,480.16383,6.088,11.0002865302663,11.0849587307023,10.9946499562218,"MCI-associated increase"
"Com_15374_pos",0.0352452903278071,0.656129030064181,0.998421930371725,0.00707161482584434,0.451663871524026,0.97424634381184,-0.290571413489436,0.656916736955335,0.99927870700711,-0.29764302831528,0.681233164972313,0.973840329352538,"S-(Methyl)Glutathione","C11 H19 N3 O6 S",321.10074,322.10802,3.967,21.4865901876801,22.8564223089544,22.4189862755738,"MCI-associated increase"
"Com_6077_pos",-0.0352377753405304,0.656197675602017,0.998421930371725,0.0311688277584332,0.811998572511015,0.998265352641438,-0.0573530398116579,0.664626020338615,0.99927870700711,-0.0885218675700913,0.850888800732806,0.986938771581683,"Leucocrystal violet","C25 H31 N3",178.11121,374.25566,5.573,25.3851402255372,25.4758077840906,25.3698464639476,"MCI-associated increase"
"Com_33779_neg",0.0351851704295933,0.656678274860842,0.998421930371725,-0.127757104647895,0.747027193565412,0.992345641070078,0.0227459124418897,0.664626020338615,0.99927870700711,0.150503017089785,0.411326283922083,0.952814429510526,"2-Hydroxyestradiol","C18 H24 O3",288.17348,287.16617,5.817,21.2594494869714,21.1335850740796,21.3902910158784,"MCI-associated decrease"
"Com_17161_neg",-0.0351475954932097,0.657021646224977,0.998421930371725,-0.0261672795335818,0.370250221899917,0.97424634381184,-0.160463645773561,0.653075680723815,0.99927870700711,-0.134296366239979,0.155512404291569,0.926123611056224,"N-Acetyl-Asp-Glu","C11 H16 N2 O8",304.09191,303.08464,4.749,20.3470663168807,22.737743275797,19.0189046158541,"MCI-associated increase"
"Com_738_pos",-0.0350949905822727,0.657502486654048,0.998421930371725,-0.480952467954758,0.533734081281277,0.97424634381184,-2.87935048207029,0.656916736955335,0.99927870700711,-2.39839801411553,0.785980992745559,0.982684488895692,"trans-3-Hydroxycotinine","C10 H12 N2 O2",192.09057,193.09785,1.652,18.4878938924867,18.3774196351914,18.4077687547606,"MCI-associated decrease"
"Com_30178_neg",-0.0350423856713357,0.65798346753518,0.998421930371725,-0.107474057593856,0.307815579377766,0.97424634381184,0.00431709425984442,0.687964833567644,0.99927870700711,0.1117911518537,0.544695495464747,0.955117225188735,"Folinic acid","C20 H23 N7 O7",473.16917,472.1619,1.645,22.6482963017689,22.5008053960078,22.624038173965,"MCI-associated decrease"
"Com_38683_pos",-0.0348394810148643,0.659839992055109,0.998421930371725,-0.747078718675093,0.0768601500881558,0.97424634381184,-0.1757449181569,0.695812335855543,0.99927870700711,0.571333800518192,0.153496398950392,0.926123611056224,"Avobenzone","C20 H22 O3",310.15857,311.16585,8.83,19.958360750836,17.010227080052,19.6007340988231,"MCI-associated decrease"
"Com_34337_pos",-0.0348019060784807,0.660184021141978,0.998421930371725,-0.0572999025508656,0.904044806718131,0.998265352641438,-0.103746826141848,0.672370943328761,0.99927870700711,-0.0464469235909828,0.544695495464747,0.955117225188735,"Choline bitartrate","C9 H19 N O7",253.11573,254.12301,5.477,22.4052639565202,22.4714293150163,22.3492099281269,"MCI-associated increase"
"Com_35994_neg",-0.0347042112438834,0.661078829709175,0.998421930371725,-0.719900632483204,0.128114605355869,0.97424634381184,0.734183769078881,0.695812335855543,0.99927870700711,1.45408440156208,0.247780744473925,0.926123611056224,"LPE 16:0","C21 H44 N O7 P",453.28863,452.28135,8.983,15.7465489077857,15.671396567083,15.7097850176492,"MCI-associated decrease"
"Com_45276_pos",-0.0346440913456696,0.661629719806685,0.998421930371725,-0.52270278876302,0.00226616848953077,0.906545585253139,-0.12521205194777,0.788212713301286,0.99927870700711,0.39749073681525,0.0108269711189201,0.696884579367964,"SPB 26:0;2O","C26 H55 N O2",413.42527,414.43255,9.681,20.0798658301157,19.6813924612649,19.9238675027891,"MCI-associated decrease"
"Com_1094_pos",0.0345689414729025,0.662318587683441,0.998421930371725,2.24185060105567,0.742096648392106,0.992345641070078,4.83416513380646,0.668494071359997,0.99927870700711,2.59231453275079,0.415301593462863,0.952814429510526,"Wogonin","C16 H12 O5",284.06975,285.07703,6.491,7.72987885884136,7.76563912940319,7.78487697441533,"Monotonic increase"
"Com_3821_neg",-0.0345163365619654,0.662800963700942,0.998421930371725,-0.750409144811908,0.447756614378861,0.97424634381184,-0.870088655584867,0.727521801994499,0.99927870700711,-0.11967951077296,0.845434525219498,0.985419326780897,"4-Methylcatechol","C7 H8 O2",124.05199,123.04472,4.729,20.9394785367433,20.7572864791285,21.170417009019,"MCI-associated decrease"
"Com_42505_pos",0.0343810667909845,0.664041995058417,0.998421930371725,1.69906252924154,0.987002241055627,0.998265352641438,0.305291125240739,0.664626020338615,0.99927870700711,-1.3937714040008,0.691473527334145,0.975261360435008,"3,4,10,11-tetramethoxy-7,8,12b,13-tetrahydro-5H-6-azatetraphene","C21 H25 N O4",355.17714,356.18442,7.526,16.535398394596,16.5146175796451,16.5300961090411,"MCI-associated decrease"
"Com_13673_pos",-0.0342457970200036,0.665283939757559,0.998421930371725,0.946545649913556,0.1012394706952,0.97424634381184,-0.258824972041768,0.60030231295578,0.99927870700711,-1.20537062195532,0.0442061925267845,0.769968157118732,"YLK","C21 H34 N4 O5",422.25311,445.24234,6.573,18.7114585949759,19.4719369572084,18.5296964459839,"MCI-associated increase"
"Com_3001_neg",0.0341481021854063,0.666181466182334,0.998421930371725,-1.25980074854124,0.158303529786652,0.97424634381184,-0.140965232640201,0.6840535830945,0.99927870700711,1.11883551590104,0.271307090498971,0.933435970527006,"N1-(6-methyl-4-oxo-3,4-dihydroquinazolin-2-yl)-4-nitrobenzamide","C16 H12 N4 O4",324.08779,323.08054,1.329,15.5564361717263,16.0921303921601,15.4450027320406,"MCI-associated increase"
"Com_41288_pos",-0.0341405871981295,0.666250526314117,0.998421930371725,-0.55330641949787,0.568552333025136,0.97424634381184,0.434929994806337,0.653075680723815,0.99927870700711,0.988236414304207,0.785980992745559,0.982684488895692,"D-Lactose monohydrate","C12 H22 O11",342.11788,343.12531,1.279,18.4350000659096,18.4443662756907,18.380654104927,"MCI-associated increase"
"Com_1450_pos",0.0341330722108528,0.666319589248741,0.998421930371725,-0.961502101390104,0.384333650558935,0.97424634381184,-1.39396497338292,0.68015079007303,0.99927870700711,-0.432462871992812,0.611274949976389,0.957584933101451,"5-(hydroxymethyl)-4-methoxy-2,5-dihydrofuran-2-one","C6 H8 O4",144.0405,145.04778,1.266,22.4753998060575,22.5893607409511,22.3953659240682,"MCI-associated increase"
"Com_31894_pos",0.0340353773762555,0.667217662228015,0.998421930371725,0.788734793215636,0.304734777861908,0.97424634381184,-0.178901685241177,0.668494071359997,0.99927870700711,-0.967636478456813,0.464748100925728,0.952814429510526,"Sinefungin","C15 H23 N7 O5",381.17964,382.18692,4.951,18.3744949748193,18.3503422789841,18.681014665503,"MCI-associated decrease"
"Com_10486_pos",-0.0339602275034883,0.66790880916862,0.998421930371725,-0.083317184284987,0.950637861926265,0.998265352641438,0.0592087114013594,0.676256546410303,0.99927870700711,0.142525895686347,0.712122795096669,0.975261360435008,"3-hydroxy-2-octylpentanedioic acid","C13 H24 O5",242.15296,243.16024,6.123,23.5132205878492,23.56649940363,23.419210127984,"MCI-associated increase"
"Com_17501_pos",-0.0338550176816143,0.668876883611713,0.998421930371725,0.989065026018575,0.162182920032768,0.97424634381184,-0.372147806341642,0.672370943328761,0.99927870700711,-1.36121283236022,0.253523947290226,0.926123611056224,"Desmethyldoxepin","C18 H19 N O",265.1476,266.15488,6.186,19.816798472902,19.5182318960302,19.6307846441126,"MCI-associated decrease"
"Com_38694_pos",-0.0338399877070608,0.669015224531066,0.998421930371725,-0.52059086061069,0.940263580611887,0.998265352641438,-0.578126073243015,0.668494071359997,0.99927870700711,-0.0575352126323253,0.748763745418092,0.975261360435008,"2-(cyclopropylcarbonyl)-3-(4-fluoroanilino)acrylonitrile","C13 H11 F N2 O",268.04537,269.05264,1.723,18.8151874219651,18.7207782796383,18.7284573041375,"MCI-associated decrease"
"Com_2341_neg",-0.0337648378342936,0.669707096002794,0.998421930371725,-0.712062188266465,0.747027193565412,0.992345641070078,-0.0852810222475029,0.62268461897365,0.99927870700711,0.626781166018962,0.900267843658807,0.994037609026979,"Glycocholic acid","C26 H43 N O6",465.30965,464.30236,6.237,23.0376709284174,22.5919553772926,22.5724010546092,"Monotonic decrease"
"Com_6114_neg",-0.0337422928724635,0.669914711629169,0.998421930371725,0.0740894332880262,0.852666421766873,0.998265352641438,-0.0447836284662007,0.637804046707695,0.99927870700711,-0.118873061754227,0.616165632187242,0.957584933101451,"N-Acetylalanine","C5 H9 N O3",131.05791,130.05063,2.679,26.3133101345923,26.3197201605374,26.2694678094118,"MCI-associated increase"
"Com_7898_neg",0.0337272628979101,0.670053135927605,0.998421930371725,0.0587492716328007,0.883432787149406,0.998265352641438,0.404914666204885,0.668494071359997,0.99927870700711,0.346165394572085,0.568056657183818,0.955117225188735,"ST 24:1;O2;G","C26 H43 N O4",433.32152,432.31424,7.036,21.43024546712,20.7918237938153,21.9450105238711,"MCI-associated decrease"
"Com_47602_neg",0.0336821729742498,0.670468475406252,0.998421930371725,-0.0726799684196547,0.827195887797856,0.998265352641438,0.114128360834375,0.68015079007303,0.99927870700711,0.18680832925403,0.845434525219498,0.985419326780897,"SHexCer 41:2;2O","C47 H89 N O11 S",875.62237,874.6148,1.246,19.0605839782807,19.0355601823165,19.1019927960589,"MCI-associated decrease"
"Com_44264_pos",-0.0335393882159921,0.671784374898378,0.998421930371725,0.393299222781749,0.231790589673772,0.97424634381184,0.121010304238868,0.715572534521343,0.99927870700711,-0.272288918542881,0.439625853937687,0.952814429510526,"5-methoxy-8,8-dimethyl-2-phenyl-4H,8H-pyrano[2,3-h]chromen-4-one","C21 H18 O4",356.10427,357.11155,6.477,18.3311965999672,18.0348786764797,18.3574691223723,"MCI-associated decrease"
"Com_24571_neg",-0.0335318732287154,0.671853660419484,0.998421930371725,-0.0912112778627855,0.1012394706952,0.97424634381184,0.228191224808686,0.751617506178232,0.99927870700711,0.319402502671472,0.253523947290226,0.926123611056224,"N,5-Bis(3-(trifluoromethyl)phenyl)oxazol-2-amine","C17 H10 F6 N2 O",372.06514,371.05786,1.605,22.0183550248442,21.0673294377523,21.3717001706021,"MCI-associated decrease"
"Com_15101_neg",-0.0332312737376467,0.674627340444351,0.998421930371725,-0.211925141021169,0.191369717003743,0.97424634381184,0.398249501427168,0.707644683840774,0.99927870700711,0.610174642448337,0.347257311765429,0.952814429510526,"Prostaglandin F3α","C20 H32 O5",398.23282,397.22554,7.707,21.1237837918022,21.015721532009,21.0343245327472,"MCI-associated decrease"
"Com_7915_neg",-0.0332312737376467,0.674627340444351,0.998421930371725,0.0383911924811133,0.929899426345924,0.998265352641438,0.0368686679437117,0.649243797688817,0.99927870700711,-0.00152252453740135,0.681233164972313,0.973840329352538,"L-Hydroxyproline","C5 H9 N O3",131.05808,130.05081,2.551,26.0310819297665,26.039582667081,25.9659676770425,"MCI-associated increase"
"Com_6060_pos",0.0331861838139864,0.675043771545308,0.998421930371725,1.54344745253528,0.581883464284275,0.97424634381184,-0.36823443770344,0.63022497386624,0.99927870700711,-1.91168189023872,0.391791030156657,0.952814429510526,"P-Acetamidophenyl-b-D-glucuronide","C14 H17 N O8",344.12337,345.13065,2.726,13.5230040070723,13.5125925893531,13.8325235827232,"MCI-associated decrease"
"Com_13897_pos",-0.0331561238648795,0.675321447050045,0.998421930371725,-0.671622522938543,0.356491880867446,0.97424634381184,0.172593708248136,0.672370943328761,0.99927870700711,0.844216231186678,0.521821734292681,0.952814429510526,"AL 8810 Methyl ester","C25 H33 F O4",438.22493,439.23222,6.997,19.184284415029,18.9895382902543,19.2837789143278,"MCI-associated decrease"
"Com_7122_pos",-0.0331486088776028,0.675390872767867,0.998421930371725,-0.00361695102691022,0.608974903493647,0.97424634381184,-0.0521767193440026,0.664626020338615,0.99927870700711,-0.0485597683170924,0.834548421874662,0.985419326780897,"Andrographolide","C20 H30 O5",350.21042,351.21756,6.014,25.2127546915934,25.0880880502004,25.1145893994581,"MCI-associated decrease"
"Com_27474_neg",-0.0331335789030493,0.675529732409882,0.998421930371725,-0.0801162307926331,0.525200934142181,0.97424634381184,-0.154505782585989,0.6840535830945,0.99927870700711,-0.0743895517933561,0.250640861950463,0.926123611056224,"Aminomalonic acid","C3 H5 N O4",119.02128,118.014,1.385,19.8659541192097,19.9484882409606,19.7818787891714,"MCI-associated increase"
"Com_16929_neg",-0.0330283690811753,0.676502055948911,0.998421930371725,-1.01659264457334,0.263753978368104,0.97424634381184,-0.808693481025275,0.699748400490335,0.99927870700711,0.207899163548064,0.443757952476775,0.952814429510526,"4,5-diphenyl-2,3-dihydro-1H-pyrazolo[3,4-c]pyridazin-3-one","C17 H12 N4 O",288.10176,287.09453,5.813,20.6734276233126,20.5786784799677,20.749174758819,"MCI-associated decrease"
"Com_30545_pos",0.0330133391066219,0.676641002982952,0.998421930371725,-0.191826485757781,0.898885180907176,0.998265352641438,0.0159580090095143,0.660766879396193,0.99927870700711,0.207784494767295,0.625998115151927,0.960312520734856,"bicyclo[2.2.2]oct-2-en-1-yl 4-methylbenzene-1-sulfonate","C15 H18 O3 S",278.09529,279.10257,2.448,20.4910871048124,20.6051869608311,20.6110405722025,"Monotonic increase"
"Com_31011_neg",0.0329457042211314,0.677266399531926,0.998421930371725,0.239206153389204,0.314038811796066,0.97424634381184,0.150950018755892,0.637804046707695,0.99927870700711,-0.088256134633312,0.165894927274966,0.926123611056224,"13,14-dihydro-15-keto Prostaglandin A2","C20 H30 O4",316.20614,315.19901,5.9,20.463893845917,20.3310490033959,20.5846212317736,"MCI-associated decrease"
"Com_3979_neg",-0.0328930993101944,0.677752971506231,0.998421930371725,-0.119254309525246,0.827195887797856,0.998265352641438,-0.0756608761544069,0.699748400490335,0.99927870700711,0.0435934333708386,0.818279173936408,0.983773838328041,"3-Methylglutaric acid","C6 H10 O4",146.05766,145.0503,5.219,26.6640014121673,26.473957538724,26.4061235495301,"Monotonic decrease"
"Com_4087_neg",0.0328855843229177,0.677822492664883,0.998421930371725,0.0705900317636303,0.873155405707105,0.998265352641438,0.0626717353408383,0.668494071359997,0.99927870700711,-0.00791829642279173,0.856350219562391,0.987763710173379,"N-Acetyl-L-phenylalanine","C11 H13 N O3",207.09019,206.08291,5.631,25.8534503411249,25.8706052965584,25.8939866249474,"Monotonic increase"
"Com_9199_pos",-0.03274279956466,0.679143910435489,0.998421930371725,-3.00516731732883,0.0178502068693159,0.97424634381184,-1.40611217676705,0.739537694281214,0.99927870700711,1.59905514056178,0.0413523218726342,0.769968157118732,"4-butyl-4-(hydroxymethyl)-1,2-diphenylpyrazolidine-3,5-dione","C20 H22 N2 O3",376.12057,377.12785,5.987,14.5832519141355,14.405514659446,14.7013287971922,"MCI-associated decrease"
"Com_25466_pos",0.0327127396155531,0.679422228327439,0.998421930371725,0.109307266038856,0.406063584139033,0.97424634381184,0.967756956742415,0.691884448907085,0.99927870700711,0.858449690703559,0.625998115151927,0.960312520734856,"PB-22 N-(4-Hydroxypentyl)-3-carboxyindole metabolite","C14 H17 N O3",247.1216,248.12888,6.585,17.8098055069626,17.7610837038779,17.8170398609841,"MCI-associated decrease"
"Com_208_neg",-0.0324948049845283,0.681441325662745,0.998421930371725,-0.138831452308197,0.263753978368104,0.97424634381184,-0.0743064780517387,0.743557331030647,0.99927870700711,0.0645249742564585,0.52635665808374,0.953146719171818,"L-Threonic acid","C4 H8 O5",136.03684,135.02956,1.323,31.7930702096709,31.5970855321312,31.8021117118714,"MCI-associated decrease"
"Com_27936_pos",-0.0324422000735913,0.681929033489672,0.998421930371725,0.53139934091213,0.56414129164058,0.97424634381184,1.06687611207293,0.68015079007303,0.99927870700711,0.535476771160796,0.796709153380386,0.982684488895692,"Gedunin","C28 H34 O7",482.23032,483.23761,8.006,10.547610560475,10.531313944963,10.5333276566903,"MCI-associated decrease"
"Com_46659_neg",-0.0324422000735913,0.681929033489672,0.998421930371725,-0.164406053088388,0.333201642273085,0.97424634381184,0.0303229550372763,0.68015079007303,0.99927870700711,0.194729008125664,0.486279233997147,0.952814429510526,"6-(2,4-dichlorophenyl)-1-methyl-7,8-dihydroimidazo[1,5-a]pyrazin-8-one","C13 H9 Cl2 N3 O",293.01256,292.00528,5.704,20.1599643139214,20.0193231096734,19.9937768926973,"Monotonic decrease"
"Com_5929_pos",0.0324271700990379,0.682068402774194,0.998421930371725,-0.04514501570759,0.391496632710145,0.97424634381184,-0.0748093847254905,0.699748400490335,0.99927870700711,-0.0296643690179005,0.616165632187242,0.957584933101451,"N2-Acetyl-L-ornithine","C7 H14 N2 O3",174.10127,158.08194,2.259,25.7507720345202,25.9564470813226,25.765680690274,"MCI-associated increase"
"Com_2918_pos",-0.0322618403789501,0.683602173090149,0.998421930371725,-0.0253609357912184,0.997400337824886,0.999268128719689,0.00564475607728659,0.664626020338615,0.99927870700711,0.0310056918685049,0.754047050924864,0.975970962603451,"Creatinine","C4 H7 N3 O",113.05965,114.06694,0.525,27.5338884428219,27.5682825765767,27.4606765985062,"MCI-associated increase"
"Com_3529_pos",-0.032156630557076,0.684578883078024,0.998421930371725,-0.0796415707986134,0.909208487373826,0.998265352641438,-0.198977471134432,0.645421174111275,0.99927870700711,-0.119335900335819,0.706939940536508,0.975261360435008,"Methyl nicotinate","C7 H7 N O2",137.04833,138.05551,5.003,26.1897364986311,26.1809244654907,26.2140890230295,"MCI-associated decrease"
"Com_324_neg",-0.0320589357224787,0.685486296194548,0.998421930371725,0.661822243134776,0.455590338923466,0.97424634381184,-0.557136477750571,0.63022497386624,0.99927870700711,-1.21895872088535,0.306085122476572,0.950685286066565,"D-(-)-Quinic acid","C7 H12 O6",192.06374,191.05644,1.369,24.4890907272704,24.4566408435468,24.4091767087463,"Monotonic decrease"
"Com_1671_neg",-0.0319913008369882,0.68611476872595,0.998421930371725,1.33383223004304,0.428510902013048,0.97424634381184,0.544890293917831,0.731519829268882,0.99927870700711,-0.788941936125205,0.738232666470675,0.975261360435008,"Orotidine 5'-monophosphate","C10 H13 N2 O11 P",368.02232,367.01514,5.599,17.5395287579063,17.593474211182,17.2082782164075,"MCI-associated increase"
"Com_17990_neg",0.031916150964221,0.686813323814103,0.998421930371725,-0.331942573510858,0.272198767366916,0.97424634381184,0.070483720762137,0.649243797688817,0.99927870700711,0.402426294272994,0.138077374847788,0.926123611056224,"aminoimidazole carboxamide ribonucleotide","C9 H15 N4 O8 P",338.06275,337.05547,1.437,24.0549536102178,23.6649876786061,24.1548731521153,"MCI-associated decrease"
"Com_16810_pos",-0.0318259711169004,0.687651939734575,0.998421930371725,-1.81687403397509,0.878291532510976,0.998265352641438,-2.34702640351485,0.668494071359997,0.99927870700711,-0.530152369539763,0.88925435424667,0.993217285014548,"Morphine","C17 H19 N O3",285.13799,286.14526,4.081,17.8802749318654,17.8783646519367,17.882622761272,"MCI-associated decrease"
"Com_48083_pos",0.0317883961805168,0.688001475463644,0.998421930371725,-0.0055579498465182,0.260979641885628,0.97424634381184,0.621772992243319,0.62268461897365,0.99927870700711,0.627330942089837,0.159604618905912,0.926123611056224,"Methylbenzethonium chloride","C28 H43 N O2",426.33483,427.3421,10.271,16.2001326429473,16.0247440905941,16.219610609649,"MCI-associated decrease"
"Com_21775_pos",0.0316756713713661,0.689050478617322,0.998421930371725,0.154942187770998,0.781820860064895,0.998265352641438,0.216037106585141,0.641607895520296,0.99927870700711,0.0610949188141427,0.601545587417017,0.955684897603873,"Vindoline","C25 H32 N2 O6",456.23136,457.23864,5.568,19.8057637133237,19.8065187496282,19.7946913657159,"MCI-associated increase"
"Com_30331_pos",-0.0316681563840893,0.689120433249639,0.998421930371725,-0.469568773523718,0.0385501743460928,0.97424634381184,0.396602514563121,0.808753064222834,0.99927870700711,0.86617128808684,0.130829628579088,0.926123611056224,"(S)-10-Hydroxycamptothecin","C20 H16 N2 O5",386.09233,387.09961,5.975,19.664972699266,19.2613755185093,19.6122830876044,"MCI-associated decrease"
"Com_11496_neg",-0.0316380964349825,0.689400278104693,0.998421930371725,0.0862108596951533,0.827195887797856,0.998265352641438,0.158187859913649,0.649243797688817,0.99927870700711,0.0719770002184955,0.994444862240747,1,"Nicotinate ribonucleoside","C11 H13 N O6",255.07497,300.0733,5.325,23.4445088941629,23.338028715678,23.1574082149467,"Monotonic decrease"
"Com_19234_pos",0.0316305814477058,0.68947024589727,0.998421930371725,-0.131239397508423,0.467484261734005,0.97424634381184,-0.277271908397284,0.723531177879177,0.99927870700711,-0.14603251088886,0.759341893801283,0.975970962603451,"Guanosine-3',5'-cyclic monophosphate","C10 H12 N5 O7 P",345.04877,346.05605,3.391,21.8557508238753,22.1198635370957,21.9632146239465,"MCI-associated increase"
"Com_32925_pos",-0.031465251727618,0.691010201908717,0.998421930371725,-0.437034336372469,0.66004076709954,0.978176760105966,-0.243304606527439,0.715572534521343,0.99927870700711,0.19372972984503,0.98333566379072,1,"ARH","C15 H26 N8 O4",191.10677,192.11404,3.577,18.295391946386,18.2500992348204,18.2104026725772,"Monotonic decrease"
"Com_8968_neg",0.031465251727618,0.691010201908719,0.998421930371725,1.44501672444165,0.333201642273085,0.97424634381184,1.23997733160676,0.649243797688817,0.99927870700711,-0.205039392834888,0.188210458967053,0.926123611056224,"2-oxo-2H-chromene-3-carboxylic acid","C10 H6 O4",190.02679,189.01953,5.297,20.8492554954052,20.6390661415701,20.8291229725465,"MCI-associated decrease"
"Com_18931_pos",0.0314126468166809,0.691500453994211,0.998421930371725,0.499177733299023,0.0339144289153719,0.97424634381184,0.135144589517959,0.735525160097836,0.99927870700711,-0.364033143781064,0.0660519910121534,0.867791165027521,"(R)-3-Hydroxy myristic acid","C14 H28 O3",261.23152,262.23879,5.747,22.811628975875,23.3399931708622,22.8792112145024,"MCI-associated increase"
"Com_4411_neg",0.0314126468166809,0.691500453994211,0.998421930371725,0.0753111368754292,0.650628184064169,0.978176760105966,0.121475332311582,0.672370943328761,0.99927870700711,0.0461641954361531,0.845434525219498,0.985419326780897,"L-Tyrosine","C9 H11 N O3",181.07405,180.06678,2.504,26.831960401227,26.767034040227,26.6102454429366,"Monotonic decrease"
"Com_9538_neg",-0.0312848920329767,0.692691599332568,0.998421930371725,-0.135238778307339,0.613544182102069,0.97424634381184,-0.0990733432578588,0.691884448907085,0.99927870700711,0.0361654350494805,0.850888800732806,0.986938771581683,"Sulfoacetic acid","C2 H4 O5 S",139.97766,138.97038,1.309,25.6688882882497,25.5800648655952,25.6565820042649,"MCI-associated decrease"
"Com_19703_pos",0.0311195623128889,0.694234199191142,0.998421930371725,-0.0188036908391821,0.266548592578005,0.97424634381184,0.00953779892060162,0.751617506178232,0.99927870700711,0.0283414897597838,0.508338548074027,0.952814429510526,"DL-Stachydrine","C7 H13 N O2",143.09542,144.1027,1.124,23.7397384351566,23.9708065801309,23.8226700479515,"MCI-associated increase"
"Com_23867_pos",0.0311195623128889,0.694234199191142,0.998421930371725,0.573380135849325,0.409755270771572,0.97424634381184,0.560046028364419,0.735525160097836,0.99927870700711,-0.0133341074849059,0.691473527334145,0.975261360435008,"Docosahexaenoyl Ethanolamide","C24 H37 N O2",371.28409,372.2915,6.306,20.4899162411045,20.4376990918119,20.4898241980247,"MCI-associated decrease"
"Com_7430_pos",0.0311120473256122,0.694304347245618,0.998421930371725,-0.0117649677351292,0.817056781514819,0.998265352641438,0.0477614430853923,0.695812335855543,0.99927870700711,0.0595264108205215,0.905781933459163,0.994037609026979,"VLH","C17 H29 N5 O4",367.22356,368.23082,5.235,22.9469083343558,22.7422492195992,22.9532217147452,"MCI-associated decrease"
"Com_915_pos",0.0310744723892286,0.694655126416296,0.998421930371725,0.547291207296343,0.786829057503247,0.998265352641438,0.191290138693078,0.645421174111275,0.99927870700711,-0.356001068603265,0.616165632187242,0.957584933101451,"Pipecolic acid","C6 H11 N O2",129.07969,130.08697,1.386,26.5246590122663,26.3957747636894,26.590992148407,"MCI-associated decrease"
"Com_5119_neg",0.0309542325928011,0.695778054767728,0.998421930371725,-0.173013676260421,0.878291532510976,0.998265352641438,-0.0159444623304908,0.731519829268882,0.99927870700711,0.157069213929931,0.743492207683456,0.975261360435008,"Nicotinamide N-oxide","C6 H6 N2 O2",138.0428,137.03552,4.323,25.4269544359201,25.4496091365051,25.6465936097622,"Monotonic increase"
"Com_30279_pos",0.0308941126945874,0.696339767023493,0.998421930371725,-0.0833518439015881,0.339753537931744,0.97424634381184,-0.59286820370189,0.695812335855543,0.99927870700711,-0.509516359800302,0.486279233997147,0.952814429510526,"Bisphenol G","C21 H28 O2",329.23323,330.24051,4.971,18.605828560267,18.7295439010603,18.8327429255731,"Monotonic increase"
"Com_6259_pos",0.030879082720034,0.696480220882891,0.998421930371725,-0.371194308212102,0.645942585778995,0.978176760105966,-0.0879037259201338,0.711604711443753,0.99927870700711,0.283290582291968,0.343697435429192,0.952814429510526,"Progesterone","C21 H30 O2",314.22597,315.23342,6.291,24.1379421928436,24.1122354655357,24.245468782921,"MCI-associated decrease"
"Com_2171_neg",0.0308114478345435,0.697112390770339,0.998421930371725,0.0430479783025177,0.471486819309996,0.97424634381184,-0.116848415288995,0.676256546410303,0.99927870700711,-0.159896393591513,0.611274949976389,0.957584933101451,"Pseudouridine","C9 H12 N2 O6",244.07035,243.06307,1.71,25.8920284338111,27.6388308827444,26.1483286195478,"MCI-associated increase"
"Com_11685_pos",-0.0307212679872229,0.697955608034217,0.998421930371725,-0.157144614631105,0.595358868812575,0.97424634381184,-0.0375859067503392,0.687964833567644,0.99927870700711,0.119558707880766,0.796709153380386,0.982684488895692,"Punicic Acid","C18 H30 O2",278.22575,279.23307,6.053,24.0517648770188,24.1362473984398,23.9802992304697,"MCI-associated increase"
"Com_24259_neg",0.0307212679872229,0.697955608034217,0.998421930371725,0.22457086603345,0.568552333025136,0.97424634381184,0.0870835753485617,0.711604711443753,0.99927870700711,-0.137487290684888,0.829117100218728,0.985419326780897,"Thymidine","C10 H14 N2 O5",242.09113,241.08386,2.994,21.1367758260901,21.6379712693565,21.2802698294387,"MCI-associated increase"
"Com_12941_pos",0.0306611480890091,0.698517958228675,0.998421930371725,0.0214229805153115,0.940263580611887,0.998265352641438,0.0991932687433036,0.664626020338615,0.99927870700711,0.0777702882279921,0.738232666470675,0.975261360435008,"4-Ethoxybenzaldehyde","C9 H10 O2",150.06888,151.07615,6.008,24.1034008771897,24.0458929605124,24.1956323695339,"MCI-associated decrease"
"Com_10969_pos",-0.0306010281907954,0.699080472384808,0.998421930371725,-0.427450131616694,0.021617036714389,0.97424634381184,0.100523840857234,0.879499023002221,0.99927870700711,0.527973972473928,0.115603111450903,0.914281594941658,"Stearamide","C18 H37 N O",283.28902,284.29627,10.341,25.7089926281012,23.523550377083,25.4561847417628,"MCI-associated decrease"
"Com_9592_pos",-0.0305333933053049,0.699713496454187,0.998421930371725,0.0875443057042603,0.395108310315354,0.97424634381184,-0.113883289493223,0.581933230381704,0.99927870700711,-0.201427595197483,0.376575631556324,0.952814429510526,"N-Acetyl-aspartic acid","C6 H9 N O5",175.04882,176.05609,1.698,24.3801581610186,24.5519896028269,24.4573628833274,"MCI-associated increase"
"Com_2150_neg",0.0302778837378965,0.702106783527939,0.998421930371725,-0.822423490657674,0.455590338923466,0.97424634381184,-0.573007689542057,0.695812335855543,0.99927870700711,0.249415801115617,0.236569016868553,0.926123611056224,"6-Sialyllactose","C23 H39 N O19",633.21284,632.20556,1.35,28.0097951328478,27.8339048755835,28.0659886813712,"MCI-associated decrease"
"Com_22273_pos",-0.0302703687506198,0.702177218781548,0.998421930371725,-0.937086998035473,0.158303529786652,0.97424634381184,-0.838519587525286,0.747583968977052,0.99927870700711,0.0985674105101869,0.293111309450327,0.946090802750678,"5,6-diphenyl-2,3-dihydropyrazine","C16 H14 N2",234.11699,235.12427,6.149,19.88217050909,19.5650851806072,19.7245290468809,"MCI-associated decrease"
"Com_20220_pos",-0.0302553387760664,0.702318096890086,0.998421930371725,0.446343378523897,0.781820860064895,0.998265352641438,-0.100631249006042,0.676256546410303,0.99927870700711,-0.546974627529939,0.558654854496645,0.955117225188735,"N'2-cinnamoyl-3-(1H-pyrrol-1-yl)thiophene-2-carbohydrazide","C18 H15 N3 O2 S",337.08094,338.08822,1.926,13.9435065823225,13.8405500133966,13.8441677677329,"MCI-associated decrease"
"Com_49787_pos",0.0302478237887897,0.702388539743944,0.998421930371725,0.00774588257213472,0.424720330369171,0.97424634381184,0.367816858758628,0.68015079007303,0.99927870700711,0.360070976186494,0.236569016868553,0.926123611056224,"Lysope 16:0","C21 H44 N O7 P",453.28754,454.29481,6.307,18.5205339061124,18.3745415029102,18.7739967824553,"MCI-associated decrease"
"Com_36918_pos",-0.0300749790814251,0.704009423215827,0.998421930371725,-0.367534596458781,0.204998198444284,0.97424634381184,-0.0407678038733533,0.763758485453305,0.99927870700711,0.326766792585427,0.399536640886351,0.952814429510526,"FLK","C21 H34 N4 O4",388.24575,389.25303,6.165,19.9709231914164,19.8705785882169,19.8414044462393,"Monotonic decrease"
"Com_4662_pos",-0.0300749790814251,0.704009423215827,0.998421930371725,0.581938263403582,0.387905066234256,0.97424634381184,0.0998304929415495,0.653075680723815,0.99927870700711,-0.482107770462033,0.250640861950463,0.926123611056224,"N-Acetyl-DL-valine","C7 H13 N O3",159.0912,341.17227,5.296,25.1177982412789,25.1983816466025,24.8148381556572,"MCI-associated increase"
"Com_35457_pos",-0.029999829208658,0.704714571332929,0.998421930371725,-0.045645974033481,0.43232108085308,0.97424634381184,0.0654706565615391,0.747583968977052,0.99927870700711,0.11111663059502,0.717318982344425,0.975261360435008,"Psoralidin","C20 H16 O5",336.10453,337.11181,1.292,20.8942833840355,20.7821239082562,20.7492352171914,"Monotonic decrease"
"Com_8026_pos",0.0299171643486141,0.705490524666485,0.998421930371725,1.07176967889006,0.20733656909646,0.97424634381184,0.0805848859276338,0.653075680723815,0.99927870700711,-0.991184792962428,0.112416493791439,0.914281594941658,"Isorhamnetin","C16 H12 O7",316.06016,317.06744,5.589,20.1402936743315,20.0526696474603,20.3568085360314,"MCI-associated decrease"
"Com_20404_pos",0.0299021343740606,0.705631639723036,0.998421930371725,0.249203749049545,0.191369717003743,0.97424634381184,0.0673132643257554,0.719548055924393,0.99927870700711,-0.18189048472379,0.293111309450327,0.946090802750678,"(2E,4E)-N-[2-(4-hydroxyphenyl)ethyl]dodeca-2,4-dienamide","C20 H29 N O2",315.21705,316.22433,4.905,18.8276950947981,19.9277373719459,19.0526012928149,"MCI-associated increase"
"Com_17120_neg",0.0297894095649099,0.706690322049214,0.998421930371725,-0.230509174146877,0.679026964522413,0.981173331585391,-0.045279274281473,0.68015079007303,0.99927870700711,0.185229899865404,0.464748100925728,0.952814429510526,"Aldosterone","C21 H28 O5",360.19588,359.1886,6.29,23.4658479924276,23.2824906260415,23.5533633738966,"MCI-associated decrease"
"Com_2238_neg",-0.0297894095649099,0.706690322049214,0.998421930371725,0.439892167135492,0.655327630907459,0.978176760105966,0.00520517465093349,0.731519829268882,0.99927870700711,-0.434686992484559,0.96112911025941,1,"Dl-3,4-Dihydroxymandelic Acid","C8 H8 O5",184.03755,183.03026,5.58,23.2745741116559,22.7669438228038,22.8799290066254,"MCI-associated decrease"
"Com_10916_pos",0.0297668646030797,0.706902126054845,0.998421930371725,-1.5449542830273,0.443868638601511,0.97424634381184,-1.26840700021442,0.715572534521343,0.99927870700711,0.276547282812874,0.210122011809528,0.926123611056224,"Avicularin","C20 H18 O11",434.08498,435.09225,5.293,20.0368693362035,19.7889016386934,19.9411388564585,"MCI-associated decrease"
"Com_1054_pos",-0.0297518346285263,0.707043341214645,0.998421930371725,-0.170249452349485,0.349735144524692,0.97424634381184,0.156376260059675,0.731519829268882,0.99927870700711,0.326625712409161,0.549329305837179,0.955117225188735,"Methylparaben","C8 H8 O3",152.0481,153.05541,5.575,25.5058090470451,25.2894361061993,25.3892499716378,"MCI-associated decrease"
"Com_9414_pos",-0.0296917147303125,0.707608301674682,0.998421930371725,-0.736716116153028,0.862899385969575,0.998265352641438,-0.312576037117625,0.719548055924393,0.99927870700711,0.424140079035403,0.549329305837179,0.955117225188735,"1-hydroxy-2-phenyl-1,5,6,7-tetrahydro-4H-benzimidazol-4-one","C13 H12 N2 O2",228.09074,229.09833,5.165,22.0371220547651,22.0847523347519,21.4088891992203,"MCI-associated increase"
"Com_1959_pos",-0.0296240798448221,0.70824407283609,0.998421930371725,-0.267991818310147,0.0385501743460928,0.97424634381184,0.0353654438529811,0.858564674040828,0.99927870700711,0.303357262163128,0.151500328059979,0.926123611056224,"Methyl palmitate","C17 H34 O2",287.28371,288.29098,6.773,28.3805519496542,28.2013522844134,28.3125031355791,"MCI-associated decrease"
"Com_13071_pos",-0.0295865049084385,0.708597366119876,0.998421930371725,0.102955432751315,0.786829057503247,0.998265352641438,0.832749809937877,0.715572534521343,0.99927870700711,0.729794377186562,0.490649280435088,0.952814429510526,"2-{[2-(3-cyano-2-pyridinyl)hydrazino]carbonyl}benzoic acid","C14 H10 N4 O3",282.07331,283.08058,4.894,20.5630055224442,20.4247997553396,20.6393937546893,"MCI-associated decrease"
"Com_18593_neg",-0.029518870022948,0.709233450517019,0.998421930371725,0.264672441206418,0.914376006626322,0.998265352641438,-0.379503423917031,0.771885073883587,0.99927870700711,-0.644175865123448,0.481930319951778,0.952814429510526,"Uridine 5'-diphosphate (UDP)","C9 H14 N2 O12 P2",404.00362,402.99635,2.211,19.3218770145972,19.3819470891584,19.4639836770294,"Monotonic increase"
"Com_9652_pos",-0.0294737800992877,0.709657618394187,0.998421930371725,0.342433389845853,0.568552333025136,0.97424634381184,2.16946786539599,0.672370943328761,0.99927870700711,1.82703447555013,0.387952630840432,0.952814429510526,"2-{[5-(4-chlorophenyl)-4H-1,2,4-triazol-3-yl]thio}-3-nitropyridine","C13 H8 Cl N5 O2 S",333.00844,334.01572,4.684,18.6066166375722,18.477470122672,18.4165079328362,"Monotonic decrease"
"Com_33169_pos",-0.0293685702774137,0.710647689941029,0.998421930371725,-0.0899626847791293,0.387905066234256,0.97424634381184,0.253192079064431,0.731519829268882,0.99927870700711,0.34315476384356,0.591886711568426,0.955684897603873,"Reynoutrin","C20 H18 O11",434.07985,435.08713,6.076,20.3768773277725,20.15823366474,20.2550894171199,"MCI-associated decrease"
"Com_30789_neg",0.0293460253155835,0.710859911135381,0.998421930371725,0.0623710788054972,0.391496632710145,0.97424634381184,0.0409596177893788,0.645421174111275,0.99927870700711,-0.0214114610161183,0.280511823439937,0.942486120971035,"Estrone sulfate","C18 H22 O5 S",350.121,349.11372,6.003,20.5470181413078,20.4893963733288,20.6421494288666,"MCI-associated decrease"
"Com_704_pos",0.0293385103283068,0.710930656468566,0.998421930371725,-0.0915250856077509,0.698219038274619,0.986572206543947,-0.0285091306701098,0.695812335855543,0.99927870700711,0.0630159549376411,0.460506411169444,0.952814429510526,"N6,N6,N6-Trimethyl-L-lysine","C9 H20 N2 O2",188.15358,189.16086,1.217,29.4595644110986,29.4446027154095,29.7090819517705,"MCI-associated decrease"
"Com_11420_neg",-0.0292859054173698,0.711425942835676,0.998421930371725,-0.0834811689040919,0.189164669884543,0.97424634381184,-0.03737606993247,0.812877491578446,0.99927870700711,0.046105098971622,0.44791214309302,0.952814429510526,"Methyl EudesMate","C11 H14 O5",226.08474,225.07744,5.148,20.336473990467,19.8427288044375,20.3945168186709,"MCI-associated decrease"
"Com_7327_pos",-0.0292708754428163,0.711567475399622,0.998421930371725,0.119066709838087,0.40239183054899,0.97424634381184,-0.21972660844654,0.695812335855543,0.99927870700711,-0.338793318284627,0.215232482238929,0.926123611056224,"Pyridostigmine","C9 H12 N2 O2",180.09064,181.09795,4.858,24.7044024435418,25.6028119209822,24.758664016951,"MCI-associated increase"
"Com_70_pos",0.0292182705318793,0.712062916888179,0.998421930371725,0.113397605681031,0.56414129164058,0.97424634381184,0.129244065987616,0.715572534521343,0.99927870700711,0.0158464603065846,0.780631974791441,0.982684488895692,"Proline-hydroxyproline","C10 H16 N2 O4",103.06533,229.11993,1.416,30.6764601106937,30.5423132927485,30.714892120378,"MCI-associated decrease"
"Com_29222_pos",-0.0291882105827724,0.712346080395277,0.998421930371725,-0.0901775481136878,0.599882105607627,0.97424634381184,-1.05634986972633,0.691884448907085,0.99927870700711,-0.966172321612641,0.38413723439593,0.952814429510526,"1,3-dimethyl 2,4-bis(4-hydroxyphenyl)cyclobutane-1,3-dicarboxylate","C20 H20 O6",378.10484,379.11212,4.838,17.9444640158818,18.0801456618714,17.9763837600523,"MCI-associated increase"
"Com_43289_neg",0.0291280906845587,0.712912525246641,0.998421930371725,0.849651382550025,0.914376006626322,0.998265352641438,0.423978902680792,0.715572534521343,0.99927870700711,-0.425672479869233,0.812873068585294,0.983351253121837,"UDP-galactose","C15 H24 N2 O17 P2",566.05762,565.05034,2.265,17.3566704116459,17.314600155269,17.4253332680476,"MCI-associated decrease"
"Com_46505_pos",0.029120575697282,0.712983341889602,0.998421930371725,0.634232657780378,0.198098243217699,0.97424634381184,0.1099179804071,0.585585974470941,0.99927870700711,-0.524314677373278,0.185883969112555,0.926123611056224,"Ingenol-3-angelate","C25 H34 O6",430.23784,431.24512,8.033,16.954995442948,16.3915628344203,17.1826216547813,"MCI-associated decrease"
"Com_8167_neg",0.0290980307354518,0.713195806520714,0.998421930371725,-0.553437511491403,0.4361508056837,0.97424634381184,0.456122218128684,0.664626020338615,0.99927870700711,1.00955972962009,0.293111309450327,0.946090802750678,"Stercobilin","C33 H46 N4 O6",594.34332,593.33604,5.641,18.1014878158118,17.9670696647048,18.312368628513,"MCI-associated decrease"
"Com_38565_pos",0.0290905157481751,0.713266632963329,0.998421930371725,-0.486221891551449,0.424720330369171,0.97424634381184,-0.138278648748427,0.656916736955335,0.99927870700711,0.347943242803022,0.296319630148174,0.947377138639377,"5-[4-(tert-butyl)phenyl]-1,3,4-oxadiazole-2-thiol","C12 H14 N2 O S",234.08048,235.08776,6.674,19.6596415384198,19.6654710909926,19.6322066814801,"MCI-associated increase"
"Com_671_neg",-0.0290830007608984,0.713337461854485,0.998421930371725,-0.182382471533205,0.862899385969575,0.998265352641438,-0.29629717662074,0.699748400490335,0.99927870700711,-0.113914705087535,0.916823486673997,1,"3-Hydroxy-3-methylglutaric acid","C6 H10 O5",162.05282,161.04557,3.174,27.5795884779524,27.5342366250632,27.6591131208702,"MCI-associated decrease"
"Com_35580_neg",-0.0290754857736217,0.713408293193635,0.998421930371725,-0.869089716899866,0.806948197205095,0.998265352641438,-1.02370949414423,0.747583968977052,0.99927870700711,-0.154619777244368,0.845434525219498,0.985419326780897,"3,5-Diiodo-L-thyronine","C15 H13 I2 N O4",524.89296,523.88568,3.088,17.7046920996851,17.7140767323686,17.7538316423151,"Monotonic increase"
"Com_7912_pos",-0.0290529408117915,0.713620801893539,0.998421930371725,0.363971818532332,0.568552333025136,0.97424634381184,0.209718413548022,0.656916736955335,0.99927870700711,-0.15425340498431,0.431428257491981,0.952814429510526,"3,4-Dihydroxybenzaldehyde","C7 H6 O3",138.03239,139.03961,4.985,23.3488367249791,23.4089965516552,23.1771968632795,"MCI-associated increase"
"Com_25079_pos",0.0289777909390243,0.714329323119925,0.998421930371725,0.195578503858814,0.776821692720023,0.998265352641438,-0.0253133872769433,0.743557331030647,0.99927870700711,-0.220891891135757,0.894758563045729,0.994037609026979,"Eicosapentaenoic acid ethyl ester","C22 H34 O2",330.25733,331.26461,6.953,20.5078400102711,20.7079222145414,20.8535703162208,"Monotonic increase"
"Com_39594_pos",0.0288350061807667,0.715676185297739,0.998421930371725,0.265787664923275,0.252777989502321,0.97424634381184,0.0349789856265771,0.660766879396193,0.99927870700711,-0.230808679296698,0.151500328059979,0.926123611056224,"1,4-dihydroxyheptadec-16-en-2-yl acetate","C19 H36 O4",310.25191,311.25919,8.526,17.9676900647256,17.9521373362561,17.9799847368122,"MCI-associated decrease"
"Com_37850_neg",0.02882749119349,0.715747097112233,0.998421930371725,-0.154900641630746,0.329956481578519,0.97424634381184,-0.00098180707776518,0.687964833567644,0.99927870700711,0.153918834552981,0.179032133159955,0.926123611056224,"2'-O-Methyladenosine","C11 H15 N5 O4",281.11208,280.10478,1.325,21.4989488093821,21.2901647855169,21.5656364559146,"MCI-associated decrease"
"Com_2643_neg",-0.0287748862825529,0.716243547802937,0.998421930371725,0.215922013488755,0.336467330954755,0.97424634381184,0.378999886020896,0.645421174111275,0.99927870700711,0.163077872532141,0.24212922951655,0.926123611056224,"Oxoadipic Acid","C6 H8 O5",160.03785,319.06879,2.644,24.8385046390191,25.3895905836814,24.658522977444,"MCI-associated increase"
"Com_46427_neg",-0.0287222813716159,0.716740117339709,0.998421930371725,-0.648154666841557,0.164149319399002,0.97424634381184,-0.395680852829974,0.759704867756638,0.99927870700711,0.252473814011583,0.289926386877085,0.946090802750678,"LPC 18:1","C26 H52 N O7 P",567.35719,566.34991,9.22,13.2888042997206,13.2333142499809,13.2706919781057,"MCI-associated decrease"
"Com_1438_pos",-0.0287147663843392,0.716811065535648,0.998421930371725,-1.11787424158442,0.120146022276876,0.97424634381184,-0.357635198960076,0.634009711722612,0.99927870700711,0.760239042624343,0.0735610484438709,0.867791165027521,"8,8-dimethyl-2H,8H-pyrano[3,2-g]chromen-2-one","C14 H12 O3",228.07946,229.08673,5.825,20.5444846902835,21.3927177489425,20.281105962503,"MCI-associated increase"
"Com_301_pos",0.0287147663843392,0.716811065535647,0.998421930371725,1.47437861803868,0.120146022276876,0.97424634381184,-0.574610624125118,0.784121760913029,0.99927870700711,-2.0489892421638,0.247780744473925,0.926123611056224,"2-[5-(2-hydroxypropyl)oxolan-2-yl]propanoic acid","C10 H18 O4",184.11081,185.11817,5.146,15.1091869145474,15.3743407130228,15.2767613686559,"MCI-associated increase"
"Com_14752_pos",0.0287072513970625,0.716882016152603,0.998421930371725,0.126685978980811,0.766851229615129,0.995789824864306,1.06071202127149,0.735525160097836,0.99927870700711,0.934026042290677,0.938952675204792,1,"N-(4-chlorophenyl)-N'-(2-phenoxyphenyl)urea","C19 H15 Cl N2 O2",338.0844,339.09167,2.861,20.6609295144861,20.7256093238439,20.74199383253,"Monotonic increase"
"Com_1212_pos",0.0286621614734022,0.717307770664747,0.998421930371725,-0.0448842804397554,0.727369125215803,0.988298366959884,0.148272607293853,0.68015079007303,0.99927870700711,0.193156887733608,0.544695495464747,0.955117225188735,"α-Aspartylphenylalanine","C13 H16 N2 O5",280.10724,281.11452,5.313,28.493429393919,28.5415923607732,28.5462813805588,"Monotonic increase"
"Com_30422_neg",0.0286095565624652,0.717804594234187,0.998421930371725,0.736667186728743,0.761880321625298,0.992345641070078,0.477754829964227,0.711604711443753,0.99927870700711,-0.258912356764516,0.988889993758403,1,"Glycodeoxycholic Acid (hydrate)","C26 H43 N O5",485.2934,484.28613,6.665,18.4766447474278,18.6471257310322,18.4692838922791,"MCI-associated increase"
"Com_26602_pos",0.0285419216769747,0.718443541124583,0.998421930371725,-0.411244160856639,0.806948197205095,0.998265352641438,-0.59442570214462,0.711604711443753,0.99927870700711,-0.183181541287981,0.966678595943814,1,"2-{4-[(trifluoromethyl)thio]phenoxy}ethanohydrazide","C9 H9 F3 N2 O2 S",266.03314,267.04029,1.207,18.9118275519714,18.8616264116751,18.8864425932846,"MCI-associated decrease"
"Com_11443_neg",-0.0285118617278678,0.718727580160158,0.998421930371725,0.118327999653685,0.292616840938141,0.97424634381184,2.09597675164934,0.664626020338615,0.99927870700711,1.97764875199566,0.302806524686605,0.947377138639377,"Adenosine diphosphate ribose","C15 H23 N5 O14 P2",559.07453,558.06716,1.207,18.9515766803402,18.8674637615465,18.9259985575113,"MCI-associated decrease"
"Com_14640_pos",-0.0285043467405911,0.71879859593566,0.998421930371725,0.666038959534358,0.572979794288714,0.97424634381184,-0.517842910896313,0.687964833567644,0.99927870700711,-1.18388187043067,0.691473527334145,0.975261360435008,"N-Desmethylvenlafaxine","C16 H25 N O2",263.18986,264.19717,6.389,18.8099380924366,18.5138043650136,18.7312667572805,"MCI-associated decrease"
"Com_31146_neg",-0.0284893167660377,0.718940634702708,0.998421930371725,-0.213239803864579,0.512533412985101,0.97424634381184,-0.409205264945927,0.751617506178232,0.99927870700711,-0.195965461081348,0.785980992745559,0.982684488895692,"HexCer 16:3;2O/16:2;O","C38 H65 N O9",679.46984,724.46832,6.352,18.0255662828842,17.8776640992235,18.0814605142688,"MCI-associated decrease"
"Com_30897_neg",-0.0284667718042075,0.719153710885098,0.998421930371725,-0.0564563646890547,0.428510902013048,0.97424634381184,0.0158215786329403,0.767818589059351,0.99927870700711,0.0722779433219949,0.712122795096669,0.975261360435008,"Leu-Pro","C11 H20 N2 O3",228.14822,227.14095,5.157,22.9361499178826,22.7974546116516,22.8718980979432,"MCI-associated decrease"
"Com_344_pos",-0.0284667718042075,0.719153710885098,0.998421930371725,-0.148984666693264,0.747027193565412,0.992345641070078,-0.1077902544933,0.719548055924393,0.99927870700711,0.0411944121999648,0.988889993758403,1,"Isoproterenol","C11 H17 N O3",211.12123,229.15505,1.391,29.844815718052,29.7948081842434,29.6736760883868,"Monotonic decrease"
"Com_8781_pos",-0.0284141668932705,0.719650972714929,0.998421930371725,0.0511750538911651,0.0736548743281085,0.97424634381184,0.383656126584394,0.649243797688817,0.99927870700711,0.332481072693228,0.03611066971292,0.747298373617141,"3-ethyl-4-hydroxy-1-methyl-1,2-dihydroquinolin-2-one","C12 H13 N O2",203.09573,204.103,5.054,17.3685792808524,17.8978355419311,17.2686538036299,"MCI-associated increase"
"Com_19824_neg",0.0283615619823335,0.720148352090127,0.998421930371725,0.730830801139232,0.811998572511015,0.998265352641438,-0.045163641984757,0.668494071359997,0.99927870700711,-0.775994443123989,0.671051209677503,0.973840329352538,"6α-Prostaglandin I1","C20 H34 O5",336.23233,335.22505,7.007,18.9068086717476,18.9635186711685,18.9854238622746,"Monotonic increase"
"Com_910_pos",0.0282563521604594,0.721143462715428,0.998421930371725,0.0448716995450559,0.75691921922434,0.992345641070078,0.10092777831186,0.743557331030647,0.99927870700711,0.0560560787668044,0.944493022100843,1,"Acetanilide","C8 H9 N O",135.0691,136.07636,2.196,29.3518125419279,29.3751369274853,29.2922187911888,"MCI-associated increase"
"Com_9762_pos",-0.0281436273513086,0.722210171852613,0.998421930371725,-1.74079778219615,0.370250221899917,0.97424634381184,-1.42153039785577,0.763758485453305,0.99927870700711,0.319267384340381,0.606401543595827,0.957584933101451,"2-[(3S)-1-(3,4-Difluorobenzyl)-3-pyrrolidinyl]-1,3-benzothiazole","C18 H16 F2 N2 S",330.10093,331.10821,5.383,20.9504936141696,20.888336452528,21.0585461664414,"MCI-associated decrease"
"Com_666_pos",-0.0281361123640319,0.722281304846941,0.998421930371725,0.12747345916191,0.250084447224309,0.97424634381184,0.121283372344201,0.763758485453305,0.99927870700711,-0.00619008681770849,0.423319976747168,0.952814429510526,"D-Phenylalanine","C9 H11 N O2",165.07966,166.08693,1.94,28.8187361459142,25.6723044905305,28.0908128853691,"MCI-associated decrease"
"Com_23336_pos",-0.028053447503988,0.723063924631684,0.998421930371725,0.0269085025834082,0.674260695349977,0.981173331585391,-0.104748288971489,0.759704867756638,0.99927870700711,-0.131656791554897,1,1,"L-Saccharopine","C11 H20 N2 O6",276.13334,277.14062,1.322,21.7625346023645,21.7598213280821,21.7335944801229,"Monotonic decrease"
"Com_35018_pos",-0.0280233875548812,0.723348584849323,0.998421930371725,-0.277023846687634,0.1067861047547,0.97424634381184,-0.251556072965578,0.788212713301286,0.99927870700711,0.0254677737220553,0.215232482238929,0.926123611056224,"Phe-Phe","C18 H20 N2 O3",312.14852,313.15579,6.142,21.1860258632084,20.8151674125177,21.0896478039528,"MCI-associated decrease"
"Com_51314_pos",-0.0280158725676044,0.723419755830053,0.998421930371725,0.147189569581836,0.158303529786652,0.97424634381184,-0.50372401753251,0.771885073883587,0.99927870700711,-0.650913587114346,0.03611066971292,0.747298373617141,"Kinetin","C10 H9 N5 O",237.06267,238.06995,4.967,18.2097870651082,18.6834068594188,18.3061910020213,"MCI-associated increase"
"Com_29383_pos",-0.0280083575803277,0.723490929180197,0.998421930371725,1.10728869034626,0.551007934514627,0.97424634381184,-0.0819981463549027,0.731519829268882,0.99927870700711,-1.18928683670116,0.764648042021988,0.977878730334537,"QNK","C15 H28 N6 O6",388.20812,389.21539,6.523,18.8982635369041,18.6810801580274,18.8964803446446,"MCI-associated decrease"
"Com_15599_pos",-0.0279632676566674,0.723918019007475,0.998421930371725,0.0326931848218919,0.62734180456669,0.97424634381184,0.124536644029032,0.767818589059351,0.99927870700711,0.0918434592071396,0.96112911025941,1,"Cannabidiolic acid","C22 H30 O4",358.21528,359.22244,6.083,22.9015590978282,22.9576980472816,22.9191811109078,"MCI-associated increase"
"Com_15324_pos",0.0278806027966235,0.724701238112065,0.998421930371725,-1.12256908468146,0.512533412985101,0.97424634381184,-1.1233141737443,0.755657840126542,0.99927870700711,-0.000745089062839802,0.775293318462452,0.982684488895692,"Esfenvalerate","C25 H22 Cl N O3",436.15868,437.16595,5.029,19.4036818257575,19.4448614750564,19.498548445973,"Monotonic increase"
"Com_4411_pos",0.0277979379365796,0.725484742699668,0.998421930371725,-0.43344292613556,0.599882105607627,0.97424634381184,-0.046083366385245,0.800520239313436,0.99927870700711,0.387359559750315,0.994444862240747,1,"N2,N2-Dimethylguanosine","C12 H17 N5 O5",311.12164,312.12891,4.907,18.5637016005782,19.6077637263902,18.8407273192052,"MCI-associated increase"
"Com_934_pos",-0.0277528480129193,0.725912228899818,0.998421930371725,-0.161565582852684,0.258225552945512,0.97424634381184,-0.0860114170406352,0.79641206046329,0.99927870700711,0.075554165812049,0.495040349092113,0.952814429510526,"p-Coumaric acid","C9 H8 O3",164.04807,182.08191,1.846,28.8400878709176,28.0025611136747,28.7141875320952,"MCI-associated decrease"
"Com_14010_pos",0.0277227880638124,0.72619726670451,0.998421930371725,0.437707618129055,0.636613563487546,0.975199016366034,1.26439915021623,0.70369254822996,0.99927870700711,0.826691532087174,0.431428257491981,0.952814429510526,"3,5,7-trihydroxy-2-phenyl-4H-chromen-4-one","C15 H10 O5",270.05434,271.06161,7.049,17.7226726394503,17.37726035002,17.6653071241753,"MCI-associated decrease"
"Com_276_pos",-0.0276927281147056,0.726482342071072,0.998421930371725,1.28523192423559,0.837363881018235,0.998265352641438,-0.0433629545460794,0.739537694281214,0.99927870700711,-1.32859487878167,0.88375547915513,0.992254315525697,"2-Methoxyresorcinol","C7 H8 O3",118.06599,141.05516,5.161,20.3771988843303,20.135634559734,20.2250613006726,"MCI-associated decrease"
"Com_4066_pos",-0.0276852131274288,0.726553616777556,0.998421930371725,-0.476771951508668,0.796871754630755,0.998265352641438,-0.452213088336298,0.695812335855543,0.99927870700711,0.0245588631723696,0.95003605531247,1,"N-(5-acetamidopentyl)acetamide","C9 H18 N2 O2",186.13777,187.14505,5.101,20.2534458788941,19.9499733069332,20.0867936016152,"MCI-associated decrease"
"Com_4084_pos",-0.0276175782419384,0.727195194585365,0.998421930371725,-0.293460502848744,0.0307582721731166,0.97424634381184,0.0424049437436194,0.862744083422995,0.99927870700711,0.335865446592364,0.106251320946045,0.914281594941658,"Isopropyl myristate","C17 H34 O2",287.28406,288.29134,6.541,27.1961896318555,26.9418275103622,27.1435528158436,"MCI-associated decrease"
"Com_23892_neg",-0.0275950332801082,0.727409095990695,0.998421930371725,0.118278542745313,0.406063584139033,0.97424634381184,-0.0372138535324404,0.711604711443753,0.99927870700711,-0.155492396277753,0.225720812569721,0.926123611056224,"2-{1-[2-(4-benzhydrylpiperazino)-2-oxoethyl]cyclopentyl}acetic acid","C26 H32 N2 O3",420.23859,419.23132,6.218,21.6852267018868,22.1441200166238,21.7395875368491,"MCI-associated increase"
"Com_11537_pos",0.0275800033055548,0.727551708618959,0.998421930371725,-0.351409479481331,0.247411016969101,0.97424634381184,-1.09640251412812,0.743557331030647,0.99927870700711,-0.744993034646784,0.365406817217469,0.952814429510526,"Oxoamide","C10 H12 N2 O2",192.09076,193.09804,2.117,18.0446320078656,18.1789300291333,18.0727597638503,"MCI-associated increase"
"Com_21756_neg",-0.0274071585981903,0.7291924245916,0.998421930371725,0.0800088116437599,0.873155405707105,0.998265352641438,0.0567674496690322,0.70369254822996,0.99927870700711,-0.0232413619747277,0.955581507321733,1,"Epigallocatechin gallate","C22 H18 O11",458.09055,457.08272,5.338,21.7749693330838,21.7400800787744,21.7947719296809,"MCI-associated decrease"
"Com_285_pos",-0.0274071585981903,0.7291924245916,0.998421930371725,-0.379914972760564,0.737176664934003,0.992345641070078,0.0839217646312318,0.731519829268882,0.99927870700711,0.463836737391796,0.972229695919683,1,"DL-Carnitine","C7 H15 N O3",161.1059,162.11318,1.313,27.5134130471466,27.5935516351141,27.4733634052838,"MCI-associated increase"
"Com_32872_pos",-0.0274071585981903,0.7291924245916,0.998421930371725,0.795629535980734,0.679026964522413,0.981173331585391,0.0706147727025638,0.699748400490335,0.99927870700711,-0.72501476327817,0.812873068585294,0.983351253121837,"N(6)-OH-Me-Adenosine","C11 H15 N5 O5",297.10442,298.11169,5.083,19.1000928433961,19.2908815491544,19.045026101241,"MCI-associated increase"
"Com_731_pos",0.0273996436109136,0.729263788006664,0.998421930371725,0.431371627453788,0.791846088302126,0.998265352641438,0.511675393898247,0.6840535830945,0.99927870700711,0.0803037664444582,0.640871917981559,0.963784894223848,"L-Leucyl-L-Alanine","C9 H18 N2 O3",202.13251,185.12922,4.873,27.3497835870747,25.2110872697488,26.1697024377274,"MCI-associated decrease"
"Com_14336_neg",0.0272869188017628,0.730334517735177,0.998421930371725,0.16584660917134,0.546663810995189,0.97424634381184,1.01817936634611,0.695812335855543,0.99927870700711,0.852332757174769,0.376575631556324,0.952814429510526,"5-Hydroxydiclofenac","C14 H11 Cl2 N O3",311.01396,310.00668,6.349,18.6674469081817,18.6628516710789,18.7910568057843,"MCI-associated decrease"
"Com_3576_pos",-0.0272718888272094,0.730477321096076,0.998421930371725,0.283734537136196,0.141711369422499,0.97424634381184,-0.0500512855446111,0.653075680723815,0.99927870700711,-0.333785822680807,0.08935255730988,0.902508397248603,"4-Methoxycinnamaldehyde","C10 H10 O2",162.06885,163.07616,5.519,26.7695990420002,26.9704942333152,26.8458101997759,"MCI-associated increase"
"Com_5922_neg",0.0272568588526559,0.730620133712609,0.998421930371725,-0.152039571508503,0.712741631310101,0.988298366959884,0.0185996135729524,0.751617506178232,0.99927870700711,0.170639185081455,0.994444862240747,1,"L-Glutamic acid","C5 H9 N O4",147.05294,146.04568,1.283,25.3986086044966,25.2818170924518,25.2708695312728,"Monotonic decrease"
"Com_2466_neg",0.0272493438653792,0.730691543490328,0.998421930371725,0.15890385183548,0.463500610105271,0.97424634381184,-0.263740744080571,0.739537694281214,0.99927870700711,-0.422644595916051,0.645862466064675,0.965185528895534,"Lipoic acid","C8 H14 O2 S2",206.04349,205.03621,2.554,21.944380056996,23.045350885331,21.9541212512428,"MCI-associated increase"
"Com_27038_neg",-0.0272192839162723,0.730977205717748,0.998421930371725,-0.113339605258036,0.487684458553608,0.97424634381184,0.303343114843746,0.731519829268882,0.99927870700711,0.416682720101782,0.655891345916576,0.970682904745141,"N,6-diphenylthieno[2,3-d]pyrimidin-4-amine","C18 H13 N3 S",303.07948,302.0722,5.784,20.3207076363992,20.2520325014864,20.3759111943801,"MCI-associated decrease"
"Com_17717_pos",-0.027174193992612,0.731405768346454,0.998421930371725,0.23114021812193,0.707888874002243,0.987537281854498,-0.485133902111635,0.719548055924393,0.99927870700711,-0.716274120233565,0.894758563045729,0.994037609026979,"1-(3,4-dimethylphenyl)-3-piperidinopyrrolidine-2,5-dione","C17 H22 N2 O2",286.16964,287.17691,6.089,20.4868005261649,20.4481664500983,20.4603677261476,"MCI-associated decrease"
"Com_29415_pos",0.0271516490307819,0.731620080807214,0.998421930371725,-0.208680763691035,0.641270993617746,0.977435844972917,-0.548784002486115,0.707644683840774,0.99927870700711,-0.34010323879508,0.780631974791441,0.982684488895692,"4-[2-(trifluoromethyl)phenyl]-5-undecyl-4H-1,2,4-triazole-3-thiol","C20 H28 F3 N3 S",399.19723,400.2045,5.995,19.6300689041443,19.6400642893078,19.7076667493109,"Monotonic increase"
"Com_47151_neg",-0.0271366190562284,0.731762967306413,0.998421930371725,-0.12885106577402,0.189164669884543,0.97424634381184,0.0589239823990212,0.755657840126542,0.99927870700711,0.187775048173041,0.289926386877085,0.946090802750678,"Arachidic acid","C20 H40 O2",312.30454,311.29727,11.453,9.9141210006574,9.08391831796181,9.64334552514729,"MCI-associated decrease"
"Com_6609_neg",0.0270990441198448,0.732120223860232,0.998421930371725,-0.0279589411704636,0.796871754630755,0.998265352641438,-0.0239860344288727,0.767818589059351,0.99927870700711,0.003972906741591,0.872774773778319,0.990317081593639,"6-phospho-D-glucono-1,5-lactone","C6 H11 O9 P",258.01378,257.0065,5.548,24.3285550400535,24.1237342944536,24.3827538814299,"MCI-associated decrease"
"Com_8220_neg",-0.027016379259801,0.732906390661066,0.998421930371725,-1.06439726350857,0.909208487373826,0.998265352641438,-0.528742221121839,0.723531177879177,0.99927870700711,0.535655042386734,0.872774773778319,0.990317081593639,"2-Phenylphenol","C12 H10 O",170.07349,169.0662,5.921,18.2110067411865,18.4348164128094,18.3077330145197,"MCI-associated increase"
"Com_42501_pos",0.026828504577883,0.73469416482229,0.998421930371725,-0.0987921610901819,0.581883464284275,0.97424634381184,0.176561953089226,0.731519829268882,0.99927870700711,0.275354114179407,0.350840560608237,0.952814429510526,"Lithocholic Acid","C24 H40 O3",358.28873,359.296,7.725,17.8690196550596,16.7836637903788,17.7967806495164,"MCI-associated decrease"
"Com_15655_neg",0.0268209895906063,0.734765705494892,0.998421930371725,-0.0749673277319956,0.761880321625298,0.992345641070078,0.203359613862594,0.727521801994499,0.99927870700711,0.278326941594589,0.521821734292681,0.952814429510526,"3-(3,5-dimethyl-1H-pyrrol-2-yl)-2-(2-thienylcarbonyl)acrylonitrile","C14 H12 N2 O S",256.06803,255.06047,5.307,22.0675633021865,22.117802388436,22.221050336782,"Monotonic increase"
"Com_10547_pos",0.0267834146542227,0.735123443046376,0.998421930371725,0.0344844938421608,0.363330302633665,0.97424634381184,-0.0492735960375627,0.77595783470887,0.99927870700711,-0.0837580898797236,0.582299670844668,0.955684897603873,"2,6-Di-tert-butyl-1,4-benzoquinone","C14 H20 O2",220.14738,221.15465,6.896,24.6970298189207,24.8477317917563,24.7806921936793,"MCI-associated increase"
"Com_48257_neg",0.0267834146542227,0.735123443046376,0.998421930371725,-0.0942432664018677,0.551007934514627,0.97424634381184,0.131861672123213,0.727521801994499,0.99927870700711,0.226104938525081,0.33315821936716,0.952814429510526,"Epinephrine bitartrate","C13 H19 N O9",333.10548,332.09821,6.222,19.0879442633113,18.9506602396587,19.0405792643939,"MCI-associated decrease"
"Com_4999_pos",0.0267308097432857,0.735624371242946,0.998421930371725,-0.158034793212222,0.0486998070368592,0.97424634381184,0.186476642572805,0.634009711722612,0.99927870700711,0.344511435785027,0.0303644918620046,0.731469721647179,"2-ethyl-2-(3-methoxyphenyl)cyclohexanone oxime","C15 H21 N O2",247.15644,533.27417,6.815,24.8905708183821,24.0488244644997,25.145445585367,"MCI-associated decrease"
"Com_12923_pos",0.0266631748577952,0.736268585423002,0.998421930371725,-1.29453311731948,0.837363881018235,0.998265352641438,-1.90798818524022,0.727521801994499,0.99927870700711,-0.613455067920735,0.955581507321733,1,"2-[1-(4-isobutylphenyl)ethyl]-5-(3-nitrophenyl)-1,3,4-oxadiazole","C20 H21 N3 O3",351.15587,352.16315,5.054,18.3424467126728,18.3291358009111,18.3821864895699,"MCI-associated decrease"
"Com_21232_pos",0.0266030549595815,0.736841374491103,0.998421930371725,-0.244469210780747,0.525200934142181,0.97424634381184,0.72828262530677,0.719548055924393,0.99927870700711,0.972751836087517,0.329691999093068,0.952814429510526,"1-(3-phenylpropanoyl)-4-piperidinecarboxylic acid","C15 H19 N O3",261.13763,262.14489,5.179,18.6735212865848,18.6498766417473,18.5886794518825,"Monotonic decrease"
"Com_34937_pos",0.0265805099977513,0.73705620775533,0.998421930371725,0.118787508646777,0.363330302633665,0.97424634381184,1.73511936104499,0.723531177879177,0.99927870700711,1.61633185239821,0.1953187314659,0.926123611056224,"1-phenyl-3-{[5-(trifluoromethyl)-2-pyridyl]thio}prop-2-en-1-one","C15 H10 F3 N O S",309.04774,310.05502,7.138,13.669160549658,13.5930771075418,13.7075746439641,"MCI-associated decrease"
"Com_44458_pos",0.0265805099977513,0.73705620775533,0.998421930371725,-0.0632390907737665,0.955828252352678,0.998265352641438,0.0395565896012026,0.767818589059351,0.99927870700711,0.102795680374969,0.621073413560985,0.958253139885009,"Arginine","C6 H14 N4 O2",174.11282,387.18889,1.399,20.1496578357408,20.2390558645758,20.3962982886773,"Monotonic increase"
"Com_6394_pos",0.0265579650359212,0.737271061375861,0.998421930371725,0.795437710179621,0.0430379351411059,0.97424634381184,0.147192545498255,0.780036765800224,0.99927870700711,-0.648245164681366,0.072447398688488,0.867791165027521,"O6-CM-dG","C12 H15 N5 O6",325.10365,326.11093,5.378,24.0771793258675,24.9206723243452,24.1029848150699,"MCI-associated increase"
"Com_17788_neg",-0.0264001503031101,0.738775605404972,0.998421930371725,-0.195302206990797,0.272198767366916,0.97424634381184,-0.0356690936977019,0.77595783470887,0.99927870700711,0.159633113293095,0.435515929221652,0.952814429510526,"N1-(4-bromo-1H-pyrazol-5-yl)-2,2-dichloroacetamide","C5 H4 Br Cl2 N3 O",233.94425,270.89294,1.177,25.333388397653,25.2212832346126,25.344768510531,"MCI-associated decrease"
"Com_1937_neg",-0.0263776053412799,0.73899062132246,0.998421930371725,-0.51316684886361,0.128114605355869,0.97424634381184,0.142450910455274,0.808753064222834,0.99927870700711,0.655617759318884,0.253523947290226,0.926123611056224,"Ethylmalonate","C5 H8 O4",132.04178,113.02388,5.807,26.4831260599222,26.1839798275827,26.3678104235622,"MCI-associated decrease"
"Com_18405_pos",0.0263700903540032,0.739062297788574,0.998421930371725,0.267674084717756,0.307815579377766,0.97424634381184,0.0370531420810998,0.743557331030647,0.99927870700711,-0.230620942636656,0.419299513170107,0.952814429510526,"Debromohymenialdisine","C11 H11 N5 O2",245.09113,246.0984,2.059,22.8086984201556,22.9600313472764,22.813270826689,"MCI-associated increase"
"Com_2406_neg",-0.0263099704557895,0.739635790320468,0.998421930371725,1.08095581000855,0.650628184064169,0.978176760105966,0.205884601865967,0.747583968977052,0.99927870700711,-0.875071208142583,0.391791030156657,0.952814429510526,"Genipin","C11 H14 O5",208.0741,207.06683,5.079,14.7108466900955,14.7326263156375,14.3160043824327,"MCI-associated increase"
"Com_5035_pos",0.026294940481236,0.739779185877784,0.998421930371725,1.85860010096503,0.577423547853057,0.97424634381184,1.24201704926191,0.691884448907085,0.99927870700711,-0.616583051703116,0.439625853937687,0.952814429510526,"Eriodictyol","C15 H12 O6",288.06475,289.07213,5.572,17.2600251989215,16.9715287134879,17.38452138736,"MCI-associated decrease"
"Com_24892_pos",-0.0261070657993181,0.741572384916312,0.998421930371725,0.0537508054384589,0.424720330369171,0.97424634381184,-0.375235597332239,0.723531177879177,0.99927870700711,-0.428986402770698,0.250640861950463,0.926123611056224,"UR-144 N-(2-hydroxypentyl) metabolite","C21 H29 N O2",327.21684,328.22412,4.995,19.6652058189225,20.2896815961917,19.8569438915969,"MCI-associated increase"
"Com_1239_neg",-0.0260694908629345,0.741931191949198,0.998421930371725,-0.167105466965937,0.516738151913713,0.97424634381184,1.41781544438075,0.755657840126542,0.99927870700711,1.58492091134668,0.717318982344425,0.975261360435008,"Perillic acid","C10 H14 O2",166.09939,165.09183,6.061,22.0973030433621,22.0609575749404,21.9758189750778,"Monotonic decrease"
"Com_14124_pos",-0.0258891311682933,0.743654238044653,0.998421930371725,-0.290113347711563,0.929899426345924,0.998265352641438,1.49076607880715,0.715572534521343,0.99927870700711,1.78087942651871,0.754047050924864,0.975970962603451,"Normorphine","C16 H17 N O3",271.12206,272.12934,3.796,18.5861276397714,18.5914798496701,18.5646512243764,"MCI-associated increase"
"Com_20318_pos",0.0258891311682933,0.743654238044651,0.998421930371725,-0.0973636954070603,0.250084447224309,0.97424634381184,0.0938063755585,0.70369254822996,0.99927870700711,0.19117007096556,0.143713349271734,0.926123611056224,"(9cis)-Retinal","C20 H28 O",284.21453,285.22229,6.41,22.3519273814071,22.2898198594673,22.5283816118444,"MCI-associated decrease"
"Com_19701_pos",0.0258515562319097,0.744013366413638,0.998421930371725,0.0682455055517384,0.847559111655553,0.998265352641438,-0.46646392368738,0.751617506178232,0.99927870700711,-0.534709429239118,0.905781933459163,0.994037609026979,"α-Lapachone","C15 H14 O3",264.07913,265.08641,3.401,16.8131284001046,17.1624607635501,17.0087533429576,"MCI-associated increase"
"Com_6185_pos",-0.0257839213464192,0.744659936429921,0.998421930371725,-0.194477641318571,0.674260695349977,0.981173331585391,-0.135991742756581,0.727521801994499,0.99927870700711,0.0584858985619892,0.469011435239911,0.952814429510526,"Gly-Phe","C11 H14 N2 O3",222.1009,467.19049,5.888,23.2854735523649,23.678618641653,23.2286212019435,"MCI-associated increase"
"Com_4162_pos",0.0257688913718658,0.744803642883527,0.998421930371725,-1.6281478412404,0.184810867659201,0.97424634381184,-0.0861039727104849,0.739537694281214,0.99927870700711,1.54204386852991,0.0746886588152774,0.867791165027521,"(R)-Equol","C15 H14 O3",242.09563,243.10291,5.533,18.2155523774038,17.6432092512599,18.338578552812,"MCI-associated decrease"
"Com_1901_neg",0.025708771473652,0.745378556653237,0.998421930371725,0.523372620394761,0.234344184310947,0.97424634381184,0.670249935722115,0.618929164753923,0.99927870700711,0.146877315327354,0.236569016868553,0.926123611056224,"1-(4-Methoxyphenyl)-2-propanone","C10 H12 O2",164.08301,163.07574,5.215,20.406012368539,19.817091323343,20.3248302664427,"MCI-associated decrease"
"Com_1936_pos",0.0256862265118219,0.745594185557301,0.998421930371725,0.0656911549369556,0.191369717003743,0.97424634381184,-0.132816747754063,0.804633943608823,0.99927870700711,-0.198507902691019,0.343697435429192,0.952814429510526,"N-α-L-Acetyl-arginine","C8 H16 N4 O3",216.12308,217.13036,1.64,26.6860077156066,27.250003385574,26.6363047060519,"MCI-associated increase"
"Com_7084_neg",0.0256185916263314,0.746241190667271,0.998421930371725,0.930367753111759,0.868024619498063,0.998265352641438,-0.00829253369961992,0.731519829268882,0.99927870700711,-0.938660286811379,0.655891345916576,0.970682904745141,"Carminic acid","C22 H20 O13",492.09474,491.08746,5.405,22.2481910814064,22.3898816016779,22.5095201544911,"Monotonic increase"
"Com_1949_pos",-0.0256110766390547,0.746313091074218,0.998421930371725,0.268908972434884,0.366780087996831,0.97424634381184,0.0561580671501492,0.6840535830945,0.99927870700711,-0.212750905284735,0.271307090498971,0.933435970527006,"2-Amino-1,3,4-octadecanetriol","C18 H39 N O3",317.29436,318.30164,6.54,27.1315683826495,27.1997511344366,27.0504191379085,"MCI-associated increase"
"Com_34581_pos",0.0255359267662875,0.747032215385427,0.998421930371725,0.251415175707207,0.791846088302126,0.998265352641438,-0.00143872005247003,0.637804046707695,0.99927870700711,-0.252853895759677,0.834548421874662,0.985419326780897,"8Z,11Z,14Z-Eicosatrienoic acid","C20 H34 O2",306.25761,307.26489,6.382,20.1569586500046,20.5378239847518,20.21533975997,"MCI-associated increase"
"Com_19311_pos",-0.0254006569953066,0.748327188666545,0.998421930371725,0.307524360089789,0.924721693522897,0.998265352641438,0.0722492447172122,0.771885073883587,0.99927870700711,-0.235275115372577,0.780631974791441,0.982684488895692,"KQH","C17 H29 N7 O5",411.22756,412.23483,5.616,22.9571483410249,22.8921112386954,22.84542148597,"Monotonic decrease"
"Com_5241_pos",0.025363082058923,0.748687028488462,0.998421930371725,0.433620502885702,0.255491679869747,0.97424634381184,0.90220394179466,0.792309515725942,0.99927870700711,0.468583438908958,0.415301593462863,0.952814429510526,"(2S)-2-(2-hydroxypropan-2-yl)-2H,3H,7H-furo[3,2-g]chromen-7-one","C14 H14 O4",246.09046,247.09777,5.876,21.6003563000151,21.8902628979497,21.6121160461276,"MCI-associated increase"
"Com_9430_neg",0.0253555670716463,0.748759002961847,0.998421930371725,-0.125325644873963,0.82212262125063,0.998265352641438,-0.00885845172424191,0.715572534521343,0.99927870700711,0.116467193149721,0.95003605531247,1,"Nicotinuric acid","C8 H8 N2 O3",180.05366,359.10005,2.279,24.4905216474417,24.85670244342,24.6230176746418,"MCI-associated increase"
"Com_567_pos",0.0253029621607093,0.749262884956063,0.998421930371725,2.15823516854656,0.123285591597705,0.97424634381184,0.274291029510552,0.833575363860352,0.99927870700711,-1.88394413903601,0.259359193929178,0.926123611056224,"2,5-Furandicarboxylic acid","C6 H4 O5",156.00645,157.01377,3.619,10.6657960861624,12.4978655177168,11.5035571625919,"MCI-associated increase"
"Com_42930_neg",0.0252879321861558,0.749406870727228,0.998421930371725,1.15212488634092,0.693402310791431,0.98465888858239,0.0406267199790519,0.687964833567644,0.99927870700711,-1.11149816636186,0.596707253498334,0.955684897603873,"2,3-Dinor-8-epi-prostaglandin F2α","C18 H30 O5",652.42317,651.41589,7.512,16.976995801363,16.987436696805,17.0121146586765,"Monotonic increase"
"Com_4965_neg",-0.0252729022116024,0.749550865150842,0.998421930371725,-0.388541106943872,0.373740676149333,0.97424634381184,-0.0110420525937477,0.767818589059351,0.99927870700711,0.377499054350124,0.530911630491966,0.953146719171818,"Hydrocinnamic acid","C9 H10 O2",150.0684,149.0608,5.721,23.8969808298629,23.7168765251801,23.7189049705889,"MCI-associated decrease"
"Com_7045_pos",-0.0250324226187474,0.751855948881304,0.998421930371725,-0.651347827245512,0.572979794288714,0.97424634381184,-0.862159923356453,0.77595783470887,0.99927870700711,-0.21081209611094,0.807475865906504,0.983351253121837,"Skatole","C9 H9 N",131.07415,132.08142,1.974,21.5379748463516,21.4497702421101,21.504267563026,"MCI-associated decrease"
"Com_21673_neg",-0.0249196978095966,0.752937213589009,0.998421930371725,-0.08232699693467,0.83227637630576,0.998265352641438,-0.119282880255728,0.755657840126542,0.99927870700711,-0.0369558833210584,0.582299670844668,0.955684897603873,"IDP","C10 H14 N4 O11 P2",428.0116,427.00407,6.371,25.0396606118066,25.0494556380302,25.0470683504224,"MCI-associated increase"
"Com_16842_pos",-0.0248069730004459,0.754018958602195,0.998421930371725,-0.102554950403731,0.384333650558935,0.97424634381184,0.499839392266788,0.763758485453305,0.99927870700711,0.602394342670518,0.521821734292681,0.952814429510526,"ADP-ribose","C15 H23 N5 O14 P2",559.07304,560.08014,1.328,21.3268086786053,21.1181686909465,21.3182767200085,"MCI-associated decrease"
"Com_4483_pos",0.0248069730004459,0.754018958602195,0.998421930371725,-2.6105007191194,0.703047950925009,0.986572206543947,0.567643598733204,0.711604711443753,0.99927870700711,3.17814431785261,0.563346299056561,0.955117225188735,"4-[4-(trifluoromethoxy)anilino]-2H-1,3-benzoxazin-2-one","C15 H9 F3 N2 O3",344.03897,345.04625,5.266,14.8171406328209,14.9345051195564,14.8883421340592,"MCI-associated increase"
"Com_6360_neg",0.024776913051339,0.754307504806822,0.998421930371725,-0.0308857173213183,0.904044806718131,0.998265352641438,0.110010602163528,0.719548055924393,0.99927870700711,0.140896319484846,0.972229695919683,1,"Glutathione","C10 H17 N3 O6 S",307.08239,306.07511,5.045,24.9913454227954,25.2525963111932,25.1885918883198,"MCI-associated increase"
"Com_8235_neg",0.0247693980640623,0.754379646668526,0.998421930371725,-0.0210304263197252,0.0146713669627449,0.97424634381184,0.105226930882097,0.521526763430912,0.99927870700711,0.126257357201822,0.0309013625855143,0.731469721647179,"Isocitric acid","C6 H8 O7",192.02666,191.01968,5.247,22.9709613207419,22.5997995627966,23.1629682001011,"MCI-associated decrease"
"Com_1097_pos",-0.024724308140402,0.754812542402497,0.998421930371725,-0.00675265213589432,0.467484261734005,0.97424634381184,2.73261455485474,0.719548055924393,0.99927870700711,2.73936720699063,0.521821734292681,0.952814429510526,"4-ethoxy-7,9-dimethylpyrido[3',2':4,5]thieno[3,2-d]pyrimidine","C13 H13 N3 O S",259.08263,260.08991,5.708,17.6229940023752,17.4650133894352,17.4986805616739,"MCI-associated decrease"
"Com_20664_pos",0.0247167931531253,0.754884699113347,0.998421930371725,0.108928822196291,0.343060251703388,0.97424634381184,-0.0567119288770848,0.780036765800224,0.99927870700711,-0.165640751073376,0.499452327221799,0.952814429510526,"(2E)-N-(4-acetamidobutyl)-3-(4-hydroxy-3-methoxyphenyl)prop-2-enamide","C16 H22 N2 O4",306.15919,307.16642,5.028,21.5744464468787,22.0746300334283,21.9252318223959,"MCI-associated increase"
"Com_36295_neg",-0.0247017631785718,0.755029018891389,0.998421930371725,-0.243989148630897,0.333201642273085,0.97424634381184,-0.0201985106529834,0.800520239313436,0.99927870700711,0.223790637977914,0.530911630491966,0.953146719171818,"3-[(Z)-(5-nitro-1H-indol-3-yl)methylidene]-1H-indol-2-one","C17 H11 N3 O3",305.07668,304.0694,6.396,18.893970153203,18.7326708918549,18.9040789367003,"MCI-associated decrease"
"Com_13368_pos",0.0246641882421882,0.755389855387963,0.998421930371725,-0.939368455062528,0.158303529786652,0.97424634381184,0.678629383876175,0.715572534521343,0.99927870700711,1.6179978389387,0.0817542027440163,0.879165798352739,"N-(1,3-benzodioxol-5-ylmethyl)-6-morpholinonicotinamide","C18 H19 N3 O4",341.13955,342.14682,5.105,15.7986716247045,15.3994040356563,15.9476615490557,"MCI-associated decrease"
"Com_49980_pos",0.0245965533566978,0.756039494271146,0.998421930371725,-0.0950921673086791,0.732267429033629,0.991805251982257,0.249847253720464,0.767818589059351,0.99927870700711,0.344939421029143,0.469011435239911,0.952814429510526,"4-methylphenyl 1-ethyl-3-methyl-1H-pyrazole-5-carbothioate","C14 H16 N2 O S",260.09673,261.104,5.104,18.9787280217595,18.9742341867092,18.9160102121417,"Monotonic decrease"
"Com_35489_pos",0.0245740083948676,0.756256078560131,0.998421930371725,0.89733913531038,0.919547147740815,0.998265352641438,0.125776725413521,0.735525160097836,0.99927870700711,-0.771562409896859,0.916823486673997,1,"1-(4-benzhydrylpiperidino)-2,2,2-trichloroethan-1-one","C20 H20 Cl3 N O",373.08488,396.07425,5.077,18.6382330373675,18.5871425826542,18.7454100332898,"MCI-associated decrease"
"Com_585_pos",0.0245289184712073,0.756689304035428,0.998421930371725,-4.9523703165729,0.336467330954755,0.97424634381184,-0.525829840854808,0.743557331030647,0.99927870700711,4.42654047571809,0.183578808289727,0.926123611056224,"2'-fluoro-N-[3-(trifluoromethyl)phenyl][1,1'-biphenyl]-4-carboxamide","C20 H13 F4 N O",171.03446,360.10251,5.587,9.64112757519462,9.6256356492162,9.8747567452302,"MCI-associated decrease"
"Com_469_neg",-0.0244537685984401,0.757411514782963,0.998421930371725,0.018897492303765,0.577423547853057,0.97424634381184,-0.197921256245143,0.711604711443753,0.99927870700711,-0.216818748548908,0.44791214309302,0.952814429510526,"cis-Aconitic acid","C6 H6 O6",174.01647,173.00919,2.145,29.6045192998039,29.9643657131392,29.7004719846393,"MCI-associated increase"
"Com_28921_pos",-0.0244462536111634,0.757483747409352,0.998421930371725,-0.675664846788804,0.160234350051545,0.97424634381184,-0.564698997168597,0.804633943608823,0.99927870700711,0.110965849620207,0.265286810082928,0.926123611056224,"NPH","C15 H22 N6 O5",388.14495,389.15222,6.157,20.1634524371162,19.8463671847522,20.0058109026041,"MCI-associated decrease"
"Com_14733_neg",0.0244086786747798,0.757844941998986,0.998421930371725,-0.0936154680558227,0.406063584139033,0.97424634381184,1.25821039081335,0.727521801994499,0.99927870700711,1.35182585886917,0.262311436661922,0.926123611056224,"3,4-dichloro-N-[4-(2-methoxyethoxy)phenyl]benzamide","C16 H15 Cl2 N O3",339.04454,338.03726,6.14,19.9528521430517,19.7940067147483,19.9410258428044,"MCI-associated decrease"
"Com_6227_neg",-0.024378618725673,0.758133935384821,0.998421930371725,0.141680582227201,0.751968113314537,0.992345641070078,-0.104225075773559,0.739537694281214,0.99927870700711,-0.24590565800076,0.558654854496645,0.955117225188735,"1-{[5-(4-chlorophenyl)-4H-1,2,4-triazol-3-yl]thio}acetone","C11 H10 Cl N3 O S",534.05294,266.0192,5.564,23.9117499642512,23.9477985924172,23.8762856616115,"MCI-associated increase"
"Com_16091_neg",-0.0242583789292455,0.75929024338447,0.998421930371725,0.570989594848539,0.683806102897537,0.98465888858239,0.422167886602116,0.771885073883587,0.99927870700711,-0.148821708246423,0.905781933459163,0.994037609026979,"Maltotriose","C18 H32 O16",504.16653,503.15926,6.049,20.2506035716145,20.2562603532417,20.2581897856511,"Monotonic increase"
"Com_3349_neg",-0.0242583789292455,0.75929024338447,0.998421930371725,-0.365166549986325,0.168135920983324,0.97424634381184,0.0405360128533242,0.808753064222834,0.99927870700711,0.405702562839649,0.280511823439937,0.942486120971035,"Glucuronic acid-3,6-lactone","C6 H8 O6",176.03225,175.02498,5.79,25.3725455250008,25.2314762786301,25.4637027305148,"MCI-associated decrease"
"Com_2284_pos",0.0242132890055852,0.759723996512536,0.998421930371725,0.246257139817102,0.292616840938141,0.97424634381184,0.0436336474276745,0.792309515725942,0.99927870700711,-0.202623492389428,0.439625853937687,0.952814429510526,"Asp-Phe methyl ester","C14 H18 N2 O5",294.12282,295.1301,5.368,27.3652287689899,27.5769403118762,27.2981233075611,"MCI-associated increase"
"Com_2420_neg",0.0241757140692016,0.760085514652611,0.998421930371725,-0.0563288988742515,0.679026964522413,0.981173331585391,2.60879120679478,0.739537694281214,0.99927870700711,2.66512010566903,0.807475865906504,0.983351253121837,"2-Amino-3-(4-hydroxy-3-methoxyphenyl)propanoic acid","C10 H13 N O4",211.08496,210.07768,3.919,18.7625684505482,19.0938105788355,18.9030392308483,"MCI-associated increase"
"Com_9036_pos",-0.0241456541200947,0.760374766551897,0.998421930371725,-0.179899040066503,0.366780087996831,0.97424634381184,-0.200526954533145,0.817007115656952,0.99927870700711,-0.0206279144666418,0.601545587417017,0.955684897603873,"S-Adenosylmethionine","C15 H22 N6 O5 S",398.13915,399.14641,1.272,24.3496297688084,24.2572781889262,24.5016253591977,"MCI-associated decrease"
"Com_1274_neg",-0.0239953543745603,0.761821523182795,0.998421930371725,-0.0987135899484211,0.336467330954755,0.97424634381184,4.16493316315602,0.771885073883587,0.99927870700711,4.26364675310444,0.452088341455991,0.952814429510526,"6-anilino-1,3-dimethyl-1,2,3,4-tetrahydropyrimidine-2,4-dione","C12 H13 N3 O2",231.10324,230.09596,5.713,14.1028859843725,13.9277731145604,13.9613631014424,"MCI-associated decrease"
"Com_33185_pos",0.0239878393872836,0.761893882712575,0.998421930371725,-0.0477626512936576,0.66004076709954,0.978176760105966,-0.610080879011407,0.77595783470887,0.99927870700711,-0.562318227717749,0.878262198893988,0.990764947618942,"PC O-18:2","C26 H50 N O7 P",519.33502,520.34234,8.634,14.4158918838556,14.4398543781855,14.6001408167412,"Monotonic increase"
"Com_9820_pos",-0.0238826295654096,0.762907132391667,0.998421930371725,-0.336781232729852,0.0768601500881558,0.97424634381184,-0.124646875538602,0.850217849319105,0.99927870700711,0.21213435719125,0.163777763374728,0.926123611056224,"(+/-)5(6)-EET","C20 H32 O3",302.22588,303.23318,6.427,24.0297931610573,23.6397309601884,24.1249685967176,"MCI-associated decrease"
"Com_5998_pos",-0.0238675995908561,0.763051915246707,0.998421930371725,2.73674078883512,0.10964833622538,0.97424634381184,2.2325340092742,0.833575363860352,0.99927870700711,-0.504206779560915,0.207599964624195,0.926123611056224,"Trifolin","C21 H20 O11",470.08489,471.09216,5.955,13.196360116494,12.8209711514469,13.1794808135388,"MCI-associated decrease"
"Com_2070_neg",-0.0238600846035794,0.763124309753682,0.998421930371725,-1.86937533685207,0.1012394706952,0.97424634381184,1.60165091581429,0.780036765800224,0.99927870700711,3.47102625266636,0.136237059103996,0.926123611056224,"Ibuprofen metabolite B","C13 H16 O4",236.10615,235.09867,5.988,15.8810893033981,15.8714857746017,15.9324553038056,"MCI-associated decrease"
"Com_10943_pos",-0.0238149946799191,0.763558719870792,0.998421930371725,0.103519999739563,0.483607107411269,0.97424634381184,-0.123602103336801,0.788212713301286,0.99927870700711,-0.227122103076364,0.681233164972313,0.973840329352538,"Hydroxyproline","C5 H9 N O3",131.0591,132.06636,1.277,21.9694571691076,21.8808164421887,21.9155617912343,"MCI-associated decrease"
"Com_34650_pos",0.0237849347308122,0.763848367596386,0.998421930371725,0.805381899276907,0.842458195298763,0.998265352641438,0.00734489789060532,0.727521801994499,0.99927870700711,-0.798037001386302,0.701770635040555,0.975261360435008,"1,3-dimethyl-6-(trifluoromethyl)-1H-pyrazolo[3,4-b]pyridin-4-ol","C9 H8 F3 N3 O",253.04314,254.05042,6.663,18.8308338216899,18.6277196508907,18.8928208106357,"MCI-associated decrease"
"Com_17484_neg",0.0237097848580451,0.76457263006831,0.998421930371725,1.31847214619805,0.717606045215378,0.988298366959884,0.342300749640455,0.747583968977052,0.99927870700711,-0.976171396557599,0.52635665808374,0.953146719171818,"β-Estradiol-17β-glucuronide","C24 H32 O8",448.21249,447.20522,6.343,18.9654447011145,18.9320300334831,19.055977379035,"MCI-associated decrease"
"Com_17589_neg",-0.0236947548834916,0.764717507066318,0.998421930371725,0.0810608359179434,0.992201123863709,0.998265352641438,-0.222892902788,0.747583968977052,0.99927870700711,-0.303953738705943,0.834548421874662,0.985419326780897,"Delta-Tridecalactone","C13 H24 O2",212.17802,211.17074,6.882,20.5472632142036,20.3960911761015,20.3183924454116,"Monotonic decrease"
"Com_35129_pos",-0.0236947548834916,0.764717507066318,0.998421930371725,-0.132744280941646,0.976606351715882,0.998265352641438,-0.590931957714478,0.800520239313436,0.99927870700711,-0.458187676772832,0.655891345916576,0.970682904745141,"4-(cyclohexylmethyl)-6-(2-thienyl)-2,3-dihydropyridazin-3-one hydrate","C15 H18 N2 O S",296.0963,297.10358,4.287,18.5503157555323,18.5672160625725,18.5762452575822,"Monotonic increase"
"Com_8290_pos",0.0236872398962149,0.764789948624439,0.998421930371725,-0.324159151078815,0.266548592578005,0.97424634381184,0.236214901264017,0.699748400490335,0.99927870700711,0.560374052342832,0.192927758595424,0.926123611056224,"N-Desmethyltramadol","C15 H23 N O2",249.17183,250.17911,10.132,25.2639422870859,22.279858638039,25.0474047149282,"MCI-associated decrease"
"Com_1732_pos",0.0235294251634038,0.766311691358239,0.998421930371725,0.889407100131885,0.992201123863709,0.998265352641438,-0.0817120072016737,0.739537694281214,0.99927870700711,-0.971119107333559,0.839987647721254,0.985419326780897,"Isotretinoin","C20 H28 O2",300.21009,301.21758,6.334,23.6937735418787,23.7230564517544,23.7233235529925,"Monotonic increase"
"Com_23218_neg",0.0235143951888504,0.766456665926818,0.998421930371725,-0.0231970652082626,0.893729825674864,0.998265352641438,-0.0332369727989634,0.759704867756638,0.99927870700711,-0.0100399075907007,0.916823486673997,1,"2-[(3-methylbenzo[b]thiophen-2-yl)carbonyl]benzoic acid","C17 H12 O3 S",194.04312,193.03585,0.636,23.7029125792152,23.6990309104236,23.7177507032392,"MCI-associated decrease"
"Com_944_neg",-0.0235068802015737,0.766529156248962,0.998421930371725,-0.087369470074571,0.766851229615129,0.995789824864306,-0.189414704552053,0.70369254822996,0.99927870700711,-0.102045234477482,0.785980992745559,0.982684488895692,"4-Oxoproline","C5 H7 N O3",129.04226,128.03485,1.66,29.1220867732855,28.9176591158505,29.0528602250461,"MCI-associated decrease"
"Com_11638_neg",0.023499365214297,0.766601648595551,0.998421930371725,-1.13502308681134,0.258225552945512,0.97424634381184,-0.393596235510839,0.707644683840774,0.99927870700711,0.741426851300503,0.179032133159955,0.926123611056224,"Cynaropicrin","C19 H22 O6",392.1497,391.14226,5.909,20.6203336573253,20.3547843756183,20.6159974300647,"MCI-associated decrease"
"Com_5061_pos",0.0234918502270202,0.766674142965996,0.998421930371725,0.0714429586450319,0.189164669884543,0.97424634381184,0.197370251493389,0.858564674040828,0.99927870700711,0.125927292848357,0.38413723439593,0.952814429510526,"7-Aminoflunitrazepam-d7","C16 H7 [2]H7 F N3 O",290.15738,291.16466,4.955,22.470030390656,23.790001785966,23.1483998434146,"MCI-associated increase"
"Com_37952_pos",0.0234768202524668,0.76681913777609,0.998421930371725,0.103626176920096,0.260979641885628,0.97424634381184,-0.0382260181747547,0.829426061602367,0.99927870700711,-0.141852195094851,0.44791214309302,0.952814429510526,"6-benzyl-4-oxo-1,4-dihydropyridine-3-carboxamide","C13 H12 N2 O2",211.06378,212.0709,4.793,19.4390741706408,20.5862913349066,20.256933545106,"MCI-associated increase"
"Com_18478_neg",-0.0234392453160832,0.767181660177395,0.998421930371725,-0.212758463041398,0.961020516526437,0.998265352641438,0.0419356299287406,0.747583968977052,0.99927870700711,0.254694092970139,0.878262198893988,0.990764947618942,"2-[6-(1H-benzo[d]imidazol-2-yl)-2-pyridyl]-1H-benzo[d]imidazole","C19 H13 N5",312.12311,311.11539,5.387,22.7035837350855,22.5624136024448,22.5619577044243,"Monotonic decrease"
"Com_18737_pos",0.0234317303288065,0.76725417071739,0.998421930371725,-0.0191135827763734,0.475508201793893,0.97424634381184,-0.0811657424484291,0.759704867756638,0.99927870700711,-0.0620521596720558,0.587084129010093,0.955684897603873,"3-Methylcytidine","C10 H15 N3 O5",257.10213,258.1094,1.839,21.4918032704227,23.1916266797458,21.7997694873356,"MCI-associated increase"
"Com_3730_neg",0.0234317303288065,0.76725417071739,0.998421930371725,0.0388500653007238,0.447756614378861,0.97424634381184,-0.0636131604572922,0.788212713301286,0.99927870700711,-0.102463225758016,0.621073413560985,0.958253139885009,"Bisphenol A","C15 H16 O2",228.11209,227.10481,1.382,25.4910585689681,25.7403310027177,25.6015762494264,"MCI-associated increase"
"Com_16796_pos",-0.0234167003542531,0.767399197852382,0.998421930371725,-0.407140770021998,0.0302575523016216,0.97424634381184,0.23920773497942,0.862744083422995,0.99927870700711,0.646348505001418,0.0691890186123171,0.867791165027521,"Methanandamide","C23 H39 N O2",361.29734,362.30462,9.971,23.3708684084835,16.7447962204761,23.2621084911542,"MCI-associated decrease"
"Com_2414_pos",0.0233415504814859,0.768124454473422,0.998421930371725,1.09204349018096,0.5083465798032,0.97424634381184,0.500465831580594,0.77595783470887,0.99927870700711,-0.591577658600363,0.665982645222812,0.973499221842089,"1-methyl-3,5-di(1-naphthylmethylidene)piperidin-4-one","C28 H23 N O",285.12325,286.13052,4.037,21.4458001971533,21.490997954251,21.4904770347801,"MCI-associated increase"
"Com_28820_pos",-0.0232664006087187,0.768849912236851,0.998421930371725,-0.272504026040102,0.304734777861908,0.97424634381184,0.0909092359183385,0.800520239313436,0.99927870700711,0.363413261958441,0.44791214309302,0.952814429510526,"FMK","C20 H32 N4 O4 S",424.21018,425.21745,6.958,20.9703642656534,20.8319581850257,20.9013023997435,"MCI-associated decrease"
"Com_8600_pos",-0.0232664006087187,0.768849912236851,0.998421930371725,-0.144210906744234,0.447756614378861,0.97424634381184,-0.0157446831182643,0.79641206046329,0.99927870700711,0.128466223625969,0.635897551920662,0.963784894223848,"Asp-Glu","C9 H14 N2 O7",224.12537,263.08844,1.368,26.1376688629925,26.0441264863896,26.0973047509091,"MCI-associated decrease"
"Com_22669_pos",-0.0231386458250145,0.770083650378345,0.998421930371725,1.93788324125713,0.202679061120528,0.97424634381184,-0.287879383202418,0.731519829268882,0.99927870700711,-2.22576262445955,0.115603111450903,0.914281594941658,"Cyromazine","C6 H10 N6",166.0972,167.10447,3.58,18.2041990993976,18.2639805204523,18.1470295316821,"MCI-associated increase"
"Com_23156_pos",0.0230484659776939,0.770954871733531,0.998421930371725,0.324629667963308,0.189164669884543,0.97424634381184,0.0339800115893293,0.676256546410303,0.99927870700711,-0.290649656373979,0.157548444467026,0.926123611056224,"Diosgenin","C27 H42 O3",396.30442,397.3117,7.28,20.0117002302068,19.6911908835245,20.1137316716582,"MCI-associated decrease"
"Com_628_pos",-0.023018406028587,0.771245342527502,0.998421930371725,1.31800816835929,0.128114605355869,0.97424634381184,0.426264673391495,0.837729306431908,0.99927870700711,-0.891743494967799,0.231099692092127,0.926123611056224,"Paracetamol","C8 H9 N O2",151.06402,152.0713,3.96,22.7949314365473,22.7470397474366,22.7772537475705,"MCI-associated decrease"
"Com_19699_neg",0.0230108910413103,0.771317965192226,0.998421930371725,-0.201607043898114,0.631970449622002,0.974363661520955,0.0813372211414407,0.759704867756638,0.99927870700711,0.282944265039555,0.764648042021988,0.977878730334537,"6-Phosphogluconic acid","C6 H13 O10 P",276.02611,275.01884,1.285,18.6625379702636,18.6615902484407,18.6567329409774,"Monotonic decrease"
"Com_1066_neg",-0.0229432561558198,0.771971658442021,0.998421930371725,-0.521159193808357,0.852666421766873,0.998265352641438,-0.971554555698187,0.77595783470887,0.99927870700711,-0.45039536188983,0.938952675204792,1,"Dodecanedioic acid","C12 H22 O4",230.15274,229.14549,6.4,23.4126638674476,23.6740915843359,23.9030153004119,"Monotonic increase"
"Com_21013_neg",-0.022913196206713,0.77226224027971,0.998421930371725,0.15393316652942,0.761880321625298,0.992345641070078,0.332897160526734,0.727521801994499,0.99927870700711,0.178963993997314,0.645862466064675,0.965185528895534,"4-Amino-5-imidazolecarboxamide","C4 H6 N4 O",126.0536,125.04632,4.698,21.0910366002283,21.6327484963699,20.5838185293159,"MCI-associated increase"
"Com_8076_neg",0.0228981662321595,0.772407543066336,0.998421930371725,1.23551261640438,0.992201123863709,0.998265352641438,1.47765806858276,0.771885073883587,0.99927870700711,0.242145452178386,0.796709153380386,0.982684488895692,"Piceatannol","C14 H12 O4",244.07499,243.06771,5.917,21.0185518466594,21.03414374351,21.1457353113245,"Monotonic increase"
"Com_11577_pos",0.0228756212703294,0.772625512067608,0.998421930371725,-0.503634129542322,0.202679061120528,0.97424634381184,0.818446383731579,0.711604711443753,0.99927870700711,1.3220805132739,0.136237059103996,0.926123611056224,"D-Sphingosine","C18 H37 N O2",281.27333,282.28061,7.429,18.2430282194005,18.0065877648388,18.4235714337455,"MCI-associated decrease"
"Com_1678_pos",0.0228155013721156,0.773206849575896,0.998421930371725,0.0977923152105015,0.520960693859334,0.97424634381184,0.136793049466122,0.804633943608823,0.99927870700711,0.039000734255621,0.738232666470675,0.975261360435008,"Xanthine","C5 H4 N4 O2",152.0341,153.04138,2.057,26.7153174767522,27.6596462778869,27.2094856509146,"MCI-associated increase"
"Com_2649_pos",0.0228155013721156,0.773206849575896,0.998421930371725,0.684337058379642,0.0859662116656077,0.97424634381184,0.0553881545185382,0.743557331030647,0.99927870700711,-0.628948903861104,0.0793411014678265,0.879165798352739,"Pyridoxal","C8 H9 N O3",167.05881,168.06609,2.624,24.639698356144,25.0479216654364,24.6130083835203,"MCI-associated increase"
"Com_2298_pos",-0.0227403514993484,0.77393369870943,0.998421930371725,0.550956122234139,0.581883464284275,0.97424634381184,-0.647343716352465,0.788212713301286,0.99927870700711,-1.1982998385866,0.769965261969016,0.977878730334537,"Gibberellic acid","C19 H22 O6",368.12573,369.13301,6.337,13.598328637602,13.1301885486859,13.6950061781491,"MCI-associated decrease"
"Com_8825_pos",-0.0227403514993484,0.77393369870943,0.998421930371725,0.0343877494843238,0.4361508056837,0.97424634381184,-0.122927701838941,0.767818589059351,0.99927870700711,-0.157315451323265,0.259359193929178,0.926123611056224,"11-Ketoetiocholanolone","C19 H28 O3",304.205,305.21228,6.291,24.4125527449462,24.679647104307,24.564012575339,"MCI-associated increase"
"Com_17417_pos",-0.0226501716520278,0.774806176846399,0.998421930371725,0.232678607117011,0.304734777861908,0.97424634381184,0.0147927850905509,0.743557331030647,0.99927870700711,-0.21788582202646,0.188210458967053,0.926123611056224,"Verrucarol","C15 H22 O4",266.15302,267.1603,6.45,23.5773746714924,23.9115404491369,23.4600696797011,"MCI-associated increase"
"Com_3034_pos",-0.0226501716520278,0.774806176846399,0.998421930371725,2.5464817468122,0.703047950925009,0.986572206543947,-1.28269899703702,0.739537694281214,0.99927870700711,-3.82918074384922,0.563346299056561,0.955117225188735,"3-{[(3S)-3-(1,3-Benzothiazol-2-yl)-1-pyrrolidinyl]methyl}benzonitrile","C19 H17 N3 S",319.11,320.11729,2.832,13.4997701425088,13.5995792572539,13.4876811819157,"MCI-associated increase"
"Com_19377_pos",0.0225675067919839,0.775606196019031,0.998421930371725,0.0400789156338527,0.555368969487478,0.97424634381184,0.124900260907048,0.825281511752158,0.99927870700711,0.084821345273195,0.829117100218728,0.985419326780897,"5'-Deoxy-5'-(Methylthio)Adenosine","C11 H15 N5 O3 S",297.08955,280.08588,5.068,20.0513976385822,20.2009732181119,20.1679438214324,"MCI-associated increase"
"Com_52423_pos",0.0225374468428771,0.775897170627322,0.998421930371725,0.207244625736726,0.463500610105271,0.97424634381184,-0.00272251243167712,0.743557331030647,0.99927870700711,-0.209967138168403,0.326249222520008,0.952814429510526,"Sphinganine","C18 H39 N O2",301.29955,302.30682,6.505,18.6543714044271,18.4579201577608,18.7296923834502,"MCI-associated decrease"
"Com_1849_pos",-0.0225149018810469,0.776115422036816,0.998421930371725,0.0802886961428826,0.0920872140552016,0.97424634381184,3.04862574205333,0.804633943608823,0.99927870700711,2.96833704591045,0.129064626273799,0.926123611056224,"Prunin","C21 H22 O10",434.12059,435.12787,5.674,15.3578277375503,14.98751224024,15.3914877347544,"MCI-associated decrease"
"Com_43151_pos",0.0224547819828332,0.77669751137283,0.998421930371725,0.365276044062723,0.455590338923466,0.97424634381184,0.00472164910579638,0.821141826006745,0.99927870700711,-0.360554394956927,0.681233164972313,0.973840329352538,"N1-(2,3-dihydro-1,4-benzodioxin-2-ylmethyl)-2,2-dimethylpropanamide","C14 H19 N O3",249.13741,250.14443,6.392,20.1624901189076,20.2318512565808,20.2814620137717,"Monotonic increase"
"Com_21710_pos",0.0224472669955564,0.776770281281292,0.998421930371725,0.0317989474732954,0.512533412985101,0.97424634381184,0.366791361202088,0.767818589059351,0.99927870700711,0.334992413728792,0.621073413560985,0.958253139885009,"8-Aminooctanoic acid","C8 H17 N O2",159.1259,357.21426,5.067,19.6138049597381,20.0879685868705,19.6545726188223,"MCI-associated increase"
"Com_4594_neg",0.0224096920591729,0.777134159919918,0.998421930371725,0.0553059545932131,0.888578956214013,0.998265352641438,0.540344186357256,0.77595783470887,0.99927870700711,0.485038231764043,0.671051209677503,0.973840329352538,"L-Tyrosine methyl ester","C10 H13 N O3",195.08975,194.08247,5.028,19.9375855854257,19.5875540647044,19.5590697490179,"Monotonic decrease"
"Com_16340_pos",-0.0223495721609591,0.777716466463623,0.998421930371725,0.290779705167299,0.40239183054899,0.97424634381184,-0.169443585368302,0.780036765800224,0.99927870700711,-0.460223290535601,0.223065143932043,0.926123611056224,"(2,6-dimethylmorpholino)(1-methyl-5-nitro-1H-pyrazol-4-yl)methanone","C11 H16 N4 O4",250.10529,251.11256,1.345,20.1272700950282,20.3920068820351,20.0550922320271,"MCI-associated increase"
"Com_975_pos",0.0222293323645316,0.778881450335234,0.998421930371725,-0.0269587456790734,0.292616840938141,0.97424634381184,-0.15560176426123,0.808753064222834,0.99927870700711,-0.128643018582157,0.419299513170107,0.952814429510526,"1-Methylguanine","C6 H7 N5 O",165.06586,166.07313,4.763,26.7512347944556,28.3503896851124,27.6448384464464,"MCI-associated increase"
"Com_831_pos",-0.0222143023899782,0.779027107986677,0.998421930371725,0.448193261823651,0.198098243217699,0.97424634381184,0.695627482090969,0.735525160097836,0.99927870700711,0.247434220267318,0.118860319305323,0.914281594941658,"Isoferulic acid","C10 H10 O4",194.05887,195.06625,5.126,24.0182557488539,24.4755010645965,23.8308179313832,"MCI-associated increase"
"Com_1711_pos",0.0221692124663179,0.779464127049134,0.998421930371725,2.07881459816587,0.289638622395848,0.97424634381184,1.86306661656471,0.739537694281214,0.99927870700711,-0.215747981601161,0.188210458967053,0.926123611056224,"YNH","C19 H24 N6 O6",432.17788,433.18515,6.929,18.32654304947,17.7896075198687,18.2923123064452,"MCI-associated decrease"
"Com_847_pos",-0.0219888527716767,0.781212892614885,0.998421930371725,-0.0426678245220477,0.568552333025136,0.97424634381184,-0.0826115465556027,0.735525160097836,0.99927870700711,-0.0399437220335549,0.456286460649261,0.952814429510526,"L-Norleucine","C6 H13 N O2",131.09533,132.1026,3.145,27.203403960644,27.4137725067379,27.2690501299108,"MCI-associated increase"
"Com_6181_pos",0.0219813377843999,0.781285781703752,0.998421930371725,-0.0555384270412658,0.479548326162735,0.97424634381184,1.63017403060329,0.727521801994499,0.99927870700711,1.68571245764456,0.473296316846934,0.952814429510526,"2-{2-oxo-2H,8H,9H-furo[2,3-h]chromen-8-yl}propan-2-yl acetate","C16 H16 O5",305.12936,306.13661,5.151,16.7097365435908,16.9911312770177,16.6924189467201,"MCI-associated increase"
"Com_45623_pos",0.0219061879116328,0.78201477717709,0.998421930371725,-0.100309400610194,0.409755270771572,0.97424634381184,0.149807650813863,0.70369254822996,0.99927870700711,0.250117051424057,0.361730316312705,0.952814429510526,"2-phenyl-4H-furo[2,3-h]chromen-4-one","C17 H10 O3",262.06383,263.07111,6.096,19.9833273925551,19.6628803757223,19.8241231279745,"MCI-associated decrease"
"Com_21173_pos",-0.0215905584460106,0.785078623025278,0.998421930371725,-0.0391499899863814,0.868024619498063,0.998265352641438,-0.000546397632195718,0.715572534521343,0.99927870700711,0.0386035923541858,0.839987647721254,0.985419326780897,"D-Glucarate","C6 H10 O8",210.0382,211.04547,11.465,24.1988524321343,24.2503253365895,24.1911062837008,"MCI-associated increase"
"Com_11686_pos",-0.0215755284714572,0.78522460316849,0.998421930371725,-0.0466894991936305,0.118599891209226,0.97424634381184,-0.0134543795907639,0.829426061602367,0.99927870700711,0.0332351196028666,0.181294891670863,0.926123611056224,"1-Acetylimidazole","C5 H6 N2 O",110.04877,111.05607,0.725,26.4558327085695,26.4270519095268,26.4497242759441,"MCI-associated decrease"
"Com_6582_pos",0.0215379535350736,0.785589586254684,0.998421930371725,-0.0509779208697461,0.356491880867446,0.97424634381184,0.102927543067484,0.68015079007303,0.99927870700711,0.15390546393723,0.358077087883609,0.952814429510526,"L-lysine","C6 H14 N2 O2",146.10621,129.10293,1.396,26.228830225613,26.1298024082623,26.3164211673309,"MCI-associated decrease"
"Com_11765_neg",0.0214252287259228,0.78668481537538,0.998421930371725,-0.408777601204338,0.326731856764063,0.97424634381184,0.165552467824358,0.784121760913029,0.99927870700711,0.574330069028695,0.17679044541687,0.926123611056224,"Agnuside","C22 H26 O11",466.14922,465.14194,5.625,21.7490183816839,21.8126771752892,21.9531458527598,"Monotonic increase"
"Com_2941_pos",-0.0214101987513694,0.78683087756711,0.998421930371725,-0.0373242184850363,0.577423547853057,0.97424634381184,0.0543958636356166,0.780036765800224,0.99927870700711,0.0917200821206529,0.696615093107947,0.975261360435008,"1-(4-nitrophenyl)piperidine","C11 H14 N2 O2",206.10426,207.11154,5.009,27.4404667016009,27.0289548086745,27.4343301121205,"MCI-associated decrease"
"Com_22924_neg",-0.0212749289803885,0.788145771057652,0.998421930371725,0.143199303154743,0.622727779164978,0.97424634381184,0.494801753153468,0.812877491578446,0.99927870700711,0.351602449998725,0.834548421874662,0.985419326780897,"N1-{[5-(2,4-difluorophenyl)-2-furyl]methyl}benzene-1-sulfonamide","C17 H13 F2 N O3 S",349.06007,348.0528,3.282,20.0944223323479,20.1282994941368,20.1799618295206,"Monotonic increase"
"Com_1834_pos",0.0212148090821747,0.788730360418484,0.998421930371725,0.303713971868938,0.295615553766643,0.97424634381184,0.0423172359141218,0.866927338106833,0.99927870700711,-0.261396735954816,0.517306989731243,0.952814429510526,"Gly-Tyr","C11 H14 N2 O4",238.09458,239.10186,3.598,24.0645299411849,24.7672944439823,24.6551584236922,"MCI-associated increase"
"Com_10644_neg",0.0211997791076213,0.788876526188067,0.998421930371725,-0.204989810199909,0.888578956214013,0.998265352641438,0.371650452506144,0.780036765800224,0.99927870700711,0.576640262706053,0.701770635040555,0.975261360435008,"ST 24:1;O3;G;S","C26 H43 N O7 S",513.27881,512.27149,6.613,18.229094596256,17.7319470462982,17.9285376371446,"MCI-associated decrease"
"Com_32236_pos",0.0210119044257033,0.790704217909957,0.998421930371725,-0.0715913768025272,0.966214434568411,0.998265352641438,0.0598645169573834,0.780036765800224,0.99927870700711,0.131455893759911,0.791340132646549,0.982684488895692,"Δ2-trans-Hexadecenoic acid","C16 H30 O2",254.22604,255.23339,7.238,21.247241603044,21.3145219149887,21.2853258972602,"MCI-associated increase"
"Com_6510_neg",-0.020966814502043,0.79114303403673,0.998421930371725,1.86078267995567,0.428510902013048,0.97424634381184,-1.10905664602763,0.841887776834721,0.99927870700711,-2.9698393259833,0.645862466064675,0.965185528895534,"Tretinoin","C20 H28 O2",300.21061,299.20333,7.621,11.0524132338566,10.7348714670318,11.2997799515942,"MCI-associated decrease"
"Com_5373_neg",-0.0209066946038293,0.791728224197234,0.998421930371725,0.265273562519261,0.204998198444284,0.97424634381184,-0.16563220486828,0.804633943608823,0.99927870700711,-0.430905767387542,0.0854851568631315,0.892381637498056,"DL-α-Aminocaprylic acid","C8 H17 N O2",159.12588,158.1186,6.178,25.499799781063,25.8864487520012,25.5999458059312,"MCI-associated increase"
"Com_397_pos",-0.020861604680169,0.792167193140885,0.998421930371725,0.0238263721344071,0.467484261734005,0.97424634381184,0.157227236445822,0.759704867756638,0.99927870700711,0.133400864311415,0.340160950581424,0.952814429510526,"Leucine","C6 H13 N O2",131.09529,132.10256,3.425,28.2904659354702,28.4162098602797,28.1423285175329,"MCI-associated increase"
"Com_15341_pos",0.0208540896928922,0.792240360981117,0.998421930371725,-1.54965122683981,0.604420830618372,0.97424634381184,-1.38935771650032,0.812877491578446,0.99927870700711,0.16029351033949,0.365406817217469,0.952814429510526,"Indole-3-pyruvic acid","C11 H9 N O3",203.0591,204.06638,6.063,19.6602578720129,19.7278974803427,19.6740756460752,"MCI-associated increase"
"Com_3254_neg",0.0208089997692319,0.792679406064844,0.998421930371725,0.166899726655609,0.712741631310101,0.988298366959884,0.149770310698014,0.825281511752158,0.99927870700711,-0.0171294159575954,0.96112911025941,1,"N1-[3,5-di(trifluoromethyl)phenyl]-2-cyclopentyl-2-phenylacetamide","C21 H19 F6 N O",415.13299,414.12571,5.329,25.6285779360884,25.6607813948817,25.895141469274,"Monotonic increase"
"Com_27421_pos",0.0208014847819552,0.792752586580169,0.998421930371725,-0.805966814281958,0.32352777393429,0.97424634381184,-0.507232733431572,0.808753064222834,0.99927870700711,0.298734080850387,0.423319976747168,0.952814429510526,"3-(5,7-dimethoxy-4-oxo-4H-chromen-2-yl)propanoic acid","C14 H14 O6",278.07732,279.08459,4.694,18.5415399184421,18.5582620521789,18.6154815289357,"Monotonic increase"
"Com_46404_pos",0.0207789398201251,0.79297213897346,0.998421930371725,1.28314162955095,0.301674511904216,0.97424634381184,1.30622074238843,0.77595783470887,0.99927870700711,0.0230791128374791,0.17679044541687,0.926123611056224,"N1-{4-[(2-hydroxybenzoyl)amino]phenyl}-2-nitrobenzamide","C20 H15 N3 O5",399.07659,400.08386,7.315,16.8048376203917,16.7469125402542,16.7917523532695,"MCI-associated decrease"
"Com_864_pos",-0.0205309452399934,0.795388284717611,0.998421930371725,0.0932049225973605,0.857779916506537,0.998265352641438,4.81617561360262,0.77595783470887,0.99927870700711,4.72297069100526,0.98333566379072,1,"6,7,8-trimethoxy-3-phenyl-2-thioxo-1,2,3,4-tetrahydroquinazolin-4-one","C17 H16 N2 O4 S",344.08147,345.08875,6.416,10.4349895746083,10.3951092180794,10.2518748215813,"Monotonic decrease"
"Com_13184_pos",-0.0204933703036098,0.795754537648864,0.998421930371725,-0.108163224092062,0.961020516526437,0.998265352641438,-0.185124430285695,0.715572534521343,0.99927870700711,-0.0769612061936337,0.927881108442468,1,"Deoxynivalenol","C15 H20 O6",296.12557,297.1328,5.644,23.3555143532392,22.9265512730049,22.982826038053,"MCI-associated decrease"
"Com_77_pos",0.0204482803799495,0.796194100007766,0.998421930371725,2.44436818139772,0.451663871524026,0.97424634381184,-0.410889321553103,0.804633943608823,0.99927870700711,-2.85525750295083,0.262311436661922,0.926123611056224,"L-Pyroglutamic acid","C5 H7 N O3",129.04329,130.05055,2.551,20.4059885745554,20.3929158477001,20.5171200479092,"MCI-associated decrease"
"Com_1727_pos",0.0204257354181193,0.796413905220197,0.998421930371725,-0.0487005267790108,0.487684458553608,0.97424634381184,0.120155113547053,0.829426061602367,0.99927870700711,0.168855640326063,0.676134783827214,0.973840329352538,"4-Hydroxy-3-methylbenzoic acid","C8 H8 O3",152.04801,135.04479,5.822,25.0562583953374,25.1530062595768,25.2020370594703,"Monotonic increase"
"Com_31910_pos",-0.0204257354181193,0.796413905220196,0.998421930371725,1.29087380159519,0.751968113314537,0.992345641070078,0.0473870982931788,0.763758485453305,0.99927870700711,-1.24348670330202,0.625998115151927,0.960312520734856,"N-(1,3-benzodioxol-5-yl)-5-methoxy-1H-indole-2-carboxamide","C17 H14 N2 O4",310.09996,311.10724,4.496,18.1272128876072,18.1388825186081,18.089673240995,"MCI-associated increase"
"Com_22880_neg",-0.0203505855453521,0.797146704724249,0.998421930371725,0.0562774244996455,0.447756614378861,0.97424634381184,0.0566980015391732,0.771885073883587,0.99927870700711,0.000420577039527605,0.312712662482808,0.951927592764166,"Kinetin 9-riboside","C15 H17 N5 O5",347.12233,346.11505,5.195,21.529675055164,21.7361289899801,21.5921862551039,"MCI-associated increase"
"Com_3006_pos",0.0203130106089686,0.797513170951683,0.998421930371725,-0.113932588957967,0.304734777861908,0.97424634381184,0.473361932917045,0.707644683840774,0.99927870700711,0.587294521875012,0.280511823439937,0.942486120971035,"Cyclocytidine","C9 H11 N3 O4",225.076,226.08329,1.415,25.9558303403025,25.7206019969999,26.0529829518087,"MCI-associated decrease"
"Com_2116_pos",-0.0203054956216918,0.797586469505409,0.998421930371725,0.180678382571454,0.138212461799709,0.97424634381184,-0.468147014445887,0.751617506178232,0.99927870700711,-0.648825397017341,0.0805403120608203,0.879165798352739,"2-(acetylamino)-3-[4-(acetylamino)phenyl]acrylic acid","C13 H14 N2 O4",262.09658,263.104,5.413,26.9785913214186,27.6142223183979,27.1974600238296,"MCI-associated increase"
"Com_18077_neg",0.0202528907107548,0.798099608850808,0.998421930371725,-0.0169682910915286,0.193593617798518,0.97424634381184,0.0596796233147648,0.731519829268882,0.99927870700711,0.0766479144062936,0.14181541315194,0.926123611056224,"D-Fructose 1,6-bisphosphate","C6 H14 O12 P2",339.99734,338.99009,6.33,25.5003999455709,25.4676312047827,25.4868530560997,"MCI-associated decrease"
"Com_944_pos",0.0202453757234781,0.798172921531274,0.998421930371725,0.304606339660318,0.138212461799709,0.97424634381184,2.00072930648805,0.850217849319105,0.99927870700711,1.69612296682773,0.215232482238929,0.926123611056224,"Methyldopa","C10 H13 N O4",211.08533,212.09261,3.143,23.9821659911692,24.2257464149544,23.954209393853,"MCI-associated increase"
"Com_27527_pos",-0.0202228307616479,0.798392870148738,0.998421930371725,-0.815225404710609,0.0430379351411059,0.97424634381184,0.314115331762659,0.875304923302957,0.99927870700711,1.12934073647327,0.0781564508594666,0.875679606488264,"3,5-di(2-furylmethylidene)tetrahydro-2H-pyran-4-one","C15 H12 O4",256.0725,257.07978,5.961,19.9301815562906,19.6206608260707,19.9969329556548,"MCI-associated decrease"
"Com_46397_neg",0.0201852558252644,0.798759486394639,0.998421930371725,-0.737870921533552,0.0410632444126561,0.97424634381184,0.19012760776143,0.711604711443753,0.99927870700711,0.927998529294982,0.0258828850473204,0.722958425153893,"11(E)-Eicosenoic Acid","C20 H38 O2",310.28892,309.28165,11.271,15.5500232310366,14.3073699923103,15.8858441562357,"MCI-associated decrease"
"Com_7460_pos",-0.020140165901604,0.799199483903044,0.998421930371725,-0.0462842935731607,0.82212262125063,0.998265352641438,-0.014484113068998,0.731519829268882,0.99927870700711,0.0318001805041627,0.796709153380386,0.982684488895692,"4-(5H-thieno[3',2':5,6]thiino[4,3-d]pyrimidin-2-yl)benzamide","C16 H11 N3 O S2",325.03185,326.03913,5.148,24.8970117783756,24.7657904303223,24.7746161146145,"MCI-associated decrease"
"Com_14908_neg",-0.02003495607973,0.80022639015775,0.998421930371725,0.099344199255388,0.751968113314537,0.992345641070078,-0.0571715065519672,0.812877491578446,0.99927870700711,-0.156515705807355,0.521821734292681,0.952814429510526,"13,14-dihydro Prostaglandin F1α","C20 H38 O5",394.24928,393.24201,5.944,21.3523047210233,21.3021971268393,21.2192992385314,"Monotonic decrease"
"Com_49158_pos",-0.0199898661560697,0.800666597691477,0.998421930371725,-0.675660247972977,0.0472287275743189,0.97424634381184,0.00425330501230368,0.896308095996227,0.99927870700711,0.679913552985281,0.0975096563427624,0.914281594941658,"Dihomo-γ-linolenic acid methyl ester","C21 H36 O2",337.2975,338.30478,7.272,20.5473575173317,19.5567907188424,20.6363795097686,"MCI-associated decrease"
"Com_8728_pos",-0.0199598062069628,0.800960104233455,0.998421930371725,-0.122760040254836,0.391496632710145,0.97424634381184,0.0285659645495377,0.858564674040828,0.99927870700711,0.151326004804373,0.601545587417017,0.955684897603873,"Ne-(1-Carboxymethyl)-L-lysine","C8 H16 N2 O4",204.11198,205.11926,1.393,26.2582131397721,25.9018340820742,26.2252324256166,"MCI-associated decrease"
"Com_26924_neg",-0.019847081397812,0.802061001362749,0.998421930371725,0.0263048308668159,0.559746795848292,0.97424634381184,-0.0514423240062596,0.829426061602367,0.99927870700711,-0.0777471548730755,0.748763745418092,0.975261360435008,"4-phenylbenzo[4,5]imidazo[1,2-a]pyrimidin-2-amine","C16 H12 N4",260.10638,259.09911,5.804,20.7265086392939,20.8945496505705,20.8926051028997,"MCI-associated increase"
"Com_11146_pos",-0.0197719315250449,0.802795149229742,0.998421930371725,-0.117530603366287,0.971409786388953,0.998265352641438,-0.0630615788029353,0.723531177879177,0.99927870700711,0.0544690245633523,1,1,"Methyl dihydrojasmonate","C13 H22 O3",226.15788,227.16517,6.139,23.9543862013704,24.1319802332513,23.9945702596483,"MCI-associated increase"
"Com_13753_neg",0.0197268416013846,0.803235720760671,0.998421930371725,0.223387796260171,0.62734180456669,0.97424634381184,0.235383413225938,0.833575363860352,0.99927870700711,0.0119956169657675,0.839987647721254,0.985419326780897,"Kynurenate","C10 H7 N O3",378.07615,188.0308,5.383,21.6339313041467,21.8035663105222,21.7655802954904,"MCI-associated increase"
"Com_25730_neg",-0.0196592067158941,0.80389669416341,0.998421930371725,-0.0431952785095685,0.467484261734005,0.97424634381184,-0.0156247718460959,0.858564674040828,0.99927870700711,0.0275705066634726,0.696615093107947,0.975261360435008,"N-acetyl-D-glucosamine","C8 H15 N O6",221.09099,220.08339,1.345,22.6001899555174,22.3622794993902,22.5215356208566,"MCI-associated decrease"
"Com_36768_pos",0.0196516917286174,0.803970144236651,0.998421930371725,-0.128876914747243,0.669507462568421,0.981173331585391,0.0251124366839009,0.788212713301286,0.99927870700711,0.153989351431144,0.508338548074027,0.952814429510526,"Ciprostene","C22 H36 O4",346.25043,347.25771,6.668,20.2928497399775,20.1589880767298,20.4112305422634,"MCI-associated decrease"
"Com_25051_pos",0.0195464819067433,0.804998625009426,0.998421930371725,0.296183876341326,0.195836438232694,0.97424634381184,-0.13467184292696,0.784121760913029,0.99927870700711,-0.430855719268286,0.197731359513098,0.926123611056224,"ELK","C17 H32 N4 O6",388.2336,389.24082,5.009,18.0165309766102,19.2263731061789,18.3741309897996,"MCI-associated increase"
"Com_4510_pos",-0.0195314519321899,0.805145578168297,0.998421930371725,0.609003028007284,0.924721693522897,0.998265352641438,0.126105070537056,0.77595783470887,0.99927870700711,-0.482897957470228,0.98333566379072,1,"N-Acetyl-S-allyl-L-cysteine","C8 H13 N O3 S",203.06265,204.06994,5.527,19.1554426761876,19.3014975805679,19.1605980277497,"MCI-associated increase"
"Com_24159_neg",0.019501391983083,0.805439504937343,0.998421930371725,-0.222702167648502,0.56414129164058,0.97424634381184,0.411683106384619,0.77595783470887,0.99927870700711,0.634385274033121,0.435515929221652,0.952814429510526,"Resveratrol","C14 H12 O3",228.07948,227.0722,6.012,20.3744822283965,20.1207996696667,20.4501204751352,"MCI-associated decrease"
"Com_28163_pos",-0.019501391983083,0.805439504937342,0.998421930371725,-0.915319442374928,0.170156278508872,0.97424634381184,-0.655658599925771,0.858564674040828,0.99927870700711,0.259660842449157,0.262311436661922,0.926123611056224,"1-(4-methyl-2-morpholino-1,3-thiazol-5-yl)ethan-1-one","C10 H14 N2 O2 S",226.07473,227.08235,6.123,20.0836621613939,19.7342215025697,19.9995417377221,"MCI-associated decrease"
"Com_17311_pos",0.0194563020594227,0.805880446145137,0.998421930371725,-2.03874974315417,0.62734180456669,0.97424634381184,-0.0666346974498095,0.77595783470887,0.99927870700711,1.97211504570436,0.499452327221799,0.952814429510526,"1,2-di(1-phenylethylidene)hydrazine","C16 H16 N2",236.13228,237.13956,5.252,17.5836284744802,17.5975001189523,17.6379114084064,"Monotonic increase"
"Com_49573_pos",-0.0194036971484857,0.80639495482734,0.998421930371725,-0.37583597002532,0.0665996674654398,0.97424634381184,0.112884677301268,0.875304923302957,0.99927870700711,0.488720647326588,0.112416493791439,0.914281594941658,"Orlistat","C29 H53 N O5",512.40862,513.41589,11.541,18.9602792617562,18.3868094068747,18.9346905163604,"MCI-associated decrease"
"Com_3369_neg",-0.019396182161209,0.806468462849372,0.998421930371725,-0.0214626936544123,0.463500610105271,0.97424634381184,-0.173477841170219,0.735525160097836,0.99927870700711,-0.152015147515807,0.419299513170107,0.952814429510526,"N-Acetyl-DL-glutamic acid","C7 H11 N O5",189.06389,188.05661,1.792,23.5617950152147,24.1946018153372,23.5804877805428,"MCI-associated increase"
"Com_36843_neg",0.0193661222121021,0.806762511867075,0.998421930371725,-0.895586598462734,0.796871754630755,0.998265352641438,-0.719509665462163,0.804633943608823,0.99927870700711,0.176076933000571,0.95003605531247,1,"LPS 18:1","C24 H46 N O9 P",523.29456,522.28728,9.651,9.90223511916186,9.91977653321836,9.93366734600444,"Monotonic increase"
"Com_6780_pos",0.0191782475301842,0.808600929684969,0.998421930371725,-0.0885445038166902,0.242124341114465,0.97424634381184,-0.28607518186971,0.825281511752158,0.99927870700711,-0.19753067805302,0.306085122476572,0.950685286066565,"RPH","C17 H28 N8 O4",408.22776,409.23504,5.236,22.4731150299291,22.8996743163102,22.4965449874898,"MCI-associated increase"
"Com_20246_pos",-0.0191256426192471,0.809115874762047,0.998421930371725,-0.577330867348959,0.189164669884543,0.97424634381184,0.584594613127264,0.862744083422995,0.99927870700711,1.16192548047622,0.289926386877085,0.946090802750678,"2-(3-chloro-2-methylanilino)benzoic acid","C14 H12 Cl N O2",261.05695,262.06423,6.11,19.8150949077603,19.4829355504095,19.6566329006055,"MCI-associated decrease"
"Com_2986_neg",-0.0191181276319704,0.809189445034688,0.998421930371725,2.81695577930581,0.252777989502321,0.97424634381184,-0.0590095844504804,0.841887776834721,0.99927870700711,-2.87596536375629,0.347257311765429,0.952814429510526,"6-(2-furyl)-2-oxo-1,2-dihydropyridine-3-carbonitrile","C10 H6 N2 O2",186.04085,185.03357,5.866,19.8314772415048,19.6924887570076,19.8594547237647,"MCI-associated decrease"
"Com_7716_neg",-0.0190730377083101,0.809630901733436,0.998421930371725,0.245991815056941,0.75691921922434,0.992345641070078,0.064707636666884,0.767818589059351,0.99927870700711,-0.181284178390057,0.665982645222812,0.973499221842089,"6-Hydroxynicotinic acid","C6 H5 N O3",139.02682,138.01955,2.04,25.3412950174636,25.4578675385157,25.3060675045683,"MCI-associated increase"
"Com_18817_neg",0.0190504927464799,0.809851652595361,0.998421930371725,-0.0994506761992008,0.817056781514819,0.998265352641438,-0.189441600223069,0.829426061602367,0.99927870700711,-0.0899909240238681,0.577533499716926,0.955117225188735,"Hydroxytriazolam","C17 H12 Cl2 N4 O",358.03733,357.03005,5.152,21.9626376518863,21.8796577068265,21.9542137727052,"MCI-associated decrease"
"Com_43312_pos",0.0190354627719265,0.80999882816327,0.998421930371725,0.465954882669236,0.837363881018235,0.998265352641438,0.270941727539033,0.771885073883587,0.99927870700711,-0.195013155130203,0.743492207683456,0.975261360435008,"Resiniferatoxin","C37 H40 O9",628.26527,629.27255,7.24,17.9479178144542,17.6698543160298,18.3412984692102,"MCI-associated decrease"
"Com_39753_pos",0.0190129178100964,0.810219603992672,0.998421930371725,0.296394873557697,0.145277929455647,0.97424634381184,-0.200040314097927,0.735525160097836,0.99927870700711,-0.496435187655623,0.109299540920766,0.914281594941658,"PC 16:0_16:1","C40 H78 N O8 P",731.54985,732.55713,10.875,18.298812164364,18.2273317994444,18.3133974989081,"MCI-associated decrease"
"Com_35088_neg",-0.0189753428737128,0.81058759694047,0.998421930371725,-1.03476705301406,0.0541548784886401,0.97424634381184,1.52267289293061,0.921606873993781,0.99927870700711,2.55743994594467,0.120515681802125,0.914281594941658,"trans-10-Heptadecenoic Acid","C17 H32 O2",268.24196,267.23468,8.891,12.9378835157219,12.8585320753586,12.9087032978351,"MCI-associated decrease"
"Com_2960_neg",-0.018967827886436,0.810661200509268,0.998421930371725,0.788258284063827,0.32352777393429,0.97424634381184,0.096107197508727,0.727521801994499,0.99927870700711,-0.6921510865551,0.296319630148174,0.947377138639377,"7-Hydroxy-4-chromone","C9 H6 O3",162.0323,161.02475,5.315,20.3121724091033,20.6074421205399,20.056142562064,"MCI-associated increase"
"Com_6648_neg",0.0188250431281784,0.812059982686173,0.998421930371725,0.261882524176703,0.966214434568411,0.998265352641438,0.459648824622671,0.743557331030647,0.99927870700711,0.197766300445968,0.972229695919683,1,"8,8'-dicarboxy-1,1'-binaphthalene","C22 H14 O4",342.08962,341.08248,5.639,22.8798709333107,22.7216047454265,23.0503918712984,"MCI-associated decrease"
"Com_42358_pos",0.0187799532045181,0.812501827063554,0.998421930371725,-0.269494663073962,0.520960693859334,0.97424634381184,-0.289108688871644,0.800520239313436,0.99927870700711,-0.0196140257976824,0.365406817217469,0.952814429510526,"Fenvalerate","C25 H22 Cl N O3",436.15569,437.16296,6.327,19.2578512902492,19.1857746659752,19.3715004012924,"MCI-associated decrease"
"Com_2043_pos",0.0187423782681345,0.812870075893596,0.998421930371725,0.385648725270465,0.326731856764063,0.97424634381184,-0.0928471093918739,0.780036765800224,0.99927870700711,-0.478495834662339,0.322829896841728,0.952814429510526,"cis,cis-Muconic acid","C6 H6 O4",142.02731,125.02404,4.685,23.8418325944921,23.8451196674669,23.8133612942227,"MCI-associated increase"
"Com_3507_pos",0.0186972883444742,0.813312028592132,0.998421930371725,0.712450602908554,0.301674511904216,0.97424634381184,3.04734222211608,0.763758485453305,0.99927870700711,2.33489161920753,0.225720812569721,0.926123611056224,"Diosmetin","C16 H12 O6",300.06489,301.07216,6.147,17.47579433599,17.2852717807918,17.5662525525969,"MCI-associated decrease"
"Com_31016_neg",-0.0186521984208139,0.813754040184768,0.998421930371725,-0.194880149657351,0.204998198444284,0.97424634381184,-0.0301963581060636,0.846050662207489,0.99927870700711,0.164683791551288,0.2774202983206,0.937882209172329,"Tanespimycin","C31 H43 N3 O8",621.286,620.27873,6.379,19.9350670130597,19.7747044900844,20.0243160613401,"MCI-associated decrease"
"Com_2001_neg",-0.018622138471707,0.814048747232478,0.998421930371725,-0.212986288036726,0.698219038274619,0.986572206543947,-0.0664258724669283,0.800520239313436,0.99927870700711,0.146560415569798,0.796709153380386,0.982684488895692,"N-Acetyl-D-galactosamine 4-sulfate","C8 H15 N O9 S",255.04156,300.03978,1.363,28.1688025626673,28.0255794047202,28.262155755959,"MCI-associated decrease"
"Com_26999_pos",0.0185094136625563,0.815154130572584,0.998421930371725,-0.1924284653813,0.62734180456669,0.97424634381184,0.0570600817919298,0.800520239313436,0.99927870700711,0.24948854717323,0.473296316846934,0.952814429510526,"7-(2-hydroxypropan-2-yl)-1,4a-dimethyl-decahydronaphthalen-1-ol","C15 H28 O2",222.19917,223.20647,7.003,21.418098201429,21.464860362759,21.4553127075108,"MCI-associated increase"
"Com_1332_neg",-0.0184943836880028,0.815301542610466,0.998421930371725,0.37474196123139,0.604420830618372,0.97424634381184,0.0631485555808278,0.871114323151626,0.99927870700711,-0.311593405650562,0.867293463278401,0.987763710173379,"N-Acetyl-DL-tryptophan","C13 H14 N2 O3",246.10159,245.09432,5.604,26.9666275956816,26.729844188658,26.6600535760264,"Monotonic decrease"
"Com_5278_neg",-0.0184568087516192,0.81567010102934,0.998421930371725,0.0473855231393708,0.914376006626322,0.998265352641438,-0.0241354108538852,0.821141826006745,0.99927870700711,-0.0715209339932562,0.717318982344425,0.975261360435008,"N-Acetylaspartic acid","C6 H9 N O5",175.04802,174.04074,1.502,25.2411644256946,25.242421950173,25.1171473160223,"MCI-associated increase"
"Com_820_pos",-0.0184568087516192,0.81567010102934,0.998421930371725,0.0781696977775657,0.971409786388953,0.998265352641438,0.463330585169284,0.784121760913029,0.99927870700711,0.385160887391719,0.878262198893988,0.990764947618942,"Nicotinamide","C6 H6 N2 O",122.04859,123.05587,3.872,26.9085043144433,26.8991839374381,26.9031353580239,"MCI-associated decrease"
"Com_9881_neg",0.0183966888534055,0.81625987850082,0.998421930371725,0.0643346388758182,0.883432787149406,0.998265352641438,0.114776369839229,0.829426061602367,0.99927870700711,0.0504417309634105,0.665982645222812,0.973499221842089,"1-methyl-N-(3-methyl-5-cinnolinyl)-1H-imidazole-4-sulfonamide","C13 H13 N5 O2 S",303.07901,302.07169,5.319,22.6538559323211,22.385078159565,22.6260555799742,"MCI-associated decrease"
"Com_30286_neg",0.0183891738661288,0.81633360794101,0.998421930371725,-1.04707467875787,0.622727779164978,0.97424634381184,-0.859167645183781,0.780036765800224,0.99927870700711,0.187907033574087,0.517306989731243,0.952814429510526,"11,12-Epoxy-(5Z,8Z,11Z)-icosatrienoic acid","C20 H32 O3",320.23741,319.23013,8.004,12.1985799593403,12.1096310645679,12.2703081164781,"MCI-associated decrease"
"Com_31334_pos",-0.0183816588788521,0.816407338991624,0.998421930371725,-0.657974273842474,0.966214434568411,0.998265352641438,-0.65739906262392,0.79641206046329,0.99927870700711,0.000575211218554332,0.922350421507559,1,"N-[2-(methylthio)-1,3-benzothiazol-6-yl]-2-(trifluoromethyl)benzamide","C16 H11 F3 N2 O S2",368.02379,369.03107,3.144,18.4369276086571,18.4630703176294,18.4267736609809,"MCI-associated increase"
"Com_5593_pos",-0.0183816588788521,0.816407338991624,0.998421930371725,1.62134759384793,0.247411016969101,0.97424634381184,0.0598432619137318,0.77595783470887,0.99927870700711,-1.5615043319342,0.168032613131053,0.926123611056224,"ENK","C15 H27 N5 O7",371.17837,372.18549,5.721,19.4384819684339,19.8950964294614,19.2519803143497,"MCI-associated increase"
"Com_4812_pos",-0.0183140239933616,0.817070990813335,0.998421930371725,-0.0563996715238842,0.0479595276964911,0.97424634381184,-0.083622201650009,0.989389545272969,0.99927870700711,-0.0272225301261248,0.157548444467026,0.926123611056224,"3-Ureidopropionic acid","C4 H8 N2 O3",132.05424,133.06147,1.544,25.7899264923555,25.496074195552,25.7590364009545,"MCI-associated decrease"
"Com_22684_pos",0.018276449056978,0.817439742445513,0.998421930371725,0.0671493932611262,0.479548326162735,0.97424634381184,0.633271293188252,0.788212713301286,0.99927870700711,0.566121899927126,0.361730316312705,0.952814429510526,"Glycolithocholic acid","C26 H43 N O4",433.32052,456.30988,7.03,16.7568638527791,17.0327855286776,17.2693055138888,"Monotonic increase"
"Com_46642_pos",0.018276449056978,0.817439742445513,0.998421930371725,0.182342681360654,0.622727779164978,0.97424634381184,0.727418881375263,0.841887776834721,0.99927870700711,0.54507620001461,0.391791030156657,0.952814429510526,"3,4-dihydroxy-4-(4-methoxyphenyl)-1,2,3,4-tetrahydroquinolin-2-one","C16 H15 N O4",267.09053,268.09781,6.802,17.6095189520923,17.6181016169892,17.6282613536438,"Monotonic increase"
"Com_39001_neg",-0.0181637242478272,0.81854623719014,0.998421930371725,-0.409954092278599,0.82212262125063,0.998265352641438,-0.573888894095095,0.825281511752158,0.99927870700711,-0.163934801816495,0.621073413560985,0.958253139885009,"Guanosine triphosphate (GTP)","C10 H16 N5 O14 P3",522.98744,521.98016,2.43,18.080926156495,18.0388053711748,18.1689072521323,"MCI-associated decrease"
"Com_36441_pos",-0.0181562092605505,0.818620016263387,0.998421930371725,0.230368757286043,0.608974903493647,0.97424634381184,1.13920858741967,0.812877491578446,0.99927870700711,0.908839830133626,0.439625853937687,0.952814429510526,"CYM-5442","C23 H27 N3 O4",409.19621,410.20349,4.611,16.9237568044744,16.9789867269578,16.9484098486775,"MCI-associated increase"
"Com_23631_neg",-0.0181036043496135,0.819136514291327,0.998421930371725,-0.0505851568851488,0.572979794288714,0.97424634381184,0.471924890749063,0.866927338106833,0.99927870700711,0.522510047634211,0.802087812429697,0.983085864031817,"Tetracycline","C22 H24 N2 O8",444.1457,443.13843,1.555,21.2120830859944,21.1681349363865,21.2274382915634,"MCI-associated decrease"
"Com_18377_pos",0.0180434844513997,0.819726892941596,0.998421930371725,1.91395741743841,0.608974903493647,0.97424634381184,0.725800563340401,0.866927338106833,0.99927870700711,-1.18815685409801,0.845434525219498,0.985419326780897,"(-)-Maackiain","C16 H12 O5",284.07007,285.07734,5.116,17.1054653715718,17.037742800958,16.9320232402319,"Monotonic decrease"
"Com_43721_neg",0.0180134245022929,0.82002212024762,0.998421930371725,-0.184812549780715,0.162182920032768,0.97424634381184,0.0234018811036559,0.825281511752158,0.99927870700711,0.20821443088437,0.07134759002095,0.867791165027521,"Lauric acid ethyl ester","C14 H28 O2",228.21014,227.20286,9.403,20.2931249880545,19.997232507686,20.2942557682118,"MCI-associated decrease"
"Com_4094_neg",-0.0179608195913558,0.820538828808357,0.998421930371725,-0.122660331328361,0.277930377315134,0.97424634381184,0.091237482616931,0.862744083422995,0.99927870700711,0.213897813945292,0.391791030156657,0.952814429510526,"β-D-Glucopyranuronic acid","C6 H10 O7",194.04309,193.03585,6.483,25.9079452161754,25.7429664616272,25.8695656525956,"MCI-associated decrease"
"Com_4749_neg",-0.0178480947822051,0.821646321008838,0.998421930371725,-0.572559228583999,0.924721693522897,0.998265352641438,0.367663378831186,0.792309515725942,0.99927870700711,0.940222607415185,1,1,"Dopamine","C8 H11 N O2",153.07884,152.07156,2.579,21.9454646686205,21.9429590604426,21.9754498576052,"MCI-associated decrease"
"Com_17065_pos",-0.0178180348330982,0.821941711835959,0.998421930371725,-1.87833942614746,0.191369717003743,0.97424634381184,-1.81868720091127,0.917384194576618,0.99927870700711,0.0596522252361885,0.354447160577758,0.952814429510526,"2-(4-fluorophenyl)quinoline","C15 H10 F N",223.08055,224.08783,6.464,18.7114064066556,18.4724332308479,18.7452541132866,"MCI-associated decrease"
"Com_31094_neg",0.0177879748839913,0.822237127669903,0.998421930371725,-0.489792636450273,0.608974903493647,0.97424634381184,0.191493054129399,0.767818589059351,0.99927870700711,0.681285690579672,0.549329305837179,0.955117225188735,"PE 17:1_18:1","C40 H76 N O8 P",729.53615,728.52887,10.524,19.219666548949,19.2177143083925,19.2285356161376,"MCI-associated decrease"
"Com_12368_pos",-0.0177579149348845,0.822532568470557,0.998421930371725,-0.0981308282864755,0.377251420655644,0.97424634381184,0.133135326635484,0.846050662207489,0.99927870700711,0.23126615492196,0.486279233997147,0.952814429510526,"Cytidine","C9 H13 N3 O5",243.08669,244.09401,1.4,24.503435082088,24.0594298146356,24.3772723851456,"MCI-associated decrease"
"Com_4300_pos",0.0177353699730543,0.822754165431324,0.998421930371725,0.00355326404847659,0.929899426345924,0.998265352641438,0.0506449661917697,0.817007115656952,0.99927870700711,0.0470917021432932,0.769965261969016,0.977878730334537,"N-Acetylhistidine","C8 H11 N3 O3",197.08094,198.08826,1.394,27.0570590753553,27.1033954040042,27.125852247724,"Monotonic increase"
"Com_26521_pos",0.0177203399985009,0.822901904519707,0.998421930371725,-0.00938986431842311,0.292616840938141,0.97424634381184,-0.056985061801554,0.892101159439718,0.99927870700711,-0.0475951974831308,0.464748100925728,0.952814429510526,"3-(4-chloro-1-methyl-1H-pyrazol-3-yl)-2-(2-furylcarbonyl)acrylonitrile","C12 H8 Cl N3 O2",261.02631,262.03359,3.089,15.4494009290971,16.2442377487531,15.6373604859481,"MCI-associated increase"
"Com_33101_pos",0.017690280049394,0.82319740134879,0.998421930371725,-0.401275913463331,0.162182920032768,0.97424634381184,0.361897726763882,0.755657840126542,0.99927870700711,0.763173640227214,0.122189035585661,0.914281594941658,"2-{[4-(tert-butyl)benzyl]thio}-4-methylquinoline-3-carbonitrile","C22 H22 N2 S",346.15406,347.16134,6.474,19.1766795984529,18.8350868458256,19.2022948444267,"MCI-associated decrease"
"Com_19592_pos",-0.0176752500748406,0.823345159079455,0.998421930371725,0.50409667190904,0.0283240979835282,0.97424634381184,-0.242248294122563,0.676256546410303,0.99927870700711,-0.746344966031603,0.0314463618652058,0.731469721647179,"4-acetyl-4-(ethoxycarbonyl)heptanedioic acid","C12 H18 O7",274.10412,275.1114,4.193,21.5171965675958,22.421792331468,21.1549349271746,"MCI-associated increase"
"Com_23948_pos",0.0176602201002871,0.823492923014178,0.998421930371725,0.110996026908042,0.796871754630755,0.998265352641438,0.0162223437379193,0.833575363860352,0.99927870700711,-0.0947736831701225,0.966678595943814,1,"4-(benzoylamino)-3-hydroxybutanoic acid","C11 H13 N O4",410.15027,206.08241,2.238,23.1453778792075,23.1421537799428,23.1734334625921,"MCI-associated decrease"
"Com_21327_neg",0.0176151301766268,0.823936251992517,0.998421930371725,-0.74214475133605,0.791846088302126,0.998265352641438,-0.629830304910051,0.771885073883587,0.99927870700711,0.112314446425999,0.743492207683456,0.975261360435008,"L-Threonic acid Calcium Salt","C8 H14 Ca O10",310.01986,309.01259,5.027,19.3546848682519,19.3429026974159,19.354558777471,"MCI-associated decrease"
"Com_17998_neg",0.0176001002020734,0.824084040693284,0.998421930371725,0.222530315830668,0.451663871524026,0.97424634381184,0.725232244474936,0.850217849319105,0.99927870700711,0.502701928644268,0.587084129010093,0.955684897603873,"2-(4-oxo-4H-chromen-3-yl)-2,3,4,5-tetrahydro-1,5-benzothiazepin-4-one","C18 H13 N O3 S",323.06301,322.05573,5.055,19.8192187439175,20.0904815665483,19.8742852817605,"MCI-associated increase"
"Com_3547_neg",0.0175925852147967,0.824157937361091,0.998421930371725,-0.147704167568778,0.945449564887883,0.998265352641438,-0.000409652338652988,0.825281511752158,0.99927870700711,0.147294515230125,0.769965261969016,0.977878730334537,"N-Isobutyrylglycine","C6 H11 N O3",145.07397,144.0667,4.775,26.0877802352327,26.227572807598,26.3281077029678,"Monotonic increase"
"Com_4538_pos",-0.0174422854692623,0.825636194145621,0.998421930371725,0.14116081520786,0.940263580611887,0.998265352641438,1.67128657702693,0.821141826006745,0.99927870700711,1.53012576181907,0.780631974791441,0.982684488895692,"N-{2-[(2-furylmethyl)thio]ethyl}-2-[(3-methoxyphenyl)thio]acetamide","C16 H19 N O3 S2",337.08077,338.08804,3.218,20.4535096371728,20.5572892022639,20.5819041817697,"Monotonic increase"
"Com_7005_neg",-0.0174047105328787,0.826005854259938,0.998421930371725,-0.969574038735151,0.904044806718131,0.998265352641438,-0.992765657826187,0.804633943608823,0.99927870700711,-0.0231916190910357,1,1,"1H-benzo[d]imidazole-2-thiol","C7 H6 N2 S",150.02479,149.01752,5.333,21.3543616589688,21.4250118948374,21.4303186429484,"Monotonic increase"
"Com_15972_neg",-0.0173821655710486,0.826227668674429,0.998421930371725,-0.321040814885647,0.796871754630755,0.998265352641438,-0.366541194052407,0.821141826006745,0.99927870700711,-0.045500379166759,0.922350421507559,1,"2-(3-methylbenzoyl)benzoic acid","C15 H12 O3",240.07979,239.07252,5.343,22.0975528419968,22.0928596863543,22.1721350530116,"MCI-associated decrease"
"Com_4700_pos",-0.0173821655710486,0.826227668674429,0.998421930371725,-0.426542328403936,0.674260695349977,0.981173331585391,-0.296075976556674,0.841887776834721,0.99927870700711,0.130466351847262,0.834548421874662,0.985419326780897,"Phenylacetylglutamine","C13 H16 N2 O4",264.11229,265.11962,5.609,22.8379087316365,22.7013701285329,22.7470689788982,"MCI-associated decrease"
"Com_5152_neg",-0.0173295606601115,0.826745289040417,0.998421930371725,0.58530486258173,0.622727779164978,0.97424634381184,0.168736072022561,0.784121760913029,0.99927870700711,-0.41656879055917,0.540081186091507,0.955117225188735,"D-Xylonic Acid","C5 H10 O6",166.04804,377.09309,5.21,20.9832449628226,21.2054635675486,20.4792622968507,"MCI-associated increase"
"Com_3803_pos",-0.0173145306855581,0.826893194282045,0.998421930371725,0.113049993245897,0.172194775999651,0.97424634381184,0.58606045906278,0.900517950080695,0.99927870700711,0.473010465816883,0.283626664441751,0.942486120971035,"N1-(2-pyridyl)-2-(3,5-difluorophenyl)acetamide","C13 H10 F2 N2 O",248.07875,249.08603,2.712,24.6369419251722,23.7319512131094,24.8932500081827,"MCI-associated decrease"
"Com_23517_pos",-0.0172995007110047,0.827041105607104,0.998421930371725,-0.051621506354654,0.868024619498063,0.998265352641438,-0.24183615114877,0.841887776834721,0.99927870700711,-0.190214644794117,0.655891345916576,0.970682904745141,"20-Hydroxy prostaglandin F2α","C20 H34 O6",352.22635,353.23345,5.807,22.228738887747,22.4011114577451,22.2037059174118,"MCI-associated increase"
"Com_34813_neg",0.0172995007110047,0.827041105607103,0.998421930371725,0.219920717365508,0.590851258792348,0.97424634381184,0.0568262906287907,0.79641206046329,0.99927870700711,-0.163094426736718,0.616165632187242,0.957584933101451,"2'-Deoxyguanosine 5'-monophosphate (dGMP)","C10 H14 N5 O7 P",347.06929,346.06201,5.046,19.4209220824809,19.8662857623457,19.504630887936,"MCI-associated increase"
"Com_12109_pos",0.0172544107873444,0.82748487603254,0.998421930371725,0.191519751700786,0.590851258792348,0.97424634381184,0.438110527681781,0.715572534521343,0.99927870700711,0.246590775980994,0.676134783827214,0.973840329352538,"6-cyclohex-3-enyl-5-nitropiperidin-2-one","C11 H16 N2 O3",224.11704,225.12432,1.337,23.4066427182776,23.0464340210512,23.5572120146669,"MCI-associated decrease"
"Com_327_neg",0.017156715952747,0.828446565643719,0.998421930371725,0.161315284732926,0.751968113314537,0.992345641070078,0.113368199989417,0.817007115656952,0.99927870700711,-0.0479470847435092,0.850888800732806,0.986938771581683,"D-(+)-Mannose","C6 H12 O6",180.06362,179.05629,1.362,29.906453484586,30.0261557302631,29.8968204665992,"MCI-associated increase"
"Com_51_neg",-0.0171341709909169,0.828668530249189,0.998421930371725,3.17490356655723,0.333201642273085,0.97424634381184,4.83545920504459,0.837729306431908,0.99927870700711,1.66055563848737,0.185883969112555,0.926123611056224,"4-Toluenesulfonic acid","C7 H8 O3 S",172.01944,171.01215,5.23,16.506050481779,16.6636035850046,16.4842877146792,"MCI-associated increase"
"Com_28542_pos",0.0170665361054264,0.829334505307815,0.998421930371725,0.020779245214692,0.883432787149406,0.998265352641438,0.0105015436313891,0.817007115656952,0.99927870700711,-0.0102777015833033,0.743492207683456,0.975261360435008,"2-hydroxy-6-[(8Z,11Z)-pentadeca-8,11,14-trien-1-yl]benzoic acid","C22 H30 O3",324.20998,325.21725,6.453,21.6917207990891,21.9584646578455,21.7373312187171,"MCI-associated increase"
"Com_8605_pos",-0.0170665361054264,0.829334505307813,0.998421930371725,-0.0198178364558477,0.572979794288714,0.97424634381184,-0.196105014948223,0.800520239313436,0.99927870700711,-0.176287178492375,0.460506411169444,0.952814429510526,"EPK","C16 H28 N4 O6",372.2041,373.21138,6.594,23.7111379897979,23.7378591934213,23.8068899110338,"Monotonic increase"
"Com_625_neg",-0.0170139311944894,0.829852569936573,0.998421930371725,1.20783052483641,0.595358868812575,0.97424634381184,-0.0291648634624753,0.767818589059351,0.99927870700711,-1.23699538829889,0.558654854496645,0.955117225188735,"3,3-Dimethylglutaric acid","C7 H12 O4",160.07351,159.06622,2.44,26.5003906303176,26.541650561223,26.4624100672823,"MCI-associated increase"
"Com_4724_pos",0.0170064162072127,0.829926585156933,0.998421930371725,0.039899499552654,0.168135920983324,0.97424634381184,-0.0396152318034063,0.913163844512631,0.99927870700711,-0.0795147313560603,0.289926386877085,0.946090802750678,"3-Hydroxyanthranilic acid","C7 H7 N O3",153.04327,154.0506,5.062,26.5570792465611,26.7338770811304,26.63108890908,"MCI-associated increase"
"Com_16041_pos",-0.0168410864871249,0.831555297129224,0.998421930371725,-0.168435645376161,0.56414129164058,0.97424634381184,0.0490903161902714,0.825281511752158,0.99927870700711,0.217525961566433,0.640871917981559,0.963784894223848,"AL 8810","C24 H31 F O4",424.20927,425.21665,6.387,23.2101781019833,23.0893655178795,23.1274545414655,"MCI-associated decrease"
"Com_8614_neg",0.0166983017288672,0.832962489163916,0.998421930371725,0.827516493588063,0.919547147740815,0.998265352641438,-1.05247139703728,0.850217849319105,0.99927870700711,-1.87998789062534,0.88925435424667,0.993217285014548,"5-hex-1-ynyl-2-furoic acid","C11 H12 O3",192.07874,191.07176,5.305,19.9339404972036,20.0987529058296,20.1209000627294,"Monotonic increase"
"Com_33788_neg",0.0166607267924836,0.833332891182145,0.998421930371725,-0.476300381914704,0.0933524584159328,0.97424634381184,-0.178807814084924,0.731519829268882,0.99927870700711,0.29749256782978,0.0842265049780121,0.883552552220323,"PC O-16:0_18:1","C42 H84 N O7 P",791.61006,790.60278,11.122,19.2192356798756,18.9779311937014,19.2758298976913,"MCI-associated decrease"
"Com_2842_pos",-0.0166081218815466,0.833851515560631,0.998421930371725,3.42140067838948,0.212071246797705,0.97424634381184,-0.752511694830456,0.800520239313436,0.99927870700711,-4.17391237321994,0.188210458967053,0.926123611056224,"5-methoxy-2-phenyl-4H-chromen-4-one","C16 H12 O3",290.02766,273.0243,6.353,15.3164869804178,15.0755027425198,15.3705110940777,"MCI-associated decrease"
"Com_6757_pos",-0.0165855769197165,0.834073805087159,0.998421930371725,-0.353019880359755,0.200379096595323,0.97424634381184,-0.0441910825958139,0.917384194576618,0.99927870700711,0.308828797763941,0.340160950581424,0.952814429510526,"Octadecanamine","C18 H39 N",269.30964,270.31692,8.241,26.545855068879,22.5879497677099,26.1909702937412,"MCI-associated decrease"
"Com_24107_pos",0.0165329720087794,0.834592531706945,0.998421930371725,0.375192827081995,0.873155405707105,0.998265352641438,0.583824613851572,0.812877491578446,0.99927870700711,0.208631786769577,0.955581507321733,1,"2-[(3S)-1-(1H-Indol-3-ylmethyl)-3-pyrrolidinyl]-1H-benzimidazole","C20 H20 N4",316.16622,317.17349,6.476,20.1684788154674,20.1930343119065,20.1589013935329,"MCI-associated increase"
"Com_35438_pos",0.0165254570215027,0.834666641335671,0.998421930371725,-0.104456945378392,0.263753978368104,0.97424634381184,-0.182834493493102,0.846050662207489,0.99927870700711,-0.0783775481147104,0.309387166254872,0.951927592764166,"Piperine","C17 H19 N O3",285.13753,286.14481,6.638,19.6275839710308,20.1835685397449,19.5493503359307,"MCI-associated increase"
"Com_37807_pos",0.0164728521105657,0.835185449429417,0.998421930371725,0.385638691568306,0.495894512685331,0.97424634381184,-0.0244687341594544,0.846050662207489,0.99927870700711,-0.410107425727761,0.596707253498334,0.955684897603873,"N-Arachidonoyl-L-serine","C23 H37 N O4",391.27083,392.27811,6.693,18.5110911954819,18.7330679224492,18.4755401741648,"MCI-associated increase"
"Com_3268_pos",-0.0164427921614588,0.835481943114328,0.998421930371725,-0.148588184649504,0.204998198444284,0.97424634381184,-0.0456392642627489,0.904730604511458,0.99927870700711,0.102948920386755,0.322829896841728,0.952814429510526,"Guanidinosuccinic acid","C5 H9 N3 O4",175.06012,176.06739,1.334,27.551315395634,27.1808008905858,27.7131108804321,"MCI-associated decrease"
"Com_28244_neg",0.0162849774286477,0.837038914014087,0.998421930371725,-0.333066409012573,0.997400337824886,0.999268128719689,-0.318376470566408,0.841887776834721,0.99927870700711,0.014689938446165,0.829117100218728,0.985419326780897,"Tetradecanedioic acid","C14 H26 O4",258.18468,257.17741,7.293,19.0452587941413,19.0465648104887,19.1047427887413,"Monotonic increase"
"Com_7406_neg",-0.0162474024922642,0.837409714819993,0.998421930371725,-0.268573557421512,0.28374360866671,0.97424634381184,-0.0693839664558391,0.887897257346573,0.99927870700711,0.199189590965673,0.403443747728166,0.952814429510526,"Prostaglandin D3","C20 H30 O5",332.20084,331.19354,6.243,23.4373333070984,23.3114500931731,23.505750715989,"MCI-associated decrease"
"Com_4634_pos",-0.0162023125686039,0.837854723007,0.998421930371725,-1.01507000539953,0.131414793480883,0.97424634381184,1.71658262971857,0.858564674040828,0.99927870700711,2.7316526351181,0.153496398950392,0.926123611056224,"Obscurolide A1","C15 H17 N O5",313.09061,314.09788,6.225,20.3728005047456,20.0005483423459,20.2964569256636,"MCI-associated decrease"
"Com_11848_neg",-0.0161797676067737,0.838077246377756,0.998421930371725,0.086232069616495,0.82212262125063,0.998265352641438,-0.103168421082213,0.883696506396184,0.99927870700711,-0.189400490698708,0.927881108442468,1,"(+/-)5-iPF2α-VI","C20 H34 O5",354.24273,353.23545,6.665,23.7773546063705,23.7557282965645,23.8303029168565,"MCI-associated decrease"
"Com_3013_pos",0.0160820727721764,0.839041662339612,0.998421930371725,-0.476668067301032,0.314038811796066,0.97424634381184,-0.129994213583008,0.812877491578446,0.99927870700711,0.346673853718024,0.217821042510308,0.926123611056224,"5-[(10Z)-14-(3,5-dihydroxyphenyl)tetradec-10-en-1-yl]benzene-1,3-diol","C26 H36 O4",412.26084,413.26812,10.434,25.3533617826894,25.1222093057585,25.4302997048157,"MCI-associated decrease"
"Com_2005_pos",-0.0160745577848996,0.839115858120646,0.998421930371725,-0.397779647293229,0.950637861926265,0.998265352641438,0.183770414421079,0.837729306431908,0.99927870700711,0.581550061714308,0.796709153380386,0.982684488895692,"D-Gluconic acid","C6 H12 O7",196.05767,197.06495,5.595,14.4125334355997,14.3180767247142,14.6544765814457,"MCI-associated decrease"
"Com_24251_pos",0.0160369828485161,0.839486858260782,0.998421930371725,-0.145708144402468,0.542336717095599,0.97424634381184,-0.0795245024321089,0.875304923302957,0.99927870700711,0.0661836419703587,0.712122795096669,0.975261360435008,"KPH","C17 H28 N6 O4",362.2086,363.21588,7.014,22.2349408569805,22.2661592858906,22.2434542267722,"MCI-associated increase"
"Com_21720_neg",-0.0159618329757489,0.840228964461534,0.998421930371725,-0.0629105418074479,0.693402310791431,0.98465888858239,0.0371274394887829,0.85438922457788,0.99927870700711,0.100037981296231,0.495040349092113,0.952814429510526,"12-Epileukotriene B4","C20 H32 O4",372.20109,371.19382,7.13,19.4425327810959,19.62988713053,19.5130111039115,"MCI-associated increase"
"Com_649_pos",-0.0159167430520886,0.840674295757434,0.998421930371725,-0.709626541925848,0.631970449622002,0.974363661520955,-2.65477943794607,0.825281511752158,0.99927870700711,-1.94515289602022,0.499452327221799,0.952814429510526,"Cotinine","C10 H12 N2 O",176.09554,177.10282,2.325,20.5119299637636,20.6433935085893,20.5798892939003,"MCI-associated increase"
"Com_32546_pos",-0.0159092280648119,0.840748522554844,0.998421930371725,1.2573075729221,0.590851258792348,0.97424634381184,1.90382512457046,0.875304923302957,0.99927870700711,0.646517551648361,0.361730316312705,0.952814429510526,"Tanshinone IIA","C19 H18 O3",294.12747,295.13475,8.06,11.2432170652064,11.290963879965,11.2419855687298,"MCI-associated increase"
"Com_18702_pos",-0.0159017130775351,0.840822750754775,0.998421930371725,-0.450428589651084,0.329956481578519,0.97424634381184,0.961250147399026,0.850217849319105,0.99927870700711,1.41167873705011,0.38413723439593,0.952814429510526,"1-adamantyl(piperidino)methanone","C16 H25 N O",269.17562,270.18295,6.399,19.2878323127907,19.1529130035843,19.3562703887722,"MCI-associated decrease"
"Com_50146_pos",-0.0158415931793214,0.841416626768585,0.998421930371725,-0.240548011215119,0.229256815363323,0.97424634381184,0.0798922980717898,0.862744083422995,0.99927870700711,0.320440309286909,0.2774202983206,0.937882209172329,"Palmitoyl ethanolamide","C18 H37 N O2",299.28365,300.29092,7.917,19.73321852794,19.0769869757498,19.6461100572645,"MCI-associated decrease"
"Com_3125_neg",0.0158190482174912,0.841639353338338,0.998421930371725,-0.342506646786255,0.178419859198224,0.97424634381184,0.0438883949992522,0.825281511752158,0.99927870700711,0.386395041785507,0.100357323739978,0.914281594941658,"Stearic acid","C18 H36 O2",284.27307,283.26578,11.09,26.8699921934188,25.6874785546259,26.8302284385775,"MCI-associated decrease"
"Com_12480_pos",-0.0157363833574473,0.842456124702549,0.998421930371725,-0.0680348425016848,0.533734081281277,0.97424634381184,0.0542907575888518,0.883696506396184,0.99927870700711,0.122325600090537,0.712122795096669,0.975261360435008,"2-[(butylamino)(imino)methyl]-1-oxohydrazinium-1-olate","C5 H12 N4 O2",182.07427,183.08155,5.67,24.1277304173662,24.103131434632,24.1043450426045,"MCI-associated decrease"
"Com_3618_pos",-0.0157213533828939,0.842604646654171,0.998421930371725,-0.14110248869834,0.398740057443781,0.97424634381184,0.0841215575758789,0.866927338106833,0.99927870700711,0.225224046274219,0.499452327221799,0.952814429510526,"L-Glutamine","C5 H10 N2 O3",146.06994,147.07717,1.27,26.417374539979,26.2847208249481,26.3416730487365,"MCI-associated decrease"
"Com_26186_pos",-0.015691293433787,0.842901707191528,0.998421930371725,-0.13596267171489,0.250084447224309,0.97424634381184,-0.130929229966384,0.913163844512631,0.99927870700711,0.0050334417485061,0.387952630840432,0.952814429510526,"N1-methyl-2-[imino(2-pyridyl)methyl]hydrazine-1-carboxamide","C8 H11 N5 O",193.09743,194.1047,2.208,16.4016717424778,16.5639305663905,16.3655839999396,"MCI-associated increase"
"Com_39448_pos",0.0156762634592336,0.843050245767062,0.998421930371725,0.908824553669823,0.698219038274619,0.986572206543947,0.651122384186148,0.850217849319105,0.99927870700711,-0.257702169483675,0.517306989731243,0.952814429510526,"cholesteryl sulfate","C27 H46 O4 S",466.31008,467.31735,6.924,17.313996122174,17.2990136423735,17.4578320808901,"MCI-associated decrease"
"Com_17583_pos",0.0156687484719569,0.843124517129313,0.998421930371725,-0.136256066546201,0.301674511904216,0.97424634381184,-0.0724511413894741,0.77595783470887,0.99927870700711,0.0638049251567267,0.265286810082928,0.926123611056224,"All-Trans-13,14-Dihydroretinol","C20 H32 O",288.24652,289.2538,6.04,23.1510449329996,22.8539777634118,23.3298644908763,"MCI-associated decrease"
"Com_37755_neg",0.0156236585482966,0.84357017430542,0.998421930371725,-0.944587366679651,0.0430379351411059,0.97424634381184,-0.303749723495544,0.751617506178232,0.99927870700711,0.640837643184107,0.0325611317558952,0.741285339974635,"PE 14:0_16:0","C35 H70 N O8 P",663.48842,662.48114,10.164,16.7056779248388,16.5560850837353,16.7127095994994,"MCI-associated decrease"
"Com_14652_neg",0.0155259637136992,0.844535934891537,0.998421930371725,-0.0298474993647626,0.796871754630755,0.998265352641438,-0.0519635029237192,0.850217849319105,0.99927870700711,-0.0221160035589566,0.933415281752242,1,"4,7-dimethylpyrazolo[5,1-c][1,2,4]triazine-3-carbonitrile","C8 H7 N5",173.06872,172.06145,2.739,23.9788709864248,23.9411022466773,24.1161602904605,"MCI-associated decrease"
"Com_34808_pos",-0.0155184487264225,0.844610233775396,0.998421930371725,-0.149184003637172,0.4209494251512,0.97424634381184,0.0207383135190771,0.871114323151626,0.99927870700711,0.169922317156249,0.530911630491966,0.953146719171818,"1-[2-(2,5-dimethyl-1H-pyrrol-1-yl)-4-nitrophenyl]-1H-imidazole","C15 H14 N4 O2",282.11174,283.11906,5.327,21.9346387553939,21.8525791685428,21.8993005599873,"MCI-associated decrease"
"Com_28732_neg",0.0154733588027622,0.845056055813236,0.998421930371725,0.851600342113569,0.966214434568411,0.998265352641438,-0.52190576009158,0.825281511752158,0.99927870700711,-1.37350610220515,0.95003605531247,1,"LPG 19:1","C25 H49 O9 P",524.31585,523.30858,7.302,18.0329499300358,18.1705707217773,18.0636190657944,"MCI-associated increase"
"Com_7835_pos",0.0154733588027622,0.845056055813236,0.998421930371725,-2.93578919350991,0.40239183054899,0.97424634381184,-0.999112068956728,0.759704867756638,0.99927870700711,1.93667712455318,0.407373648283687,0.952814429510526,"IRH","C18 H32 N8 O4",446.24757,447.25485,6.168,15.361066938822,15.0559999486976,15.4985251696819,"MCI-associated decrease"
"Com_23418_pos",0.0153756639681649,0.846022172023514,0.998421930371725,-0.774524350487071,0.811998572511015,0.998265352641438,-0.427420802074866,0.862744083422995,0.99927870700711,0.347103548412205,0.611274949976389,0.957584933101451,"FPH","C20 H25 N5 O4",437.14818,438.15547,5.031,19.3545138342265,19.1694897537336,19.2811039001399,"MCI-associated decrease"
"Com_1055_neg",-0.0153531190063347,0.846245154543274,0.998421930371725,1.62708121394606,0.0883739620238085,0.97424634381184,1.34977128962353,0.691884448907085,0.99927870700711,-0.277309924322525,0.120515681802125,0.914281594941658,"Oxazepam","C15 H11 Cl N2 O2",286.05283,285.04555,5.818,17.5015090687487,18.9630866861676,16.8850564656969,"MCI-associated increase"
"Com_44881_neg",-0.015345604019058,0.846319484761375,0.998421930371725,-0.197682630159186,0.945449564887883,0.998265352641438,-0.324217714460153,0.821141826006745,0.99927870700711,-0.126535084300967,0.861818525982919,0.987763710173379,"Thromoboxane B1","C20 H36 O6",372.25249,371.24521,7.619,16.9878342161933,17.0041514362906,17.1552991634138,"Monotonic increase"
"Com_50770_neg",0.0153380890317813,0.846393816334174,0.998421930371725,-0.28783660743781,0.380782423426346,0.97424634381184,-0.183388377299254,0.808753064222834,0.99927870700711,0.104448230138556,0.299551364204597,0.947377138639377,"GDP","C10 H15 N5 O11 P2",443.02382,442.01654,6.206,18.3122775829133,18.0551798037199,18.2397987943683,"MCI-associated decrease"
"Com_4432_pos",-0.0152779691335675,0.846988517608809,0.998421930371725,-0.181382367755808,0.817056781514819,0.998265352641438,-0.124138109982036,0.837729306431908,0.99927870700711,0.0572442577737718,0.681233164972313,0.973840329352538,"7,8-Dihydrobiopterin","C9 H13 N5 O3",239.10288,240.11016,2.131,26.23974760144,26.6208338774007,26.2417607065782,"MCI-associated increase"
"Com_31044_pos",-0.0152253642226305,0.847508952054672,0.998421930371725,0.181398914387579,0.568552333025136,0.97424634381184,-0.0380232001191277,0.817007115656952,0.99927870700711,-0.219422114506707,0.473296316846934,0.952814429510526,"6-(3-chloro-4-methylphenyl)-1,3,5-triazine-2,4-diamine","C10 H10 Cl N5",235.06023,236.06775,4.997,17.2847099829615,17.4295629966637,17.1999113622864,"MCI-associated increase"
"Com_9152_pos",-0.0150976094389263,0.848773138115963,0.998421930371725,0.0332689702102273,0.645942585778995,0.978176760105966,-0.0490894214497373,0.800520239313436,0.99927870700711,-0.0823583916599647,0.616165632187242,0.957584933101451,"Boldione","C19 H24 O2",284.17774,285.18501,5.588,23.7075939267247,23.2063507671636,23.5730209974215,"MCI-associated decrease"
"Com_2385_neg",-0.0150374895407126,0.849368182754211,0.998421930371725,0.256892627994647,0.761880321625298,0.992345641070078,0.106287741334896,0.900517950080695,0.99927870700711,-0.150604886659751,0.994444862240747,1,"L-(-)-Malic acid","C4 H6 O5",134.02113,133.01389,1.43,24.7772924490422,24.8435433857213,24.7577743100489,"MCI-associated increase"
"Com_9627_pos",-0.0149848846297755,0.849888916568193,0.998421930371725,0.14058555348002,0.75691921922434,0.992345641070078,0.219298426369867,0.850217849319105,0.99927870700711,0.0787128728898468,0.867293463278401,0.987763710173379,"Ethyl protocatechuate","C9 H10 O4",182.05883,183.06625,5.589,20.5532181462842,20.4437215161889,20.4011595234385,"Monotonic decrease"
"Com_2903_pos",-0.014947309693392,0.850260909024647,0.998421930371725,1.77801321142971,0.115554468319167,0.97424634381184,0.125730799726649,0.930058747638237,0.99927870700711,-1.65228241170306,0.188210458967053,0.926123611056224,"4-oxo-4-[(1-phenylethyl)amino]but-2-enoic acid","C12 H13 N O3",241.07222,242.07954,5.931,15.7133862507218,15.3035016674899,15.6881413799789,"MCI-associated decrease"
"Com_5206_pos",0.0149322797188385,0.850409715257138,0.998421930371725,-0.00300353240005642,0.618128522544186,0.97424634381184,0.207737131244159,0.917384194576618,0.99927870700711,0.210740663644216,0.878262198893988,0.990764947618942,"5-[(dimethylamino)methylidene]-3-phenyl-1,3-thiazolane-2,4-dione","C12 H12 N2 O2 S",248.05992,249.06719,6.303,20.0984552117127,20.4286765214767,19.9692209233541,"MCI-associated increase"
"Com_36010_pos",0.0149097347570084,0.850632934500471,0.998421930371725,0.474211364500165,0.679026964522413,0.981173331585391,-0.955516563995392,0.875304923302957,0.99927870700711,-1.42972792849556,0.839987647721254,0.985419326780897,"CAR 16:2","C23 H42 N O4",395.30516,396.31244,7.254,17.3291361899339,17.3792633832821,17.4456445475094,"Monotonic increase"
"Com_2626_neg",-0.0148270698969645,0.851451506380608,0.998421930371725,0.301344375472209,0.631970449622002,0.974363661520955,0.554824982708534,0.846050662207489,0.99927870700711,0.253480607236325,0.486279233997147,0.952814429510526,"Δ17-6-keto prostaglandin F1α","C20 H32 O6",368.22161,367.21431,5.86,24.0833938971811,24.1252520090097,23.9808808129995,"MCI-associated increase"
"Com_50175_pos",-0.0147669499987507,0.852046931032309,0.998421930371725,-0.312493748291488,0.971409786388953,0.998265352641438,-0.309066503410715,0.879499023002221,0.99927870700711,0.00342724488077349,0.823693934159739,0.985419326780897,"Prostaglandin F2α-1-glyceryl ester","C23 H40 O7",900.52011,451.26733,5.096,17.8583237702456,17.7751407056688,17.8095530749718,"MCI-associated decrease"
"Com_33684_pos",0.0147368900496439,0.852344674707903,0.998421930371725,0.640414456863906,0.641270993617746,0.977435844972917,0.171889742793624,0.821141826006745,0.99927870700711,-0.468524714070282,0.553982474057716,0.955117225188735,"S-Adenosyl-L-methionine","C15 H22 N6 O5 S",398.13849,399.14571,6.155,19.9493999557949,19.6148906892558,19.9818042491157,"MCI-associated decrease"
"Com_30502_pos",0.0147143450878137,0.852567996146416,0.998421930371725,0.0209898763780168,0.236917645038447,0.97424634381184,0.398020248028444,0.792309515725942,0.99927870700711,0.377030371650427,0.1953187314659,0.926123611056224,"1-Methylguanosine","C11 H15 N5 O5",297.1083,298.11558,1.417,21.3039579931478,20.8718305949149,21.3811842740585,"MCI-associated decrease"
"Com_166_pos",-0.014706830100537,0.852642439228557,0.998421930371725,-1.76789423639686,0.5083465798032,0.97424634381184,-1.83422087143176,0.79641206046329,0.99927870700711,-0.0663266350348919,0.469011435239911,0.952814429510526,"4-methyl-6-phenyl-5,6-dihydro-2H-pyran-2-one","C12 H12 O2",188.08464,189.09192,5.528,23.7340604292286,23.9656712976422,23.7145881474468,"MCI-associated increase"
"Com_41444_pos",0.0146617401768767,0.853089125004168,0.998421930371725,-0.137123351119441,0.124879215845359,0.97424634381184,0.192649186259109,0.763758485453305,0.99927870700711,0.32977253737855,0.112416493791439,0.914281594941658,"Docosatrienoic acid","C22 H38 O2",334.28885,335.29613,8.835,19.8402946267466,19.3949286181611,19.8233425106117,"MCI-associated decrease"
"Com_13135_neg",0.0145941052913862,0.853759241130979,0.998421930371725,-0.0713217720507249,0.847559111655553,0.998265352641438,-0.0656243594036052,0.825281511752158,0.99927870700711,0.00569741264711976,0.769965261969016,0.977878730334537,"Adenine","C5 H5 N5",135.05443,134.04684,3.021,24.6075990528449,24.6555968345686,24.5471856666596,"MCI-associated increase"
"Com_16374_neg",0.0145415003804492,0.854280514861372,0.998421930371725,0.617810153696804,0.852666421766873,0.998265352641438,0.401803030733991,0.850217849319105,0.99927870700711,-0.216007122962813,0.96112911025941,1,"alpha-D-Glucopyranosyl 2-O-(2-methylbutanoyl)-alpha-D-glucopyranoside","C17 H30 O12",472.17922,471.17195,5.742,19.3735863191561,19.3400453877874,19.2990594060699,"Monotonic decrease"
"Com_46995_neg",-0.0145339853931725,0.854354987686751,0.998421930371725,0.582652354995766,0.363330302633665,0.97424634381184,0.0435433027178757,0.900517950080695,0.99927870700711,-0.53910905227789,0.490649280435088,0.952814429510526,"2-{2-[2,5-di(methoxycarbonyl)anilino]-2-oxoethoxy}acetic acid","C14 H15 N O8",325.08153,324.07425,7.291,16.9959153240393,17.0073972182021,16.9620259289377,"MCI-associated increase"
"Com_16331_neg",0.014466350507682,0.855025300884374,0.998421930371725,0.000497793203569672,0.801905857583837,0.998265352641438,-0.589041430765544,0.850217849319105,0.99927870700711,-0.589539223969114,0.900267843658807,0.994037609026979,"Cystathionine","C7 H14 N2 O4 S",222.06858,221.06131,1.233,20.5196721588121,20.5219778431224,20.7378818673847,"Monotonic increase"
"Com_15413_pos",-0.0144513205331286,0.855174273465809,0.998421930371725,-0.155779266886992,0.295615553766643,0.97424634381184,0.0242023297314377,0.866927338106833,0.99927870700711,0.17998159661843,0.336647873819013,0.952814429510526,"PLK","C17 H32 N4 O4",356.2439,357.25108,1.348,24.2893187575295,24.1674584224875,24.6052415130799,"MCI-associated decrease"
"Com_31915_pos",0.0143912006349148,0.85577021487615,0.998421930371725,0.193268770664406,0.631970449622002,0.974363661520955,0.236230438675516,0.837729306431908,0.99927870700711,0.0429616680111106,0.517306989731243,0.952814429510526,"Tetranor-12(S)-HETE","C16 H26 O3",288.16904,289.17689,1.417,21.0686510678869,21.0970258023869,21.2745944327627,"Monotonic increase"
"Com_19003_pos",-0.0143310807367011,0.856366237774848,0.998421930371725,-0.0383365249913204,0.443868638601511,0.97424634381184,-0.291334344948379,0.771885073883587,0.99927870700711,-0.252997819957059,0.460506411169444,0.952814429510526,"s7p","C7 H15 O10 P",290.04061,291.04789,5.102,15.8614427808726,16.0369343275625,15.7158441676061,"MCI-associated increase"
"Com_32975_neg",0.0142634458512106,0.857036860529672,0.998421930371725,-0.139359830706218,0.176326492136697,0.97424634381184,0.209124458599598,0.767818589059351,0.99927870700711,0.348484289305816,0.168032613131053,0.926123611056224,"Phosphopyruvic acid","C3 H5 O6 P",167.98305,166.97577,1.518,23.0212615446068,22.9510608793498,23.0535745757362,"MCI-associated decrease"
"Com_24591_pos",0.0141882959784434,0.857782116823252,0.998421930371725,-0.0816675214382858,0.703047950925009,0.986572206543947,0.245904991410001,0.846050662207489,0.99927870700711,0.327572512848287,0.577533499716926,0.955117225188735,"dAMP","C10 H14 N5 O6 P",331.06835,332.07563,4.949,21.7518644107573,21.4106458587656,21.6413149676451,"MCI-associated decrease"
"Com_20789_pos",-0.0140830861565694,0.858825686476334,0.998421930371725,-0.663459385961407,0.961020516526437,0.998265352641438,-0.603328102862659,0.850217849319105,0.99927870700711,0.0601312830987479,0.938952675204792,1,"4,5-diphenyl-1,3-oxazole-2-thiol","C15 H11 N O S",253.05322,254.0605,3.064,20.1137045947487,20.1115023465266,20.1008888307157,"Monotonic decrease"
"Com_36986_pos",0.0140830861565694,0.858825686476335,0.998421930371725,-0.382654024161547,0.674260695349977,0.981173331585391,0.0668077024515888,0.879499023002221,0.99927870700711,0.449461726613135,0.477602645895932,0.952814429510526,"CKK","C15 H31 N5 O4 S",399.19708,400.20435,5.208,18.3780778946979,18.3963815925676,18.2754619086932,"MCI-associated increase"
"Com_505_neg",-0.0140304812456324,0.859347563056787,0.998421930371725,0.472072885096031,0.66004076709954,0.978176760105966,0.31516763071639,0.896308095996227,0.99927870700711,-0.15690525437964,0.431428257491981,0.952814429510526,"Asp-Phe","C13 H16 N2 O5",280.10718,279.0999,4.905,24.3614336928352,24.2012072516721,24.0581831615963,"Monotonic decrease"
"Com_27945_pos",0.0140154512710789,0.859496681841887,0.998421930371725,-0.0719290582901429,0.398740057443781,0.97424634381184,-0.378130543262265,0.812877491578446,0.99927870700711,-0.306201484972122,0.340160950581424,0.952814429510526,"3-(methylsulfonyl)-2H-chromen-2-one","C10 H8 O4 S",245.99482,247.00209,5.702,20.4614263231181,20.2530008204688,20.5946683946814,"MCI-associated decrease"
"Com_1294_pos",0.0138952114746514,0.860689810399521,0.998421930371725,0.686676522137589,0.258225552945512,0.97424634381184,0.181769811647848,0.780036765800224,0.99927870700711,-0.504906710489741,0.247780744473925,0.926123611056224,"Neopterin","C9 H11 N5 O4",118.0282,254.08951,1.413,25.8273469618082,25.7820105231492,25.9360468649492,"MCI-associated decrease"
"Com_5634_pos",0.0137975166400541,0.86165945946482,0.998421930371725,0.475331574822923,0.613544182102069,0.97424634381184,0.143769007667195,0.883696506396184,0.99927870700711,-0.331562567155728,0.743492207683456,0.975261360435008,"N-(5-Aminopentyl)acetamide","C7 H16 N2 O",144.12687,145.13414,1.83,24.2795907181781,24.0843419160897,24.1672597044318,"MCI-associated decrease"
"Com_4493_neg",-0.0137674566909472,0.861957854648288,0.998421930371725,-0.302656006587335,0.195836438232694,0.97424634381184,-0.366515686129031,0.989389545272969,0.99927870700711,-0.0638596795416961,0.391791030156657,0.952814429510526,"Resorcinol","C6 H6 O2",110.0363,109.02903,2.402,24.1353813149415,24.0297576284485,24.2498652944816,"MCI-associated decrease"
"Com_1577_pos",-0.0137223667672869,0.862405484002774,0.998421930371725,-0.139309235921228,0.0757793231337235,0.97424634381184,-0.0258716612794831,0.904730604511458,0.99927870700711,0.113437574641745,0.0920082287838425,0.907362256209323,"Benzamide","C7 H7 N O",121.05345,122.06072,0.659,29.2915820228319,29.1946747442963,29.2748497074765,"MCI-associated decrease"
"Com_12048_pos",0.0136547318817965,0.863077010061636,0.998421930371725,-0.110251228486149,0.837363881018235,0.998265352641438,-0.319250677264319,0.837729306431908,0.99927870700711,-0.20899944877817,0.759341893801283,0.975970962603451,"Bosentan","C27 H29 N5 O6 S",551.1841,552.19137,1.355,20.1743588289862,20.2264876626735,20.2403347492289,"Monotonic increase"
"Com_1302_neg",0.013639701907243,0.863226251401807,0.998421930371725,-0.0218890204234276,0.66004076709954,0.978176760105966,4.63133390591236,0.780036765800224,0.99927870700711,4.65322292633579,0.712122795096669,0.975261360435008,"2-[(4-chlorophenyl)sulfonyl]-N,N-dimethylacetamide","C10 H12 Cl N O3 S",262.0265,261.01923,5.019,19.5334208794194,19.578886269064,19.6609300032126,"Monotonic increase"
"Com_27071_pos",-0.0136246719326896,0.863375497576987,0.998421930371725,-0.117416771750803,0.595358868812575,0.97424634381184,-0.0282016910413819,0.913163844512631,0.99927870700711,0.089215080709421,0.791340132646549,0.982684488895692,"4-(Diethylamino)salicylaldehyde","C11 H15 N O2",193.11124,194.11853,1.575,23.6446248403522,22.6240594432009,22.4442850087382,"Monotonic decrease"
"Com_1858_pos",0.0136021269708594,0.863599375894077,0.998421930371725,-1.29303019928354,0.00544856063346693,0.906545585253139,-1.80468617374701,0.723531177879177,0.99927870700711,-0.511655974463469,0.00523966384167517,0.696884579367964,"N-(2-hydroxyphenyl)acetamide","C8 H9 N O2",173.04573,174.053,5.49,16.0613438837724,15.300322895207,16.0597566290678,"MCI-associated decrease"
"Com_28506_neg",0.0136021269708594,0.863599375894077,0.998421930371725,0.0795160578687954,0.852666421766873,0.998265352641438,0.146559256271843,0.879499023002221,0.99927870700711,0.0670431984030478,0.671051209677503,0.973840329352538,"Stachyose","C24 H42 O21",666.22572,665.21854,1.364,21.785152227112,21.4924983585727,21.7305382224777,"MCI-associated decrease"
"Com_40010_pos",0.0136021269708594,0.863599375894077,0.998421930371725,1.14002707614119,0.329956481578519,0.97424634381184,-0.656471857674825,0.792309515725942,0.99927870700711,-1.79649893381602,0.312712662482808,0.951927592764166,"Obacunone","C26 H30 O7",454.1997,455.20697,7.36,16.1522500221597,16.0963865433211,16.1766458741319,"MCI-associated decrease"
"Com_8779_pos",0.0135946119835827,0.863674004411674,0.998421930371725,-0.0338493627432341,0.608974903493647,0.97424634381184,-0.174691674097393,0.841887776834721,0.99927870700711,-0.140842311354159,0.508338548074027,0.952814429510526,"2-Thio-acetyl MAGE","C21 H42 O3 S",396.26598,397.27326,6.815,20.8118380002939,20.1646887777152,21.064553013452,"MCI-associated decrease"
"Com_46787_pos",0.0133015274797907,0.866585450003955,0.998421930371725,0.58582799218528,0.525200934142181,0.97424634381184,0.659020672498185,0.908945941870371,0.99927870700711,0.0731926803129054,0.681233164972313,0.973840329352538,"(1E,4Z,6E)-5-hydroxy-1,7-bis(4-hydroxyphenyl)hepta-1,4,6-trien-3-one","C19 H16 O4",308.10221,309.10948,4.819,17.8782363945747,17.7892967387097,17.8137200766205,"MCI-associated decrease"
"Com_2608_pos",-0.013294012492514,0.866660126211557,0.998421930371725,0.151541295731948,0.495894512685331,0.97424634381184,-0.0313907833141889,0.817007115656952,0.99927870700711,-0.182932079046137,0.452088341455991,0.952814429510526,"Cuminaldehyde","C10 H12 O",148.08955,149.09687,5.599,27.5489421884381,27.9492735439908,27.5441004779092,"MCI-associated increase"
"Com_22709_pos",0.0132188626197468,0.867406953024154,0.998421930371725,-0.584949211278473,0.126488856453848,0.97424634381184,-0.342093929640384,0.817007115656952,0.99927870700711,0.24285528163809,0.08935255730988,0.902508397248603,"Deoxycorticosterone 21-glucoside","C27 H40 O8",492.2737,493.28098,6.669,20.9975065723204,20.4329640252239,21.0943269831033,"MCI-associated decrease"
"Com_3080_pos",-0.0131812876833632,0.86778041043937,0.998421930371725,0.0528813459541286,0.428510902013048,0.97424634381184,0.034986797186191,0.908945941870371,0.99927870700711,-0.0178945487679374,0.553982474057716,0.955117225188735,"Tetrahydrocorticosterone","C21 H34 O4",367.27393,368.28119,6.665,25.3029853472539,24.5744244316016,24.9623143763531,"MCI-associated decrease"
"Com_10430_neg",-0.0131061378105961,0.868527412882333,0.998421930371725,-0.0855081604334308,0.272198767366916,0.97424634381184,-0.0548901679651832,0.98090244239149,0.99927870700711,0.0306179924682476,0.486279233997147,0.952814429510526,"D-Ribose-1-phosphate","C5 H11 O8 P",230.02006,211.0021,1.296,24.7437979638056,24.5088352122958,24.9405171198376,"MCI-associated decrease"
"Com_524_neg",0.0130760778614892,0.868826246453162,0.998421930371725,-0.27922823396601,0.32352777393429,0.97424634381184,-0.0419177589897498,0.825281511752158,0.99927870700711,0.237310474976261,0.265286810082928,0.926123611056224,"3,4-dimethoxythiophene-2,5-dicarboxylic acid","C8 H8 O6 S",232.00511,230.99783,5.077,27.5189993888564,26.832208500255,27.7357694773776,"MCI-associated decrease"
"Com_29956_pos",0.0130460179123823,0.869125098586643,0.998421930371725,-0.976064908736414,0.491780290625231,0.97424634381184,-0.551700343697279,0.866927338106833,0.99927870700711,0.424364565039135,0.358077087883609,0.952814429510526,"2-[(3S)-1-(2-Methylbenzyl)-3-pyrrolidinyl]-1,3-benzoxazole","C19 H20 N2 O",292.1588,293.16608,6.394,19.1368615054429,19.0845516696127,19.2179783595376,"MCI-associated decrease"
"Com_35056_pos",-0.013000927988722,0.869573411500967,0.998421930371725,-0.114814935275877,0.487684458553608,0.97424634381184,-0.00836942668601012,0.804633943608823,0.99927870700711,0.106445508589866,0.477602645895932,0.952814429510526,"N~1~,N~4~-bis(3-chloro-4-methylphenyl)but-2-enediamide","C18 H16 Cl2 N2 O2",384.03871,385.04599,4.745,19.2895763790186,19.3888246718298,19.2473302327226,"MCI-associated increase"
"Com_12717_pos",0.0128130533068041,0.871441827432184,0.998421930371725,0.0739810117641352,0.377251420655644,0.97424634381184,0.0339920094156751,0.837729306431908,0.99927870700711,-0.03998900234846,0.340160950581424,0.952814429510526,"L-Glutamate","C5 H9 N O4",147.05381,148.061,1.959,24.2290610297821,24.7570626124698,24.2394633785456,"MCI-associated increase"
"Com_16629_neg",0.0127379034340369,0.872189393424019,0.998421930371725,-1.99634600212823,0.102604142052151,0.97424634381184,-0.386669635985258,0.942751065743285,0.99927870700711,1.60967636614297,0.149524090306385,0.926123611056224,"PE 16:0_16:1","C37 H72 N O8 P",689.50441,688.49714,10.741,18.6115035608079,18.6549843210332,18.6190469496788,"MCI-associated increase"
"Com_740_pos",0.0127379034340369,0.872189393424019,0.998421930371725,-0.0448060302659061,0.722481936667065,0.988298366959884,0.02265287297474,0.833575363860352,0.99927870700711,0.0674589032406462,0.676134783827214,0.973840329352538,"Methylimidazoleacetic acid","C6 H8 N2 O2",140.05919,141.06645,1.389,29.1284705628087,29.3571466044856,29.2992102815337,"MCI-associated increase"
"Com_7990_pos",0.0127379034340369,0.872189393424019,0.998421930371725,0.266063406716339,0.842458195298763,0.998265352641438,-0.620053259615256,0.858564674040828,0.99927870700711,-0.886116666331595,0.905781933459163,0.994037609026979,"Formononetin","C16 H12 O4",268.07482,269.08209,5.716,16.8267257560898,16.7440664760613,17.2264061956434,"MCI-associated decrease"
"Com_23500_pos",-0.0127228734594835,0.872338920214367,0.998421930371725,0.96759519657187,0.747027193565412,0.992345641070078,-0.0333120000253123,0.862744083422995,0.99927870700711,-1.00090719659718,0.63093955575425,0.962373948192512,"N-(2,6-Dimethylphenyl)-N-(methoxyacetyl) alanine","C14 H19 N O4",265.13226,266.13957,4.88,18.5975467303284,18.656272081915,18.5835815879135,"MCI-associated increase"
"Com_19396_pos",-0.012655238573993,0.873011846612529,0.998421930371725,-0.180064699378506,0.868024619498063,0.998265352641438,0.247020826212666,0.883696506396184,0.99927870700711,0.427085525591172,1,1,"LQH","C17 H28 N6 O5",396.21557,397.2226,7.413,20.343885203471,20.479253819005,20.5128367142091,"Monotonic increase"
"Com_9921_pos",-0.0126477235867163,0.873086621839881,0.998421930371725,-0.295300190451224,0.14708679534127,0.97424634381184,0.0176084134391181,0.95969623869513,0.99927870700711,0.312908603890342,0.236569016868553,0.926123611056224,"Linolelaidic Acid (C18:2N6T)","C18 H32 O2",280.24159,281.24887,6.819,24.2469257541465,23.933296618921,24.3445490246658,"MCI-associated decrease"
"Com_10901_pos",0.0125650587266724,0.873909223323821,0.998421930371725,-0.0872304664219373,0.440000013321164,0.97424634381184,0.0188547377660679,0.829426061602367,0.99927870700711,0.106085204188005,0.387952630840432,0.952814429510526,"Estradiol","C18 H24 O2",272.17749,295.16656,5.239,24.6303848943219,24.3105359404917,24.532378797643,"MCI-associated decrease"
"Com_8497_pos",-0.0125349987775655,0.874208384660706,0.998421930371725,0.0613632867759614,0.847559111655553,0.998265352641438,-0.00735949390639227,0.883696506396184,0.99927870700711,-0.0687227806823537,0.691473527334145,0.975261360435008,"o-Veratraldehyde","C9 H10 O3",166.06375,167.07108,5.263,25.1552560507931,25.2473882638,25.2577069259791,"Monotonic increase"
"Com_40090_pos",-0.0125124538157353,0.874432767355948,0.998421930371725,0.997177378990357,0.622727779164978,0.97424634381184,-0.0070838844848449,0.871114323151626,0.99927870700711,-1.0042612634752,0.490649280435088,0.952814429510526,"Adenosine diphosphate (ADP)","C10 H15 N5 O10 P2",427.03157,428.03885,4.605,17.4170351637,17.4249337446926,17.3976371276654,"MCI-associated increase"
"Com_34287_pos",0.012467363892075,0.874881562736868,0.998421930371725,0.158463671560718,0.398740057443781,0.97424634381184,-0.160236544113472,0.921606873993781,0.99927870700711,-0.31870021567419,0.521821734292681,0.952814429510526,"N1-phenethylbenzene-1-carbothioamide","C15 H15 N S",241.0895,242.09678,4.828,18.86734368503,18.9711086530122,19.4431204919709,"Monotonic increase"
"Com_37589_pos",-0.0124523339175216,0.875031170064126,0.998421930371725,-0.180209106561019,0.0355937279132443,0.97424634381184,0.0395446644536096,0.850217849319105,0.99927870700711,0.219753771014629,0.205099948872105,0.926123611056224,"5-Hydroxymethyluracil","C5 H6 N2 O3",142.03854,143.04587,1.634,20.1326151043857,19.6657830943119,20.2520763343614,"MCI-associated decrease"
"Com_5356_pos",0.0123546390829243,0.87600372531265,0.998421930371725,1.14481947013654,0.216883555394078,0.97424634381184,-1.0313407343547,0.900517950080695,0.99927870700711,-2.17616020449124,0.106251320946045,0.914281594941658,"Celestolide","C17 H24 O",266.16404,267.17132,6.331,21.2340163821279,20.9625050640352,21.3949511351867,"MCI-associated decrease"
"Com_48585_pos",0.0123170641465407,0.876377834499518,0.998421930371725,-0.232929443365637,0.363330302633665,0.97424634381184,0.172084207308489,0.879499023002221,0.99927870700711,0.405013650674126,0.239337735637425,0.926123611056224,"5-[3-(2-Chloro-4-fluorobenzyl)-1,2,4-oxadiazol-5-yl]-3-pyrrolidinol","C13 H13 Cl F N3 O2",297.06828,298.07556,6.251,18.630483115422,18.562866373023,18.4634259578142,"Monotonic decrease"
"Com_21825_neg",0.012309549159264,0.876452659622899,0.998421930371725,0.455635721610948,0.126488856453848,0.97424634381184,0.117897512280444,0.94698523150345,0.99927870700711,-0.337738209330504,0.183578808289727,0.926123611056224,"Methyl alpha-D-glucopyranoside","C7 H14 O6",194.07956,193.0722,1.376,22.0820397508482,22.4087308418589,22.2123757105022,"MCI-associated increase"
"Com_29391_neg",0.0122870041974338,0.876677141553328,0.998421930371725,-0.204820287560965,0.533734081281277,0.97424634381184,0.152372945075594,0.829426061602367,0.99927870700711,0.357193232636559,0.495040349092113,0.952814429510526,"LPE 20:4","C25 H44 N O7 P",501.28899,500.28171,8.637,18.1641508852075,17.6071162232548,18.4809651751261,"MCI-associated decrease"
"Com_8648_pos",0.0122794892101571,0.876751971048058,0.998421930371725,-0.100195912348554,0.837363881018235,0.998265352641438,1.04005673461902,0.866927338106833,0.99927870700711,1.14025264696757,0.905781933459163,0.994037609026979,"Norcodeine","C17 H19 N O3",285.13789,286.14511,5.072,15.1541546643677,15.1519664251609,15.3583299758939,"MCI-associated decrease"
"Com_10958_pos",-0.0121517344264529,0.878024238880923,0.998421930371725,0.402828780603029,0.868024619498063,0.998265352641438,-0.00875862733989562,0.862744083422995,0.99927870700711,-0.411587407942924,0.780631974791441,0.982684488895692,"Phenylpropiolic acid","C9 H6 O2",146.03728,147.04454,5.005,22.5827228360724,22.7730530326644,22.5731055416568,"MCI-associated increase"
"Com_47215_pos",0.0121291894646227,0.878248789228636,0.998421930371725,0.111440518681383,0.883432787149406,0.998265352641438,0.000235898685329086,0.887897257346573,0.99927870700711,-0.111204619996054,0.732985348847199,0.975261360435008,"NVP-231","C25 H25 N3 O2 S",431.16033,432.1676,5.131,19.4250055726504,19.3821352141374,19.4756297889022,"MCI-associated decrease"
"Com_3694_pos",-0.012121674477346,0.878323641501729,0.998421930371725,-0.142974835379233,0.786829057503247,0.998265352641438,-0.282786463325909,0.896308095996227,0.99927870700711,-0.139811627946676,0.611274949976389,0.957584933101451,"2-Pyridylacetic acid","C7 H7 N O2",137.04823,138.05551,4.841,25.4919001412424,25.5366378153174,25.5423008421725,"Monotonic increase"
"Com_2398_pos",-0.0121066445027926,0.878473349279782,0.998421930371725,0.534022338117417,0.0397898765518931,0.97424634381184,0.57820641692378,0.763758485453305,0.99927870700711,0.0441840788063628,0.0399849127940209,0.769968157118732,"trans-Anethole","C10 H12 O",148.08896,149.09662,5.357,24.1824033805157,24.678225962727,24.0619746204183,"MCI-associated increase"
"Com_3537_pos",0.0120991295155159,0.878548204783436,0.998421930371725,-0.0221070581558385,0.776821692720023,0.998265352641438,-0.0530398521063088,0.850217849319105,0.99927870700711,-0.0309327939504702,0.785980992745559,0.982684488895692,"Pyrogallol","C6 H6 O3",126.03261,127.03988,5.061,27.6827453055802,27.7049661284332,27.6747015883243,"MCI-associated increase"
"Com_13681_pos",0.0120615545791323,0.878922498421879,0.998421930371725,0.238224547676303,0.356491880867446,0.97424634381184,0.0648804885009015,0.94698523150345,0.99927870700711,-0.173344059175401,0.508338548074027,0.952814429510526,"N-{4-[(2R,3R)-3-(Hydroxymethyl)-5-oxo-2-morpholinyl]phenyl}acetamide","C13 H16 N2 O4",286.08745,287.09473,5.497,20.422823260303,20.96260385228,20.5456678718909,"MCI-associated increase"
"Com_29153_pos",0.0120615545791323,0.878922498421879,0.998421930371725,0.932352114290533,0.852666421766873,0.998265352641438,0.124329535330337,0.892101159439718,0.99927870700711,-0.808022578960196,0.98333566379072,1,"2,4-dichloro-N-{2-[(2-furylmethyl)amino]-1-methyl-2-oxoethyl}benzamide","C15 H14 Cl2 N2 O3",340.04161,341.04889,2.907,19.3219093646095,19.3239081968354,19.3416769993071,"Monotonic increase"
"Com_16285_pos",-0.0120540395918556,0.878997360369029,0.998421930371725,0.133313858129709,0.212071246797705,0.97424634381184,-0.284262826987285,0.808753064222834,0.99927870700711,-0.417576685116994,0.192927758595424,0.926123611056224,"N-[2-(1,5-dimethyl-4-nitro-1H-pyrazol-3-yl)vinyl]-N,N-dimethylamine","C9 H14 N4 O2",210.11255,211.11983,1.964,24.4778763571004,25.1039210017487,24.7360247577236,"MCI-associated increase"
"Com_24219_neg",0.0120540395918556,0.878997360369029,0.998421930371725,0.59223797755778,0.68859794174135,0.98465888858239,-0.0876199980931593,0.866927338106833,0.99927870700711,-0.679857975650939,0.727750480169092,0.975261360435008,"2-{[(cyanoimino)(methylthio)methyl]amino}propane","C6 H11 N3 S",157.06562,156.05834,0.533,17.4977359608581,17.49653475461,17.5271204159606,"MCI-associated decrease"
"Com_30733_neg",0.012016464655472,0.879371686166192,0.998421930371725,-0.0443786835898284,0.377251420655644,0.97424634381184,0.0186283769060547,0.94698523150345,0.99927870700711,0.0630070604958832,0.535486518379526,0.955117225188735,"(+/-)9,10-dihydroxy-12Z-octadecenoic acid","C18 H34 O4",314.24727,313.24,6.751,18.8853162292798,19.1699356707526,19.0232847465622,"MCI-associated increase"
"Com_19151_pos",-0.0119713747318117,0.879820912371677,0.998421930371725,-0.234318793183108,0.842458195298763,0.998265352641438,-0.161007295398472,0.866927338106833,0.99927870700711,0.0733114977846366,0.900267843658807,0.994037609026979,"D-Glucosamine 6-phosphate","C6 H14 N O8 P",259.04624,260.05352,5.235,19.8568558382162,19.770087405504,19.784496610717,"MCI-associated decrease"
"Com_22506_pos",0.0118736798972143,0.880794367087799,0.998421930371725,-0.472553858285749,0.966214434568411,0.998265352641438,-0.770179698991408,0.904730604511458,0.99927870700711,-0.297625840705659,0.867293463278401,0.987763710173379,"2-cyano-3-(3,4-dimethoxyphenyl)acrylic acid","C12 H11 N O4",233.0696,234.07662,5.214,19.1118988522379,19.1843103370431,19.088005484919,"MCI-associated increase"
"Com_28655_pos",0.0118661649099376,0.880869255629773,0.998421930371725,-0.872401027929155,0.304734777861908,0.97424634381184,-0.593719895944112,0.804633943608823,0.99927870700711,0.278681131985044,0.302806524686605,0.947377138639377,"1-[2-(2,6-dichlorobenzyl)-2H-1,2,3,4-tetraazol-5-yl]piperidine","C13 H15 Cl2 N5",311.07246,312.07973,6.447,19.2630320583977,19.0810606744406,19.3378082088034,"MCI-associated decrease"
"Com_3744_neg",-0.0118060450117239,0.881468401901391,0.998421930371725,0.414536955775165,0.191369717003743,0.97424634381184,0.0254127404796782,0.917384194576618,0.99927870700711,-0.389124215295487,0.228398975418956,0.926123611056224,"Prostaglandin H2","C20 H32 O5",334.21628,333.20894,6.308,22.9652297379643,22.613265652161,22.7703991697476,"MCI-associated decrease"
"Com_12040_neg",0.0117910150371704,0.881618198983053,0.998421930371725,0.121353699318346,0.542336717095599,0.97424634381184,1.10176520577565,0.862744083422995,0.99927870700711,0.980411506457305,0.44791214309302,0.952814429510526,"N3-(4-chlorophenyl)-4-(trifluoromethyl)nicotinamide","C13 H8 Cl F3 N2 O",300.02856,299.02128,5.862,21.4363906140917,21.3422007737759,21.4830904634693,"MCI-associated decrease"
"Com_2803_pos",0.0117534401007868,0.88199271002908,0.998421930371725,-0.20365486297724,0.516738151913713,0.97424634381184,0.807460584363783,0.858564674040828,0.99927870700711,1.01111544734102,0.431428257491981,0.952814429510526,"N,N-Dimethylaniline","C8 H11 N",121.08987,122.09714,6.14,20.0941906019456,20.0044295349079,20.1296011549677,"MCI-associated decrease"
"Com_3435_pos",-0.0117083501771265,0.882442157778304,0.998421930371725,-4.44748291836072,0.520960693859334,0.97424634381184,-4.5178496312392,0.879499023002221,0.99927870700711,-0.0703667128784814,0.553982474057716,0.955117225188735,"4-Chlorobenzophenone","C13 H9 Cl O",216.03535,217.04263,6.516,12.6880605720397,12.6172891167354,12.8007331805159,"MCI-associated decrease"
"Com_3100_pos",-0.0116632602534662,0.882891643023889,0.998421930371725,-0.110241716776889,0.608974903493647,0.97424634381184,-0.0657582715657525,0.829426061602367,0.99927870700711,0.0444834452111361,0.596707253498334,0.955684897603873,"Cytosine","C4 H5 N3 O",111.04404,112.05131,4.891,25.9399646219698,27.0003375025442,26.6635387238901,"MCI-associated increase"
"Com_438_pos",0.0116482302789128,0.883041479747184,0.998421930371725,-0.0191345083136048,0.873155405707105,0.998265352641438,1.58204714922031,0.85438922457788,0.99927870700711,1.60118165753392,0.88925435424667,0.993217285014548,"N-Acetyl-L-tyrosine","C11 H13 N O4",223.08561,224.0929,5.212,23.4054864539911,23.4748770452183,23.4553564477037,"MCI-associated increase"
"Com_5647_pos",0.0116482302789128,0.883041479747184,0.998421930371725,-0.119220311451657,0.440000013321164,0.97424634381184,-0.083755478021073,0.913163844512631,0.99927870700711,0.0354648334305843,0.530911630491966,0.953146719171818,"N-Acetylcytidine","C11 H15 N3 O6",285.09727,286.10455,4.891,24.3986156717598,25.776398157385,25.0516370274999,"MCI-associated increase"
"Com_33688_neg",-0.0116332003043594,0.883191320615803,0.998421930371725,-0.532733009371686,0.195836438232694,0.97424634381184,-0.128644981961258,0.921606873993781,0.99927870700711,0.404088027410428,0.236569016868553,0.926123611056224,"Diflorasone","C22 H28 F2 O5",410.19032,409.18304,5.854,20.3431137548399,20.1923918510618,20.4690240921758,"MCI-associated decrease"
"Com_44707_neg",-0.0116181703298059,0.883341165624508,0.998421930371725,-0.253677108234397,0.252777989502321,0.97424634381184,0.124070099668773,0.917384194576618,0.99927870700711,0.37774720790317,0.302806524686605,0.947377138639377,"LysoPE 18:0","C23 H48 N O7 P",481.31865,480.31137,9.24,17.2720717383285,17.192256080623,17.312606364728,"MCI-associated decrease"
"Com_12285_pos",-0.0116031403552525,0.883491014768064,0.998421930371725,-0.0140126212637695,0.873155405707105,0.998265352641438,0.272748340639561,0.837729306431908,0.99927870700711,0.286760961903331,0.872774773778319,0.990317081593639,"(1R,2S,3R,4R)-3-(Isobutylamino)-4-(3-pyridinyl)-1,2-cyclopentanediol","C14 H22 N2 O2",272.14941,273.1567,1.372,22.7380917197314,22.8606330304623,22.7933288697583,"MCI-associated increase"
"Com_11896_pos",-0.0115430204570387,0.88409045258608,0.998421930371725,0.0708196476697417,0.904044806718131,0.998265352641438,0.106201541185892,0.887897257346573,0.99927870700711,0.0353818935161505,0.994444862240747,1,"Hydrocortisone acetate","C23 H32 O6",404.2196,405.22688,6.342,22.7373823029942,22.7715486828233,22.6133127046025,"MCI-associated increase"
"Com_4603_pos",0.0114753855715483,0.884764898692844,0.998421930371725,0.0496688824989128,0.467484261734005,0.97424634381184,0.149306832984953,0.79641206046329,0.99927870700711,0.0996379504860403,0.517306989731243,0.952814429510526,"Cantharidin","C10 H12 O4",196.07459,197.08187,5.983,25.7323684625117,25.4232472355427,25.7483369937947,"MCI-associated decrease"
"Com_296_pos",0.0114603555969948,0.884914786856255,0.998421930371725,-0.0804594216362948,0.525200934142181,0.97424634381184,0.484738888044809,0.862744083422995,0.99927870700711,0.565198309681104,0.439625853937687,0.952814429510526,"p-Mentha-1,3,8-triene","C10 H14",134.11014,135.11741,6.115,25.9629893504466,25.9235790786296,25.8931091980858,"Monotonic decrease"
"Com_29743_pos",0.0113025408641838,0.886488857890538,0.998421930371725,-2.27173418159516,0.384333650558935,0.97424634381184,-2.36498420124992,0.917384194576618,0.99927870700711,-0.093250019654757,0.460506411169444,0.952814429510526,"DKK","C16 H31 N5 O6",742.42252,372.21854,8.487,13.1945612767797,13.6104134352508,13.130294593046,"MCI-associated increase"
"Com_45027_pos",-0.0112123610168631,0.887388526669509,0.998421930371725,0.0929809909902609,0.451663871524026,0.97424634381184,-0.0455141474752931,0.841887776834721,0.99927870700711,-0.138495138465554,0.411326283922083,0.952814429510526,"Heptadecanoic Acid","C17 H34 O2",292.24111,293.24838,7.253,19.1837082057432,19.3946333862037,19.2139692220013,"MCI-associated increase"
"Com_42425_pos",0.0111973310423097,0.887538485473203,0.998421930371725,-0.459797972884174,0.160234350051545,0.97424634381184,-0.0372929311800521,0.850217849319105,0.99927870700711,0.422505041704122,0.114001036524635,0.914281594941658,"Indoxyl-β-D-glucuronide","C14 H15 N O7",309.08665,310.09388,5.117,19.4988427128291,19.1822540708674,19.6656047547672,"MCI-associated decrease"
"Com_29889_neg",0.0110470312967754,0.889038291987477,0.998421930371725,0.152879640292514,0.117069404545356,0.97424634381184,0.0253983525721857,0.921606873993781,0.99927870700711,-0.127481287720328,0.129064626273799,0.926123611056224,"3,4,5-trihydroxycyclohex-1-ene-1-carboxylic acid","C7 H10 O5",174.05356,173.04586,4.996,21.9088991477857,22.0635196875741,21.8115562411454,"MCI-associated increase"
"Com_3217_neg",0.011001941373115,0.88948831092409,0.998421930371725,0.0918593356867916,0.212071246797705,0.97424634381184,0.506087931418885,0.808753064222834,0.99927870700711,0.414228595732093,0.210122011809528,0.926123611056224,"5-Sulfosalicylic acid","C7 H6 O6 S",217.98961,216.98233,2.407,25.9571061691902,23.640925188091,24.9516983049785,"MCI-associated decrease"
"Com_1433_pos",-0.0109869113985616,0.889638325082896,0.998421930371725,-0.218605407596639,0.336467330954755,0.97424634381184,-0.143767018219141,0.985145783696477,0.99927870700711,0.0748383893774984,0.530911630491966,0.953146719171818,"Menadione","C11 H8 O2",172.05342,173.06069,5.789,22.3308167936348,21.7823090635902,22.2080906807289,"MCI-associated decrease"
"Com_33607_pos",0.0107764917548135,0.891738931942116,0.998421930371725,0.642299768356181,0.384333650558935,0.97424634381184,0.404231195193182,0.841887776834721,0.99927870700711,-0.238068573162999,0.350840560608237,0.952814429510526,"Lysopg 18:1","C24 H47 O9 P",510.29703,511.30426,6.973,17.8839345246494,17.3883922271437,17.8868094650528,"MCI-associated decrease"
"Com_19391_pos",-0.0107389168184299,0.892114119945096,0.998421930371725,-0.116186617160277,0.516738151913713,0.97424634381184,0.410257853307406,0.837729306431908,0.99927870700711,0.526444470467682,0.503885099508908,0.952814429510526,"N-(4-butyl-2-methylphenyl)-N'-[4-(4-methylpiperazino)phenyl]urea","C23 H32 N4 O",380.25653,381.2638,7.208,19.8531917077383,19.9695009644498,19.8228845808192,"MCI-associated increase"
"Com_15994_pos",0.010708856869323,0.892414287576503,0.998421930371725,0.390700001145266,0.14708679534127,0.97424634381184,-0.176233288158905,0.951220895178404,0.99927870700711,-0.566933289304171,0.192927758595424,0.926123611056224,"Artesunate","C19 H28 O8",406.16225,407.16953,6.317,20.1023023848242,20.82246529867,20.0783068222913,"MCI-associated increase"
"Com_48712_pos",0.0106938268947696,0.892564377120745,0.998421930371725,-0.297455860031778,0.164149319399002,0.97424634381184,0.25834879419703,0.804633943608823,0.99927870700711,0.555804654228809,0.165894927274966,0.926123611056224,"gamma-Tocopherol","C28 H48 O2",416.36343,417.37071,10.129,19.4714156671214,16.3899927438642,19.2565536993054,"MCI-associated decrease"
"Com_2034_pos",0.0106637669456627,0.892864567639999,0.998421930371725,0.0192555453812727,0.655327630907459,0.978176760105966,-0.0535793092943849,0.917384194576618,0.99927870700711,-0.0728348546756577,0.769965261969016,0.977878730334537,"Threonine","C4 H9 N O3",119.05923,120.06626,1.393,28.2726233137439,28.3768409171125,28.4867633621953,"Monotonic increase"
"Com_15776_pos",0.010656251958386,0.892939617647384,0.998421930371725,-3.44036682019976,0.53802676907566,0.97424634381184,-3.46351664461948,0.904730604511458,0.99927870700711,-0.0231498244197172,0.391791030156657,0.952814429510526,"1,3-bis(4-methoxybenzyl)-2-phenylhexahydropyrimidine","C26 H30 N2 O2",402.22731,403.23459,8.527,11.3747515113561,11.330294417003,11.3904529747467,"MCI-associated decrease"
"Com_5567_pos",-0.0106412219838326,0.893089720510642,0.998421930371725,0.483957846886006,0.0836117433564776,0.97424634381184,1.08537116461058,0.784121760913029,0.99927870700711,0.601413317724577,0.0906725726207708,0.902508397248603,"3-[2-(3-Hydroxyphenyl)ethyl]-5-methoxyphenol","C15 H16 O3",244.11119,245.1185,5.938,22.7521791478787,23.0741141506311,22.802424833196,"MCI-associated increase"
"Com_8883_pos",0.0106186770220024,0.893314881916865,0.998421930371725,0.235817331376388,0.966214434568411,0.998265352641438,-0.0462262963337827,0.850217849319105,0.99927870700711,-0.282043627710171,0.944493022100843,1,"Androsterone","C19 H30 O2",272.21521,273.22247,6.31,22.8472290066675,22.9200759204628,22.9132737847348,"MCI-associated increase"
"Com_30887_neg",0.0106111620347257,0.893389937612664,0.998421930371725,-0.00486257293155749,0.636613563487546,0.975199016366034,0.00368533566320108,0.85438922457788,0.99927870700711,0.00854790859475848,0.601545587417017,0.955684897603873,"D-Glucosamine","C6 H13 N O5",179.08008,214.04952,1.276,22.4755779166158,22.3787709926939,22.597995911689,"MCI-associated decrease"
"Com_14534_neg",-0.0105435271492353,0.89406548135534,0.998421930371725,-0.369798676548401,0.655327630907459,0.978176760105966,-0.177699625836658,0.900517950080695,0.99927870700711,0.192099050711742,0.722528284052316,0.975261360435008,"D-(+)-Malic acid","C4 H6 O5",134.02106,133.014,5.458,22.6891050064334,22.7921868677352,22.8088415864478,"Monotonic increase"
"Com_18825_neg",0.0105360121619585,0.894140546479182,0.998421930371725,-0.30372375696263,0.669507462568421,0.981173331585391,0.654204404146972,0.925831764498543,0.99927870700711,0.957928161109602,0.477602645895932,0.952814429510526,"Inosine-5'-monophosphate (IMP)","C10 H13 N4 O8 P",348.04953,347.04202,1.397,19.7333017739376,19.7425364031157,19.8481758474984,"Monotonic increase"
"Com_19293_pos",0.0105360121619585,0.894140546479182,0.998421930371725,0.0290388496618834,0.992201123863709,0.998265352641438,0.108831215353436,0.858564674040828,0.99927870700711,0.0797923656915521,0.988889993758403,1,"5,6-Dimethylbenzimidazole","C9 H10 N2",146.08417,315.15649,4.92,22.5865363126404,22.6306043761781,22.6350487337252,"Monotonic increase"
"Com_34783_pos",-0.0104007423909776,0.895491878670814,0.998421930371725,-1.36076841049761,0.24475766123775,0.97424634381184,-1.27822004840107,0.938518517136105,0.99927870700711,0.0825483620965359,0.299551364204597,0.947377138639377,"6β-Oxycodol N-oxide","C18 H23 N O5",333.16091,334.16809,6.832,17.4674259713921,17.3920045515761,17.3990207562961,"MCI-associated decrease"
"Com_29780_pos",0.0103781974291475,0.895717130017411,0.998421930371725,-0.343514045598052,0.581883464284275,0.97424634381184,-0.251066208763397,0.850217849319105,0.99927870700711,0.0924478368346557,0.558654854496645,0.955117225188735,"3,3-dichloro-1-methyl-1,2,3,4-tetrahydroquinoline-2,4-dione","C10 H7 Cl2 N O2",260.01095,261.01822,5.411,20.7111145312336,20.7597653476133,20.9335683707821,"Monotonic increase"
"Com_16107_neg",0.0103706824418707,0.895792215651197,0.998421930371725,0.613278223202863,0.599882105607627,0.97424634381184,-0.0522106253017528,0.871114323151626,0.99927870700711,-0.665488848504616,0.530911630491966,0.953146719171818,"6β-Prostaglandin I1","C20 H34 O5",336.23222,335.22495,5.791,20.8609637684926,20.7923004409076,20.9578137363683,"MCI-associated decrease"
"Com_9600_neg",-0.010310562543657,0.896392933955194,0.998421930371725,0.0646622348536524,0.500027031819513,0.97424634381184,-0.0414426922528156,0.892101159439718,0.99927870700711,-0.106104927106468,0.387952630840432,0.952814429510526,"13,14-dihydro-19(R)-hydroxy Prostaglandin E1","C20 H36 O6",186.12693,371.24667,6.416,24.4961506468134,24.8491142161428,24.6233859726724,"MCI-associated increase"
"Com_51842_pos",0.0102805025945501,0.896693315194467,0.998421930371725,-0.11925770793409,0.66004076709954,0.978176760105966,-0.438738822495724,0.892101159439718,0.99927870700711,-0.319481114561634,0.549329305837179,0.955117225188735,"3-Acetyl-11-keto-β-boswellic acid","C32 H48 O5",512.35033,513.3576,7.055,17.1966781138105,17.2525119416727,17.3844092833549,"Monotonic increase"
"Com_28383_neg",-0.0101677777853994,0.897819875139613,0.998421930371725,0.418846030068648,0.914376006626322,0.998265352641438,-0.146453929964292,0.917384194576618,0.99927870700711,-0.56529996003294,0.759341893801283,0.975970962603451,"15-Deoxy-Δ12,14-prostaglandin D2","C20 H30 O4",316.20564,315.19836,7.049,19.031205453887,19.0066828278289,18.9924339616347,"Monotonic decrease"
"Com_11132_neg",-0.0101452328235692,0.898045211686123,0.998421930371725,0.0610186943758701,0.40239183054899,0.97424634381184,-0.0807471823376185,0.879499023002221,0.99927870700711,-0.141765876713489,0.319434026937223,0.952814429510526,"Thromboxane B1","C20 H36 O6",372.25317,371.24592,6.666,22.9276377504414,23.1750536167931,22.9677619514083,"MCI-associated increase"
"Com_13174_pos",-0.010122687861739,0.898270556376913,0.998421930371725,1.07839440102016,0.221773937031473,0.97424634381184,-0.0601409162248849,0.812877491578446,0.99927870700711,-1.13853531724505,0.231099692092127,0.926123611056224,"4-chloro-N~1~-(4-pyridinyl)-1,2-benzenediamine","C11 H10 Cl N3",219.05406,220.06117,4.905,14.7742403851088,14.8262718058324,14.8159195066769,"MCI-associated increase"
"Com_26722_pos",-0.010017478039865,0.89932227209612,0.998421930371725,-1.29423163069078,0.447756614378861,0.97424634381184,-0.843052291829876,0.892101159439718,0.99927870700711,0.451179338860902,0.44791214309302,0.952814429510526,"Sulfamethazine","C12 H14 N4 O2 S",139.04333,140.05024,6.403,18.7564368940936,18.6496866852091,18.8604297066581,"MCI-associated decrease"
"Com_20971_pos",0.00997238811620469,0.899773061132196,0.998421930371725,0.280497961709012,0.0138960114767291,0.97424634381184,0.360924880252948,0.771885073883587,0.99927870700711,0.0804269185439364,0.0148163921039563,0.696884579367964,"LPC 11:0-SN1","C19 H40 N O7 P",425.25617,426.26344,6.263,19.5844861706767,18.3527090516567,19.7683051318812,"MCI-associated decrease"
"Com_12125_neg",-0.00994984315437454,0.899998467670692,0.998421930371725,0.383163061954086,0.590851258792348,0.97424634381184,0.74368440835212,0.846050662207489,0.99927870700711,0.360521346398033,0.591886711568426,0.955684897603873,"myricetin 3-O-beta-D-galactopyranoside","C21 H20 O13",480.09367,479.0864,3.61,20.7871761041384,20.9330955088952,20.7037138168112,"MCI-associated increase"
"Com_29374_pos",0.00994232816709782,0.900073604959931,0.998421930371725,-0.356517246683417,0.722481936667065,0.988298366959884,-0.310836984765939,0.883696506396184,0.99927870700711,0.0456802619174786,0.645862466064675,0.965185528895534,"N-Desmethylclobazam","C15 H11 Cl N2 O2",286.04916,287.05643,5.3,20.4714384992876,20.4924862371197,20.5051149214478,"Monotonic increase"
"Com_9584_pos",0.00969433358696613,0.902553629218426,0.998421930371725,0.155747138856148,0.669507462568421,0.981173331585391,-0.0164844779421159,0.942751065743285,0.99927870700711,-0.172231616798263,0.818279173936408,0.983773838328041,"1-(3,4-dimethoxyphenyl)ethan-1-one oxime","C10 H13 N O3",195.09039,196.09767,5.479,22.8093171906678,22.7149261760058,22.6756763538448,"Monotonic decrease"
"Com_5393_pos",-0.00961918371419895,0.903305338850713,0.998421930371725,0.039791059310327,0.483607107411269,0.97424634381184,0.0287706591463469,0.908945941870371,0.99927870700711,-0.01102040016398,0.512812552478726,0.952814429510526,"D-2-Aminoadipic acid","C6 H11 N O4",161.06922,144.06592,4.942,25.5820360519667,25.5661227444124,25.6242733934668,"MCI-associated decrease"
"Com_42792_neg",-0.00947639895594131,0.904733823175823,0.998421930371725,0.0824260527921637,0.370250221899917,0.97424634381184,-0.61815926613041,0.94698523150345,0.99927870700711,-0.700585318922574,0.452088341455991,0.952814429510526,"Trigoneoside Xb","C45 H76 O19",966.48744,965.48016,6.811,17.8728946533259,17.8687993660055,17.9102069670659,"MCI-associated decrease"
"Com_11815_pos",0.00942379404500428,0.905260184112995,0.998421930371725,0.30717346725787,0.320344237415917,0.97424634381184,-0.714576629016321,0.846050662207489,0.99927870700711,-1.02175009627419,0.306085122476572,0.950685286066565,"ethyl 2-amino-8H-indeno[2,1-b]thiophene-3-carboxylate","C14 H13 N O2 S",259.06785,260.07521,5.634,20.6189634496695,20.4808125596703,20.6743337085703,"MCI-associated decrease"
"Com_41415_neg",-0.00942379404500428,0.905260184112994,0.998421930371725,-0.146972118996875,0.314038811796066,0.97424634381184,0.222397848073804,0.963935679466049,0.99927870700711,0.369369967070679,0.411326283922083,0.952814429510526,"NAD+","C21 H27 N7 O14 P2",663.10788,662.1006,5.006,18.9125700361601,18.8744523807468,18.9578513251427,"MCI-associated decrease"
"Com_31193_pos",0.00937118913406726,0.905786586283495,0.998421930371725,-0.505758181466186,0.712741631310101,0.988298366959884,-0.410742260119255,0.858564674040828,0.99927870700711,0.0950159213469308,0.717318982344425,0.975261360435008,"N1-(1,3-benzodioxol-5-yl)-2-[(1-methyl-1H-imidazol-2-yl)thio]acetamide","C13 H13 N3 O3 S",291.06963,292.0769,5.056,19.031588988372,18.990540694971,19.0545019660441,"MCI-associated decrease"
"Com_35714_pos",-0.00935615915951382,0.905936994445342,0.998421930371725,0.261437731133392,0.451663871524026,0.97424634381184,0.0468137343661684,0.921606873993781,0.99927870700711,-0.214623996767224,0.495040349092113,0.952814429510526,"1-(4-methylphenyl)-3,5-diphenylpent-2-ene-1,5-dione","C24 H20 O2",340.14458,341.15186,6.175,20.2449507239299,20.402176053541,20.4511186477383,"Monotonic increase"
"Com_14107_neg",0.00934112918496038,0.906087405949345,0.998421930371725,-0.258392975991241,0.546663810995189,0.97424634381184,-0.216597715977063,0.892101159439718,0.99927870700711,0.0417952600141783,0.460506411169444,0.952814429510526,"Protocatechuic acid","C7 H6 O4",154.02674,153.01947,1.631,23.121346663327,23.0100777174072,23.1289147103782,"MCI-associated decrease"
"Com_7329_pos",-0.00928852427402336,0.906613872456404,0.998421930371725,-3.02774566525156,0.796871754630755,0.998265352641438,-3.14494553803828,0.892101159439718,0.99927870700711,-0.117199872786722,0.818279173936408,0.983773838328041,"α-Ergocryptine","C32 H41 N5 O5",575.31175,576.31905,6.544,16.4840565374526,16.4238190854294,16.4651805811657,"MCI-associated decrease"
"Com_29066_pos",-0.00924343435036305,0.907065161824735,0.998421930371725,-0.388791735544747,1,1,-1.0813732881108,0.917384194576618,0.99927870700711,-0.692581552566049,0.88925435424667,0.993217285014548,"RNH","C16 H27 N9 O5",447.19136,448.19864,2.99,18.3466494323827,18.3786296775701,18.4089051229501,"Monotonic increase"
"Com_13375_pos",0.00923591936308633,0.90714037961295,0.998421930371725,-0.196619444412273,0.961020516526437,0.998265352641438,-0.232755002284097,0.887897257346573,0.99927870700711,-0.0361355578718244,0.922350421507559,1,"2-imino-8-methoxy-2H-chromene-3-carbonitrile","C11 H8 N2 O2",200.05949,201.06679,5.312,21.2204853554975,21.3967328119066,21.3148308716384,"MCI-associated increase"
"Com_20707_pos",0.00918331445214931,0.907666927191841,0.998421930371725,0.547759179896988,0.202679061120528,0.97424634381184,-0.29844097529483,0.934287704783069,0.99927870700711,-0.846200155191819,0.217821042510308,0.926123611056224,"1-(4-bromophenyl)-2-phenylethan-1-one","C14 H11 Br O",223.12176,224.12903,3.94,19.2798173611425,19.479561534975,19.3836476508874,"MCI-associated increase"
"Com_10476_pos",-0.00916828447759587,0.907817376749957,0.998421930371725,-0.0606325920205802,0.463500610105271,0.97424634381184,-0.209118343027796,0.904730604511458,0.99927870700711,-0.148485751007216,0.358077087883609,0.952814429510526,"N-Phenyloxazol-5-(3-(trifluoromethyl)phenyl)oxazol-2-amine","C16 H11 F3 N2 O",304.08007,305.08735,3.038,10.0949915181115,10.3062723392935,10.0968305086354,"MCI-associated increase"
"Com_51922_pos",-0.00910816457938213,0.908419207688788,0.998421930371725,-0.261079915730164,0.391496632710145,0.97424634381184,0.0512443131943179,0.95969623869513,0.99927870700711,0.312324228924482,0.495040349092113,0.952814429510526,"7,8-Dihydrofolate","C19 H21 N7 O6",443.15732,444.1646,6.028,18.8640820137704,18.7933568306065,18.8089828115589,"MCI-associated decrease"
"Com_15111_pos",0.00907810463027526,0.908720142707818,0.998421930371725,-0.0536138103554747,0.0437137523245914,0.97424634381184,0.104411633840374,0.800520239313436,0.99927870700711,0.158025444195848,0.0456943719411584,0.769968157118732,"Genistin","C21 H20 O10",432.10729,433.11456,5.247,19.3410996909981,19.1000712275368,19.7996336010838,"MCI-associated decrease"
"Com_3355_pos",0.00907058964299854,0.908795378491814,0.998421930371725,-0.163199804117854,0.242124341114465,0.97424634381184,0.134742206446182,0.846050662207489,0.99927870700711,0.297942010564036,0.228398975418956,0.926123611056224,"L-Homocitrulline","C7 H15 N3 O3",189.11232,190.1196,1.401,26.7731786242633,26.6391041913573,26.8184820181186,"MCI-associated decrease"
"Com_47788_neg",0.00898040979567792,0.909698270919059,0.998421930371725,-0.211022998818454,0.11257086953519,0.97424634381184,0.0200901080978604,0.879499023002221,0.99927870700711,0.231113106916314,0.0746886588152774,0.867791165027521,"dCDP","C9 H15 N3 O10 P2",387.02141,386.01413,5.7,20.6741999227381,20.5445677065183,20.7027861093878,"MCI-associated decrease"
"Com_12282_pos",-0.00895034984657105,0.909999260795332,0.998421930371725,-0.000406919594839238,0.981803910122497,0.998265352641438,0.26415481763737,0.896308095996227,0.99927870700711,0.264561737232209,0.933415281752242,1,"20-Carboxy-Leukotriene B4","C20 H30 O6",366.20583,367.21318,5.771,22.0784303755336,22.0658526711995,22.0527721872096,"Monotonic decrease"
"Com_8564_pos",0.00892028989746418,0.910300263467813,0.998421930371725,0.390006571660508,0.669507462568421,0.981173331585391,0.0654850691398865,0.871114323151626,0.99927870700711,-0.324521502520622,0.611274949976389,0.957584933101451,"Asaraldehyde","C10 H12 O4",196.07443,197.082,5.259,23.3720582869244,23.4217508239314,23.2680396343692,"MCI-associated increase"
"Com_13223_neg",0.00889022994835731,0.910601278894058,0.998421930371725,-0.0453209703197745,0.82212262125063,0.998265352641438,-0.0834848568796947,0.925831764498543,0.99927870700711,-0.0381638865599203,0.922350421507559,1,"2,6-Dihydroxypurine","C5 H4 N4 O2",152.03305,151.02577,4.459,22.9599126742889,23.1861672296958,22.9056877298055,"MCI-associated increase"
"Com_5502_pos",-0.00889022994835731,0.910601278894058,0.998421930371725,-0.0741041026734855,0.168135920983324,0.97424634381184,0.23599955275868,0.997877849006633,0.99927870700711,0.310103655432166,0.250640861950463,0.926123611056224,"Vasicinone","C11 H10 N2 O2",202.07535,203.08263,1.641,25.9307681308803,19.1527775601603,20.2033917876639,"MCI-associated decrease"
"Com_9266_pos",0.008845140024697,0.911052825853879,0.998421930371725,2.35037774859756,0.919547147740815,0.998265352641438,0.0228983490477549,0.904730604511458,0.99927870700711,-2.3274793995498,0.845434525219498,0.985419326780897,"Amikacin","C22 H43 N5 O13",585.28091,586.28821,5.111,19.7472338159411,19.7387897664624,19.7291017144258,"Monotonic decrease"
"Com_5313_neg",0.00877750513920654,0.911730199606044,0.998421930371725,0.249907536375238,0.266548592578005,0.97424634381184,0.0886914094473147,0.972417500615844,0.99927870700711,-0.161216126927923,0.347257311765429,0.952814429510526,"3-Methyl-2-oxobutanoic acid","C5 H8 O3",116.04679,115.03946,4.898,25.6241573967915,25.8355843707562,25.3874586430991,"MCI-associated increase"
"Com_26262_pos",0.00874744519009967,0.912031275032911,0.998421930371725,-0.0556930627319766,0.451663871524026,0.97424634381184,-0.688649593529329,0.875304923302957,0.99927870700711,-0.632956530797352,0.411326283922083,0.952814429510526,"TMH","C15 H25 N5 O5 S",409.13912,410.14639,5.169,18.8739620664558,18.7702625165775,18.7868007152391,"MCI-associated decrease"
"Com_781_pos",-0.00873993020282295,0.912106545845912,0.998421930371725,0.184479533422551,0.471486819309996,0.97424634381184,-0.105369524223848,0.900517950080695,0.99927870700711,-0.2898490576464,0.38413723439593,0.952814429510526,"N6-Succinyl Adenosine","C14 H17 N5 O8",383.10925,384.11652,5.019,24.3530247436439,25.2479597517253,24.454344020546,"MCI-associated increase"
"Com_9582_neg",0.00873993020282295,0.912106545845914,0.998421930371725,0.881099129031662,0.529458766137544,0.97424634381184,0.197188142381584,0.875304923302957,0.99927870700711,-0.683910986650079,0.495040349092113,0.952814429510526,"Quercetin","C15 H10 O7",302.04401,301.0371,5.795,21.6435680090197,21.5384615481974,21.6886224662582,"MCI-associated decrease"
"Com_13868_pos",0.00872490022826952,0.912257089814821,0.998421930371725,0.477951766584129,0.1067861047547,0.97424634381184,0.211164406921186,0.989389545272969,0.99927870700711,-0.266787359662943,0.147567583469119,0.926123611056224,"1-[(3,5-dimethylisoxazol-4-yl)sulfonyl]piperidine","C10 H16 N2 O3 S",244.08931,245.09652,4.67,13.1463318295782,14.4736314798507,13.6020181454894,"MCI-associated increase"
"Com_38459_neg",0.00867229531733249,0.912784018236741,0.998421930371725,0.208579815581183,0.806948197205095,0.998265352641438,0.214196478761861,0.908945941870371,0.99927870700711,0.00561666318067802,0.717318982344425,0.975261360435008,"1a,1b-Dihomo prostaglandin E1","C22 H38 O5",364.26281,363.25554,6.749,20.3570287176765,20.3739686524658,20.3939569248594,"Monotonic increase"
"Com_332_pos",0.00862720539367218,0.913235701411769,0.998421930371725,0.0526747897201056,0.326731856764063,0.97424634381184,0.0289364766856913,0.972417500615844,0.99927870700711,-0.0237383130344143,0.423319976747168,0.952814429510526,"L-Phenylalanine","C9 H11 N O2",165.07965,166.08693,4.943,27.7874935460491,28.80560163902,28.1872533166188,"MCI-associated increase"
"Com_961_pos",0.00857460048273515,0.913762700196854,0.998421930371725,-0.349992815995103,0.650628184064169,0.978176760105966,0.121550408523745,0.913163844512631,0.99927870700711,0.471543224518849,0.681233164972313,0.973840329352538,"2,4,5-Trimethoxybenzaldehyde","C10 H12 O4",196.07524,197.08252,5.512,24.7994607020876,24.9917872681712,25.0720530619113,"Monotonic increase"
"Com_18708_pos",-0.00852951055907485,0.914214443346515,0.998421930371725,0.0480426860386626,0.551007934514627,0.97424634381184,-0.0610902557665116,0.930058747638237,0.99927870700711,-0.109132941805174,0.411326283922083,0.952814429510526,"Methyl jasmonate","C13 H20 O3",224.14226,225.14951,6.269,23.6146161700186,23.7870354385671,23.5932569141873,"MCI-associated increase"
"Com_18807_pos",0.00852951055907485,0.914214443346515,0.998421930371725,-1.78653499369557,0.440000013321164,0.97424634381184,-1.17175860321952,0.900517950080695,0.99927870700711,0.614776390476054,0.358077087883609,0.952814429510526,"Ginsenoside Rb1","C54 H92 O23",1130.59068,1131.59796,6.528,18.9140892758669,18.6862246750615,18.9327703210377,"MCI-associated decrease"
"Com_43979_pos",-0.00852951055907485,0.914214443346515,0.998421930371725,-0.0614396884878439,0.00602051705866525,0.906545585253139,0.654257894133355,0.930058747638237,0.99927870700711,0.715697582621199,0.0145335405345552,0.696884579367964,"Testosterone glucuronide","C25 H36 O8",464.24056,465.24783,7.455,16.985388700985,16.7522579584584,16.9949288211952,"MCI-associated decrease"
"Com_51042_pos",-0.00847690564813782,0.914741511709166,0.998421930371725,-0.374292500758289,0.0141503461675159,0.97424634381184,0.127845046819741,0.997877849006633,0.99927870700711,0.50213754757803,0.0175882300009501,0.697015040778392,"Dihomo-γ-linolenoyl ethanolamide","C22 H39 N O2",349.29769,350.30496,10.238,19.2413065613478,18.3397702850216,19.144211457512,"MCI-associated decrease"
"Com_16979_pos",-0.0084693906608611,0.914816810226643,0.998421930371725,-0.479719597548696,0.195836438232694,0.97424634381184,-0.148184812188404,0.925831764498543,0.99927870700711,0.331534785360292,0.188210458967053,0.926123611056224,"Arachidonic acid methyl ester","C21 H34 O2",318.25763,301.25409,6.573,20.7805708401795,20.4097459660732,20.7158675028714,"MCI-associated decrease"
"Com_2451_neg",0.00844684569903095,0.915042710320103,0.998421930371725,0.0911162354161713,0.935080128178475,0.998265352641438,0.286586659703487,0.887897257346573,0.99927870700711,0.195470424287316,0.922350421507559,1,"Vanillyl mandelic acid","C9 H10 O5",198.0536,197.04632,2.225,26.7675804553794,24.960177047367,26.1860266229381,"MCI-associated decrease"
"Com_8147_neg",0.00843933071175423,0.915118011862717,0.998421930371725,0.0267808460181357,0.413466841049316,0.97424634381184,-0.220420909161231,0.887897257346573,0.99927870700711,-0.247201755179367,0.361730316312705,0.952814429510526,"6-Ketoprostaglandin F1α","C20 H34 O6",370.23739,369.23002,6.65,23.5065558572063,23.6266269817605,23.4865052734799,"MCI-associated increase"
"Com_3719_neg",0.00833412088988018,0.91617231239242,0.998421930371725,-1.10486514671057,0.817056781514819,0.998265352641438,-0.79086094480524,0.904730604511458,0.99927870700711,0.314004201905332,0.839987647721254,0.985419326780897,"2,4-Dichlorophenol","C6 H4 Cl2 O",161.96404,160.95676,5.747,15.3114633250403,15.6201599023688,15.415122156297,"MCI-associated increase"
"Com_28664_pos",-0.00832660590260346,0.916247625184604,0.998421930371725,-0.216623931484313,0.806948197205095,0.998265352641438,0.138916200416597,0.917384194576618,0.99927870700711,0.35554013190091,0.861818525982919,0.987763710173379,"3-(2-methylpropyl)-octahydropyrrolo[1,2-a]pyrazine-1,4-dione","C11 H18 N2 O2",232.11444,255.10358,6.169,20.6142771646166,20.808874347151,20.7474651715,"MCI-associated increase"
"Com_367_pos",0.00824394104255957,0.917076114899515,0.998421930371725,-0.0916276671089792,0.266548592578005,0.97424634381184,0.0758405404209373,0.841887776834721,0.99927870700711,0.167468207529917,0.2774202983206,0.937882209172329,"N3,N4-Dimethyl-L-arginine","C8 H18 N4 O2",202.14382,203.1511,1.368,31.0738572621106,30.7446113372841,31.0913006718791,"MCI-associated decrease"
"Com_1649_neg",-0.00821388109345269,0.917377406053495,0.998421930371725,-0.559839830092382,0.751968113314537,0.992345641070078,-0.0475686564721766,0.942751065743285,0.99927870700711,0.512271173620205,0.861818525982919,0.987763710173379,"3-Hydroxybenzoic acid","C7 H6 O3",138.03171,137.02416,5.564,21.018971974203,20.9396703851242,20.9153914338668,"Monotonic decrease"
"Com_28299_pos",0.00820636610617598,0.917452730680348,0.998421930371725,-0.184801976730538,0.703047950925009,0.986572206543947,0.156992318340446,0.913163844512631,0.99927870700711,0.341794295070984,0.611274949976389,0.957584933101451,"U-47700-d6","C16 H16 [2]H6 Cl2 N2 O",167.07296,168.0816,5.508,20.2872106755462,20.2166750413821,20.3959976035101,"MCI-associated decrease"
"Com_25551_pos",-0.00813873122068552,0.918130685272883,0.998421930371725,0.316690576679821,0.406063584139033,0.97424634381184,0.0278587404506506,0.913163844512631,0.99927870700711,-0.288831836229171,0.312712662482808,0.951927592764166,"4-(3-methyl-1-phenyl-1H-pyrazolo[3,4-b]quinolin-4-yl)morpholine","C21 H20 N4 O",344.16442,345.17169,6.193,22.3211259931878,22.7208011572981,22.4489156462825,"MCI-associated increase"
"Com_6298_neg",0.00805606636064162,0.918959376475762,0.998421930371725,-0.0297116589947983,0.837363881018235,0.998265352641438,-0.0394259883332597,0.942751065743285,0.99927870700711,-0.00971432933846152,0.686346148385175,0.975261360435008,"N-α-Acetyl-L-asparagine","C6 H10 N2 O4",128.05865,173.05691,1.385,26.2470516150305,26.2894969085479,26.2909788633348,"Monotonic increase"
"Com_23471_pos",-0.00801097643698131,0.919411426671834,0.998421930371725,0.297322212458002,0.170156278508872,0.97424634381184,-0.00653428182171946,0.887897257346573,0.99927870700711,-0.303856494279722,0.127318177385247,0.926123611056224,"1,7-bis(3,4-dihydroxyphenyl)heptan-3-one","C19 H22 O5",330.14602,331.15329,6.452,21.6708483708057,21.7256407128733,21.6121974071017,"MCI-associated increase"
"Com_13301_pos",-0.00798091648787444,0.919712807812391,0.998421930371725,-1.28679264499206,0.5083465798032,0.97424634381184,-1.13355676814179,0.95969623869513,0.99927870700711,0.153235876850273,0.606401543595827,0.957584933101451,"4-methoxyphenyl 3,5-dimethyl-1-phenyl-1H-pyrazole-4-carboxylate","C19 H18 N2 O3",344.11664,345.12391,5.378,21.0005154057284,20.9604870992066,21.1306974278375,"MCI-associated decrease"
"Com_5281_pos",0.007965886513321,0.919863502669648,0.998421930371725,-3.06083382035182,0.568552333025136,0.97424634381184,-1.37601379598103,0.908945941870371,0.99927870700711,1.68482002437078,0.558654854496645,0.955117225188735,"5-Methyltetrahydrofolic acid","C20 H25 N7 O6",459.18871,460.19598,4.937,18.7432421201483,18.6067215136472,18.9908648587915,"MCI-associated decrease"
"Com_22544_neg",0.00793582656421413,0.920164900931486,0.998421930371725,0.232263048618463,0.590851258792348,0.97424634381184,-0.182998785719051,0.904730604511458,0.99927870700711,-0.415261834337514,0.572785775880501,0.955117225188735,"Sodium Dehydrocholate","C24 H33 Na O5",424.22293,423.21576,5.275,20.2653949311542,20.8066501310214,20.5264375626862,"MCI-associated increase"
"Com_25569_pos",0.0079207965896607,0.920315604325413,0.998421930371725,0.826948842536375,0.329956481578519,0.97424634381184,1.01266269228289,0.942751065743285,0.99927870700711,0.185713849746519,0.354447160577758,0.952814429510526,"(-)-Epigallocatechin","C15 H14 O7",306.07555,307.08286,4.711,19.100337552565,19.0132400451214,19.1336902086161,"MCI-associated decrease"
"Com_4242_neg",-0.0079207965896607,0.920315604325414,0.998421930371725,-0.127358405190788,0.976606351715882,0.998265352641438,-0.165159211205146,0.879499023002221,0.99927870700711,-0.0378008060143583,0.994444862240747,1,"Taurine","C2 H7 N O3 S",125.01424,124.00697,1.396,26.0896601157299,26.3156974001065,26.2417383789301,"MCI-associated increase"
"Com_30416_pos",-0.00789073664055382,0.92061701961266,0.998421930371725,-0.0204691065170339,0.707888874002243,0.987537281854498,-0.0999969554346532,0.925831764498543,0.99927870700711,-0.0795278489176193,0.596707253498334,0.955684897603873,"1-(4-chlorophenyl)-1-phenyl-2-(3-pyridyl)ethan-1-ol","C19 H16 Cl N O",309.09538,310.10266,2.676,21.4642294197796,21.3795023209752,21.4729013841404,"MCI-associated decrease"
"Com_10285_pos",0.00786819167872367,0.920843088494087,0.998421930371725,0.250923568970065,0.608974903493647,0.97424634381184,0.213471949295355,0.925831764498543,0.99927870700711,-0.0374516196747104,0.640871917981559,0.963784894223848,"Jasmone","C11 H16 O",164.12091,165.12823,6.288,25.1922391374026,25.3396822378789,25.217901078529,"MCI-associated increase"
"Com_15581_pos",0.00786067669144695,0.920918446196914,0.998421930371725,0.108985038282284,0.366780087996831,0.97424634381184,0.227099968325822,0.85438922457788,0.99927870700711,0.118114930043538,0.380344886808099,0.952814429510526,"Tetranor-12R-HETE","C16 H26 O3",248.17857,249.18585,7.028,22.3262374621188,22.2646473565309,22.4003796517182,"MCI-associated decrease"
"Com_12010_neg",0.00785316170417024,0.920993804603138,0.998421930371725,-1.16011742363303,0.0813097690238466,0.97424634381184,0.0787131961397315,0.904730604511458,0.99927870700711,1.23883061977277,0.0464541526262816,0.776655364220646,"Equol","C15 H14 O3",242.09517,241.08795,5.575,19.7527608069258,19.4682039729314,19.8154682305124,"MCI-associated decrease"
"Com_40579_neg",0.0078381317296168,0.921144523523123,0.998421930371725,-0.283535871856669,0.314038811796066,0.97424634381184,-0.645769432582576,0.883696506396184,0.99927870700711,-0.362233560725907,0.274352063289914,0.937882209172329,"LPC 18:2","C26 H50 N O7 P",565.34159,564.33431,8.672,12.3064664795926,12.2754910020531,12.326792688065,"MCI-associated decrease"
"Com_21940_pos",-0.00780055679323321,0.921521333085945,0.998421930371725,-0.217585951463715,0.945449564887883,0.998265352641438,-0.234707305442252,0.930058747638237,0.99927870700711,-0.0171213539785372,0.972229695919683,1,"(-)-Caryophyllene oxide","C15 H24 O",220.18375,221.19103,7.275,20.5768065035124,20.5391334230964,20.5437325323557,"MCI-associated decrease"
"Com_29075_pos",-0.00780055679323321,0.921521333085945,0.998421930371725,-0.017421647957991,0.370250221899917,0.97424634381184,-0.178845558032848,0.892101159439718,0.99927870700711,-0.161423910074857,0.319434026937223,0.952814429510526,"5-Methyluridine","C10 H14 N2 O6",258.08617,259.09345,4.795,21.3964813290294,22.1798828066096,21.6092080694541,"MCI-associated increase"
"Com_19381_pos",0.00779304180595649,0.921596697095387,0.998421930371725,-0.405860359804175,0.75691921922434,0.992345641070078,-0.317393436770482,0.921606873993781,0.99927870700711,0.0884669230336921,0.796709153380386,0.982684488895692,"10b-methyl-1,5,6,10b-tetrahydroimidazo[2,1-a]isoquinolin-2(3H)-one","C12 H14 N2 O",202.11155,203.11883,5.133,19.3198912507728,19.4543650028539,19.3581301817757,"MCI-associated increase"
"Com_2696_neg",0.00773292190774275,0.922199634221516,0.998421930371725,0.0370719450516641,0.395108310315354,0.97424634381184,-0.1309996875696,0.95969623869513,0.99927870700711,-0.168071632621264,0.24212922951655,0.926123611056224,"2-Hydroxy-3-methylbutanoic acid","C5 H10 O3",118.06264,117.05536,3.525,27.0426634089185,25.7278354607672,26.4267350122817,"MCI-associated decrease"
"Com_14305_pos",0.00768031699680572,0.922727240552456,0.998421930371725,-0.086026023660521,0.533734081281277,0.97424634381184,0.0627139987329887,0.883696506396184,0.99927870700711,0.14874002239351,0.512812552478726,0.952814429510526,"Prostaglandin A3","C20 H28 O4",332.19951,333.20679,6.682,24.2998491017809,24.2936791485201,24.3927474002644,"MCI-associated decrease"
"Com_18570_pos",-0.00764274206042213,0.923104122853042,0.998421930371725,-0.125830137588841,0.304734777861908,0.97424634381184,1.05976307458956,0.963935679466049,0.99927870700711,1.1855932121784,0.354447160577758,0.952814429510526,"4-{[(morpholinosulfonyl)methyl]sulfonyl}morpholine","C9 H18 N2 O6 S2",331.08977,332.09705,6.114,19.7413344230743,19.4350470607288,19.5975698133057,"MCI-associated decrease"
"Com_25411_pos",-0.00761268211131526,0.923405641010913,0.998421930371725,-0.326955043830504,0.837363881018235,0.998265352641438,-0.400818071444721,0.938518517136105,0.99927870700711,-0.0738630276142173,0.712122795096669,0.975261360435008,"(2R,3S,4S,5R,6R)-2-(hydroxymethyl)-6-(propan-2-yloxy)oxane-3,4,5-triol","C9 H18 O6",244.09362,245.10089,3.968,16.389141186572,16.3181309985626,16.4208874259817,"MCI-associated decrease"
"Com_11957_neg",-0.00756759218765495,0.923857938676732,0.998421930371725,-1.51447837587801,0.329956481578519,0.97424634381184,-0.738285211774063,0.972417500615844,0.99927870700711,0.77619316410395,0.399536640886351,0.952814429510526,"Fenbendazole","C15 H13 N3 O2 S",299.0728,298.06553,6.384,18.51351376434,18.360763122206,18.5909044502499,"MCI-associated decrease"
"Com_14081_pos",-0.00750747228944121,0.924461040141327,0.998421930371725,0.0443394442587647,0.136488159162668,0.97424634381184,-0.355400487186894,0.925831764498543,0.99927870700711,-0.399739931445659,0.0781564508594666,0.875679606488264,"Adrenosterone","C19 H24 O3",300.17381,301.18103,5.902,22.4043208334772,22.6558829731733,22.3064026308059,"MCI-associated increase"
"Com_3012_pos",0.00747741234033434,0.924762607024826,0.998421930371725,0.00813418090895079,0.380782423426346,0.97424634381184,0.117877515960055,0.833575363860352,0.99927870700711,0.109743335051104,0.44791214309302,0.952814429510526,"N6-Methyladenine","C6 H7 N5",149.07086,150.07814,1.398,27.6478201005331,27.4183994105721,27.6747482000808,"MCI-associated decrease"
"Com_10747_pos",0.00738723249301372,0.925667371767957,0.998421930371725,-1.51678759309681,0.66004076709954,0.978176760105966,-1.41726001595273,0.913163844512631,0.99927870700711,0.0995275771440834,0.591886711568426,0.955684897603873,"Kasugamycin","C14 H25 N3 O9",379.16457,380.17185,5.224,19.5448996857843,19.5376451710814,19.5288572406096,"Monotonic decrease"
"Com_2966_pos",-0.0073346275820767,0.926195195258883,0.998421930371725,-0.846263736436526,0.209694232468759,0.97424634381184,-1.68820421175337,0.837729306431908,0.99927870700711,-0.841940475316845,0.233823020507902,0.926123611056224,"D-Cysteine","C3 H7 N O2 S",103.99418,122.02801,6.153,18.5748813804427,18.9206329261134,18.4858497830141,"MCI-associated increase"
"Com_31248_pos",0.00730456763296983,0.926496823145136,0.998421930371725,0.698384806383839,0.471486819309996,0.97424634381184,0.0839666187029775,0.955457937402978,0.99927870700711,-0.614418187680861,0.530911630491966,0.953146719171818,"Nordiazepam","C15 H11 Cl N2 O",270.0595,271.06677,4.357,19.4068838112136,19.4952054780855,19.3918980240515,"MCI-associated increase"
"Com_13616_neg",-0.00728953765841639,0.926647641015332,0.998421930371725,-0.235482560346655,0.878291532510976,0.998265352641438,-0.290541430457569,0.900517950080695,0.99927870700711,-0.0550588701109147,0.867293463278401,0.987763710173379,"cGMP","C10 H12 N5 O7 P",345.049,344.04173,3.411,22.2555118106626,22.5240474336927,22.6244558464286,"Monotonic increase"
"Com_6727_neg",0.00723693274747936,0.927175524087039,0.998421930371725,-0.170957990710142,0.363330302633665,0.97424634381184,0.0568505366214044,0.862744083422995,0.99927870700711,0.227808527331546,0.376575631556324,0.952814429510526,"N-Acetyl-5-aminosalicylic acid","C9 H9 N O4",195.05362,194.04634,5.915,25.3185438136917,25.1988333469421,25.354173718987,"MCI-associated decrease"
"Com_634_pos",0.00719935781109577,0.927552602879132,0.998421930371725,0.0934258236839053,0.62734180456669,0.97424634381184,0.0395595516172454,0.94698523150345,0.99927870700711,-0.0538662720666598,0.691473527334145,0.975261360435008,"2-Hydroxyphenylalanine","C9 H11 N O3",181.07479,182.08206,2.371,29.0358528950178,29.0863730616708,29.0287046928913,"MCI-associated increase"
"Com_11954_pos",-0.00717681284926562,0.927778857896401,0.998421930371725,-0.714870458926333,0.883432787149406,0.998265352641438,-1.4804208859439,0.908945941870371,0.99927870700711,-0.765550427017572,0.88375547915513,0.992254315525697,"5-[(4-methoxybenzyl)amino]-2,3-dihydro-1,3,4-thiadiazole-2-thione","C10 H11 N3 O S2",275.01888,276.02615,6.407,18.1420212343624,18.1366913890739,18.2166911996265,"MCI-associated decrease"
"Com_1773_pos",0.0071692978619889,0.927854277521818,0.998421930371725,5.31265793788286,0.83227637630576,0.998265352641438,0.0355875954810343,0.955457937402978,0.99927870700711,-5.27707034240183,0.95003605531247,1,"3-hydroxy-N-(1-hydroxy-4-methylpentan-2-yl)-5-oxo-6-phenylhexanamide","C18 H27 N O4",321.19526,322.20255,5.111,12.2879801353142,12.2272487367513,12.2052863513652,"Monotonic decrease"
"Com_9436_pos",-0.00714675290015875,0.928080540247722,0.998421930371725,-0.444478872632842,0.298634773701801,0.97424634381184,0.081661019840024,0.997877849006633,0.99927870700711,0.526139892472866,0.395652383845635,0.952814429510526,"1-[(3S)-3-(1,3-Benzothiazol-2-yl)-1-pyrrolidinyl]-2-phenoxyethanone","C19 H18 N2 O2 S",160.05226,321.11115,5.606,21.4206883782207,20.951492192397,21.0806509717576,"MCI-associated decrease"
"Com_15923_pos",0.00713923791288203,0.928155962437345,0.998421930371725,0.272398447819351,0.674260695349977,0.981173331585391,0.0461559499499527,0.938518517136105,0.99927870700711,-0.226242497869399,0.722528284052316,0.975261360435008,"5α-Dihydrotestosterone","C19 H30 O2",290.22578,291.23304,6.286,23.4242995538967,23.4225629724605,23.3758622537117,"Monotonic decrease"
"Com_29664_pos",-0.00710166297649844,0.928533082962837,0.998421930371725,0.115502207091475,0.857779916506537,0.998265352641438,0.0453189158706953,0.904730604511458,0.99927870700711,-0.07018329122078,0.839987647721254,0.985419326780897,"1-adamantyl(1,4-thiazinan-4-yl)methanone","C15 H23 N O S",265.15396,266.16124,1.246,21.9273788288623,21.9712333832322,21.9632329118614,"MCI-associated increase"
"Com_28571_neg",-0.00708663300194501,0.92868393563001,0.998421930371725,0.276847202692707,0.776821692720023,0.998265352641438,0.164891584903717,0.930058747638237,0.99927870700711,-0.11195561778899,0.686346148385175,0.975261360435008,"α-D-Glucose-1,6-bisphosphate","C6 H14 O12 P2",339.99772,338.99045,1.167,16.0569374290939,16.2963449997282,16.0661563088775,"MCI-associated increase"
"Com_12088_neg",0.00698893816734767,0.929664539611874,0.998421930371725,0.256098268123591,0.504177753142834,0.97424634381184,0.118876519018662,0.930058747638237,0.99927870700711,-0.137221749104928,0.503885099508908,0.952814429510526,"Deoxyribose 5-Phosphate","C5 H11 O7 P",214.02519,213.01779,1.332,21.941281602453,22.164959430043,22.0667132422022,"MCI-associated increase"
"Com_10962_pos",0.00697390819279424,0.929815411190044,0.998421930371725,-0.19263928334297,0.43232108085308,0.97424634381184,0.211182334500087,0.921606873993781,0.99927870700711,0.403821617843057,0.350840560608237,0.952814429510526,"N-(2,3-dihydro-1,4-benzodioxin-6-yl)-2,5-dimethyl-3-furamide","C15 H15 N O4",273.10098,274.10826,5.65,20.7782654247968,20.4377566838958,20.6712081378992,"MCI-associated decrease"
"Com_23272_pos",-0.00692881826913393,0.930268040895698,0.998421930371725,-0.591445395514368,0.827195887797856,0.998265352641438,-0.521997807720449,0.925831764498543,0.99927870700711,0.0694475877939184,0.856350219562391,0.987763710173379,"N-Methyloctan-1-amine","C9 H21 N",143.16805,144.17532,5.206,19.1438365505288,19.1739061267458,19.0555993185484,"MCI-associated increase"
"Com_36620_pos",0.00688372834547362,0.930720692945836,0.998421930371725,-0.340247425052453,0.129756554029288,0.97424634381184,0.272484346828694,0.837729306431908,0.99927870700711,0.612731771881147,0.143713349271734,0.926123611056224,"N-(9-oxodecyl)acetamide","C12 H23 N O2",235.1561,236.16337,10.133,21.440020489675,16.6403658952833,21.2024460713688,"MCI-associated decrease"
"Com_13279_pos",0.00679354849815301,0.931626063502233,0.998421930371725,-0.354482886319836,0.842458195298763,0.998265352641438,1.1981944940459,0.896308095996227,0.99927870700711,1.55267738036574,0.856350219562391,0.987763710173379,"Miquelianin","C21 H18 O13",478.07707,479.08435,5.058,19.2729074299926,19.2726708328279,19.3167555388047,"MCI-associated decrease"
"Com_134_neg",0.00679354849815301,0.931626063502233,0.998421930371725,1.57184900133026,0.236917645038447,0.97424634381184,2.44314262555098,0.951220895178404,0.99927870700711,0.871293624220721,0.236569016868553,0.926123611056224,"2,3,4-Trihydroxybenzoic acid","C7 H6 O5",170.02179,169.01457,5.291,16.5559906282184,16.7422046050946,16.5650056930363,"MCI-associated increase"
"Com_18149_pos",0.00677100353632285,0.931852419881093,0.998421930371725,0.00816893729008764,0.945449564887883,0.998265352641438,-0.0470396186006106,0.908945941870371,0.99927870700711,-0.0552085558906983,0.938952675204792,1,"Prostaglandin E2","C20 H32 O5",352.22654,353.2335,6.606,22.9590333505208,22.962817875721,22.9622703848394,"MCI-associated increase"
"Com_26137_pos",0.0067484585744927,0.932078781719765,0.998421930371725,0.740150702160899,0.516738151913713,0.97424634381184,-0.0904720753984609,0.968176140030276,0.99927870700711,-0.83062277755936,0.354447160577758,0.952814429510526,"6-methoxy-4-(trifluoromethyl)nicotinamide","C8 H7 F3 N2 O2",258.00124,259.00851,6.364,19.876673053997,19.7302518795996,19.957751294293,"MCI-associated decrease"
"Com_1838_pos",-0.00670336865083239,0.932531521704335,0.998421930371725,-0.00299001414925099,0.987002241055627,0.998265352641438,-0.0200477300798005,0.921606873993781,0.99927870700711,-0.0170577159305496,0.988889993758403,1,"Maltol","C6 H6 O3",126.03231,127.0396,4.667,28.5873261400827,28.550982492741,28.5345387997941,"Monotonic decrease"
"Com_10212_pos",0.00649294900708429,0.934644591863804,0.998421930371725,0.104543496311781,0.307815579377766,0.97424634381184,-0.146949704150431,0.930058747638237,0.99927870700711,-0.251493200462212,0.2774202983206,0.937882209172329,"N-allyl-2-(2-methyl-1-benzofuran-3-yl)acetamide","C14 H15 N O2",229.10724,230.11452,2.246,22.0903664233602,23.8064226097424,23.3026858894009,"MCI-associated increase"
"Com_38174_pos",-0.00640276915976367,0.935550333873118,0.998421930371725,-0.0490674480884294,0.796871754630755,0.998265352641438,-0.100795659836309,0.908945941870371,0.99927870700711,-0.0517282117478794,0.785980992745559,0.982684488895692,"11β-Hydroxyandrosterone","C19 H30 O3",306.22039,307.22767,6.762,21.1312953625103,21.3248168591009,21.215229283984,"MCI-associated increase"
"Com_20349_pos",-0.00638773918521024,0.935701298940091,0.998421930371725,0.300803862595601,0.176326492136697,0.97424634381184,0.0601154829290799,0.883696506396184,0.99927870700711,-0.240688379666521,0.157548444467026,0.926123611056224,"1-Methyl-2-[(3S)-1-(3-phenylpropyl)-3-pyrrolidinyl]-1H-benzimidazole","C21 H25 N3",319.20071,320.20793,5.037,19.1564184098151,20.3149453844349,20.0609500502308,"MCI-associated increase"
"Com_6856_pos",-0.00633513427427321,0.936229694674128,0.998421930371725,1.14603191874671,0.577423547853057,0.97424634381184,-0.274066720607169,0.921606873993781,0.99927870700711,-1.42009863935388,0.517306989731243,0.952814429510526,"Retrorsine","C18 H25 N O6",351.16974,352.17701,5.517,21.0621382958227,21.068118459196,21.0457903825037,"MCI-associated increase"
"Com_22451_pos",-0.0062900443506129,0.936682627458034,0.998421930371725,-0.13573532370764,0.852666421766873,0.998265352641438,-0.834281610780204,0.925831764498543,0.99927870700711,-0.698546287072565,0.861818525982919,0.987763710173379,"N-[1-(4-methoxy-2-oxo-2H-pyran-6-yl)-2-methylbutyl]acetamide","C13 H19 N O4",270.15892,271.16622,5.114,19.753800270732,19.9043421608787,19.7818187851954,"MCI-associated increase"
"Com_6684_pos",-0.0062900443506129,0.936682627458034,0.998421930371725,-0.27950377988938,0.250084447224309,0.97424634381184,2.47145818613356,0.95969623869513,0.99927870700711,2.75096196602294,0.253523947290226,0.926123611056224,"5-[(Benzoyloxy)methyl]-4,5,6-trihydroxy-2-cyclohexen-1-yl benzoate","C21 H20 O7",384.11797,385.12524,4.821,19.2492320941386,19.0057669057743,19.0978764359976,"MCI-associated decrease"
"Com_7432_pos",0.0062900443506129,0.936682627458034,0.998421930371725,2.38011598714997,0.742096648392106,0.992345641070078,-0.210981913959401,0.934287704783069,0.99927870700711,-2.59109790110937,0.759341893801283,0.975970962603451,"6-methoxy-2,3,4,9-tetrahydro-1H-beta-carbolin-1-one","C12 H12 N2 O2",216.09099,217.09827,6.373,17.195285022235,17.3006920799917,17.227123009988,"MCI-associated increase"
"Com_16885_pos",0.00619986450329229,0.93758855377491,0.998421930371725,1.15221524581606,0.204998198444284,0.97424634381184,-0.219894603907549,0.95969623869513,0.99927870700711,-1.37210984972361,0.117222834038004,0.914281594941658,"3-(4-benzyl-5-thioxo-4,5-dihydro-1H-1,2,4-triazol-3-yl)piperidin-2-one","C14 H16 N4 O S",288.10137,289.10864,5.545,18.8977756947548,18.6331368528601,18.8840386941644,"MCI-associated decrease"
"Com_13169_pos",0.00618483452873885,0.937739549306776,0.998421930371725,-0.432748122368516,0.0465073159238725,0.97424634381184,0.0190473160840536,0.837729306431908,0.99927870700711,0.45179543845257,0.0496004475551116,0.792126550507007,"5α-Pregnan-3,20-dione","C21 H32 O2",316.24172,317.24901,6.808,23.6882889706614,23.17162493693,23.8911703207297,"MCI-associated decrease"
"Com_13132_pos",-0.00616980455418542,0.937890547056467,0.998421930371725,-0.729351889568035,0.0533456737982772,0.97424634381184,-0.152389857444848,0.976659641374425,0.99927870700711,0.576962032123187,0.072447398688488,0.867791165027521,"Avocadyne 1-acetate","C19 H34 O4",308.23646,309.24373,9.57,22.0954180910857,21.7741018187936,22.1591091471061,"MCI-associated decrease"
"Com_35171_pos",0.00613222961780183,0.938268051098521,0.998421930371725,-0.0073265131881988,0.53802676907566,0.97424634381184,0.0111716976279841,0.913163844512631,0.99927870700711,0.0184982108161828,0.499452327221799,0.952814429510526,"Biliverdin","C33 H34 N4 O6",582.25045,583.25773,6.271,19.3311111025084,19.2804089795178,19.5628788801571,"MCI-associated decrease"
"Com_47377_pos",-0.00608713969414152,0.938721074083967,0.998421930371725,-0.0421539852710126,0.888578956214013,0.998265352641438,0.254960899790344,0.908945941870371,0.99927870700711,0.297114885061357,0.900267843658807,0.994037609026979,"N1-methyl-5-methoxy-2-({2-[(methylamino)carbonyl]phenyl}thio)benzamide","C17 H18 N2 O3 S",368.0562,369.06348,4.836,17.8164332311795,17.8634115396986,17.9008028630594,"Monotonic increase"
"Com_7643_neg",0.00602701979592778,0.939325135268174,0.998421930371725,0.0299918604956582,0.898885180907176,0.998265352641438,-0.0348522563326382,0.951220895178404,0.99927870700711,-0.0648441168282963,0.972229695919683,1,"Gluconolactone","C6 H10 O6",178.04832,177.04091,1.552,24.0600541727031,24.0065892356776,24.0293263901583,"MCI-associated decrease"
"Com_33798_pos",-0.00592932496133045,0.940306808303275,0.998421930371725,0.336661982147426,0.604420830618372,0.97424634381184,-0.143510378872201,0.921606873993781,0.99927870700711,-0.480172361019627,0.558654854496645,0.955117225188735,"S-Lactoyglutathione","C13 H21 N3 O8 S",379.10636,380.11364,4.669,19.3544572403564,20.2092790510475,19.7042355622199,"MCI-associated increase"
"Com_17892_pos",0.00592180997405373,0.940382325354184,0.998421930371725,-0.291777421559107,0.0423709700232406,0.97424634381184,-0.093352287433553,0.875304923302957,0.99927870700711,0.198425134125554,0.0337095793250315,0.743695873768737,"N-Methyldioctylamine","C17 H37 N",255.29382,256.3011,7.02,23.0388510521924,22.8169991795027,23.0878459901894,"MCI-associated decrease"
"Com_20125_pos",-0.00582411513945639,0.941364095093804,0.998421930371725,-0.366193951108058,0.847559111655553,0.998265352641438,-0.566715690992765,0.938518517136105,0.99927870700711,-0.200521739884707,0.872774773778319,0.990317081593639,"Rutarin","C20 H24 O10",446.12139,447.12867,5.669,18.1708473311075,18.3825413000202,18.4438807440578,"Monotonic increase"
"Com_16849_neg",-0.00575648025396593,0.942043833632302,0.998421930371725,0.706623979795997,0.776821692720023,0.998265352641438,0.255289151403304,0.917384194576618,0.99927870700711,-0.451334828392693,0.764648042021988,0.977878730334537,"Robenidine","C15 H13 Cl2 N5",333.05329,332.04599,5.254,21.3887078726667,21.6847584061255,21.1984165758615,"MCI-associated increase"
"Com_36163_pos",-0.00575648025396593,0.942043833632302,0.998421930371725,-0.260590022080072,0.483607107411269,0.97424634381184,-0.256095217886421,0.900517950080695,0.99927870700711,0.0044948041936508,0.477602645895932,0.952814429510526,"3-[1-(dimethylamino)-1H-pyrrol-2-yl]-2-(2-furylcarbonyl)acrylonitrile","C14 H13 N3 O2",293.05824,294.06552,4.838,17.7259718322105,17.7625532030901,17.8277031299921,"Monotonic increase"
"Com_1906_pos",0.00574896526668921,0.942119362726826,0.998421930371725,-0.0496557994662824,0.53802676907566,0.97424634381184,-0.168004182586074,0.917384194576618,0.99927870700711,-0.118348383119791,0.477602645895932,0.952814429510526,"7-Methylguanosine","C11 H15 N5 O5",297.1085,298.11577,4.762,25.9821814551047,27.4353405144024,26.7675503294469,"MCI-associated increase"
"Com_18104_neg",-0.00573393529213578,0.942270422461975,0.998421930371725,0.0597766158084012,0.455590338923466,0.97424634381184,0.0247169431872437,0.883696506396184,0.99927870700711,-0.0350596726211576,0.481930319951778,0.952814429510526,"N-Acetyl-DL-norvaline","C7 H13 N O3",159.08954,158.08227,0.564,24.6084272460536,24.7593145070786,24.6250906629738,"MCI-associated increase"
"Com_5503_pos",-0.00572642030485906,0.942345953101259,0.998421930371725,-3.14704471044793,0.595358868812575,0.97424634381184,-2.78329763877907,0.95969623869513,0.99927870700711,0.363747071668868,0.635897551920662,0.963784894223848,"Psoralen","C11 H6 O3",186.03269,187.03996,6.049,16.2277241284429,16.0554470190155,16.1349832248103,"MCI-associated decrease"
"Com_23709_pos",0.00568133038119875,0.942799147698659,0.998421930371725,-0.96552821248759,0.193593617798518,0.97424634381184,-0.251034478439682,0.892101159439718,0.99927870700711,0.714493734047908,0.17679044541687,0.926123611056224,"2-piperidinophenyl 4-(acetylamino)-3-chlorobenzenesulfonate","C19 H21 Cl N2 O4 S",408.09222,409.0995,6.152,20.1947280946722,19.8791713891938,20.3585097206211,"MCI-associated decrease"
"Com_39131_pos",0.00565127043209188,0.943101287630315,0.998421930371725,-0.309255203988138,0.608974903493647,0.97424634381184,-0.214463509376614,0.913163844512631,0.99927870700711,0.0947916946115238,0.591886711568426,0.955684897603873,"Biotin","C10 H16 N2 O3 S",488.1765,489.18378,5.164,18.820353376747,18.7822206094587,18.6340372076894,"Monotonic decrease"
"Com_6554_neg",-0.00551600066111096,0.944461017063878,0.998421930371725,0.490215331876795,0.83227637630576,0.998265352641438,0.355154402817496,0.955457937402978,0.99927870700711,-0.135060929059299,0.88925435424667,0.993217285014548,"Quinic acid","C7 H12 O6",192.06386,191.05656,5.364,22.1089824896648,21.9841893844127,22.0457645219375,"MCI-associated decrease"
"Com_16767_pos",0.00550848567383424,0.944536562324672,0.998421930371725,-0.591665751366432,0.546663810995189,0.97424634381184,1.21412565815754,0.95969623869513,0.99927870700711,1.80579140952397,0.572785775880501,0.955117225188735,"N-{[(2R,4S,5R)-5-Ethyl-1-azabicyclo[2.2.2]oct-2-yl]methyl}-2-furamide","C15 H22 N2 O2",262.16914,263.17642,4.726,18.0957836940476,18.0555761869222,18.0787025495377,"MCI-associated decrease"
"Com_3081_pos",-0.00547091073745065,0.944914296027122,0.998421930371725,-0.241816902420286,0.533734081281277,0.97424634381184,-0.0867576968639331,0.993633607068879,0.99927870700711,0.155059205556353,0.635897551920662,0.963784894223848,"NAT13-331713_POS","C26 H30 N4 O3",446.23248,447.2397,6.03,26.2178797440433,26.2193397702656,26.4032604549375,"Monotonic increase"
"Com_26730_pos",-0.00545588076289721,0.945065392948211,0.998421930371725,-0.403278229704337,0.504177753142834,0.97424634381184,0.240279264740526,0.94698523150345,0.99927870700711,0.643557494444863,0.495040349092113,0.952814429510526,"Bialaphos","C11 H22 N3 O6 P",323.1282,324.13548,5.2,18.7607485838253,18.733621712853,18.6104810837023,"Monotonic decrease"
"Com_21264_pos",-0.0054483657756205,0.945140942143237,0.998421930371725,-0.0909328864313357,0.398740057443781,0.97424634381184,0.090086624482968,0.98090244239149,0.99927870700711,0.181019510914304,0.443757952476775,0.952814429510526,"3,5-dimethyl-1-phenyl-1,5-dihydro-4H-pyrazolo[4,3-c]quinolin-4-one","C18 H15 N3 O",289.1172,290.12448,1.93,23.0179636141427,22.6746760223656,23.1101626006775,"MCI-associated decrease"
"Com_44021_pos",-0.00544085078834378,0.945216491827021,0.998421930371725,-0.0950298070175646,0.329956481578519,0.97424634381184,0.321005821746385,0.985145783696477,0.99927870700711,0.41603562876395,0.369106559504446,0.952814429510526,"Aflatoxin G1","C17 H12 O7",328.05907,329.06635,6.51,18.6269079916124,18.3762597386606,18.7151643495414,"MCI-associated decrease"
"Com_4793_pos",-0.00539576086468347,0.945669800156127,0.998421930371725,0.0839852476004711,0.568552333025136,0.97424634381184,0.0377842403551141,0.934287704783069,0.99927870700711,-0.0462010072453572,0.508338548074027,0.952814429510526,"1-(1,3-benzodioxol-5-yl)-2-[4-(9H-fluoren-9-yl)piperazino]-1-ethanone","C26 H24 N2 O3",412.17409,413.18137,6.213,25.8154978038549,25.9358528641536,25.6390309123733,"MCI-associated increase"
"Com_7338_neg",0.00539576086468347,0.945669800156127,0.998421930371725,0.581736016137881,0.447756614378861,0.97424634381184,0.801007068409857,0.955457937402978,0.99927870700711,0.219271052271976,0.44791214309302,0.952814429510526,"3-(4-methoxyphenoxy)propanoic acid","C10 H12 O4",196.07399,195.06673,5.891,20.1764377838364,20.2038653142446,20.2003170185241,"MCI-associated increase"
"Com_17343_neg",-0.0053657009155766,0.945972015399063,0.998421930371725,-0.268474812073815,0.631970449622002,0.974363661520955,-0.637706773356425,0.95969623869513,0.99927870700711,-0.36923196128261,0.665982645222812,0.973499221842089,"N4-Acetylsulfamethoxazole","C12 H13 N3 O4 S",295.06455,294.05727,5.303,21.3846939450654,21.2154172085434,21.387180224127,"MCI-associated decrease"
"Com_7444_pos",-0.00533564096646973,0.946274238344041,0.998421930371725,0.130021569337335,0.520960693859334,0.97424634381184,-0.224285278353637,0.921606873993781,0.99927870700711,-0.354306847690972,0.486279233997147,0.952814429510526,"DLK","C16 H30 N4 O6",374.218,375.22533,5.053,20.8540014009122,21.3785366341366,20.5239577456165,"MCI-associated increase"
"Com_19203_pos",-0.00532812597919301,0.9463497952787,0.998421930371725,0.00712930688388629,0.888578956214013,0.998265352641438,-0.0923408509909914,0.930058747638237,0.99927870700711,-0.0994701578748777,0.878262198893988,0.990764947618942,"Medroxyprogesterone","C22 H32 O3",344.23643,345.24361,6.225,22.8950842999519,22.9120926131236,22.9162075647458,"Monotonic increase"
"Com_7697_neg",-0.00529055104280942,0.946727587108887,0.998421930371725,-1.67235330046571,0.413466841049316,0.97424634381184,-0.914332721924918,0.968176140030276,0.99927870700711,0.75802057854079,0.431428257491981,0.952814429510526,"dTMP","C10 H15 N2 O8 P",322.05609,321.04881,5.857,20.5594568466069,20.4984091028251,20.6377820214591,"MCI-associated decrease"
"Com_33521_pos",0.00525297610642583,0.947105390805714,0.998421930371725,-0.638757457116077,0.577423547853057,0.97424634381184,-0.0985211081491617,0.938518517136105,0.99927870700711,0.540236348966916,0.512812552478726,0.952814429510526,"Ritalinic acid","C13 H17 N O2",219.12703,220.1343,6.664,18.6091375119781,18.3675452115865,18.6912781458699,"MCI-associated decrease"
"Com_35265_pos",0.00525297610642583,0.947105390805714,0.998421930371725,0.120464797194985,0.495894512685331,0.97424634381184,0.129625955905557,0.985145783696477,0.99927870700711,0.00916115871057196,0.563346299056561,0.955117225188735,"2,6-di[2-chloro-4-(dimethylamino)benzylidene]cyclohexan-1-one","C24 H26 Cl2 N2 O",428.14991,429.15719,4.773,7.29834092426975,7.19189310973622,7.2520246237017,"MCI-associated decrease"
"Com_37979_neg",-0.00513273630999834,0.94831444140188,0.998421930371725,-0.0648467695459741,0.645942585778995,0.978176760105966,-0.046435016805515,0.993633607068879,0.99927870700711,0.018411752740459,0.759341893801283,0.975970962603451,"glutathione disulfide","C20 H32 N6 O12 S2",612.15464,611.14736,5.681,20.3464317642238,20.2440453551143,20.3138176856374,"MCI-associated decrease"
"Com_940_pos",-0.00505007144995445,0.949145732246928,0.998421930371725,-0.531506994281569,0.286680883672415,0.97424634381184,-0.0850540162897157,0.993633607068879,0.99927870700711,0.446452977991853,0.350840560608237,0.952814429510526,"3-amino-4-(propylamino)cyclobut-3-ene-1,2-dione","C7 H10 N2 O2",154.07502,155.0823,3.774,24.7426885653451,24.4380712243548,24.5414952016569,"MCI-associated decrease"
"Com_149_pos",0.00504255646267773,0.949221306874432,0.998421930371725,0.316911471455672,0.136488159162668,0.97424634381184,2.02471618856006,0.875304923302957,0.99927870700711,1.70780471710439,0.139936790476407,0.926123611056224,"Nitrosoheptamethyleneimine","C7 H14 N2 O",125.08468,126.09197,5.728,21.2706552603232,21.2032342082467,21.4299105073572,"MCI-associated decrease"
"Com_29900_pos",-0.00498243656446399,0.949825920128262,0.998421930371725,0.0349621938738012,0.366780087996831,0.97424634381184,0.00623442500207172,0.976659641374425,0.99927870700711,-0.0287277688717297,0.486279233997147,0.952814429510526,"25-hydroxycholecalciferol","C27 H44 O2",400.33667,383.33334,7.733,20.8521172666307,21.034308730496,21.0062095743906,"MCI-associated increase"
"Com_702_neg",-0.00495989160263383,0.950052657494601,0.998421930371725,-0.325095954580424,0.131414793480883,0.97424634381184,0.482582669190989,0.993633607068879,0.99927870700711,0.807678623771413,0.151500328059979,0.926123611056224,"Porphobilinogen","C10 H14 N2 O4",226.09659,225.08931,1.649,25.6441021329617,24.7826840583796,25.6461969667158,"MCI-associated decrease"
"Com_2146_pos",0.0049448616280804,0.950203817965532,0.998421930371725,0.104707195252795,0.343060251703388,0.97424634381184,0.0836647823049282,0.858564674040828,0.99927870700711,-0.0210424129478673,0.419299513170107,0.952814429510526,"Urocanic acid","C6 H6 N2 O2",138.04366,139.05093,1.452,27.4916051428506,27.3409932771426,27.7450099873711,"MCI-associated decrease"
"Com_17979_pos",-0.00480207686982276,0.951639930212489,0.998421930371725,0.11614841368365,0.43232108085308,0.97424634381184,0.0476079319289024,0.875304923302957,0.99927870700711,-0.0685404817547478,0.499452327221799,0.952814429510526,"3-(3-pyridyl)-2-(2-thienyl)acrylonitrile","C12 H8 N2 S",212.04188,213.04911,1.295,23.4535486401473,23.6323377641224,23.4056357815618,"MCI-associated increase"
"Com_21833_pos",-0.0047795319079926,0.95186669911926,0.998421930371725,0.117920392958663,0.370250221899917,0.97424634381184,2.09331451151929,0.900517950080695,0.99927870700711,1.97539411856063,0.376575631556324,0.952814429510526,"2-methyl-1,2-dihydrophthalazin-1-one","C9 H8 N2 O",160.06292,343.11469,3.946,18.0810801153286,18.1305877332556,18.0508591652479,"MCI-associated increase"
"Com_14123_pos",0.00474195697160901,0.952244655868038,0.998421930371725,-0.614668158325756,0.622727779164978,0.97424634381184,-0.318812597401749,0.930058747638237,0.99927870700711,0.295855560924007,0.596707253498334,0.955684897603873,"5-[5-(ethylsulfonyl)-2-hydroxyanilino]-5-oxopentanoic acid","C13 H17 N O6 S",337.05528,338.06244,6.067,19.319281563048,19.2070046614662,19.3152693861191,"MCI-associated decrease"
"Com_8325_pos",-0.00471189702250214,0.952547028932413,0.998421930371725,0.103447081224066,0.83227637630576,0.998265352641438,0.173892581641012,0.95969623869513,0.99927870700711,0.0704455004169458,0.754047050924864,0.975970962603451,"Salsolinol","C10 H13 N O2",179.09509,180.10265,1.392,21.3996439240372,21.3556940716153,21.2439644286421,"Monotonic decrease"
"Com_11445_pos",0.00462171717518153,0.953454188555676,0.998421930371725,0.195450816318821,0.266548592578005,0.97424634381184,-0.0354754646887138,0.976659641374425,0.99927870700711,-0.230926281007535,0.343697435429192,0.952814429510526,"N-Acetylornithine","C7 H14 N2 O3",174.10129,175.1086,3.565,22.0102500153401,22.2509788506553,22.1511684893209,"MCI-associated increase"
"Com_17763_neg",0.00459917221335137,0.953680987841511,0.998421930371725,-0.436780533092387,0.873155405707105,0.998265352641438,-0.366023541099046,0.972417500615844,0.99927870700711,0.0707569919933411,0.769965261969016,0.977878730334537,"N'-[2-(3-methoxyphenyl)acetyl]-6-quinoxalinecarbohydrazide","C18 H16 N4 O3",336.12333,335.11606,5.389,21.1767945489504,21.3812085593388,21.2110276499348,"MCI-associated increase"
"Com_9160_pos",0.00459917221335137,0.953680987841511,0.998421930371725,-0.138576492831459,0.339753537931744,0.97424634381184,-0.132710337684179,0.963935679466049,0.99927870700711,0.00586615514727978,0.247780744473925,0.926123611056224,"Limonin","C26 H30 O8",452.18342,453.1907,6.924,20.5157650065156,20.3872006948481,20.56104757179,"MCI-associated decrease"
"Com_11609_pos",-0.00458414223879794,0.953832189430796,0.998421930371725,1.36615073190356,0.791846088302126,0.998265352641438,2.18407714623628,0.913163844512631,0.99927870700711,0.817926414332715,0.834548421874662,0.985419326780897,"HPH","C17 H23 N7 O4",371.17506,372.18234,6.578,15.2420619666651,15.1274228095088,15.293164267619,"MCI-associated decrease"
"Com_19502_pos",0.00458414223879794,0.953832189430797,0.998421930371725,-0.501599999273751,0.727369125215803,0.988298366959884,-0.361990879455004,0.942751065743285,0.99927870700711,0.139609119818747,0.686346148385175,0.975261360435008,"Proscillaridin A","C30 H42 O8",530.28978,531.29656,6.632,19.4540116799934,19.2844094682051,19.5041199697991,"MCI-associated decrease"
"Com_27525_pos",-0.00458414223879794,0.953832189430796,0.998421930371725,0.177323011868587,0.373740676149333,0.97424634381184,0.212746618182622,0.930058747638237,0.99927870700711,0.0354236063140349,0.587084129010093,0.955684897603873,"3-Hydroxy-3-methylbutanoic acid","C5 H10 O3",118.05372,275.0709,1.627,21.1083709345427,20.8881971362548,21.1026683311163,"MCI-associated decrease"
"Com_35451_pos",-0.00449396239147732,0.954739433345149,0.998421930371725,0.836860162372924,0.992201123863709,0.998265352641438,0.263370107996485,0.95969623869513,0.99927870700711,-0.573490054376439,0.938952675204792,1,"Lenalidomide","C13 H13 N3 O3",276.12352,277.1308,3.106,18.5419135455091,18.5917374435311,18.5856368957601,"MCI-associated increase"
"Com_13944_pos",-0.00447141742964717,0.954966253446558,0.998421930371725,-0.22246925183143,0.26936351319264,0.97424634381184,-0.0256920574591079,0.98090244239149,0.99927870700711,0.196777194372322,0.336647873819013,0.952814429510526,"Nor-9-carboxy-δ9-THC","C21 H28 O4",344.20064,345.20781,5.722,24.4394812888607,24.3645852862375,24.5551745535188,"MCI-associated decrease"
"Com_12462_pos",-0.00446390244237045,0.955041860950769,0.998421930371725,0.401313167182891,0.0685562061340731,0.97424634381184,0.688189115227266,0.934287704783069,0.99927870700711,0.286875948044375,0.107766897799477,0.914281594941658,"APH","C14 H21 N5 O4",305.14645,306.15375,6.138,20.392541287513,20.0111165114926,20.4605893399212,"MCI-associated decrease"
"Com_25410_neg",0.00445638745509373,0.955117468855735,0.998421930371725,0.488823561238919,0.13478050629221,0.97424634381184,-0.201183777385545,0.972417500615844,0.99927870700711,-0.690007338624465,0.170190915239575,0.926123611056224,"4-(beta-D-Glucopyranosyloxy)-2-methylenebutanoic acid","C11 H18 O8",278.10136,277.09408,4.714,17.2121507337398,18.8949730887145,17.5453125127333,"MCI-associated increase"
"Com_6398_pos",0.00443384249326358,0.955344294968411,0.998421930371725,-0.686433844660063,0.158303529786652,0.97424634381184,2.83503923632375,0.930058747638237,0.99927870700711,3.52147308098381,0.122189035585661,0.914281594941658,"2-(acetyloxy)-3-amino-1-[1,2-di(acetyloxy)ethyl]-3-oxopropyl acetate","C13 H19 N O9",333.10528,334.11255,6.224,17.9720777412803,17.7417709360892,17.9165931990239,"MCI-associated decrease"
"Com_1781_neg",0.00438123758232655,0.955873569798726,0.998421930371725,0.294890659241679,0.193593617798518,0.97424634381184,0.0928492051122523,0.972417500615844,0.99927870700711,-0.202041454129427,0.247780744473925,0.926123611056224,"4-oxo-4,5,6,7-tetrahydrobenzo[b]furan-3-carboxylic acid","C9 H8 O4",134.03654,179.03474,4.942,24.8706424434111,25.0769902098202,24.9456190759606,"MCI-associated increase"
"Com_34752_pos",-0.00438123758232655,0.955873569798727,0.998421930371725,0.247370931648442,0.599882105607627,0.97424634381184,-0.571586594013828,0.942751065743285,0.99927870700711,-0.81895752566227,0.553982474057716,0.955117225188735,"2,3-di(acetyloxy)-3-cyano-1-[1,2-di(acetyloxy)ethyl]propyl acetate","C16 H21 N O10",387.11769,388.12497,4.723,18.1241328711286,18.045700549394,18.0874024688864,"MCI-associated decrease"
"Com_45002_pos",0.00437372259504983,0.955949182067561,0.998421930371725,-0.620532377404639,0.356491880867446,0.97424634381184,-0.528305606730215,0.858564674040828,0.99927870700711,0.0922267706744238,0.452088341455991,0.952814429510526,"PC O-18:1","C26 H52 N O7 P",521.35105,522.35833,9.176,14.2359910943722,14.7976320627503,14.7933262470347,"MCI-associated increase"
"Com_9711_neg",0.00429105773500594,0.956780942793599,0.998421930371725,-0.488149186172,0.862899385969575,0.998265352641438,0.0511351274007815,0.942751065743285,0.99927870700711,0.539284313572782,0.845434525219498,0.985419326780897,"Maltitol","C12 H24 O11",344.13377,343.12631,1.322,20.1615363294224,20.0844127295784,20.0979070517981,"MCI-associated decrease"
"Com_21637_pos",-0.00425348279862235,0.957159031315884,0.998421930371725,0.344424813826643,0.599882105607627,0.97424634381184,0.377353880655869,0.930058747638237,0.99927870700711,0.0329290668292256,0.587084129010093,0.955684897603873,"Kanamycin","C18 H36 N4 O11",506.21895,507.22608,6.303,17.2396657833278,17.5563953938653,16.9496838618467,"MCI-associated increase"
"Com_5398_pos",-0.00421590786223876,0.957537129386042,0.998421930371725,1.58983290349173,0.178419859198224,0.97424634381184,1.0575133672465,0.925831764498543,0.99927870700711,-0.532319536245228,0.147567583469119,0.926123611056224,"7-phenyl-6a,7-dihydro-6H-benzo[b]chromeno[4,3-e][1,4]thiazepine","C22 H17 N O S",163.0411,344.11743,5.153,20.0461485530861,20.3570179747,20.0282881706574,"MCI-associated increase"
"Com_11636_neg",-0.00416330295130173,0.958066482564555,0.998421930371725,-0.216820596540383,0.343060251703388,0.97424634381184,0.763988208201599,0.993633607068879,0.99927870700711,0.980808804741982,0.399536640886351,0.952814429510526,"L-Malate","C4 H6 O5",134.02123,133.01408,5.829,18.7004208279632,18.6491978338543,18.7409401501173,"MCI-associated decrease"
"Com_18713_neg",-0.00405057814215096,0.959200872191715,0.998421930371725,-0.106314775668716,0.66004076709954,0.978176760105966,-0.260509926822033,0.930058747638237,0.99927870700711,-0.154195151153317,0.660929291111291,0.973499221842089,"Lysopa 16:0","C19 H39 O7 P",410.24339,409.23648,5.326,21.9299745729071,22.0808543446224,22.0371638724043,"MCI-associated increase"
"Com_4824_pos",0.00404306315487424,0.959276501101942,0.998421930371725,-0.259100359622658,0.577423547853057,0.97424634381184,-0.0877799186558933,0.993633607068879,0.99927870700711,0.171320440966765,0.640871917981559,0.963784894223848,"Glycitein","C16 H12 O5",284.06991,285.07719,5.334,21.9081512873134,22.1094896986352,22.0051226279769,"MCI-associated increase"
"Com_47735_neg",-0.00396039829483035,0.960108442929049,0.998421930371725,0.185061790329746,0.722481936667065,0.988298366959884,0.139783926314415,0.993633607068879,0.99927870700711,-0.045277864015331,0.807475865906504,0.983351253121837,"1,5,8-Trihydroxy-9-oxo-9H-xanthen-3-yl beta-D-glucopyranoside","C19 H18 O11",422.08088,421.07406,6.546,18.9379524297426,18.9057424852917,19.0483503720809,"MCI-associated decrease"
"Com_11069_pos",-0.00395288330755363,0.960184076151702,0.998421930371725,0.341380154567117,0.842458195298763,0.998265352641438,1.83129263935843,0.972417500615844,0.99927870700711,1.48991248479131,0.759341893801283,0.975970962603451,"Oxymatrine","C15 H24 N2 O2",264.18453,265.1918,2.947,19.4212123597588,19.4635301516166,19.4606946104739,"MCI-associated increase"
"Com_4639_pos",-0.00384015849840286,0.961318616713615,0.998421930371725,-0.0351303770787502,0.781820860064895,0.998265352641438,-0.0624852648915526,0.900517950080695,0.99927870700711,-0.0273548878128024,0.88375547915513,0.992254315525697,"(2E)-3-phenyl-N-(2-phenylethyl)prop-2-enamide","C17 H17 N O",273.11253,274.11981,5.115,23.2498736896467,23.3148839550356,23.4500319135767,"Monotonic increase"
"Com_22158_pos",0.00383264351112614,0.961394255535362,0.998421930371725,0.0760496989564557,0.878291532510976,0.998265352641438,-0.208944859273652,0.985145783696477,0.99927870700711,-0.284994558230108,0.955581507321733,1,"Pleuromutilin","C22 H34 O5",378.24281,379.25009,6.574,22.3991156760332,22.5942980586187,22.4385175880658,"MCI-associated increase"
"Com_713_pos",0.00378003860018912,0.961923736888019,0.998421930371725,-0.34026750366956,0.655327630907459,0.978176760105966,0.180518851380409,0.908945941870371,0.99927870700711,0.520786355049969,0.717318982344425,0.975261360435008,"L-Methionine Methyl Ester","C6 H13 N O2 S",163.0672,147.04788,3.717,25.2862236936923,25.2279028001812,25.6084744678855,"MCI-associated decrease"
"Com_8663_neg",0.00378003860018912,0.961923736888019,0.998421930371725,0.0469039027536542,0.586359412302577,0.97424634381184,-0.250938137311703,0.963935679466049,0.99927870700711,-0.297842040065357,0.572785775880501,0.955117225188735,"Ascorbyl stearate","C24 H42 O7",442.29563,441.28835,6.659,21.8501166194702,22.0213973371716,21.8442671758486,"MCI-associated increase"
"Com_17522_pos",-0.00368234376559178,0.962907103360752,0.998421930371725,0.217102228150992,0.487684458553608,0.97424634381184,-0.106004758746558,0.972417500615844,0.99927870700711,-0.32310698689755,0.395652383845635,0.952814429510526,"(5S)-5-hydroxy-1,7-diphenylheptan-3-one","C19 H22 O2",264.15261,265.15983,6.785,21.8915431971958,21.8892777908691,21.8836065141283,"Monotonic decrease"
"Com_532_pos",-0.00359216391827117,0.963814875904841,0.998421930371725,0.0815686516346534,0.491780290625231,0.97424634381184,-0.0404773737123178,0.942751065743285,0.99927870700711,-0.122046025346971,0.460506411169444,0.952814429510526,"Kanosamine","C6 H13 N O5",179.08142,180.08869,4.971,25.840916535275,27.0069050166604,26.2080994641398,"MCI-associated increase"
"Com_4290_neg",-0.00357713394371773,0.963966175877626,0.998421930371725,0.015398844544027,0.542336717095599,0.97424634381184,-0.0338206525652244,0.917384194576618,0.99927870700711,-0.0492194971092514,0.572785775880501,0.955117225188735,"2-Methylpentanedioic acid","C6 H10 O4",146.05817,145.05073,5.24,26.5828965919584,26.7092070075185,26.6950964706601,"MCI-associated increase"
"Com_1987_pos",-0.00355458898188758,0.964193128245016,0.998421930371725,0.0546844700446085,0.467484261734005,0.97424634381184,-0.146918404632218,0.938518517136105,0.99927870700711,-0.201602874676827,0.443757952476775,0.952814429510526,"1-Methyladenosine","C11 H15 N5 O4",281.11346,282.12073,1.785,26.4075176884716,27.3291468009803,26.4941148710475,"MCI-associated increase"
"Com_29957_neg",0.00355458898188758,0.964193128245017,0.998421930371725,0.104149904995538,0.693402310791431,0.98465888858239,0.107032831719651,0.985145783696477,0.99927870700711,0.0028829267241125,0.582299670844668,0.955684897603873,"DL-Citrulline","C6 H13 N3 O3",175.09603,174.08873,1.338,20.9147182263386,20.9198080055098,20.9420673734058,"Monotonic increase"
"Com_1325_pos",-0.00348695409639712,0.964874002516517,0.998421930371725,-2.31726673177065,0.4361508056837,0.97424634381184,-2.44635264841643,0.942751065743285,0.99927870700711,-0.129085916645782,0.403443747728166,0.952814429510526,"4-methyl-6-[(4-methylphenyl)thio]-2-(2-pyridyl)pyrimidine","C17 H15 N3 S",293.09445,294.10173,2.631,19.0610308557643,19.3239940375261,18.5159645201206,"MCI-associated increase"
"Com_1074_pos",0.00346440913456696,0.965100966269491,0.998421930371725,0.312790275289393,0.189164669884543,0.97424634381184,-0.00887970416413567,0.955457937402978,0.99927870700711,-0.321669979453528,0.247780744473925,0.926123611056224,"DL-3-Aminoisobutyric acid","C4 H9 N O2",103.06475,104.07151,1.404,25.4683202957818,25.8635155943518,25.317310481471,"MCI-associated increase"
"Com_12727_neg",-0.00344186417273681,0.965327932823384,0.998421930371725,0.149442308815838,0.314038811796066,0.97424634381184,0.0303484640634511,0.904730604511458,0.99927870700711,-0.119093844752387,0.336647873819013,0.952814429510526,"ethyl 4-hydroxy-3-methylisoxazolo[5,4-b]pyridine-5-carboxylate","C10 H10 N2 O4",222.06444,221.05714,4.972,18.0156757726702,18.2810532548466,18.0015494909101,"MCI-associated increase"
"Com_23071_pos",0.00341931921090666,0.965554902159998,0.998421930371725,-0.0468102547807903,0.533734081281277,0.97424634381184,-0.247184936312755,0.963935679466049,0.99927870700711,-0.200374681531965,0.503885099508908,0.952814429510526,"6-methyl-4-(morpholinomethyl)-2H-chromen-2-one","C15 H17 N O3",259.11822,260.1255,2.137,21.567429430045,22.4197422897833,21.9979353858944,"MCI-associated increase"
"Com_25562_pos",0.00340428923635322,0.965706216588048,0.998421930371725,0.146953814812135,0.304734777861908,0.97424634381184,-0.0129692006972626,0.98090244239149,0.99927870700711,-0.159923015509397,0.286764845045473,0.946090802750678,"2-(4-chlorophenyl)-4-(methylthio)-6-(4-pyridyl)pyridine","C17 H13 Cl N2 S",312.04692,313.0542,2.875,18.4614674449973,19.1254541679993,18.8235296012224,"MCI-associated increase"
"Com_38264_pos",0.00340428923635322,0.965706216588048,0.998421930371725,-0.160530608326925,0.909208487373826,0.998265352641438,0.259450616333611,0.98090244239149,0.99927870700711,0.419981224660535,0.966678595943814,1,"GQH","C13 H20 N6 O5",680.28889,341.15172,1.08,19.6333931343645,19.4641383010778,19.7312648966169,"MCI-associated decrease"
"Com_11657_neg",-0.00321641455443527,0.967597748409827,0.998421930371725,-0.119916813257645,0.722481936667065,0.988298366959884,-0.303016655985886,0.94698523150345,0.99927870700711,-0.183099842728242,0.717318982344425,0.975261360435008,"N-(2-methyl-5-nitrophenyl)-N-(methylsulfonyl)methanesulfonamide","C9 H12 N2 O6 S2",308.01508,307.00781,5.04,19.7307275836268,19.798778208946,19.6576729453571,"MCI-associated increase"
"Com_35380_neg",0.0031863546053284,0.967900410535377,0.998421930371725,-0.726980841749747,0.950637861926265,0.998265352641438,-0.0821084514083809,0.985145783696477,0.99927870700711,0.644872390341366,0.988889993758403,1,"LPE 18:2","C23 H44 N O7 P",477.28881,476.28153,8.679,12.7883343345234,12.8127886238226,12.7585917698421,"MCI-associated increase"
"Com_4293_pos",0.00316380964349825,0.9681274101378,0.998421930371725,-0.783800709563389,0.679026964522413,0.981173331585391,0.262179200441246,0.98090244239149,0.99927870700711,1.04597991000463,0.495040349092113,0.952814429510526,"N-Acetylhistamine","C7 H11 N3 O",153.09088,154.09816,1.605,23.2909049483248,23.1185617852516,23.2549744935658,"MCI-associated decrease"
"Com_19498_pos",0.00311871971983794,0.968581416999297,0.998421930371725,-0.0910527223099639,0.893729825674864,0.998265352641438,-0.119622251585991,0.976659641374425,0.99927870700711,-0.0285695292760268,0.834548421874662,0.985419326780897,"Prostaglandin B1","C20 H32 O4",336.23137,337.23864,6.565,23.2799164381559,23.3384004841653,23.2294924335808,"MCI-associated increase"
"Com_18536_pos",-0.00305108483434748,0.969262446160131,0.998421930371725,1.94946460021723,0.289638622395848,0.97424634381184,-0.711292437246898,0.997877849006633,0.99927870700711,-2.66075703746413,0.179032133159955,0.926123611056224,"1-Aminopyrene","C16 H11 N",217.08944,218.09672,1.976,18.30121474648,18.3893171042485,18.1756604196186,"MCI-associated increase"
"Com_11138_neg",0.00298344994885702,0.969943497526381,0.998421930371725,0.163633358863719,0.229256815363323,0.97424634381184,0.316932576656756,0.925831764498543,0.99927870700711,0.153299217793037,0.340160950581424,0.952814429510526,"Corchorifatty acid F","C18 H32 O5",328.2268,327.21947,6.058,24.2608222241518,24.5408602208263,24.2945418499038,"MCI-associated increase"
"Com_7854_pos",0.00290078508881312,0.970775923079211,0.998421930371725,-0.116351263090746,0.32352777393429,0.97424634381184,-0.0415838614922793,0.968176140030276,0.99927870700711,0.074767401598467,0.259359193929178,0.926123611056224,"2-Phenylglycine","C8 H9 N O2",151.06408,152.0714,0.731,25.3212231836283,25.3149320109252,25.331953801567,"MCI-associated decrease"
"Com_2837_neg",0.0028932701015364,0.970851599706885,0.998421930371725,0.0435418640300084,0.512533412985101,0.97424634381184,0.0351098378717112,0.976659641374425,0.99927870700711,-0.00843202615829703,0.606401543595827,0.957584933101451,"Ribitol","C5 H12 O5",152.06755,151.06038,6.347,24.4174272520094,24.4109648321341,24.443931918966,"MCI-associated decrease"
"Com_21961_pos",0.00286321015242953,0.971154308810632,0.998421930371725,-0.099244803808309,0.878291532510976,0.998265352641438,-0.0940898033761789,0.972417500615844,0.99927870700711,0.00515500043213015,0.88925435424667,0.993217285014548,"9-Oxo-10(E),12(E)-octadecadienoic acid","C18 H30 O3",294.22065,295.22779,6.941,22.2785620020441,22.2873097836376,22.240639791979,"MCI-associated increase"
"Com_26566_pos",-0.00286321015242953,0.971154308810631,0.998421930371725,-0.221884693426026,0.317181249768616,0.97424634381184,0.364205459325127,0.989389545272969,0.99927870700711,0.586090152751153,0.343697435429192,0.952814429510526,"3-(4-nitrophenyl)[1,2,3]triazolo[1,5-a]quinazolin-5-amine","C15 H10 N6 O2",306.0868,307.09408,5.157,18.6960335258993,18.3758889948455,18.6297511694426,"MCI-associated decrease"
"Com_51563_pos",-0.00283315020332266,0.971457022030905,0.998421930371725,1.12931166957519,0.424720330369171,0.97424634381184,0.332653758328524,0.95969623869513,0.99927870700711,-0.796657911246666,0.376575631556324,0.952814429510526,"4-(5-propyl-2-pyridyl)benzonitrile","C15 H14 N2",244.10065,245.10793,3.922,16.3055955575114,16.3551716311391,16.3033631745751,"MCI-associated increase"
"Com_17780_neg",0.00277303030510892,0.972062460648366,0.998421930371725,0.00627827382216896,0.568552333025136,0.97424634381184,-0.113756962428215,0.972417500615844,0.99927870700711,-0.120035236250384,0.503885099508908,0.952814429510526,"Deoxyguanosine","C10 H13 N5 O4",267.09714,266.08984,1.345,23.2728097863615,23.128832537306,23.2231464999679,"MCI-associated decrease"
"Com_737_neg",-0.00269036544506502,0.972894964717149,0.998421930371725,4.99871942777931,0.981803910122497,0.998265352641438,2.06639956016325,0.900517950080695,0.99927870700711,-2.93231986761606,0.807475865906504,0.983351253121837,"Acetaminophen glucuronide","C14 H17 N O8",327.0969,326.08962,4,7.51635241320507,7.31742173206222,7.82242980624498,"MCI-associated decrease"
"Com_17258_pos",-0.00261521557229784,0.973651812007241,0.998421930371725,-0.11524522949717,0.395108310315354,0.97424634381184,0.187636411735889,0.94698523150345,0.99927870700711,0.302881641233059,0.517306989731243,0.952814429510526,"DPH","C15 H21 N5 O6",367.15057,368.15803,1.409,23.3687329956984,23.1967981511455,23.6088706341933,"MCI-associated decrease"
"Com_14367_pos",0.0026001855977444,0.973803184307126,0.998421930371725,-0.202996395604491,0.353103291441162,0.97424634381184,-0.622230414298159,0.862744083422995,0.99927870700711,-0.419234018693667,0.163777763374728,0.926123611056224,"5-Chloro-2-[(3S)-1-(4-fluorobenzyl)-3-pyrrolidinyl]-1,3-benzoxazole","C18 H16 Cl F N2 O",330.08937,331.09671,5.22,21.8066841792556,22.5608433824635,22.1659492773699,"MCI-associated increase"
"Com_2042_pos",0.00257764063591425,0.974030244507823,0.998421930371725,-0.109156182146959,0.5083465798032,0.97424634381184,0.00536172635031813,0.938518517136105,0.99927870700711,0.114517908497277,0.517306989731243,0.952814429510526,"Cinnamoylglycine","C11 H11 N O3",205.07485,206.08224,5.693,25.3736746505924,25.2675086539912,25.3505549847318,"MCI-associated decrease"
"Com_7631_pos",0.00254006569953066,0.974408682799655,0.998421930371725,-2.18979210399074,0.961020516526437,0.998265352641438,-2.1995277291095,1,1,-0.00973562511876135,0.955581507321733,1,"Venlafaxine N-Oxide","C17 H27 N O3",293.20102,294.20831,5.034,17.991778657779,17.8157161673252,17.8848899593543,"MCI-associated decrease"
"Com_15750_pos",-0.00249497577587035,0.974862816275561,0.998421930371725,0.298064048432436,0.145277929455647,0.97424634381184,-0.453830588807991,0.976659641374425,0.99927870700711,-0.751894637240427,0.0961102399243855,0.914281594941658,"Tyrosylalanine","C12 H16 N2 O4",252.10973,253.11701,4.887,19.2041640304245,20.5758916837541,19.4153862368471,"MCI-associated increase"
"Com_34218_pos",-0.00247994580131692,0.975014195901887,0.998421930371725,0.243324819688509,0.529458766137544,0.97424634381184,-0.362487163500634,0.989389545272969,0.99927870700711,-0.605811983189143,0.52635665808374,0.953146719171818,"Normeperidine-d4","C14 H15 [2]H4 N O2",237.16565,238.17293,6.408,19.5922270512305,19.4865721350658,19.6899301415143,"MCI-associated decrease"
"Com_15066_neg",-0.00246491582676348,0.975165576419727,0.998421930371725,0.192427818660398,0.898885180907176,0.998265352641438,0.0433993210864089,0.993633607068879,0.99927870700711,-0.149028497573989,1,1,"2-[(3S)-1-(Cyclohexylmethyl)-3-pyrrolidinyl]-5-fluoro-1H-benzimidazole","C18 H24 F N3",301.19053,300.18325,6.349,22.6491009547376,22.4195989575836,22.7337046779868,"MCI-associated decrease"
"Com_15383_pos",0.00244988585221004,0.975316957823685,0.998421930371725,0.559996680332843,0.842458195298763,0.998265352641438,0.0723706832979479,0.972417500615844,0.99927870700711,-0.487625997034896,0.812873068585294,0.983351253121837,"O-7460","C25 H48 F O5 P",500.29869,501.30596,6.516,20.183736520209,20.1932923630546,20.0449051166572,"MCI-associated increase"
"Com_30772_pos",0.00243485587765661,0.975468340108366,0.998421930371725,0.113975033639094,0.961020516526437,0.998265352641438,0.05725224291118,0.976659641374425,0.99927870700711,-0.0567227907279142,0.977782141497144,1,"1-Methyladenine","C6 H7 N5",149.07091,150.07819,2.207,22.6934090911554,22.7127337391232,22.6951445908779,"MCI-associated increase"
"Com_12040_pos",0.00241982590310317,0.975619723268364,0.998421930371725,0.512008129863529,0.751968113314537,0.992345641070078,0.984138223093306,0.997877849006633,0.99927870700711,0.472130093229777,0.650869006115233,0.968608952076912,"β-Lapachone","C15 H14 O3",242.0956,243.10274,5.915,18.8991870620848,18.9143190010119,19.0236586908076,"Monotonic increase"
"Com_40759_neg",0.00235970600488943,0.976225264553608,0.998421930371725,-1.16507226428632,0.0959247765753805,0.97424634381184,-0.523519542486345,0.917384194576618,0.99927870700711,0.64155272179998,0.0906725726207708,0.902508397248603,"LPE O-18:2","C23 H46 N O6 P",463.30964,462.30237,9.825,17.2015413095542,17.1315323012113,17.207571141079,"MCI-associated decrease"
"Com_24299_pos",0.00235219101761271,0.976300958175718,0.998421930371725,0.748327954929973,0.346387458950286,0.97424634381184,-0.0496807988043624,0.993633607068879,0.99927870700711,-0.798008753734335,0.358077087883609,0.952814429510526,"5-[(2-hydroxybenzylidene)amino]-2-(2-methoxyethoxy)benzoic acid","C17 H17 N O5",315.10801,316.11529,1.799,19.1968086195624,19.4056077515116,19.0730588213032,"MCI-associated increase"
"Com_31599_pos",0.00235219101761271,0.976300958175718,0.998421930371725,-0.446955002060943,0.512533412985101,0.97424634381184,1.21116411077982,0.993633607068879,0.99927870700711,1.65811911284076,0.512812552478726,0.952814429510526,"4-Amino-6-chloro-1,3-benzenedisulfonamide","C6 H8 Cl N3 O4 S2",284.96576,268.94647,3.938,17.6691375135465,17.6777219421447,17.6114246940165,"MCI-associated increase"
"Com_3518_pos",0.00226952615756881,0.977133601823362,0.998421930371725,0.0124523118914094,0.945449564887883,0.998265352641438,0.122453415643644,0.989389545272969,0.99927870700711,0.110001103752235,0.88925435424667,0.993217285014548,"diethyl 3-amino-6-methylthieno[2,3-b]pyridine-2,5-dicarboxylate","C14 H16 N2 O4 S",143.05007,144.05753,6.017,25.505164993197,25.3081527562588,25.4231004879879,"MCI-associated decrease"
"Com_33200_pos",-0.00221692124663179,0.977663478870444,0.998421930371725,0.550230443924343,0.568552333025136,0.97424634381184,0.156167320841346,0.94698523150345,0.99927870700711,-0.394063123082997,0.577533499716926,0.955117225188735,"2-(4-aminophenoxy)isophthalonitrile","C14 H9 N3 O",235.07401,236.08129,1.223,18.9320534430339,18.8824085199097,18.6634769116223,"Monotonic decrease"
"Com_39993_neg",-0.00218686129752492,0.977966270153046,0.998421930371725,-0.208242607376159,0.645942585778995,0.978176760105966,-0.100506414523714,0.95969623869513,0.99927870700711,0.107736192852445,0.577533499716926,0.955117225188735,"2'-Deoxyadenosine 5'-monophosphate (dAMP)","C10 H14 N5 O6 P",331.07057,330.06329,1.398,19.7984007202131,19.7939862629015,19.8780648046408,"MCI-associated decrease"
"Com_14728_pos",-0.0021793463102482,0.978041968466783,0.998421930371725,-0.00662984653814293,0.924721693522897,0.998265352641438,-0.0784395484431005,0.98090244239149,0.99927870700711,-0.0718097019049576,0.780631974791441,0.982684488895692,"N-[3-(1-methyl-1H-pyrazol-3-yl)phenyl]-N'-phenylurea","C17 H16 N4 O",309.15681,310.16494,6.097,22.9884652192436,23.1158104709475,22.963483116056,"MCI-associated increase"
"Com_19951_pos",-0.00215680134841805,0.978269064580603,0.998421930371725,-1.1520774805039,0.945449564887883,0.998265352641438,-1.13295376526672,0.976659641374425,0.99927870700711,0.0191237152371747,0.95003605531247,1,"Dextrorphan","C17 H23 N O",257.17916,258.18643,5.096,19.2401511439042,19.2416505776319,19.1859342603184,"MCI-associated increase"
"Com_48904_pos",0.00213425638658789,0.978496162439157,0.998421930371725,0.118220276434474,0.529458766137544,0.97424634381184,0.624407931863707,0.989389545272969,0.99927870700711,0.506187655429233,0.572785775880501,0.955117225188735,"3-[1-(phenylsulfonyl)-2-pyrrolidinyl]pyridine","C15 H16 N2 O2 S",288.08995,289.09723,3.907,17.7800900791021,17.7426246631259,17.7320207493882,"Monotonic decrease"
"Com_19310_pos",0.00208916646292758,0.978950363317584,0.998421930371725,0.402654778171214,0.417198243615752,0.97424634381184,0.0995421409453495,0.989389545272969,0.99927870700711,-0.303112637225865,0.391791030156657,0.952814429510526,"N1-(5-methylisoxazol-3-yl)-2-morpholinoacetamide","C10 H15 N3 O3",225.11226,226.11954,4.704,20.189608741551,20.9225014442346,20.3326420602956,"MCI-associated increase"
"Com_23716_pos",0.00200650160288369,0.979783082380708,0.998421930371725,-0.0719278205931551,0.114054988205388,0.97424634381184,0.0697135324506376,0.917384194576618,0.99927870700711,0.141641353043793,0.114001036524635,0.914281594941658,"4-styrylpyridine","C13 H11 N",181.08571,182.09298,1.585,23.3878257113527,23.0050218570146,23.2876415284078,"MCI-associated decrease"
"Com_6773_pos",0.00196141167922338,0.980237302034473,0.998421930371725,-2.68945378876891,0.914376006626322,0.998265352641438,-3.07138252173464,0.968176140030276,0.99927870700711,-0.381928732965725,0.922350421507559,1,"JNJ-1661010","C19 H19 N5 O S",365.13132,388.12057,6.294,16.2642685121353,16.2158619372035,16.3935367426763,"MCI-associated decrease"
"Com_11601_neg",0.00177353699730543,0.982129950587843,0.998421930371725,0.157627388973883,0.463500610105271,0.97424634381184,0.0509523259354152,0.921606873993781,0.99927870700711,-0.106675063038467,0.52635665808374,0.953146719171818,"Levulinic acid","C5 H8 O3",116.04684,115.03956,4.596,23.3621057115126,23.2626896032279,23.3337762318104,"MCI-associated decrease"
"Com_33708_neg",0.00171341709909169,0.982735619674657,0.998421930371725,-0.443173072610344,0.156390378794592,0.97424634381184,-0.180895722498087,0.934287704783069,0.99927870700711,0.262277350112256,0.149524090306385,0.926123611056224,"PB-22 N-pentanoic acid-3-carboxyindole metabolite","C14 H15 N O4",261.10119,260.09391,5.92,20.4762257435243,20.1434143227804,20.4877174971614,"MCI-associated decrease"
"Com_5598_neg",0.00171341709909169,0.982735619674657,0.998421930371725,0.743231924560916,0.622727779164978,0.97424634381184,0.489320317945773,0.993633607068879,0.99927870700711,-0.253911606615143,0.616165632187242,0.957584933101451,"Glyphosate","C3 H8 N O5 P",169.01347,168.00623,5.202,21.3953959950261,21.6824998375132,21.5668832451252,"MCI-associated increase"
"Com_3071_pos",-0.00170590211181497,0.982811329010725,0.998421930371725,-0.0747368752655504,0.766851229615129,0.995789824864306,3.39883212131395,0.963935679466049,0.99927870700711,3.4735689965795,0.900267843658807,0.994037609026979,"(4E)-1,7-bis(3,4-dihydroxyphenyl)hept-4-en-3-one","C19 H20 O5",328.12785,329.13514,5.067,19.9094778313203,19.8276199303682,19.9341600857672,"MCI-associated decrease"
"Com_17463_pos",0.00165329720087794,0.983341298619241,0.998421930371725,0.0176035515077949,0.976606351715882,0.998265352641438,-0.325945927610723,0.938518517136105,0.99927870700711,-0.343549479118518,0.922350421507559,1,"2-(3,5-dimethyl-1H-pyrazol-4-yl)-5-methoxybenzoic acid","C13 H14 N2 O3",246.10158,247.10886,5.896,22.0469600823805,22.0614819461055,22.0962820416302,"Monotonic increase"
"Com_23687_pos",0.00163826722632451,0.983492719855147,0.998421930371725,-0.0135092331230976,0.398740057443781,0.97424634381184,-0.0308305322189659,0.925831764498543,0.99927870700711,-0.0173212990958684,0.443757952476775,0.952814429510526,"Vitamin A","C20 H30 O",286.23085,287.23806,6.649,22.5508693476048,22.5278840146388,22.5299779070616,"MCI-associated decrease"
"Com_1606_pos",0.00154808737900389,0.984401259452598,0.998421930371725,-0.111401653073075,0.380782423426346,0.97424634381184,0.0219149873521347,0.955457937402978,0.99927870700711,0.13331664042521,0.369106559504446,0.952814429510526,"Indole","C8 H7 N",117.0587,118.06597,5.216,27.429218984567,27.2622007021875,27.6519451816193,"MCI-associated decrease"
"Com_4931_pos",0.00154808737900389,0.984401259452598,0.998421930371725,-1.64714726813071,0.124879215845359,0.97424634381184,-0.760574152633464,0.866927338106833,0.99927870700711,0.886573115497249,0.181294891670863,0.926123611056224,"3-methyl-4-nitrobenzene-1-carbohydrazide","C8 H9 N3 O3",195.06547,196.07275,5.112,17.9665382114141,17.5244663224174,18.0324472702841,"MCI-associated decrease"
"Com_17272_neg",-0.00149548246806687,0.984931250214177,0.998421930371725,1.69194425173917,0.417198243615752,0.97424634381184,-0.1918889415808,0.942751065743285,0.99927870700711,-1.88383319331997,0.435515929221652,0.952814429510526,"Adenosine 5'-phosphosulfate","C10 H14 N5 O10 P S",427.02257,426.01529,3.992,15.573378690488,15.8762296539981,15.7477078806892,"MCI-associated increase"
"Com_27899_pos",-0.00144287755712984,0.985461247563498,0.998421930371725,0.123666547869167,0.641270993617746,0.977435844972917,0.4101445765882,0.942751065743285,0.99927870700711,0.286478028719033,0.696615093107947,0.975261360435008,"(2R,3S,4S,5R,6S)-2-(hydroxymethyl)-6-phenoxyoxane-3,4,5-triol","C12 H16 O6",273.12259,274.12987,5.601,20.2137293801706,20.3229193264296,20.1536794701573,"MCI-associated increase"
"Com_85_pos",-0.00139027264619282,0.98599125126891,0.998421930371725,0.0676274206608148,0.636613563487546,0.975199016366034,-0.169614364600064,0.968176140030276,0.99927870700711,-0.237241785260879,0.63093955575425,0.962373948192512,"Prolylleucine","C11 H20 N2 O3",228.14812,229.1554,2.472,31.1722663312133,31.2318044448625,31.0163702874017,"MCI-associated increase"
"Com_33745_pos",0.0013827576589161,0.986066966589324,0.998421930371725,0.112991258807738,0.304734777861908,0.97424634381184,0.682801831080461,0.985145783696477,0.99927870700711,0.569810572272722,0.302806524686605,0.947377138639377,"Cytisine","C11 H14 N2 O",190.11121,191.11848,2.106,18.7804110358759,18.8458907212177,18.7848258643211,"MCI-associated increase"
"Com_51995_pos",0.00136772768436266,0.986218397602419,0.998421930371725,-0.336763035649496,0.546663810995189,0.97424634381184,-0.384348198312102,0.997877849006633,0.99927870700711,-0.047585162662606,0.549329305837179,0.955117225188735,"Cytidine 5'-monophosphate (hydrate)","C9 H14 N3 O8 P",345.03963,346.04691,4.765,16.5875627275943,16.560212102926,16.5833384689165,"MCI-associated decrease"
"Com_49504_pos",-0.00126251786248861,0.987278428163243,0.998421930371725,-1.21010526945133,0.520960693859334,0.97424634381184,-1.17137935052986,0.997877849006633,0.99927870700711,0.0387259189214674,0.517306989731243,0.952814429510526,"2,5-bis(4-hydroxy-3-methoxyphenyl)-3,4-dimethyloxolan-3-ol","C20 H24 O6",342.14195,343.14923,7.495,16.3726895187088,16.3435663389738,16.3759363185617,"MCI-associated decrease"
"Com_10241_pos",-0.00118736798972143,0.988035606578328,0.998421930371725,-0.0928526189507127,0.43232108085308,0.97424634381184,-0.277630089745823,0.963935679466049,0.99927870700711,-0.18477747079511,0.419299513170107,0.952814429510526,"Choline Glycerophosphate","C8 H20 N O6 P",257.10241,258.10968,2.862,23.4840430666918,24.047163842668,23.6389989174403,"MCI-associated increase"
"Com_11964_neg",0.00114979305333784,0.988414199831255,0.998421930371725,-0.187242150203123,0.317181249768616,0.97424634381184,0.201603732443907,0.930058747638237,0.99927870700711,0.38884588264703,0.350840560608237,0.952814429510526,"Isobutyryl carnitine","C11 H21 N O4",231.14699,212.12912,6.138,23.7532666682469,23.9174646735803,24.0426939660581,"Monotonic increase"
"Com_285_neg",0.00103706824418707,0.989549994758336,0.998421930371725,-0.240946040680226,0.924721693522897,0.998265352641438,4.62953118346776,0.972417500615844,0.99927870700711,4.87047722414799,0.972229695919683,1,"6-Methoxy-2-naphthoic acid","C12 H10 O3",202.06342,201.05614,5.402,13.0771286251078,13.2783138080322,13.2716562976085,"MCI-associated increase"
"Com_36503_pos",-0.00102955325691036,0.989625715191286,0.998421930371725,-0.480421751770015,0.650628184064169,0.978176760105966,-0.497924115195228,0.989389545272969,0.99927870700711,-0.0175023634252123,0.676134783827214,0.973840329352538,"Haloperidol metabolite II","C21 H25 Cl F N O2",377.14982,378.1571,5.135,19.3393783952905,19.2816200202417,19.3798015822585,"MCI-associated decrease"
"Com_14392_pos",0.000984463333250049,0.990080039709224,0.998421930371725,0.439158451025661,0.272198767366916,0.97424634381184,0.0956092355693199,0.968176140030276,0.99927870700711,-0.343549215456341,0.283626664441751,0.942486120971035,"ERH","C17 H28 N8 O6",440.2187,441.22597,6.008,23.2127329394454,23.5755298520937,22.9135928371066,"MCI-associated increase"
"Com_33725_pos",-0.000976948345973331,0.990155760775944,0.998421930371725,0.12547084583599,0.310916922557213,0.97424634381184,0.431444824062213,0.934287704783069,0.99927870700711,0.305973978226224,0.340160950581424,0.952814429510526,"5-methyl-N'-[3-(trifluoromethyl)benzoyl]-3-isoxazolecarbohydrazide","C13 H10 F3 N3 O3",335.04839,336.05566,5.071,19.7368343106136,20.0582599281481,19.7076372887083,"MCI-associated increase"
"Com_9446_neg",0.000969433358696613,0.990231481930502,0.998421930371725,0.885568601446421,0.5083465798032,0.97424634381184,2.64082483324107,0.997877849006633,0.99927870700711,1.75525623179465,0.439625853937687,0.952814429510526,"Sulfamethoxazole hydroxylamine","C10 H11 N3 O4 S",269.04673,268.03945,6.479,18.1660323667014,17.9567874393522,18.0922805329951,"MCI-associated decrease"
"Com_11705_neg",0.000946888396866459,0.99045864591444,0.998421930371725,-0.169091868224058,0.0465073159238725,0.97424634381184,-0.0464821275182921,0.908945941870371,0.99927870700711,0.122609740705766,0.0496004475551116,0.792126550507007,"4-Hydroxyphenylacetic acid","C8 H8 O3",152.04731,151.04003,1.566,23.9284523992624,23.6830860852634,23.8938130523774,"MCI-associated decrease"
"Com_27927_pos",0.000924343435036305,0.990685810664583,0.998421930371725,0.374765126596261,0.356491880867446,0.97424634381184,0.882272555949023,0.963935679466049,0.99927870700711,0.507507429352763,0.387952630840432,0.952814429510526,"Ochratoxin A","C20 H18 Cl N O6",403.07729,404.08456,4.646,18.3534333169726,18.2617371825314,18.3290531682123,"MCI-associated decrease"
"Com_1879_pos",-0.000916828447759587,0.990761532415079,0.998421930371725,-1.41114804838418,0.495894512685331,0.97424634381184,-2.52355441463672,0.930058747638237,0.99927870700711,-1.11240636625254,0.572785775880501,0.955117225188735,"(S)-Nicotine","C10 H14 N2",162.11637,163.12365,1.972,17.3559934276664,17.338101474471,17.4986281335244,"MCI-associated decrease"
"Com_14208_pos",-0.000909313460482869,0.99083725424801,0.998421930371725,0.171503851862308,0.751968113314537,0.992345641070078,0.0819778049547589,1,1,-0.0895260469075489,0.691473527334145,0.975261360435008,"Methyltestosterone","C20 H30 O2",302.22587,303.23314,6.169,23.9990745715783,24.3359664456219,23.9509012436025,"MCI-associated increase"
"Com_34727_pos",0.000894283485929433,0.990988698158458,0.998421930371725,0.650557416028137,0.289638622395848,0.97424634381184,0.515620953852523,0.942751065743285,0.99927870700711,-0.134936462175614,0.343697435429192,0.952814429510526,"(1E,4E)-1,5-bis(4-methoxyphenyl)penta-1,4-dien-3-one","C19 H18 O3",294.127,295.13427,6.679,19.7992916916886,19.9720384990172,19.7169440854151,"MCI-associated increase"
"Com_406_pos",0.000886768498652715,0.991064420234628,0.998421930371725,-0.0737807112293658,0.219318960206375,0.97424634381184,0.020742895755734,0.930058747638237,0.99927870700711,0.0945236069850998,0.239337735637425,0.926123611056224,"DL-Tryptophan","C11 H12 N2 O2",204.09072,205.0981,5.212,29.1718235461516,28.8194032475908,29.3200310233999,"MCI-associated decrease"
"Com_4568_neg",-0.000623743943967588,0.993714738306295,0.998421930371725,-0.112768897997578,0.961020516526437,0.998265352641438,1.47801709119928,0.98090244239149,0.99927870700711,1.59078598919685,0.922350421507559,1,"Vitamin B2","C17 H20 N4 O6",376.13829,375.13097,6.048,15.6696474602143,15.9406255576674,15.8647355079728,"MCI-associated increase"
"Com_7925_neg",0.000601198982137434,0.99394191203422,0.998421930371725,-0.000951269546609145,0.751968113314537,0.992345641070078,-0.120293994883385,0.997877849006633,0.99927870700711,-0.119342725336776,0.732985348847199,0.975261360435008,"Prostaglandin D2","C20 H32 O5",352.22678,351.21952,6.611,23.2188321343445,23.2989405557991,23.2795094671526,"MCI-associated increase"
"Com_8996_pos",-0.000593683994860716,0.994017636719204,0.998421930371725,-0.302871314528,0.310916922557213,0.97424634381184,-0.0819395927365033,0.972417500615844,0.99927870700711,0.220931721791497,0.312712662482808,0.951927592764166,"6ß-Hydroxytestosterone","C19 H28 O3",304.20511,305.21238,5.861,23.9496988208607,23.7748306392553,23.9837425648547,"MCI-associated decrease"
"Com_28992_pos",0.000541079083923691,0.99454771097092,0.998421930371725,0.0808945895866052,0.878291532510976,0.998265352641438,0.0894018069604643,0.976659641374425,0.99927870700711,0.00850721737385926,0.911300569124363,0.999581352089255,"Acetylvardenafil","C25 H34 N6 O3",932.54977,467.28196,6.662,16.9285570202619,16.7243322125829,16.5640889184864,"Monotonic decrease"
"Com_35448_neg",-0.000533564096646973,0.994623436064027,0.998421930371725,-0.143090400070876,0.981803910122497,0.998265352641438,-0.2096356968696,0.938518517136105,0.99927870700711,-0.0665452967987245,0.791340132646549,0.982684488895692,"gamma-Glutamylcysteine","C8 H14 N2 O5 S",250.06341,249.05601,1.407,17.0734772791755,17.5782328908682,17.3767494930149,"MCI-associated increase"
"Com_47307_neg",0.000511019134816819,0.994850611628499,0.998421930371725,-0.172914554085765,0.914376006626322,0.998265352641438,-0.140605429974089,0.98090244239149,0.99927870700711,0.0323091241116757,0.829117100218728,0.985419326780897,"Thymidine 3,5-cyclic monophosphate","C10 H13 N2 O7 P",304.04709,303.03981,1.406,19.1331715922398,19.142406179667,19.1939898502624,"Monotonic increase"
"Com_29142_pos",0.000503504147540101,0.994926336909453,0.998421930371725,0.201691335033746,0.343060251703388,0.97424634381184,0.0532452642951238,0.963935679466049,0.99927870700711,-0.148446070738622,0.361730316312705,0.952814429510526,"2-(tert-butyl)-6,7-dimethoxy-4H-3,1-benzoxazin-4-one","C14 H17 N O4",263.11654,264.12378,4.988,18.6149045289146,19.037753491966,18.6260403105642,"MCI-associated increase"
"Com_33947_neg",-0.00043586926204964,0.995607866394192,0.998421930371725,-0.0109445702892467,0.909208487373826,0.998265352641438,-0.00177645306329801,0.95969623869513,0.99927870700711,0.00916811722594854,0.802087812429697,0.983085864031817,"Ip7G","C16 H23 N5 O5",365.17027,364.16299,5.604,21.0454810100756,20.9882930553573,21.1236840283231,"MCI-associated decrease"
"Com_337_pos",0.000420839287496204,0.995759317839241,0.998421930371725,1.2928835710336,0.395108310315354,0.97424634381184,3.71958843676398,0.930058747638237,0.99927870700711,2.42670486573038,0.464748100925728,0.952814429510526,"QKK","C17 H34 N6 O5",402.2533,403.26057,6.01,8.09543133940588,8.01181597658632,8.19906891615797,"MCI-associated decrease"
"Com_48879_pos",0.000390779338389332,0.996062221178011,0.998421930371725,-0.464597491697238,0.353103291441162,0.97424634381184,-0.325041679693575,0.98090244239149,0.99927870700711,0.139555812003663,0.322829896841728,0.952814429510526,"ethyl 2-[(4-ethoxyanilino)carbothioyl]-3-(propylamino)-2-butenoate","C18 H26 N2 O3 S",350.1617,351.16898,6.595,18.929295405861,18.756872333466,19.0058772735743,"MCI-associated decrease"
"Com_6694_pos",0.000368234376559178,0.996289399053388,0.998421930371725,0.0561674249704199,0.987002241055627,0.998265352641438,-0.0136453300351656,0.985145783696477,0.99927870700711,-0.0698127550055855,0.96112911025941,1,"N-Acetyl-L-glutamine","C7 H12 N2 O4",188.0804,189.08769,1.706,28.1686834992901,28.1250623202441,28.2483211004797,"MCI-associated decrease"
"Com_7941_pos",-0.000368234376559178,0.996289399053387,0.998421930371725,0.0694128926136317,0.945449564887883,0.998265352641438,-0.45740490540324,0.968176140030276,0.99927870700711,-0.526817798016872,0.861818525982919,0.987763710173379,"Dihydrokawain","C14 H16 O3",232.10691,233.11419,3.105,16.4450274011327,16.5327030638956,16.9036772474509,"Monotonic increase"
"Com_28761_pos",-0.000323144452898871,0.996743755679863,0.998421930371725,-0.408230967405031,0.168135920983324,0.97424634381184,0.483045992188085,0.997877849006633,0.99927870700711,0.891276959593116,0.122189035585661,0.914281594941658,"N-(1,3-benzodioxol-5-yl)-7-chloroquinolin-4-amine","C16 H11 Cl N2 O2",298.04897,299.05625,6.171,19.8693314468651,19.5184895874707,19.7161125869556,"MCI-associated decrease"
"Com_5572_pos",0.000300599491068717,0.99697093439447,0.998421930371725,-0.216147116099686,0.68859794174135,0.98465888858239,-0.0992817694596836,0.951220895178404,0.99927870700711,0.116865346640003,0.769965261969016,0.977878730334537,"Acetylcholine","C7 H15 N O2",145.11094,146.11817,1.64,23.7976407927736,23.6164462579166,23.9147211201036,"MCI-associated decrease"
"Com_6228_pos",-0.000300599491068717,0.99697093439447,0.998421930371725,-1.09327990901834,0.111102017311694,0.97424634381184,2.61929886222522,0.938518517136105,0.99927870700711,3.71257877124356,0.118860319305323,0.914281594941658,"di(3-pyridyl) 5-(tert-butyl)isophthalate","C22 H20 N2 O4",376.14812,377.1554,6.121,16.7882724808334,16.5591011201482,16.6379123219172,"MCI-associated decrease"
"Com_4343_pos",-0.000278054529238563,0.997198113352334,0.998421930371725,0.177726225137221,0.693402310791431,0.98465888858239,-0.138874295712826,0.968176140030276,0.99927870700711,-0.316600520850048,0.732985348847199,0.975261360435008,"WKK","C23 H36 N6 O4",230.13886,231.14613,2.195,24.8238665495988,24.6523843133693,24.8228640257962,"MCI-associated decrease"
"Com_17358_pos",-0.00025550956740841,0.997425292535208,0.998421930371725,-0.230656290640624,0.483607107411269,0.97424634381184,-0.442261593011569,0.985145783696477,0.99927870700711,-0.211605302370944,0.473296316846934,0.952814429510526,"2-morpholino-1-phenyl-1-ethanol","C12 H17 N O2",189.11644,190.12376,5.274,20.9245419310463,20.7155416241613,21.1425526582163,"MCI-associated decrease"
"Com_25556_neg",-0.000247994580131692,0.997501018976349,0.998421930371725,0.439399421103393,0.791846088302126,0.998265352641438,-0.290816769068073,0.993633607068879,0.99927870700711,-0.730216190171467,0.754047050924864,0.975970962603451,"Ofloxacin impurity E","C17 H18 F N3 O4",393.12742,392.12015,5.261,19.5747857261647,19.8520421336594,19.6935156325183,"MCI-associated increase"
"Com_3108_pos",0.000240479592854974,0.997576745439787,0.998421930371725,-0.149937764125522,0.53802676907566,0.97424634381184,-0.267248344193719,0.972417500615844,0.99927870700711,-0.117310580068197,0.435515929221652,0.952814429510526,"Adenosine 3'5'-cyclic monophosphate","C10 H12 N5 O6 P",329.05394,330.06122,3.44,25.4936728274088,25.8037492205141,25.4349574794877,"MCI-associated increase"
"Com_25212_pos",0.000210419643748102,0.997879651503016,0.998421930371725,0.622656090998644,0.24475766123775,0.97424634381184,0.228095128252761,0.930058747638237,0.99927870700711,-0.394560962745883,0.283626664441751,0.942486120971035,"2-(3,4-dihydroxyphenyl)-3,5,7-trihydroxy-6-methyl-4H-chromen-4-one","C16 H12 O7",316.06005,317.06732,6.029,20.0549148179903,19.8945185004325,20.0623164583065,"MCI-associated decrease"
"Com_39673_neg",-0.000202904656471384,0.997955378067813,0.998421930371725,-0.158793163139609,0.737176664934003,0.992345641070078,-0.845419537266322,0.955457937402978,0.99927870700711,-0.686626374126713,0.587084129010093,0.955684897603873,"N1-(2-chloro-6-fluorobenzyl)-3,4-dimethoxybenzene-1-sulfonamide","C15 H15 Cl F N O4 S",359.036,358.02873,1.908,18.3334871478082,18.3629116207321,18.0564474094048,"MCI-associated increase"
"Com_4109_pos",-3.75749363835896e-05,0.999621365912434,0.999621365912434,3.36672730096149,0.62734180456669,0.97424634381184,0.0175970429486646,1,1,-3.34913025801283,0.587084129010093,0.955684897603873,"2-(trifluoromethyl)-1H-benzo[d]imidazole","C8 H5 F3 N2",186.04137,187.04865,6.04,18.0017440595268,17.8594240066672,17.9227770194774,"MCI-associated decrease"
