"Compound_ID","FC","log2FC","Pvalue","ROC","VIP"
"Com_10002_neg",0.376889107237407,-1.40778799572395,0.672556418406112,0.54351087771943,0.729755934435757
"Com_1005_pos",1.33204611380629,0.413644027610433,0.209963507537053,0.558514628657164,1.62963874571247
"Com_10068_neg",3.02478494039034,1.59683257165603,0.787411689540388,0.542760690172543,0.455552569490763
"Com_10088_neg",0.963025570617643,-0.0543539893279785,0.365753911327192,0.45986496624156,1.52678924011774
"Com_10149_pos",0.994448355148693,-0.008031645603654,0.531361859617404,0.546136534133533,1.10914494279444
"Com_1015_pos",0.990618828967869,-0.0135980519481395,0.741188583950666,0.526256564141035,0.649583601052328
"Com_1018_pos",0.818620740405406,-0.288732875820789,0.740994750699944,0.512378094523631,0.548058216793321
"Com_10205_neg",0.927331430200521,-0.108843041635132,0.766856550416308,0.477869467366842,0.332744090037019
"Com_10210_pos",0.996311104214857,-0.0053317919253711,0.872291391954941,0.59264816204051,0.150169068161525
"Com_10212_pos",1.0751541317934,0.104543496311779,0.217281696738244,0.558889722430608,0.856935945103918
"Com_10224_pos",1.18670573982978,0.246962243052502,0.14147858674476,0.573893473368342,1.15051350424983
"Com_10241_pos",0.937666880573865,-0.0928526189507128,0.447409343069994,0.545386346586647,0.530556119668129
"Com_10243_pos",1.09166608524508,0.126531637549454,0.684943629536713,0.528132033008252,0.405885126508754
"Com_10253_neg",1.01373473417399,0.0196801890691248,0.583322187080496,0.550637659414854,0.463801844482102
"Com_10260_pos",0.787359527450681,-0.34490553916824,0.0171476760528421,0.623780945236309,1.65377727457627
"Com_10285_pos",1.18996865253349,0.250923568970064,0.691095570560972,0.529632408102025,0.423612522830889
"Com_10309_neg",1.15665795802527,0.209962299868213,0.452480877232483,0.527381845461365,0.923614900508394
"Com_10319_pos",1.18341350229605,0.242954260893841,0.41704955130695,0.438859714928732,0.818070001077018
"Com_1031_pos",1.0124524408515,0.0178541401363308,0.707982798947121,0.499249812453113,0.685919694897401
"Com_10349_pos",0.992702671891287,-0.0105664194502542,0.733053823036587,0.525506376594149,1.22594114486372
"Com_10363_neg",0.976009666019236,-0.0350326591391975,0.742596999035887,0.54576144036009,1.39267432743883
"Com_10379_neg",0.889274799865302,-0.169298791533564,0.628690553877257,0.5,0.584173922699757
"Com_1037_pos",0.929920296007372,-0.104821027572747,0.4067712911729,0.562640660165041,0.742573664228845
"Com_10427_neg",7.69938468469335,2.94474315388385,0.205572394477322,0.50225056264066,1.86052347030463
"Com_1042_pos",0.852406799368241,-0.230385993817756,0.091340431393157,0.613653413353338,0.658141389766328
"Com_10430_neg",0.942452517424694,-0.0855081604334312,0.398698100362621,0.563390847711928,1.07181181083967
"Com_10431_pos",1.15646239832301,0.209718358378055,0.167720535779655,0.564891222805701,1.0808849646233
"Com_10432_pos",0.991943975534695,-0.0116694546186914,0.418371127926057,0.539384846211553,1.02556804004388
"Com_10476_pos",0.958843593995853,-0.0606325920205805,0.673829993845222,0.5423855963991,1.38509567156772
"Com_10486_pos",0.943884878155884,-0.0833171842849871,0.836578209119665,0.496249062265566,0.498910504501602
"Com_10491_pos",0.823338206963516,-0.280442919063488,0.501331162150257,0.462865716429107,0.648271210110306
"Com_10493_pos",0.914450893892657,-0.129022395705828,0.563063137370843,0.481995498874719,0.636117843056708
"Com_10504_pos",0.874085333847245,-0.194153963092137,0.127690371635595,0.583270817704426,1.28229903618644
"Com_10515_neg",1.04659166408936,0.0656986733096431,0.965196955421029,0.489497374343586,0.383683928370927
"Com_10515_pos",2.65167515127038,1.40690404605495,0.348443971440985,0.538634658664666,1.32361520381909
"Com_10544_pos",1.20709235655681,0.271536063208992,0.0983669536268186,0.600150037509377,1.17654099045487
"Com_10547_pos",1.02419079210794,0.0344844938421642,0.639848189006408,0.552513128282071,1.01498572978287
"Com_10548_pos",0.864453645317553,-0.210139490723098,0.402219386471903,0.466616654163541,0.648925680857471
"Com_1054_pos",0.888689007159845,-0.170249452349485,0.531963963681257,0.554013503375844,0.604922643041791
"Com_10554_neg",0.976291597429054,-0.0346159805688786,0.764493858132896,0.521755438859715,0.741246817278878
"Com_1055_neg",3.08887441015274,1.62708121394606,0.0682854498660708,0.598274568642161,1.70310204136727
"Com_1055_pos",1.39641851530141,0.481731391018225,0.741658109889672,0.539759939984996,0.817210455440099
"Com_10572_pos",0.93868932469474,-0.0912803426370506,0.717058380265341,0.525881470367592,0.862083842073581
"Com_10618_pos",1.03084648714034,0.0438295036747285,0.968693115677851,0.520630157539385,0.350218962329744
"Com_10627_pos",0.798024234439867,-0.325495535939325,0.507565365845696,0.498499624906227,0.878527158909225
"Com_10644_neg",0.867544814626525,-0.204989810199909,0.83629223600239,0.508252063015754,0.476586797584464
"Com_10650_pos",0.532578806854414,-0.908933075002704,0.0215183139591164,0.620030007501875,1.70306066288921
"Com_1066_neg",0.696811725593113,-0.521159193808357,0.638803885822263,0.489122280570143,0.341548412516287
"Com_106_pos",0.785370668263051,-0.348554377124512,0.775668865798374,0.491372843210803,0.609841918821636
"Com_10715_pos",0.577721555040673,-0.791553771630217,0.150601776744421,0.466991747936984,1.04075933163285
"Com_10717_pos",1.86219559255111,0.897004611878357,0.728157409178633,0.561140285071268,0.888377735078647
"Com_10738_pos",0.984864552874671,-0.0220027686255189,0.985023432778072,0.499249812453113,0.275529536238882
"Com_10747_pos",0.349463190377443,-1.51678759309681,0.255812858919999,0.525506376594149,0.883797668029802
"Com_1074_pos",1.24210770334848,0.312790275289392,0.213068656029176,0.575768942235559,1.68234336825721
"Com_10761_pos",0.923836438393288,-0.114290644118744,0.600577840811853,0.466616654163541,1.01583082857183
"Com_10763_neg",0.772873930935791,-0.371694989982718,0.324527013019302,0.464741185296324,0.925233636879371
"Com_107_pos",0.445161296550276,-1.16759992831313,0.0090071489624776,0.631282820705176,1.77356804037529
"Com_10805_neg",0.401181471536396,-1.31767311789995,0.0086654909434771,0.646286571642911,1.80197690120578
"Com_10813_pos",1.14126968412723,0.19063974340585,0.511731249323866,0.538259564891223,1.31026549287862
"Com_10814_pos",1.74653059160928,0.804491912687818,0.816544793674584,0.520255063765941,0.49800995425408
"Com_10818_pos",1.12272501973188,0.167004622977107,0.971404255400814,0.492873218304576,0.957162751855343
"Com_10901_pos",0.94132807805139,-0.0872304664219376,0.431234206330357,0.54463615903976,0.779635844720003
"Com_1090_neg",0.132950933053032,-2.91103419278574,0.358863137599556,0.576144036009002,0.751801522901377
"Com_10916_pos",0.342706560960812,-1.5449542830273,0.276412777938017,0.544261065266317,1.06430855183351
"Com_10943_pos",1.07439165164807,0.10351999973957,0.59602267814379,0.540510127531883,0.638755541244064
"Com_1094_pos",4.73003415476518,2.24185060105567,0.494952627453612,0.480870217554389,1.05835033357331
"Com_10958_pos",1.32209768895731,0.402828780603033,0.524033888908104,0.509752438109527,1.20963096747066
"Com_10959_neg",1.06505142315894,0.090923088803581,0.805259867838043,0.518379594898725,0.941775262051653
"Com_10962_pos",0.875003514453531,-0.192639283342969,0.570927854215485,0.545386346586647,0.615625679981812
"Com_10969_pos",0.74357484412131,-0.427450131616694,0.0574645042919002,0.632408102025506,1.43560262911914
"Com_1097_pos",0.995330355063381,-0.0067526521358946,0.507570808409141,0.542010502625656,0.431674151629987
"Com_10985_pos",1.10648041603577,0.145977916626399,0.400264463368236,0.501875468867217,1.01846680021981
"Com_11050_neg",0.938329347580138,-0.0918337065562358,0.695748852245921,0.525881470367592,0.265591718490958
"Com_11054_pos",1.05314138044418,0.0746991259876004,0.804746908676443,0.495873968492123,0.764390750885136
"Com_11055_pos",0.605274690402673,-0.724338068957306,0.232766417595676,0.571267816954239,1.01720217280563
"Com_11069_pos",1.26696805971057,0.34138015456712,0.485437130253572,0.511627906976744,0.789884226007911
"Com_11102_pos",1.27814484348781,0.354051336395102,0.286964957014255,0.480870217554389,0.964045808071679
"Com_11118_pos",0.716249080611485,-0.481466712882536,0.958170044961911,0.474118529632408,0.0478293195776544
"Com_11125_pos",1.3819266632606,0.466681056133127,0.469364983986579,0.498499624906227,0.479411456504662
"Com_11132_neg",1.04320211120717,0.0610186943758694,0.496425761737987,0.548387096774194,1.05718663450125
"Com_11138_neg",1.1201045188357,0.163633358863724,0.412464256379511,0.569392348087022,0.977191890151318
"Com_11145_neg",0.841141919159447,-0.249578859455712,0.0595282065123385,0.590022505626407,1.3487806135329
"Com_11146_pos",0.92176404344296,-0.117530603366287,0.746124176755747,0.50225056264066,0.938218389271358
"Com_1115_pos",0.448073432808676,-1.15819290620421,0.091083446947635,0.608402100525131,1.25022352450729
"Com_11194_pos",0.87651206089947,-0.190154152128289,0.266438452380995,0.573518379594899,1.24434302311646
"Com_11196_pos",0.544278611846369,-0.877582750335369,0.146497735545641,0.566391597899475,1.20646544703
"Com_111_pos",0.869019107521386,-0.202540196301901,0.321896763931927,0.573518379594899,0.86930373774071
"Com_11223_pos",0.286861413369334,-1.80157417517614,0.138627703923487,0.559639909977494,1.04100451665523
"Com_11234_pos",1.27941176749359,0.355480657741874,0.372745515428585,0.54576144036009,1.15067920955073
"Com_11236_neg",0.974994563534754,-0.0365339203156951,0.682151858217387,0.525131282820705,0.330597285807894
"Com_11252_pos",1.08126296020742,0.112717425248707,0.417104503485449,0.546136534133533,0.805125544149574
"Com_11253_pos",0.368900342696775,-1.43869696563585,0.380714962425267,0.531132783195799,0.497319525846053
"Com_1127_pos",1.02154271105732,0.0307495249154009,0.482997715947852,0.460240060015004,0.856315217952591
"Com_11294_pos",1.03177601274911,0.0451298114886938,0.938124264298086,0.528132033008252,0.786602093796306
"Com_11314_neg",0.935927389142941,-0.0955314875005176,0.922642339219855,0.50675168792198,0.745120753522705
"Com_11325_pos",1.05819170504539,0.0816010139023199,0.616662352495854,0.534133533383346,1.02836494211855
"Com_1133_pos",0.873915065429818,-0.194435021840545,0.212117413858572,0.59489872468117,1.25651536263387
"Com_11347_pos",1.76980725955853,0.823592252500433,0.15510989895326,0.572768192048012,1.36032097384572
"Com_11355_neg",0.975486465621991,-0.0358062385732974,0.615185216499766,0.539384846211553,0.358914329051371
"Com_11356_pos",0.904641225344715,-0.144582352460842,0.609026781947448,0.54351087771943,0.36473967782509
"Com_11392_pos",1.09416900378245,0.129835591958392,0.740727791834897,0.524006001500375,0.913756104710412
"Com_11420_neg",0.943777597128743,-0.0834811689040923,0.247042065546608,0.575768942235559,0.835838231872088
"Com_11443_neg",1.08547612903745,0.118327999653691,0.995195298250609,0.560765191297824,0.0330476060382764
"Com_11445_pos",1.14508192225705,0.195450816318821,0.411950877614265,0.564141035258815,0.743464004922006
"Com_11496_neg",1.06157835451036,0.0862108596951548,0.665692257206118,0.512753188297074,0.706141213071725
"Com_1151_pos",1.26974447507085,0.344538196494402,0.416093766482799,0.54688672168042,0.688576466204528
"Com_1152_pos",1.13544461071454,0.18325733017822,0.288439059607313,0.567516879219805,0.712240236526009
"Com_11537_pos",0.783817951805912,-0.351409479481331,0.719020954998356,0.566766691672918,0.423317869934995
"Com_11544_neg",0.318310011708154,-1.65149556055081,0.504394606244872,0.544261065266317,0.852524461640971
"Com_11572_pos",0.800381513294764,-0.321240249715141,0.0576117681661639,0.5847711927982,1.42110652084178
"Com_11574_pos",1.50525850194817,0.590011266024126,0.188598916872321,0.569392348087022,1.76562711292361
"Com_11577_pos",0.705327830165005,-0.503634129542321,0.199941865226193,0.573518379594899,1.09539549636186
"Com_11583_pos",1.16102350608335,0.215397181304759,0.0337290909017702,0.578769692423106,1.30313606438787
"Com_11601_neg",1.1154511927622,0.157627388973883,0.86481510931635,0.5423855963991,1.42934754468689
"Com_11609_pos",2.57781857582344,1.36615073190356,0.203571592370118,0.484621155288822,1.44324624111071
"Com_11636_neg",0.860459624696401,-0.216820596540383,0.195265594483332,0.554763690922731,0.883147306422831
"Com_11638_neg",0.455327630330789,-1.13502308681134,0.191939520195989,0.565266316579145,0.912589041478631
"Com_11657_neg",0.92024071077811,-0.119916813257644,0.736053342863711,0.520630157539385,0.314443111044195
"Com_11657_pos",0.838129062777821,-0.254755674479995,0.248305575737901,0.571267816954239,0.792143024670344
"Com_11685_pos",0.89679826079481,-0.157144614631105,0.507936952884379,0.469242310577644,0.882966791558736
"Com_11686_pos",0.96815537354261,-0.0466894991936304,0.214128920204346,0.590022505626407,0.929679020528125
"Com_11696_pos",0.289972243553624,-1.78601328431615,0.936975719730445,0.505251312828207,0.160022210515371
"Com_11697_neg",1.07131776049584,0.0993864572102877,0.615154497176171,0.473368342085521,0.44324483090034
"Com_116_pos",1.09678478972992,0.133280468996577,0.864656235637693,0.50225056264066,0.320077816650896
"Com_11705_neg",0.889402356193082,-0.169091868224058,0.149401454576786,0.614778694673668,1.42350454353805
"Com_11765_neg",0.753261343443541,-0.408777601204337,0.169134635901222,0.443360840210053,0.939358432027279
"Com_11801_pos",0.585609843233947,-0.771988291495165,0.210909332704281,0.474868717179295,1.15180819870711
"Com_11802_pos",0.631372380890839,-0.663436942920863,0.256001758571527,0.555513878469617,0.825568063282119
"Com_11812_pos",0.879946686759502,-0.18451197690748,0.491648338313041,0.539384846211553,0.498067415080138
"Com_11815_pos",1.23728123838678,0.307173467257868,0.331146286309951,0.557389347336834,0.763166072283984
"Com_11816_pos",1.47812319472544,0.563766516447977,0.148500328582531,0.617404351087772,1.32792273503027
"Com_11824_pos",0.932032183055974,-0.101548322911642,0.453914234353998,0.531882970742686,0.711179902495567
"Com_11848_neg",1.06159396152242,0.0862320696164901,0.978599853689889,0.513128282070518,1.01888465280742
"Com_11855_pos",1.03019140915519,0.042912414479916,0.855223520275055,0.484621155288822,1.02868671714523
"Com_11896_pos",1.05031323540097,0.0708196476697471,0.784633367382782,0.492873218304576,0.610772606173074
"Com_11911_neg",0.836113309009423,-0.258229627140013,0.0747435567289858,0.590772693173293,1.45305681657932
"Com_11914_neg",2.12239431258067,1.08569271466782,0.384508886816014,0.50112528132033,1.31611575097191
"Com_11941_pos",1.86202413725891,0.896871774549782,0.216081130458451,0.564891222805701,1.10724105547094
"Com_11954_pos",0.609259835449762,-0.714870458926333,0.963833661484808,0.508627156789197,0.611378873269624
"Com_11957_neg",0.350022998639531,-1.51447837587801,0.394539780321652,0.556264066016504,0.73886644211585
"Com_11962_neg",0.971888828290507,-0.0411367975652888,0.274571147461721,0.474868717179295,0.769540471341078
"Com_11964_neg",0.87828303980763,-0.187242150203124,0.352878672170774,0.442235558889722,0.642571692448653
"Com_11_neg",0.748453507486739,-0.418015393301797,0.036147366907359,0.611777944486122,1.6119175305756
"Com_12010_neg",0.447476113068539,-1.16011742363303,0.0229590896256715,0.600525131282821,1.50528098190267
"Com_12040_neg",1.08775503837653,0.121353699318341,0.657010653173109,0.535258814703676,0.695479269603342
"Com_12040_pos",1.42603375331547,0.512008129863526,0.920512102207538,0.481620405101275,0.55443319083924
"Com_12042_neg",1.27036446309466,0.3452424605137,0.602915315042903,0.496999249812453,1.06601175344577
"Com_12048_pos",0.926426721453043,-0.11025122848615,0.457025368519873,0.487996999249812,0.641987413472221
"Com_1204_neg",1.63879779362906,0.712637855581232,0.279254298540919,0.553263315828957,0.778537517150238
"Com_12066_pos",2.11474808592953,1.08048581614618,0.324140000140719,0.489497374343586,1.87585142069813
"Com_12088_neg",1.19424452940194,0.256098268123586,0.461453840234828,0.538634658664666,1.03499222597243
"Com_12102_pos",0.815047424871691,-0.295044087523266,0.85350642058011,0.50675168792198,0.232763112401009
"Com_12109_pos",1.14196604276842,0.19151975170078,0.831117884662681,0.531132783195799,0.839786529873174
"Com_12125_neg",1.30419813514039,0.383163061954082,0.372504851137881,0.531132783195799,0.910991407861874
"Com_12125_pos",0.864826754728132,-0.20951693916386,0.256080367736136,0.580645161290323,1.10994840969401
"Com_1212_pos",0.969367567455275,-0.044884280439755,0.592773242213159,0.479744936234059,0.856243482671109
"Com_12157_pos",0.843368704652371,-0.245764607157574,0.593136897086433,0.530382595648912,0.360318989763631
"Com_1219_pos",0.488311715769676,-1.03412570278123,0.14117235275263,0.447861965491373,1.10640017794758
"Com_12240_pos",0.886879977528016,-0.1731892187052,0.308285984679893,0.4576144036009,1.26830514306917
"Com_1226_pos",0.91717797640826,-0.124726382040242,0.39528207266536,0.54351087771943,0.854431003322327
"Com_12282_pos",0.999717984603942,-0.0004069195948398,0.922297772821074,0.498499624906227,1.00691113836988
"Com_12285_pos",0.990334208061881,-0.014012621263769,0.936451719914969,0.509377344336084,0.841385810998672
"Com_1229_pos",0.828364281401393,-0.271662748180768,0.681843953175465,0.513503375843961,0.355803192588591
"Com_122_neg",0.894924376239456,-0.160162319363991,0.60537843042314,0.579519879969993,0.364330667034423
"Com_12309_pos",1.09479829003971,0.130665086478681,0.934963940226345,0.50450112528132,0.615293895537895
"Com_12314_pos",1.07044573368153,0.0982116600550783,0.149377013789617,0.590772693173293,1.15838198951192
"Com_12358_pos",1.00935423333476,0.0134325778021968,0.163924383721582,0.604276069017254,0.969569000545012
"Com_12365_neg",0.969647392353687,-0.0444678813872189,0.343939074828574,0.566016504126032,0.791248617940021
"Com_12367_neg",0.71985453111325,-0.474222700061822,0.240867921264766,0.554388597149287,0.865711036226685
"Com_12368_pos",0.934242622876995,-0.0981308282864755,0.336827335296705,0.551012753188297,1.36030082964826
"Com_12384_pos",1.14996173180778,0.201585852256823,0.824097967260047,0.528132033008252,0.941015859489972
"Com_12396_pos",1.58954620238665,0.668614951037301,0.0404892594264859,0.621905476369092,1.48512838759108
"Com_1239_neg",0.890627789656981,-0.167105466965937,0.424104332321965,0.537509377344336,0.585109847256918
"Com_12425_neg",0.509549579249341,-0.972705567225983,0.370995274725246,0.532258064516129,0.920492987298811
"Com_1243_neg",0.850991235414093,-0.232783821600964,0.194001138949505,0.561140285071268,0.808151389049202
"Com_12462_pos",1.3207094975666,0.401313167182889,0.152045366981319,0.605026256564141,1.03928046251231
"Com_12477_pos",0.317814024402944,-1.65374530597766,0.0124367219127041,0.582145536384096,1.74500747409308
"Com_12480_pos",0.953936511766014,-0.0680348425016854,0.506167503140456,0.536009002250563,0.548721679330121
"Com_12493_pos",0.958747251067681,-0.0607775587794417,0.849794170736088,0.522880720180045,1.07061182868851
"Com_12521_neg",1.56238083220488,0.643746154994925,0.590104595384361,0.564891222805701,0.664058792125162
"Com_12554_pos",0.946827913721373,-0.0788258556570705,0.134241663741393,0.560390097524381,1.09496574353618
"Com_12568_pos",0.878055491882928,-0.187615975930278,0.0978923073311534,0.611402850712678,1.28323923728266
"Com_12584_pos",1.13279876646446,0.17989159954434,0.936973786757069,0.516879219804951,0.800314861899717
"Com_12606_pos",1.02863763002065,0.0407348369978006,0.299995597578992,0.585146286571643,0.754953574725963
"Com_12616_pos",0.639475939313867,-0.645038017071445,0.713948715171357,0.489872468117029,0.465289959878262
"Com_12631_pos",1.23777447182041,0.30774847285082,0.501773661988555,0.531882970742686,0.549647301682175
"Com_12686_pos",1.03244833494647,0.0460695891203178,0.745224401022491,0.552888222055514,1.00118474653877
"Com_126_pos",2.97036785423791,1.57064160732977,0.0699389493666726,0.622655663915979,1.42157547847388
"Com_12702_pos",1.01745417440031,0.0249638177306091,0.427281004558986,0.481995498874719,0.771818919808549
"Com_12717_pos",1.05261730044603,0.0739810117641306,0.419840335762604,0.551012753188297,0.627637560956494
"Com_12726_pos",1.38114439423095,0.465864156635149,0.21914566800225,0.568642160540135,1.23778719740541
"Com_12727_neg",1.10914063748471,0.149442308815838,0.375889061608502,0.558139534883721,0.950684842727481
"Com_1274_neg",0.933865321491499,-0.0987135899484211,0.242683730871767,0.555513878469617,0.767718913838351
"Com_12770_pos",0.976100685494187,-0.0348981243828713,0.454137472771932,0.54013503375844,0.545954356068373
"Com_12775_pos",0.588744359708864,-0.7642867614087,0.0249937465278965,0.641035258814704,1.70690940076329
"Com_1278_pos",0.492264336397141,-1.02249487200507,0.737542432920286,0.511627906976744,0.53494014140599
"Com_12791_pos",1.00887768798511,0.0127512788709758,0.205151031269972,0.582895723930983,1.31742682006367
"Com_128_pos",0.470170206172465,-1.08874497395065,0.21364628333598,0.576519129782446,0.943973242401094
"Com_12923_pos",0.407668073751629,-1.29453311731948,0.953284264174554,0.487996999249812,0.768783729871982
"Com_12941_pos",1.01496007682555,0.0214229805153174,0.886875395084074,0.50450112528132,0.948709402562522
"Com_1294_pos",1.6095713402859,0.686676522137593,0.431860685761014,0.565266316579145,0.726171961596279
"Com_12993_pos",1.09048143856892,0.124965213616928,0.862165265259379,0.512003000750188,0.766335549595483
"Com_13000_neg",1.48885635630899,0.574204570550475,0.565123532017809,0.518379594898725,1.40364833951518
"Com_13005_pos",0.344981402717377,-1.53540950380984,0.0484977990675112,0.58589647411853,1.10881534285893
"Com_13010_pos",0.961946133909831,-0.0559719852131958,0.635986034615099,0.533758439609902,0.64641717982146
"Com_13025_pos",0.775975626360477,-0.36591675727021,0.781509686324776,0.519879969992498,0.558057108051287
"Com_1302_neg",0.984942206838578,-0.0218890204234279,0.540074580213314,0.474493623405851,0.60627506968902
"Com_1305_neg",0.748875713405761,-0.417201792133462,0.47666424390063,0.561515378844711,0.516045975931926
"Com_13071_pos",1.07397129434863,0.102955432751321,0.74697722998424,0.484246061515379,0.252965993144231
"Com_1310_pos",0.0961600940567496,-3.37841788258649,0.580653691363897,0.525131282820705,0.510592609578799
"Com_13127_neg",0.477356184286128,-1.06686194491954,0.865968486517973,0.507126781695424,0.410372617310005
"Com_13132_pos",0.603174820784957,-0.729351889568035,0.0307100983615428,0.611402850712678,1.49474287253309
"Com_13135_neg",0.951765607409891,-0.0713217720507249,0.721728870646783,0.488747186796699,0.437932504123259
"Com_13157_pos",0.982844765626009,-0.0249645252664065,0.308691433214708,0.568642160540135,0.87250815771925
"Com_13163_pos",1.03752074898737,0.0531401886637609,0.829640709282238,0.523255813953488,0.555083129313886
"Com_13169_pos",0.740849231305586,-0.432748122368516,0.0547416232449851,0.614778694673668,1.41017405670118
"Com_13174_pos",2.11168464440419,1.07839440102016,0.237820246014074,0.570517629407352,0.984010161580066
"Com_13184_pos",0.927768504364009,-0.108163224092062,0.93197569079882,0.503000750187547,0.168987454242925
"Com_131_pos",1.30875020191774,0.388189759739235,0.929493092479994,0.558139534883721,0.451855831975013
"Com_13223_neg",0.96907419364112,-0.0453209703197751,0.904884758701772,0.513128282070518,0.24328354355064
"Com_13237_pos",0.967469809430142,-0.0477114532323846,0.58644802294441,0.548387096774194,0.672699891525357
"Com_13248_pos",0.625392635007545,-0.677165865551906,0.163092615408917,0.598274568642161,1.2790769446467
"Com_1325_pos",0.200647247208637,-2.31726673177066,0.583436976859914,0.545011252813203,0.440784754308993
"Com_13279_pos",0.782149943501406,-0.354482886319836,0.683150955756539,0.511627906976744,0.365649462251742
"Com_1327_pos",0.357219554721745,-1.48511703702648,0.0737357700053783,0.581020255063766,1.07333075061904
"Com_13301_pos",0.409861207928385,-1.28679264499206,0.0820304716227607,0.538259564891223,1.23843882222533
"Com_13304_pos",1.30280390802779,0.381619952512908,0.117785927194185,0.603150787696924,1.20291951910472
"Com_1330_pos",0.910161852249162,-0.1358049752087,0.172714442157976,0.572768192048012,1.53079440123675
"Com_13325_neg",0.959688689708521,-0.0593616043150787,0.539072549527105,0.535258814703676,0.654844049666118
"Com_1332_neg",1.29660762416822,0.374741961231386,0.966612588795153,0.530007501875469,0.64228661820895
"Com_13368_pos",0.521461101935403,-0.939368455062528,0.110704043851852,0.581395348837209,1.08702028236908
"Com_13373_neg",0.703634909222501,-0.507101034316215,0.250229930294636,0.566016504126032,0.843883955798724
"Com_13375_pos",0.872592848858514,-0.196619444412273,0.731829400276056,0.496999249812453,0.308618955427954
"Com_13431_neg",1.01849280582589,0.0264357897922957,0.876515453876528,0.507501875468867,0.581232787980608
"Com_13438_pos",0.653978489557748,-0.612684911027495,0.0025240770039856,0.690922730682671,2.50621923703656
"Com_13444_neg",1.0647980630457,0.0905798519851839,0.617833216262728,0.525506376594149,1.76315182483311
"Com_1348_pos",0.777785661659516,-0.362555455696855,0.496941938792215,0.561890472618155,0.464090018251034
"Com_13491_pos",5.81042581836514,2.53864389573525,0.802042169300063,0.562265566391598,0.907654905296626
"Com_134_neg",2.97285480080496,1.57184900133026,0.31831424974477,0.568267066766692,0.858163016144203
"Com_13527_pos",2.60631716059299,1.3820126549625,0.517034295185156,0.591147786946737,0.984833748588228
"Com_13544_pos",0.797265984244176,-0.326866977783126,0.126590799702061,0.606901725431358,1.46905713262098
"Com_13550_neg",1.18997957137644,0.250936806703909,0.924122262438011,0.511627906976744,0.672231510125816
"Com_13556_pos",1.91139896821438,0.934628944923688,0.919086397329477,0.519129782445611,0.994353058102692
"Com_1356_pos",0.885577702962808,-0.175309196424108,0.154680898065049,0.562640660165041,1.13723371292166
"Com_13570_pos",1.13223244712436,0.179170173618158,0.475908805993823,0.537509377344336,0.928065119402128
"Com_13584_neg",0.765199767528303,-0.38609165950158,0.101647712143166,0.606526631657915,1.09569165385766
"Com_13616_neg",0.849400839485917,-0.235482560346654,0.993795527952314,0.509002250562641,0.347802853822594
"Com_13632_neg",0.85888978847848,-0.219455076232052,0.166319229316009,0.584021005251313,0.989117041495816
"Com_13667_pos",1.15881019348191,0.212644280453712,0.642497713191211,0.488747186796699,0.734265870249523
"Com_13673_pos",1.92725256739093,0.946545649913552,0.105272537523634,0.594523630907727,1.71565148931712
"Com_13681_pos",1.17954016701882,0.238224547676298,0.554902016390773,0.553263315828957,0.789415346312507
"Com_13697_neg",1.16079060210145,0.215107744334217,0.894801934334226,0.498124531132783,1.1479593882241
"Com_13725_pos",1.29614491319465,0.37422702521308,0.396484792933728,0.479744936234059,1.72283246463785
"Com_1374_pos",1.13891969227003,0.187666023035109,0.949569126709103,0.474493623405851,0.746005022167315
"Com_13753_neg",1.16747187595061,0.223387796260167,0.562627342489874,0.528132033008252,0.899414118736937
"Com_13758_neg",0.904830089212706,-0.144281189392325,0.40035703385783,0.552138034508627,1.52618049797441
"Com_13776_pos",0.987979212459366,-0.0174474077305321,0.217784553668666,0.592273068267067,1.00541898279331
"Com_1377_neg",0.936603474448806,-0.0944897049811073,0.822702465941845,0.516879219804951,0.18911840007211
"Com_13807_pos",1.25593077297202,0.328756944928242,0.490468103868377,0.551012753188297,1.14077883957293
"Com_13811_neg",0.575160121638368,-0.79796444398672,0.212708992972662,0.547261815453863,0.971950058698376
"Com_13835_pos",0.885145061184541,-0.176014185565317,0.202564534265213,0.561515378844711,1.03996216041515
"Com_13843_pos",0.941303672368608,-0.087267871461466,0.734261461847997,0.520255063765941,0.832092417056969
"Com_13868_pos",1.39276491578146,0.477951766584125,0.177185990476495,0.593023255813953,0.969461479987981
"Com_13884_pos",1.0156164843902,0.0223557165562988,0.742397603003182,0.540510127531883,0.237389158334126
"Com_13897_pos",0.627800236303259,-0.671622522938542,0.214542686022779,0.553263315828957,0.966815295819413
"Com_1390_pos",0.273709991171827,-1.86927999686347,0.654984405863547,0.486496624156039,0.245914897873373
"Com_13928_pos",0.839820136130956,-0.251847715206925,0.994710250427591,0.501875468867217,0.0606479898305991
"Com_13944_pos",0.857097211351745,-0.22246925183143,0.247853470437988,0.563765941485371,1.0246491658627
"Com_1395_pos",0.773719022258086,-0.370118351244519,0.408209647181568,0.558889722430608,1.05040144205083
"Com_13970_pos",1.11820668031495,0.161186868956991,0.953869276712198,0.512378094523631,0.378223266467048
"Com_13997_neg",1.08651310293969,0.119705572984107,0.703982548295154,0.534883720930233,0.580252453215391
"Com_14010_pos",1.35445045176941,0.437707618129053,0.891947006328884,0.527381845461365,0.989642045782386
"Com_14066_neg",1.36071314534416,0.444362961472335,0.566894798705828,0.522880720180045,0.97861416681863
"Com_14079_neg",0.620444092090856,-0.688626879208907,0.408327108105371,0.476744186046512,0.69204460872196
"Com_14081_pos",1.03121091854026,0.0443394442587631,0.204129788453646,0.58589647411853,1.47688907821624
"Com_140_pos",1.02781628284104,0.0395824128579079,0.540972883920421,0.537884471117779,0.42378833699558
"Com_14107_neg",0.836018645610071,-0.258392975991242,0.450504072603181,0.534883720930233,1.15459541818566
"Com_14123_pos",0.653080094566449,-0.614668158325756,0.558542325878486,0.528507126781695,0.569607302661874
"Com_14124_pos",0.81783780125999,-0.290113347711564,0.849970476943694,0.505251312828207,0.23619245941737
"Com_14131_pos",0.908549165379781,-0.138363508077523,0.541293531574554,0.564891222805701,0.494924349020177
"Com_1414_pos",0.373983273561102,-1.41895434800995,0.615092530969373,0.511627906976744,0.626224270992406
"Com_14195_neg",1.19412370790778,0.255952303554234,0.248505654505755,0.559639909977494,1.5058275120785
"Com_14208_pos",1.12623184661035,0.171503851862303,0.521731144838643,0.518379594898725,1.37506522507259
"Com_14213_pos",1.1227203472612,0.166998618867296,0.715688596104861,0.509752438109527,0.928505740365226
"Com_14225_neg",1.27589726261031,0.351512165552728,0.113835735858172,0.59377344336084,1.62271687044802
"Com_14225_pos",0.395590499529646,-1.33792031602504,0.59928938030452,0.506376594148537,0.601927378575185
"Com_14255_pos",0.817606067091735,-0.290522192972539,0.134578036196207,0.564891222805701,0.970546769978695
"Com_14298_pos",0.845050295761784,-0.242890884514195,0.505058827363573,0.537134283570893,0.725798084970252
"Com_142_neg",0.667518725574939,-0.583119786304137,0.47435029579157,0.564516129032258,0.876697828097215
"Com_14305_pos",0.942114279680377,-0.0860260236605208,0.39286778553828,0.536009002250563,0.98424224665373
"Com_14308_pos",0.954939045224523,-0.0665194475597763,0.477003187157513,0.476369092273068,0.57257241223682
"Com_14336_neg",1.12182419912533,0.165846609171342,0.950761270820019,0.534883720930233,0.919214082467358
"Com_14336_pos",1.10156004008613,0.139548130693712,0.481167727863148,0.522505626406602,0.642087886361191
"Com_14337_pos",1.32009357750533,0.400640201566878,0.959501795923913,0.50225056264066,0.741654792508343
"Com_1433_pos",0.859395776669959,-0.218605407596639,0.519575867534918,0.555513878469617,0.456520015742506
"Com_14340_pos",0.743528446221809,-0.427540156324426,0.111411747517898,0.582520630157539,1.21456579065951
"Com_14367_pos",0.868744355598468,-0.202996395604491,0.477835703325973,0.553638409602401,1.10980934605274
"Com_1438_pos",0.460772256447666,-1.11787424158442,0.39371949665229,0.589647411852963,0.582727163159135
"Com_14392_pos",1.35581322742935,0.439158451025662,0.412522768691053,0.563390847711928,1.32457573783595
"Com_143_pos",2.65596933142549,1.40923848792889,0.41808484702255,0.526256564141035,0.812058818286768
"Com_14458_pos",1.44764938533512,0.533712229984442,0.614894706642732,0.494748687171793,0.583250918633326
"Com_14474_neg",0.897166407448964,-0.156552492200686,0.540422997880493,0.493998499624906,0.693928839300499
"Com_14474_pos",1.01120370534446,0.0160736550915411,0.348679861276429,0.572393098274569,1.254832184164
"Com_14476_pos",1.03563713494196,0.0505186021352182,0.672265394557061,0.533008252063016,0.982090829886078
"Com_1450_pos",0.513521967451713,-0.961502101390104,0.467915037361084,0.55026256564141,0.53159133623267
"Com_14534_neg",0.773890483163652,-0.3697986765484,0.444549294387297,0.474118529632408,0.536123707856522
"Com_14567_pos",1.02495945875897,0.0355668465072092,0.861761023194494,0.503000750187547,0.567195486445179
"Com_14574_pos",0.980039732520538,-0.029087855099964,0.726552512507501,0.521005251312828,0.885526677912992
"Com_14606_neg",0.594858811791915,-0.749380805792082,0.989141385369879,0.512378094523631,0.357861988502644
"Com_14623_pos",1.16886847424575,0.225112601187955,0.86104184971509,0.54013503375844,0.797767337534268
"Com_14626_pos",1.45241162539372,0.538450382917203,0.248207700183772,0.582895723930983,1.13754485700197
"Com_1462_neg",0.742108821772809,-0.430297337797983,0.831727708048103,0.500750187546887,0.170038491010827
"Com_14640_pos",1.58671053443205,0.666038959534357,0.882290168018542,0.532633158289572,1.02882767661052
"Com_14652_neg",0.979523833058933,-0.0298474993647632,0.582715924596935,0.484996249062266,0.467130457683995
"Com_14664_pos",0.843548151580825,-0.245457671823087,0.967642327088652,0.506001500375094,0.650254433099289
"Com_14682_pos",1.01106027752722,0.0158690105913598,0.979748507410821,0.481245311327832,0.218857639096188
"Com_14683_pos",0.930431656967372,-0.104027911046063,0.852756722245375,0.520255063765941,0.247489220325827
"Com_14702_pos",0.934190079528439,-0.0982119701208223,0.406784168351429,0.451612903225806,0.782713406870686
"Com_14705_neg",0.845756453186701,-0.241685814952127,0.570451435065321,0.528507126781695,0.616539608721825
"Com_14728_pos",0.995415083532143,-0.006629846538143,0.968576834669474,0.50562640660165,0.865731714670662
"Com_14733_neg",0.937171204605748,-0.0936154680558221,0.32160730127924,0.54801200300075,0.992176013704492
"Com_14752_pos",1.09178287937988,0.126685978980806,0.544330388112306,0.517254313578395,0.56320819121855
"Com_14771_neg",1.04829173651937,0.0680402705571588,0.353856757960723,0.550637659414854,1.42673702713609
"Com_147_pos",106.155708554914,6.73003814446052,0.154024721756688,0.546136534133533,1.55327200685107
"Com_14819_pos",1.0863925239484,0.119545456768479,0.305418102142093,0.574643660915229,0.747558117967631
"Com_14871_pos",0.899369955483549,-0.153013405008606,0.446119895052973,0.472618154538635,0.565331240905094
"Com_1487_neg",0.951882759508673,-0.0711442027526413,0.48869995517062,0.532633158289572,1.43116242393657
"Com_14908_neg",1.07128638100586,0.0993441992553943,0.797616144586942,0.481620405101275,1.04867539249668
"Com_14911_pos",0.507508951371171,-0.978494826313867,0.342921544974964,0.552513128282071,0.885019103998149
"Com_14922_pos",1.01927536213029,0.0275438551481367,0.42588581395845,0.545011252813203,0.583596912141867
"Com_14932_pos",1.90431794360145,0.92927437011813,0.303280466745327,0.543135783945986,1.22698923366189
"Com_14942_pos",0.64883420969637,-0.624078207424987,0.135277370344211,0.581395348837209,1.13846866708866
"Com_14971_neg",1.04409046189086,0.0622467150374957,0.857932590666629,0.521005251312828,0.123364490290892
"Com_14978_neg",1.39160019249863,0.476744783636983,0.810089814507614,0.495123780945236,0.497806797434352
"Com_149_pos",1.24566097534248,0.316911471455673,0.317159288271374,0.58589647411853,0.632906075039941
"Com_14_pos",1.02130015958876,0.0304069358621513,0.993187627845117,0.50562640660165,0.836767315663534
"Com_15033_neg",1.20240479976279,0.265922673332446,0.0099281480742175,0.659039759939985,1.37957592427463
"Com_15056_neg",1.03858030850574,0.0546127772835497,0.289656902606753,0.555513878469617,0.771543889268343
"Com_15059_pos",0.884799904656856,-0.176576864774833,0.884564348737009,0.513878469617404,0.933392268041151
"Com_15066_neg",1.1426850499197,0.192427818660397,0.773694443543852,0.507501875468867,0.985513711863931
"Com_1508_pos",0.721930614325795,-0.470067910376597,0.059526876580068,0.422730682670668,0.933419868110926
"Com_15101_neg",0.863384356950142,-0.211925141021168,0.131454745989685,0.575393848462115,1.09254047682573
"Com_15111_pos",0.963519780511899,-0.0536138103554741,0.136361671209019,0.616279069767442,1.10115468481751
"Com_15142_pos",0.456414907123383,-1.13158218213509,0.0801594755831299,0.5960240060015,1.66690145244425
"Com_15169_pos",1.0623906456904,0.0873143489779309,0.669449073696468,0.433233308327082,0.390646151866861
"Com_1516_pos",0.735053401796505,-0.444079029008637,0.0903447109681142,0.577269317329332,1.16272936378596
"Com_15220_neg",0.948448402743023,-0.0763588042569756,0.920841645743619,0.50112528132033,0.87698486278692
"Com_15290_pos",0.63390357615526,-0.657664687933097,0.307971596689722,0.45873968492123,0.84749795404669
"Com_15324_pos",0.459275240548294,-1.12256908468146,0.947599358624345,0.537884471117779,0.512884921466859
"Com_15341_pos",0.34159263461377,-1.54965122683981,0.224325054061821,0.469992498124531,0.891194470159741
"Com_1535_pos",0.911567410010661,-0.133578748011736,0.151012850439739,0.555888972243061,1.07956328649914
"Com_15361_pos",0.9610497337438,-0.0573170033586932,0.350679351613323,0.564516129032258,0.789275635417326
"Com_15368_pos",0.895050556056707,-0.159958920988264,0.26487918825959,0.566766691672918,0.831443948568287
"Com_15374_pos",1.00491370271464,0.0070716148258503,0.693616335817192,0.54351087771943,0.533444810225321
"Com_15383_pos",1.4742658249751,0.559996680332842,0.956179999862029,0.488372093023256,1.32298722286805
"Com_15413_pos",0.897647380690641,-0.155779266886992,0.27187327063302,0.560390097524381,1.38734994684664
"Com_15428_neg",1.41602849117955,0.501850293436395,0.36119064105781,0.54351087771943,1.35800986322281
"Com_1542_neg",0.919285779838815,-0.121414670734873,0.369727146272946,0.482370592648162,0.737132657774407
"Com_15440_neg",0.669793187776146,-0.578212391896705,0.0723777890305531,0.640285071267817,0.585054578123252
"Com_15440_pos",1.25700702034684,0.329992707189835,0.087441961709825,0.599399849962491,1.68665086915297
"Com_15446_pos",0.682728956318104,-0.550615153247067,0.11103607267457,0.603525881470368,1.43359522979262
"Com_1545_neg",0.887391166360715,-0.172357903134478,0.239197280060635,0.577269317329332,0.897062553335126
"Com_154_pos",1.15753943047236,0.211061338347746,0.433995053547391,0.541635408852213,0.854717214410103
"Com_15581_pos",1.07846924718515,0.108985038282291,0.432115097998436,0.552138034508627,0.941167629183194
"Com_15599_pos",1.02291990419305,0.0326931848218891,0.588784671139317,0.471867966991748,0.400527987543237
"Com_1561_pos",0.277053636258123,-1.85176279271813,0.867704818051209,0.536759189797449,0.12853709636436
"Com_1562_pos",1.03211740823572,0.0456070934791284,0.605868192456493,0.491747936984246,0.778064605360741
"Com_15655_neg",0.949363620651111,-0.0749673277319954,0.743022606281753,0.482370592648162,0.452463014954482
"Com_156_neg",3.37241965732719,1.75378407360903,0.861487926582799,0.532258064516129,0.520145985293952
"Com_15732_pos",0.893656094425491,-0.162208348849547,0.257912141610244,0.532633158289572,0.980653786121722
"Com_15750_pos",1.22949344939282,0.298064048432435,0.179326377747776,0.584021005251313,1.25559872475438
"Com_15776_pos",0.0921184010424697,-3.44036682019976,0.377528434528647,0.535633908477119,0.65455845545342
"Com_1577_pos",0.907953780595064,-0.139309235921229,0.0408256257050802,0.602400600150037,1.41727043935588
"Com_15790_pos",3.33632946257793,1.7382617619714,0.447035805289597,0.515003750937734,1.30698794991479
"Com_15855_pos",1.44090829554698,0.526978520266597,0.882506226689084,0.519129782445611,0.549998483644106
"Com_15887_pos",1.03383223863091,0.0480020965509868,0.959763354776319,0.511252813203301,0.0935049980766574
"Com_15923_pos",1.20781412313343,0.272398447819355,0.569807736239224,0.475618904726182,1.70025780865223
"Com_15972_neg",0.800492163833957,-0.321040814885648,0.454462448021886,0.515003750937734,0.635671357730386
"Com_15994_pos",1.31102936601708,0.390700001145269,0.139964082302082,0.583645911477869,1.05733290722268
"Com_1599_neg",1.13082792138997,0.177379410454998,0.762043800162383,0.510127531882971,0.769545331991878
"Com_16020_pos",2.58701666257526,1.37128934622879,0.457685933120694,0.506001500375094,1.60159469881167
"Com_16036_pos",0.773433469237731,-0.370650898531641,0.101134041071047,0.59039759939985,1.43805110296397
"Com_16041_neg",1.11348445041438,0.155081411321302,0.373969737921131,0.546511627906977,1.62023104101728
"Com_16041_pos",0.889807000895563,-0.168435645376161,0.360043668863269,0.533383345836459,0.798199317007197
"Com_1606_pos",0.925688270688509,-0.111401653073075,0.518812343420438,0.550637659414854,0.500718748112146
"Com_16091_neg",1.48554220644406,0.57098959484854,0.755407986915069,0.476369092273068,0.98527169104888
"Com_1609_neg",0.593682822108601,-0.752235724777689,0.183670708430235,0.570517629407352,1.01870500112476
"Com_160_pos",0.850150854124851,-0.23420923341639,0.422363803160146,0.54801200300075,0.509746801885806
"Com_16104_pos",0.223807828786788,-2.15966759228918,0.876749337919931,0.496999249812453,1.19716717879856
"Com_16107_neg",1.52973125754342,0.613278223202866,0.899289675898859,0.530382595648912,0.90997991433837
"Com_1614_pos",4.41883994994155,2.14366767773279,0.545930990475837,0.508252063015754,0.844400209039846
"Com_16165_pos",1.43155315079335,0.517581235801793,0.341405971909351,0.55026256564141,1.03831300467975
"Com_16178_pos",0.781799058319667,-0.355130247991503,0.250494716053389,0.574643660915229,0.819153847796101
"Com_16184_pos",1.0803356223316,0.111479576697587,0.302603636883756,0.528882220555139,1.17726918545619
"Com_1621_neg",0.91943826033742,-0.121175393002198,0.445375978921652,0.563015753938485,0.587465508369078
"Com_16266_pos",0.81805189866737,-0.289735721677643,0.428761890726604,0.445986496624156,0.64607569379426
"Com_16276_pos",0.894930252744589,-0.160152845963552,0.240047872930114,0.563390847711928,1.04280325467716
"Com_16285_pos",1.09681017355401,0.13331385812971,0.300970530939757,0.572018004501125,0.739807426048918
"Com_1629_pos",1.16785891252552,0.223865994685104,0.297236592576961,0.554013503375844,0.949862019268214
"Com_16331_neg",1.00034510349007,0.0004977932035712,0.906486216915898,0.514628657164291,0.25079658108775
"Com_16340_pos",1.22330123275677,0.2907797051673,0.425129168064234,0.548387096774194,1.11891942360951
"Com_16341_neg",1.04481675865392,0.0632499427253497,0.455903599259487,0.551012753188297,0.527450725367713
"Com_16356_neg",0.599688746883682,-0.73771419389862,0.112742567491475,0.589647411852963,1.08614879178216
"Com_16363_pos",0.575675853476487,-0.796671394705712,0.133362282086289,0.59152288072018,1.23526779131638
"Com_16374_neg",1.53454414985522,0.617810153696807,0.843455738406034,0.489122280570143,0.594390052646386
"Com_163_pos",1.0710446940369,0.0990186841218025,0.730868458529991,0.501500375093773,1.30124704947552
"Com_1641_pos",0.780080026252277,-0.358305961226487,0.117027920499616,0.584396099024756,1.11138399081481
"Com_16446_pos",1.0502543682716,0.0707387863677947,0.510444922789301,0.451237809452363,0.838037810568847
"Com_16460_neg",1.14412461828544,0.194244199311127,0.352454367968411,0.564891222805701,0.815128729391649
"Com_1646_neg",2.46535153901758,1.30179337781492,0.821112123668247,0.531507876969242,0.607288806743846
"Com_1649_neg",0.678377473905768,-0.559839830092382,0.788667723945141,0.518379594898725,0.535298962765524
"Com_16506_neg",1.1819754434516,0.241200062606296,0.40063304808018,0.546136534133533,0.673808284514756
"Com_16508_neg",1.7553265278672,0.811739427291414,0.21299410614001,0.516129032258065,1.59273161272121
"Com_1651_pos",1.08686444148559,0.120172012313582,0.33576761492916,0.584021005251313,1.50779446264922
"Com_1654_neg",1.96445107179277,0.974126235314548,0.194038608573772,0.585521380345086,0.957658205419175
"Com_16553_pos",0.475318775790005,-1.07303270354772,0.0055155624049031,0.637659414853713,1.93638086817023
"Com_16576_neg",0.595629509213635,-0.747512863899579,0.841759609567359,0.494748687171793,0.635542326476658
"Com_1657_pos",0.970123753179739,-0.0437592994322634,0.618962220616362,0.474868717179295,0.675023595266739
"Com_1659_pos",1.91039675896429,0.933872294149342,0.987288578566217,0.493623405851463,0.0293040802358491
"Com_16614_pos",2.15382679548956,1.10690223719161,0.632027311687623,0.504126031507877,1.12134388801903
"Com_16626_neg",2.56446604698738,1.35865847045066,0.528444834434576,0.522130532633158,0.510309075520148
"Com_16628_pos",0.929677016881589,-0.105198504554337,0.208617660353494,0.591897974493623,1.00224052501693
"Com_16629_neg",0.250633992116138,-1.99634600212823,0.307794406567013,0.594148537134284,0.622271414396969
"Com_16686_pos",0.949232113592835,-0.0751671855297331,0.350368913905108,0.556264066016504,0.658343251436508
"Com_16691_neg",1.69646262599975,0.762529647037543,0.0983257697442408,0.605776444111028,2.11612657794909
"Com_16693_neg",0.526201937544659,-0.926311534181119,0.0501044207053363,0.556264066016504,1.61412256745691
"Com_166_pos",0.293637018468836,-1.76789423639687,0.604149587644463,0.538259564891223,0.673144089551287
"Com_1671_neg",2.52071363416618,1.33383223004304,0.847399854330002,0.45423855963991,0.739390660590054
"Com_16723_neg",1.05020376539894,0.0706692734246086,0.778804374911827,0.508252063015754,0.919628989202306
"Com_1674_pos",0.3253765739722,-1.61981770936779,0.40313424429878,0.533008252063016,0.528742328713698
"Com_16760_pos",0.792112968057215,-0.336221898378317,0.745710003402298,0.542760690172543,0.424749858482862
"Com_16767_pos",0.663576292167018,-0.591665751366432,0.813711026509843,0.465116279069767,0.308933083831654
"Com_16771_pos",0.981909140867823,-0.0263385612679024,0.479176256390097,0.454988747186797,0.553947905192986
"Com_16777_neg",0.675521680592896,-0.565926021884272,0.210001681497205,0.569392348087022,0.85405403005829
"Com_1678_pos",1.07013463490105,0.0977923152105002,0.483537934610604,0.537134283570893,0.692742211598561
"Com_16796_pos",0.754116452335268,-0.407140770021997,0.0961740193238256,0.624906226556639,1.33972697512364
"Com_16810_pos",0.283835306965371,-1.81687403397509,0.973407482075566,0.509002250562641,0.401802726502597
"Com_16839_pos",0.695261777470477,-0.524371816402293,0.940844808669993,0.552138034508627,1.21622790831967
"Com_1683_neg",1.19007523280163,0.251052779045014,0.428768448744597,0.552513128282071,1.29682033299811
"Com_16842_pos",0.931382092804753,-0.102554950403731,0.166308931760865,0.55026256564141,1.26233886496841
"Com_16849_neg",1.63198068175453,0.706623979795994,0.569832602844623,0.516504126031508,1.40475080167418
"Com_16871_pos",1.25520455690284,0.327922494997676,0.453217269813474,0.534508627156789,1.03690177963368
"Com_16875_pos",1.49813631069331,0.583168896035976,0.206320160014161,0.567141785446362,1.06746732354109
"Com_16885_pos",2.22254903029024,1.15221524581606,0.458302086809411,0.573143285821455,0.835978631927653
"Com_16891_pos",0.977221528152373,-0.0332424484162945,0.574671872355752,0.530382595648912,0.830179876787802
"Com_1689_pos",1.06624678559026,0.0925413922633952,0.36358688596823,0.54126031507877,0.805824559223365
"Com_16929_neg",0.494282370267177,-1.01659264457334,0.187181754746993,0.564516129032258,1.03347553678591
"Com_16961_neg",0.865940737786459,-0.207659799989752,0.591694955484241,0.530757689422356,0.490702423913517
"Com_16979_pos",0.717116989442864,-0.479719597548696,0.174498637213433,0.574643660915229,1.20813955815506
"Com_1698_pos",0.781860215213132,-0.355017396363969,0.567397988024481,0.463990997749437,0.430926157801046
"Com_17005_pos",0.79149822693363,-0.337341976359302,0.684735461310904,0.531882970742686,0.35619095365702
"Com_17032_pos",0.959465948603796,-0.0596964887295148,0.370845994476702,0.45311327831958,0.729639640719477
"Com_17065_pos",0.271996609627474,-1.87833942614746,0.0905715336425847,0.575393848462115,1.27818020737368
"Com_17096_neg",0.407240407009313,-1.29604737998702,0.0862721816660088,0.58589647411853,1.02324006864259
"Com_17110_pos",0.466983600467588,-1.09855620863447,0.131748978792149,0.58927231807952,1.45102893734194
"Com_17116_neg",1.1221471323974,0.166261849978411,0.614561236430144,0.5423855963991,1.00603467967218
"Com_1711_pos",4.22459956002705,2.07881459816587,0.712808089316237,0.561140285071268,0.677732956692629
"Com_17120_neg",0.852334022194484,-0.230509174146877,0.491614551602516,0.524006001500375,0.870998095541121
"Com_17125_pos",0.950596183101271,-0.0730954860431613,0.985150740676112,0.488747186796699,0.883062660031325
"Com_17140_neg",2.97500891975434,1.57289399395539,0.807876344616494,0.538634658664666,0.282050420535091
"Com_1715_neg",0.650595381219786,-0.620167514615546,0.102209530231059,0.601650412603151,1.13954995666079
"Com_17161_neg",0.982025723430222,-0.026167279533582,0.271880711095636,0.551762940735184,0.953256383803712
"Com_17181_neg",0.664642227374856,-0.589350138768388,0.139953098950068,0.546136534133533,0.976414231228937
"Com_17182_pos",1.02500704795181,0.0356338297406403,0.863498112418798,0.519129782445611,0.574906404426499
"Com_1720_pos",0.973070686566984,-0.039383484685158,0.808712455063843,0.503750937734434,0.386027362646805
"Com_17234_pos",0.981312155878228,-0.0272159634353991,0.947854246746559,0.511627906976744,0.0453702210102321
"Com_17237_neg",0.756044797336089,-0.403456375017893,0.113200158635047,0.587396849212303,1.08513383629752
"Com_17258_pos",0.923225367418973,-0.11524522949717,0.456341459126903,0.54913728432108,0.833337388648844
"Com_17272_neg",3.23091825969115,1.69194425173917,0.607913546600103,0.54688672168042,0.401698438717846
"Com_1727_pos",0.96680676503666,-0.0487005267790113,0.591988128625982,0.54013503375844,0.562710031173567
"Com_17311_pos",0.243374556803613,-2.03874974315417,0.112949098825809,0.471867966991748,1.03394927804339
"Com_1732_pos",1.85241468625952,0.889407100131888,0.751577944985879,0.499249812453113,1.44983098333593
"Com_17343_neg",0.830196749211213,-0.268474812073816,0.602619630344208,0.527756939234809,0.861792226437185
"Com_17358_pos",0.852247111242296,-0.230656290640624,0.597241315091433,0.540510127531883,0.534675963226052
"Com_17383_neg",0.962810125899174,-0.0546767801338399,0.925678164223637,0.525131282820705,1.29444315989809
"Com_17384_neg",0.934287176875426,-0.0980620278503157,0.31332147842408,0.570892723180795,0.684775480823927
"Com_17417_pos",1.17501453825173,0.232678607117014,0.319494120065681,0.559264816204051,0.762878517710877
"Com_17427_pos",1.13449621605879,0.182051797126317,0.325721736323098,0.528882220555139,0.708526929457688
"Com_17439_neg",0.820989223449861,-0.284564810006672,0.0950956918203816,0.593023255813954,1.22646467667358
"Com_17446_neg",1.17284334670633,0.230010329630255,0.555416553219652,0.537509377344336,0.714221225845871
"Com_1745_neg",0.89160512466346,-0.165523186112361,0.0993212456225954,0.63053263315829,1.02323873426215
"Com_17461_neg",1.38957862405901,0.474647466298783,0.263187282931115,0.44973743435859,1.05423762500504
"Com_17463_pos",1.01227659839781,0.0176035515077917,0.909457567201635,0.498124531132783,0.649963682532171
"Com_17464_pos",0.752981398181087,-0.409313870207138,0.399506888165191,0.442985746436609,0.837258103008437
"Com_17479_pos",3.6609555307609,1.87222024948503,0.0360878969236967,0.572393098274569,2.13196873665761
"Com_17484_neg",2.49401846446259,1.31847214619806,0.431669650652948,0.521005251312828,1.46784380713532
"Com_17501_pos",1.98489821188147,0.989065026018577,0.336105049555188,0.580645161290323,1.02169456767415
"Com_17516_pos",1.05189480648451,0.072990436805807,0.511404102993222,0.539759939984996,0.630913565381539
"Com_1751_neg",1.48317810596645,0.568691852793207,0.698265761612002,0.558889722430608,0.275090691820913
"Com_17522_pos",1.16239647103127,0.217102228150998,0.427606391227556,0.45986496624156,0.600217399236238
"Com_17554_pos",1.35208834849124,0.435189423636245,0.71311879864671,0.528507126781695,0.337771330564545
"Com_17583_pos",0.9098773139816,-0.1362560665462,0.33555222465366,0.559639909977494,1.21675462585901
"Com_17587_pos",0.817091549778245,-0.29143036289152,0.423804587040423,0.551762940735184,1.10051041762238
"Com_17588_pos",1.92237823001746,0.942892215865224,0.393439338638247,0.501500375093773,1.75536766383619
"Com_17589_neg",1.05779556806065,0.0810608359179457,0.928162839717676,0.500750187546887,0.363727116552343
"Com_17590_neg",0.866906321870983,-0.206051991029671,0.159935267972851,0.575768942235559,1.02146857052857
"Com_17590_pos",0.590573685417715,-0.759811020100468,0.0357411021028588,0.605776444111028,1.62023437180157
"Com_17651_pos",2.18205452370488,1.12568715120133,0.366857190929541,0.467366841710428,1.19136573485954
"Com_17680_pos",0.523559069859085,-0.933575778389957,0.635266962998727,0.499624906226557,0.353647052625543
"Com_17717_pos",1.17376225279899,0.231140218121925,0.803745746236732,0.521755438859715,0.625266375256997
"Com_1773_pos",39.7438006689155,5.31265793788286,0.47325296491369,0.487621905476369,1.30440831191717
"Com_17763_neg",0.738781408790414,-0.436780533092387,0.533131739315402,0.490622655663916,0.574917496521943
"Com_17780_neg",1.00436125049061,0.0062782738221724,0.69930289322698,0.533008252063016,1.29640083265426
"Com_17788_neg",0.873389924339178,-0.195302206990797,0.969604770300884,0.563390847711928,0.119676435788244
"Com_17818_pos",1.00107309311059,0.0015473160503655,0.114040752769713,0.601275318829707,1.39179356772848
"Com_1781_neg",1.22679199609936,0.294890659241674,0.183325822427322,0.575018754688672,1.16423228358153
"Com_17869_pos",0.715246923454088,-0.483486707899304,0.0933944371802861,0.601275318829707,1.24437410751562
"Com_17892_pos",0.816895011639535,-0.291777421559106,0.0301254627424702,0.617029257314329,1.47640180145146
"Com_1796_pos",6.46184669130069,2.69194652275989,0.877344459064831,0.535633908477119,0.295265699124815
"Com_17979_pos",1.08383745820749,0.116148413683647,0.578711957174231,0.545386346586647,0.763735931246057
"Com_17989_pos",0.982982790597392,-0.0247619358363926,0.854826158770552,0.515753938484621,0.754594408178405
"Com_17990_neg",0.794466023193956,-0.331942573510857,0.293999455137917,0.563390847711928,0.73099318037428
"Com_17998_neg",1.16677818337256,0.222530315830666,0.487234223606973,0.54351087771943,0.541117117851609
"Com_18001_pos",1.3015650113882,0.38024737418147,0.933360194928467,0.518004501125281,0.885568880054588
"Com_18044_pos",0.595427763629776,-0.748001601700479,0.160632813316334,0.450487621905476,1.03907198569888
"Com_1806_pos",1.68556268043346,0.753230277318636,0.0131173347577767,0.644036009002251,1.98906300323528
"Com_18077_neg",0.988307373210979,-0.0169682910915281,0.79871580114772,0.575018754688672,0.405671629352437
"Com_18083_pos",1.03541242417591,0.0502055346785177,0.244095872950781,0.596399099774944,1.21283991077506
"Com_18092_pos",1.12602131383319,0.171234135651202,0.285371604441759,0.590022505626407,1.513393357854
"Com_180_pos",0.0265908892146338,-5.23292416722027,0.682338866858472,0.514628657164291,0.760732815860555
"Com_18104_neg",1.04230435989568,0.0597766158083981,0.59549174398085,0.543135783945986,0.456337396864605
"Com_18117_neg",0.861176423584608,-0.21561927148435,0.130078395166711,0.585146286571643,1.26956449720914
"Com_18121_pos",0.904542216823779,-0.144740256959605,0.133017257749887,0.601275318829707,1.04371583318561
"Com_1813_pos",0.984503580560869,-0.0225316417843874,0.713303360291859,0.529632408102025,0.933341061577209
"Com_18149_pos",1.0056783368343,0.0081689372900911,0.889673330776,0.495873968492123,0.899218477806429
"Com_1817_neg",1.00901017942723,0.0129407291866927,0.181948711996584,0.574268567141785,0.938065397854519
"Com_18181_pos",0.930042284869145,-0.104631784275074,0.956309473520457,0.517254313578395,0.140186337134462
"Com_18207_pos",1.06494220865803,0.0907751416767534,0.885507000258257,0.506376594148537,1.36860393279279
"Com_18223_pos",1.25600962238992,0.328847516873682,0.955046419447259,0.525131282820705,1.78794530308558
"Com_18249_pos",0.469193740381103,-1.09174432871058,0.157552505410132,0.554388597149287,1.10108844993766
"Com_1830_pos",1.07684379685105,0.106808992823567,0.322317746516018,0.572018004501125,0.74558336126098
"Com_1834_pos",1.23431786727584,0.30371397186894,0.36868988321969,0.560390097524381,0.720109433083867
"Com_18357_pos",0.564191301988246,-0.825743670500836,0.105251527683553,0.425356339084771,1.23396033401632
"Com_1836_neg",1.08563998258545,0.118545759266191,0.941799731338808,0.498499624906227,0.255322548813606
"Com_18377_pos",3.76841386553998,1.91395741743841,0.278593785434683,0.470367591897975,1.07403522640687
"Com_1838_pos",0.997929626309006,-0.0029900141492511,0.964554479707617,0.50112528132033,0.331595219091483
"Com_18405_pos",1.20386538857989,0.267674084717756,0.261143046156734,0.558889722430608,1.16694756286572
"Com_18438_pos",1.09013180632762,0.124502579808607,0.46319264819694,0.535258814703676,0.553982699574669
"Com_18463_neg",0.623239511682577,-0.682141395663734,0.457312181575262,0.5960240060015,0.347003142431304
"Com_18478_neg",0.862885797361426,-0.212758463041397,0.645972844622213,0.503000750187547,0.320215587316242
"Com_1849_pos",1.05722958046204,0.0802886961428883,0.194277030974521,0.59714928732183,0.851440452701087
"Com_18514_pos",0.895299747297428,-0.159557315817624,0.113735357439262,0.581770442610653,1.29029970364548
"Com_18536_pos",3.86231170392238,1.94946460021723,0.212580785225737,0.561140285071268,1.10836950896201
"Com_18570_pos",0.916476543951996,-0.125830137588841,0.239169528353936,0.559264816204051,0.989929489821546
"Com_1858_pos",0.408092980560041,-1.29303019928354,0.0189823030547395,0.660165041260315,1.72434754358803
"Com_18593_neg",1.2013632532924,0.264672441206417,0.801582564272186,0.506376594148537,0.734630355676937
"Com_18618_pos",1.00472268038984,0.0067973493280369,0.802424440812221,0.530007501875469,1.24195624522145
"Com_18622_neg",0.654393394637587,-0.61176990891163,0.0053646372043206,0.666166541635409,1.88896023967378
"Com_18641_neg",2.45225879496822,1.29411123943469,0.575700451358881,0.479369842460615,1.22132197869553
"Com_18674_pos",0.908610658444026,-0.138265865880391,0.381539392838429,0.542010502625656,0.938244324598479
"Com_1867_neg",0.996980563733305,-0.0043627155185552,0.708237753689846,0.523255813953488,0.276109208404385
"Com_18681_pos",1.18101608965795,0.240028619528986,0.639980728018714,0.58927231807952,1.50428214485273
"Com_18686_pos",0.812990080422055,-0.298690345309341,0.192234595920778,0.599399849962491,0.99230940585172
"Com_186_neg",1.94374165070042,0.95883647819168,0.727633614566455,0.492123030757689,0.612460254388977
"Com_18702_pos",0.731825408124918,-0.450428589651083,0.244342610895244,0.556264066016504,0.746616954588783
"Com_18708_pos",1.03386132538177,0.0480426860386694,0.721728516037537,0.534508627156789,0.833269197392965
"Com_18713_neg",0.928957966638132,-0.106314775668716,0.872602415862146,0.525506376594149,0.77637160724699
"Com_18737_pos",0.986838849418047,-0.0191135827763732,0.400423709718656,0.54126031507877,0.688952128282811
"Com_18766_pos",0.902687266995022,-0.147701837525638,0.175232761416136,0.58814703675919,1.03187875132531
"Com_18786_pos",0.601763745166566,-0.732730904540452,0.436085331471294,0.519129782445611,0.968355028286506
"Com_18793_pos",0.989065538653321,-0.0158619731371575,0.40321903226711,0.489122280570143,0.64972035245795
"Com_1879_pos",0.376012349735592,-1.41114804838418,0.678117613558662,0.460615153788447,0.573331673523551
"Com_18801_pos",0.876029582659694,-0.190948505841942,0.546148989992635,0.531132783195799,0.988330863823974
"Com_18807_pos",0.289867402346731,-1.78653499369557,0.266792427281721,0.54463615903976,0.749991487804912
"Com_18817_neg",0.933388322916241,-0.0994506761992002,0.666735485595343,0.513503375843961,0.646483971079813
"Com_18825_neg",0.810158585583712,-0.30372375696263,0.199260395239272,0.475243810952738,0.703777656154682
"Com_18868_pos",2.30408247260181,1.20419235770217,0.124151015752252,0.560390097524381,1.68594378247026
"Com_1888_pos",1.05990540787192,0.0839355160304665,0.962774020205067,0.521005251312828,0.969019474687378
"Com_1890_pos",1.05698219382027,0.0799510729329203,0.23396219509065,0.546511627906977,0.672292717303231
"Com_18931_pos",1.4134077583999,0.499177733299019,0.0113539010190623,0.622280570142536,1.80390489814915
"Com_19003_pos",0.973777097489848,-0.0383365249913209,0.708878222880345,0.544261065266317,0.320550243728812
"Com_1901_neg",1.43731135850051,0.523372620394757,0.327152929305738,0.568642160540135,1.06974408767336
"Com_19025_pos",0.876547885549105,-0.190095187750622,0.105579286486167,0.587396849212303,1.72882377027401
"Com_19051_pos",0.645086816576496,-0.632434761613702,0.149205869091332,0.601650412603151,1.24271483790804
"Com_1906_pos",0.966166811081498,-0.049655799466283,0.320304515923872,0.535633908477119,0.6997183829247
"Com_19144_pos",0.992035412112313,-0.0115364743085126,0.713713027735393,0.510502625656414,1.04602803924723
"Com_19150_pos",0.462342218077016,-1.11296698879326,0.111523222087102,0.560765191297824,1.17852912666307
"Com_19151_pos",0.850086295233304,-0.234318793183108,0.749520792149503,0.511627906976744,0.376394980829266
"Com_19203_pos",1.0049538891,0.0071293068838885,0.828395314920094,0.491747936984246,1.09125953330694
"Com_19222_neg",0.912756962586063,-0.131697326187407,0.634857623179474,0.527381845461365,0.636188109293284
"Com_19234_pos",0.913046728559347,-0.131239397508423,0.543087839164282,0.542010502625656,0.431335349431768
"Com_19293_pos",1.02033213492669,0.0290388496618764,0.979524389242269,0.499249812453113,0.685139672136572
"Com_19310_pos",1.32193824130272,0.402654778171217,0.33416478637435,0.54688672168042,0.742534703831058
"Com_19311_pos",1.23758220699555,0.307524360089783,0.904124163947837,0.50562640660165,0.863997288920692
"Com_19356_neg",0.987403327312542,-0.0182885882636738,0.58817063094246,0.554388597149287,1.45000859378856
"Com_1936_pos",1.04658620995979,0.0656911549369519,0.272766399191066,0.575393848462115,0.741232575773695
"Com_19377_pos",1.02817006617382,0.0400789156338461,0.665167714284628,0.534133533383346,0.314468111039996
"Com_1937_neg",0.700682685327647,-0.513166848863609,0.0963811365340384,0.587771942985746,1.15894194692916
"Com_19381_pos",0.754786037377134,-0.405860359804175,0.996780177162342,0.518004501125281,0.515905733361212
"Com_19391_pos",0.922623140717342,-0.116186617160277,0.861004673132842,0.537509377344336,0.164504543094223
"Com_19396_pos",0.882663411310409,-0.180064699378506,0.730451602018282,0.490247561890473,0.834478480095506
"Com_19410_neg",0.570271901563039,-0.810278144898179,0.0090170776735725,0.63953488372093,1.8718346119083
"Com_19419_pos",0.89538576289726,-0.159418716070537,0.60181372315286,0.478619654913728,0.447126674812678
"Com_19439_pos",0.961699774271882,-0.0563415145827909,0.184775682492756,0.597899474868717,0.909168807204956
"Com_19445_pos",0.618086048656168,-0.694120393767852,0.0181291144952451,0.639159789947487,1.76941647077673
"Com_1944_pos",1.14932022754587,0.200780822636496,0.84796522708326,0.498499624906227,0.446931526787799
"Com_19478_neg",0.788633865985586,-0.342572430040931,0.0709069026083478,0.593023255813954,1.11485115068574
"Com_19498_pos",0.938837437512324,-0.0910527223099639,0.704987450311199,0.492123030757689,0.965661616771817
"Com_1949_pos",1.20489628906242,0.268908972434882,0.118123485855467,0.552138034508627,1.05517076979592
"Com_19502_pos",0.706323009723049,-0.501599999273751,0.627946739782748,0.520255063765941,0.702052708274111
"Com_19548_neg",1.83286674516681,0.874101901494123,0.919886056840271,0.54351087771943,1.12337429991976
"Com_19549_pos",0.935948469144868,-0.0954989938774939,0.41190156059275,0.463990997749437,0.852861930232058
"Com_1956_pos",0.380672651769994,-1.39337716715435,0.643543645314771,0.532258064516129,0.690876120901069
"Com_19592_neg",1.03516635277961,0.0498626296040826,0.207734575262293,0.554388597149287,0.871366964474844
"Com_19592_pos",1.41823506539395,0.504096671909039,0.0345384794869879,0.626406601650413,1.61575821125802
"Com_1959_pos",0.83047473379547,-0.267991818310147,0.0582892882398117,0.619279819954989,1.30356883781117
"Com_195_neg",1.34523016869479,0.427853038822743,0.193261997164034,0.589647411852963,0.952671926519437
"Com_1963_pos",0.887934235308638,-0.171475267307006,0.0585478108841891,0.599024756189047,1.50567105921971
"Com_19674_pos",0.679927089450999,-0.556548044593592,0.873390359245784,0.484996249062266,0.656905799640629
"Com_19699_neg",0.869581381294713,-0.201607043898114,0.457502607846562,0.472243060765191,1.33780132251999
"Com_19701_pos",1.04844087507369,0.0682455055517366,0.90488725043818,0.511252813203301,0.0908583645483888
"Com_19703_pos",0.987050845883617,-0.0188036908391815,0.816190275964389,0.564141035258815,0.627314857677014
"Com_19708_pos",1.0023037816939,0.0033198318078276,0.907228221998235,0.522505626406602,0.56862272751681
"Com_19824_neg",1.6595945229962,0.730830801139229,0.96700408346098,0.486121530382596,1.25593844423782
"Com_19849_neg",0.98301525928675,-0.0247142832793334,0.998627436237011,0.533758439609902,1.01267705872725
"Com_19850_pos",0.865207514121279,-0.208881900070097,0.427765343855855,0.532633158289572,0.993302335753319
"Com_1987_pos",1.0386319206191,0.0546844700446124,0.431550403575611,0.542010502625656,0.60406357772071
"Com_19906_pos",1.8252168670357,0.868067891066005,0.848115325665931,0.556639159789947,0.399141614961002
"Com_19937_neg",1.39550508560898,0.480787381995873,0.704118534927076,0.491372843210803,0.695639797501029
"Com_19944_pos",0.745632729880131,-0.423462905765094,0.266058810520879,0.551012753188297,1.04637131386648
"Com_19951_pos",0.449976798067116,-1.15207748050389,0.420962938046206,0.495873968492123,0.75818032636097
"Com_19_neg",0.847269130530912,-0.239107788128829,0.774039830544596,0.498124531132783,0.58599530083409
"Com_20003_pos",1.14760602236275,0.198627444158633,0.113506099943125,0.607276819204801,1.15830462216651
"Com_2001_neg",0.86274954442795,-0.212986288036726,0.539507647494363,0.522505626406602,1.27606628619948
"Com_20030_pos",0.879559053970498,-0.185147650777117,0.92437526060606,0.50112528132033,0.968589226121692
"Com_20039_pos",1.87666101643095,0.908168077936399,0.0851168701086123,0.576519129782446,1.88152115606454
"Com_20059_pos",0.797256803091956,-0.326883591660184,0.96610180292098,0.504876219054764,0.737606571423492
"Com_2005_pos",0.759025548811028,-0.397779647293229,0.852714196172531,0.496249062265566,0.639867920072298
"Com_20075_pos",1.07272317541634,0.101277825413794,0.98040779971245,0.491372843210803,1.14772177999445
"Com_200_pos",2.20295793751997,1.13944194900581,0.392983058884768,0.49662415603901,0.619813000170552
"Com_20125_pos",0.775826547731001,-0.366193951108059,0.639253111998801,0.488747186796699,0.338057161900586
"Com_2016_pos",0.844063326914564,-0.244576851881137,0.104492999064768,0.593398349587397,1.288234176841
"Com_20170_neg",1.04148609517656,0.0586435781651815,0.950375003191559,0.49774943735934,0.0490553116046144
"Com_20186_pos",1.3689111427323,0.453028802987368,0.54822625317549,0.513503375843961,1.46846100199828
"Com_20220_pos",1.36258230679204,0.446343378523899,0.643732778217889,0.483870967741935,0.50194168186023
"Com_20228_pos",0.974613749728253,-0.0370975188532995,0.875186667660501,0.529257314328582,0.754179537132195
"Com_20246_pos",0.670202574059353,-0.577330867348959,0.191500618781864,0.575768942235559,0.872109202576665
"Com_20267_neg",0.795381784938868,-0.330280571566551,0.604314088931043,0.529257314328582,0.661014900605026
"Com_20277_pos",1.09149799284934,0.12630947736584,0.980893970398556,0.49887471867967,0.678493924219925
"Com_20318_pos",0.93473952540406,-0.0973636954070606,0.261837073591677,0.566391597899475,1.06410906903448
"Com_20349_pos",1.23183059211917,0.300803862595597,0.162040293034181,0.578019504876219,0.94517196634042
"Com_2034_pos",1.0134363948183,0.0192555453812707,0.737899757974151,0.525881470367592,0.976955143982075
"Com_20376_pos",1.47178416025601,0.557566113133934,0.249800192069111,0.562640660165041,1.47576647764462
"Com_20396_pos",1.02437643980625,0.0347459770976463,0.487606785591163,0.463615903975994,0.871708645364515
"Com_20404_pos",1.18855094997218,0.249203749049543,0.0942930113651105,0.575393848462115,1.13810968195725
"Com_2042_pos",0.927130172472212,-0.109156182146959,0.532466493907253,0.538259564891223,0.598806235170209
"Com_2043_pos",1.30644711477248,0.385648725270469,0.216971607453023,0.556639159789947,1.27335427820056
"Com_20460_neg",1.03253320231309,0.0461881739374852,0.317228135095287,0.550637659414854,1.35165805392405
"Com_20476_neg",0.971311497578656,-0.0419940557371399,0.594913267477043,0.560390097524381,0.910670195716791
"Com_2048_pos",1.02052702259151,0.0293143840782373,0.916734898212387,0.506376594148537,0.572056292972168
"Com_20530_neg",0.997534138123327,-0.0035618800601736,0.65918407195798,0.522880720180045,0.415809077885588
"Com_20532_pos",2.11921129601716,1.08352743882796,0.423590001007696,0.54913728432108,1.22132544224023
"Com_2058_neg",1.02484269949483,0.0354024911221233,0.0890007854560413,0.638784696174044,1.6988338645716
"Com_2059_pos",1.2014041978597,0.264721609946548,0.638033377089994,0.525881470367592,1.15799170265333
"Com_20600_pos",1.57002225149242,0.650785006180774,0.785947199835789,0.539759939984996,1.27903200852051
"Com_2064_pos",0.943942661774947,-0.0832288667465154,0.884413615534963,0.532258064516129,0.469763274850136
"Com_20664_pos",1.078427224348,0.108928822196291,0.302423178791191,0.554763690922731,0.69672635052287
"Com_20675_pos",0.912126854279726,-0.132693613355391,0.497936728134997,0.534133533383346,0.619151366166008
"Com_20707_pos",1.46181341661878,0.54775917989699,0.18944953468471,0.573518379594899,1.09709380301668
"Com_2070_neg",0.273691903742078,-1.86937533685207,0.0132687946829362,0.594523630907727,1.34727766479705
"Com_20729_pos",0.836163748911525,-0.258142596828495,0.0988600201868086,0.591897974493623,1.11847912483104
"Com_20789_pos",0.63136255912995,-0.663459385961407,0.673013057877404,0.503000750187547,0.318014786016778
"Com_20824_pos",0.817802122674613,-0.290176287381162,0.226986493381503,0.582145536384096,0.907249508238336
"Com_20843_pos",0.5991063142102,-0.739116056190299,0.636939952580401,0.521380345086272,0.858847038363145
"Com_2085_pos",0.968835456574965,-0.0456764304240398,0.512616519026636,0.53900975243811,0.732088097219506
"Com_2089_neg",3.12853159633886,1.64548567448673,0.67289113144322,0.506001500375094,0.958151650038827
"Com_208_neg",0.908254521407233,-0.138831452308197,0.243522256864804,0.564516129032258,1.30239625400186
"Com_20971_pos",1.21461404915306,0.28049796170901,0.069952051153416,0.64178544636159,1.35540010809592
"Com_2097_neg",1.14774072764823,0.1987967768728,0.342382378737638,0.559639909977494,0.823000899158785
"Com_20_neg",0.96462865417063,-0.0519544290796186,0.566338138023631,0.536384096024006,0.706688361045336
"Com_21008_pos",0.786730033697503,-0.346059434838232,0.0912640780179062,0.59377344336084,1.22885283285304
"Com_21013_neg",1.11259857778155,0.153933166529423,0.694230467461352,0.517629407351838,0.631005230531252
"Com_2104_neg",0.920636021460002,-0.119297203308586,0.231513113654475,0.563015753938485,0.85444709316706
"Com_21059_pos",0.578341222805896,-0.79000715718222,0.92167876735853,0.495873968492123,0.379812979471393
"Com_21079_pos",0.937419442904181,-0.0932333769953795,0.4580105363865,0.544261065266317,0.811543020890373
"Com_21083_pos",0.819996563912024,-0.286310230568189,0.378793791894717,0.548387096774194,0.677812331718194
"Com_21120_neg",1.10192112898397,0.140020965382939,0.732118758040779,0.487621905476369,0.397929139236142
"Com_2116_pos",1.13341671404906,0.180678382571455,0.252865327953214,0.585521380345086,0.964646944304437
"Com_21173_pos",0.973228187097368,-0.0391499899863807,0.611476020880557,0.509752438109527,0.343070176403219
"Com_2117_pos",1.42797443922874,0.513970155327811,0.229144353406362,0.569017254313578,0.969282353026338
"Com_2121_pos",0.541458907267901,-0.885076242797764,0.295692757184897,0.558139534883721,0.917301049174426
"Com_21225_pos",0.724128955535197,-0.465681454285393,0.0841065593006872,0.59489872468117,1.48398426322646
"Com_21232_pos",0.844126305778598,-0.244469210780747,0.430646240153757,0.536759189797449,0.524112277588447
"Com_21243_pos",0.918202599953069,-0.123115577742236,0.997861930295815,0.516504126031508,1.08559474050892
"Com_21264_pos",0.938915424251562,-0.0909328864313351,0.389664785921972,0.548762190547637,1.48715810043609
"Com_21272_neg",0.524761272924602,-0.9302668410541,0.878843437791142,0.549512378094524,0.17933035804716
"Com_212_pos",7.27136923823533,2.86222705702129,0.858243904934103,0.529632408102025,0.438929376568017
"Com_21327_neg",0.597849910717448,-0.742144751336051,0.529330608528168,0.515378844711178,0.674974938568689
"Com_2133_pos",0.788279522632716,-0.343220797174156,0.172637145491773,0.575018754688672,0.955459193758758
"Com_2146_pos",1.07527613372272,0.104707195252796,0.514768420672066,0.554763690922731,1.53501135073996
"Com_21473_pos",0.537238466256372,-0.896365489506707,0.0572948185782453,0.585521380345086,1.24881320941064
"Com_2150_neg",0.565491212000544,-0.822423490657675,0.318404861284137,0.543135783945986,1.13245422711533
"Com_21530_pos",1.26677914241979,0.341165018630257,0.731426167258968,0.496999249812453,1.2111117417054
"Com_21562_pos",0.712361027233638,-0.489319505110898,0.125296257214584,0.578769692423106,1.29938191557236
"Com_2158_pos",0.869416738426929,-0.201880223548955,0.386914943335106,0.539384846211553,0.699945930745673
"Com_21619_pos",1.06642484175323,0.092782292682025,0.922761425751551,0.520255063765941,0.830667398179979
"Com_2162_pos",0.980338313033572,-0.0286483882024766,0.643503538252955,0.538634658664666,0.604474452269003
"Com_21637_pos",1.26964468866085,0.344424813826644,0.634646125782717,0.530382595648912,0.717043608768644
"Com_21673_neg",0.944532931729599,-0.0823269969346701,0.313681061710896,0.512378094523631,1.06075412164863
"Com_21710_pos",1.02228605592827,0.0317989474732972,0.659793497193647,0.537884471117779,0.381302136953283
"Com_2171_neg",1.03028821634115,0.0430479783025148,0.381152901139575,0.541635408852213,0.689543246395318
"Com_21720_neg",0.957330818231271,-0.0629105418074472,0.952761123419897,0.522880720180045,0.438424948733063
"Com_21723_pos",0.935632365821491,-0.0959863259690185,0.881646162101625,0.535258814703676,0.843990622697993
"Com_21727_pos",0.800797846619451,-0.320490000178511,0.144838558842857,0.573143285821455,0.932605971966587
"Com_21756_neg",1.05702449659998,0.0800088116437656,0.951698927489144,0.509377344336084,0.540568828223911
"Com_21775_pos",1.11337700166452,0.154942187771002,0.984178426258194,0.483870967741935,0.577234008020463
"Com_21789_neg",0.999622287396053,-0.0005450270388676,0.73354647770361,0.492498124531133,0.759466567978595
"Com_2179_pos",0.935423810916451,-0.0963079423183736,0.5423299641066,0.528882220555139,0.70049082015577
"Com_21817_neg",0.920330904664488,-0.119775419930041,0.408355712098282,0.536009002250563,0.614712107138328
"Com_21825_neg",1.37138697166438,0.455635721610953,0.106079179014461,0.58814703675919,1.97741279247173
"Com_21833_pos",1.08516949123237,0.11792039295866,0.452472559797497,0.551762940735184,0.389808835669729
"Com_21846_neg",0.92536478206833,-0.111905901648957,0.254260313513988,0.579144786196549,0.798421099101762
"Com_21874_pos",0.92858914463775,-0.106887679230283,0.799192306602299,0.519504876219055,1.0202933823837
"Com_21940_pos",0.860003268821541,-0.217585951463715,0.875271074491171,0.504126031507877,0.54324120664564
"Com_21961_pos",0.933521526809925,-0.0992448038083086,0.829208397970391,0.509002250562641,0.736255035091237
"Com_21970_pos",1.54545395098183,0.628030667667569,0.372046173483723,0.537134283570893,1.49220188300408
"Com_2200_pos",1.57613383973173,0.656390048575223,0.954985446806141,0.528132033008252,0.413454110764216
"Com_22018_pos",0.683245363793566,-0.549524329607923,0.382552634082523,0.542010502625656,0.777913899214305
"Com_22025_pos",0.735753576995331,-0.442705443789132,0.172378067147066,0.543135783945986,1.02122932360962
"Com_22158_pos",1.0541277359865,0.0760496989564599,0.915300289341238,0.509002250562641,0.948902663809142
"Com_2215_neg",1.06465981013856,0.0903925209406855,0.558988403971307,0.542760690172543,0.990498077977294
"Com_22174_pos",1.22593819962873,0.293886253631954,0.0136617325698431,0.618904726181545,1.27060999835416
"Com_2217_pos",0.524341701689962,-0.931420804747721,0.571766598329923,0.557389347336834,0.649644049496101
"Com_22180_pos",0.906369959189856,-0.141828049755014,0.21175466409638,0.585521380345086,0.867037832279623
"Com_221_neg",0.759052380617556,-0.397728648443342,0.0151436787074718,0.632033008252063,1.50915913103653
"Com_2220_neg",1.11758934232012,0.160390167936585,0.454848126828073,0.552513128282071,1.03513284024104
"Com_2221_pos",1.14363782445026,0.19363024127997,0.140333953013247,0.601650412603151,1.79184867253436
"Com_22247_neg",0.565345685346782,-0.822794809604467,0.124387277276401,0.578019504876219,1.13172418615583
"Com_22273_pos",0.522286385337497,-0.937086998035472,0.0781697451887538,0.581395348837209,1.37891117477674
"Com_2227_pos",0.933018313050811,-0.100022696673884,0.481377437511318,0.477119279819955,0.808637233284907
"Com_2228_pos",0.0742012737777164,-3.75241223666151,0.06378420825993,0.554388597149287,1.12432389486796
"Com_22363_pos",1.34131697595471,0.423650210844067,0.482492959299959,0.513503375843961,0.788477251310011
"Com_22365_neg",1.00190113294834,0.0027401512052995,0.404155400238335,0.472243060765191,0.893076476502862
"Com_2238_neg",1.35650293314077,0.439892167135495,0.79875975095421,0.525881470367592,0.33882028178405
"Com_2238_pos",1.03717429932521,0.0526583624651896,0.530261930199938,0.510502625656414,1.15598721940087
"Com_22447_pos",1.19295688686627,0.254541905373338,0.514782799917329,0.471867966991748,1.03200947211331
"Com_22451_pos",0.910205794778761,-0.135735323707639,0.983980812329967,0.489122280570143,0.7252246817684
"Com_2246_neg",0.791574988305562,-0.337202067162887,0.480427324422037,0.533758439609902,0.490490744350465
"Com_22505_pos",0.954194517765428,-0.0676446974095699,0.495878128174063,0.473368342085521,0.864291697150464
"Com_22506_pos",0.72068770677775,-0.472553858285748,0.693532206882001,0.502625656414104,0.390939289153971
"Com_22535_neg",1.36426578566895,0.448124736966597,0.351623261552994,0.448987246811703,1.09763191873377
"Com_22544_neg",1.17467613204232,0.232263048618468,0.657544076870788,0.531132783195799,1.00843709554708
"Com_22598_pos",0.95989084691767,-0.0590577344325,0.578258039224079,0.536009002250563,0.387916751711039
"Com_22636_pos",1.02210533663686,0.0315438859159677,0.985446613255152,0.484996249062266,0.541608070792098
"Com_22664_pos",0.616929257346638,-0.69682302840817,0.0612882732485137,0.609902475618905,1.27970906472395
"Com_22669_pos",3.83143077884367,1.93788324125713,0.106169974577932,0.573518379594899,1.54731691719134
"Com_2267_neg",0.732448992362236,-0.449199800920169,0.0512123578716643,0.624906226556639,1.39248530405557
"Com_22684_pos",1.04764460667217,0.067149393261132,0.736155491513146,0.459114778694674,0.696920375374521
"Com_22709_pos",0.666672807721436,-0.584949211278472,0.0790615522424279,0.58814703675919,1.48345603097348
"Com_22712_pos",1.21770667562748,0.284166654934245,0.837746958676516,0.509002250562641,1.57220370750621
"Com_227_neg",1.03186421794015,0.0452531403421239,0.666067199752979,0.533383345836459,0.526520477012847
"Com_22813_pos",0.380907066079414,-1.39248904378534,0.0805124508576731,0.581020255063766,1.33242185077406
"Com_2284_pos",1.18612589059659,0.2462571398171,0.459939608590296,0.560765191297824,1.09225678645697
"Com_22880_neg",1.03977936137437,0.0562774244996488,0.555953536621026,0.543885971492873,0.959753762084548
"Com_22910_pos",1.05705068694418,0.0800445574677483,0.288555880767675,0.568267066766692,1.0059546932917
"Com_22912_pos",0.893186059705305,-0.162967360241719,0.639634476902521,0.567516879219805,0.246967272432554
"Com_22917_neg",1.05860860496587,0.0821692861694352,0.769072132899487,0.512753188297074,0.849682030749154
"Com_22924_neg",1.10435139881755,0.143199303154742,0.945106238270412,0.471492873218305,0.728551471152835
"Com_22944_pos",0.984097150416091,-0.0231273489315435,0.907921840554526,0.494748687171793,0.93453809494606
"Com_22951_neg",1.28899737400138,0.366249324584711,0.101455106404991,0.58927231807952,1.49602630070603
"Com_22964_pos",1.76066893328797,0.816123658058296,0.274895881893748,0.549512378094524,0.828578022323446
"Com_2298_pos",1.46505631607766,0.550956122234141,0.940923340691935,0.531882970742686,0.388822344339996
"Com_23004_neg",0.897572682814796,-0.155899325989828,0.443438543830737,0.547261815453863,0.566408788608794
"Com_23037_pos",0.106115345504903,-3.23629479317778,0.248296133505604,0.586646661665416,0.835777919883474
"Com_2305_pos",0.534924871680304,-0.902591810598258,0.569968212695126,0.483870967741935,0.420286627908859
"Com_23071_pos",0.968074340978801,-0.0468102547807897,0.422664804985112,0.536009002250563,0.610028123495786
"Com_23119_neg",0.934777805795703,-0.0973046139208687,0.408704351542927,0.558139534883721,1.22914045397176
"Com_23129_pos",1.59049237641072,0.669473456730738,0.514733430660514,0.493998499624906,1.31386496901061
"Com_23156_pos",1.25234292768505,0.324629667963308,0.319557254685337,0.575768942235559,1.25858736588222
"Com_23184_pos",0.980471121651171,-0.0284529563253128,0.764533570337143,0.554388597149287,0.327076791942354
"Com_23218_neg",0.984049596408033,-0.0231970652082629,0.609397714698745,0.492123030757689,0.425731716770161
"Com_23249_pos",1.0859735821418,0.118989007952046,0.188169634210472,0.567516879219805,1.02798846413001
"Com_23260_pos",1.08125720953422,0.112709752286556,0.95636856456342,0.513878469617404,0.947529183525812
"Com_23272_pos",0.663677653911994,-0.591445395514368,0.559263480601603,0.487246811702926,0.723025103118746
"Com_23274_neg",1.04496577504845,0.0634556916109842,0.764761131455094,0.477119279819955,1.17296601479648
"Com_2329_neg",0.352126204796095,-1.50583550011285,0.513444820107307,0.553638409602401,0.512938294218304
"Com_2330_neg",0.986143704080939,-0.0201301987320114,0.715323822232001,0.49774943735934,1.16467773275551
"Com_23336_pos",1.01882657938754,0.0269085025834028,0.724704286273815,0.524381095273818,0.396535677803449
"Com_23345_pos",0.966784272601869,-0.0487340909851957,0.311654346732907,0.59039759939985,0.981108104013952
"Com_2334_pos",0.77562315121013,-0.366572228475189,0.0444648985682052,0.605401350337584,1.1402138908465
"Com_2338_pos",7.12559757407565,2.83301100798995,0.407224117864479,0.524381095273818,1.09921968760394
"Com_23418_pos",0.584581326122225,-0.774524350487072,0.576241532403975,0.513878469617404,0.405842075847212
"Com_2341_neg",0.610446942072555,-0.712062188266465,0.734730644554474,0.518754688672168,0.830415255645162
"Com_2343_pos",1.03601840857347,0.0510496378909775,0.901687897016792,0.505251312828207,0.691385123802257
"Com_23471_pos",1.22886140451269,0.297322212458002,0.0947302673520338,0.579144786196549,1.21175678984547
"Com_23500_pos",1.95557815744826,0.96759519657187,0.386838910976348,0.518754688672168,1.03663939516471
"Com_23516_pos",0.893962322573448,-0.161714066814233,0.509226796230777,0.530382595648912,0.497531661971978
"Com_23517_pos",0.964851281855972,-0.0516215063546545,0.794241964019735,0.509752438109527,1.13680555261833
"Com_23526_pos",0.741622871376991,-0.431242358052614,0.423815190643824,0.521005251312828,0.467964992739951
"Com_23560_pos",0.98425648493489,-0.0228937820394084,0.924320720105381,0.503750937734434,0.800827183859836
"Com_23580_neg",0.820792634359667,-0.284910310361085,0.303772321386627,0.571642910727682,1.37931953613437
"Com_2358_neg",1.01675987202665,0.0239789984270434,0.910068181004719,0.49549887471868,0.642056115617244
"Com_23631_neg",0.96554462474238,-0.0505851568851484,0.129586040631796,0.532633158289572,1.36928786098389
"Com_23663_pos",0.594486585926904,-0.750283837708807,0.115184826872733,0.557389347336834,1.09442726973762
"Com_23675_pos",0.859369924006832,-0.218648807937797,0.565955719394211,0.543135783945986,0.444703198663428
"Com_23687_pos",0.990679817816108,-0.0135092331230981,0.446975265540526,0.548762190547637,1.21144592415714
"Com_23709_pos",0.512090885867043,-0.965528212487588,0.0540547248272715,0.575018754688672,1.35406639244693
"Com_23716_pos",0.951365872881792,-0.0719278205931544,0.252416467581894,0.591147786946737,1.26177621104946
"Com_2371_neg",0.615287163843568,-0.70066819962196,0.959258108552501,0.512003000750188,0.698145677094954
"Com_23791_pos",1.45091177060277,0.536959792330959,0.720495482972303,0.554388597149287,0.935905609235677
"Com_23798_pos",1.23216063818937,0.301190354094213,0.50086916260991,0.538634658664666,0.68359118218988
"Com_23850_pos",1.13688620776738,0.185087860470026,0.0350279653626249,0.629407351837959,1.64069389850842
"Com_23851_neg",1.66999893785557,0.739847185123885,0.608729715488466,0.492873218304576,1.34103066971073
"Com_23854_pos",1.5533399312714,0.635373582136283,0.152959525320337,0.552138034508627,1.65772401915274
"Com_2385_neg",1.19490227142049,0.256892627994644,0.792124602950521,0.482370592648162,0.796002185048654
"Com_23867_pos",1.48800578556675,0.573380135849326,0.406814338272007,0.452363090772693,1.28899290018786
"Com_23892_neg",1.08543891855861,0.118278542745318,0.569191154481719,0.54801200300075,1.23428594017368
"Com_23920_neg",1.0381076242159,0.0539560206453569,0.476956304263044,0.537134283570893,0.559025746986855
"Com_23948_pos",1.07997358564904,0.110996026908039,0.451498650266835,0.484996249062266,1.00800512118067
"Com_23972_neg",1.17261025466341,0.229723578500066,0.307384901772401,0.561140285071268,1.56621229443809
"Com_2397_neg",0.717265624267355,-0.479420605183737,0.0274441260430845,0.617779444861215,1.70506452111664
"Com_23988_pos",1.41020019500932,0.495899985209467,0.909279909437086,0.526256564141035,1.14788020324302
"Com_2398_pos",1.44796059185311,0.534022338117417,0.0666106881668334,0.618529632408102,1.5098927584453
"Com_24017_pos",1.26910090960692,0.343806786280303,0.0122387552698794,0.643660915228807,1.65460705988836
"Com_24056_neg",0.997127923681394,-0.0041494919471573,0.542436568466285,0.542010502625656,0.78408118840863
"Com_2406_neg",2.11543713004984,1.08095581000855,0.548215964414436,0.526256564141035,0.809695975001421
"Com_24107_pos",1.29701289863043,0.375192827081998,0.616486651821824,0.509377344336084,0.651649734588039
"Com_24133_pos",1.22313854469889,0.29058782694751,0.545629286044049,0.552888222055514,0.793265320856719
"Com_2414_pos",2.13175773320948,1.09204349018095,0.381638464504703,0.538259564891223,0.67314374053494
"Com_24159_neg",0.856958848511537,-0.222702167648502,0.555303156538948,0.533383345836459,0.850582832897783
"Com_24175_neg",0.859278517767023,-0.218802267279216,0.530900746763189,0.548762190547637,0.454557761251152
"Com_2420_neg",0.961708183933493,-0.0563288988742513,0.788207320908229,0.524006001500375,0.401421302404501
"Com_24219_neg",1.50758357019516,0.59223797755778,0.487379605240875,0.476744186046512,0.77620405081812
"Com_24237_pos",1.37253987604888,0.456848064088233,0.575629412855235,0.560015003750938,0.952557841275119
"Com_24251_pos",0.90393557341384,-0.145708144402468,0.902631353730611,0.535258814703676,0.085623995007861
"Com_24259_neg",1.16842964396408,0.22457086603345,0.505570063441016,0.533008252063016,0.475426342663889
"Com_2426_neg",0.872364602244024,-0.196996863655928,0.305996262880952,0.573143285821455,0.927290612135084
"Com_24273_pos",1.09827248606921,0.135236037521675,0.853338223366114,0.492873218304576,0.542813822287869
"Com_2427_pos",0.879902020598711,-0.184585210076232,0.214810704078088,0.565266316579145,0.863220969030407
"Com_24299_pos",1.67984480654887,0.748327954929973,0.367969355219506,0.554388597149287,0.873441784560525
"Com_24345_pos",1.10350385886207,0.142091674612033,0.354935014376906,0.539759939984996,1.01537444269538
"Com_24386_pos",1.34408760732881,0.426627175720596,0.241674970943542,0.55026256564141,0.966783443855808
"Com_24387_pos",0.730365549262951,-0.453309378688551,0.123672038418481,0.578019504876219,1.07762566785991
"Com_24403_pos",1.12581300654991,0.170967220911777,0.704249538549424,0.506376594148537,0.958536670269597
"Com_24406_neg",0.691027150664619,-0.533185699238099,0.0805073971074488,0.579894973743436,1.25668425438599
"Com_2451_neg",1.06519402075552,0.0911162354161682,0.627266609667111,0.504876219054764,1.5851606577021
"Com_2453_neg",1.33669568528253,0.418671056077818,0.461080053966356,0.528132033008252,0.598327010839784
"Com_24566_pos",0.991273758630025,-0.0126445554609638,0.695571060643642,0.530007501875469,0.290422921648544
"Com_24571_neg",0.938734262755996,-0.0912112778627854,0.123504385656992,0.594523630907727,1.61749323400618
"Com_24591_pos",0.944964789256814,-0.0816675214382854,0.885385562430181,0.522130532633158,0.113533819891944
"Com_24601_pos",0.880515222495224,-0.183580149060825,0.345029197487181,0.450112528132033,0.635100858666286
"Com_24650_pos",1.43343511402857,0.519476600924536,0.0208530131245254,0.633533383345836,1.61368556406256
"Com_2466_neg",1.11643855464643,0.158903851835475,0.64424767444561,0.5423855963991,0.533033605215037
"Com_2469_pos",1.0836066354303,0.115841132976188,0.761840624937943,0.528132033008252,0.240358607590166
"Com_246_pos",0.652829115491218,-0.615222693463225,0.640331095934866,0.509377344336084,0.34199781838593
"Com_24767_neg",1.05952357729504,0.0834156919745161,0.709143325230215,0.522130532633158,1.00654019978431
"Com_24777_pos",1.0614354289059,0.0860166093679145,0.409808003995262,0.556264066016504,1.15429089015096
"Com_24868_neg",1.70296570947701,0.768049385535816,0.630639144303838,0.489872468117029,1.37152839815349
"Com_24892_pos",1.03795996978165,0.0537508054384601,0.352487897866019,0.546136534133533,0.657897426186004
"Com_24899_pos",0.673859407077619,-0.569480473613424,0.285468021032467,0.54013503375844,0.93336155589927
"Com_24903_pos",0.937495641285803,-0.0931161119221212,0.419183656580773,0.564516129032258,0.751494344711337
"Com_2491_pos",1.05255124524265,0.0738904750566849,0.918558295544476,0.525506376594149,1.06285504397232
"Com_25002_pos",1.12577431437316,0.170917637214973,0.0722344168866177,0.566766691672918,1.15610747006386
"Com_2500_pos",0.549477819338292,-0.863866849520879,0.26185239615866,0.570892723180795,0.838979420679572
"Com_25030_pos",0.968851656489311,-0.0456523072971089,0.851580305976762,0.509752438109527,0.593394219423791
"Com_2504_pos",0.829478115746025,-0.269724176058446,0.84434195948628,0.517629407351838,0.289464291658841
"Com_25051_pos",1.22789217293477,0.296183876341331,0.267164964566411,0.574643660915229,0.794334846256845
"Com_25079_pos",1.14518327365853,0.195578503858813,0.852494119951935,0.516504126031508,1.3463892836231
"Com_25091_neg",1.02153756836038,0.0307422620158986,0.951697379616048,0.514253563390848,1.20540067424522
"Com_25096_pos",0.786459544995712,-0.346555538699865,0.210517580899129,0.562265566391598,1.24418629446446
"Com_2512_pos",19.402598350279,4.27817796255993,0.444840204634461,0.496249062265566,0.827075573694125
"Com_25212_pos",1.53970726998855,0.622656090998641,0.416581218207688,0.567141785446362,1.09711647855653
"Com_2526_pos",2.01575007166794,1.01131677340257,0.586259974843238,0.600525131282821,0.735019367447407
"Com_25271_neg",0.811040837311381,-0.302153536420977,0.21370536490124,0.458364591147787,1.06887371722137
"Com_25273_pos",0.870577031892189,-0.199956136342459,0.15404673813827,0.565266316579145,1.21272747573057
"Com_25280_pos",0.894614968883873,-0.160661196869175,0.323619153143462,0.458364591147787,0.769522686128773
"Com_2535_neg",1.06248076477147,0.0874367228315081,0.340258929893359,0.459114778694674,0.914264729326873
"Com_25377_neg",0.884297081280428,-0.177396967705217,0.605012438586342,0.531882970742686,0.571371502436763
"Com_25410_neg",1.40330009470742,0.488823561238916,0.135125740916346,0.586271567891973,1.0698270587515
"Com_25411_pos",0.797217318435376,-0.326955043830504,0.917770632862058,0.487996999249812,0.697664612541944
"Com_25461_pos",0.630848413891583,-0.664634712182725,0.145269963114003,0.567516879219805,1.15502417426006
"Com_25466_pos",1.07871015155356,0.109307266038852,0.347601259380707,0.45198799699925,0.989763499111039
"Com_2549_pos",1.63264944600247,0.707215056175103,0.114361683059214,0.58927231807952,1.67840768506201
"Com_25513_neg",1.02675155123413,0.0380871269674154,0.561995713838738,0.569017254313578,0.862657435293649
"Com_25551_pos",1.2454702635635,0.316690576679826,0.952822109241349,0.54801200300075,1.02168808979646
"Com_25554_pos",0.691906079791759,-0.531351876988661,0.0161743717426908,0.656789197299325,1.79239934130583
"Com_25556_neg",1.35603970474847,0.43939942110339,0.778518833165781,0.484621155288822,0.900723880176287
"Com_25562_pos",1.10722913804353,0.146953814812136,0.472956396619819,0.559264816204051,0.586606377975958
"Com_25569_pos",1.77392970625955,0.826948842536378,0.136550469416782,0.443735933983496,1.49242209117436
"Com_2557_pos",0.0626116115791296,-3.9974259541157,0.0274300264122809,0.604651162790698,1.65537748798039
"Com_2558_neg",0.968576677523629,-0.0460618303600656,0.190596999157159,0.573518379594899,0.92198786098798
"Com_2558_pos",0.0758955123313591,-3.71984160754244,0.112877008996857,0.579894973743436,1.14796196957314
"Com_25606_pos",1.30443839928606,0.383428816027421,0.762856516320856,0.50562640660165,0.58341603143309
"Com_2560_pos",2.97637956337379,1.57355851813934,0.186958704961737,0.498499624906227,1.41486457304633
"Com_25626_pos",0.810364511855577,-0.303357099044237,0.154133131970594,0.560015003750938,1.05006876242556
"Com_25636_pos",0.911547303344419,-0.133610570241533,0.180092011439365,0.581020255063766,1.03269944959664
"Com_25730_neg",0.970503096735214,-0.0431952785095688,0.60929189813975,0.542010502625656,1.33643818554288
"Com_25733_pos",1.83510925726557,0.8758659596477,0.184301354524776,0.576144036009002,1.07118032942387
"Com_25764_pos",1.087988991631,0.121663959345871,0.519091700842877,0.542010502625656,0.927419301727231
"Com_25781_pos",1.03319362005944,0.04711063999613,0.416234195096892,0.564516129032258,0.498688675579503
"Com_25790_neg",1.48061889782242,0.566200347598407,0.354806005217282,0.54913728432108,1.81307550690258
"Com_257_neg",2.32423559713233,1.21675631555272,0.890410553791346,0.536384096024006,0.141938456645457
"Com_25816_pos",0.996342399337949,-0.0052864761503887,0.931881499973892,0.515378844711178,0.628987079278738
"Com_2582_neg",1.5271473361759,0.61083925723381,0.520145886928534,0.45873968492123,0.511660483514854
"Com_25871_neg",0.410649930347326,-1.28401904151531,0.292163780814178,0.54351087771943,1.1059610579259
"Com_25880_pos",0.726911836829823,-0.460147696741582,0.609104613712209,0.478619654913728,1.3009954636656
"Com_25900_pos",1.06790488757964,0.0947831598273065,0.673200236990295,0.530007501875469,0.413478478066263
"Com_25930_neg",1.1469695338916,0.197827070615073,0.776882483375257,0.539759939984996,0.478293436061682
"Com_25934_pos",0.649120191972529,-0.623442460564014,0.198451398146685,0.557764441110278,0.92060702945129
"Com_2593_neg",0.788569528942955,-0.34269013043734,0.76226476595846,0.486121530382596,0.56512818353242
"Com_2594_pos",8.14436225094605,3.02580173209393,0.655660804787775,0.572018004501125,0.913250750998445
"Com_26037_pos",0.889218823833323,-0.169389605852711,0.618598404461984,0.534883720930233,0.347345965767318
"Com_26067_pos",1.21567492228375,0.281757496290997,0.576381483909195,0.521755438859715,1.05878100577657
"Com_26070_pos",1.15543379016176,0.208434591400486,0.850779063117262,0.471492873218305,0.576715260595452
"Com_2608_pos",1.11075550826858,0.151541295731946,0.725700480739408,0.539384846211553,1.36430424764889
"Com_26130_pos",0.979314043539911,-0.0301565216718121,0.429346159245836,0.482370592648162,1.02422561935485
"Com_26137_pos",1.67035031249629,0.7401507021609,0.885743200999461,0.537509377344336,0.986785886362829
"Com_26142_pos",1.4180009116175,0.503858460070817,0.353959222201688,0.467741935483871,1.25290516527901
"Com_26186_pos",0.910062370726032,-0.13596267171489,0.441822414447165,0.433608402100525,1.28937753226549
"Com_26224_pos",1.04629246354938,0.0652861754245469,0.684945759016383,0.526631657914479,0.420801585753697
"Com_26262_pos",0.962132129101572,-0.0556930627319764,0.598455299914715,0.54351087771943,0.533821822740316
"Com_2626_neg",1.23229219004527,0.301344375472211,0.517929112226724,0.527756939234809,0.935066672655625
"Com_26301_neg",0.794143748581792,-0.332527920522328,0.286615400579639,0.544261065266317,0.903899045886141
"Com_26331_pos",0.770852408873698,-0.375473433669103,0.403142727133257,0.521380345086272,0.57671603953294
"Com_26349_neg",0.861444990097432,-0.215169422694289,0.214155488071713,0.566766691672918,0.961726592286927
"Com_26356_pos",1.07186116114765,0.100118044698821,0.948593211935778,0.500375093773443,0.992657706282995
"Com_2636_pos",2.1614688787781,1.11201206419786,0.400162397954914,0.480870217554389,1.44351509218979
"Com_26377_pos",0.859969104646564,-0.217643264577091,0.11824468739206,0.573518379594899,1.29440738039389
"Com_2642_neg",0.724551007766335,-0.464840837042785,0.105855094882103,0.567516879219805,1.05330017346719
"Com_2643_neg",1.16144594695523,0.215922013488755,0.452103502153185,0.555513878469617,0.506066477629418
"Com_2647_neg",1.28536293499795,0.362175776222483,0.317647242864051,0.584396099024756,1.24083120029944
"Com_2649_pos",1.60696338622886,0.684337058379644,0.0444971410535503,0.599024756189047,1.39364352464737
"Com_264_pos",0.0104814275323907,-6.57602096968881,0.123459000929046,0.533383345836459,1.11825369253708
"Com_26521_pos",0.993512576808136,-0.0093898643184234,0.740825706824835,0.560765191297824,0.625225122637908
"Com_2655_neg",0.698886657303189,-0.516869590939475,0.0581147634530745,0.58589647411853,1.51066661645487
"Com_26566_pos",0.857444564660818,-0.221884693426027,0.345967542355028,0.557764441110278,0.764249375278968
"Com_26602_pos",0.751974601187341,-0.411244160856639,0.89260209633533,0.485746436609152,0.328344787914226
"Com_26603_pos",0.963110100895017,-0.0542273612676042,0.663896392283415,0.484621155288822,0.784563734827741
"Com_26606_neg",0.918524308673382,-0.122610192235036,0.977858538692925,0.511252813203301,0.573222765325391
"Com_26663_pos",0.98261213936318,-0.0253060323800746,0.443216449597101,0.533008252063016,1.00964831196719
"Com_26698_pos",0.588102232522314,-0.76586112769519,0.0519145426963491,0.626406601650413,1.40961350272078
"Com_2671_pos",0.783589663942016,-0.351829727243505,0.407709984996967,0.446736684171043,0.986897544397493
"Com_26722_pos",0.407753274929123,-1.29423163069078,0.155386746366102,0.543885971492873,0.976092167723442
"Com_26730_pos",0.75613816020875,-0.403278229704338,0.290951396174865,0.538634658664666,0.723994189304279
"Com_26735_pos",1.02030737433699,0.029003839088172,0.635297267913597,0.534883720930233,1.16029621690741
"Com_26741_pos",0.949446374144853,-0.0748415773352305,0.677378956872632,0.483870967741935,0.864549183759705
"Com_267_neg",1.0528869751997,0.0743505749480201,0.363440073391648,0.509377344336084,0.874710809731454
"Com_26802_pos",1.900275205886,0.92620837088001,0.202994824143894,0.565266316579145,1.88163855415928
"Com_26808_neg",0.649525948138773,-0.622540933335282,0.0040849333176631,0.656039009752438,2.18610257843658
"Com_2686_pos",0.790170685165346,-0.339763770656163,0.133792331270829,0.586271567891973,0.972768876132157
"Com_2689_neg",1.11447575312628,0.15636522922665,0.489716380388241,0.556264066016504,1.59950964651421
"Com_26902_pos",0.962685253154622,-0.0548639042282623,0.576784663607514,0.49549887471868,0.308613500245152
"Com_2691_pos",0.881305989436436,-0.182285085051529,0.448004463189394,0.475993998499625,0.615406491325989
"Com_26924_neg",1.01840035754949,0.0263048308668196,0.638833801707562,0.466241560390098,0.667303995217438
"Com_2696_neg",1.02602931061401,0.0370719450516678,0.381944829838214,0.54913728432108,1.549783869424
"Com_26999_pos",0.875131386200951,-0.1924284653813,0.22097976447668,0.471867966991748,0.755756142769088
"Com_27038_neg",0.92444564129822,-0.113339605258036,0.386929648706738,0.54013503375844,0.672854668308473
"Com_2706_neg",0.894331704481064,-0.161118073710383,0.122052348224815,0.594523630907727,1.17852565163277
"Com_27071_pos",0.921836775397205,-0.117416771750803,0.767657272603877,0.530757689422356,1.13679715612029
"Com_27119_pos",0.623121696769137,-0.682414143227949,0.37707138646663,0.513503375843961,0.882583489251682
"Com_2720_neg",0.799416755956646,-0.322980282596587,0.0547636102791939,0.612153038259565,1.38980361796671
"Com_27339_neg",1.01832719212751,0.0262011789163984,0.879964989616678,0.512378094523631,0.719432964535463
"Com_2736_neg",1.03359939966504,0.0476771371989249,0.999701510293814,0.528882220555139,1.30343480580973
"Com_2738_pos",3.63798975487798,1.8631414801506,0.446727254261233,0.54801200300075,1.16422864796985
"Com_27421_pos",0.571978643439031,-0.805966814281957,0.778752695173356,0.557014253563391,0.261248918758994
"Com_27424_pos",2.07302667770043,1.05173868255368,0.0062440553734881,0.658289572393098,1.95546643819608
"Com_27454_neg",1.03568822232675,0.0505897676973497,0.932551310556077,0.506376594148537,0.678877205826398
"Com_27461_neg",1.35037326489041,0.433358246515676,0.0959800311943109,0.597524381095274,1.42387371065958
"Com_27474_neg",0.94598143061779,-0.0801162307926337,0.604534217204094,0.536759189797449,0.527526109570311
"Com_27492_neg",1.23309599029796,0.302285110638183,0.728243838986369,0.520255063765941,1.18077142537311
"Com_2751_neg",0.741415429013888,-0.431645956625075,0.0776673396332176,0.599774943735934,1.47081599671314
"Com_27525_pos",1.13078371533959,0.177323011868581,0.42350700874331,0.55138784696174,1.2723866038894
"Com_27526_pos",1.01940730562122,0.0277305975218463,0.217898181857906,0.573143285821455,1.68432426873851
"Com_27527_pos",0.568319686186506,-0.815225404710609,0.008605441654108,0.616654163540885,1.6183660528369
"Com_2752_neg",0.750453996666306,-0.414164458505181,0.0963517829051533,0.58927231807952,1.43661013407359
"Com_2755_pos",6.16038227990211,2.62301987952516,0.315472996626755,0.608027006751688,0.96538043904682
"Com_27569_pos",1.11728839426579,0.160001622056814,0.946130778686686,0.505251312828207,1.12921166844845
"Com_27621_pos",0.79129334654052,-0.337715468275382,0.745129507229051,0.499624906226557,1.0364084120375
"Com_27635_pos",1.29390241080323,0.371728809942859,0.240510946801392,0.572018004501125,0.960567717170721
"Com_2763_neg",0.777052802674471,-0.363915458199939,0.924005766432706,0.5,0.532305017244806
"Com_27662_pos",1.01433536570648,0.0205347237902968,0.807518609522336,0.495873968492123,0.411660873838812
"Com_27698_pos",1.02860519433781,0.0406893442652649,0.48623107599542,0.54688672168042,0.488478803144244
"Com_276_pos",2.43721229633219,1.28523192423559,0.560614476019223,0.512003000750188,1.13335490031895
"Com_27708_pos",1.20916331419912,0.274009113630125,0.495901985285143,0.562640660165041,1.30104889331236
"Com_27730_pos",1.22211737251519,0.289382848670519,0.975433518497663,0.50450112528132,0.492939043857348
"Com_27734_pos",0.275289319623107,-1.86097945598795,0.0006588705490815,0.63728432108027,2.31604623545064
"Com_2778_pos",0.905125752555571,-0.143809849669582,0.640206956351623,0.521755438859715,0.82044645536474
"Com_27796_neg",0.964436037279663,-0.0522425349534597,0.850000302865287,0.513878469617404,0.811402494351451
"Com_27832_neg",1.3111765710459,0.390861980768833,0.547572677017165,0.573893473368342,1.04982508954218
"Com_2784_pos",0.767209973843542,-0.382306619159727,0.911522901546326,0.509752438109527,0.209909918513073
"Com_27889_pos",1.06861893357599,0.0957474838812251,0.584184806696618,0.524381095273818,0.458536387998498
"Com_27899_pos",1.08950026538323,0.123666547869169,0.741536440296985,0.527006751687922,1.15349351546933
"Com_27927_pos",1.29662844397352,0.374765126596259,0.205570393326068,0.446736684171043,1.2547810359984
"Com_27936_pos",1.44533041294695,0.531399340912135,0.676593162469088,0.533383345836459,0.574776569592793
"Com_27945_pos",0.951365056699482,-0.0719290582901432,0.379446187052338,0.548762190547637,0.669543058084721
"Com_27961_neg",0.859374765380055,-0.218640680348885,0.229076015565894,0.566391597899475,0.967343680314823
"Com_2796_neg",0.641484492221023,-0.640513706059162,0.53514351525684,0.477869467366842,0.576459832900537
"Com_27995_pos",1.45738318317876,0.543380248569625,0.515213058207632,0.554388597149287,1.23260905394461
"Com_2803_pos",0.868347938286873,-0.20365486297724,0.603056760626143,0.537509377344336,0.434281809997099
"Com_2805_pos",0.713316164401561,-0.487386428156623,0.581015814191455,0.479369842460615,0.394005474377435
"Com_28071_pos",1.29941332101654,0.377860400250785,0.650798536631588,0.545011252813203,0.904774077847629
"Com_28163_pos",0.530226454635494,-0.915319442374928,0.058184457637079,0.579144786196549,1.37716705863507
"Com_28166_pos",1.04418169576534,0.0623727739497641,0.497839030561218,0.480870217554389,0.622478807091933
"Com_28191_pos",0.740230662130628,-0.433953198120338,0.0523883341389333,0.584021005251313,1.4566472167839
"Com_28236_neg",0.702823053809219,-0.508766579877525,0.0346207482967668,0.555888972243061,1.74775805985489
"Com_28243_pos",2.71622536282723,1.44160318368611,0.546140460373032,0.510877719429857,1.43697424789268
"Com_28244_neg",0.793847388326966,-0.333066409012573,0.691358309130519,0.499624906226557,0.56274719037084
"Com_28299_pos",0.879769824199977,-0.184801976730537,0.63840744645833,0.522130532633158,0.459286534751211
"Com_28300_pos",1.13317868601895,0.180375371403353,0.17209248778447,0.576144036009002,1.10947205081182
"Com_28307_pos",1.06317285827054,0.0883761796493066,0.595155533003907,0.533383345836459,1.01897954150544
"Com_28310_neg",0.824235622126026,-0.278871278983084,0.215579106443321,0.579519879969993,0.891288279598671
"Com_28313_neg",1.24059779245496,0.311035462863579,0.84712829286662,0.516129032258065,0.996386678805061
"Com_2837_neg",1.03064098095083,0.0435418640300065,0.918591469875535,0.462115528882221,0.55753553752159
"Com_28383_neg",1.33685781321376,0.418846030068646,0.609772612235987,0.493623405851463,0.865968819117419
"Com_283_neg",0.816034335976328,-0.29329823766535,0.0918108642598817,0.58702175543886,1.12092761429136
"Com_2842_pos",10.7138171814292,3.42140067838948,0.94356792859178,0.572018004501125,0.711420380949368
"Com_28435_pos",0.88190300910063,-0.181308096682621,0.218622609467892,0.439984996249062,1.06999026020278
"Com_28506_neg",1.05666353059023,0.0795160578687911,0.84243359162688,0.510877719429857,0.154932346378356
"Com_28542_pos",1.01450729930404,0.0207792452146869,0.838822018558367,0.491372843210803,1.24200863189742
"Com_28571_neg",1.21154433773506,0.276847202692712,0.666608401087516,0.516504126031508,0.632681215870487
"Com_2858_pos",0.984108823411643,-0.0231102363193279,0.829005175088244,0.520630157539385,0.931057982984204
"Com_285_neg",0.846190245004739,-0.240946040680226,0.807787702614649,0.50562640660165,0.400654060419798
"Com_285_pos",0.768482880917137,-0.379914972760563,0.812603782371598,0.480495123780945,0.799658358767133
"Com_28606_pos",0.880607992677503,-0.183428156195264,0.370063295335329,0.54688672168042,0.684957162573898
"Com_28608_pos",1.10827823668155,0.148320119914855,0.628393809741754,0.476369092273068,0.588549867641283
"Com_2864_neg",0.986614878658418,-0.019441050809711,0.905320381922295,0.50675168792198,1.13072270808579
"Com_28654_pos",0.891086755182355,-0.166362197171166,0.50482712067568,0.488372093023256,0.943703601773786
"Com_28655_pos",0.54623701019051,-0.872401027929155,0.149571472600819,0.559264816204051,1.04853623711609
"Com_28664_pos",0.860576928679624,-0.216623931484312,0.692800386421108,0.485746436609152,0.698629562331191
"Com_2871_neg",0.809078193426283,-0.305648956117248,0.364622041570612,0.560765191297824,1.10751607126557
"Com_28732_neg",1.80450149953868,0.851600342113571,0.656053109078691,0.502625656414104,1.46022244906768
"Com_28761_pos",0.753546806493814,-0.408230967405031,0.0840131202726861,0.579519879969992,1.23658584302407
"Com_28797_pos",0.979988811685158,-0.0291628164946992,0.678515442331558,0.537884471117779,0.544464212209228
"Com_28820_pos",0.827881378665729,-0.272504026040102,0.24414479945,0.559264816204051,1.02610546325592
"Com_28826_pos",1.21339327474056,0.279047220336005,0.43220476516591,0.577269317329332,0.979056029355657
"Com_28865_pos",1.17819925976839,0.236583551706106,0.145685253988393,0.601275318829707,1.18738922295567
"Com_28890_pos",2.93596005449638,1.5538323395803,0.640685020334167,0.506376594148537,1.08780258956382
"Com_28921_pos",0.626043648950326,-0.675664846788803,0.0703420324784308,0.581020255063766,1.4764446700885
"Com_28992_pos",1.05767368194074,0.0808945895866018,0.918038718289903,0.509002250562641,0.480136353014304
"Com_29001_neg",0.815965536052572,-0.293419876533804,0.536441061175082,0.470367591897975,0.416517214521144
"Com_2903_pos",3.42953555224554,1.77801321142971,0.274423563087615,0.590772693173293,0.774554862802263
"Com_29066_pos",0.763768997126324,-0.388791735544748,0.887159353832165,0.5,0.380440319627823
"Com_29075_pos",0.987996853295633,-0.0174216479579911,0.29637396561532,0.551762940735184,0.822563140425311
"Com_2911_pos",0.959715079569697,-0.059321933118783,0.505869363205448,0.495873968492123,0.821822147286331
"Com_2912_neg",0.996188466886044,-0.0055093862083471,0.999649722250883,0.517629407351838,0.880086608769108
"Com_29142_pos",1.15004581443645,0.201691335033746,0.383262965191875,0.554763690922731,0.630676512446858
"Com_29153_pos",1.90838481807001,0.93235211429053,0.289637084363979,0.510877719429857,1.10506947114473
"Com_2918_pos",0.982574745645017,-0.0253609357912181,0.931679377058741,0.499624906226557,0.103790302890382
"Com_29198_pos",1.98427383959447,0.988611138508602,0.0490444238309353,0.609902475618905,1.82629231443295
"Com_29222_pos",0.93940713210634,-0.0901775481136883,0.701091760248246,0.530382595648912,0.825621285812345
"Com_2925_pos",0.888232536562258,-0.1709906757133,0.952887194600356,0.509752438109527,0.265396812877432
"Com_29302_neg",1.12421949768703,0.168923741349485,0.22974458287708,0.570892723180795,1.4245365015753
"Com_29374_pos",0.781047802398256,-0.356517246683416,0.55639683474103,0.479369842460615,0.595685676810412
"Com_29383_pos",2.15440381601491,1.10728869034626,0.678612367601666,0.534508627156789,0.892314864672596
"Com_2938_pos",0.690358583894698,-0.534582178171749,0.225806068327566,0.558889722430608,0.987436490181151
"Com_29391_neg",0.867646760722634,-0.204820287560964,0.443581614866348,0.536009002250563,1.19311565924013
"Com_2939_pos",0.694929993066249,-0.525060446178209,0.251356608191317,0.558889722430608,0.952852115858188
"Com_293_pos",0.834693284616703,-0.260681930896065,0.986373472148462,0.531882970742686,0.958014478605989
"Com_29415_pos",0.865328147264923,-0.208680763691035,0.859093073218212,0.527006751687922,1.3011138849892
"Com_2941_pos",0.974460614648697,-0.0373242184850364,0.722660239400142,0.532258064516129,0.271049480253409
"Com_29530_neg",0.810573493462731,-0.302985096254544,0.908726929556013,0.616654163540885,0.371266379171471
"Com_2953_neg",0.753454824773471,-0.408407080780362,0.896929762067041,0.510502625656414,0.184323360713525
"Com_2955_neg",0.738887358606041,-0.43657364873884,0.896943336264972,0.498124531132783,0.278600576321584
"Com_2955_pos",1.1557006882641,0.208767806601917,0.43229873405005,0.572393098274569,1.02907112001999
"Com_2959_pos",1.00989226694386,0.0142013976941145,0.393320955644404,0.578019504876219,1.48505893989368
"Com_2960_neg",1.72698827023394,0.78825828406383,0.219042506942605,0.557014253563391,1.45209659821574
"Com_2962_pos",0.871781367631154,-0.197961725232376,0.553975604507931,0.527756939234809,0.618114363000383
"Com_29653_pos",0.870302826388425,-0.200410613337933,0.863757173647845,0.527756939234809,0.609789287665844
"Com_29664_pos",1.08335209847625,0.115502207091469,0.900948417933299,0.510502625656414,0.965418622556948
"Com_2966_pos",0.556223368822971,-0.846263736436527,0.554588453763193,0.572393098274569,1.37354582651214
"Com_296_pos",0.945756425648127,-0.0804594216362951,0.477244531259805,0.536759189797449,0.682273987967092
"Com_29743_pos",0.207080816723908,-2.27173418159516,0.93022065154648,0.55026256564141,0.394978706522231
"Com_29780_pos",0.788119309816302,-0.343514045598052,0.316068729918615,0.468117029257314,0.78306949632018
"Com_29850_pos",0.751340102794277,-0.412461986687859,0.059084495467057,0.621530382595649,1.41171588826621
"Com_2985_pos",0.825363292477577,-0.276898818086124,0.292711170728462,0.582520630157539,0.740544566206876
"Com_2986_neg",7.04673899694104,2.81695577930581,0.846317997620415,0.566016504126032,0.8940850624444
"Com_29889_neg",1.11178640065291,0.152879640292515,0.121899982249918,0.59039759939985,1.30507407778896
"Com_29900_pos",1.0245299746581,0.0349621938737943,0.41244025788605,0.447861965491373,1.3538973067458
"Com_29948_neg",0.910507625467359,-0.135256995117565,0.434413149037682,0.660915228807202,0.628483843804088
"Com_29956_pos",0.508364464149451,-0.976064908736414,0.226539441047553,0.539759939984996,0.854343484845774
"Com_29957_neg",1.07486085178685,0.104149904995536,0.780962354809494,0.477119279819955,1.38811746420202
"Com_3001_neg",0.417601630937913,-1.25980074854124,0.27400342775006,0.581395348837209,0.988206014399543
"Com_3006_pos",0.924065749125183,-0.113932588957967,0.28362858611028,0.559264816204051,1.08379484654517
"Com_30071_pos",0.831422560623827,-0.266346198911468,0.178528793359668,0.569767441860465,1.12597261032353
"Com_30083_pos",0.746819493403365,-0.421168509758532,0.167941183648488,0.54576144036009,1.02360488293008
"Com_30112_pos",1.08378496112115,0.116078533168053,0.395002223135529,0.5423855963991,1.30813023093029
"Com_3012_pos",1.0056541090401,0.0081341809089495,0.46447002604231,0.550637659414854,1.47085288427587
"Com_3013_pos",0.718635411604978,-0.476668067301033,0.102393254535841,0.558139534883721,1.06043864814775
"Com_30160_neg",5.46685909997886,2.45071219273499,0.361262948414017,0.524756189047262,1.48320040129334
"Com_30178_neg",0.928211799511697,-0.107474057593856,0.0580586220279267,0.558889722430608,1.74256532045292
"Com_301_pos",2.77863939648921,1.47437861803868,0.163437732029924,0.589647411852963,1.46751445161772
"Com_30211_neg",1.03488084819555,0.0494646714802368,0.878212816663094,0.494748687171793,0.404604974630738
"Com_30214_pos",1.28143064481144,0.357755397401017,0.195509085740433,0.588897224306076,1.92078751365053
"Com_30227_pos",1.45196948417552,0.538011132747385,0.864389127891762,0.504876219054764,0.773396238476751
"Com_30242_pos",1.02664978020792,0.037944120773067,0.481960749646985,0.565266316579145,0.746637480403154
"Com_30245_neg",0.4640651299889,-1.10760079790086,0.0109937823781676,0.583645911477869,1.65666201404629
"Com_30251_pos",0.645013869847715,-0.632597911490423,0.711457861698301,0.517629407351838,0.686130832200523
"Com_3026_neg",1.02673602062229,0.038065304642322,0.95569755289444,0.505251312828207,1.48288613763896
"Com_30279_pos",0.943862202334525,-0.0833518439015876,0.402644655614891,0.555138784696174,0.802972175323687
"Com_30286_neg",0.483948461994977,-1.04707467875787,0.993020727746698,0.528507126781695,0.112874067819213
"Com_30331_pos",0.722180427700453,-0.469568773523719,0.013976546981068,0.619279819954989,1.5395353129729
"Com_3034_pos",5.84207851224455,2.5464817468122,0.0569221499548505,0.522130532633158,2.13072690261762
"Com_3040_neg",0.102337936129853,-3.28858705126017,0.132225468342564,0.49324831207802,0.872124449653988
"Com_30416_pos",0.985912073336586,-0.0204691065170334,0.758836208908667,0.478244561140285,0.450653460600222
"Com_30422_neg",1.66632196852673,0.736667186728742,0.45610007134588,0.517629407351838,1.39863460411962
"Com_30449_pos",1.01635195039097,0.0234000764786539,0.797015140012486,0.491747936984246,0.333771965812208
"Com_30454_neg",1.45428925988893,0.540314251583797,0.0237838803928306,0.63390847711928,2.11128261741788
"Com_30483_pos",0.876286592726596,-0.190525309210141,0.359235064258354,0.450487621905476,0.965617574509269
"Com_30502_pos",1.01465542655639,0.0209898763780155,0.340760903176006,0.568267066766692,1.1850142708146
"Com_30541_pos",1.091684465196,0.126555927431845,0.630939488813554,0.527756939234809,0.935241995946461
"Com_30545_pos",0.875496620135712,-0.19182648575778,0.515851574427411,0.492498124531133,0.761002062100967
"Com_30566_pos",0.638091191242018,-0.648165476929641,0.0474698671495181,0.630907726931733,1.58874769823958
"Com_3060_pos",0.511402776002352,-0.967468103032953,0.124830368650643,0.586271567891973,1.25506306159518
"Com_30612_pos",0.662454002946438,-0.594107809418258,0.110918663336735,0.569017254313578,1.21331806558218
"Com_30654_pos",0.962164823148182,-0.0556440395925277,0.949649453704143,0.511627906976744,1.0533376713996
"Com_3070_pos",0.607200562488602,-0.719754967672948,0.381261191812834,0.468492123030758,0.641108324397547
"Com_3071_pos",0.949515281713635,-0.0747368752655511,0.555289964947305,0.517254313578395,0.5046064374287
"Com_30733_neg",0.96970734479199,-0.0443786835898282,0.615988907687348,0.551012753188297,0.982964101803009
"Com_3073_pos",1.13973962777751,0.188704279988342,0.270076986245866,0.567516879219805,0.816206108338316
"Com_30772_pos",1.0822059163978,0.113975033639095,0.872368174923295,0.503000750187547,0.655130722055497
"Com_30789_neg",1.04418046886879,0.0623710788055036,0.418137063863685,0.549512378094524,1.13958468324281
"Com_30795_pos",0.997019531893586,-0.0043063271846524,0.608482119230636,0.466991747936984,0.719692054027198
"Com_3080_pos",1.03733461776471,0.0528813459541347,0.455146882220495,0.54576144036009,0.802193490686922
"Com_3081_pos",0.845679608786297,-0.241816902420287,0.224423970824529,0.463990997749437,1.14068181247295
"Com_30847_neg",1.30136492545481,0.380025575676381,0.0237741045573287,0.664666166541635,1.9690585369903
"Com_30855_neg",0.854618712394362,-0.226647188840726,0.254119150977536,0.554388597149287,1.07616850321484
"Com_30887_neg",0.99663519496948,-0.0048625729315573,0.69538670112731,0.527381845461365,0.794646024893929
"Com_3088_pos",0.835379412120131,-0.259496506088822,0.371018937418698,0.555138784696174,0.673336367464368
"Com_30897_neg",0.961623218297231,-0.0564563646890545,0.340955471994086,0.54576144036009,0.821929705956488
"Com_30924_pos",0.840120265887245,-0.251332225829911,0.265274149779038,0.552888222055514,0.959501742059514
"Com_30927_neg",0.716616446426929,-0.480726940947563,0.343972866407735,0.551012753188297,0.759683276315636
"Com_30950_pos",0.885307398279334,-0.175749617125747,0.145770966147304,0.579894973743436,1.55033149589204
"Com_3098_neg",1.01071614195597,0.0153778754865617,0.863477252357948,0.501875468867217,0.905988688737752
"Com_3100_pos",0.926432829417945,-0.110241716776889,0.428069623481169,0.529632408102025,0.620478839584553
"Com_31011_neg",1.1803429959742,0.239206153389204,0.502872858997818,0.558139534883721,1.08403879984478
"Com_31016_neg",0.873645470062231,-0.194880149657351,0.319222643091698,0.573143285821455,1.056448450388
"Com_31044_pos",1.13398292294909,0.181398914387577,0.549591018730333,0.533008252063016,0.593167901193368
"Com_3104_pos",0.57549395746139,-0.797127314377385,0.177453791620462,0.578394598649662,1.16298753258291
"Com_31055_pos",0.944766724889096,-0.0819699416286575,0.676796339788655,0.516879219804951,0.751766294039517
"Com_31068_pos",0.868700818216692,-0.20306869850733,0.587301917716147,0.45986496624156,0.882524080994842
"Com_31089_pos",0.923986381606723,-0.114056506593683,0.682411183502411,0.510127531882971,0.776204120583243
"Com_3108_pos",0.901289342151493,-0.149937764125522,0.689476614951192,0.535633908477119,0.281739697852737
"Com_31094_neg",0.712127446984664,-0.489792636450272,0.165918620911931,0.529632408102025,0.75672320929305
"Com_310_pos",1.00678108808967,0.00975002151667,0.871015879443841,0.49437359339835,0.132281536878835
"Com_31146_neg",0.86259795213526,-0.21323980386458,0.767272100186501,0.537884471117779,0.796441715433114
"Com_31193_pos",0.704290153745199,-0.505758181466187,0.526437482344497,0.521380345086272,0.558532633139358
"Com_311_pos",0.385677338780367,-1.37453371477405,0.339473408464187,0.536384096024006,0.850524838659679
"Com_31248_pos",1.62268706863759,0.698384806383837,0.167397976803587,0.541635408852213,1.20656481148561
"Com_3125_neg",0.7886698265204,-0.342506646786255,0.104949457233805,0.577644411102776,1.2620738975554
"Com_31263_pos",2.59838378756992,1.37761453607113,0.0434542068497767,0.578394598649662,2.52426663728658
"Com_31291_pos",1.13003008670197,0.176361184461604,0.722034848175249,0.552888222055514,0.670968494778916
"Com_3130_neg",1.67760902117758,0.746406524518748,0.298249110142664,0.572018004501125,1.35988949728821
"Com_31334_pos",0.633767562268212,-0.657974273842473,0.878017901390529,0.497374343585896,0.191368492392076
"Com_31405_pos",0.906683035755894,-0.141329802858768,0.418793764022033,0.607276819204801,0.982547016096975
"Com_3143_neg",1.18569818826272,0.245736828004569,0.520310860280556,0.437359339834959,1.04024905049488
"Com_31448_neg",0.40970702635337,-1.2873354600671,0.0314735382835631,0.629407351837959,1.56312080630379
"Com_31453_pos",0.849274372383658,-0.235697378883273,0.296675085830672,0.561515378844711,0.909397470247233
"Com_31582_pos",0.955052081156135,-0.0663486861610274,0.991379062183431,0.49324831207802,1.04841152106843
"Com_31584_pos",0.807588345749242,-0.308308003498673,0.054684682693577,0.606151537884471,1.31956345136351
"Com_31599_pos",0.733589552527728,-0.446955002060944,0.997752738987556,0.537884471117779,0.0646425187724699
"Com_31626_neg",0.914956865860973,-0.128224363376251,0.811495101556965,0.519129782445611,0.165785378874427
"Com_31646_pos",0.593220418216619,-0.753359839723097,0.0770345680074681,0.610652663165791,1.36887947127241
"Com_31651_pos",1.03705204748193,0.0524883018269037,0.651238271611597,0.53900975243811,0.330935730827866
"Com_31727_pos",0.941865756734567,-0.0864066464023935,0.92911374002415,0.507501875468867,0.937619145531326
"Com_31789_neg",1.04201976011527,0.059382636109708,0.468445670009452,0.536384096024006,0.724729661151494
"Com_3184_pos",0.996949602085701,-0.0044075197110242,0.743306939327684,0.527006751687922,0.545217903024298
"Com_31854_pos",0.970672222575359,-0.0429438875001596,0.287257126518118,0.575393848462115,1.50986350088881
"Com_31875_pos",0.807337310769726,-0.308756528075012,0.640293947843162,0.501500375093773,0.367527937336612
"Com_3188_neg",0.99802205657245,-0.0028563950001125,0.547445663240448,0.537134283570893,0.527714460136778
"Com_3188_pos",0.703337618233482,-0.507710712520405,0.0221457875672825,0.617779444861215,1.62077922235711
"Com_31894_pos",1.72755877308446,0.788734793215634,0.300552782981314,0.440735183795949,0.968680724468312
"Com_31910_pos",2.44676204467184,1.29087380159519,0.16194394315785,0.518379594898725,1.91059307496463
"Com_31915_pos",1.14335131921326,0.193268770664409,0.670231418418852,0.472243060765191,1.19547930160217
"Com_31925_neg",0.645743718347394,-0.630966390695294,0.0606125942550152,0.604651162790698,1.28824928001852
"Com_3195_pos",0.710910872914599,-0.492259394767053,0.118628196527906,0.600150037509377,1.21717979308679
"Com_32057_neg",0.988594881501927,-0.0165486580140699,0.726506444228289,0.490997749437359,0.91413234217242
"Com_32084_pos",1.48084388795923,0.566419558291722,0.734951058001045,0.488372093023256,0.671209911331203
"Com_3208_pos",0.883821278441234,-0.178173429766528,0.215834241788167,0.464366091522881,0.86255612776564
"Com_3213_pos",0.949349456643761,-0.0749888521459868,0.804919751813158,0.533383345836459,0.631753249189401
"Com_3217_neg",1.06574281993452,0.0918593356867849,0.326235539367158,0.572018004501125,1.4331006164401
"Com_3217_pos",2.27604062600866,1.18652630914631,0.686461662853375,0.546511627906977,0.439817635913549
"Com_32236_pos",0.95158776209375,-0.0715913768025273,0.730172011931713,0.497374343585896,0.927642887511397
"Com_3226_neg",1.4584901011102,0.544475594581865,0.231864799878381,0.54913728432108,1.28958097299436
"Com_3228_pos",0.725784675127674,-0.462386500112994,0.0562865408564598,0.600150037509377,1.39731383838344
"Com_32320_pos",1.13486451540714,0.182520073183732,0.470634982006911,0.529257314328582,1.3750171779901
"Com_3232_neg",1.57421522724933,0.654632800094429,0.417042541259449,0.516129032258065,1.21444906772956
"Com_32395_pos",1.20373083724229,0.267512831310212,0.837967731837397,0.505251312828207,0.697246885898876
"Com_323_pos",0.862222612676056,-0.213867695711463,0.95789081733379,0.50225056264066,0.165194021134992
"Com_324_neg",1.58207965968467,0.661822243134778,0.238121721039515,0.456864216054014,1.41542073148839
"Com_3252_neg",1.16195947771964,0.216559756941838,0.625212433455694,0.480495123780945,0.951440400549541
"Com_32541_neg",0.766259499349496,-0.384095040825267,0.549929299309476,0.546136534133533,0.773477878058175
"Com_32546_pos",2.39049199227731,1.2573075729221,0.37857293191216,0.531132783195799,0.9772646631749
"Com_3254_neg",1.1226433909469,0.166899726655615,0.900987087911462,0.521380345086272,0.718802771579078
"Com_3267_neg",1.01362775027334,0.019527927059494,0.660534820327942,0.542010502625656,0.889150069104805
"Com_3268_pos",0.902132854236991,-0.148588184649505,0.312280446484963,0.573143285821455,1.04213174644104
"Com_32791_pos",0.822924867779596,-0.281167374847653,0.419472513612714,0.563015753938485,0.760999213160247
"Com_327_neg",1.11830621747659,0.161315284732925,0.644157359092487,0.518379594898725,1.55399595929997
"Com_32872_pos",1.73583465977155,0.795629535980737,0.732568862521867,0.475993998499625,1.07401072270853
"Com_32876_pos",1.11454936352212,0.156460515145396,0.861480749602159,0.499249812453113,0.69148755142177
"Com_32909_pos",0.953176851783851,-0.0691841792615646,0.659460116160971,0.534883720930233,0.535903419663102
"Com_32925_pos",0.738651451559515,-0.43703433637247,0.962995888468543,0.525506376594149,0.0500271333554402
"Com_32975_neg",0.907921939547922,-0.139359830706217,0.0699289556325478,0.578019504876219,1.4172226052024
"Com_329_pos",156.851244638609,7.2932531670074,0.1505984459079,0.456114028507127,1.46970739298239
"Com_32_neg",1.04148811656571,0.058646378246033,0.770738652807108,0.528132033008252,0.917495426506967
"Com_33000_neg",0.782381845394801,-0.354055200904431,0.198368529357514,0.561515378844711,0.958604389811662
"Com_33037_pos",0.656205209786418,-0.607781047048718,0.041831444981974,0.612903225806452,1.51146268828424
"Com_33047_neg",0.897228767745429,-0.15645221675218,0.0906512236276452,0.578394598649662,1.39467103778939
"Com_33083_pos",0.927434384957065,-0.108682878755656,0.401968495439875,0.561140285071268,0.760170471638884
"Com_3309_neg",0.960394528853658,-0.0583009099968531,0.661273731106931,0.492498124531133,0.916595661376652
"Com_33101_pos",0.757188332851863,-0.401275913463331,0.109869572257517,0.580645161290323,1.0772896202246
"Com_33169_pos",0.93954705022795,-0.0899626847791288,0.331798306642811,0.549887471867967,0.869887795926653
"Com_33185_pos",0.967435476672152,-0.0477626512936574,0.930418483454412,0.525506376594149,0.765498280497738
"Com_33200_pos",1.46431957531105,0.550230443924339,0.43254137774958,0.466991747936984,1.09924151792767
"Com_33279_pos",0.814534948389392,-0.295951494618593,0.499692236288114,0.529632408102025,0.920452492658851
"Com_332_pos",1.03718610918324,0.0526747897201099,0.220542228596979,0.556639159789947,0.796293228741329
"Com_3330_pos",1.75373144928611,0.810427843309476,0.520719618482807,0.536009002250563,0.887670761724881
"Com_33488_pos",1.66017067637324,0.731331567656301,0.130455299790237,0.589647411852963,1.6660725131551
"Com_3349_neg",0.776379241771218,-0.365166549986325,0.0917412363082038,0.579519879969993,1.14428007427384
"Com_33521_pos",0.642265871818826,-0.638757457116077,0.515605776708334,0.532258064516129,0.796162506694692
"Com_33552_neg",0.99032973071175,-0.0140191437744321,0.860545751770237,0.527381845461365,0.471904249352954
"Com_3355_pos",0.893042163109314,-0.163199804117854,0.243572904448973,0.567516879219805,1.10727857177949
"Com_33607_pos",1.5608152384514,0.642299768356186,0.972725691811782,0.55026256564141,1.00618306737547
"Com_33655_pos",0.998046461358083,-0.0028211169894711,0.843512612041966,0.502625656414104,0.14840134532485
"Com_33684_pos",1.55877689981925,0.64041445686391,0.997299144882099,0.527006751687922,1.10342940259567
"Com_33688_neg",0.691244015673081,-0.532733009371686,0.0533382753121879,0.574643660915229,1.27202017394328
"Com_3369_neg",0.985233307359285,-0.0214626936544127,0.578087522796861,0.5423855963991,0.459809749042879
"Com_336_neg",0.634829214597763,-0.655559572912302,0.240192997324073,0.584396099024756,0.821357658454991
"Com_33708_neg",0.735515131715346,-0.443173072610343,0.0668953987095258,0.581770442610653,1.28951947374715
"Com_3370_neg",0.981241445842885,-0.0273199229066564,0.16268105649353,0.584021005251313,1.22988619281308
"Com_33725_pos",1.09086369481081,0.125470845835993,0.627798518831362,0.558514628657164,0.827745409499672
"Com_33745_pos",1.08146821092058,0.112991258807734,0.361399978695715,0.559264816204051,0.66012052016164
"Com_33779_neg",0.915253249233512,-0.127757104647895,0.651766056629772,0.518754688672168,0.363149605877071
"Com_33788_neg",0.718818586430827,-0.476300381914705,0.235424316053672,0.596774193548387,0.773052827951841
"Com_33798_pos",1.26283135069417,0.336661982147425,0.620499359658357,0.530007501875469,0.362292587481581
"Com_3379_pos",0.916895934258341,-0.125170094599317,0.398109102460044,0.528132033008252,0.701926520972396
"Com_337_pos",2.45017292097115,1.2928835710336,0.707162216046705,0.54913728432108,0.38391481341554
"Com_33891_pos",0.60686915002513,-0.72054261128927,0.186760717745783,0.619654913728432,1.20369506769776
"Com_33938_pos",1.1165532851859,0.159052102426924,0.540051442625307,0.528507126781695,1.31297450181531
"Com_33947_neg",0.992442504534911,-0.0109445702892468,0.763583108960162,0.50675168792198,0.44969229914043
"Com_3398_neg",0.975139142741629,-0.0363200029781453,0.604259255030232,0.54351087771943,1.43676047693196
"Com_339_pos",1.89163735565186,0.919635537224253,0.41587082383547,0.475993998499625,0.622742256888187
"Com_3404_neg",0.976280854392261,-0.0346318559602282,0.370519899120109,0.572768192048012,1.5811532462315
"Com_34119_pos",1.4621184656806,0.548060207956485,0.153760963873882,0.580645161290323,1.42054120706068
"Com_34200_pos",1.01496394433423,0.0214284778989978,0.514261690041673,0.565266316579145,0.403156839559502
"Com_34201_pos",0.849407774564286,-0.235470781264434,0.991581805927402,0.513878469617404,0.499897396693093
"Com_34218_pos",1.18371750320495,0.243324819688507,0.852073522854598,0.536384096024006,0.769087082626182
"Com_34287_pos",1.11609797035609,0.158463671560719,0.464022905989262,0.548762190547637,0.526856258580824
"Com_34337_pos",0.961061125495867,-0.0572999025508649,0.89189663202429,0.507126781695424,0.733258717825163
"Com_3435_pos",0.0458325727397572,-4.44748291836072,0.400505505938584,0.537134283570893,0.715421247326868
"Com_34406_neg",1.33794454893531,0.420018324773249,0.65453755531727,0.482370592648162,0.995649734374284
"Com_34489_pos",0.997269767662043,-0.0039442795076369,0.479576082321749,0.539759939984996,1.54076660227953
"Com_344_pos",0.901884963779655,-0.148984666693264,0.948840549696857,0.518754688672168,0.418842870077671
"Com_3452_neg",0.8719643628037,-0.197658921647771,0.247709918830503,0.574268567141785,0.943127143126872
"Com_34531_pos",1.0404088938987,0.057150637273881,0.714679158964198,0.531507876969242,0.862443095748435
"Com_3456_pos",1.00894148145138,0.0128425006403528,0.517700227143316,0.566391597899475,1.4878487404859
"Com_34581_pos",1.19037421037615,0.251415175707209,0.872928326353693,0.484621155288822,1.42179719300869
"Com_34594_pos",0.801415202839321,-0.319378216946878,0.268052796696182,0.557389347336834,0.866555427388411
"Com_345_pos",1.06648034197635,0.0928573732784737,0.760561465298876,0.506001500375094,1.27392063460266
"Com_34606_pos",0.816163541239847,-0.293069829338239,0.171867939989743,0.576144036009002,1.025572449487
"Com_3462_neg",1.05698361404179,0.0799530114189038,0.609625281104264,0.533758439609902,0.545065708096684
"Com_34650_pos",1.74760834422038,0.805381899276906,0.651462677379128,0.511627906976744,1.42582683602747
"Com_34692_pos",1.47192538286095,0.55770453789968,0.808135262720143,0.502625656414104,1.18545609538326
"Com_3469_pos",1.07422013630729,0.103289670246366,0.513147191368724,0.521005251312828,0.893634480114832
"Com_34727_pos",1.56977459456504,0.650557416028142,0.194782819513843,0.561140285071268,1.5289177592896
"Com_34736_neg",0.604096779697839,-0.727148398970631,0.0345564787861903,0.620780195048762,1.41313743870078
"Com_3474_neg",0.8800180763895,-0.184394936535556,0.460310312882675,0.517629407351838,0.808809995381461
"Com_34752_pos",1.18704195905151,0.247370931648442,0.338099045978299,0.469617404351088,1.0365013366015
"Com_34783_pos",0.389374845149083,-1.36076841049761,0.123397088204315,0.567141785446362,1.35947048339875
"Com_34808_pos",0.901760359086428,-0.149184003637171,0.265507932012966,0.546511627906977,0.911176116092552
"Com_34813_neg",1.16466958083503,0.219920717365502,0.666178390086581,0.531132783195799,0.632320623254103
"Com_34873_pos",0.236399850419239,-2.08069897222932,0.149613637106448,0.554763690922731,1.06052035594372
"Com_34904_pos",0.928148221251316,-0.107572878986225,0.449661827763885,0.556264066016504,0.504086816557226
"Com_34907_pos",1.68109529366113,0.749401506725013,0.944369042788213,0.549512378094524,0.717841526054028
"Com_34937_pos",1.08582191624187,0.118787508646776,0.779817035260552,0.552513128282071,0.884675542701134
"Com_34_neg",0.0410636254575827,-4.60599518291334,0.320315283724682,0.612153038259565,0.940707301113709
"Com_35018_pos",0.825291766934176,-0.277023846687633,0.112693806669918,0.593023255813954,1.33791842256583
"Com_35022_pos",0.727672433536795,-0.458638936857911,0.0518245611123291,0.613653413353338,1.41665195532257
"Com_35056_pos",0.923500767124245,-0.114814935275876,0.747562862609827,0.54013503375844,0.402014241032006
"Com_35066_pos",1.01637147336423,0.023427788755078,0.810849838931558,0.514628657164291,1.30428793520216
"Com_3507_pos",1.63858510186527,0.712450602908552,0.871537479841321,0.559639909977494,1.03614504172821
"Com_35088_neg",0.488094684988949,-1.03476705301406,0.275567167860921,0.611027756939235,0.459351750957882
"Com_35129_pos",0.912094820860866,-0.132744280941646,0.549704214070942,0.501875468867217,1.00679853796955
"Com_35165_neg",0.822909684028771,-0.281193994196473,0.0739042232436172,0.578769692423106,1.17125356478259
"Com_35171_pos",0.994934521069102,-0.0073265131881992,0.377095403300837,0.535633908477119,1.2908761799461
"Com_3518_pos",1.00866864182043,0.0124523118914081,0.943971016965352,0.504126031507877,0.972770481107844
"Com_35265_pos",1.08708503541554,0.120464797194981,0.483745675936328,0.460615153788447,0.780336809405448
"Com_3529_pos",0.946292718451575,-0.0796415707986127,0.992372785039372,0.49324831207802,0.152927343403086
"Com_352_neg",0.907739035904484,-0.139650495300333,0.260728626001189,0.552888222055514,0.897988023076711
"Com_35339_neg",0.955950599018656,-0.064992029392954,0.353365984324372,0.461365341335334,0.953374298832101
"Com_3537_pos",0.984793361565047,-0.0221070581558385,0.99550154359433,0.516504126031508,1.24586491918644
"Com_35380_neg",0.604166944668877,-0.726980841749748,0.83914142786502,0.503750937734434,0.798514026305188
"Com_35398_pos",2.0381521233312,1.0272617352059,0.286530050423707,0.509377344336084,1.14111301481706
"Com_353_pos",0.956411387400916,-0.0642967874548985,0.850693489679164,0.512378094523631,0.551897328509408
"Com_35405_pos",0.880356350684558,-0.183840478749256,0.0895441842186359,0.577644411102776,1.29013126787765
"Com_35438_pos",0.930155002675664,-0.104456945378391,0.463364104649946,0.564516129032258,1.05004445414698
"Com_35448_neg",0.905577237268378,-0.143090400070876,0.933537995659899,0.501500375093773,0.255204830973944
"Com_35451_pos",1.78615856743539,0.836860162372923,0.642484681210112,0.500750187546887,0.599218529724825
"Com_35457_pos",0.968855909644864,-0.0456459740334816,0.380604707359268,0.545386346586647,1.09127047720791
"Com_35474_pos",1.33577376338628,0.417675682902473,0.128372610522613,0.595648912228057,1.06413751609306
"Com_3547_neg",0.902685809099545,-0.147704167568777,0.785959875461441,0.495873968492123,0.24738434052421
"Com_35489_pos",1.86262743730788,0.897339135310382,0.567103707084023,0.493998499624906,0.932728495487396
"Com_35580_neg",0.547492187432603,-0.869089716899867,0.657534856485458,0.485746436609152,0.596008364085117
"Com_35623_neg",1.21713781441469,0.283492531170748,0.708031118840831,0.517254313578395,0.2676078466012
"Com_35625_pos",1.17542953963075,0.233188060154701,0.765689967582518,0.50112528132033,1.13615770587046
"Com_35706_pos",1.39219899141699,0.477365434902579,0.883185481048671,0.552513128282071,0.783781515483234
"Com_3570_pos",0.0530690102580644,-4.23598654716986,0.0365114958144945,0.55026256564141,1.33489600562128
"Com_35714_pos",1.19867265796026,0.26143773113339,0.650619701955768,0.45648912228057,0.825985368725463
"Com_35767_neg",0.885942141848824,-0.17471561099799,0.940153741703523,0.561515378844711,0.37025749490546
"Com_3576_pos",1.21734200123868,0.283734537136196,0.141679597631291,0.5847711927982,1.61510454324644
"Com_35877_pos",1.1793455978357,0.237986550567311,0.380563565054804,0.543135783945986,1.1389103320036
"Com_3587_pos",1.11382483343902,0.155522363917364,0.724209731830025,0.504876219054764,0.44193773990813
"Com_3589_pos",1.1857319659079,0.245777926276944,0.159884409188116,0.569017254313578,1.67467122214636
"Com_35941_pos",0.90812883879452,-0.139031103644307,0.375648613825804,0.558889722430608,0.785905575054957
"Com_35994_neg",0.607139258271698,-0.719900632483203,0.54940398387107,0.587771942985746,0.325228224785057
"Com_36010_pos",1.38915864191587,0.474211364500169,0.6342443267415,0.524006001500375,0.813963720409712
"Com_36059_neg",1.0161623979752,0.0231309848176454,0.985944632645945,0.496999249812453,1.05986844066886
"Com_36076_pos",0.741182266312338,-0.432099731343705,0.849099027869312,0.495873968492123,0.968227937995321
"Com_36140_pos",0.978437742801033,-0.0314480386287187,0.41241596729261,0.472618154538635,0.64904599412505
"Com_36163_pos",0.834746461561949,-0.260590022080071,0.631469076939573,0.540510127531883,0.399409085747426
"Com_3618_pos",0.906825905957141,-0.14110248869834,0.453041584646411,0.548762190547637,0.786101568984261
"Com_36218_pos",1.28994755243459,0.367312408764235,0.715724381215646,0.538634658664666,1.15573865174515
"Com_36288_pos",1.29992309309975,0.3784262721109,0.0433731270796511,0.622280570142536,1.46961501134872
"Com_36295_neg",0.84440723868992,-0.243989148630896,0.429236575456211,0.555888972243061,0.759823487800107
"Com_3633_pos",10.5483503034466,3.39894548290644,0.051603065690127,0.578394598649662,2.17239726257899
"Com_3640_pos",0.927673769464654,-0.108310545915592,0.591432217903878,0.523630907726932,0.636668456598686
"Com_36417_neg",1.08695620548274,0.120293813957047,0.662312737293447,0.512003000750188,0.544181838306675
"Com_36441_pos",1.17313476776482,0.230368757286048,0.194956600711247,0.529632408102025,1.18138026362015
"Com_36471_pos",0.930285604968133,-0.104254391984094,0.302649619134578,0.558139534883721,0.972077146736261
"Com_36503_pos",0.71676805623477,-0.480421751770016,0.310058758824708,0.526256564141035,0.878500708342995
"Com_36592_pos",0.80265196089124,-0.317153540696174,0.930036730302406,0.534508627156789,0.428575964213327
"Com_36595_neg",0.844689146157352,-0.243507581666834,0.432719959531487,0.480870217554389,0.901725584958425
"Com_36620_pos",0.78990582983413,-0.340247425052453,0.180574065117448,0.587396849212303,1.21775290732512
"Com_3663_pos",0.886435075547088,-0.173913126049155,0.252730344296054,0.570517629407352,1.57566370437594
"Com_366_pos",0.0201106955561777,-5.63589320966827,0.519118726070043,0.512378094523631,0.844210931531007
"Com_36744_pos",1.3194141890749,0.399897524956129,0.227582087102582,0.553638409602401,1.45994156621649
"Com_36768_pos",0.91454311151086,-0.128876914747243,0.705780238598982,0.524756189047262,1.07770292275842
"Com_367_pos",0.938463365276725,-0.0916276671089792,0.263886292593815,0.564141035258815,1.44942272638226
"Com_36812_pos",0.615222317191967,-0.700820256870134,0.0804680593316943,0.573893473368342,1.2282589913068
"Com_36843_neg",0.537528592163823,-0.895586598462735,0.841263066590365,0.515003750937734,0.495795522901372
"Com_36894_neg",2.96683630959844,1.56892533064521,0.524791152801877,0.534133533383346,0.917820714095141
"Com_36918_pos",0.775105934499157,-0.367534596458781,0.12238306710144,0.573143285821455,1.23556558862046
"Com_36922_pos",0.961005467292296,-0.0573834561744495,0.605105712698393,0.543135783945986,0.433872273644026
"Com_36931_neg",0.810586245927264,-0.302962399025031,0.300303987437196,0.557014253563391,1.04990941266645
"Com_3693_pos",1.71526732974086,0.778433442424626,0.423759633023102,0.533008252063016,1.23914929873285
"Com_3694_pos",0.905649779935294,-0.142974835379234,0.967965732515085,0.515753938484621,0.16492313743765
"Com_3696_pos",11.3762663733797,3.50795524581657,0.414499074897125,0.521005251312828,0.893663799320099
"Com_36986_pos",0.767025249777481,-0.382654024161546,0.36911189448377,0.475618904726182,0.652899057142302
"Com_3698_pos",1.00256030583684,0.0036890200368045,0.21250058478132,0.576894223555889,1.37061218721548
"Com_36_pos",1.38496251590661,0.46984693017522,0.426158683925611,0.549887471867967,0.648329070648735
"Com_37017_pos",0.815370538891011,-0.29447226482531,0.0830714737616146,0.597899474868717,1.66794164592978
"Com_37072_pos",0.843928880729444,-0.244806669109049,0.215567134456191,0.586271567891973,1.53906010334481
"Com_3719_neg",0.464945929248779,-1.10486514671057,0.887674794417525,0.513503375843961,0.257887357969892
"Com_3730_neg",1.02729467036877,0.0388500653007175,0.513812959436732,0.543885971492873,1.29547053344153
"Com_3737_neg",0.852933390668196,-0.229495015365943,0.0691785316762221,0.603525881470368,1.1986422591908
"Com_37418_pos",0.938183859423241,-0.092057414060239,0.113630296399178,0.59489872468117,1.16110616377497
"Com_37420_neg",1.14495868089404,0.195295535488277,0.905018167270331,0.521380345086272,0.827473825855568
"Com_3744_neg",1.33287081314931,0.41453695577517,0.389685126857231,0.575393848462115,1.18392963404467
"Com_37503_pos",0.683508597462448,-0.548968610108801,0.0422764089036409,0.627156789197299,1.09553528390818
"Com_37569_pos",0.481005107572121,-1.05587588149527,0.13597015881893,0.494748687171793,0.923468679070685
"Com_37589_pos",0.88257506515706,-0.180209106561019,0.0805491648426842,0.621155288822206,1.23039215191868
"Com_37651_pos",0.263507804507226,-1.92408240301679,0.751525601622642,0.599774943735934,0.22818780390321
"Com_37664_pos",0.611601018195428,-0.709337286383099,0.0183324557245232,0.667666916729182,1.80009743592181
"Com_37685_neg",0.821130648939186,-0.284316309448291,0.0410993726580545,0.609152288072018,1.37555717492045
"Com_37716_pos",1.81903946886124,0.863176846404808,0.936720244985438,0.530757689422356,1.08490585030628
"Com_3773_pos",0.962546234236806,-0.0550722551772105,0.646371215309583,0.551762940735184,0.669214544242217
"Com_37755_neg",0.519578137863423,-0.944587366679651,0.0740695613880084,0.616654163540885,1.01973578783
"Com_37771_neg",1.04137776958104,0.0584935147815458,0.643709452164053,0.530757689422356,1.61102506704345
"Com_37807_pos",1.3064380286834,0.385638691568307,0.546940817757458,0.539384846211553,1.34843506255651
"Com_3783_pos",0.375596428512713,-1.41274475019039,0.0061825976309206,0.628657164291073,1.80328953867843
"Com_37849_pos",1.01308245255622,0.0187515966989108,0.382685473749865,0.538634658664666,0.610694144918716
"Com_37850_neg",0.898194229366669,-0.154900641630746,0.373923457172208,0.556264066016504,1.12882314334519
"Com_37943_pos",1.13656076738571,0.184674821386134,0.845444169746352,0.478619654913728,1.21241464557876
"Com_37952_pos",1.07447072592989,0.103626176920096,0.236107227323871,0.564891222805701,0.830083971193704
"Com_37979_neg",0.956046855139843,-0.0648467695459736,0.543951061935775,0.526631657914479,0.923178899386717
"Com_379_pos",0.792975525526754,-0.334651755750124,0.276780863033863,0.565266316579145,0.901711765369175
"Com_3803_pos",1.08151224012909,0.113049993245902,0.419334831272063,0.578769692423106,1.47892862756382
"Com_38174_pos",0.966560907882444,-0.0490674480884287,0.99642229500812,0.515003750937734,0.954477998467849
"Com_3821_neg",0.59443495328467,-0.750409144811907,0.388094535356261,0.543885971492873,1.15273111315104
"Com_38264_pos",0.894695950483522,-0.160530608326924,0.892664602167857,0.49324831207802,0.821148479537792
"Com_38410_neg",0.447930516015343,-1.15865313933381,0.0645364767585158,0.503750937734434,1.12025943478716
"Com_3841_neg",0.588605002825105,-0.764628290427103,0.369956197474561,0.562265566391598,0.730309332489816
"Com_3844_pos",1.3832034617742,0.468013384762454,0.728602208588284,0.507501875468867,0.332408985255094
"Com_38459_neg",1.15555010398167,0.208579815581181,0.799254268574528,0.485746436609152,1.31312109910666
"Com_38534_pos",2.1082945337226,1.07607642895722,0.798224057996939,0.462115528882221,1.20652239889929
"Com_38550_pos",0.97831820101886,-0.0316243123608408,0.920008443251414,0.506001500375094,0.603299274478142
"Com_38565_pos",0.713892182279758,-0.486221891551449,0.283630074717336,0.453863465866467,0.768164046197567
"Com_38576_neg",1.33104080657502,0.412554801558579,0.224110842163824,0.547636909227307,1.02316433426835
"Com_3857_pos",0.0936918949995552,-3.41593193964585,0.0893911511834747,0.439984996249062,1.04972271386029
"Com_38678_neg",0.840944227989588,-0.249917971780226,0.823348579835268,0.50450112528132,0.344404206528253
"Com_38683_pos",0.595808776911807,-0.747078718675092,0.0890341507072024,0.602025506376594,1.34752948044709
"Com_38694_pos",0.697086280671777,-0.520590860610689,0.80322747748041,0.50450112528132,1.41768701462903
"Com_38720_neg",1.05734220266296,0.0804423721658179,0.721642862873284,0.531882970742686,1.16012675966232
"Com_38851_pos",1.04541720534419,0.0640788082984088,0.165997236941009,0.633533383345836,0.904768085521299
"Com_38895_pos",1.11078497452051,0.151579567206956,0.992305887185424,0.513503375843961,0.975472248633783
"Com_3891_neg",0.967976437752884,-0.046956164692027,0.523444748287442,0.533008252063016,0.425969913748334
"Com_39001_neg",0.752647323170188,-0.4099540922786,0.922161184927702,0.486871717929482,0.507979654517831
"Com_39131_pos",0.807058298167062,-0.309255203988138,0.415651783646953,0.529632408102025,0.676542665061651
"Com_391_pos",0.898905755763842,-0.153758228112527,0.336897516060563,0.550637659414854,0.980558775888763
"Com_39212_pos",0.762827593938275,-0.390571063352742,0.0067565537755135,0.666916729182296,1.80902245988889
"Com_39284_pos",1.21617919882929,0.282355819418687,0.771066967114818,0.476744186046512,0.971320858368926
"Com_39368_pos",1.0094035245419,0.0135030292269275,0.985431970723435,0.513878469617404,0.834259572579774
"Com_39397_neg",1.07595531047276,0.105618157171254,0.172040457456833,0.630157539384846,0.982239510734061
"Com_393_pos",0.989449736581894,-0.0153016737448034,0.992676254711533,0.507126781695424,0.885730457353157
"Com_39448_pos",1.87751515588654,0.908824553669826,0.939164760835736,0.522505626406602,1.10434581339078
"Com_39456_neg",1.04464428746154,0.0630117728537739,0.918525844235641,0.509377344336084,0.730460071376272
"Com_39488_pos",0.741741065321008,-0.431012451132217,0.178617411233254,0.596399099774944,1.63185343975721
"Com_394_pos",36.1123363643378,5.17441985641472,0.393457709619599,0.523255813953488,1.3773724783034
"Com_39570_neg",1.27554088739406,0.351109145192997,0.0895483506470978,0.598274568642161,1.14296868127013
"Com_39594_pos",1.20229228314692,0.265787664923274,0.959861132142837,0.566016504126032,0.0701267719308529
"Com_39673_neg",0.895774086570761,-0.15879316313961,0.879710574727569,0.519504876219055,0.451764022991938
"Com_39684_neg",1.39400150883044,0.479232122742215,0.744946684492002,0.506376594148537,0.824916658156638
"Com_3970_pos",1.0928761273617,0.128129887223349,0.981268672606882,0.483870967741935,0.467065916520813
"Com_39753_pos",1.22807176790786,0.296394873557698,0.781669533747749,0.584021005251313,0.462707106530592
"Com_3979_neg",0.920663393945505,-0.119254309525245,0.848367602862557,0.512753188297074,0.222095969855997
"Com_397_pos",1.01665231216334,0.0238263721344036,0.44399720217148,0.542010502625656,0.51717710152835
"Com_3989_neg",0.162900607672927,-2.61793610928616,0.120827680488446,0.570517629407352,1.19665777523523
"Com_39919_pos",0.887728418936676,-0.171809711757683,0.57589890432806,0.519129782445611,0.626698421711135
"Com_3996_pos",1.64106568116642,0.714632981689394,0.73705928299881,0.534508627156789,0.461227564873819
"Com_39993_neg",0.865590993231889,-0.208242607376159,0.315977100856648,0.526631657914479,0.675902631388667
"Com_3_pos",2.81185878973477,1.49152414474305,0.492868724944826,0.577269317329332,0.602385751084976
"Com_40010_pos",2.20385159270287,1.14002707614119,0.747947329890466,0.556264066016504,1.23062911464487
"Com_40034_pos",0.813504800465669,-0.297777235667395,0.0581418643377031,0.613278319579895,1.44072220415296
"Com_4006_pos",1.07355813124596,0.102400312658855,0.608280223011045,0.54126031507877,0.43457294047333
"Com_40090_pos",1.99609084177572,0.997177378990354,0.165400969181204,0.528507126781695,1.80938198289861
"Com_40109_pos",1.11684738833009,0.159432062149437,0.522541601581394,0.539759939984996,0.531070158375505
"Com_40121_neg",0.460378783430479,-1.11910674652784,0.15495948695135,0.536384096024006,0.98534254381898
"Com_40139_neg",0.985507093799687,-0.0210618388871999,0.650521021871693,0.529257314328582,0.96445048561118
"Com_40360_pos",0.739811995542504,-0.434769401928319,0.51366620515799,0.529632408102025,0.891443017033473
"Com_4047_pos",1.14366438698363,0.193663749432042,0.461735829880356,0.543885971492873,0.538452159391924
"Com_40579_neg",0.821574966395951,-0.28353587185667,0.661233575965439,0.558139534883721,0.806467876713392
"Com_4061_pos",1.7247154132434,0.786358329558166,0.249978868655905,0.575393848462115,1.1583434532394
"Com_4062_neg",2.39402777996364,1.25943989321009,0.612944725432678,0.481245311327832,1.0071422147098
"Com_4064_pos",1.00452449041069,0.0065127375538798,0.904708999547117,0.512753188297074,0.926133172555181
"Com_4066_pos",0.718583666655128,-0.476771951508669,0.650447004580815,0.515003750937734,0.361978203235428
"Com_406_pos",0.950144793331394,-0.0737807112293665,0.224026001731734,0.570892723180795,0.985013013071786
"Com_40723_neg",0.846031514868369,-0.241216689819343,0.145512388255284,0.566391597899475,1.02015930152095
"Com_40759_neg",0.44594192201502,-1.16507226428633,0.0629020773530439,0.5960240060015,1.13802850044897
"Com_40794_neg",1.37756576689157,0.462121196693637,0.251434878683877,0.534883720930233,0.79439542022299
"Com_4084_pos",0.815942558773823,-0.293460502848744,0.0695571394477209,0.624531132783196,1.20272211782349
"Com_4087_neg",1.05014608335045,0.0705900317636297,0.917458896087157,0.509377344336084,1.07368894283762
"Com_4094_neg",0.918492387044442,-0.122660331328361,0.237648398025665,0.562640660165041,0.968547264214095
"Com_40953_pos",0.62777399987654,-0.671682815929005,0.215527565670161,0.553638409602401,0.916181752359852
"Com_40958_pos",1.13288637051451,0.180003164851071,0.462159801955981,0.537509377344336,0.561755938476089
"Com_40965_neg",1.05967500090172,0.0836218624476847,0.714271870680676,0.558139534883721,0.531921294600283
"Com_4109_pos",10.315395998929,3.36672730096149,0.865704811826244,0.528132033008252,1.16416276279618
"Com_410_pos",2.06357985327985,1.04514926664726,0.626910537675743,0.507126781695424,1.01716125368542
"Com_4123_pos",0.90974303640764,-0.136468991830714,0.153162805727852,0.575393848462115,1.72823324960949
"Com_41263_pos",0.629998596659546,-0.666579479916981,0.904828973110652,0.516504126031508,0.383233178175144
"Com_41276_pos",0.697665866755719,-0.519391843253027,0.488361016406582,0.517629407351838,0.434377726091073
"Com_41288_pos",0.681456551115593,-0.553306419497871,0.321896500167856,0.466991747936984,0.913534808188123
"Com_4131_neg",0.933867527655216,-0.0987101817292475,0.541599261391393,0.546136534133533,1.15285802198019
"Com_41415_neg",0.903143963817116,-0.146972118996874,0.259115284322669,0.558139534883721,0.82861451275213
"Com_41444_pos",0.909330500282032,-0.137123351119441,0.205272053069362,0.588522130532633,1.03950532400065
"Com_41453_pos",1.92462742118459,0.944579188855008,0.439510358251022,0.500750187546887,1.44557023253245
"Com_41587_neg",1.19388413240288,0.255662828462769,0.542409365341168,0.503000750187547,1.14955670755835
"Com_415_pos",1.04017766909353,0.0568299710857434,0.594305236059444,0.536384096024006,0.928225984979206
"Com_4160_pos",0.790987693212303,-0.338272846560599,0.279082698794511,0.545386346586647,1.04531232412854
"Com_41626_neg",2.05100761872536,1.03633285089962,0.195270284983577,0.550637659414854,1.79977620554112
"Com_41629_pos",0.788983672903734,-0.341932649229789,0.427084454549117,0.519879969992498,0.76822951071027
"Com_4162_pos",0.323503260686365,-1.62814784124039,0.074063877071873,0.576519129782446,1.23391244189347
"Com_41832_pos",0.737975116271011,-0.438355923910164,0.61865440127298,0.50112528132033,0.376567406614334
"Com_4184_pos",0.984748525103377,-0.022172743827569,0.529688602579901,0.513878469617404,1.12884923861359
"Com_41873_pos",0.720596030938863,-0.472737389501495,0.223930764094033,0.531507876969242,0.978427451112699
"Com_418_pos",0.75495323516408,-0.405540814007828,0.759157134581222,0.513128282070518,0.528040364996494
"Com_4194_pos",2.2063513560109,1.14166255485093,0.67109978615504,0.519129782445611,1.06737479757665
"Com_42111_neg",0.988339402063502,-0.0169215372989107,0.60512884329128,0.516129032258065,0.434748941417821
"Com_42153_pos",0.855836721679652,-0.224592512387126,0.517345357035094,0.471492873218305,1.01091566539401
"Com_4224_pos",0.867663269763659,-0.204792837121332,0.302332709365589,0.540510127531883,0.632204943999143
"Com_42358_pos",0.829610084829179,-0.269494663073962,0.548992744791814,0.537134283570893,0.762368291584813
"Com_4235_pos",0.679919657029459,-0.556563815073208,0.509461377403501,0.572768192048012,0.967942576999975
"Com_423_pos",1.1817495933029,0.240924368195619,0.334470829947162,0.569392348087022,1.75399437508875
"Com_42425_pos",0.727088068964412,-0.459797972884175,0.19109076331307,0.581020255063766,1.26536356449115
"Com_4242_neg",0.915506221199736,-0.127358405190788,0.338562797858065,0.501875468867217,0.821378048372231
"Com_4243_neg",0.283749293760963,-1.81731129328143,0.0392916392231711,0.419354838709677,1.50771184186162
"Com_4248_neg",0.987062337173079,-0.0187868950176829,0.86716057767033,0.505251312828207,0.115154463797037
"Com_4249_pos",1.04211045965712,0.0595082057867646,0.593623985535965,0.55138784696174,0.545593013635256
"Com_424_pos",1.21553428320209,0.281590584035618,0.86591339537294,0.499624906226557,0.838584360938066
"Com_42501_pos",0.933814463295921,-0.0987921610901819,0.461611191338893,0.531882970742686,0.604323680147788
"Com_42505_pos",3.2468990478524,1.69906252924154,0.464752792517298,0.49887471867967,0.986243834617662
"Com_42577_pos",1.00726004459347,0.0104361923943613,0.854244819322567,0.521755438859715,0.955672789964577
"Com_42633_pos",0.708869208876739,-0.496408629779825,0.897515437409748,0.496999249812453,0.983119786593159
"Com_4264_pos",0.935901216891689,-0.0955718315544239,0.770661142109995,0.515753938484621,0.208173492855319
"Com_42792_neg",1.05879702978086,0.0824260527921579,0.557790504262955,0.551762940735184,0.988806386679925
"Com_4282_pos",0.9888531398664,-0.0161718207371498,0.209519083489945,0.596399099774944,1.42260232195632
"Com_42877_pos",0.834705482696152,-0.260660847726394,0.927388024971619,0.504126031507877,0.665973209070552
"Com_42895_neg",1.21979027479365,0.286633118669412,0.271089324605827,0.526256564141035,0.867609485517045
"Com_428_pos",1.03638477489209,0.0515597267392721,0.755978654919579,0.503000750187547,1.15119595705588
"Com_4290_neg",1.01073083246109,0.0153988445440272,0.431757872400699,0.535258814703676,0.544318493760794
"Com_42930_neg",2.2224098310353,1.15212488634092,0.3861678951865,0.477119279819955,1.69524161012104
"Com_4293_pos",0.580834595520865,-0.783800709563388,0.390584942633439,0.524006001500375,0.553563031575382
"Com_42971_pos",0.741781952056857,-0.43093292814488,0.168125445023852,0.571642910727682,1.10794440425244
"Com_4300_pos",1.00246597047287,0.0035532640484781,0.934897378508788,0.494748687171793,1.1498796455352
"Com_43048_pos",0.82018910908882,-0.285971507974083,0.947730589946151,0.557014253563391,0.105334745344814
"Com_4307_pos",0.677472685872474,-0.561765313366529,0.0449674232714594,0.613653413353338,1.35980006057336
"Com_4314_neg",0.913801996530178,-0.13004650024969,0.73007517381579,0.533383345836459,0.681035628610963
"Com_43151_pos",1.28812807528048,0.365276044062718,0.307002051778156,0.543135783945986,1.26160159191714
"Com_43156_pos",0.801286589585209,-0.319609763083751,0.0281992908419455,0.63278319579895,1.80170071390406
"Com_43164_pos",0.748832886409465,-0.417284299899254,0.210978201634567,0.457239309827457,1.04574090226184
"Com_4317_neg",0.266252231449387,-1.90913447832833,0.698832351199245,0.554013503375844,0.572418404673369
"Com_431_pos",1.0669899469206,0.093546583288747,0.689214769330774,0.487996999249812,0.587782161006555
"Com_4323_neg",0.486858940359627,-1.03842425999681,0.430880366453411,0.491372843210803,0.678028010078842
"Com_4327_pos",0.928563708753245,-0.106927198028503,0.437740698471245,0.552138034508627,0.793973513239341
"Com_43281_pos",1.03598483134518,0.0510028795656895,0.39043058317586,0.576894223555889,0.734365404657882
"Com_43289_neg",1.80206541574657,0.849651382550023,0.463454400506016,0.493623405851463,0.933048965988423
"Com_43307_pos",0.808851060407848,-0.306054021642449,0.827333458568772,0.529632408102025,0.294011728000788
"Com_43312_pos",1.38123125229169,0.465954882669235,0.926329315704911,0.512003000750188,1.05596213011292
"Com_4339_pos",0.575394416815244,-0.797376872545023,0.612222233418361,0.537509377344336,0.504922905782395
"Com_4343_pos",1.13109979788402,0.177726225137224,0.681615281773778,0.477119279819955,0.474549836374621
"Com_4349_pos",0.880435046773482,-0.183711520307652,0.204817287276206,0.564141035258815,0.803258257333389
"Com_4357_pos",1.18752770871413,0.247961176397765,0.460697639092462,0.559639909977494,0.573026246406133
"Com_43721_neg",0.879763376672158,-0.184812549780714,0.165682837524069,0.580645161290323,0.971091638504884
"Com_437_neg",2.30604120744862,1.20541829323713,0.844266961050001,0.523255813953488,1.70398957706905
"Com_438_pos",0.986824535940326,-0.0191345083136046,0.978101257023404,0.509377344336084,0.728052603467179
"Com_43936_pos",0.584028383598957,-0.7758896095451,0.425868784912794,0.594148537134284,0.626718841220815
"Com_43979_pos",0.958307331773003,-0.061439688487844,0.173073678173853,0.658289572393098,0.912678775252283
"Com_4399_pos",1.01807096493513,0.0258381283995274,0.966862844098859,0.527381845461365,0.710555846570603
"Com_44021_pos",0.936252903640938,-0.095029807017564,0.41363108031336,0.556264066016504,0.753262431533518
"Com_4411_neg",1.05358823213658,0.0753111368754297,0.476120923128533,0.473743435858965,0.595842159054246
"Com_4411_pos",0.740492523275719,-0.43344292613556,0.939357133718864,0.530382595648912,0.534677207380061
"Com_44150_pos",1.10834633859144,0.148408768474291,0.869946310869212,0.476744186046512,0.70744683054421
"Com_44171_pos",0.731740791676827,-0.450595409204843,0.463636476802307,0.552138034508627,0.523683292047939
"Com_44218_pos",0.657828974035118,-0.604215541903753,0.0742452319423062,0.577644411102776,1.2571749273596
"Com_44225_neg",0.864061763512396,-0.210793654340863,0.161735821322916,0.560015003750938,1.19604507969208
"Com_4422_pos",0.996658434090044,-0.0048289331671945,0.942380669714576,0.50450112528132,0.102470633065993
"Com_44264_pos",1.31339350211779,0.393299222781745,0.547422733147476,0.569017254313578,0.817124417696238
"Com_4432_pos",0.881857609210069,-0.181382367755808,0.844863965984313,0.513503375843961,0.316065023583819
"Com_4433_neg",1.98686225420925,0.990491856453865,0.0345107192470507,0.651537884471118,1.69415522368275
"Com_44458_pos",0.957112827436157,-0.0632390907737657,0.933020440756288,0.49662415603901,0.380328778072217
"Com_4448_neg",1.01634255013976,0.02338673291345,0.80240971867108,0.497374343585896,0.468732765786909
"Com_44576_pos",1.17111179584463,0.227878803945061,0.566018171579451,0.537884471117779,1.18031632728029
"Com_44707_neg",0.838755886662536,-0.253677108234397,0.184460667163435,0.566016504126032,0.940087435234666
"Com_4483_pos",0.163742335231751,-2.6105007191194,0.118546583447244,0.477869467366842,0.991881459384815
"Com_44881_neg",0.871950033505686,-0.197682630159185,0.884410138136474,0.504126031507877,0.331051148745056
"Com_4492_neg",1.13178803558564,0.178603791523865,0.795230859750717,0.530757689422356,0.261157597644793
"Com_4493_neg",0.810758412506581,-0.302656006587335,0.501342670302295,0.574643660915229,1.28563492601063
"Com_4495_pos",0.979950301968147,-0.0292195098658125,0.456585755852602,0.572018004501125,0.745748522010514
"Com_44962_pos",0.614889265894783,-0.701601472937288,0.273501267868176,0.558889722430608,1.19505483853794
"Com_45002_pos",0.650430864101279,-0.62053237740464,0.473068697984179,0.446736684171043,0.90121890103784
"Com_45027_pos",1.06657172754583,0.0929809909902606,0.61036659794356,0.54351087771943,1.01301451022005
"Com_45104_neg",0.665283530691204,-0.58795877510722,0.227073333687453,0.552513128282071,0.871731645074203
"Com_45104_pos",0.83359178865271,-0.262587028557363,0.76116226775907,0.473743435858965,0.913150120120544
"Com_4510_pos",1.52520485443632,0.609003028007284,0.987827245143688,0.49437359339835,0.230104005474935
"Com_4522_pos",0.0931624541090243,-3.42410754588625,0.667419045225186,0.567516879219805,0.287995896654852
"Com_45276_pos",0.696066578608899,-0.522702788763021,0.0016227907227718,0.675918979744936,2.0231221396019
"Com_45374_pos",0.690061498304217,-0.535203154235849,0.65415169494554,0.508627156789197,0.721764819748552
"Com_4537_pos",1.34987610128842,0.432826995231858,0.0746503539065845,0.590772693173293,1.19550299768811
"Com_4538_neg",1.04475945256236,0.0631708116425173,0.637631697698515,0.524006001500375,0.661191442407783
"Com_4538_pos",1.10279208291624,0.141160815207859,0.788049983823621,0.50450112528132,0.211370380094963
"Com_45436_neg",1.26297480890694,0.336825863648445,0.16213262339724,0.542010502625656,1.68937709178346
"Com_45497_pos",0.715650897323702,-0.482672098909951,0.613354946450171,0.533758439609902,0.488409054106956
"Com_45510_pos",1.2764849353591,0.352176511649485,0.609085149628741,0.495873968492123,1.44419733484997
"Com_4551_pos",0.600296327399115,-0.736253253274862,0.433950747041065,0.54688672168042,1.5396324623495
"Com_45560_pos",0.957782659538661,-0.0622297787789347,0.707518722146692,0.530382595648912,0.723819958483471
"Com_45623_pos",0.932832914586614,-0.100309400610193,0.332510929663964,0.547636909227307,1.01549392445223
"Com_4568_neg",0.9248114096629,-0.112768897997577,0.971168523163028,0.496999249812453,0.453711080676952
"Com_4572_neg",0.81612169755368,-0.293143796408582,0.758997383700322,0.508252063015754,0.696861065155534
"Com_4578_pos",0.373727628136923,-1.41994087475236,0.0616403531075756,0.593398349587397,1.4771237129687
"Com_4584_pos",0.836132695948887,-0.258196175792136,0.26190839370941,0.581395348837209,0.859295121740225
"Com_4592_pos",3.13468340575584,1.64831974222654,0.324917702439356,0.510127531882971,1.38288993861985
"Com_4594_neg",1.03907943913479,0.0553059545932195,0.842672079386245,0.508252063015754,0.343052181024973
"Com_46003_neg",1.05096033388253,0.0717082190708937,0.819618784910823,0.518379594898725,0.338379115404728
"Com_4603_pos",1.03502734417975,0.0496688824989156,0.514558521807831,0.542010502625656,1.21579361620308
"Com_4604_pos",0.737643412657069,-0.439004529437349,0.194836799555968,0.558889722430608,1.07395590454311
"Com_4606_pos",1.08222909180015,0.114005928572799,0.0871977040200637,0.603900975243811,1.22105894475225
"Com_4614_neg",0.925544833707676,-0.111625218458601,0.628924440541214,0.520255063765942,1.06910730053063
"Com_4622_pos",1.69228275221205,0.75897063886772,0.233888644633199,0.574268567141785,0.882929734996128
"Com_46235_pos",0.746812419386361,-0.421182175306467,0.445833197748102,0.540885221305326,1.22903734222178
"Com_4624_neg",1.00969236703222,0.013915799747599,0.89539041163984,0.516129032258065,1.40971159896936
"Com_4624_pos",1.18260593769184,0.241969425794651,0.9319429732054,0.481620405101275,0.476559941790958
"Com_4628_pos",0.857210480045228,-0.222278606729114,0.0632131095187435,0.623405851462866,1.39264780352289
"Com_4634_pos",0.494804317717934,-1.01507000539953,0.0374401613430014,0.58702175543886,1.26799451054026
"Com_46397_neg",0.599623603044327,-0.737870921533552,0.0286359574915007,0.617779444861215,1.48359628706348
"Com_4639_pos",0.975943560278973,-0.0351303770787498,0.864853450784108,0.516129032258065,0.333152396813866
"Com_46404_pos",2.43368362056399,1.28314162955095,0.591777619073083,0.559639909977494,0.935884914635287
"Com_46427_neg",0.63809597246579,-0.648154666841558,0.269214810902627,0.580270067516879,0.904758084463601
"Com_46432_pos",0.821964042424537,-0.282852811625737,0.0665197255984412,0.610277569392348,1.67738405635958
"Com_46481_pos",0.698741949116544,-0.517168339524093,0.229009505088789,0.559639909977494,1.19997878653557
"Com_464_neg",0.336295887588916,-1.57219695798347,0.566044931966633,0.545011252813203,0.742266648727233
"Com_46505_pos",1.55211199139167,0.634232657780381,0.556067052167278,0.574268567141785,0.97222210648614
"Com_46604_pos",1.27037141700613,0.345250357732511,0.0202197115926955,0.639909977494374,1.61164081565384
"Com_4662_pos",1.49685893101487,0.581938263403578,0.423275894631569,0.549887471867967,0.997078318306813
"Com_4663_neg",0.943942313100568,-0.0832293996505898,0.317935014979121,0.557764441110278,0.839893922445421
"Com_46642_pos",1.13472498258601,0.182342681360658,0.87892119934438,0.471492873218305,0.857155773618858
"Com_46648_neg",0.743465701822851,-0.427661906680193,0.871470869510441,0.534133533383346,0.537133338755491
"Com_46659_neg",0.892295795412737,-0.164406053088387,0.141057345375391,0.555888972243061,1.1125355448347
"Com_46787_pos",1.5009001394279,0.585827992185284,0.305507938770499,0.463240810202551,1.0366285649177
"Com_46818_pos",0.616288287991339,-0.698322720651468,0.323367417377319,0.570142535633908,0.890542534878894
"Com_4684_neg",1.71035482696875,0.774295654938587,0.86913942384406,0.466241560390098,0.531024728487717
"Com_4691_pos",0.764627062097739,-0.387171833161973,0.300552640776125,0.582895723930983,0.803536095279757
"Com_46920_pos",0.883098300378961,-0.179354057267434,0.805381494515046,0.499624906226557,0.361385796649215
"Com_46930_neg",1.0133247654753,0.0190966247320281,0.390374241200015,0.546511627906977,1.11437373315883
"Com_46995_neg",1.49760001553122,0.58265235499577,0.888199867908822,0.44748687171793,0.667006882750258
"Com_469_neg",1.01318490785464,0.0188974923037625,0.769811922465669,0.532258064516129,0.236777851721953
"Com_4700_pos",0.744042879314423,-0.426542328403937,0.39441206332545,0.524381095273818,0.705941762304821
"Com_47047_pos",1.01391962271975,0.0199432889292341,0.807434225639276,0.507126781695424,1.09794810877605
"Com_4704_pos",0.0833185812848907,-3.58521791581477,0.248669200894455,0.465116279069767,0.948587097708949
"Com_47131_neg",1.31891324824177,0.399349674182038,0.517080061890115,0.479744936234059,0.615446978315294
"Com_47151_neg",0.914559497657282,-0.12885106577402,0.356102751199954,0.575768942235559,0.954978827428077
"Com_4715_neg",1.02690101831485,0.0382971288145718,0.748612719655999,0.472993248312078,0.752048555549819
"Com_4720_neg",3.28324852268131,1.71512395760805,0.0913632093667276,0.558139534883721,1.53411459834385
"Com_47215_pos",1.08030637485111,0.111440518681387,0.780073210300708,0.508627156789197,0.850397281379464
"Com_4724_pos",1.02804220909467,0.039899499552648,0.487503772638025,0.579519879969993,0.808965152863634
"Com_47307_neg",0.887048840478405,-0.172914554085764,0.420316099348696,0.493623405851463,0.566765398024283
"Com_47377_pos",0.97120382909654,-0.0421539852710126,0.990942274947824,0.508252063015754,0.541967381504041
"Com_4739_pos",0.793244574949061,-0.334162345395379,0.514103731023252,0.539384846211553,0.524949310907781
"Com_4740_neg",2.5894807901799,1.37266285601076,0.0791349407775932,0.599024756189047,2.14698295268667
"Com_4745_neg",0.894761771993329,-0.16042447520667,0.449618584646549,0.54913728432108,0.527682013605063
"Com_4749_neg",0.672422903982201,-0.572559228583998,0.549253509561157,0.50562640660165,0.437527808821519
"Com_4749_pos",0.827275686357721,-0.273559912936324,0.48110225585538,0.543135783945986,0.620305039483011
"Com_47515_pos",1.88660233717631,0.915790360064454,0.246506855540705,0.506376594148537,1.58065896327557
"Com_47602_neg",0.950870008367596,-0.0726799684196554,0.966762049057281,0.487246811702926,1.00291031510595
"Com_47605_pos",0.965505761520811,-0.0506432266045477,0.256886452716336,0.572393098274569,0.563582803134971
"Com_47612_pos",0.68880137622752,-0.537840069640069,0.003951171061418,0.645536384096024,1.7724164056785
"Com_4768_pos",1.05964099258738,0.0835755610687472,0.845937372578399,0.532258064516129,1.00703764470676
"Com_4770_pos",3.4652351963906,1.79295327592695,0.572666445682681,0.570142535633908,0.867267914116119
"Com_47735_neg",1.13686566391418,0.185061790329741,0.967874060321458,0.520630157539385,0.803604692987499
"Com_47788_neg",0.863924414982275,-0.211022998818454,0.0334869103107803,0.59152288072018,1.61979862452053
"Com_47884_pos",0.908609264174314,-0.138268079708199,0.825676944013546,0.506001500375094,0.475080107264916
"Com_47934_pos",1.06433407112279,0.0899510522540173,0.559424946327895,0.537884471117779,0.535019796066743
"Com_4793_pos",1.05994194481633,0.0839852476004762,0.680674327756048,0.533008252063016,0.746592633289091
"Com_48083_pos",0.996154934004429,-0.0055579498465188,0.4801238002761,0.564891222805701,0.742278652891311
"Com_48117_pos",1.051201912509,0.0720398055490788,0.9724526222411,0.502625656414104,1.02759873179903
"Com_4812_pos",0.961661007666151,-0.0563996715238838,0.131954470545039,0.614028507126782,1.32781679925172
"Com_4814_neg",1.02752212686558,0.0391694615230453,0.771715559694123,0.518754688672168,1.05258175616558
"Com_4819_neg",1.06820919725696,0.0951942109677401,0.62400699643735,0.539384846211553,0.339726829798623
"Com_48248_pos",1.06588777774695,0.0920555515955645,0.986083923619873,0.517629407351838,1.04409382157476
"Com_4824_pos",0.83560882861622,-0.259100359622657,0.654674655823716,0.532258064516129,0.506723817585962
"Com_48257_neg",0.93676347703969,-0.0942432664018684,0.386325547999894,0.534508627156789,1.29953615849746
"Com_4826_pos",1.25355608312746,0.326026542673562,0.754895898238601,0.523630907726932,0.25962701925396
"Com_48364_pos",1.17421193871298,0.231692830368132,0.591530884901046,0.506001500375094,1.19343037776009
"Com_48405_pos",0.512056105338849,-0.965626201733263,0.0071926208782687,0.665041260315079,1.85064910206892
"Com_48492_pos",2.4692888126283,1.30409558665424,0.0356988977713822,0.629407351837959,1.60192107581683
"Com_48502_pos",1.31663889855065,0.396859726230067,0.107252285846591,0.617404351087772,1.85100237510468
"Com_48585_pos",0.85090534297813,-0.232929443365638,0.213310192540593,0.552513128282071,1.17213429130568
"Com_48627_pos",0.972720609147885,-0.0399026102080473,0.35826757545444,0.461365341335334,0.415572716119222
"Com_48628_pos",0.963295894669437,-0.0539490775014282,0.930027991210852,0.50337584396099,1.08427096205069
"Com_4865_pos",1.09705642998525,0.133637736466758,0.797417000233191,0.507126781695424,0.683993554716573
"Com_4869_pos",1.14950077719784,0.201007441488099,0.607376970324057,0.537134283570893,0.646726550157276
"Com_48700_pos",1.16209010244706,0.216721932179641,0.134746705751643,0.5847711927982,0.990963685880441
"Com_48712_pos",0.813686037481404,-0.297455860031778,0.153157843303045,0.580270067516879,1.22473794966484
"Com_48718_pos",0.78944362693573,-0.341091845957003,0.0685795278166995,0.603900975243811,1.31673336074952
"Com_48879_pos",0.724673231092246,-0.464597491697237,0.154818697358514,0.553638409602401,1.03013049244934
"Com_488_pos",8.39720548088175,3.06990929102868,0.000133951825081,0.677044261065266,2.610676055691
"Com_48904_pos",1.08539508168212,0.11822027643447,0.528001395283684,0.463615903975994,0.398195097501349
"Com_48912_pos",0.921300219292862,-0.1182567384543,0.42395227107119,0.484246061515379,0.655378895811378
"Com_4894_neg",0.987777510423754,-0.0177419728702129,0.815025807463194,0.517629407351838,0.497296964779936
"Com_49127_pos",1.03166140349684,0.0449695486197955,0.728178705938119,0.5423855963991,0.611207767366902
"Com_49158_pos",0.626045644565441,-0.675660247972977,0.0504175814835468,0.614403600900225,1.3584007794645
"Com_4918_pos",1.18518076130289,0.245107112749846,0.399506469871736,0.562640660165041,0.791603826249795
"Com_4924_pos",0.996829629748965,-0.0045811432423542,0.845192125090938,0.484996249062266,0.93739946631976
"Com_4931_pos",0.319270847449509,-1.64714726813071,0.110756671681627,0.588522130532633,1.11250702648888
"Com_4940_neg",1.04949559870874,0.0696961163829126,0.732146525094461,0.522505626406602,0.420535686422193
"Com_49504_pos",0.432237075364009,-1.21010526945133,0.136351167837274,0.537134283570893,1.40105003140089
"Com_49573_pos",0.770658724896584,-0.375835970025319,0.0433758008930387,0.605776444111028,1.38724767473856
"Com_4961_pos",0.74933050775089,-0.41632590527993,0.12981779073279,0.576894223555889,1.11557479231875
"Com_4963_neg",0.272914416335577,-1.8734794898447,0.179305379090487,0.440735183795949,1.01648272456018
"Com_49658_pos",1.10608209559757,0.145458469221806,0.811065979000525,0.522505626406602,0.652462376271058
"Com_4965_neg",0.763901692517842,-0.388541106943871,0.225135495321319,0.55138784696174,0.941591944716746
"Com_49731_neg",0.789057444189749,-0.341797761149347,0.133794227705076,0.59377344336084,1.05984963112628
"Com_49787_pos",1.00538347577298,0.0077458825721315,0.579006502995146,0.546136534133533,0.537763800489906
"Com_49874_pos",0.832353664341559,-0.264731439863701,0.759579273572231,0.50225056264066,0.662502264563621
"Com_49938_neg",0.851136855093105,-0.232536972036057,0.151691583606047,0.578019504876219,1.31455450664935
"Com_4996_neg",0.87898477955465,-0.186089910919298,0.631209095223128,0.54126031507877,0.625218203251403
"Com_49980_pos",0.936212435114916,-0.0950921673086783,0.437951439071348,0.519879969992498,0.841659064983149
"Com_4999_pos",0.896245084730111,-0.158034793212221,0.097433678168134,0.613653413353338,1.19568303776884
"Com_4_neg",0.963369777722898,-0.0538384296434075,0.887981846746734,0.507501875468867,0.79188265941733
"Com_50018_pos",1.31710140423896,0.397366423620892,0.281084102314518,0.468492123030758,1.62969284634823
"Com_5005_neg",0.980781919694437,-0.0279957110948009,0.503423333817429,0.536759189797449,0.628230922377229
"Com_50073_pos",1.12275018752895,0.167036963085701,0.681393680250878,0.537884471117779,1.10336730333232
"Com_50144_pos",0.858347078117996,-0.220366966242111,0.134684347316254,0.579519879969992,1.18080508124061
"Com_50146_pos",0.846423735178961,-0.240548011215119,0.231162691074614,0.569392348087022,1.05910042031963
"Com_50175_pos",0.805248655394652,-0.312493748291489,0.548306166027126,0.50225056264066,0.683983347617277
"Com_5027_neg",1.08775031289143,0.1213474318698,0.590020097087253,0.558139534883721,0.749147170767904
"Com_50325_pos",0.614182485527659,-0.703260722923083,0.519484388393859,0.538634658664666,0.469878329908658
"Com_5034_neg",0.986072262709191,-0.0202347188398654,0.730691208000872,0.480120030007502,0.638522082743494
"Com_50352_pos",1.04509106158935,0.0636286536743068,0.46119844705558,0.553263315828957,0.825770565388238
"Com_5035_pos",3.6265559353897,1.85860010096503,0.74992717084792,0.532258064516129,0.695593058495624
"Com_5040_pos",3.66284541224437,1.87296481442495,0.372194769565327,0.534133533383346,1.33360848913947
"Com_5043_pos",1.01390143381395,0.0199174079037729,0.899822687023909,0.496999249812453,0.627288070943358
"Com_505_neg",1.38710104384309,0.472072885096035,0.355153207933427,0.474493623405851,0.605758677516702
"Com_505_pos",0.0546718969479928,-4.19305675625326,0.0245083259354361,0.423480870217554,1.44451465681449
"Com_5060_neg",1.95874690043464,0.969930991746426,0.674579374058519,0.499624906226557,1.54710442977967
"Com_5061_pos",1.05076711733247,0.0714429586450346,0.086380873508514,0.575768942235559,1.13911121151047
"Com_50748_pos",1.06739897134198,0.0940995261067144,0.711977715225815,0.491372843210803,1.13494355502907
"Com_50770_neg",0.819129463190848,-0.287836607437811,0.186992508491377,0.550637659414854,1.39873909434076
"Com_50772_pos",0.424415790839322,-1.23644976063804,0.131813853934799,0.516504126031508,1.21844512363952
"Com_5077_pos",1.08786608973175,0.121500979777727,0.228828572881323,0.426856714178545,1.09000499115807
"Com_5078_pos",1.08307746895389,0.115136437847853,0.244886590799499,0.428357089272318,1.0603621780627
"Com_5079_pos",0.600171819750573,-0.736552514139342,0.169177093824169,0.45873968492123,1.01524185698841
"Com_51042_pos",0.771483656388134,-0.37429250075829,0.0203361789926972,0.641410352588147,1.53697786861967
"Com_51170_pos",0.992526173105468,-0.0108229479853263,0.989716091383202,0.535258814703676,0.291353609934346
"Com_51192_pos",0.844138568140606,-0.244448253347904,0.389208935083281,0.568642160540135,0.874129238697998
"Com_5119_neg",0.886987896767411,-0.173013676260422,0.849167323100822,0.509002250562641,0.128689287221357
"Com_51252_pos",0.902983782257878,-0.147228017996558,0.300380413094712,0.54463615903976,0.69939763083724
"Com_51259_pos",0.645920672780747,-0.630571100267204,0.769185543859457,0.569017254313578,0.486725883024327
"Com_512_pos",1.40598119331692,0.491577296764731,0.953516528546398,0.513128282070518,0.664326563116668
"Com_51314_pos",1.10741008819058,0.147189569581839,0.208621160302953,0.581395348837209,0.941133188269943
"Com_5152_neg",1.50035600297694,0.585304862581731,0.545039722617545,0.528507126781695,0.883278712118321
"Com_51563_pos",2.18754344525298,1.12931166957519,0.329194934520086,0.546136534133533,0.766243931330699
"Com_5162_neg",0.989784199052163,-0.0148140837301757,0.765714617739043,0.5,0.18727100749739
"Com_51742_pos",1.11799286738209,0.160910984043972,0.123538538024854,0.598274568642161,1.12358582696982
"Com_5182_pos",0.639128291387676,-0.645822544354254,0.132675035485171,0.615528882220555,1.07612948176827
"Com_51842_pos",0.920661225235662,-0.11925770793409,0.898607057496051,0.474493623405851,0.679643296619551
"Com_51922_pos",0.834463056160124,-0.261079915730164,0.171847539983523,0.549512378094524,1.18128924498114
"Com_51995_pos",0.79181591188197,-0.336763035649496,0.786398912613186,0.465116279069767,0.593097439590171
"Com_519_neg",0.948436754005541,-0.076376523385346,0.329225166039192,0.563390847711928,0.888178170031733
"Com_51_neg",9.03111155557638,3.17490356655723,0.543221292591399,0.555888972243061,0.673237223713824
"Com_5206_pos",0.997920275615069,-0.0030035324000562,0.84608115175099,0.528882220555139,0.595847427435666
"Com_52306_pos",1.482684059517,0.568211211192611,0.292598526924259,0.476744186046512,1.37329310926908
"Com_5241_pos",1.35061876111178,0.433620502885701,0.197118463190271,0.565641410352588,1.34832356253305
"Com_52423_pos",1.15448115663937,0.207244625736722,0.928466690219677,0.5423855963991,0.977505626181443
"Com_5243_pos",1.28760530540304,0.364690426369738,0.180773332577859,0.572018004501125,1.08434458014992
"Com_524_neg",0.824031713046557,-0.279228233966011,0.355235304061975,0.557014253563391,0.657800065440098
"Com_5256_pos",1.03923839135987,0.0555266326665571,0.660439337083672,0.529257314328582,1.28875710108218
"Com_5278_neg",1.03339049781956,0.0473855231393695,0.835026396396785,0.493623405851463,0.770839590238345
"Com_5281_pos",0.119838732875324,-3.06083382035182,0.875350072746057,0.466991747936984,0.206167514479129
"Com_52_pos",1.04079093568166,0.0576803026948041,0.575143332994139,0.492498124531133,0.758647333089455
"Com_5305_neg",0.550086764698471,-0.862268903290396,0.0726241295238182,0.578394598649662,1.19631925015846
"Com_5311_neg",0.957182494468244,-0.0631340826482172,0.839476835350249,0.516504126031508,1.018372312694
"Com_5313_neg",1.18913090008984,0.249907536375237,0.208860278761135,0.564141035258815,0.915631890510192
"Com_531_pos",1.2359203996552,0.305585828419665,0.743084478469215,0.509002250562641,0.725197843871519
"Com_532_pos",1.05816796815149,0.0815686516346479,0.364065422197547,0.539759939984996,0.656730306174211
"Com_5340_pos",0.895077033867876,-0.159916243128781,0.522147404195894,0.53900975243811,0.716017648441063
"Com_5341_pos",0.385078664022968,-1.37677490465557,0.317750133226068,0.554388597149287,0.677741085221787
"Com_5342_neg",0.923703525470982,-0.114498220482949,0.47147861221269,0.513503375843961,0.674357373407101
"Com_5353_neg",1.37513372436946,0.459571919803825,0.615490883541865,0.524006001500375,0.974054434043064
"Com_5355_pos",1.8875993628163,0.916552589587012,0.96036247321664,0.492498124531133,1.29962685132557
"Com_5356_pos",2.21118459547249,1.14481947013654,0.675661718901352,0.571267816954239,0.569481653408429
"Com_5358_pos",0.0789952873326998,-3.66208960160579,0.113875066745388,0.475993998499625,1.06847228642772
"Com_53722_pos",0.636556462382887,-0.651639608432324,0.0480106933353171,0.5847711927982,1.53391759193259
"Com_5372_pos",1.03973994822036,0.056222737667379,0.882280619130221,0.514253563390848,1.27181790436815
"Com_5373_neg",1.20186392426381,0.265273562519264,0.171394593977087,0.573143285821455,1.39982749652244
"Com_5382_neg",1.00872198507444,0.0125286065336227,0.330533541045955,0.556639159789947,0.768669648021663
"Com_5393_pos",1.02796493915648,0.0397910593103233,0.91208353647485,0.540510127531883,0.267883205024909
"Com_5398_pos",3.01014483221071,1.58983290349173,0.0612520309447831,0.577644411102776,1.84567003223807
"Com_53994_pos",0.79221405544049,-0.336037797161103,0.180911275531379,0.567141785446362,0.979341530684808
"Com_5413_neg",0.923974342118227,-0.114075304948135,0.395031160371816,0.472993248312078,0.959059789148251
"Com_5429_pos",0.801362111410224,-0.319473794468245,0.0677989635826538,0.601650412603151,1.56598058615458
"Com_543_neg",26.0907138545027,4.70546451241421,0.373687737608411,0.525131282820705,1.08550673478512
"Com_5443_neg",0.572167303556121,-0.805491037535956,0.424374544172328,0.484996249062266,0.491900295097997
"Com_544_pos",1.22830546454666,0.296669385939943,0.857998647820873,0.491372843210803,0.696851123257678
"Com_5462_neg",0.824495010917914,-0.278417331055743,0.105473588470458,0.601650412603151,1.24846609581392
"Com_5465_pos",1.4253340391141,0.511300066714815,0.895471276966616,0.486871717929482,0.275886103568982
"Com_5487_pos",0.708420450643956,-0.497322234552541,0.78082632041604,0.510127531882971,0.406483419225417
"Com_5502_pos",0.949931834769567,-0.0741041026734854,0.195436579419298,0.579519879969993,1.38979922208426
"Com_5503_pos",0.112887315232907,-3.14704471044793,0.286249031090011,0.530757689422356,0.826732180362718
"Com_5516_pos",1.04851910963767,0.06835315530982,0.649992599820113,0.534508627156789,0.391972283345648
"Com_5517_pos",0.374365138587755,-1.41748199951795,0.395208299435899,0.529257314328582,0.584936966669672
"Com_5520_pos",0.920851503669935,-0.11895956852926,0.631275582023137,0.504876219054764,0.393194540788539
"Com_5527_pos",1.41425464703148,0.500041911471881,0.82081501276325,0.520630157539385,1.10033211644372
"Com_5567_pos",1.39857521813422,0.483957846886001,0.0465464369958323,0.599774943735934,1.46227644199277
"Com_5572_pos",0.860861399149009,-0.216147116099686,0.671999010205873,0.523255813953488,0.803432264626569
"Com_5579_pos",0.542693197290432,-0.88179127040987,0.828590359146609,0.517629407351838,0.419518689910199
"Com_5580_pos",0.833007796887034,-0.263598095721971,0.1916445049088,0.569017254313578,1.17022780736479
"Com_5581_pos",0.863334962538572,-0.212007680287203,0.173977202855078,0.567516879219805,1.19094658078554
"Com_5585_pos",0.388335737750885,-1.36462361323077,0.192378199437436,0.459489872468117,0.768045777223767
"Com_558_pos",3.81538787652729,1.9318297304798,0.797824867528264,0.484246061515379,0.689063117679922
"Com_5593_pos",3.07662283536012,1.62134759384793,0.200894296199521,0.566766691672918,1.88843663783245
"Com_5598_neg",1.67392155977852,0.743231924560917,0.642349495368816,0.528507126781695,0.571690631009616
"Com_5610_pos",2.72342052504705,1.44541976701553,0.296129614894571,0.537884471117779,1.6122189089387
"Com_5622_pos",0.339833642295454,-1.55709941372982,0.18798501880894,0.614403600900225,1.05677215028135
"Com_5630_pos",0.897899325482573,-0.15537439910713,0.0507623914466591,0.603150787696924,1.56615877354513
"Com_5634_pos",1.39023770167224,0.475331574822921,0.486829747478832,0.470742685671418,0.775030702082492
"Com_5647_pos",0.920685090249814,-0.119220311451657,0.162261773543417,0.54463615903976,0.980087780456155
"Com_5652_neg",1.10804841474081,0.148020919456143,0.870810849798419,0.487621905476369,0.764286972897572
"Com_567_pos",4.46368483926396,2.15823516854656,0.245148655004273,0.588897224306076,0.879398778448089
"Com_5691_pos",0.898714195164173,-0.154065705260937,0.293025112203333,0.546511627906977,0.825537797875628
"Com_5692_neg",0.980082855548541,-0.0290243760308111,0.43904590238479,0.542010502625656,0.618504771318355
"Com_5709_pos",0.0083939323131804,-6.8964374549661,0.0807122783983589,0.621155288822205,1.27261301451458
"Com_5717_neg",0.971979770339397,-0.0410018073266173,0.0966149229540968,0.612903225806452,1.26542909603439
"Com_5729_neg",1.16448828992021,0.219696131898299,0.645896254831424,0.468867216804201,0.606645963898728
"Com_5745_neg",0.986268353069751,-0.0199478529816917,0.984014072339077,0.500750187546887,0.3065114333293
"Com_5755_pos",0.477959402781893,-1.06504001202144,0.133283817958644,0.45311327831958,1.01248557333603
"Com_5768_neg",3.73330850470078,1.90045473173547,0.626829561809948,0.578019504876219,1.14307623393943
"Com_5772_pos",0.969800162661692,-0.0442405991741581,0.971030455076535,0.500750187546887,0.369552654159028
"Com_5806_pos",0.875254613243872,-0.192225334135877,0.202652036132043,0.574268567141785,1.00923059572992
"Com_5813_pos",0.749122319749939,-0.416726787834208,0.0442618988774109,0.604276069017254,1.47490536935387
"Com_5828_pos",1.0794923500103,0.110353019514833,0.811210700803814,0.511627906976744,0.394658624419229
"Com_582_neg",1.01194272782569,0.0171276411982477,0.405701918225079,0.546136534133533,1.21176201020448
"Com_5845_neg",2.74001738348328,1.45418504610024,0.167649852466579,0.554763690922731,1.15001596990217
"Com_584_pos",0.0316555605369364,-4.98139724764258,0.115622651031475,0.556639159789947,1.00397787558484
"Com_585_pos",0.0322989188315472,-4.9523703165729,0.0768791859590388,0.555513878469617,1.14623090328148
"Com_5882_pos",0.258436329391136,-1.95211920539592,0.766005498162409,0.50450112528132,0.663958448182433
"Com_5884_pos",1.14636745947631,0.197069563283484,0.0487667455237629,0.567516879219805,1.37526529520965
"Com_5885_neg",1.37290174693642,0.457228381290062,0.989463362297518,0.506001500375094,1.19544351851463
"Com_5891_pos",0.936043202949008,-0.0953529761450526,0.534336981198186,0.53900975243811,0.879345670067002
"Com_5908_pos",0.41803289689411,-1.25831161593404,0.227267964907583,0.478994748687172,0.683718501150653
"Com_590_pos",1.84248713660625,0.881654547125418,0.996724641827291,0.577644411102776,1.61981742043483
"Com_5914_pos",1.11270075653873,0.154065654580893,0.732382620239329,0.541635408852213,0.264964958516588
"Com_591_pos",1.11021956680132,0.150845024872619,0.383736890777954,0.559264816204051,0.594304032494543
"Com_5922_neg",0.899977244087538,-0.152039571508503,0.909369710273344,0.478619654913728,0.0974096612905174
"Com_5929_pos",0.96919239150526,-0.0451450157075906,0.892227713901417,0.549512378094524,0.471014804787395
"Com_5936_neg",1.110784893518,0.151579462000344,0.44352679493837,0.516504126031508,0.616330534180513
"Com_5952_pos",0.746119032624498,-0.42252228467765,0.0498105577684211,0.617029257314329,1.52943610657208
"Com_5968_pos",0.805020793743052,-0.312902046265647,0.173862317643424,0.573893473368342,1.06001421659599
"Com_5978_neg",1.21316560265799,0.278776498377848,0.898477869591842,0.495123780945236,0.748678979762279
"Com_5979_neg",1.05594646341171,0.078536691771783,0.822811971987565,0.515003750937734,0.752397853979052
"Com_5983_pos",0.602738762822897,-0.730395245734471,0.488022010783059,0.494748687171793,0.473497423587132
"Com_5993_pos",6.13190477424617,2.61633529275834,0.626176375805508,0.50112528132033,0.922320577683376
"Com_5998_pos",6.66562792638922,2.73674078883512,0.802551072365559,0.592273068267067,1.0165748299505
"Com_6006_pos",1.11277133620268,0.154157163192962,0.962748332861413,0.546511627906977,0.584074045172748
"Com_6019_neg",0.937034961427317,-0.0938252180414809,0.568257013667893,0.484996249062266,1.28362259534175
"Com_603_pos",0.976910783696633,-0.0337012806932496,0.835993521278516,0.504876219054764,0.247370977545002
"Com_604_pos",0.728951535937341,-0.456105194172012,0.480064317307463,0.536009002250563,0.548843529032054
"Com_6056_pos",1.52954275399025,0.613100433870713,0.471263404449566,0.537884471117779,1.37240292657925
"Com_6060_pos",2.91490214586438,1.54344745253528,0.949916904798639,0.531882970742686,0.0882404070238764
"Com_6064_pos",0.94261213128112,-0.0852638461391377,0.565348826078214,0.533383345836459,1.13901571138418
"Com_6070_pos",1.30486971286579,0.383905765426623,0.151521869833847,0.55026256564141,1.07142341684246
"Com_6077_pos",1.02183965393323,0.0311688277584301,0.696645853249591,0.486121530382596,0.67623637578574
"Com_607_pos",4.03879269573387,2.01392409689217,0.0319506891752885,0.627156789197299,1.74378556811147
"Com_6091_neg",0.721108747343339,-0.471711252311071,0.424619693670124,0.530757689422356,0.686096587196582
"Com_6114_neg",1.05269640979144,0.0740894332880201,0.693767629440606,0.510877719429857,1.24307367817853
"Com_6119_pos",1.04911506069306,0.0691729127942442,0.505233421724234,0.534508627156789,0.727212208254099
"Com_6128_pos",0.44711595947847,-1.16127905213918,0.995613531431017,0.524381095273818,0.695838623786407
"Com_6149_pos",0.720622721502789,-0.472683953693567,0.303519323979219,0.475618904726182,0.853126814485118
"Com_614_pos",0.873531826038482,-0.195067828000111,0.808174212404818,0.515378844711178,0.170829848067004
"Com_6152_pos",1.41551254957582,0.501324539869264,0.214287183001828,0.555513878469617,1.53056056523074
"Com_6153_pos",0.823812343201591,-0.279612352582238,0.138977638446438,0.585521380345086,1.09331421245308
"Com_6176_pos",0.842251393716465,-0.247677184237072,0.528615206927097,0.538634658664666,0.82196435554376
"Com_6180_pos",1.03582050061399,0.0507740172031947,0.716072299067601,0.531882970742686,1.10685530440104
"Com_6181_pos",0.962235261042778,-0.0555384270412661,0.543747351601764,0.540885221305326,0.618434374897065
"Com_6184_neg",0.802355365972065,-0.317686742030218,0.365578049038028,0.55026256564141,0.708548696532376
"Com_6185_pos",0.873889248987169,-0.194477641318571,0.976348942292424,0.524381095273818,0.382516075300929
"Com_6195_pos",1.73241469579321,0.792784315718339,0.460234711606355,0.530382595648912,0.781832658585717
"Com_6218_pos",0.915299928984279,-0.127683526184557,0.676786364642092,0.483495873968492,0.861214417185169
"Com_6227_neg",1.1031894629612,0.141680582227202,0.757008713957552,0.518379594898725,0.496572729681153
"Com_6228_pos",0.468694604147892,-1.09327990901834,0.0452115474758835,0.591897974493623,1.07819436298423
"Com_6259_pos",0.773142200412131,-0.371194308212103,0.522064856165832,0.526631657914479,0.973448661288073
"Com_625_neg",2.30990020634621,1.20783052483641,0.232479841014216,0.530757689422356,1.66971601573282
"Com_625_pos",1.68567434825933,0.753325852098633,0.507177736355122,0.473368342085521,0.498799582957164
"Com_6267_neg",1.03788351063184,0.0536445284119386,0.322463579422604,0.5423855963991,1.50698039261125
"Com_6270_neg",0.442708454387534,-1.17557117009287,0.0898085445653001,0.54013503375844,1.16695863452149
"Com_628_pos",2.49321650479097,1.3180081683593,0.747181394467944,0.587771942985746,0.776178632668309
"Com_6294_neg",0.681967280038201,-0.552225572733259,0.310009808644653,0.575768942235559,0.734018855041103
"Com_6298_neg",0.979616066788539,-0.0297116589947989,0.801927052243786,0.487996999249812,1.50342836671059
"Com_6306_neg",0.855334180223754,-0.22543990183993,0.715620573847619,0.507876969242311,0.48666733873766
"Com_6309_pos",1.08534021247086,0.118147343047141,0.152580543891154,0.603525881470368,1.05943100846479
"Com_6310_pos",0.748677334350312,-0.417584016297895,0.0107146917164468,0.633158289572393,1.88804709551728
"Com_6318_neg",0.672204746682877,-0.573027364809628,0.0086227035562879,0.628282070517629,1.64005217880191
"Com_633_neg",0.963710216002121,-0.0533286961358494,0.254486605489379,0.568642160540135,0.846192735103596
"Com_633_pos",0.836648040288989,-0.257307255049291,0.951460667793109,0.495123780945236,0.619034624008122
"Com_634_pos",1.0669006391402,0.0934258236839083,0.476826375346698,0.528132033008252,0.550914084713587
"Com_6350_pos",2.99212003779467,1.58116805438907,0.666436573493175,0.518379594898725,0.978344033240172
"Com_6351_pos",1.85225711872362,0.889284378382297,0.67856509747155,0.495123780945236,0.584199379822256
"Com_6360_neg",0.978819184210682,-0.0308857173213189,0.986461913144224,0.507126781695424,0.752961941312047
"Com_6371_neg",0.938539257749632,-0.0915110027068945,0.916506891695493,0.509377344336084,0.183732806325969
"Com_6373_neg",0.830763786934668,-0.267489764535835,0.220685978831509,0.581395348837209,1.12072866069185
"Com_6381_pos",0.863944586188097,-0.210989314669263,0.0839227922062886,0.606151537884471,1.56451550014649
"Com_6394_pos",1.73560387244034,0.795437710179624,0.0543374141502148,0.616654163540885,1.52911316550837
"Com_6398_pos",0.621387943686907,-0.686433844660063,0.036395551230909,0.581395348837209,1.24101634343179
"Com_6418_pos",0.90618979951122,-0.142114843582963,0.247237777103499,0.565266316579145,1.04157463075592
"Com_6434_pos",0.29990989471685,-1.73739897406969,0.0861047508669544,0.58589647411853,1.2937201200358
"Com_6436_pos",0.825358636413076,-0.27690695668421,0.25151315531625,0.554388597149287,0.939134331871249
"Com_6444_pos",0.921433983539097,-0.118047287720999,0.690527065809531,0.557764441110278,0.397025175368108
"Com_649_pos",0.611478406523657,-0.709626541925849,0.760587507667375,0.527756939234809,0.386697486897331
"Com_6502_neg",0.989433738686537,-0.015325000115037,0.504710088785152,0.548762190547637,0.721359163907414
"Com_6507_neg",0.626734925011912,-0.674072704860642,0.0088812324943033,0.628657164291073,2.09402080520189
"Com_6510_neg",3.63204651716333,1.86078267995567,0.928228384894975,0.54576144036009,0.812457136017297
"Com_6511_pos",1.00482589531801,0.0069455494431749,0.975111651785787,0.509752438109527,0.961106214473481
"Com_6541_pos",1.29296716628317,0.370685639694272,0.536485694085638,0.537134283570893,0.46692473922527
"Com_6545_pos",0.903757059838186,-0.145993082943929,0.490348790998747,0.54126031507877,0.539250793138039
"Com_6554_neg",1.40465451416659,0.490215331876799,0.976898041704864,0.512378094523631,0.445822950735743
"Com_6575_pos",1.05193982416576,0.0730521781466478,0.61661248232287,0.551012753188297,1.15846559845908
"Com_6582_pos",0.965281797515213,-0.0509779208697463,0.347462559618541,0.553263315828957,1.51464479485536
"Com_6587_neg",1.95867336585795,0.969876829587697,0.46076973131928,0.520255063765941,1.34975884794577
"Com_6595_pos",1.20323334772826,0.266916457114462,0.242066672742528,0.566766691672918,1.26362521883817
"Com_6606_pos",0.951335181027191,-0.0719743638862707,0.685415524148394,0.529257314328582,0.952520992476275
"Com_6609_neg",0.98080691717175,-0.0279589411704637,0.922109286348783,0.484996249062266,0.591957929075398
"Com_6620_neg",0.472161320136598,-1.08264823530466,0.0911197367875658,0.450487621905476,1.08851232940238
"Com_6627_pos",1.10428237395958,0.143109128113908,0.661725843522263,0.520630157539385,0.674080973730725
"Com_662_pos",0.997410172030393,-0.0037411785667377,0.802644295041866,0.525131282820705,1.06440472626694
"Com_6648_neg",1.19904227415876,0.261882524176708,0.984430317318456,0.502625656414104,0.881166811023357
"Com_6654_pos",1.09778361951466,0.1345937175338,0.881252335236926,0.522880720180045,0.124451781350036
"Com_6665_pos",0.730936213638708,-0.452182582392715,0.136822323877531,0.579144786196549,1.05532886649387
"Com_6669_pos",0.311771404340685,-1.68143948470853,0.629715287176768,0.512753188297074,0.444777035141246
"Com_666_pos",1.09237898045651,0.127473459161912,0.270050165503393,0.566391597899475,1.42733101557323
"Com_6682_pos",0.501507317492713,-0.995657343534591,0.178525398158675,0.578394598649662,1.07511541092142
"Com_6684_pos",0.823874343061354,-0.279503779889379,0.194067781084331,0.566391597899475,0.787373938159739
"Com_6694_pos",1.03970008552133,0.0561674249704214,0.955943579871883,0.49887471867967,1.29736637042081
"Com_669_neg",1.62483308494486,0.700291521285304,0.414459503905283,0.558139534883721,0.653093584330509
"Com_6702_neg",0.823154837377782,-0.280764264354306,0.28820183201147,0.563765941485371,0.97536867432193
"Com_671_neg",0.881246500500509,-0.182382471533205,0.755809326328184,0.510127531882971,0.48866679127869
"Com_6727_neg",0.888252660158242,-0.170957990710142,0.241758671853566,0.552513128282071,0.998611045873201
"Com_6757_pos",0.782943507208688,-0.353019880359755,0.16617173064024,0.573893473368342,1.28634634556786
"Com_6773_pos",0.15502214350695,-2.68945378876892,0.605631346750471,0.506376594148537,0.596222462720713
"Com_677_neg",0.787249174408944,-0.34510775548539,0.589551647195677,0.545386346586647,0.386603054222063
"Com_6780_pos",0.940471086715423,-0.08854450381669,0.324132993128414,0.567516879219805,1.17510760880591
"Com_6792_pos",1.55096367833103,0.633164900619472,0.821119304820397,0.540510127531883,0.948720861966635
"Com_6806_pos",1.4859804028637,0.571415089713801,0.410967533930402,0.563015753938485,0.786520940662949
"Com_6823_neg",0.809411898620129,-0.305054037634314,0.119154710835343,0.565641410352588,1.34025086083945
"Com_683_neg",1.16467327762848,0.219925296636053,0.143405848023132,0.603900975243811,1.23191778869219
"Com_6840_pos",1.97538641092291,0.982134890552639,0.0452101410632032,0.616654163540885,1.67531104018222
"Com_6848_pos",0.886493135392561,-0.173818635307058,0.152688203359863,0.593023255813953,1.00952866100667
"Com_6856_pos",2.21304366788254,1.14603191874671,0.465183324954076,0.532258064516129,1.29550261233603
"Com_6929_pos",1.0831431894017,0.115223977003944,0.405200802975082,0.555138784696174,0.640471806796574
"Com_6939_neg",0.98813891214016,-0.0172142253765559,0.843972570126012,0.511252813203301,0.956053852230377
"Com_695_neg",1.64391190278351,0.71713298708355,0.603853147140292,0.488372093023256,0.490283654868836
"Com_695_pos",1.52752995576748,0.611200672425956,0.448896953915485,0.545386346586647,0.616110055713002
"Com_6965_neg",0.899265235226261,-0.153181398381382,0.287756301633455,0.555888972243061,0.748499563703594
"Com_6968_pos",0.73550514710751,-0.443192657308689,0.279420675468266,0.576144036009002,1.41739831498322
"Com_696_neg",0.928094076147911,-0.10765704350753,0.893113091339013,0.503750937734434,0.457833860775703
"Com_7005_neg",0.51065681398781,-0.969574038735151,0.554370722829613,0.492873218304576,0.422998048240557
"Com_702_neg",0.798245292780232,-0.325095954580423,0.241371186253174,0.58702175543886,1.37674119616175
"Com_702_pos",0.646458422826811,-0.629370509245415,0.407992112318295,0.552888222055514,0.625135225941962
"Com_7030_neg",0.537767267178433,-0.894946150975422,0.002600770389597,0.675918979744936,2.18239144559506
"Com_7045_pos",0.636685217232866,-0.651347827245512,0.624551605983399,0.532633158289572,0.881363482296739
"Com_704_pos",0.938530096221775,-0.091525085607751,0.598834191605467,0.522505626406602,0.907793884382588
"Com_7080_pos",1.02615792174909,0.0372527732374199,0.6796102759887,0.494748687171793,0.404531990070889
"Com_7084_neg",1.90576172624363,0.930367753111761,0.743645186365497,0.490247561890473,0.777238830695581
"Com_7098_pos",0.925725935916852,-0.111342952607281,0.341148657525711,0.539759939984996,1.37290597296885
"Com_70_pos",1.08177285820012,0.113397605681036,0.334432353185081,0.466616654163541,1.47143684309527
"Com_7122_pos",0.997496060692342,-0.00361695102691,0.422408510757664,0.529632408102025,0.899052570883691
"Com_713_pos",0.789894836446136,-0.34026750366956,0.680063373166681,0.525881470367592,0.288528194899712
"Com_7144_pos",1.19222993493454,0.253662502577918,0.549792237340678,0.521755438859715,1.23697670446242
"Com_7190_neg",0.783948980241784,-0.351168328744925,0.863389230977916,0.503000750187547,0.836961022003807
"Com_7190_pos",0.969490779234973,-0.0447009178706513,0.764100972443642,0.525131282820705,0.891792476996853
"Com_7196_pos",0.868810831431301,-0.20288600560925,0.702606044636252,0.507126781695424,0.820091431150067
"Com_7206_pos",0.163430608613154,-2.61324988644092,0.15298779767761,0.469617404351088,0.917872099520361
"Com_7238_neg",0.452968105963881,-1.142518622955,0.278972336924499,0.552138034508627,0.886240163647364
"Com_7241_neg",0.973829545094587,-0.0382588235729469,0.919000356506659,0.515753938484621,0.802717597152029
"Com_7265_neg",0.893857263114923,-0.161883623923016,0.437528649142974,0.535633908477119,1.1301081037964
"Com_7268_pos",0.973241611114556,-0.0391300906146628,0.644945634741186,0.525881470367592,0.734387079913537
"Com_727_neg",0.809720832967994,-0.304503498387792,0.351129106985902,0.552138034508627,0.632587166952981
"Com_729_neg",2.01840191038115,1.01321347691244,0.306310342411735,0.570142535633908,1.08575934228707
"Com_7318_pos",0.815218130041121,-0.294741958214886,0.0561022968209731,0.600900225056264,1.39544277029389
"Com_731_pos",1.34851505439484,0.431371627453789,0.641334534536445,0.515378844711178,1.37285443925116
"Com_7327_pos",1.08603207299783,0.119066709838091,0.395707360536209,0.548387096774194,0.625987863136775
"Com_7328_pos",0.706475641777837,-0.50128827543519,0.0693027058629565,0.596399099774944,1.62757649362692
"Com_7329_pos",0.122618990268417,-3.02774566525156,0.338384938757593,0.515003750937734,0.739245937129951
"Com_732_pos",1.01703812755483,0.0243737651375943,0.867096589293317,0.50112528132033,0.933326364567549
"Com_7338_neg",1.49664910537707,0.581736016137881,0.31577843355521,0.543885971492873,0.92017704202628
"Com_7365_neg",1.03746639398128,0.0530646048722979,0.697160780756286,0.545011252813203,0.741342702553633
"Com_737_neg",31.9716086015453,4.99871942777932,0.711587772342924,0.501500375093773,0.35953192389299
"Com_7382_pos",1.02602306168216,0.0370631584309045,0.694936843337362,0.49887471867967,1.00966223531575
"Com_738_pos",0.716504431256476,-0.480952467954758,0.813505821979925,0.536009002250563,0.933753069693062
"Com_73_pos",1.39322198791896,0.478425146922806,0.610422598831342,0.549887471867967,0.349171120534388
"Com_7406_neg",0.83013992829002,-0.268573557421511,0.269099246537937,0.561890472618155,0.784109351523219
"Com_740_pos",0.969420146299494,-0.0448060302659057,0.880841910511648,0.479369842460615,0.719267928527096
"Com_7430_pos",0.991878306407413,-0.0117649677351295,0.924863602598536,0.486496624156039,0.608707175304413
"Com_7432_pos",5.20578593017398,2.38011598714997,0.44373422346424,0.519129782445611,0.828475295483329
"Com_7444_pos",1.09431006186763,0.130021569337333,0.47750934041738,0.537134283570893,0.595207242607536
"Com_7460_pos",0.968427334757735,-0.0462842935731604,0.758506031863329,0.486871717929482,0.219451876130076
"Com_7468_pos",0.265585314510282,-1.91275271954641,0.171730587231964,0.436234058514629,1.14128223852499
"Com_7489_pos",1.01355596101874,0.0194257458895616,0.877227834221334,0.509752438109527,0.499624766701556
"Com_7492_neg",0.95208841694086,-0.0708325373636249,0.718682937440282,0.477869467366842,0.411579566980868
"Com_7492_pos",0.200196977247489,-2.32050790364542,0.0934384861322001,0.568642160540135,1.06771693194889
"Com_7501_neg",1.01435354491938,0.020560579957954,0.820259735830442,0.54013503375844,0.246629226574197
"Com_7511_pos",1.17625839630871,0.234205021163975,0.850154958339506,0.522130532633158,0.957342983215873
"Com_7515_pos",13.5145515840843,3.75644173860234,0.392297859073452,0.516129032258065,0.95419537000981
"Com_7528_pos",2.83385439263524,1.50276563249032,0.479802806383647,0.512378094523631,1.17953132580576
"Com_7534_neg",1.20806036990168,0.272692551667583,0.554787940514439,0.481620405101275,0.870226131443165
"Com_7538_pos",0.396924175463927,-1.33306465963517,0.635338089263015,0.477869467366842,0.454304972929937
"Com_7581_pos",0.469843881298518,-1.08974663403756,0.0806560910169609,0.614028507126782,1.28270787224001
"Com_7631_pos",0.219183012880665,-2.18979210399074,0.717087011324199,0.496999249812453,0.314911806373782
"Com_7643_neg",1.02100636530118,0.0299918604956562,0.83330897431129,0.492498124531133,1.00858719622562
"Com_7661_pos",0.910315933542317,-0.135560762046865,0.730964031157142,0.524381095273818,0.467796581089866
"Com_7679_pos",0.922259504688881,-0.116755342659483,0.82002753014102,0.526631657914479,0.269856257209063
"Com_7697_neg",0.3137411565846,-1.67235330046571,0.140409423947236,0.547261815453863,0.970754811469309
"Com_76_neg",2.51402503791354,1.3299990180535,0.50321274515089,0.531882970742686,0.746028057827888
"Com_76_pos",41.4855216830322,5.37453602314081,0.732900035214955,0.521005251312828,0.9823176101468
"Com_7705_neg",1.63852723491153,0.712399652951016,0.921796287685489,0.503750937734434,0.498723640496244
"Com_7710_neg",1.17532745215312,0.233062754903396,0.207708917315697,0.606151537884471,1.09787710295977
"Com_7716_neg",1.18590777129805,0.245991815056944,0.404617701182827,0.518004501125281,0.886744157577432
"Com_7728_neg",0.977227728585063,-0.0332332946012619,0.983662217638955,0.50112528132033,0.152121424631953
"Com_7734_pos",1.08456065265246,0.11711073612141,0.910560372777768,0.530382595648912,1.04193420687579
"Com_774_neg",0.636786847603716,-0.651117556576231,0.679039323282407,0.547636909227307,0.374873299819713
"Com_7755_neg",0.708062473271159,-0.498051438107007,0.26424864341905,0.58814703675919,0.95981461496011
"Com_777_neg",0.926613157723941,-0.109960926385912,0.438242761105949,0.471117779444861,0.910458396924288
"Com_777_pos",1.735259870066,0.795151734953883,0.742226093391211,0.50337584396099,0.809454699145386
"Com_779_neg",0.850349059869436,-0.233872920025568,0.241990260504191,0.470367591897975,0.851930420233352
"Com_77_pos",5.44287227461393,2.44436818139772,0.979358015188597,0.54351087771943,0.780951704543841
"Com_781_pos",1.13640692918031,0.184479533422557,0.481311609833518,0.541635408852213,0.594488596632686
"Com_7825_pos",1.03477297182776,0.049314276569286,0.81123787876628,0.493998499624906,0.932874864024697
"Com_7829_neg",0.886675303737881,-0.173522201687414,0.561709963565179,0.543135783945986,0.509042502994186
"Com_7835_pos",0.130689107413015,-2.93578919350991,0.133194615300749,0.548387096774194,0.938312926328795
"Com_7836_pos",1.07074524723023,0.0986152734814926,0.899196725879253,0.507876969242311,0.810372498622901
"Com_7854_pos",0.922517853408907,-0.116351263090746,0.147323642057871,0.557014253563391,1.14236530302372
"Com_7856_neg",0.627520653949199,-0.672265150788558,0.642573344090053,0.533008252063016,0.388183581167657
"Com_7894_neg",1.10446347857144,0.14334571370903,0.773700372831511,0.545011252813203,0.92473762906464
"Com_7898_neg",1.04156239841881,0.0587492716327945,0.874005007234603,0.508627156789197,0.599944702658296
"Com_7912_pos",1.2869641076213,0.363971818532333,0.352805658496328,0.533008252063016,0.993081994478013
"Com_7915_neg",1.02696797440831,0.0383911924811139,0.909107390914256,0.505251312828207,0.263199862657312
"Com_7925_neg",0.999340847532314,-0.0009512695466086,0.823965071546323,0.518379594898725,0.82727597096095
"Com_7929_neg",0.605891508547908,-0.72286860827228,0.788565275685811,0.533383345836459,0.253909675963768
"Com_7941_pos",1.04928958640805,0.0694128926136296,0.926316727210776,0.495873968492123,0.0882892742246833
"Com_7947_neg",0.85027631704841,-0.233996340161058,0.439798175972361,0.50112528132033,0.929212223964878
"Com_7953_pos",0.30376408785743,-1.71897677584551,0.642249096225801,0.49549887471868,0.348466506667183
"Com_7989_pos",0.904544875159162,-0.14473601706724,0.518894617066993,0.470742685671418,0.441811540945113
"Com_7990_pos",1.20252209880749,0.266063406716337,0.72854101063168,0.488372093023256,0.824154781835607
"Com_7_pos",0.779041890925817,-0.360227187388587,0.0463156097044636,0.5847711927982,1.06422445954173
"Com_801_neg",1.04867479709091,0.0685673553572358,0.618316018016717,0.524381095273818,1.35200373582979
"Com_8026_pos",2.10201021296497,1.07176967889006,0.37176846509708,0.572768192048012,0.795371688411173
"Com_8042_pos",0.732524278700657,-0.44905151804112,0.192667905447911,0.570892723180795,1.06273992616086
"Com_804_neg",1.03995287464429,0.0565181542727298,0.806053583028966,0.527006751687922,0.790240769220929
"Com_8076_neg",2.35464997678581,1.23551261640437,0.423625497482281,0.500750187546887,1.17493975819393
"Com_8079_neg",0.75276684003484,-0.409725017260558,0.516736408987105,0.479369842460615,0.495795983324036
"Com_8093_pos",0.717174907428803,-0.479603082923855,0.874402179449161,0.504876219054764,0.676290541990375
"Com_8100_pos",1.00695487026386,0.009999026040308,0.57574612058773,0.534133533383346,0.449467821050445
"Com_813_pos",0.0514069511371287,-4.28189273905156,0.0651259641083995,0.554763690922731,1.01917919433405
"Com_8147_neg",1.01873643272172,0.0267808460181404,0.397160839462288,0.547261815453863,1.3787806237176
"Com_8161_pos",0.768687101215791,-0.379531635046095,0.257947539167237,0.462865716429107,1.02902580144891
"Com_8167_neg",0.681394632666655,-0.553437511491402,0.470307433835225,0.545011252813203,0.615307664425214
"Com_8174_pos",1.06977408096148,0.0973061548601476,0.751272744976184,0.513503375843961,0.635201674351227
"Com_8175_pos",0.544640550749799,-0.87662369387232,0.274984656070095,0.453488372093023,0.939726015090358
"Com_8191_pos",0.600992220777359,-0.734581778025047,0.451073080114824,0.525881470367592,0.78468062956854
"Com_8199_pos",3.19904906026701,1.67764311763683,0.122076210233254,0.537509377344336,1.93115048460376
"Com_81_pos",5.48523457623982,2.45555331884934,0.425872095301153,0.54913728432108,1.33046602239617
"Com_820_pos",1.05567788501234,0.0781696977775723,0.445476241442111,0.49774943735934,0.65192483875312
"Com_8216_pos",0.122465049267888,-3.02955802274069,0.532434030097969,0.478994748687172,0.540915813017669
"Com_8220_neg",0.478172390371291,-1.06439726350857,0.999925698429417,0.49324831207802,0.93649251355416
"Com_8223_neg",0.731122061427011,-0.451815809482823,0.118616579707546,0.617029257314329,1.02064888326457
"Com_822_pos",1.12044523505663,0.164072134753634,0.933598077142718,0.487621905476369,0.785085935043521
"Com_8235_neg",0.985528552004111,-0.0210304263197245,0.13362996587715,0.64066016504126,1.15631650000566
"Com_823_pos",0.586424903076875,-0.769981724733081,0.676204319009482,0.495123780945236,0.278004464121858
"Com_8254_pos",0.922280630511091,-0.116722295811267,0.212202596625365,0.579519879969993,0.928325658131372
"Com_8267_pos",0.859970536724758,-0.21764086210661,0.0823157692907315,0.58702175543886,1.3207602793986
"Com_8290_pos",0.79876379586348,-0.324159151078814,0.184162840796835,0.564141035258815,1.15384045385889
"Com_8314_neg",0.763168296373325,-0.389926854905324,0.0495115693199926,0.596399099774944,1.49590595013726
"Com_831_pos",1.36433058684697,0.44819326182365,0.199672569916061,0.574268567141785,1.29650461712197
"Com_8325_pos",1.0743373497601,0.103447081224065,0.736903446375905,0.487621905476369,0.397008974569263
"Com_8351_pos",1.0445507429044,0.0628825783393158,0.527452372888837,0.510127531882971,0.914397142230776
"Com_8376_pos",1.13760495141868,0.185999649405083,0.781127850276946,0.540885221305326,0.222675139060414
"Com_837_pos",1.38376140449145,0.468595207258287,0.93932494037044,0.531507876969242,0.846213625056357
"Com_839_pos",0.195319346256222,-2.35609324056489,0.348141067556735,0.546136534133533,0.6484792269308
"Com_8400_pos",1.17903093909253,0.237601576748305,0.959934977263534,0.501875468867217,0.739912672461631
"Com_8421_pos",1.01145841959559,0.0164370128509617,0.620989676011397,0.508627156789197,0.921955975830025
"Com_8468_pos",1.09446946394337,0.130231703416049,0.52387352026145,0.551012753188297,0.956586273514319
"Com_847_pos",0.970857980685417,-0.0426678245220476,0.728226818874505,0.533008252063016,0.238485461134999
"Com_8488_pos",0.963810028256653,-0.0531792827689177,0.824787375190276,0.498124531132783,0.346065797690784
"Com_8497_pos",1.0434513131826,0.0613632867759675,0.726351543756991,0.511252813203301,0.279851436468958
"Com_8521_pos",1.12791020800435,0.173652220553122,0.722837845535029,0.514253563390848,0.796097968263491
"Com_8541_pos",2.54513814388638,1.34774396439172,0.722724446618567,0.49549887471868,1.38896478137045
"Com_8559_neg",0.775129974168995,-0.367489852413995,0.102088277957441,0.58589647411853,1.26985358090521
"Com_8564_pos",1.31039937288158,0.390006571660507,0.350458470016106,0.524756189047262,1.42496475566828
"Com_8587_pos",0.936729934833522,-0.0942949251631937,0.463304878992551,0.559639909977494,0.631780466010915
"Com_859_pos",1.70133680693935,0.766668773923784,0.394979181866706,0.546511627906977,0.601625701668789
"Com_85_pos",1.04799179425578,0.0676274206608211,0.765232085204523,0.527381845461365,0.230582023994807
"Com_8600_pos",0.904874170187542,-0.144210906744234,0.625486328834568,0.543885971492873,0.617090590632497
"Com_8605_pos",0.986357240159184,-0.0198178364558482,0.619341254244461,0.532633158289572,0.653586980295882
"Com_8614_neg",1.77462782413305,0.827516493588064,0.524664307071671,0.506001500375094,1.25974446872053
"Com_8626_pos",0.400005828871395,-1.3219070718309,0.234516942057996,0.569017254313578,0.888487800991866
"Com_8629_pos",1.05348267361323,0.0751665866774535,0.412308968207312,0.450112528132033,0.770469112092302
"Com_8648_pos",0.932906297905259,-0.100195912348555,0.804272227514157,0.487996999249812,0.478154848825861
"Com_864_pos",1.06673729105803,0.0932049225973551,0.97874182721147,0.510502625656414,0.305604897857632
"Com_8652_pos",0.998011103781688,-0.0028722279403966,0.485804828009905,0.54126031507877,0.577186877962467
"Com_8663_neg",1.03304557470662,0.0469039027536591,0.64478271036292,0.531507876969242,0.878432105992588
"Com_8664_pos",0.929515643452827,-0.105448949439321,0.15707024179511,0.59152288072018,1.12206394930826
"Com_8681_pos",1.03401248344992,0.0482536031601761,0.934454089991088,0.505251312828207,0.537603625604446
"Com_8723_pos",1.16359433196286,0.218588173990708,0.464694172393385,0.518004501125281,0.897897434889013
"Com_8728_pos",0.918428909509262,-0.122760040254835,0.609016202891613,0.549512378094524,1.13080318528234
"Com_8763_neg",1.37760238319304,0.462159543650099,0.420685560460998,0.527756939234809,1.19236367954328
"Com_8763_pos",1.35079208260812,0.433805628420511,0.837157470752542,0.534133533383346,0.772342023204516
"Com_8774_neg",1.1038064713008,0.14248724877434,0.880371454762165,0.570517629407352,1.29646556565097
"Com_8779_pos",0.976810516125621,-0.0338493627432341,0.72660589032582,0.529632408102025,0.548139703697468
"Com_8781_pos",1.03610847537835,0.0511750538911629,0.207011932419838,0.603150787696924,1.069905638016
"Com_8825_pos",1.02412211414375,0.0343877494843172,0.552862189192928,0.545011252813203,1.42421676819334
"Com_8841_neg",0.912183356695322,-0.132604247243954,0.743393190601388,0.531132783195799,0.654582887191139
"Com_8879_pos",1.00384076479723,0.0055304385548135,0.723601651593949,0.516879219804951,0.925284063660183
"Com_8880_pos",0.294214611881398,-1.76505919647493,0.0773942266564661,0.570142535633908,1.12541660955832
"Com_8883_pos",1.17757368020195,0.235817331376391,0.787822924614193,0.502625656414104,1.31656028223932
"Com_88_neg",0.572865680679457,-0.803731183712853,0.153528836128481,0.571267816954239,0.980026532763103
"Com_8918_pos",0.306412686553269,-1.70645206378447,0.925728038094918,0.532633158289572,0.30253251328177
"Com_8921_pos",0.405027584637086,-1.30390792796683,0.0799514842989816,0.433608402100525,0.96379604813654
"Com_8930_pos",1.10114292806488,0.139001742496623,0.908899718746864,0.515003750937734,0.756473714015327
"Com_893_neg",0.798613275556798,-0.324431040421075,0.237090838836103,0.552138034508627,0.854424538850938
"Com_8949_pos",0.484706563406459,-1.04481647673246,0.198381186576183,0.459489872468117,0.852606203432646
"Com_8967_neg",0.935708984020381,-0.0958681896432738,0.516570221687827,0.512003000750188,0.618481489508098
"Com_8968_neg",2.72265979524852,1.44501672444165,0.661291051457774,0.555888972243061,1.15412397720515
"Com_8970_neg",1.17540679947026,0.233160149137483,0.194944735995362,0.599024756189047,0.977609853064587
"Com_8996_pos",0.810637423874891,-0.302871314528,0.278463729992187,0.558514628657164,1.17706044364368
"Com_89_pos",1.03469447084127,0.0492048252373797,0.846055240318913,0.501500375093773,0.517993797145071
"Com_9019_pos",1.1144394007588,0.156318170117916,0.969059356513399,0.500375093773443,0.852974806145438
"Com_902_pos",0.329030339670267,-1.60370747483648,0.738469123353998,0.522880720180045,0.308005384233887
"Com_9036_pos",0.882764770090093,-0.179899040066503,0.345249185800956,0.552138034508627,0.668029731685296
"Com_9043_neg",1.28508113836473,0.361859452198065,0.664569926588436,0.482370592648162,0.326972675900586
"Com_9043_pos",0.424964761878932,-1.23458487709631,0.681778764976375,0.54013503375844,0.895717900710354
"Com_9066_pos",1.00817176829329,0.0117414604185182,0.298864108785752,0.59264816204051,0.710915859124069
"Com_907_neg",0.974658685020009,-0.0370310038588502,0.945344496767434,0.512753188297074,1.05438274448863
"Com_907_pos",1.66814670244709,0.738246169829435,0.34647193032179,0.581770442610653,0.713995360146325
"Com_9100_neg",0.613087539128119,-0.70583501240796,0.004688099160033,0.650412603150788,2.20149608505119
"Com_910_neg",1.27635742204459,0.352032387727293,0.229273327229921,0.580270067516879,1.91923150384069
"Com_910_pos",1.03159143466234,0.0448716995450512,0.903170498051823,0.518004501125281,0.0870585616299137
"Com_9112_neg",0.931522935157789,-0.10233680448474,0.699559699087887,0.519879969992498,0.920724664482082
"Com_9152_pos",1.02332823711569,0.0332689702102314,0.707533819210511,0.526631657914479,1.1091921203498
"Com_915_pos",1.46133931941279,0.547291207296347,0.820045233163079,0.515753938484621,1.32718531622329
"Com_9160_pos",0.908415046365063,-0.138576492831458,0.313789804089333,0.555138784696174,1.14292797655474
"Com_9175_pos",3.37346398972341,1.75423076177027,0.199830328329224,0.518379594898725,1.45132104601139
"Com_918_pos",1.11410884581401,0.155890187476014,0.165662901655799,0.614403600900225,1.10068210685837
"Com_9190_pos",0.523014772128576,-0.935076400086902,0.114631202320237,0.590772693173293,1.24878810618527
"Com_9193_pos",0.960187496658596,-0.0586119452125424,0.945352119105718,0.503000750187547,0.652164645166428
"Com_9199_pos",0.124553086904954,-3.00516731732883,0.0014292709547418,0.636534133533383,2.14434777799944
"Com_9205_pos",1.27099767970777,0.3459613966079,0.795572270201965,0.507876969242311,0.762806327183752
"Com_9247_neg",0.832391576373946,-0.264665729507802,0.116589890086153,0.583645911477869,1.08392636035325
"Com_924_neg",1.22914530733353,0.297655478589105,0.914355748125886,0.50675168792198,0.537327211361125
"Com_9254_pos",1.04686600419355,0.0660767933128263,0.921154510308454,0.513128282070518,0.0730813403486054
"Com_9255_pos",1.02083461048118,0.0297491483250356,0.277024665712524,0.554763690922731,1.4844350281895
"Com_9266_pos",5.09957758429544,2.35037774859756,0.688306987925142,0.506001500375094,1.17708028406723
"Com_9322_pos",0.967057034777683,-0.0483271158735391,0.62553936542306,0.510877719429857,1.06483423619757
"Com_934_pos",0.894054335018516,-0.161565582852685,0.263973278084922,0.565266316579145,0.889358852917666
"Com_9372_neg",0.885744399171544,-0.175037657109944,0.543449445146392,0.513878469617404,0.644573683282094
"Com_940_pos",0.691831690662124,-0.531506994281569,0.230894840991323,0.561515378844711,0.800668175860213
"Com_9414_pos",0.600103763960299,-0.736716116153029,0.768454211978727,0.510127531882971,0.388223149094524
"Com_9421_pos",1.44310953404229,0.529180806566698,0.175428684989934,0.571267816954239,1.33331289386074
"Com_9430_neg",0.916797080570031,-0.125325644873963,0.927783134990818,0.513128282070518,0.0687366664330961
"Com_9432_pos",1.23140059267877,0.300300168041565,0.458746842634348,0.534508627156789,0.642375852184664
"Com_9436_pos",0.734849709620792,-0.444478872632842,0.314380003912133,0.560015003750938,0.68741327084102
"Com_9446_neg",1.84749262007397,0.885568601446419,0.740426204116127,0.538259564891223,1.08412531151239
"Com_944_neg",0.941237385469752,-0.0873694700745713,0.751034708843671,0.517254313578395,0.377477131624986
"Com_944_pos",1.23508158115823,0.304606339660315,0.219881196793302,0.585521380345086,0.765906493562616
"Com_9450_neg",0.31908822409956,-1.64797272772,0.914484847395429,0.507876969242311,0.271315580826998
"Com_9457_pos",1.21824487347684,0.284804151506135,0.990255253595324,0.493998499624906,0.611112247049807
"Com_9461_pos",0.89478765111053,-0.160382748866431,0.448556291467578,0.543135783945986,0.571561082276387
"Com_9485_neg",0.860712108295899,-0.216397330421689,0.372530717919839,0.546511627906977,0.629616264192442
"Com_9536_pos",1.10405510886298,0.142812185973913,0.866346183716568,0.513128282070518,0.129294734917471
"Com_9538_neg",0.910519122456585,-0.135238778307339,0.676874986378593,0.529257314328582,0.628144391503298
"Com_9542_pos",0.426447298848546,-1.22956063326813,0.348126246265935,0.560765191297824,0.957056468918421
"Com_9570_pos",1.04426234808199,0.0624842030279504,0.704395602574024,0.533758439609902,1.16215294740953
"Com_9582_neg",1.84177794048277,0.881099129031664,0.977294479714706,0.536384096024006,1.00167125697381
"Com_9584_pos",1.11399838322326,0.155747138856151,0.497164804495804,0.475243810952738,1.06506520702547
"Com_9592_pos",1.06255999772901,0.0875443057042588,0.62797409339224,0.54913728432108,0.48958765164214
"Com_9600_neg",1.04584005805045,0.0646622348536588,0.973512227159472,0.53900975243811,0.489685862589951
"Com_961_pos",0.784588004800064,-0.349992815995103,0.963616045926081,0.526256564141035,0.0340068471456716
"Com_9627_pos",1.10235244210621,0.140585553480014,0.667775663533541,0.518004501125281,0.871260614046116
"Com_9637_neg",2.42586918913892,1.27850175768485,0.556515945720894,0.495873968492123,1.35821027892852
"Com_9640_neg",0.561289842716408,-0.833182142830083,0.003072362471356,0.648537134283571,2.03299285118025
"Com_9642_pos",0.771619880920422,-0.374037779732852,0.0478766276518131,0.617029257314329,1.44407101095033
"Com_9652_pos",1.26789334373199,0.342433389845855,0.491220384413102,0.466991747936984,0.838391950993305
"Com_9657_pos",0.985257006222436,-0.021427991395682,0.343356766450638,0.555138784696174,1.53142867043882
"Com_9669_pos",0.537334927928136,-0.896106475508004,0.120376319480744,0.593398349587397,1.11678270957935
"Com_9682_neg",1.12263443022324,0.166888211295275,0.939348684935564,0.511627906976744,0.702325728881104
"Com_9692_neg",0.995556025307648,-0.0064255884250927,0.86454605501772,0.526256564141035,0.27803396170645
"Com_9711_neg",0.712939131278628,-0.488149186172,0.953884905152032,0.489872468117029,0.375061541395605
"Com_9733_pos",0.155359587612519,-2.68631681851146,0.0083308333182339,0.633533383345836,1.82615926355168
"Com_9758_neg",1.12344863068841,0.167934159279376,0.428817277248896,0.521755438859715,0.98827501747848
"Com_975_pos",0.981487129387053,-0.0269587456790727,0.172836452454197,0.560765191297824,0.98030392708701
"Com_9762_pos",0.29920417633083,-1.74079778219615,0.042986108540696,0.551762940735184,1.44155845559183
"Com_9775_neg",1.66164424445461,0.732611536320132,0.326944363344539,0.54688672168042,0.885150291619114
"Com_9799_neg",1.11877900040926,0.161925079654532,0.16733540797044,0.585146286571643,1.44499179643615
"Com_97_pos",0.287871403925666,-1.79650361082673,0.887387841255258,0.50450112528132,0.979929855158761
"Com_9820_pos",0.791805924568992,-0.336781232729851,0.065135784651317,0.602025506376594,1.36629897364579
"Com_9841_pos",0.8854745449455,-0.175477260986113,0.15489882913509,0.568267066766692,1.08484135252273
"Com_9848_pos",0.668868161613521,-0.58020622083713,0.141958175685764,0.572018004501125,1.12218336108035
"Com_9881_neg",1.04560260377857,0.0643346388758166,0.735158697886204,0.508627156789197,0.922745163000525
"Com_9883_pos",1.46844855980746,0.55429272850886,0.532040922337345,0.478244561140285,0.977403375634958
"Com_988_pos",1.01794481020497,0.025659345105172,0.765936865812868,0.510502625656414,0.802474221788281
"Com_9896_pos",1.06268628946251,0.0877157686155817,0.0841640832697793,0.614403600900225,1.26601284068311
"Com_9921_pos",0.814902752920922,-0.295300190451223,0.132493964009304,0.583645911477869,1.26212977568967
"Com_9948_neg",0.823979281141422,-0.279320033413727,0.0368255199150251,0.628657164291073,1.50557834044354
"Com_995_pos",0.079044796797032,-3.66118569091251,0.726981100396486,0.50337584396099,0.448228872306038
"Com_9968_neg",1.27791469023236,0.353791529487791,0.709188824479465,0.548387096774194,0.575849612436167
