"Compound_ID","Name","Formula","Molecular Weight","RT [min]","m/z","mzCloud_Results","mzVault_Results","MassList_Results","Class_I","Class_II","Class_III","Class_IV"
"Com_10002_neg","LPE 18:1","C23 H46 N O7 P",479.30427,9.418,478.29699,"No results","Invalid mass","No results","Lipids and lipid-like molecules","Glycerophospholipids","Glycerophosphoethanolamines","1-acyl-sn-glycero-3-phosphoethanolamines"
"Com_1005_pos","3-Methoxycinnamic acid","C10 H10 O3",160.05323,5.673,161.06051,"Invalid mass","No results","No results","Phenylpropanoids and polyketides","Cinnamic acids and derivatives","Hydroxycinnamic acids and derivatives","Coumaric acids and derivatives"
"Com_10068_neg","Rotenone","C23 H22 O6",394.13863,5.006,393.13135,"Invalid mass","No results","No results","Phenylpropanoids and polyketides","Isoflavonoids","Rotenoids","Rotenones"
"Com_10088_neg","DL-m-Tyrosine","C9 H11 N O3",181.07426,1.547,180.06698,"No results","No results","Full match","Organic acids and derivatives","Carboxylic acids and derivatives","Amino acids, peptides, and analogues","Phenylalanine and derivatives"
"Com_10149_pos","4-Hydroxyisoleucine","C6 H13 N O3",147.0902,1.404,148.09754,"No results","No results","Full match","Organic acids and derivatives","Carboxylic acids and derivatives","Amino acids, peptides, and analogues","Isoleucine and derivatives"
"Com_1015_pos","Choline","C5 H13 N O",103.10061,1.265,104.10788,"Invalid mass","Invalid mass","No results","Organic nitrogen compounds","Organonitrogen compounds","Quaternary ammonium salts","Cholines"
"Com_1018_pos","Hexanoylcarnitine","C13 H25 N O4",259.17963,5.442,260.1869,"Full match","Full match","No results","Lipids and lipid-like molecules","Fatty Acyls","Fatty acid esters","Acyl carnitines"
"Com_10205_neg","3-Methylindole","C9 H9 N",131.07314,5.651,130.06588,"No results","No results","Full match","Organoheterocyclic compounds","Indoles and derivatives","Indoles","3-methylindoles"
"Com_10210_pos","Ethyl paraben","C9 H10 O3",166.06384,6.826,167.07117,"Invalid mass","No results","No results","Benzenoids","Benzene and substituted derivatives","Benzoic acids and derivatives","p-Hydroxybenzoic acid alkyl esters"
"Com_10212_pos","N-allyl-2-(2-methyl-1-benzofuran-3-yl)acetamide","C14 H15 N O2",229.10724,2.246,230.11452,"Invalid mass","No results","No results",NA,NA,NA,NA
"Com_10224_pos","Monobutyl phthalate","C12 H14 O4",222.09023,5.861,223.09748,"Full match","No results","Full match","Benzenoids","Benzene and substituted derivatives","Benzoic acids and derivatives","Benzoic acid esters"
"Com_10241_pos","Choline Glycerophosphate","C8 H20 N O6 P",257.10241,2.862,258.10968,"No results","No results","Full match","Lipids and lipid-like molecules","Glycerophospholipids","Glycerophosphocholines","Glycerophosphocholines"
"Com_10243_pos","Trehalose 6-phosphate","C12 H23 O14 P",422.08429,5.197,423.09157,"No results","No results","Full match","Lipids and lipid-like molecules","Saccharolipids","Not available","Saccharolipids"
"Com_10253_neg","Ethyl chrysanthemumate","C12 H20 O2",196.14688,6.166,195.13963,"No results","No results","Full match","Lipids and lipid-like molecules","Prenol lipids","Monoterpenoids","Monocyclic monoterpenoids"
"Com_10260_pos","6-Aminonicotinamide","C6 H7 N3 O",137.05916,1.617,275.12471,"No results","No results","Full match","Organoheterocyclic compounds","Pyridines and derivatives","Pyridinecarboxylic acids and derivatives","Nicotinamides"
"Com_10285_pos","Jasmone","C11 H16 O",164.12091,6.288,165.12823,"Full match","No results","No results",NA,NA,NA,NA
"Com_10309_neg","Deoxycholic acid","C24 H40 O4",392.29295,7.942,391.28568,"Full match","Full match","Full match","Lipids and lipid-like molecules","Steroids and steroid derivatives","Bile acids, alcohols and derivatives","Dihydroxy bile acids, alcohols and derivatives"
"Com_10319_pos","Pinocembrin","C15 H12 O4",256.07484,5.887,257.08213,"Invalid mass","No results","No results","Phenylpropanoids and polyketides","Flavonoids","Flavans","Flavanones"
"Com_1031_pos","Gelsemine","C20 H22 N2 O2",322.16984,5.418,323.17712,"Invalid mass","No results","No results","Alkaloids and derivatives","Gelsemium alkaloids","Not available","Gelsemium alkaloids"
"Com_10349_pos","4-cyclopropyl-6-methoxy-1,3,5-triazin-2-amine","C7 H10 N4 O",166.08617,1.401,167.09355,"Full match","No results","No results",NA,NA,NA,NA
"Com_10363_neg","Gentisic acid","C7 H6 O4",154.0267,3.245,153.01942,"No results","No results","Full match","Benzenoids","Benzene and substituted derivatives","Benzoic acids and derivatives","Hydroxybenzoic acid derivatives"
"Com_10379_neg","P-Coumaroyl Agmatine","C14 H20 N4 O2",276.15893,5.626,275.15166,"No results","No results","Full match","Phenylpropanoids and polyketides","Cinnamic acids and derivatives","Hydroxycinnamic acids and derivatives","Coumaric acids and derivatives"
"Com_1037_pos","Quinoline","C9 H7 N",129.05837,5.424,130.06565,"Full match","No results","No results","Organoheterocyclic compounds","Quinolines and derivatives","Not available","Quinolines and derivatives"
"Com_10427_neg","17α-Hydroxypregnenolone","C21 H32 O3",332.23734,7.088,331.23006,"Invalid mass","No results","No results","Lipids and lipid-like molecules","Steroids and steroid derivatives","Pregnane steroids","Gluco/mineralocorticoids, progestogins and derivatives"
"Com_1042_pos","Histamine","C5 H9 N3",111.08044,1.148,112.08772,"Invalid mass","Invalid mass","No results","Organic nitrogen compounds","Organonitrogen compounds","Amines","2-arylethylamines"
"Com_10430_neg","D-Ribose-1-phosphate","C5 H11 O8 P",230.02006,1.296,211.0021,"Full match","Full match","Full match","Organic oxygen compounds","Organooxygen compounds","Carbohydrates and carbohydrate conjugates","Pentoses"
"Com_10431_pos","TNH","C14 H22 N6 O6",370.1643,6.018,371.17158,"Invalid mass","No results","No results",NA,NA,NA,NA
"Com_10432_pos","12(S)-HETE","C20 H32 O3",320.23671,5.978,321.24396,"No results","No results","Full match","Lipids and lipid-like molecules","Fatty Acyls","Eicosanoids","Hydroxyeicosatetraenoic acids"
"Com_10476_pos","N-Phenyloxazol-5-(3-(trifluoromethyl)phenyl)oxazol-2-amine","C16 H11 F3 N2 O",304.08007,3.038,305.08735,"Invalid mass","No results","No results","Organoheterocyclic compounds","Azoles","Oxazoles","Phenyl-1,3-oxazoles"
"Com_10486_pos","3-hydroxy-2-octylpentanedioic acid","C13 H24 O5",242.15296,6.123,243.16024,"Invalid mass","No results","No results",NA,NA,NA,NA
"Com_10491_pos","Coenzyme Q2","C19 H26 O4",318.18306,6.297,319.19034,"Full match","No results","No results","Lipids and lipid-like molecules","Prenol lipids","Quinone and hydroquinone lipids","Ubiquinones"
"Com_10493_pos","4'-Methoxyflavone","C16 H12 O3",252.08013,5.577,253.0874,"Invalid mass","No results","No results","Phenylpropanoids and polyketides","Flavonoids","O-methylated flavonoids","4'-O-methylated flavonoids"
"Com_10504_pos","6-methyl-7-nitro-2,3-dihydro-1,4-benzodioxine","C9 H9 N O4",177.04356,5.13,178.05084,"Invalid mass","No results","No results",NA,NA,NA,NA
"Com_10515_neg","3,5-Dihydroxyphenylglycine","C8 H9 N O4",183.05374,5.303,182.04647,"Full match","No results","Full match","Organic acids and derivatives","Carboxylic acids and derivatives","Amino acids, peptides, and analogues","Alpha amino acids"
"Com_10515_pos","7-Ketolithocholic acid","C24 H38 O4",390.2786,6.069,391.28607,"No results","No results","Full match","Lipids and lipid-like molecules","Steroids and steroid derivatives","Bile acids, alcohols and derivatives","Bile acids, alcohols and derivatives"
"Com_10544_pos","3-hydroxy-3-methylpentanedioic acid","C6 H10 O5",184.03594,1.201,185.04326,"Invalid mass","No results","No results",NA,NA,NA,NA
"Com_10547_pos","2,6-Di-tert-butyl-1,4-benzoquinone","C14 H20 O2",220.14738,6.896,221.15465,"Full match","No results","No results","Lipids and lipid-like molecules","Prenol lipids","Monoterpenoids","Monocyclic monoterpenoids"
"Com_10548_pos","5-(4-methylphenyl)-2-phenyl-6H-1,3-thiazin-6-one","C17 H13 N O S",279.06761,5.551,280.07489,"Invalid mass","No results","No results",NA,NA,NA,NA
"Com_1054_pos","Methylparaben","C8 H8 O3",152.0481,5.575,153.05541,"Full match","No results","Full match","Benzenoids","Benzene and substituted derivatives","Benzoic acids and derivatives","p-Hydroxybenzoic acid alkyl esters"
"Com_10554_neg","Propylparaben","C10 H12 O3",180.07829,6.551,179.07101,"Full match","No results","Full match","Benzenoids","Benzene and substituted derivatives","Benzoic acids and derivatives","p-Hydroxybenzoic acid alkyl esters"
"Com_1055_neg","Oxazepam","C15 H11 Cl N2 O2",286.05283,5.818,285.04555,"Invalid mass","No results","No results","Organoheterocyclic compounds","Benzodiazepines","1,4-benzodiazepines","1,4-benzodiazepines"
"Com_1055_pos","1-(4-benzylpiperazino)-2-(pyridin-2-ylamino)propan-1-one","C19 H24 N4 O",362.15819,5.306,363.16482,"Invalid mass","No results","No results",NA,NA,NA,NA
"Com_10572_pos","Mupirocin","C26 H44 O9",522.28167,6.662,523.28895,"Invalid mass","No results","No results","Lipids and lipid-like molecules","Fatty Acyls","Fatty acids and conjugates","Medium-chain fatty acids"
"Com_10618_pos","1-(4-hydroxyphenyl)propane-1,2-diol","C9 H12 O3",150.06849,6.594,151.07602,"Invalid mass","No results","No match",NA,NA,NA,NA
"Com_10627_pos","8,15-Dihete","C20 H32 O4",336.23123,5.899,337.23852,"No results","No results","Full match",NA,NA,NA,NA
"Com_10644_neg","ST 24:1;O3;G;S","C26 H43 N O7 S",513.27881,6.613,512.27149,"No results","Invalid mass","No results",NA,NA,NA,NA
"Com_10650_pos","N-Acetyl-L-methionine","C7 H13 N O3 S",191.06235,1.903,192.06963,"No results","No results","Full match","Organic acids and derivatives","Carboxylic acids and derivatives","Amino acids, peptides, and analogues","Methionine and derivatives"
"Com_1066_neg","Dodecanedioic acid","C12 H22 O4",230.15274,6.4,229.14549,"Full match","No results","No results","Lipids and lipid-like molecules","Fatty Acyls","Fatty acids and conjugates","Medium-chain fatty acids"
"Com_106_pos","α-Hydroxyhippuric acid","C9 H9 N O4",195.05413,5.531,196.0614,"Invalid mass","Invalid mass","No results","Benzenoids","Benzene and substituted derivatives","Benzoic acids and derivatives","Hippuric acids"
"Com_10715_pos","N1,N1-diethyl-4-[5-(4-nitrophenyl)-1,3-oxazolan-2-yl]aniline","C19 H23 N3 O3",341.17543,5.449,342.18283,"Full match","No results","No results",NA,NA,NA,NA
"Com_10717_pos","N'-[6-(tert-butyl)thieno[3,2-d]pyrimidin-4-yl]-4-methylbenzohydrazide","C18 H20 N4 O S",322.12225,5.661,323.12954,"Invalid mass","No results","No results",NA,NA,NA,NA
"Com_10738_pos","Minocycline","C23 H27 N3 O7",457.1822,5.143,458.18948,"Invalid mass","No results","No results","Phenylpropanoids and polyketides","Tetracyclines","Not available","Tetracyclines"
"Com_10747_pos","Kasugamycin","C14 H25 N3 O9",379.16457,5.224,380.17185,"Invalid mass","No results","No results","Organic oxygen compounds","Organooxygen compounds","Carbohydrates and carbohydrate conjugates","Aminocyclitol glycosides"
"Com_1074_pos","DL-3-Aminoisobutyric acid","C4 H9 N O2",103.06475,1.404,104.07151,"Invalid mass","Invalid mass","No results","Organic acids and derivatives","Carboxylic acids and derivatives","Amino acids, peptides, and analogues","Beta amino acids and derivatives"
"Com_10761_pos","Taurochenodeoxycholic acid","C26 H45 N O6 S",481.28842,6.053,464.28509,"Invalid mass","No results","No results","Lipids and lipid-like molecules","Steroids and steroid derivatives","Bile acids, alcohols and derivatives","Taurinated bile acids and derivatives"
"Com_10763_neg","Tenofovir","C9 H14 N5 O4 P",287.08364,5.246,286.07622,"Invalid mass","No results","No results","Organoheterocyclic compounds","Imidazopyrimidines","Purines and purine derivatives","6-aminopurines"
"Com_107_pos","Decanoylcarnitine","C17 H33 N O4",315.24232,6.181,316.2496,"Full match","Invalid mass","No results","Lipids and lipid-like molecules","Fatty Acyls","Fatty acid esters","Acyl carnitines"
"Com_10805_neg","Undecanoic acid","C11 H22 O2",186.1622,6.36,185.15505,"Full match","No results","No results","Lipids and lipid-like molecules","Fatty Acyls","Fatty acids and conjugates","Medium-chain fatty acids"
"Com_10813_pos","LLK","C18 H36 N4 O4",372.26806,6.881,373.27522,"Invalid mass","No results","No results",NA,NA,NA,NA
"Com_10814_pos","N4-(3,4-dimethylphenyl)quinazolin-4-amine hydrochloride","C16 H15 N3",249.12783,5.372,250.13512,"Full match","No results","No results",NA,NA,NA,NA
"Com_10818_pos","17beta-Trenbolone","C18 H22 O2",270.16337,6.213,271.17064,"Invalid mass","No results","No results",NA,NA,NA,NA
"Com_10901_pos","Estradiol","C18 H24 O2",272.17749,5.239,295.16656,"No results","No results","Full match","Lipids and lipid-like molecules","Steroids and steroid derivatives","Estrane steroids","Estrogens and derivatives"
"Com_1090_neg","Thiodiglycolic acid","C4 H6 O4 S",149.99855,3.087,148.99127,"Full match","Full match","No results","Organic acids and derivatives","Carboxylic acids and derivatives","Dicarboxylic acids and derivatives","Thiodiacetic acid derivatives"
"Com_10916_pos","Avicularin","C20 H18 O11",434.08498,5.293,435.09225,"Full match","No results","No results","Phenylpropanoids and polyketides","Flavonoids","Flavonoid glycosides","Flavonoid-3-O-glycosides"
"Com_10943_pos","Hydroxyproline","C5 H9 N O3",131.0591,1.277,132.06636,"No results","Invalid mass","No results","Organic acids and derivatives","Carboxylic acids and derivatives","Amino acids, peptides, and analogues","Proline and derivatives"
"Com_1094_pos","Wogonin","C16 H12 O5",284.06975,6.491,285.07703,"Full match","Full match","No results","Phenylpropanoids and polyketides","Flavonoids","O-methylated flavonoids","8-O-methylated flavonoids"
"Com_10958_pos","Phenylpropiolic acid","C9 H6 O2",146.03728,5.005,147.04454,"No results","No results","Full match","Benzenoids","Benzene and substituted derivatives","Not available","Benzene and substituted derivatives"
"Com_10959_neg","ethyl 2-(pyridin-4-ylamino)-1,3-thiazole-4-carboxylate","C11 H11 N3 O2 S",249.05819,5.473,248.05093,"Full match","No results","No results",NA,NA,NA,NA
"Com_10962_pos","N-(2,3-dihydro-1,4-benzodioxin-6-yl)-2,5-dimethyl-3-furamide","C15 H15 N O4",273.10098,5.65,274.10826,"Full match","No results","No results",NA,NA,NA,NA
"Com_10969_pos","Stearamide","C18 H37 N O",283.28902,10.341,284.29627,"Invalid mass","No results","No results","Organic acids and derivatives","Carboximidic acids and derivatives","Carboximidic acids","Carboximidic acids"
"Com_1097_pos","4-ethoxy-7,9-dimethylpyrido[3',2':4,5]thieno[3,2-d]pyrimidine","C13 H13 N3 O S",259.08263,5.708,260.08991,"Invalid mass","No results","No results",NA,NA,NA,NA
"Com_10985_pos","3-Methylhippuric acid","C10 H11 N O3",211.08523,2.784,194.08194,"Invalid mass","No results","No match","Organic acids and derivatives","Carboxylic acids and derivatives","Amino acids, peptides, and analogues","N-acyl-alpha amino acids"
"Com_11050_neg","5-Aminopentanoate","C5 H11 N O2",117.07842,5.209,116.07114,"No results","Full match","Full match","Organic acids and derivatives","Carboxylic acids and derivatives","Amino acids, peptides, and analogues","Delta amino acids and derivatives"
"Com_11054_pos","5,6-Dihydroxyindole-2-Carboxylic Acid","C9 H7 N O4",193.0384,2.263,194.04569,"No results","No results","Full match","None","None","None","None"
"Com_11055_pos","N1-(2-oxoazepan-3-yl)-N2-(3-pyridylmethyl)ethanediamide","C14 H18 N4 O3",290.13964,5.495,291.14697,"Invalid mass","No results","No results",NA,NA,NA,NA
"Com_11069_pos","Oxymatrine","C15 H24 N2 O2",264.18453,2.947,265.1918,"Full match","No results","No results","Alkaloids and derivatives","Lupin alkaloids","Matrine alkaloids","Matrine alkaloids"
"Com_11102_pos","4-(4-chlorophenoxy)-3,5-dimethyl-1H-pyrazole","C11 H11 Cl N2 O",222.05722,3.025,223.0645,"Invalid mass","No results","No results",NA,NA,NA,NA
"Com_11118_pos","8-Hydroxymirtazapine","C17 H19 N3 O",281.15391,5.014,282.16119,"Full match","No results","No results","Organoheterocyclic compounds","Piperazinoazepines","Not available","Piperazinoazepines"
"Com_11125_pos","Enrofloxacin","C19 H22 F N3 O3",341.14919,3.5,342.15647,"Invalid mass","No results","No results","Organoheterocyclic compounds","Quinolines and derivatives","Quinoline carboxylic acids","Quinoline carboxylic acids"
"Com_11132_neg","Thromboxane B1","C20 H36 O6",372.25317,6.666,371.24592,"Invalid mass","No results","No results",NA,NA,NA,NA
"Com_11138_neg","Corchorifatty acid F","C18 H32 O5",328.2268,6.058,327.21947,"Invalid mass","No results","No results","Lipids and lipid-like molecules","Fatty Acyls","Lineolic acids and derivatives","Lineolic acids and derivatives"
"Com_11145_neg","Picolinic acid","C6 H5 N O2",123.03134,1.544,122.02405,"Invalid mass","No results","No results","Organoheterocyclic compounds","Pyridines and derivatives","Pyridinecarboxylic acids and derivatives","Pyridinecarboxylic acids"
"Com_11146_pos","Methyl dihydrojasmonate","C13 H22 O3",226.15788,6.139,227.16517,"Full match","No results","No results","Lipids and lipid-like molecules","Fatty Acyls","Lineolic acids and derivatives","Jasmonic acids"
"Com_1115_pos","Isoliquiritigenin","C15 H12 O4",256.07471,5.426,257.08198,"Full match","Full match","No results","Phenylpropanoids and polyketides","Linear 1,3-diarylpropanoids","Chalcones and dihydrochalcones","2'-Hydroxychalcones"
"Com_11194_pos","Isohomovanillic acid","C9 H10 O4",160.07458,5.468,183.06354,"Invalid mass","No results","No results","Benzenoids","Phenols","Methoxyphenols","Methoxyphenols"
"Com_11196_pos","Lysine Butyrate","C10 H22 N2 O4",234.15912,1.307,217.15579,"No results","No results","Full match","Organic acids and derivatives","Carboxylic acids and derivatives","Amino acids, peptides, and analogues","L-alpha-amino acids"
"Com_111_pos","CAR 10:1","C17 H32 N O4",313.22649,6.049,314.23377,"No results","Invalid mass","No results",NA,NA,NA,NA
"Com_11223_pos","3-oxoindane-1-carboxylic acid","C10 H8 O3",176.0509,5.896,177.0582,"Invalid mass","No results","No results",NA,NA,NA,NA
"Com_11234_pos","6-Acetylmorphine","C19 H21 N O4",327.14853,5.314,328.1558,"Full match","No results","No results","Alkaloids and derivatives","Morphinans","Not available","Morphinans"
"Com_11236_neg","Glycerol 3-phosphate","C3 H9 O6 P",172.0137,1.298,171.00653,"Full match","No results","Full match","Lipids and lipid-like molecules","Glycerophospholipids","Glycerophosphates","Glycerophosphates"
"Com_11252_pos","Thymopentin","C30 H49 N9 O9",679.36595,5.312,680.37323,"No results","No results","Full match","Organic acids and derivatives","Carboxylic acids and derivatives","Amino acids, peptides, and analogues","Oligopeptides"
"Com_11253_pos","Nortriptyline","C19 H21 N",263.16857,5.764,264.17584,"Full match","No results","No results","Benzenoids","Dibenzocycloheptenes","Not available","Dibenzocycloheptenes"
"Com_1127_pos","DL-Lysine","C6 H14 N2 O2",146.10625,1.146,147.11347,"Full match","Full match","Full match","Organic acids and derivatives","Carboxylic acids and derivatives","Amino acids, peptides, and analogues","Alpha amino acids"
"Com_11294_pos","5-Hydroxytryptophol","C10 H11 N O2",177.07979,5.445,178.087,"No results","No results","Full match","Organoheterocyclic compounds","Indoles and derivatives","Hydroxyindoles","Hydroxyindoles"
"Com_11314_neg","4-(2-((4-Cyanophenyl)amino)oxazol-5-yl)benzonitrile","C17 H10 N4 O",286.08616,5.448,285.07889,"Full match","No results","No results","Organoheterocyclic compounds","Azoles","Oxazoles","Phenyl-1,3-oxazoles"
"Com_11325_pos","7α-Hydroxytestosterone","C19 H28 O3",304.20502,6.484,305.21233,"Full match","No results","Full match","Lipids and lipid-like molecules","Steroids and steroid derivatives","Androstane steroids","Androgens and derivatives"
"Com_1133_pos","N-Acetyl-L-carnosine","C11 H16 N4 O4",268.11826,1.401,269.12554,"Full match","No results","No results",NA,NA,NA,NA
"Com_11347_pos","LNH","C16 H26 N6 O5",174.07008,6.397,366.17501,"Invalid mass","No results","No results",NA,NA,NA,NA
"Com_11355_neg","4-Methylvaleric Acid","C6 H12 O2",116.08316,5.445,115.07582,"No results","No results","Full match","Lipids and lipid-like molecules","Fatty Acyls","Fatty acids and conjugates","Hydroxy fatty acids"
"Com_11356_pos","MKK","C17 H35 N5 O4 S",387.22539,5.479,388.23267,"Invalid mass","No results","No results",NA,NA,NA,NA
"Com_11392_pos","2-(2,6-dihydroxyphenyl)-3,5,7-trihydroxy-4H-chromen-4-one","C15 H10 O7",302.04423,5.297,303.05151,"Invalid mass","No results","No results",NA,NA,NA,NA
"Com_11420_neg","Methyl EudesMate","C11 H14 O5",226.08474,5.148,225.07744,"No results","No results","Full match","Benzenoids","Benzene and substituted derivatives","Benzoic acids and derivatives","Gallic acid and derivatives"
"Com_11443_neg","Adenosine diphosphate ribose","C15 H23 N5 O14 P2",559.07453,1.207,558.06716,"Invalid mass","No results","No results","Nucleosides, nucleotides, and analogues","Purine nucleotides","Purine nucleotide sugars","Purine nucleotide sugars"
"Com_11445_pos","N-Acetylornithine","C7 H14 N2 O3",174.10129,3.565,175.1086,"Full match","Full match","Full match","Organic acids and derivatives","Carboxylic acids and derivatives","Amino acids, peptides, and analogues","N-acyl-alpha amino acids"
"Com_11496_neg","Nicotinate ribonucleoside","C11 H13 N O6",255.07497,5.325,300.0733,"No results","No results","Full match","Organic oxygen compounds","Organooxygen compounds","Carbohydrates and carbohydrate conjugates","Glycosylamines"
"Com_1151_pos","1-Methyluric acid","C6 H6 N4 O3",182.04477,3.949,183.05205,"Full match","No results","Full match","Organoheterocyclic compounds","Imidazopyrimidines","Purines and purine derivatives","Xanthines"
"Com_1152_pos","Naringenin","C15 H12 O5",272.06969,5.522,273.07698,"Full match","Full match","No results","Phenylpropanoids and polyketides","Flavonoids","Flavans","Flavanones"
"Com_11537_pos","Oxoamide","C10 H12 N2 O2",192.09076,2.117,193.09804,"Full match","No results","No results","Organic oxygen compounds","Organooxygen compounds","Carbonyl compounds","Aryl alkyl ketones"
"Com_11544_neg","Glycerophospho-N-palmitoyl ethanolamine","C21 H44 N O7 P",453.28853,9.213,452.28125,"Invalid mass","Invalid mass","No results","Lipids and lipid-like molecules","Glycerophospholipids","Glycerophosphoethanolamines","Glycero-3-phospho-N-acyl-ethanolamines"
"Com_11572_pos","Galangin","C15 H10 O5",116.05066,5.61,117.05811,"Invalid mass","Invalid mass","No results","Phenylpropanoids and polyketides","Flavonoids","Flavones","Flavonols"
"Com_11574_pos","Senecionine","C18 H25 N O5",335.17426,5.485,336.18153,"Full match","No results","No results","Phenylpropanoids and polyketides","Macrolides and analogues","Not available","Macrolides and analogues"
"Com_11577_pos","D-Sphingosine","C18 H37 N O2",281.27333,7.429,282.28061,"Invalid mass","No results","No results","Organic nitrogen compounds","Organonitrogen compounds","Amines","1,2-aminoalcohols"
"Com_11583_pos","Octyl hydrogen phthalate","C16 H22 O4",278.15161,6.569,279.15889,"Full match","No results","Full match",NA,NA,NA,NA
"Com_11601_neg","Levulinic acid","C5 H8 O3",116.04684,4.596,115.03956,"Full match","Full match","Full match","Organic acids and derivatives","Keto acids and derivatives","Gamma-keto acids and derivatives","Gamma-keto acids and derivatives"
"Com_11609_pos","HPH","C17 H23 N7 O4",371.17506,6.578,372.18234,"Invalid mass","No results","No results",NA,NA,NA,NA
"Com_11636_neg","L-Malate","C4 H6 O5",134.02123,5.829,133.01408,"No results","No results","Full match","Organic acids and derivatives","Hydroxy acids and derivatives","Beta hydroxy acids and derivatives","Beta hydroxy acids and derivatives"
"Com_11638_neg","Cynaropicrin","C19 H22 O6",392.1497,5.909,391.14226,"Invalid mass","No results","No results","Lipids and lipid-like molecules","Prenol lipids","Terpene lactones","Guaianolides and derivatives"
"Com_11657_neg","N-(2-methyl-5-nitrophenyl)-N-(methylsulfonyl)methanesulfonamide","C9 H12 N2 O6 S2",308.01508,5.04,307.00781,"Full match","No results","No results",NA,NA,NA,NA
"Com_11657_pos","S-(5-Adenosy)-L-Homocysteine","C14 H20 N6 O5 S",384.12044,5.562,385.12772,"No results","No results","Full match","Nucleosides, nucleotides, and analogues","5'-deoxyribonucleosides","5'-deoxy-5'-thionucleosides","5'-deoxy-5'-thionucleosides"
"Com_11685_pos","Punicic Acid","C18 H30 O2",278.22575,6.053,279.23307,"No results","No results","Full match","Lipids and lipid-like molecules","Fatty Acyls","Lineolic acids and derivatives","Lineolic acids and derivatives"
"Com_11686_pos","1-Acetylimidazole","C5 H6 N2 O",110.04877,0.725,111.05607,"No results","Invalid mass","No results","Organoheterocyclic compounds","Azoles","Imidazoles","Carbonylimidazoles"
"Com_11696_pos","LPE 17:1","C22 H44 N O7 P",465.28826,8.862,466.2955,"No results","Invalid mass","No results","Lipids and lipid-like molecules","Glycerophospholipids","Glycerophosphoethanolamines","1-acyl-sn-glycero-3-phosphoethanolamines"
"Com_11697_neg","Alanyltyrosine","C12 H16 N2 O4",252.11205,5.235,251.10476,"Full match","No results","No results","Organic acids and derivatives","Carboxylic acids and derivatives","Amino acids, peptides, and analogues","Peptides"
"Com_116_pos","Desmethylcitalopram","C19 H19 F N2 O",310.14931,5.666,311.15657,"Full match","No results","No results","Benzenoids","Benzene and substituted derivatives","Phenylbutylamines","Phenylbutylamines"
"Com_11705_neg","4-Hydroxyphenylacetic acid","C8 H8 O3",152.04731,1.566,151.04003,"No results","Full match","Full match","Benzenoids","Phenols","1-hydroxy-2-unsubstituted benzenoids","1-hydroxy-2-unsubstituted benzenoids"
"Com_11765_neg","Agnuside","C22 H26 O11",466.14922,5.625,465.14194,"Full match","No results","No results","Lipids and lipid-like molecules","Prenol lipids","Terpene glycosides","Iridoid O-glycosides"
"Com_11801_pos","4-Aminobiphenyl","C12 H11 N",169.08644,5.459,170.09337,"Invalid mass","No results","No results","Benzenoids","Benzene and substituted derivatives","Biphenyls and derivatives","Biphenyls and derivatives"
"Com_11802_pos","7-(2-aminophenyl)heptanoic acid","C13 H19 N O2",221.14272,6.702,222.15,"Invalid mass","No results","No results",NA,NA,NA,NA
"Com_11812_pos","11-dehydro Thromboxane B2","C20 H32 O6",368.21979,5.963,369.22688,"Full match","No results","Full match","Lipids and lipid-like molecules","Fatty Acyls","Eicosanoids","Thromboxanes"
"Com_11815_pos","ethyl 2-amino-8H-indeno[2,1-b]thiophene-3-carboxylate","C14 H13 N O2 S",259.06785,5.634,260.07521,"Full match","No results","No results",NA,NA,NA,NA
"Com_11816_pos","9-(2,3-Dihydroxy-3-methylbutoxy)-7H-furo[3,2-g]chromen-7-one","C16 H16 O6",304.09654,5.515,305.10381,"Invalid mass","No results","No results","Phenylpropanoids and polyketides","Coumarins and derivatives","Furanocoumarins","Psoralens"
"Com_11824_pos","Octopine","C9 H18 N4 O4",246.13366,1.825,247.14094,"No results","Full match","No results","Organic acids and derivatives","Carboxylic acids and derivatives","Amino acids, peptides, and analogues","Arginine and derivatives"
"Com_11848_neg","(+/-)5-iPF2α-VI","C20 H34 O5",354.24273,6.665,353.23545,"Invalid mass","No results","No results","Lipids and lipid-like molecules","Fatty Acyls","Eicosanoids","Prostaglandins and related compounds"
"Com_11855_pos","Monocrotaline","C16 H23 N O6",325.15425,5.691,326.16152,"Invalid mass","No results","No results","Organoheterocyclic compounds","Pyrrolizines","Not available","Pyrrolizines"
"Com_11896_pos","Hydrocortisone acetate","C23 H32 O6",404.2196,6.342,405.22688,"No results","No results","Full match","Lipids and lipid-like molecules","Steroids and steroid derivatives","Pregnane steroids","Gluco/mineralocorticoids, progestogins and derivatives"
"Com_11911_neg","Orotic Acid","C5 H4 N2 O4",156.01714,1.401,155.00978,"No results","No results","Full match","Organoheterocyclic compounds","Diazines","Pyrimidines and pyrimidine derivatives","Pyrimidinecarboxylic acids"
"Com_11914_neg","N-benzyl-N-isopropyl-N'-[4-(trifluoromethoxy)phenyl]urea","C18 H19 F3 N2 O2",352.13644,6.551,351.12917,"Invalid mass","No results","No results",NA,NA,NA,NA
"Com_11941_pos","Anserine","C10 H16 N4 O3",240.12211,2.183,241.12958,"No results","No results","Full match","Organic acids and derivatives","Peptidomimetics","Hybrid peptides","Hybrid peptides"
"Com_11954_pos","5-[(4-methoxybenzyl)amino]-2,3-dihydro-1,3,4-thiadiazole-2-thione","C10 H11 N3 O S2",275.01888,6.407,276.02615,"Invalid mass","No results","No results",NA,NA,NA,NA
"Com_11957_neg","Fenbendazole","C15 H13 N3 O2 S",299.0728,6.384,298.06553,"Full match","No results","No results","Organoheterocyclic compounds","Benzimidazoles","2-benzimidazolylcarbamic acid esters","2-benzimidazolylcarbamic acid esters"
"Com_11962_neg","(2R)-2,3-Dihydroxypropanoic acid","C3 H6 O4",106.02605,0.683,105.01877,"Invalid mass","Invalid mass","No results","Organic oxygen compounds","Organooxygen compounds","Carbohydrates and carbohydrate conjugates","Sugar acids and derivatives"
"Com_11964_neg","Isobutyryl carnitine","C11 H21 N O4",231.14699,6.138,212.12912,"No results","No results","Full match","Lipids and lipid-like molecules","Fatty Acyls","Fatty acid esters","Acyl carnitines"
"Com_11_neg","Cyclamic acid","C6 H13 N O3 S",179.05961,5.372,178.05234,"Invalid mass","Invalid mass","No results","Organic acids and derivatives","Sulfamic acid derivatives","Cyclamates","Cyclamates"
"Com_12010_neg","Equol","C15 H14 O3",242.09517,5.575,241.08795,"Full match","No results","Full match","Phenylpropanoids and polyketides","Isoflavonoids","Isoflavans","Isoflavanols"
"Com_12040_neg","N3-(4-chlorophenyl)-4-(trifluoromethyl)nicotinamide","C13 H8 Cl F3 N2 O",300.02856,5.862,299.02128,"Full match","No results","No results",NA,NA,NA,NA
"Com_12040_pos","β-Lapachone","C15 H14 O3",242.0956,5.915,243.10274,"Invalid mass","No results","No results","Organoheterocyclic compounds","Naphthopyrans","Naphthopyranones","Naphthopyranones"
"Com_12042_neg","3-(4-chlorophenyl)-4-oxo-3,4-dihydrophthalazine-1-carboxylic acid","C15 H9 Cl N2 O3",300.02903,6.334,299.02175,"Full match","No results","No results",NA,NA,NA,NA
"Com_12048_pos","Bosentan","C27 H29 N5 O6 S",551.1841,1.355,552.19137,"Full match","No results","No results",NA,NA,NA,NA
"Com_1204_neg","Phenothiazine","C12 H9 N S",199.0482,4.747,198.04092,"Invalid mass","No results","No results","Organoheterocyclic compounds","Benzothiazines","Phenothiazines","Phenothiazines"
"Com_12066_pos","1,7-bis(4-hydroxyphenyl)heptan-3-one","C19 H22 O3",280.1486,5.794,281.15587,"Invalid mass","No results","No results",NA,NA,NA,NA
"Com_12088_neg","Deoxyribose 5-Phosphate","C5 H11 O7 P",214.02519,1.332,213.01779,"No results","No results","Full match",NA,NA,NA,NA
"Com_12102_pos","3-[(4-hydroxyphenyl)methyl]-octahydropyrrolo[1,2-a]pyrazine-1,4-dione","C14 H16 N2 O3",260.11689,4.968,261.12433,"Full match","No results","No results",NA,NA,NA,NA
"Com_12109_pos","6-cyclohex-3-enyl-5-nitropiperidin-2-one","C11 H16 N2 O3",224.11704,1.337,225.12432,"Full match","No results","No results",NA,NA,NA,NA
"Com_12125_neg","myricetin 3-O-beta-D-galactopyranoside","C21 H20 O13",480.09367,3.61,479.0864,"Invalid mass","No results","No results",NA,NA,NA,NA
"Com_12125_pos","1-(2,4-diphenyl-2,3-dihydro-1H-1,5-benzodiazepin-1-yl)propan-1-one","C24 H22 N2 O",376.14916,6.584,377.15643,"Invalid mass","No results","No results",NA,NA,NA,NA
"Com_1212_pos","α-Aspartylphenylalanine","C13 H16 N2 O5",280.10724,5.313,281.11452,"Full match","Full match","Full match","Organic acids and derivatives","Carboxylic acids and derivatives","Amino acids, peptides, and analogues","Peptides"
"Com_12157_pos","4,5-Dicaffeoylquinic acid","C25 H24 O12",498.11656,5.68,499.12384,"Invalid mass","No results","No results","Organic oxygen compounds","Organooxygen compounds","Alcohols and polyols","Quinic acids and derivatives"
"Com_1219_pos","Clinafloxacin","C17 H17 Cl F N3 O3",347.08476,5.52,348.09204,"Invalid mass","No results","No results","Organoheterocyclic compounds","Quinolines and derivatives","Quinoline carboxylic acids","Quinoline carboxylic acids"
"Com_12240_pos","All trans retinal","C20 H28 O",284.21422,6.147,285.22206,"Full match","No results","Full match","Lipids and lipid-like molecules","Prenol lipids","Retinoids","Retinoids"
"Com_1226_pos","CAR 12:3","C19 H32 N O4",337.22683,6.048,338.2341,"No results","Invalid mass","No results",NA,NA,NA,NA
"Com_12282_pos","20-Carboxy-Leukotriene B4","C20 H30 O6",366.20583,5.771,367.21318,"No results","No results","Full match",NA,NA,NA,NA
"Com_12285_pos","(1R,2S,3R,4R)-3-(Isobutylamino)-4-(3-pyridinyl)-1,2-cyclopentanediol","C14 H22 N2 O2",272.14941,1.372,273.1567,"Invalid mass","No results","No results","Organic nitrogen compounds","Organonitrogen compounds","Amines","Aralkylamines"
"Com_1229_pos","Paraxanthine","C7 H8 N4 O2",180.06553,1.439,181.0728,"Full match","Full match","No results","Organoheterocyclic compounds","Imidazopyrimidines","Purines and purine derivatives","Xanthines"
"Com_122_neg","Uric acid","C5 H4 N4 O3",168.0284,1.448,167.02108,"Full match","Full match","Full match","Organoheterocyclic compounds","Imidazopyrimidines","Purines and purine derivatives","Xanthines"
"Com_12309_pos","Dehydroepiandrosterone","C19 H28 O2",288.21016,6.65,289.21745,"No results","No results","Full match","Lipids and lipid-like molecules","Steroids and steroid derivatives","Androstane steroids","Androgens and derivatives"
"Com_12314_pos","Dibutyl sebacate","C18 H34 O4",314.24698,7.26,337.23621,"No results","No results","Full match","Lipids and lipid-like molecules","Fatty Acyls","Fatty acid esters","Fatty acid esters"
"Com_12358_pos","(±)15-HETE","C20 H32 O3",320.2365,6.45,321.24377,"Full match","No results","Full match",NA,NA,NA,NA
"Com_12365_neg","L-Tyrosinemethylester","C10 H13 N O3",195.08962,0.422,194.08235,"No results","No results","Full match",NA,NA,NA,NA
"Com_12367_neg","1-Caffeoylquinic Acid","C16 H18 O9",354.0965,5.644,353.08928,"No results","No results","Full match","Organic oxygen compounds","Organooxygen compounds","Alcohols and polyols","Quinic acids and derivatives"
"Com_12368_pos","Cytidine","C9 H13 N3 O5",243.08669,1.4,244.09401,"Full match","No results","Full match","Nucleosides, nucleotides, and analogues","Pyrimidine nucleosides","Not available","Pyrimidine nucleosides"
"Com_12384_pos","3-amino-2-phenyl-2H-pyrazolo[4,3-c]pyridine-4,6-diol","C12 H10 N4 O2",242.08163,5.361,243.0889,"Invalid mass","No results","No results",NA,NA,NA,NA
"Com_12396_pos","SPB 16:1;2O","C16 H33 N O2",271.25223,6.571,272.25955,"No results","Full match","No results",NA,NA,NA,NA
"Com_1239_neg","Perillic acid","C10 H14 O2",166.09939,6.061,165.09183,"Full match","No results","Full match","Lipids and lipid-like molecules","Prenol lipids","Monoterpenoids","Menthane monoterpenoids"
"Com_12425_neg","dUMP","C9 H13 N2 O8 P",308.04073,5.626,307.03345,"No results","No results","Full match","Nucleosides, nucleotides, and analogues","Pyrimidine nucleotides","Pyrimidine deoxyribonucleotides","Pyrimidine 2'-deoxyribonucleoside monophosphates"
"Com_1243_neg","4-Butylresorcinol","C10 H14 O2",166.1002,6.061,165.09232,"No results","No results","Full match","Benzenoids","Phenols","Benzenediols","Resorcinols"
"Com_12462_pos","APH","C14 H21 N5 O4",305.14645,6.138,306.15375,"Invalid mass","No results","No results",NA,NA,NA,NA
"Com_12477_pos","N-[4-(aminosulfonyl)phenyl]-2-(4-methoxyphenoxy)-5-nitrobenzamide","C20 H17 N3 O7 S",443.07738,6.19,444.08466,"Full match","No results","No results",NA,NA,NA,NA
"Com_12480_pos","2-[(butylamino)(imino)methyl]-1-oxohydrazinium-1-olate","C5 H12 N4 O2",182.07427,5.67,183.08155,"Invalid mass","No results","No results",NA,NA,NA,NA
"Com_12493_pos","Pregnenolone","C21 H32 O2",316.24159,6.63,317.24888,"Full match","No results","Full match","Lipids and lipid-like molecules","Steroids and steroid derivatives","Pregnane steroids","Gluco/mineralocorticoids, progestogins and derivatives"
"Com_12521_neg","Prostaglandin K2","C20 H30 O5",332.2003,6.482,331.19302,"Invalid mass","No results","No results","Lipids and lipid-like molecules","Fatty Acyls","Eicosanoids","Prostaglandins and related compounds"
"Com_12554_pos","4-[3-(4-phenoxyphenyl)-1H-pyrazol-5-yl]morpholine","C19 H19 N3 O2",321.14966,5.615,322.15694,"Invalid mass","No results","No results",NA,NA,NA,NA
"Com_12568_pos","Diaminopimelic acid","C7 H14 N2 O4",190.09616,1.366,191.10346,"Full match","No results","No results","Organic acids and derivatives","Carboxylic acids and derivatives","Amino acids, peptides, and analogues","Alpha amino acids"
"Com_12584_pos","1H-indene-3-carboxamide","C10 H9 N O",159.0692,5.036,160.07648,"Full match","No results","No results",NA,NA,NA,NA
"Com_12606_pos","EPH","C16 H23 N5 O6",403.14289,5.685,404.15016,"Invalid mass","No results","No results",NA,NA,NA,NA
"Com_12616_pos","3-(dimethylamino)-2-[3-(trifluoromethyl)phenyl]acrylonitrile","C12 H11 F3 N2",109.05432,5.134,241.09808,"Invalid mass","No results","No results",NA,NA,NA,NA
"Com_12631_pos","1-(2'-fluoro[1,1'-biphenyl]-4-yl)propan-1-one","C15 H13 F O",228.09942,5.545,229.1064,"Invalid mass","No results","No results",NA,NA,NA,NA
"Com_12686_pos","Stiripentol","C14 H18 O3",216.11616,6.088,217.12344,"Invalid mass","No results","No results",NA,NA,NA,NA
"Com_126_pos","7-methyl-3-nitroimidazo[1,2-a]pyridine","C8 H7 N3 O2",199.03457,1.242,200.04185,"Invalid mass","No results","No results",NA,NA,NA,NA
"Com_12702_pos","Picrotin","C15 H18 O7",327.13366,5.227,328.14094,"Invalid mass","No results","No results","Organoheterocyclic compounds","Furopyrans","Not available","Furopyrans"
"Com_12717_pos","L-Glutamate","C5 H9 N O4",147.05381,1.959,148.061,"No results","No results","Full match","Organic acids and derivatives","Carboxylic acids and derivatives","Amino acids, peptides, and analogues","Glutamic acid and derivatives"
"Com_12726_pos","4,6,8-trihydroxy-7-methoxy-3-methyl-3,4-dihydro-1H-2-benzopyran-1-one","C11 H12 O6",262.04685,5.336,263.05413,"Invalid mass","No results","No results",NA,NA,NA,NA
"Com_12727_neg","ethyl 4-hydroxy-3-methylisoxazolo[5,4-b]pyridine-5-carboxylate","C10 H10 N2 O4",222.06444,4.972,221.05714,"Full match","No results","No results",NA,NA,NA,NA
"Com_1274_neg","6-anilino-1,3-dimethyl-1,2,3,4-tetrahydropyrimidine-2,4-dione","C12 H13 N3 O2",231.10324,5.713,230.09596,"Invalid mass","No results","No results",NA,NA,NA,NA
"Com_12770_pos","ethyl 2-cyano-3-[(2-oxoazepan-3-yl)amino]acrylate","C12 H17 N3 O3",251.12798,5.232,252.13525,"Full match","No results","No results",NA,NA,NA,NA
"Com_12775_pos","3-[3-(beta-D-Glucopyranosyloxy)-2-hydroxyphenyl]propanoic acid","C15 H20 O9",366.09437,5.506,367.10166,"Invalid mass","No results","No results",NA,NA,NA,NA
"Com_1278_pos","Propionylcarnitine","C10 H19 N O4",217.13249,2.247,218.13977,"Full match","Full match","Full match","Lipids and lipid-like molecules","Fatty Acyls","Fatty acid esters","Acyl carnitines"
"Com_12791_pos","N'-(4-methoxy-1,3-benzothiazol-2-yl)-N,N-dimethyliminoformamide","C11 H13 N3 O S",235.07862,5.307,236.08589,"Full match","No results","No results",NA,NA,NA,NA
"Com_128_pos","CAR 7:0","C14 H28 N O4",273.19515,5.617,274.20242,"No results","Invalid mass","No results",NA,NA,NA,NA
"Com_12923_pos","2-[1-(4-isobutylphenyl)ethyl]-5-(3-nitrophenyl)-1,3,4-oxadiazole","C20 H21 N3 O3",351.15587,5.054,352.16315,"Invalid mass","No results","No results",NA,NA,NA,NA
"Com_12941_pos","4-Ethoxybenzaldehyde","C9 H10 O2",150.06888,6.008,151.07615,"Invalid mass","No results","No results","Benzenoids","Phenol ethers","Not available","Phenol ethers"
"Com_1294_pos","Neopterin","C9 H11 N5 O4",118.0282,1.413,254.08951,"Invalid mass","No results","No results","Organoheterocyclic compounds","Pteridines and derivatives","Pterins and derivatives","Biopterins and derivatives"
"Com_12993_pos","4-(2,3-dihydroxy-3-methylbutoxy)-7H-furo[3,2-g]chromen-7-one","C16 H16 O6",141.05804,5.742,142.06582,"Invalid mass","No results","No results",NA,NA,NA,NA
"Com_13000_neg","Cetirizine N-oxide","C21 H25 Cl N2 O4",404.1522,6.069,403.14492,"Full match","No results","No results","Benzenoids","Benzene and substituted derivatives","Diphenylmethanes","Diphenylmethanes"
"Com_13005_pos","Ifenprodil","C21 H27 N O2",325.20514,5.633,326.21231,"No results","Full match","No results","Organoheterocyclic compounds","Piperidines","Benzylpiperidines","4-benzylpiperidines"
"Com_13010_pos","4'-Hydroxydiclofenac","C14 H11 Cl2 N O3",311.01357,6.379,312.02083,"Invalid mass","No results","No results","Benzenoids","Benzene and substituted derivatives","Halobenzenes","Dichlorobenzenes"
"Com_13025_pos","N1-[4-(aminosulfonyl)phenyl]-2,2-dimethylpropanamide","C11 H16 N2 O3 S",256.08582,5.521,257.0931,"Invalid mass","No results","No results",NA,NA,NA,NA
"Com_1302_neg","2-[(4-chlorophenyl)sulfonyl]-N,N-dimethylacetamide","C10 H12 Cl N O3 S",262.0265,5.019,261.01923,"Invalid mass","No results","No results",NA,NA,NA,NA
"Com_1305_neg","Monobenzyl phthalate","C15 H12 O4",256.07468,5.391,255.0674,"Full match","No results","No results","Benzenoids","Benzene and substituted derivatives","Benzoic acids and derivatives","Benzoic acid esters"
"Com_13071_pos","2-{[2-(3-cyano-2-pyridinyl)hydrazino]carbonyl}benzoic acid","C14 H10 N4 O3",282.07331,4.894,283.08058,"Invalid mass","No results","No results",NA,NA,NA,NA
"Com_1310_pos","Valsartan metabolite","C14 H10 N4 O2",266.08146,5.767,267.08881,"Full match","No results","No results","Benzenoids","Benzene and substituted derivatives","Biphenyls and derivatives","Biphenyls and derivatives"
"Com_13127_neg","2-{1-[2-(2-fluoro-4-iodoanilino)-2-oxoethyl]cyclohexyl}acetic acid","C16 H19 F I N O3",419.03998,5.055,418.03271,"Full match","No results","No results",NA,NA,NA,NA
"Com_13132_pos","Avocadyne 1-acetate","C19 H34 O4",308.23646,9.57,309.24373,"Invalid mass","No results","No results","Lipids and lipid-like molecules","Fatty Acyls","Fatty alcohols","Long-chain fatty alcohols"
"Com_13135_neg","Adenine","C5 H5 N5",135.05443,3.021,134.04684,"Full match","No results","Full match","Organoheterocyclic compounds","Imidazopyrimidines","Purines and purine derivatives","6-aminopurines"
"Com_13157_pos","methyl 2-(2-acetyl-4,5-dimethoxyphenyl)acetate","C13 H16 O5",252.10097,5.49,253.10827,"Full match","No results","No results",NA,NA,NA,NA
"Com_13163_pos","Tryptophanol","C11 H14 N2 O",190.11141,5.219,191.11866,"No results","No results","Full match","Organoheterocyclic compounds","Indoles and derivatives","Indoles","3-alkylindoles"
"Com_13169_pos","5α-Pregnan-3,20-dione","C21 H32 O2",316.24172,6.808,317.24901,"Full match","No results","Full match","Lipids and lipid-like molecules","Steroids and steroid derivatives","Pregnane steroids","Gluco/mineralocorticoids, progestogins and derivatives"
"Com_13174_pos","4-chloro-N~1~-(4-pyridinyl)-1,2-benzenediamine","C11 H10 Cl N3",219.05406,4.905,220.06117,"Invalid mass","No results","No results",NA,NA,NA,NA
"Com_13184_pos","Deoxynivalenol","C15 H20 O6",296.12557,5.644,297.1328,"Full match","No results","No results","Lipids and lipid-like molecules","Prenol lipids","Sesquiterpenoids","Trichothecenes"
"Com_131_pos","4-decyl-3-hydroxy-5-oxooxolane-2,3-dicarboxylic acid","C16 H26 O7",352.15126,6.337,353.15854,"Invalid mass","No results","No results",NA,NA,NA,NA
"Com_13223_neg","2,6-Dihydroxypurine","C5 H4 N4 O2",152.03305,4.459,151.02577,"No results","No results","Full match","Organoheterocyclic compounds","Imidazopyrimidines","Purines and purine derivatives","Hypoxanthines"
"Com_13237_pos","L-Kynurenine","C10 H12 N2 O3",208.08585,4.182,209.09312,"Invalid mass","Invalid mass","No results","Organic oxygen compounds","Organooxygen compounds","Carbonyl compounds","Alkyl-phenylketones"
"Com_13248_pos","1,5-dimethyl-N-(4-morpholinobenzyl)-1H-pyrazole-3-carboxamide","C17 H22 N4 O2",314.17166,1.622,315.17894,"Invalid mass","No results","No results",NA,NA,NA,NA
"Com_1325_pos","4-methyl-6-[(4-methylphenyl)thio]-2-(2-pyridyl)pyrimidine","C17 H15 N3 S",293.09445,2.631,294.10173,"Invalid mass","No results","No results",NA,NA,NA,NA
"Com_13279_pos","Miquelianin","C21 H18 O13",478.07707,5.058,479.08435,"Full match","No results","No results",NA,NA,NA,NA
"Com_1327_pos","Chlorogenic Acid Methyl Ester","C17 H20 O9",368.11215,5.629,369.11923,"No results","No results","Full match",NA,NA,NA,NA
"Com_13301_pos","4-methoxyphenyl 3,5-dimethyl-1-phenyl-1H-pyrazole-4-carboxylate","C19 H18 N2 O3",344.11664,5.378,345.12391,"Invalid mass","No results","No results",NA,NA,NA,NA
"Com_13304_pos","Diacetoxyscirpenol","C19 H26 O7",366.16699,6.073,367.17432,"Full match","No results","No results","Lipids and lipid-like molecules","Prenol lipids","Sesquiterpenoids","Trichothecenes"
"Com_1330_pos","N6-Acetyl-L-lysine","C8 H16 N2 O3",188.117,1.445,189.12428,"Full match","Full match","Full match","Organic acids and derivatives","Carboxylic acids and derivatives","Amino acids, peptides, and analogues","L-alpha-amino acids"
"Com_13325_neg","3-[4-(tert-butyl)anilino]-2-(3-thienylcarbonyl)acrylonitrile","C18 H18 N2 O S",310.11604,5.504,309.10881,"Invalid mass","No results","No results",NA,NA,NA,NA
"Com_1332_neg","N-Acetyl-DL-tryptophan","C13 H14 N2 O3",246.10159,5.604,245.09432,"Full match","No results","Full match","Organic acids and derivatives","Carboxylic acids and derivatives","Amino acids, peptides, and analogues","N-acyl-alpha amino acids"
"Com_13368_pos","N-(1,3-benzodioxol-5-ylmethyl)-6-morpholinonicotinamide","C18 H19 N3 O4",341.13955,5.105,342.14682,"Invalid mass","No results","No results",NA,NA,NA,NA
"Com_13373_neg","LysoPC 12:1","C20 H36 N O7 P",433.22436,5.904,414.20651,"No results","No results","Full match","Lipids and lipid-like molecules","Glycerophospholipids","Glycerophosphocholines","Phosphocholines"
"Com_13375_pos","2-imino-8-methoxy-2H-chromene-3-carbonitrile","C11 H8 N2 O2",200.05949,5.312,201.06679,"Full match","No results","No results",NA,NA,NA,NA
"Com_13431_neg","4-{[5-(trifluoromethyl)-2-pyridyl]oxy}benzene-1-carbothioamide","C13 H9 F3 N2 O S",298.04222,5.302,343.0405,"Invalid mass","No results","No results",NA,NA,NA,NA
"Com_13438_pos","S-Methyl-L-cysteine-S-oxide","C4 H9 N O3 S",151.03114,1.288,152.03835,"Invalid mass","No results","No results","Organic acids and derivatives","Carboxylic acids and derivatives","Amino acids, peptides, and analogues","L-alpha-amino acids"
"Com_13444_neg","Orotidine","C10 H12 N2 O8",288.06097,1.35,287.05368,"Invalid mass","No results","No results","Nucleosides, nucleotides, and analogues","Pyrimidine nucleosides","Not available","Pyrimidine nucleosides"
"Com_1348_pos","5-Hydroxyindole-3-acetic acid","C10 H9 N O3",191.05911,5.225,192.06638,"Full match","Full match","Full match","Organoheterocyclic compounds","Indoles and derivatives","Indolyl carboxylic acids and derivatives","Indole-3-acetic acid derivatives"
"Com_13491_pos","5-(2-chlorophenyl)-3-morpholinoisothiazole-4-carbonitrile","C14 H12 Cl N3 O S",305.03872,6.77,288.03543,"Full match","No results","No results",NA,NA,NA,NA
"Com_134_neg","2,3,4-Trihydroxybenzoic acid","C7 H6 O5",170.02179,5.291,169.01457,"No results","No results","Full match","Phenylpropanoids and polyketides","Cinnamic acids and derivatives","Hydroxycinnamic acids and derivatives","Hydroxycinnamic acids"
"Com_13527_pos","isobutyl 1-cyclohexyl-4-oxo-1,4-dihydroquinoline-3-carboxylate","C20 H25 N O3",327.18502,6.103,328.19229,"Full match","No results","No results",NA,NA,NA,NA
"Com_13544_pos","N-[4-(diethylamino)phenyl]-N'-phenylurea","C17 H21 N3 O",305.14896,1.627,306.15624,"Invalid mass","No results","No results",NA,NA,NA,NA
"Com_13550_neg","Chenodeoxycholic acid-3-beta-D-glucuronide","C30 H48 O10",568.32704,6.175,567.31976,"No results","No results","Full match",NA,NA,NA,NA
"Com_13556_pos","Nitrofurantoin","C8 H6 N4 O5",255.0578,5.3,256.06503,"Invalid mass","No results","No results","Organoheterocyclic compounds","Azolidines","Imidazolidines","Hydantoins"
"Com_1356_pos","Desoxycortone","C21 H30 O3",330.22102,5.908,331.2283,"Full match","No results","Full match","Lipids and lipid-like molecules","Steroids and steroid derivatives","Hydroxysteroids","21-hydroxysteroids"
"Com_13570_pos","N-Palmitoyl taurine","C18 H37 N O4 S",363.24276,6.258,364.25,"Full match","No results","No results","Lipids and lipid-like molecules","Fatty Acyls","Fatty amides","N-acyl amines"
"Com_13584_neg","2-morpholino-N-[5-(2-thienyl)-1,3,4-thiadiazol-2-yl]acetamide","C12 H14 N4 O2 S2",310.05448,1.394,309.04718,"Full match","No results","No results",NA,NA,NA,NA
"Com_13616_neg","cGMP","C10 H12 N5 O7 P",345.049,3.411,344.04173,"No results","No results","Full match","Nucleosides, nucleotides, and analogues","Purine nucleotides","Cyclic purine nucleotides","3',5'-cyclic purine nucleotides"
"Com_13632_neg","2-Butoxyacetic acid","C6 H12 O3",132.07859,5.264,131.07131,"Full match","No results","Full match","Organic acids and derivatives","Carboxylic acids and derivatives","Carboxylic acids","Carboxylic acids"
"Com_13667_pos","N1-(4-pyridylmethyl)-2-cyano-3-(1H-pyrrol-2-yl)acrylamide","C14 H12 N4 O",252.10152,5.304,253.10887,"Full match","No results","No results",NA,NA,NA,NA
"Com_13673_pos","YLK","C21 H34 N4 O5",422.25311,6.573,445.24234,"Full match","No results","No results",NA,NA,NA,NA
"Com_13681_pos","N-{4-[(2R,3R)-3-(Hydroxymethyl)-5-oxo-2-morpholinyl]phenyl}acetamide","C13 H16 N2 O4",286.08745,5.497,287.09473,"Invalid mass","No results","No results","Organoheterocyclic compounds","Oxazinanes","Morpholines","Phenylmorpholines"
"Com_13697_neg","N-(2-hydroxyethyl)-N'-propylthiourea","C6 H14 N2 O S",212.08484,6.051,211.07756,"Invalid mass","No results","No results",NA,NA,NA,NA
"Com_13725_pos","11-Oxoetiocholanolone","C19 H28 O3",286.19444,6.365,287.2018,"Invalid mass","No match","No match","Lipids and lipid-like molecules","Steroids and steroid derivatives","Androstane steroids","Androgens and derivatives"
"Com_1374_pos","4-Methoxybenzaldehyde","C8 H8 O2",153.07966,5.555,154.08698,"Invalid mass","Invalid mass","No match","Benzenoids","Benzene and substituted derivatives","Benzoyl derivatives","Benzoyl derivatives"
"Com_13753_neg","Kynurenate","C10 H7 N O3",378.07615,5.383,188.0308,"No results","Invalid mass","No results","Organoheterocyclic compounds","Quinolines and derivatives","Quinoline carboxylic acids","Quinoline carboxylic acids"
"Com_13758_neg","Glycyl-L-leucine","C8 H16 N2 O3",188.11661,1.425,187.10933,"Full match","No results","Full match","Organic acids and derivatives","Carboxylic acids and derivatives","Amino acids, peptides, and analogues","Peptides"
"Com_13776_pos","2-[({4-[3,5-di(tert-butyl)-1H-pyrazol-1-yl]phenyl}imino)methyl]phenol","C24 H29 N3 O",375.22844,6.114,376.23572,"Invalid mass","No results","No results",NA,NA,NA,NA
"Com_1377_neg","Pimelic acid","C7 H12 O4",160.07346,5.466,159.06618,"Full match","No results","Full match","Lipids and lipid-like molecules","Fatty Acyls","Fatty acids and conjugates","Medium-chain fatty acids"
"Com_13807_pos","2-piperidinobenzoic acid","C12 H15 N O2",205.11142,5.663,206.1187,"Invalid mass","No results","No results",NA,NA,NA,NA
"Com_13811_neg","N1-(3-amino-4-chlorophenyl)-2-[2,4-di(tert-pentyl)phenoxy]acetamide","C24 H33 Cl N2 O2",416.21919,5.778,415.21191,"Invalid mass","No results","No results",NA,NA,NA,NA
"Com_13835_pos","N-Acetyl-D-galactosamine","C8 H15 N O6",221.09087,1.386,222.09816,"Full match","Full match","Full match","Organic oxygen compounds","Organooxygen compounds","Carbohydrates and carbohydrate conjugates","Acylaminosugars"
"Com_13843_pos","Chrysin","C15 H10 O4",254.05927,6.602,255.06655,"Invalid mass","No results","No results","Phenylpropanoids and polyketides","Flavonoids","Flavones","Flavones"
"Com_13868_pos","1-[(3,5-dimethylisoxazol-4-yl)sulfonyl]piperidine","C10 H16 N2 O3 S",244.08931,4.67,245.09652,"Full match","No results","Full match",NA,NA,NA,NA
"Com_13884_pos","6-(7-methyloctyl)-1H,3H,4H,6H-furo[3,4-c]furan-1-one","C15 H24 O3",252.17376,6.813,253.181,"Full match","No results","No results",NA,NA,NA,NA
"Com_13897_pos","AL 8810 Methyl ester","C25 H33 F O4",438.22493,6.997,439.23222,"Invalid mass","No results","No results","Benzenoids","Indanes","Not available","Indanes"
"Com_1390_pos","9-Aminoacridine, monohydrochloride, monohydrate","C13 H10 N2",194.08536,5.49,195.09263,"Full match","No results","Full match",NA,NA,NA,NA
"Com_13928_pos","N-[2-(4-pyridyl)ethyl]methanesulfonamide","C8 H12 N2 O2 S",200.06278,4.938,201.07006,"Full match","No results","No results",NA,NA,NA,NA
"Com_13944_pos","Nor-9-carboxy-δ9-THC","C21 H28 O4",344.20064,5.722,345.20781,"Invalid mass","No results","No results","Organoheterocyclic compounds","Benzopyrans","1-benzopyrans","2,2-dimethyl-1-benzopyrans"
"Com_1395_pos","D-Proline","C5 H9 N O2",115.06375,1.629,116.07103,"No results","No results","Full match","Organic acids and derivatives","Carboxylic acids and derivatives","Amino acids, peptides, and analogues","Proline and derivatives"
"Com_13970_pos","5,6-dimethyl-4-oxo-4H-pyran-2-carboxylic acid","C8 H8 O4",168.04317,5.87,169.05044,"Invalid mass","No results","No results",NA,NA,NA,NA
"Com_13997_neg","2,3-dihydro-2-spiro[1-(benzyl)piperidin-4-yl]-1,3-benzothiazole","C18 H20 N2 S",296.13102,5.827,295.12377,"Invalid mass","No results","No results",NA,NA,NA,NA
"Com_14010_pos","3,5,7-trihydroxy-2-phenyl-4H-chromen-4-one","C15 H10 O5",270.05434,7.049,271.06161,"Invalid mass","No results","No results",NA,NA,NA,NA
"Com_14066_neg","Luteolin","C15 H10 O6",286.04905,5.405,285.04177,"Full match","No results","No results","Phenylpropanoids and polyketides","Flavonoids","Flavones","Flavones"
"Com_14079_neg","5-(3-Nitrophenyl)-N-phenyloxazol-2-amine","C15 H11 N3 O3",281.08358,5.56,280.07631,"Invalid mass","No results","No results","Organoheterocyclic compounds","Azoles","Oxazoles","Phenyl-1,3-oxazoles"
"Com_14081_pos","Adrenosterone","C19 H24 O3",300.17381,5.902,301.18103,"No results","No results","Full match","Lipids and lipid-like molecules","Steroids and steroid derivatives","Androstane steroids","Androgens and derivatives"
"Com_140_pos","trans-3-Indoleacrylic acid","C11 H9 N O2",187.06424,5.214,188.07148,"Full match","No results","Full match","Organoheterocyclic compounds","Indoles and derivatives","Indoles","Indoles"
"Com_14107_neg","Protocatechuic acid","C7 H6 O4",154.02674,1.631,153.01947,"Full match","Full match","Full match","Benzenoids","Benzene and substituted derivatives","Benzoic acids and derivatives","Hydroxybenzoic acid derivatives"
"Com_14123_pos","5-[5-(ethylsulfonyl)-2-hydroxyanilino]-5-oxopentanoic acid","C13 H17 N O6 S",337.05528,6.067,338.06244,"Invalid mass","No results","No results",NA,NA,NA,NA
"Com_14124_pos","Normorphine","C16 H17 N O3",271.12206,3.796,272.12934,"Full match","No results","No results","Alkaloids and derivatives","Morphinans","Not available","Morphinans"
"Com_14131_pos","2-(1,3-dimethyl-1H-pyrazol-5-yl)-1H-isoindole-1,3(2H)-dione","C13 H11 N3 O2",241.09031,5.66,242.09757,"Invalid mass","No results","No results",NA,NA,NA,NA
"Com_1414_pos","ethyl 5-hydroxy-4-oxo-4H-chromene-2-carboxylate","C12 H10 O5",234.05154,5.672,235.05881,"Invalid mass","No results","No results",NA,NA,NA,NA
"Com_14195_neg","(±)9(10)-EpOME","C18 H32 O3",342.24254,6.235,341.23518,"Invalid mass","No results","No results",NA,NA,NA,NA
"Com_14208_pos","Methyltestosterone","C20 H30 O2",302.22587,6.169,303.23314,"No results","No results","Full match","Lipids and lipid-like molecules","Steroids and steroid derivatives","Androstane steroids","Androgens and derivatives"
"Com_14213_pos","2-(4-chlorophenyl)-N,N-dimethylethanethioamide","C10 H12 Cl N S",213.03594,6.313,214.04321,"Invalid mass","No results","No results",NA,NA,NA,NA
"Com_14225_neg","Hexadecanedioic acid","C16 H30 O4",286.21604,6.856,285.20876,"Invalid mass","No results","No results","Lipids and lipid-like molecules","Fatty Acyls","Fatty acids and conjugates","Long-chain fatty acids"
"Com_14225_pos","Muramic acid","C9 H17 N O7",251.10295,3.683,252.11023,"Invalid mass","No results","No match","Organic oxygen compounds","Organooxygen compounds","Carbohydrates and carbohydrate conjugates","Sugar acids and derivatives"
"Com_14255_pos","Noroxycodone-d3","C17 H16 [2]H3 N O4",304.15166,10.935,305.15894,"Full match","No results","No results",NA,NA,NA,NA
"Com_14298_pos","1-(2-furyl)pentane-1,4-dione","C9 H10 O3",188.04857,5.563,189.05576,"Invalid mass","No results","No results",NA,NA,NA,NA
"Com_142_neg","4-Methylphenol","C7 H8 O",108.05686,5.453,107.04959,"Invalid mass","No results","No results","Benzenoids","Phenols","Cresols","Para cresols"
"Com_14305_pos","Prostaglandin A3","C20 H28 O4",332.19951,6.682,333.20679,"Full match","No results","No results","Lipids and lipid-like molecules","Fatty Acyls","Eicosanoids","Prostaglandins and related compounds"
"Com_14308_pos","4-(2-methoxyphenyl)-1-(3-phenyl-1,2,4-thiadiazol-5-yl)piperidine","C20 H21 N3 O S",351.14409,5.327,352.15131,"Invalid mass","No results","No results",NA,NA,NA,NA
"Com_14336_neg","5-Hydroxydiclofenac","C14 H11 Cl2 N O3",311.01396,6.349,310.00668,"Invalid mass","No results","No results","Benzenoids","Benzene and substituted derivatives","Halobenzenes","Dichlorobenzenes"
"Com_14336_pos","1-O-(3,4,5-Trimethoxybenzoyl)-beta-L-galactopyranose","C16 H22 O10",396.10451,2.647,397.11179,"Invalid mass","No results","No results",NA,NA,NA,NA
"Com_14337_pos","NNK","C14 H26 N6 O6",356.18275,6.325,357.19002,"Invalid mass","No results","No results","Organic oxygen compounds","Organooxygen compounds","Carbonyl compounds","Aryl alkyl ketones"
"Com_1433_pos","Menadione","C11 H8 O2",172.05342,5.789,173.06069,"Invalid mass","No results","No results","Benzenoids","Naphthalenes","Naphthoquinones","Naphthoquinones"
"Com_14340_pos","LNK","C16 H31 N5 O5",373.2308,6.37,374.23807,"Full match","No results","No results",NA,NA,NA,NA
"Com_14367_pos","5-Chloro-2-[(3S)-1-(4-fluorobenzyl)-3-pyrrolidinyl]-1,3-benzoxazole","C18 H16 Cl F N2 O",330.08937,5.22,331.09671,"Invalid mass","No results","No results","Organoheterocyclic compounds","Benzoxazoles","Not available","Benzoxazoles"
"Com_1438_pos","8,8-dimethyl-2H,8H-pyrano[3,2-g]chromen-2-one","C14 H12 O3",228.07946,5.825,229.08673,"Full match","No results","No results",NA,NA,NA,NA
"Com_14392_pos","ERH","C17 H28 N8 O6",440.2187,6.008,441.22597,"Invalid mass","No results","No results",NA,NA,NA,NA
"Com_143_pos","2-(2-hydroxyphenyl)-3,4-dihydroquinazolin-4-one","C14 H10 N2 O2",238.07084,5.121,239.07811,"Invalid mass","No results","No results",NA,NA,NA,NA
"Com_14458_pos","DL-Metanephrine","C10 H15 N O3",197.10596,3.949,198.11326,"Full match","No results","Full match","Benzenoids","Phenols","Methoxyphenols","Methoxyphenols"
"Com_14474_neg","N1-[3-(1H-imidazol-1-yl)propyl]-2-[(4-nitrobenzoyl)amino]benzamide","C20 H19 N5 O4",393.14795,5.355,392.14063,"Invalid mass","No results","No results",NA,NA,NA,NA
"Com_14474_pos","2-Aminobenzenesulfonic acid","C6 H7 N O3 S",173.01523,4.89,174.02302,"No results","No results","Full match","Benzenoids","Benzene and substituted derivatives","Benzenesulfonic acids and derivatives","Benzenesulfonic acids and derivatives"
"Com_14476_pos","α-Linolenoyl ethanolamide","C20 H35 N O2",321.26819,6.316,322.27547,"Full match","No results","No results","Organic nitrogen compounds","Organonitrogen compounds","Amines","N-acylethanolamines"
"Com_1450_pos","5-(hydroxymethyl)-4-methoxy-2,5-dihydrofuran-2-one","C6 H8 O4",144.0405,1.266,145.04778,"Invalid mass","No results","No results",NA,NA,NA,NA
"Com_14534_neg","D-(+)-Malic acid","C4 H6 O5",134.02106,5.458,133.014,"Full match","No results","Full match","Organic acids and derivatives","Hydroxy acids and derivatives","Beta hydroxy acids and derivatives","Beta hydroxy acids and derivatives"
"Com_14567_pos","Hydroquinone","C6 H6 O2",110.03695,5.815,111.04462,"No results","No results","Full match","Benzenoids","Phenols","Benzenediols","Hydroquinones"
"Com_14574_pos","4-Hydroxyhippuric acid","C9 H9 N O4",195.05389,1.394,196.06116,"No results","Full match","No results","Benzenoids","Benzene and substituted derivatives","Benzoic acids and derivatives","Hippuric acids"
"Com_14606_neg","3-(methylsulfanyl)-5H-[1,2,4]triazino[5,6-b]indole","C10 H8 N4 S",216.04675,3.93,215.03947,"Full match","No results","No results",NA,NA,NA,NA
"Com_14623_pos","Alternariol","C14 H10 O5",258.05415,5.927,259.06145,"Invalid mass","No results","No results","Phenylpropanoids and polyketides","Coumarins and derivatives","Not available","Coumarins and derivatives"
"Com_14626_pos","Heroin-d3","C21 H20 [2]H3 N O5",350.19521,5.886,373.18427,"Invalid mass","No results","No results",NA,NA,NA,NA
"Com_1462_neg","N-(4-bromo-1-methyl-1H-pyrazol-5-yl)-2,2-dimethylpropanamide","C9 H14 Br N3 O",518.05815,5.264,258.0218,"Invalid mass","No results","No results",NA,NA,NA,NA
"Com_14640_pos","N-Desmethylvenlafaxine","C16 H25 N O2",263.18986,6.389,264.19717,"Invalid mass","No results","No results","Benzenoids","Phenol ethers","Anisoles","Anisoles"
"Com_14652_neg","4,7-dimethylpyrazolo[5,1-c][1,2,4]triazine-3-carbonitrile","C8 H7 N5",173.06872,2.739,172.06145,"Invalid mass","No results","No match",NA,NA,NA,NA
"Com_14664_pos","Vardenafil N-oxide","C23 H32 N6 O5 S",504.21163,5.8,505.2189,"Invalid mass","No results","No results","Benzenoids","Benzene and substituted derivatives","Benzenesulfonamides","Benzenesulfonamides"
"Com_14682_pos","indoline-2-carboxylic acid","C9 H9 N O2",163.06395,4.835,164.07127,"Full match","No results","Full match",NA,NA,NA,NA
"Com_14683_pos","L-(-)-alpha-Amino-epsilon-Caprolactam","C6 H12 N2 O",128.09559,4.393,112.07635,"No results","No results","Full match","Organoheterocyclic compounds","Azepines","Not available","Azepines"
"Com_14702_pos","alpha-Benzylsuccinic acid","C11 H12 O4",208.07459,5.959,209.08187,"No results","No results","Full match","Phenylpropanoids and polyketides","Phenylpropanoic acids","Not available","Phenylpropanoic acids"
"Com_14705_neg","AICA ribonucleotide","C9 H15 N4 O8 P",338.06346,5.55,337.05618,"Full match","No results","Full match","Nucleosides, nucleotides, and analogues","Imidazole ribonucleosides and ribonucleotides","1-ribosyl-imidazolecarboxamides","1-ribosyl-imidazolecarboxamides"
"Com_14728_pos","N-[3-(1-methyl-1H-pyrazol-3-yl)phenyl]-N'-phenylurea","C17 H16 N4 O",309.15681,6.097,310.16494,"Invalid mass","No results","No results",NA,NA,NA,NA
"Com_14733_neg","3,4-dichloro-N-[4-(2-methoxyethoxy)phenyl]benzamide","C16 H15 Cl2 N O3",339.04454,6.14,338.03726,"Full match","No results","No results",NA,NA,NA,NA
"Com_14752_pos","N-(4-chlorophenyl)-N'-(2-phenoxyphenyl)urea","C19 H15 Cl N2 O2",338.0844,2.861,339.09167,"Invalid mass","No results","No results",NA,NA,NA,NA
"Com_14771_neg","Phenylglyoxylic acid","C8 H6 O3",150.03173,4.944,149.02445,"Full match","No results","Full match","Benzenoids","Benzene and substituted derivatives","Benzoyl derivatives","Benzoyl derivatives"
"Com_147_pos","Metronidazole-OH","C6 H9 N3 O4",187.05991,4.607,188.06719,"Full match","No results","No results","Organoheterocyclic compounds","Azoles","Imidazoles","Nitroimidazoles"
"Com_14819_pos","Xanthopterin","C6 H5 N5 O2",179.04509,2.068,180.05237,"Full match","No results","No results","Organoheterocyclic compounds","Pteridines and derivatives","Pterins and derivatives","Pterins and derivatives"
"Com_14871_pos","Thromboxane B2","C20 H34 O6",392.21927,5.836,393.22662,"Invalid mass","No results","No results","Lipids and lipid-like molecules","Fatty Acyls","Eicosanoids","Thromboxanes"
"Com_1487_neg","4-Hydroxy-3- methoxyphenylglycol sulfate","C9 H12 O7 S",264.03142,1.42,263.02415,"Full match","No results","Full match","Organic acids and derivatives","Organic sulfuric acids and derivatives","Arylsulfates","Phenylsulfates"
"Com_14908_neg","13,14-dihydro Prostaglandin F1α","C20 H38 O5",394.24928,5.944,393.24201,"Invalid mass","No results","No results","Lipids and lipid-like molecules","Fatty Acyls","Eicosanoids","Prostaglandins and related compounds"
"Com_14911_pos","T-2 Toxin","C24 H34 O9",488.2082,6.217,489.2153,"Invalid mass","No results","No results","Lipids and lipid-like molecules","Prenol lipids","Sesquiterpenoids","Trichothecenes"
"Com_14922_pos","N-Acetyl-1-aspartylglutamic acid","C11 H16 N2 O8",304.0917,1.741,305.09897,"Full match","Full match","Full match","Organic acids and derivatives","Carboxylic acids and derivatives","Amino acids, peptides, and analogues","Dipeptides"
"Com_14932_pos","Sulfisoxazole","C11 H13 N3 O3 S",289.05278,5.325,290.06006,"Invalid mass","No results","No results","Benzenoids","Benzene and substituted derivatives","Benzenesulfonamides","Aminobenzenesulfonamides"
"Com_14942_pos","Thiamine","C12 H16 N4 O S",132.05338,1.271,265.11302,"Invalid mass","Invalid mass","No match","Organoheterocyclic compounds","Diazines","Pyrimidines and pyrimidine derivatives","Thiamines"
"Com_14971_neg","Sedoheptulose 1,7-bisphosphate","C7 H16 O13 P2",370.00651,6.414,368.9993,"No results","No results","Full match",NA,NA,NA,NA
"Com_14978_neg","methadone-d9","C21 H18 [2]H9 N O",317.95732,1.158,316.95004,"Invalid mass","No results","No results",NA,NA,NA,NA
"Com_149_pos","Nitrosoheptamethyleneimine","C7 H14 N2 O",125.08468,5.728,126.09197,"Invalid mass","No results","No results",NA,NA,NA,NA
"Com_14_pos","N-Phenylacetylglutamine","C13 H16 N2 O4",264.11192,5.384,265.11914,"Full match","Full match","Full match","Organic acids and derivatives","Carboxylic acids and derivatives","Amino acids, peptides, and analogues","N-acyl-alpha amino acids"
"Com_15033_neg","D-Mannose 6-phosphate","C6 H13 O9 P",260.02715,5.917,259.01988,"Invalid mass","No results","No results","Organic oxygen compounds","Organooxygen compounds","Carbohydrates and carbohydrate conjugates","Hexose phosphates"
"Com_15056_neg","Isopentenyl pyrophosphate","C5 H12 O7 P2",246.00578,2.88,244.9985,"Full match","No results","No results","Lipids and lipid-like molecules","Prenol lipids","Isoprenoid phosphates","Isoprenoid phosphates"
"Com_15059_pos","2-(2-acetyl-3,5-dihydroxyphenyl)acetic acid","C10 H10 O5",210.05326,5.908,211.061,"Full match","No results","Full match",NA,NA,NA,NA
"Com_15066_neg","2-[(3S)-1-(Cyclohexylmethyl)-3-pyrrolidinyl]-5-fluoro-1H-benzimidazole","C18 H24 F N3",301.19053,6.349,300.18325,"Invalid mass","No results","No results","Organoheterocyclic compounds","Benzimidazoles","Not available","Benzimidazoles"
"Com_1508_pos","2-[4-(methylsulfonimidoyl)phenoxy]-5-nitropyridine","C12 H11 N3 O4 S",293.04811,5.464,294.05539,"Full match","No results","No results",NA,NA,NA,NA
"Com_15101_neg","Prostaglandin F3α","C20 H32 O5",398.23282,7.707,397.22554,"Invalid mass","No results","No results","Lipids and lipid-like molecules","Fatty Acyls","Eicosanoids","Prostaglandins and related compounds"
"Com_15111_pos","Genistin","C21 H20 O10",432.10729,5.247,433.11456,"Full match","No results","No results","Phenylpropanoids and polyketides","Isoflavonoids","Isoflavonoid O-glycosides","Isoflavonoid O-glycosides"
"Com_15142_pos","Sterigmatocystin","C18 H12 O6",324.06105,1.632,325.06833,"Invalid mass","No results","No results","Phenylpropanoids and polyketides","Sterigmatocystins","Not available","Sterigmatocystins"
"Com_15169_pos","2-(2,6-dimethoxyphenyl)-5,6-dimethoxy-4H-chromen-4-one","C19 H18 O6",324.1013,6.129,325.10854,"Invalid mass","No results","No results",NA,NA,NA,NA
"Com_1516_pos","α-Pinene-2-oxide","C10 H16 O",152.12076,5.78,153.12807,"Full match","No results","No results","Lipids and lipid-like molecules","Prenol lipids","Monoterpenoids","Bicyclic monoterpenoids"
"Com_15220_neg","6-(2-furyl)-2-hydroxy-4-(2-thienyl)nicotinonitrile","C14 H8 N2 O2 S",536.06895,5.223,267.0272,"Invalid mass","No results","No results",NA,NA,NA,NA
"Com_15290_pos","3-hydroxy-4-(3-hydroxyphenyl)-1,2-dihydroquinolin-2-one","C15 H11 N O3",253.07499,5.574,254.08227,"Full match","No results","No results",NA,NA,NA,NA
"Com_15324_pos","Esfenvalerate","C25 H22 Cl N O3",436.15868,5.029,437.16595,"Invalid mass","No results","No results","Lipids and lipid-like molecules","Fatty Acyls","Fatty acid esters","Pyrethroids"
"Com_15341_pos","Indole-3-pyruvic acid","C11 H9 N O3",203.0591,6.063,204.06638,"Full match","No results","No results","Organoheterocyclic compounds","Indoles and derivatives","Indolyl carboxylic acids and derivatives","Indolyl carboxylic acids and derivatives"
"Com_1535_pos","Tetrahydrocortisone","C21 H32 O5",346.21592,5.958,347.2232,"Invalid mass","No match","No match","Lipids and lipid-like molecules","Steroids and steroid derivatives","Hydroxysteroids","21-hydroxysteroids"
"Com_15361_pos","3-[3-(beta-D-Glucopyranosyloxy)-2-methoxyphenyl]propanoic acid","C16 H22 O9",380.11027,5.788,381.11799,"Invalid mass","No results","No results",NA,NA,NA,NA
"Com_15368_pos","2-methyl-2,3,4,5-tetrahydro-1,5-benzoxazepin-4-one","C10 H11 N O2",159.06914,4.846,160.0764,"Invalid mass","No results","No results",NA,NA,NA,NA
"Com_15374_pos","S-(Methyl)Glutathione","C11 H19 N3 O6 S",321.10074,3.967,322.10802,"No results","No results","Full match","Organic acids and derivatives","Carboxylic acids and derivatives","Amino acids, peptides, and analogues","Peptides"
"Com_15383_pos","O-7460","C25 H48 F O5 P",500.29869,6.516,501.30596,"Invalid mass","No results","No results","Lipids and lipid-like molecules","Fatty Acyls","Fatty acid esters","Fatty acid esters"
"Com_15413_pos","PLK","C17 H32 N4 O4",356.2439,1.348,357.25108,"Full match","No results","No results",NA,NA,NA,NA
"Com_15428_neg","3-(3-nitrophenyl)-2-phenylacrylic acid","C15 H11 N O4",290.04405,5.408,289.03677,"Invalid mass","No results","No results",NA,NA,NA,NA
"Com_1542_neg","Ergothioneine","C9 H15 N3 O2 S",229.08761,5.589,228.08034,"No results","No results","Full match","Organic acids and derivatives","Carboxylic acids and derivatives","Amino acids, peptides, and analogues","Histidine and derivatives"
"Com_15440_neg","LPE 19:1","C24 H48 N O7 P",493.3198,9.775,492.31252,"No results","Invalid mass","No results","Lipids and lipid-like molecules","Glycerophospholipids","Glycerophosphoethanolamines","1-acyl-sn-glycero-3-phosphoethanolamines"
"Com_15440_pos","Dipropylene glycol dimethyl ether","C8 H18 O3",162.12677,6.426,363.21735,"Invalid mass","No results","No results",NA,NA,NA,NA
"Com_15446_pos","Guanosine 3',5'-cyclic monophosphate","C H4 N2 O",345.04916,1.637,346.05643,"No results","Invalid mass","No match","Nucleosides, nucleotides, and analogues","Purine nucleotides","Cyclic purine nucleotides","3',5'-cyclic purine nucleotides"
"Com_1545_neg","4-Methylhippuric acid","C10 H11 N O3",193.0742,5.566,192.06691,"Full match","Full match","Full match","Benzenoids","Benzene and substituted derivatives","Benzoic acids and derivatives","Hippuric acids"
"Com_154_pos","Guanidineacetic acid","C3 H7 N3 O2",117.05463,1.306,118.06191,"Invalid mass","Invalid mass","No results","Organic acids and derivatives","Carboxylic acids and derivatives","Amino acids, peptides, and analogues","Alpha amino acids and derivatives"
"Com_15581_pos","Tetranor-12R-HETE","C16 H26 O3",248.17857,7.028,249.18585,"Invalid mass","No results","No results","Lipids and lipid-like molecules","Fatty Acyls","Fatty acids and conjugates","Long-chain fatty acids"
"Com_15599_pos","Cannabidiolic acid","C22 H30 O4",358.21528,6.083,359.22244,"Full match","No results","No results","Benzenoids","Benzene and substituted derivatives","Benzoic acids and derivatives","Hydroxybenzoic acid derivatives"
"Com_1561_pos","3-[(3-chloro-4-hydroxy-5-methylanilino)methylidene]pentane-2,4-dione","C13 H14 Cl N O3",267.06936,5.227,268.07663,"Invalid mass","No results","No results",NA,NA,NA,NA
"Com_1562_pos","2-(1,3-benzodioxol-5-yl)-7-ethylimidazo[1,2-a]pyridine","C16 H14 N2 O2",266.10235,5.428,267.10963,"Invalid mass","No results","No results",NA,NA,NA,NA
"Com_15655_neg","3-(3,5-dimethyl-1H-pyrrol-2-yl)-2-(2-thienylcarbonyl)acrylonitrile","C14 H12 N2 O S",256.06803,5.307,255.06047,"Full match","No results","No results",NA,NA,NA,NA
"Com_156_neg","N'-(benzoyloxy)-2-(2,2-dichlorocyclopropyl)ethanimidamide","C12 H12 Cl2 N2 O2",286.02744,5.046,285.02025,"Full match","No results","No results",NA,NA,NA,NA
"Com_15732_pos","HMH","C17 H25 N7 O4 S",423.17102,6.319,424.1783,"Invalid mass","No results","No results",NA,NA,NA,NA
"Com_15750_pos","Tyrosylalanine","C12 H16 N2 O4",252.10973,4.887,253.11701,"Invalid mass","No results","No results","Organic acids and derivatives","Carboxylic acids and derivatives","Amino acids, peptides, and analogues","Dipeptides"
"Com_15776_pos","1,3-bis(4-methoxybenzyl)-2-phenylhexahydropyrimidine","C26 H30 N2 O2",402.22731,8.527,403.23459,"Invalid mass","No results","No results",NA,NA,NA,NA
"Com_1577_pos","Benzamide","C7 H7 N O",121.05345,0.659,122.06072,"Invalid mass","Invalid mass","No results","Benzenoids","Benzene and substituted derivatives","Benzoic acids and derivatives","Benzamides"
"Com_15790_pos","Tomatidine","C27 H45 N O2",415.34713,5.697,416.35441,"Invalid mass","No results","No results","Lipids and lipid-like molecules","Steroids and steroid derivatives","Steroidal alkaloids","Spirosolanes and derivatives"
"Com_15855_pos","AQH","C14 H22 N6 O5",376.15023,5.606,377.15751,"Invalid mass","No results","No results",NA,NA,NA,NA
"Com_15887_pos","4-ethoxy-6,7-dimethoxyquinazoline","C12 H14 N2 O3",234.10144,4.974,235.10873,"Full match","No results","No results",NA,NA,NA,NA
"Com_15923_pos","5α-Dihydrotestosterone","C19 H30 O2",290.22578,6.286,291.23304,"Full match","No results","Full match","Lipids and lipid-like molecules","Steroids and steroid derivatives","Androstane steroids","Androgens and derivatives"
"Com_15972_neg","2-(3-methylbenzoyl)benzoic acid","C15 H12 O3",240.07979,5.343,239.07252,"Full match","No results","No results",NA,NA,NA,NA
"Com_15994_pos","Artesunate","C19 H28 O8",406.16225,6.317,407.16953,"Invalid mass","No results","No results","None","None","None","None"
"Com_1599_neg","Phenylacetaldehyde","C8 H8 O",120.05683,5.609,119.04949,"Invalid mass","No results","No results","Benzenoids","Benzene and substituted derivatives","Phenylacetaldehydes","Phenylacetaldehydes"
"Com_16020_pos","Robinetin","C15 H10 O7",302.04424,5.804,303.05151,"Invalid mass","No results","No results","Phenylpropanoids and polyketides","Flavonoids","Flavones","Flavonols"
"Com_16036_pos","VLK","C17 H34 N4 O4",179.1319,1.622,180.13917,"Invalid mass","No results","No match",NA,NA,NA,NA
"Com_16041_neg","L-Cysteinesulfinic acid","C3 H7 N O4 S",153.00948,1.351,152.0022,"No results","No results","Full match","Organic acids and derivatives","Carboxylic acids and derivatives","Amino acids, peptides, and analogues","L-alpha-amino acids"
"Com_16041_pos","AL 8810","C24 H31 F O4",424.20927,6.387,425.21665,"Invalid mass","No results","No results","Lipids and lipid-like molecules","Fatty Acyls","Fatty acids and conjugates","Long-chain fatty acids"
"Com_1606_pos","Indole","C8 H7 N",117.0587,5.216,118.06597,"Invalid mass","No results","No results","Organoheterocyclic compounds","Indoles and derivatives","Indoles","Indoles"
"Com_16091_neg","Maltotriose","C18 H32 O16",504.16653,6.049,503.15926,"No results","No results","Full match","Organic oxygen compounds","Organooxygen compounds","Carbohydrates and carbohydrate conjugates","Oligosaccharides"
"Com_1609_neg","4-Ethylphenol","C8 H10 O",122.07278,5.705,121.06548,"Full match","No results","No results","Benzenoids","Phenols","1-hydroxy-2-unsubstituted benzenoids","1-hydroxy-2-unsubstituted benzenoids"
"Com_160_pos","4-Pyridoxic acid","C8 H9 N O4",183.05402,3.517,184.0613,"Full match","Full match","Full match","Organoheterocyclic compounds","Pyridines and derivatives","Pyridinecarboxylic acids and derivatives","Pyridinecarboxylic acids"
"Com_16104_pos","(3beta,9xi)-3-(beta-D-Glucopyranosyloxy)-14-hydroxycard-20(22)-enolide","C29 H44 O9",536.29943,6.936,537.3067,"Full match","No results","No results",NA,NA,NA,NA
"Com_16107_neg","6β-Prostaglandin I1","C20 H34 O5",336.23222,5.791,335.22495,"Invalid mass","No results","No results","Lipids and lipid-like molecules","Fatty Acyls","Eicosanoids","Prostaglandins and related compounds"
"Com_1614_pos","1-(3-methoxy-2-nitrostyryl)pyrrolidine","C13 H16 N2 O3",248.11716,5.415,249.12454,"Full match","No results","Full match",NA,NA,NA,NA
"Com_16165_pos","(2R)-2-[(2R,5S)-5-[(2S)-2-hydroxybutyl]oxolan-2-yl]propanoic acid","C11 H20 O4",198.12617,5.161,199.13343,"Invalid mass","No results","No results",NA,NA,NA,NA
"Com_16178_pos","Virginiamycin","C28 H35 N3 O7",507.236,6.516,254.62521,"Invalid mass","No results","No results","Phenylpropanoids and polyketides","Macrolide lactams","Not available","Macrolide lactams"
"Com_16184_pos","3-Acetyl-2,5-dimethylfuran","C8 H10 O2",138.06863,6.894,139.07592,"Full match","No results","No results","Organic oxygen compounds","Organooxygen compounds","Carbonyl compounds","Aryl alkyl ketones"
"Com_1621_neg","5-chloro-N-(4-morpholinophenyl)-1H-indole-2-carboxamide","C19 H18 Cl N3 O2",355.11106,5.731,354.10378,"Invalid mass","No results","No results",NA,NA,NA,NA
"Com_16266_pos","2-methyl-1H-benzimidazole-5-carboxylic acid","C9 H8 N2 O2",176.05968,3.721,177.06695,"Invalid mass","No results","No results",NA,NA,NA,NA
"Com_16276_pos","2,3-Dinor-11β-prostaglandin F2α","C18 H30 O5",343.23735,5.75,344.24463,"Invalid mass","No results","No results","Lipids and lipid-like molecules","Fatty Acyls","Eicosanoids","Prostaglandins and related compounds"
"Com_16285_pos","N-[2-(1,5-dimethyl-4-nitro-1H-pyrazol-3-yl)vinyl]-N,N-dimethylamine","C9 H14 N4 O2",210.11255,1.964,211.11983,"Full match","No results","No results",NA,NA,NA,NA
"Com_1629_pos","L-Iditol","C6 H14 O6",182.08011,1.276,205.06932,"Invalid mass","Invalid mass","No results","Organic oxygen compounds","Organooxygen compounds","Carbohydrates and carbohydrate conjugates","Sugar alcohols"
"Com_16331_neg","Cystathionine","C7 H14 N2 O4 S",222.06858,1.233,221.06131,"Invalid mass","Invalid mass","No results","Organic acids and derivatives","Carboxylic acids and derivatives","Amino acids, peptides, and analogues","Cysteine and derivatives"
"Com_16340_pos","(2,6-dimethylmorpholino)(1-methyl-5-nitro-1H-pyrazol-4-yl)methanone","C11 H16 N4 O4",250.10529,1.345,251.11256,"Invalid mass","No results","No results",NA,NA,NA,NA
"Com_16341_neg","D-Raffinose","C18 H32 O16",504.17003,1.369,539.13937,"Full match","Full match","Full match","Organic oxygen compounds","Organooxygen compounds","Carbohydrates and carbohydrate conjugates","Oligosaccharides"
"Com_16356_neg","L-Asparagine","C4 H8 N2 O3",132.05322,1.258,131.04598,"No results","No results","Full match","Organic acids and derivatives","Carboxylic acids and derivatives","Amino acids, peptides, and analogues","Asparagine and derivatives"
"Com_16363_pos","N1-piperidinocarbonyl-4-methylbenzene-1-sulfonamide","C13 H18 N2 O3 S",282.10147,6.163,283.10875,"Invalid mass","No results","No results",NA,NA,NA,NA
"Com_16374_neg","alpha-D-Glucopyranosyl 2-O-(2-methylbutanoyl)-alpha-D-glucopyranoside","C17 H30 O12",472.17922,5.742,471.17195,"Invalid mass","No results","No results",NA,NA,NA,NA
"Com_163_pos","1-Methylnicotinamide","C7 H8 N2 O",136.0643,1.291,137.07158,"Full match","Full match","No results","Organoheterocyclic compounds","Pyridines and derivatives","Pyridinecarboxylic acids and derivatives","Nicotinamides"
"Com_1641_pos","Apocynin","C9 H10 O3",166.0638,5.846,167.07108,"Full match","No results","Full match","Organic oxygen compounds","Organooxygen compounds","Carbonyl compounds","Alkyl-phenylketones"
"Com_16446_pos","Meclocycline","C22 H21 Cl N2 O8",476.09835,5.506,477.10563,"No results","No results","Full match","Phenylpropanoids and polyketides","Tetracyclines","Not available","Tetracyclines"
"Com_16460_neg","Uridine","C9 H12 N2 O6",244.07072,2.046,243.06321,"Full match","No results","Full match","Nucleosides, nucleotides, and analogues","Pyrimidine nucleosides","Not available","Pyrimidine nucleosides"
"Com_1646_neg","6-Thioinosine-phosphate","C10 H13 N4 O7 P S",364.02769,5.526,363.02041,"Invalid mass","No results","No results","Nucleosides, nucleotides, and analogues","Purine nucleotides","Purine ribonucleotides","Purine ribonucleoside monophosphates"
"Com_1649_neg","3-Hydroxybenzoic acid","C7 H6 O3",138.03171,5.564,137.02416,"Full match","No results","Full match","Benzenoids","Benzene and substituted derivatives","Benzoic acids and derivatives","Hydroxybenzoic acid derivatives"
"Com_16506_neg","2-(2-carboxy-2-methylpropyl)-4,6-dimethylbenzoic acid","C14 H18 O4",250.11942,6.286,249.11215,"Full match","No results","No results",NA,NA,NA,NA
"Com_16508_neg","N1-[4-(cyanomethyl)phenyl]-4-chlorobenzamide","C15 H11 Cl N2 O",270.05468,7.034,269.0474,"Full match","No results","No results",NA,NA,NA,NA
"Com_1651_pos","Isoleucine","C6 H13 N O2",131.0956,1.856,132.10288,"Invalid mass","Invalid mass","No results","Organic acids and derivatives","Carboxylic acids and derivatives","Amino acids, peptides, and analogues","Isoleucine and derivatives"
"Com_1654_neg","9-Methyluric acid","C6 H6 N4 O3",182.04411,2.676,181.03683,"Full match","No results","Full match","Organoheterocyclic compounds","Imidazopyrimidines","Purines and purine derivatives","Xanthines"
"Com_16553_pos","N-(p-Coumaroyl) serotonin","C19 H18 N2 O3",322.13105,6.097,323.13833,"Full match","No results","No results","Organoheterocyclic compounds","Indoles and derivatives","Tryptamines and derivatives","N-acylserotonins"
"Com_16576_neg","Estriol","C18 H24 O3",334.18017,6.866,333.1729,"Invalid mass","No results","No results","Lipids and lipid-like molecules","Steroids and steroid derivatives","Estrane steroids","Estrogens and derivatives"
"Com_1657_pos","methyl 4-oxo-4H-benzo[4,5]imidazo[2,1-b][1,3]thiazine-2-carboxylate","C12 H8 N2 O3 S",260.02701,6.285,261.03428,"Invalid mass","No results","No results",NA,NA,NA,NA
"Com_1659_pos","N-isopropyl-N'-(2-oxoazepan-3-yl)urea","C10 H19 N3 O2",213.14855,5.322,214.15583,"Full match","No results","No results",NA,NA,NA,NA
"Com_16614_pos","4-{4-[3-(4-chlorophenoxy)propyl]piperazino}-1H-indole","C21 H24 Cl N3 O",369.16184,6.24,370.16923,"Full match","No results","No results",NA,NA,NA,NA
"Com_16626_neg","Pyrithioxin","C16 H20 N2 O4 S2",368.08575,4.762,367.07848,"No results","No results","Full match","Organoheterocyclic compounds","Pyridines and derivatives","Methylpyridines","Methylpyridines"
"Com_16628_pos","2-(2-thienylmethylidene)hydrazine-1-carboxamide","C6 H7 N3 O S",169.02992,1.64,170.0372,"Invalid mass","No results","No results",NA,NA,NA,NA
"Com_16629_neg","PE 16:0_16:1","C37 H72 N O8 P",689.50441,10.741,688.49714,"No results","Invalid mass","No results",NA,NA,NA,NA
"Com_16686_pos","CAR 16:5","C23 H36 N O4",389.25794,6.584,390.26522,"No results","Invalid mass","No results",NA,NA,NA,NA
"Com_16691_neg","N alpha-Acetyl-L-Arginine","C8 H16 N4 O3",216.12192,1.371,215.11464,"No results","No results","Full match",NA,NA,NA,NA
"Com_16693_neg","N-(1H-indol-5-yl)-2-thiophenesulfonamide","C12 H10 N2 O2 S2",278.02247,1.592,277.01516,"Invalid mass","No results","No results",NA,NA,NA,NA
"Com_166_pos","4-methyl-6-phenyl-5,6-dihydro-2H-pyran-2-one","C12 H12 O2",188.08464,5.528,189.09192,"Full match","No results","No results",NA,NA,NA,NA
"Com_1671_neg","Orotidine 5'-monophosphate","C10 H13 N2 O11 P",368.02232,5.599,367.01514,"Invalid mass","No results","No results","Nucleosides, nucleotides, and analogues","Pyrimidine nucleotides","Pyrimidine ribonucleotides","Pyrimidine ribonucleoside monophosphates"
"Com_16723_neg","3-Methylamino-L-alanine","C4 H10 N2 O2",118.07794,6.043,117.07053,"No results","Invalid mass","No results","Organic acids and derivatives","Carboxylic acids and derivatives","Amino acids, peptides, and analogues","L-alpha-amino acids"
"Com_1674_pos","Febuxostat","C16 H16 N2 O3 S",316.08983,6.918,317.09711,"Invalid mass","No results","No results",NA,NA,NA,NA
"Com_16760_pos","2,6-Xylidine","C8 H11 N",121.08995,3.918,122.09723,"Invalid mass","No results","No results","Benzenoids","Benzene and substituted derivatives","Xylenes","m-Xylenes"
"Com_16767_pos","N-{[(2R,4S,5R)-5-Ethyl-1-azabicyclo[2.2.2]oct-2-yl]methyl}-2-furamide","C15 H22 N2 O2",262.16914,4.726,263.17642,"Full match","No results","No results","Organoheterocyclic compounds","Quinuclidines","Not available","Quinuclidines"
"Com_16771_pos","Sulforaphane","C6 H11 N O S2",177.02943,5.603,178.03646,"No results","Invalid mass","No results","Organosulfur compounds","Sulfoxides","Not available","Sulfoxides"
"Com_16777_neg","4-chloro-N-[4-(morpholinosulfonyl)phenyl]benzamide","C17 H17 Cl N2 O4 S",380.05895,5.736,379.05168,"Full match","No results","No results",NA,NA,NA,NA
"Com_1678_pos","Xanthine","C5 H4 N4 O2",152.0341,2.057,153.04138,"Full match","Full match","Full match","Organoheterocyclic compounds","Imidazopyrimidines","Purines and purine derivatives","Xanthines"
"Com_16796_pos","Methanandamide","C23 H39 N O2",361.29734,9.971,362.30462,"Full match","No results","No results","Lipids and lipid-like molecules","Fatty Acyls","Fatty amides","N-acyl amines"
"Com_16810_pos","Morphine","C17 H19 N O3",285.13799,4.081,286.14526,"Invalid mass","Invalid mass","No results","Alkaloids and derivatives","Morphinans","Not available","Morphinans"
"Com_16839_pos","Prostaglandin E2-1-glyceryl ester","C23 H38 O7",408.25121,6.015,409.25849,"Invalid mass","No results","No results","Lipids and lipid-like molecules","Fatty Acyls","Eicosanoids","Prostaglandins and related compounds"
"Com_1683_neg","2-Oxoglutaric acid","C5 H6 O5",146.02177,1.543,145.01407,"Full match","No results","Full match","Organic acids and derivatives","Keto acids and derivatives","Gamma-keto acids and derivatives","Gamma-keto acids and derivatives"
"Com_16842_pos","ADP-ribose","C15 H23 N5 O14 P2",559.07304,1.328,560.08014,"No results","No results","Full match","Nucleosides, nucleotides, and analogues","Purine nucleotides","Purine ribonucleotides","Purine ribonucleoside diphosphates"
"Com_16849_neg","Robenidine","C15 H13 Cl2 N5",333.05329,5.254,332.04599,"Full match","No results","No results","Benzenoids","Benzene and substituted derivatives","Halobenzenes","Chlorobenzenes"
"Com_16871_pos","Cycloheximide","C15 H23 N O4",281.16394,5.467,282.17114,"Full match","No results","No results","Organoheterocyclic compounds","Pyridines and derivatives","Hydropyridines","Tetrahydropyridines"
"Com_16875_pos","CAR 14:2","C21 H38 N O4",367.27339,6.833,368.28067,"No results","Invalid mass","No results",NA,NA,NA,NA
"Com_16885_pos","3-(4-benzyl-5-thioxo-4,5-dihydro-1H-1,2,4-triazol-3-yl)piperidin-2-one","C14 H16 N4 O S",288.10137,5.545,289.10864,"Invalid mass","No results","No results",NA,NA,NA,NA
"Com_16891_pos","2-(14,15-Epoxyeicosatrienoyl) glycerol","C23 H38 O5",416.2558,6.79,417.26308,"Invalid mass","No results","No results","Lipids and lipid-like molecules","Glycerolipids","Monoradylglycerols","2-monoacylglycerols"
"Com_1689_pos","Coumarin","C9 H6 O2",146.0375,5.256,147.04478,"Full match","No results","Full match","Phenylpropanoids and polyketides","Coumarins and derivatives","Not available","Coumarins and derivatives"
"Com_16929_neg","4,5-diphenyl-2,3-dihydro-1H-pyrazolo[3,4-c]pyridazin-3-one","C17 H12 N4 O",288.10176,5.813,287.09453,"Full match","No results","No results",NA,NA,NA,NA
"Com_16961_neg","15-Epiprostaglandin E1","C20 H34 O5",336.23189,5.986,335.22468,"Invalid mass","No results","No results","Lipids and lipid-like molecules","Fatty Acyls","Eicosanoids","Prostaglandins and related compounds"
"Com_16979_pos","Arachidonic acid methyl ester","C21 H34 O2",318.25763,6.573,301.25409,"Invalid mass","No results","No results","Lipids and lipid-like molecules","Fatty Acyls","Fatty acid esters","Fatty acid methyl esters"
"Com_1698_pos","4-Methoxycinnamic acid","C10 H10 O3",160.05324,5.81,161.06054,"Invalid mass","No results","No results","Phenylpropanoids and polyketides","Cinnamic acids and derivatives","Cinnamic acids","Cinnamic acids"
"Com_17005_pos","13,14-dihydro-15-keto-tetranor Prostaglandin E2","C16 H26 O5",320.16149,6.755,321.16877,"Invalid mass","No results","No results",NA,NA,NA,NA
"Com_17032_pos","Estazolam","C16 H11 Cl N4",294.06856,5.554,295.07584,"Full match","No results","No results","Organoheterocyclic compounds","Benzodiazepines","1,4-benzodiazepines","1,2,4-triazolo[4,3-a][1,4]benzodiazepines"
"Com_17065_pos","2-(4-fluorophenyl)quinoline","C15 H10 F N",223.08055,6.464,224.08783,"Full match","No results","No results",NA,NA,NA,NA
"Com_17096_neg","PE 16:0_17:1","C38 H74 N O8 P",703.52028,9.593,702.513,"No results","Invalid mass","No results",NA,NA,NA,NA
"Com_17110_pos","(Methylthio)methylpyrazine","C6 H8 N2 S",140.04169,1.694,141.04897,"Invalid mass","No results","No results",NA,NA,NA,NA
"Com_17116_neg","2-(3,4-dimethoxyphenyl)-N-(4-morpholinophenyl)acetamide","C20 H24 N2 O4",356.16789,6.352,355.16061,"Invalid mass","No results","No results",NA,NA,NA,NA
"Com_1711_pos","YNH","C19 H24 N6 O6",432.17788,6.929,433.18515,"Full match","No results","No results",NA,NA,NA,NA
"Com_17120_neg","Aldosterone","C21 H28 O5",360.19588,6.29,359.1886,"Invalid mass","No results","No results","Lipids and lipid-like molecules","Steroids and steroid derivatives","Hydroxysteroids","21-hydroxysteroids"
"Com_17125_pos","Colchicine","C22 H25 N O6",399.16413,5.501,400.17141,"Invalid mass","No results","No results","Hydrocarbon derivatives","Tropones","Not available","Tropones"
"Com_17140_neg","Quinolinic acid","C7 H5 N O4",167.0204,3.437,166.01312,"Invalid mass","No results","No results","Organoheterocyclic compounds","Pyridines and derivatives","Pyridinecarboxylic acids and derivatives","Pyridinecarboxylic acids"
"Com_1715_neg","Lactitol","C12 H24 O11",344.13178,5.566,343.12397,"No results","No results","Full match","Lipids and lipid-like molecules","Fatty Acyls","Fatty acyl glycosides","Fatty acyl glycosides of mono- and disaccharides"
"Com_17161_neg","N-Acetyl-Asp-Glu","C11 H16 N2 O8",304.09191,4.749,303.08464,"No results","No results","Full match","Organic acids and derivatives","Carboxylic acids and derivatives","Amino acids, peptides, and analogues","Dipeptides"
"Com_17181_neg","D-(-)-Salicin","C13 H18 O7",286.10628,5.728,285.099,"Full match","No results","No results",NA,NA,NA,NA
"Com_17182_pos","Hydrocortisone","C21 H30 O5",362.21089,6.28,363.21801,"No results","No results","Full match","Lipids and lipid-like molecules","Steroids and steroid derivatives","Hydroxysteroids","21-hydroxysteroids"
"Com_1720_pos","VNH","C15 H24 N6 O5",184.09074,5.891,185.09761,"Invalid mass","No results","No results",NA,NA,NA,NA
"Com_17234_pos","Lapachol","C15 H14 O3",242.09546,6.234,243.10274,"Full match","No results","Full match","Lipids and lipid-like molecules","Prenol lipids","Quinone and hydroquinone lipids","Vitamin K compounds"
"Com_17237_neg","Mono(2-ethylhexyl) phthalate (MEHP)","C16 H22 O4",278.15266,5.896,277.14594,"Full match","No results","Full match","Benzenoids","Benzene and substituted derivatives","Benzoic acids and derivatives","Benzoic acid esters"
"Com_17258_pos","DPH","C15 H21 N5 O6",367.15057,1.409,368.15803,"Full match","No results","No results",NA,NA,NA,NA
"Com_17272_neg","Adenosine 5'-phosphosulfate","C10 H14 N5 O10 P S",427.02257,3.992,426.01529,"Invalid mass","No results","No results","Nucleosides, nucleotides, and analogues","Purine nucleotides","Purine ribonucleotides","Purine ribonucleoside monophosphates"
"Com_1727_pos","4-Hydroxy-3-methylbenzoic acid","C8 H8 O3",152.04801,5.822,135.04479,"No results","No results","Full match","Benzenoids","Benzene and substituted derivatives","Benzoic acids and derivatives","Hydroxybenzoic acid derivatives"
"Com_17311_pos","1,2-di(1-phenylethylidene)hydrazine","C16 H16 N2",236.13228,5.252,237.13956,"Full match","No results","No results",NA,NA,NA,NA
"Com_1732_pos","Isotretinoin","C20 H28 O2",300.21009,6.334,301.21758,"Full match","Full match","Full match","Lipids and lipid-like molecules","Prenol lipids","Retinoids","Retinoids"
"Com_17343_neg","N4-Acetylsulfamethoxazole","C12 H13 N3 O4 S",295.06455,5.303,294.05727,"Invalid mass","No results","No results","Benzenoids","Benzene and substituted derivatives","Benzenesulfonamides","Benzenesulfonamides"
"Com_17358_pos","2-morpholino-1-phenyl-1-ethanol","C12 H17 N O2",189.11644,5.274,190.12376,"Invalid mass","No results","No results",NA,NA,NA,NA
"Com_17383_neg","N,N-Dimethylarginine","C8 H18 N4 O2",202.14363,1.353,201.13635,"No results","Full match","Full match","Organic acids and derivatives","Carboxylic acids and derivatives","Amino acids, peptides, and analogues","Arginine and derivatives"
"Com_17384_neg","Glycine anhydride","C4 H6 N2 O2",114.04219,1.354,113.03489,"Invalid mass","No results","No results","Organic acids and derivatives","Carboxylic acids and derivatives","Amino acids, peptides, and analogues","Alpha amino acids and derivatives"
"Com_17417_pos","Verrucarol","C15 H22 O4",266.15302,6.45,267.1603,"Full match","No results","No results","Lipids and lipid-like molecules","Prenol lipids","Sesquiterpenoids","Trichothecenes"
"Com_17427_pos","2'-Deoxyadenosine","C10 H13 N5 O3",251.10307,3.937,252.11035,"Full match","No results","Full match","Nucleosides, nucleotides, and analogues","Purine nucleosides","Purine 2'-deoxyribonucleosides","Purine 2'-deoxyribonucleosides"
"Com_17439_neg","S-Sulfo-L-cysteine","C3 H7 N O5 S2",200.97712,1.293,199.96984,"No results","Full match","Full match","Organic acids and derivatives","Carboxylic acids and derivatives","Amino acids, peptides, and analogues","S-sulfo-L-cysteines"
"Com_17446_neg","4-Hexylresorcinol","C12 H18 O2",148.12585,6.277,193.12416,"Invalid mass","No results","No results","Benzenoids","Phenols","Benzenediols","Resorcinols"
"Com_1745_neg","L-Histidine","C6 H9 N3 O2",155.06958,1.239,154.0623,"Full match","Full match","Full match","Organic acids and derivatives","Carboxylic acids and derivatives","Amino acids, peptides, and analogues","Histidine and derivatives"
"Com_17461_neg","L-Dopa","C9 H11 N O4",197.06953,4.926,196.06213,"Full match","Full match","Full match","Organic acids and derivatives","Carboxylic acids and derivatives","Amino acids, peptides, and analogues","Tyrosine and derivatives"
"Com_17463_pos","2-(3,5-dimethyl-1H-pyrazol-4-yl)-5-methoxybenzoic acid","C13 H14 N2 O3",246.10158,5.896,247.10886,"Full match","No results","Full match",NA,NA,NA,NA
"Com_17464_pos","Berberine","C20 H17 N O4",335.11739,5.479,336.12467,"Full match","No results","No results","Alkaloids and derivatives","Protoberberine alkaloids and derivatives","Not available","Protoberberine alkaloids and derivatives"
"Com_17479_pos","5-fluoro AB-PINACA N-(4-hydroxypentyl) metabolite","C18 H25 F N4 O3",386.1743,6.577,387.18157,"Invalid mass","No results","No results","Organic acids and derivatives","Carboxylic acids and derivatives","Amino acids, peptides, and analogues","N-acyl-alpha amino acids and derivatives"
"Com_17484_neg","β-Estradiol-17β-glucuronide","C24 H32 O8",448.21249,6.343,447.20522,"Invalid mass","No results","No results","Lipids and lipid-like molecules","Steroids and steroid derivatives","Steroidal glycosides","Steroidal glycosides"
"Com_17501_pos","Desmethyldoxepin","C18 H19 N O",265.1476,6.186,266.15488,"Full match","No results","No results","Organoheterocyclic compounds","Benzoxepines","Dibenzoxepines","Dibenzoxepines"
"Com_17516_pos","Bicyclo Prostaglandin E2","C20 H30 O4",356.19627,5.561,357.20318,"Invalid mass","No results","No results","Lipids and lipid-like molecules","Fatty Acyls","Eicosanoids","Prostaglandins and related compounds"
"Com_1751_neg","Sinapinic acid","C11 H12 O5",224.06924,5.162,223.06196,"Full match","Full match","No results","Phenylpropanoids and polyketides","Cinnamic acids and derivatives","Hydroxycinnamic acids and derivatives","Hydroxycinnamic acids"
"Com_17522_pos","(5S)-5-hydroxy-1,7-diphenylheptan-3-one","C19 H22 O2",264.15261,6.785,265.15983,"Invalid mass","No results","No results",NA,NA,NA,NA
"Com_17554_pos","N-cyclohexyl-6,7-dimethoxyquinazolin-4-amine","C16 H21 N3 O2",287.1608,2.187,288.16751,"Invalid mass","No results","No results",NA,NA,NA,NA
"Com_17583_pos","All-Trans-13,14-Dihydroretinol","C20 H32 O",288.24652,6.04,289.2538,"No results","No results","Full match",NA,NA,NA,NA
"Com_17587_pos","5-Fluoro-2-[(3S)-1-(2-methylbenzyl)-3-pyrrolidinyl]-1H-benzimidazole","C19 H20 F N3",309.16032,5.495,310.1676,"Invalid mass","No results","No results","Organoheterocyclic compounds","Benzimidazoles","Not available","Benzimidazoles"
"Com_17588_pos","GKK","C14 H29 N5 O4",331.21598,6.389,332.22326,"Invalid mass","No results","No results",NA,NA,NA,NA
"Com_17589_neg","Delta-Tridecalactone","C13 H24 O2",212.17802,6.882,211.17074,"No results","No results","Full match","Organoheterocyclic compounds","Lactones","Delta valerolactones","Delta valerolactones"
"Com_17590_neg","Estrone","C18 H22 O2",316.16498,5.44,315.1577,"Invalid mass","No results","No results","Lipids and lipid-like molecules","Steroids and steroid derivatives","Estrane steroids","Estrogens and derivatives"
"Com_17590_pos","4-[1-(dimethylamino)ethylidene]-2-phenyl-1,3-oxazol-5(4H)-one","C13 H14 N2 O2",252.08668,5.616,253.09384,"Invalid mass","No results","No match",NA,NA,NA,NA
"Com_17651_pos","Methyl Violet","C24 H27 N3",357.21609,5.25,358.22339,"Invalid mass","No results","No results",NA,NA,NA,NA
"Com_17680_pos","4-(4-methylbenzyl)-1lambda~6~,4-thiazinane-1,1-dione","C12 H17 N O2 S",239.09705,4.395,240.10432,"Full match","No results","No results",NA,NA,NA,NA
"Com_17717_pos","1-(3,4-dimethylphenyl)-3-piperidinopyrrolidine-2,5-dione","C17 H22 N2 O2",286.16964,6.089,287.17691,"Invalid mass","No results","No results",NA,NA,NA,NA
"Com_1773_pos","3-hydroxy-N-(1-hydroxy-4-methylpentan-2-yl)-5-oxo-6-phenylhexanamide","C18 H27 N O4",321.19526,5.111,322.20255,"Full match","No results","No results",NA,NA,NA,NA
"Com_17763_neg","N'-[2-(3-methoxyphenyl)acetyl]-6-quinoxalinecarbohydrazide","C18 H16 N4 O3",336.12333,5.389,335.11606,"Full match","No results","No results",NA,NA,NA,NA
"Com_17780_neg","Deoxyguanosine","C10 H13 N5 O4",267.09714,1.345,266.08984,"No results","No results","Full match","Nucleosides, nucleotides, and analogues","Purine nucleotides","Purine deoxyribonucleotides","Purine 2'-deoxyribonucleoside monophosphates"
"Com_17788_neg","N1-(4-bromo-1H-pyrazol-5-yl)-2,2-dichloroacetamide","C5 H4 Br Cl2 N3 O",233.94425,1.177,270.89294,"Invalid mass","No results","No results",NA,NA,NA,NA
"Com_17818_pos","Isoxanthopterin","C6 H5 N5 O2",179.04206,1.445,180.04934,"No results","Invalid mass","No results","Organoheterocyclic compounds","Pteridines and derivatives","Pterins and derivatives","Pterins and derivatives"
"Com_1781_neg","4-oxo-4,5,6,7-tetrahydrobenzo[b]furan-3-carboxylic acid","C9 H8 O4",134.03654,4.942,179.03474,"Invalid mass","No results","No results",NA,NA,NA,NA
"Com_17869_pos","1-(7-methoxy-2-oxo-2H-chromen-8-yl)-3-methyl-2-oxobutyl acetate","C17 H18 O6",340.09621,6.063,341.10349,"Invalid mass","No results","No results",NA,NA,NA,NA
"Com_17892_pos","N-Methyldioctylamine","C17 H37 N",255.29382,7.02,256.3011,"Full match","No results","No results",NA,NA,NA,NA
"Com_1796_pos","Harmaline","C13 H14 N2 O",214.11155,5.474,215.11885,"Full match","No results","No results","Alkaloids and derivatives","Harmala alkaloids","Not available","Harmala alkaloids"
"Com_17979_pos","3-(3-pyridyl)-2-(2-thienyl)acrylonitrile","C12 H8 N2 S",212.04188,1.295,213.04911,"Invalid mass","No results","No results",NA,NA,NA,NA
"Com_17989_pos","(5-methyl-3-isoxazolyl)[4-(5-propyl-2-pyrimidinyl)piperazino]methanone","C16 H21 N5 O2",149.0715,5.234,150.07837,"Invalid mass","No results","No results",NA,NA,NA,NA
"Com_17990_neg","aminoimidazole carboxamide ribonucleotide","C9 H15 N4 O8 P",338.06275,1.437,337.05547,"No results","No results","Full match",NA,NA,NA,NA
"Com_17998_neg","2-(4-oxo-4H-chromen-3-yl)-2,3,4,5-tetrahydro-1,5-benzothiazepin-4-one","C18 H13 N O3 S",323.06301,5.055,322.05573,"Full match","No results","No results",NA,NA,NA,NA
"Com_18001_pos","Benzoylecgonine","C16 H19 N O4",289.13558,5.227,290.14281,"Invalid mass","No results","No results","Benzenoids","Benzene and substituted derivatives","Benzoic acids and derivatives","Benzoic acid esters"
"Com_18044_pos","Deoxylimonin","C26 H30 O7",454.19852,5.489,455.20579,"Full match","No results","No results","Lipids and lipid-like molecules","Steroids and steroid derivatives","Steroid lactones","Steroid lactones"
"Com_1806_pos","2,4-Dimethylbenzaldehyde","C9 H10 O",134.07386,5.763,135.08112,"Invalid mass","No results","No results","Benzenoids","Benzene and substituted derivatives","Benzoyl derivatives","Benzoyl derivatives"
"Com_18077_neg","D-Fructose 1,6-bisphosphate","C6 H14 O12 P2",339.99734,6.33,338.99009,"No results","No results","Full match",NA,NA,NA,NA
"Com_18083_pos","1,3,5-Trimethylpyrazole","C6 H10 N2",110.08487,1.37,111.09212,"No results","No results","Full match","Organoheterocyclic compounds","Azoles","Pyrazoles","Pyrazole-4-carboxamides"
"Com_18092_pos","4-chloro-5-morpholino-2-quinoxalin-2-ylpyridazin-3(2H)-one","C16 H14 Cl N5 O2",163.03018,1.647,344.09305,"Invalid mass","No results","No match",NA,NA,NA,NA
"Com_180_pos","O-Desmethylvenlafaxine","C16 H25 N O2",263.18993,5.437,264.19721,"Invalid mass","Invalid mass","No results","Organic oxygen compounds","Organooxygen compounds","Alcohols and polyols","Cyclohexanols"
"Com_18104_neg","N-Acetyl-DL-norvaline","C7 H13 N O3",159.08954,0.564,158.08227,"Full match","No results","Full match","Organic acids and derivatives","Carboxylic acids and derivatives","Amino acids, peptides, and analogues","N-acyl-alpha amino acids"
"Com_18117_neg","10-Hydroxydecanoic acid","C10 H20 O3",188.14166,6.272,187.13439,"No results","No results","Full match","Organic acids and derivatives","Hydroxy acids and derivatives","Medium-chain hydroxy acids and derivatives","Medium-chain hydroxy acids and derivatives"
"Com_18121_pos","2-[(3S)-1-(3,4-Difluorobenzyl)-3-pyrrolidinyl]-1H-benzimidazole","C18 H17 F2 N3",313.14478,5.652,314.15206,"Invalid mass","No results","No results","Organoheterocyclic compounds","Benzimidazoles","Not available","Benzimidazoles"
"Com_1813_pos","D-glutamine","C5 H10 N2 O3",146.06961,5.863,130.05034,"No results","No results","Full match","Organic acids and derivatives","Carboxylic acids and derivatives","Amino acids, peptides, and analogues","D-alpha-amino acids"
"Com_18149_pos","Prostaglandin E2","C20 H32 O5",352.22654,6.606,353.2335,"No results","No results","Full match","Lipids and lipid-like molecules","Fatty Acyls","Eicosanoids","Prostaglandins and related compounds"
"Com_1817_neg","Caffeic acid","C9 H8 O4",180.04251,5.24,179.03526,"Full match","No results","No results","Phenylpropanoids and polyketides","Cinnamic acids and derivatives","Hydroxycinnamic acids and derivatives","Hydroxycinnamic acids"
"Com_18181_pos","N-P-Coumaroyl Spermidine","C16 H25 N3 O2",291.19582,6.378,292.20309,"No results","No results","Full match","Phenylpropanoids and polyketides","Cinnamic acids and derivatives","Hydroxycinnamic acids and derivatives","Coumaric acids and derivatives"
"Com_18207_pos","2-Methylnicotinamide","C7 H8 N2 O",136.06439,10.709,137.07167,"Invalid mass","Invalid mass","No results","Organoheterocyclic compounds","Pyridines and derivatives","Pyridinecarboxylic acids and derivatives","Nicotinamides"
"Com_18223_pos","4,4'-dimethoxy[1,1'-biphenyl]-2-carbonitrile","C15 H13 N O2",239.09709,1.682,240.10436,"Invalid mass","No results","No results",NA,NA,NA,NA
"Com_18249_pos","Vatalanib dihydrochloride","C20 H15 Cl N4",346.10056,5.707,347.1078,"Invalid mass","No results","No results",NA,NA,NA,NA
"Com_1830_pos","4-methoxy-6-(prop-2-en-1-yl)-2H-1,3-benzodioxole","C11 H12 O3",192.0797,5.51,193.08702,"Invalid mass","No results","No results",NA,NA,NA,NA
"Com_1834_pos","Gly-Tyr","C11 H14 N2 O4",238.09458,3.598,239.10186,"No results","No results","Full match","Organic acids and derivatives","Carboxylic acids and derivatives","Amino acids, peptides, and analogues","Peptides"
"Com_18357_pos","1-Methylhistamine","C6 H13 Cl2 N3",197.04958,5.488,198.05685,"No results","No results","Full match","Organic nitrogen compounds","Organonitrogen compounds","Amines","2-arylethylamines"
"Com_1836_neg","gamma-Nonanolactone","C9 H16 O2",156.11503,5.913,155.1077,"No results","No results","Full match","Organoheterocyclic compounds","Lactones","Gamma butyrolactones","Gamma butyrolactones"
"Com_18377_pos","(-)-Maackiain","C16 H12 O5",284.07007,5.116,285.07734,"Invalid mass","No results","No results","Phenylpropanoids and polyketides","Isoflavonoids","Furanoisoflavonoids","Pterocarpans"
"Com_1838_pos","Maltol","C6 H6 O3",126.03231,4.667,127.0396,"Full match","Full match","Full match","Organoheterocyclic compounds","Pyrans","Pyranones and derivatives","Pyranones and derivatives"
"Com_18405_pos","Debromohymenialdisine","C11 H11 N5 O2",245.09113,2.059,246.0984,"Full match","No results","No results","Organoheterocyclic compounds","Pyrroloazepines","Not available","Pyrroloazepines"
"Com_18438_pos","5,6-diphenyl-3-(2-pyridyl)-1,2,4-triazine","C20 H14 N4",310.12046,6.214,311.12774,"Full match","No results","No results",NA,NA,NA,NA
"Com_18463_neg","LPG 17:1","C23 H45 O9 P",496.28335,10.235,495.27607,"No results","Invalid mass","No results","Lipids and lipid-like molecules","Glycerophospholipids","Glycerophosphoglycerols","Phosphatidylglycerols"
"Com_18478_neg","2-[6-(1H-benzo[d]imidazol-2-yl)-2-pyridyl]-1H-benzo[d]imidazole","C19 H13 N5",312.12311,5.387,311.11539,"Invalid mass","No results","No results",NA,NA,NA,NA
"Com_1849_pos","Prunin","C21 H22 O10",434.12059,5.674,435.12787,"Full match","No results","No results","Phenylpropanoids and polyketides","Flavonoids","Flavonoid glycosides","Flavonoid-7-O-glycosides"
"Com_18514_pos","5-amino-2-(dimethylamino)benzoic acid","C9 H12 N2 O2",180.09091,5.053,181.09823,"Invalid mass","No results","No results",NA,NA,NA,NA
"Com_18536_pos","1-Aminopyrene","C16 H11 N",217.08944,1.976,218.09672,"Full match","No results","No results","Benzenoids","Pyrenes","Not available","Pyrenes"
"Com_18570_pos","4-{[(morpholinosulfonyl)methyl]sulfonyl}morpholine","C9 H18 N2 O6 S2",331.08977,6.114,332.09705,"Invalid mass","No results","No results",NA,NA,NA,NA
"Com_1858_pos","N-(2-hydroxyphenyl)acetamide","C8 H9 N O2",173.04573,5.49,174.053,"Invalid mass","No results","No results",NA,NA,NA,NA
"Com_18593_neg","Uridine 5'-diphosphate (UDP)","C9 H14 N2 O12 P2",404.00362,2.211,402.99635,"Full match","No results","Full match","Nucleosides, nucleotides, and analogues","Pyrimidine nucleotides","Pyrimidine ribonucleotides","Pyrimidine ribonucleoside diphosphates"
"Com_18618_pos","4-oxo-5-phenylpentanoic acid","C11 H12 O3",174.06899,6.226,175.07627,"Invalid mass","No results","No results",NA,NA,NA,NA
"Com_18622_neg","Capric acid","C10 H20 O2",172.14646,6.613,171.13918,"No results","No results","Full match","Lipids and lipid-like molecules","Fatty Acyls","Fatty acids and conjugates","Medium-chain fatty acids"
"Com_18641_neg","Dihydrofolic acid","C19 H21 N7 O6",443.15949,5.275,442.15221,"Invalid mass","No results","No results","Organic acids and derivatives","Carboxylic acids and derivatives","Amino acids, peptides, and analogues","Glutamic acid and derivatives"
"Com_18674_pos","THJ2201 N-(5-hydroxypentyl) metabolite","C23 H22 N2 O2",358.16603,5.506,359.17331,"Invalid mass","No results","No results","Benzenoids","Naphthalenes","Naphthalenecarboxylic acids and derivatives","Naphthalenecarboxylic acids and derivatives"
"Com_1867_neg","Mevalonic acid","C6 H12 O4",148.07353,3.644,147.06625,"Full match","No results","Full match","Lipids and lipid-like molecules","Fatty Acyls","Fatty acids and conjugates","Hydroxy fatty acids"
"Com_18681_pos","3-(dimethylamino)-1-[4-(phenylsulfonyl)phenyl]prop-2-en-1-one","C17 H17 N O3 S",315.09049,2.067,316.09777,"Invalid mass","No results","No results",NA,NA,NA,NA
"Com_18686_pos","4',7-Dihydroxyflavanone","C15 H12 O4",256.07458,5.157,257.08186,"Full match","Full match","No results","Phenylpropanoids and polyketides","Flavonoids","Flavans","Flavanones"
"Com_186_neg","N'-(4-chlorobenzoyl)-3-[4-(trifluoromethoxy)phenyl]acrylohydrazide","C17 H12 Cl F3 N2 O3",384.05353,5.244,383.04625,"Invalid mass","No results","No results",NA,NA,NA,NA
"Com_18702_pos","1-adamantyl(piperidino)methanone","C16 H25 N O",269.17562,6.399,270.18295,"Invalid mass","No results","No results",NA,NA,NA,NA
"Com_18708_pos","Methyl jasmonate","C13 H20 O3",224.14226,6.269,225.14951,"No results","Full match","No results","Lipids and lipid-like molecules","Fatty Acyls","Lineolic acids and derivatives","Jasmonic acids"
"Com_18713_neg","Lysopa 16:0","C19 H39 O7 P",410.24339,5.326,409.23648,"No results","No results","Full match","Lipids and lipid-like molecules","Glycerophospholipids","Glycerophosphates","1-acylglycerol-3-phosphates"
"Com_18737_pos","3-Methylcytidine","C10 H15 N3 O5",257.10213,1.839,258.1094,"No results","Full match","No match","Nucleosides, nucleotides, and analogues","Pyrimidine nucleosides","Not available","Pyrimidine nucleosides"
"Com_18766_pos","4-methoxy-6-[2-(4-methoxyphenyl)ethyl]-2H-pyran-2-one","C15 H16 O4",282.08823,5.815,283.09544,"Invalid mass","No results","No results",NA,NA,NA,NA
"Com_18786_pos","Ouabain","C29 H44 O12",566.27434,6.324,567.28162,"Invalid mass","No results","No results","Lipids and lipid-like molecules","Steroids and steroid derivatives","Steroid lactones","Cardenolide glycosides and derivatives"
"Com_18793_pos","Dl-3-Hydroxy-kynurenine","C10 H12 N2 O4",224.08048,1.385,225.08775,"No results","No results","Full match","Organic oxygen compounds","Organooxygen compounds","Carbonyl compounds","Alkyl-phenylketones"
"Com_1879_pos","(S)-Nicotine","C10 H14 N2",162.11637,1.972,163.12365,"Full match","Full match","No results","Organoheterocyclic compounds","Pyridines and derivatives","Pyrrolidinylpyridines","Pyrrolidinylpyridines"
"Com_18801_pos","Corticosterone","C21 H30 O4",346.21597,6.341,347.22331,"Full match","Full match","Full match","Lipids and lipid-like molecules","Steroids and steroid derivatives","Hydroxysteroids","21-hydroxysteroids"
"Com_18807_pos","Ginsenoside Rb1","C54 H92 O23",1130.59068,6.528,1131.59796,"Invalid mass","No results","No results","Lipids and lipid-like molecules","Prenol lipids","Terpene glycosides","Triterpene saponins"
"Com_18817_neg","Hydroxytriazolam","C17 H12 Cl2 N4 O",358.03733,5.152,357.03005,"Full match","No results","No results","Organoheterocyclic compounds","Benzodiazepines","1,4-benzodiazepines","1,2,4-triazolo[4,3-a][1,4]benzodiazepines"
"Com_18825_neg","Inosine-5'-monophosphate (IMP)","C10 H13 N4 O8 P",348.04953,1.397,347.04202,"Invalid mass","No results","No results","Nucleosides, nucleotides, and analogues","Purine nucleotides","Purine ribonucleotides","Purine ribonucleoside monophosphates"
"Com_18868_pos","Poncirin","C28 H34 O14",594.1968,5.379,595.20408,"Full match","No results","No results","Phenylpropanoids and polyketides","Flavonoids","Flavonoid glycosides","Flavonoid-7-O-glycosides"
"Com_1888_pos","RPK","C17 H33 N7 O4",399.26397,5.971,400.27125,"Invalid mass","No results","No results",NA,NA,NA,NA
"Com_1890_pos","N-Methylhydantoin","C4 H6 N2 O2",114.04366,5.281,115.05094,"Invalid mass","No results","No results","Organoheterocyclic compounds","Azolines","Imidazolines","Imidazolines"
"Com_18931_pos","(R)-3-Hydroxy myristic acid","C14 H28 O3",261.23152,5.747,262.23879,"Invalid mass","No results","No results","Lipids and lipid-like molecules","Fatty Acyls","Fatty acids and conjugates","Long-chain fatty acids"
"Com_19003_pos","s7p","C7 H15 O10 P",290.04061,5.102,291.04789,"No results","No results","Full match","Organic oxygen compounds","Organooxygen compounds","Carbohydrates and carbohydrate conjugates","C-glycosyl compounds"
"Com_1901_neg","1-(4-Methoxyphenyl)-2-propanone","C10 H12 O2",164.08301,5.215,163.07574,"No results","No results","Full match",NA,NA,NA,NA
"Com_19025_pos","5-Methyl-2'-deoxycytidine","C10 H15 N3 O4",241.10743,1.633,242.11468,"No results","No results","Full match","Nucleosides, nucleotides, and analogues","Pyrimidine nucleosides","Pyrimidine 2'-deoxyribonucleosides","Pyrimidine 2'-deoxyribonucleosides"
"Com_19051_pos","5α-Dihydrotestosterone glucuronide","C25 H38 O8",466.25899,6.599,467.2658,"Full match","No results","No results","Lipids and lipid-like molecules","Steroids and steroid derivatives","Steroidal glycosides","Steroid glucuronide conjugates"
"Com_1906_pos","7-Methylguanosine","C11 H15 N5 O5",297.1085,4.762,298.11577,"Full match","Full match","Full match","Nucleosides, nucleotides, and analogues","Purine nucleosides","Not available","Purine nucleosides"
"Com_19144_pos","N'1-[1-(2-hydroxyphenyl)ethylidene]-3-methoxybenzene-1-carbohydrazide","C16 H16 N2 O3",284.11769,5.411,285.12493,"Invalid mass","No results","No results",NA,NA,NA,NA
"Com_19150_pos","3-(3,4-dimethoxyphenyl)-1-(2-hydroxy-4,6-dimethoxyphenyl)propan-1-one","C19 H22 O6",346.13716,5.901,347.14444,"Invalid mass","No results","No results",NA,NA,NA,NA
"Com_19151_pos","D-Glucosamine 6-phosphate","C6 H14 N O8 P",259.04624,5.235,260.05352,"No results","No results","Full match","Organic oxygen compounds","Organooxygen compounds","Carbohydrates and carbohydrate conjugates","Hexose phosphates"
"Com_19203_pos","Medroxyprogesterone","C22 H32 O3",344.23643,6.225,345.24361,"No results","Full match","Full match","Lipids and lipid-like molecules","Steroids and steroid derivatives","Pregnane steroids","Gluco/mineralocorticoids, progestogins and derivatives"
"Com_19222_neg","D-Xylulose 5-phosphate","C5 H11 O8 P",184.01551,1.292,229.01341,"Invalid mass","No results","No results","Organic oxygen compounds","Organooxygen compounds","Carbohydrates and carbohydrate conjugates","Pentose phosphates"
"Com_19234_pos","Guanosine-3',5'-cyclic monophosphate","C10 H12 N5 O7 P",345.04877,3.391,346.05605,"No results","Full match","Full match","Nucleosides, nucleotides, and analogues","Purine nucleotides","Cyclic purine nucleotides","3',5'-cyclic purine nucleotides"
"Com_19293_pos","5,6-Dimethylbenzimidazole","C9 H10 N2",146.08417,4.92,315.15649,"No results","Full match","No results","Organoheterocyclic compounds","Benzimidazoles","Not available","Benzimidazoles"
"Com_19310_pos","N1-(5-methylisoxazol-3-yl)-2-morpholinoacetamide","C10 H15 N3 O3",225.11226,4.704,226.11954,"Full match","No results","No results",NA,NA,NA,NA
"Com_19311_pos","KQH","C17 H29 N7 O5",411.22756,5.616,412.23483,"Invalid mass","No results","No results",NA,NA,NA,NA
"Com_19356_neg","2,2-Dimethylsuccinic acid","C6 H10 O4",146.05746,4.119,145.05018,"Full match","No results","Full match","Lipids and lipid-like molecules","Fatty Acyls","Fatty acids and conjugates","Methyl-branched fatty acids"
"Com_1936_pos","N-α-L-Acetyl-arginine","C8 H16 N4 O3",216.12308,1.64,217.13036,"Full match","No results","Full match","Organic acids and derivatives","Carboxylic acids and derivatives","Amino acids, peptides, and analogues","N-acyl-L-alpha-amino acids"
"Com_19377_pos","5'-Deoxy-5'-(Methylthio)Adenosine","C11 H15 N5 O3 S",297.08955,5.068,280.08588,"No results","No results","Full match","Nucleosides, nucleotides, and analogues","5'-deoxyribonucleosides","5'-deoxy-5'-thionucleosides","5'-deoxy-5'-thionucleosides"
"Com_1937_neg","Ethylmalonate","C5 H8 O4",132.04178,5.807,113.02388,"No results","No results","Full match","Lipids and lipid-like molecules","Fatty Acyls","Fatty acids and conjugates","Branched fatty acids"
"Com_19381_pos","10b-methyl-1,5,6,10b-tetrahydroimidazo[2,1-a]isoquinolin-2(3H)-one","C12 H14 N2 O",202.11155,5.133,203.11883,"Full match","No results","No results",NA,NA,NA,NA
"Com_19391_pos","N-(4-butyl-2-methylphenyl)-N'-[4-(4-methylpiperazino)phenyl]urea","C23 H32 N4 O",380.25653,7.208,381.2638,"Full match","No results","No results",NA,NA,NA,NA
"Com_19396_pos","LQH","C17 H28 N6 O5",396.21557,7.413,397.2226,"Invalid mass","No results","No results",NA,NA,NA,NA
"Com_19410_neg","Glucosamine 6-sulfate","C6 H13 N O8 S",259.03443,1.39,258.02716,"Invalid mass","No results","No results","Organic oxygen compounds","Organooxygen compounds","Carbohydrates and carbohydrate conjugates","Hexoses"
"Com_19419_pos","Phlorizin","C21 H24 O10",458.12083,5.763,459.12811,"Invalid mass","No results","No results","Phenylpropanoids and polyketides","Flavonoids","Flavonoid glycosides","Flavonoid O-glycosides"
"Com_19439_pos","N1-(1H-indol-4-yl)cyclohexane-1-carboxamide","C15 H18 N2 O",242.14302,6.564,243.1503,"Full match","Full match","No results",NA,NA,NA,NA
"Com_19445_pos","Spiculisporic Acid","C17 H28 O6",328.18764,1.434,329.19492,"No results","No results","Full match","Organic acids and derivatives","Carboxylic acids and derivatives","Tricarboxylic acids and derivatives","Tricarboxylic acids and derivatives"
"Com_1944_pos","Genistein","C15 H10 O5",270.05417,5.56,271.06145,"Invalid mass","Invalid mass","No results","Phenylpropanoids and polyketides","Isoflavonoids","Isoflav-2-enes","Isoflavones"
"Com_19478_neg","2-(1-{2-[(3-furylmethyl)amino]-2-oxoethyl}cyclohexyl)acetic acid","C15 H21 N O4",279.1486,5.733,278.14132,"Invalid mass","No results","No results",NA,NA,NA,NA
"Com_19498_pos","Prostaglandin B1","C20 H32 O4",336.23137,6.565,337.23864,"Full match","No results","Full match","Lipids and lipid-like molecules","Fatty Acyls","Eicosanoids","Prostaglandins and related compounds"
"Com_1949_pos","2-Amino-1,3,4-octadecanetriol","C18 H39 N O3",317.29436,6.54,318.30164,"Full match","No results","No results","Organic nitrogen compounds","Organonitrogen compounds","Amines","1,3-aminoalcohols"
"Com_19502_pos","Proscillaridin A","C30 H42 O8",530.28978,6.632,531.29656,"Full match","No results","No results","Lipids and lipid-like molecules","Steroids and steroid derivatives","Steroid lactones","Bufanolides and derivatives"
"Com_19548_neg","7-hydroxy-3-phenyl-4H-chromen-4-one","C15 H10 O3",238.06482,5.946,237.05691,"Invalid mass","No results","No results",NA,NA,NA,NA
"Com_19549_pos","5-phenyl-3-(phenylmethylene)furan-2(3H)-one","C17 H12 O2",248.08516,5.569,249.09244,"Invalid mass","No results","No results",NA,NA,NA,NA
"Com_1956_pos","RMH","C17 H30 N8 O4 S",442.21984,6.099,443.22711,"Invalid mass","No results","No results",NA,NA,NA,NA
"Com_19592_neg","Gamma-Glu-Leu","C11 H20 N2 O5",260.13818,4.916,259.13093,"No results","No results","Full match","Organic acids and derivatives","Carboxylic acids and derivatives","Amino acids, peptides, and analogues","Dipeptides"
"Com_19592_pos","4-acetyl-4-(ethoxycarbonyl)heptanedioic acid","C12 H18 O7",274.10412,4.193,275.1114,"Full match","No results","No results",NA,NA,NA,NA
"Com_1959_pos","Methyl palmitate","C17 H34 O2",287.28371,6.773,288.29098,"Invalid mass","No results","No results","Lipids and lipid-like molecules","Fatty Acyls","Fatty acid esters","Fatty acid methyl esters"
"Com_195_neg","Saccharin","C7 H5 N O3 S",182.99946,5.034,181.992,"Full match","No results","No results","Organoheterocyclic compounds","Benzothiazoles","Not available","Benzothiazoles"
"Com_1963_pos","Imidazolelactic acid","C6 H8 N2 O3",156.05419,1.374,157.06153,"Full match","Full match","Full match","Organoheterocyclic compounds","Azoles","Imidazoles","Imidazolyl carboxylic acids and derivatives"
"Com_19674_pos","4-methoxy-9-(2-methylbut-3-en-2-yl)-7H-furo[3,2-g]chromen-7-one","C17 H16 O4",284.10469,6.242,285.1118,"Full match","No results","No results",NA,NA,NA,NA
"Com_19699_neg","6-Phosphogluconic acid","C6 H13 O10 P",276.02611,1.285,275.01884,"No results","Invalid mass","No results","None","None","None","None"
"Com_19701_pos","α-Lapachone","C15 H14 O3",264.07913,3.401,265.08641,"Invalid mass","No results","No results","Organoheterocyclic compounds","Naphthopyrans","Naphthopyranones","Naphthopyranones"
"Com_19703_pos","DL-Stachydrine","C7 H13 N O2",143.09542,1.124,144.1027,"Invalid mass","No results","No results","Organic acids and derivatives","Carboxylic acids and derivatives","Amino acids, peptides, and analogues","Proline and derivatives"
"Com_19708_pos","4-Ethylbenzaldehyde","C9 H10 O",151.10046,5.505,152.1077,"Invalid mass","No results","No results","Benzenoids","Benzene and substituted derivatives","Benzoyl derivatives","Benzoyl derivatives"
"Com_19824_neg","6α-Prostaglandin I1","C20 H34 O5",336.23233,7.007,335.22505,"Invalid mass","No results","No results","Lipids and lipid-like molecules","Fatty Acyls","Eicosanoids","Prostaglandins and related compounds"
"Com_19849_neg","N-Carbamoyl-L-aspartate","C5 H8 N2 O5",176.04366,1.382,175.03638,"No results","Full match","Full match","Organic acids and derivatives","Carboxylic acids and derivatives","Amino acids, peptides, and analogues","Aspartic acid and derivatives"
"Com_19850_pos","Coumestrol","C15 H8 O5",268.03846,6.229,269.04578,"Full match","No results","No results","Phenylpropanoids and polyketides","Isoflavonoids","Coumestans","Coumestans"
"Com_1987_pos","1-Methyladenosine","C11 H15 N5 O4",281.11346,1.785,282.12073,"Full match","Full match","Full match","Nucleosides, nucleotides, and analogues","Purine nucleosides","Not available","Purine nucleosides"
"Com_19906_pos","7-methylpyrimido[4,5-d]pyrimidin-4-amine","C7 H7 N5",183.04898,3.44,184.05626,"Invalid mass","No results","No results",NA,NA,NA,NA
"Com_19937_neg","Sulfaquinoxaline","C14 H12 N4 O2 S",300.0687,5.696,299.06123,"Full match","No results","No results","Organoheterocyclic compounds","Diazanaphthalenes","Benzodiazines","Quinoxalines"
"Com_19944_pos","6,9-dimethoxy-11H-indeno[1,2-b]quinoxalin-11-one","C17 H12 N2 O3",292.08628,5.302,293.09355,"Invalid mass","No results","No results",NA,NA,NA,NA
"Com_19951_pos","Dextrorphan","C17 H23 N O",257.17916,5.096,258.18643,"Full match","Full match","No results","Alkaloids and derivatives","Morphinans","Not available","Morphinans"
"Com_19_neg","2-Hydroxyhippuric acid","C9 H9 N O4",195.05363,5.538,194.04633,"Full match","Full match","No results","Benzenoids","Benzene and substituted derivatives","Benzoic acids and derivatives","Hippuric acids"
"Com_20003_pos","Citrinin","C13 H14 O5",250.08503,5.077,251.09233,"Full match","No results","No results","Organoheterocyclic compounds","Benzopyrans","Not available","Benzopyrans"
"Com_2001_neg","N-Acetyl-D-galactosamine 4-sulfate","C8 H15 N O9 S",255.04156,1.363,300.03978,"Invalid mass","No results","No results","Organic oxygen compounds","Organooxygen compounds","Carbohydrates and carbohydrate conjugates","Acylaminosugars"
"Com_20030_pos","16-Heptadecyne-1,2,4-triol","C17 H32 O3",266.22582,6.866,267.2331,"Invalid mass","No results","No results","Lipids and lipid-like molecules","Fatty Acyls","Fatty alcohols","Long-chain fatty alcohols"
"Com_20039_pos","Rutamarin","C21 H24 O5",356.1636,6.233,357.17087,"Full match","No results","No results","Phenylpropanoids and polyketides","Coumarins and derivatives","Furanocoumarins","Psoralens"
"Com_20059_pos","Spermidine","C7 H19 N3",145.15855,1.042,146.16583,"No results","No results","Full match","Organic nitrogen compounds","Organonitrogen compounds","Amines","Dialkylamines"
"Com_2005_pos","D-Gluconic acid","C6 H12 O7",196.05767,5.595,197.06495,"No results","No results","Full match","Organic oxygen compounds","Organooxygen compounds","Carbohydrates and carbohydrate conjugates","Gluconolactones"
"Com_20075_pos","2-Hydroxy-2-methyl-3-buten-1-yl beta-D-glucopyranoside","C11 H20 O7",246.10575,5.618,247.11303,"Invalid mass","No results","No results",NA,NA,NA,NA
"Com_200_pos","Theobromine","C7 H8 N4 O2",180.06551,5.007,181.07278,"Full match","No results","No results","Organoheterocyclic compounds","Imidazopyrimidines","Purines and purine derivatives","Xanthines"
"Com_20125_pos","Rutarin","C20 H24 O10",446.12139,5.669,447.12867,"Invalid mass","No results","No results","Phenylpropanoids and polyketides","Coumarins and derivatives","Coumarin glycosides","Coumarin glycosides"
"Com_2016_pos","CAR 12:1","C19 H36 N O4",341.25822,6.483,342.26549,"No results","Invalid mass","No results",NA,NA,NA,NA
"Com_20170_neg","Dl-Glyceraldehyde3-phosphate","C3 H7 O6 P",169.99827,1.384,168.991,"No results","No results","Full match",NA,NA,NA,NA
"Com_20186_pos","Docosahexaenoic acid","C22 H32 O2",328.24156,6.809,329.24884,"Full match","No results","No results","Lipids and lipid-like molecules","Fatty Acyls","Fatty acids and conjugates","Very long-chain fatty acids"
"Com_20220_pos","N'2-cinnamoyl-3-(1H-pyrrol-1-yl)thiophene-2-carbohydrazide","C18 H15 N3 O2 S",337.08094,1.926,338.08822,"Invalid mass","No results","No results",NA,NA,NA,NA
"Com_20228_pos","N-Phenyl-5-(4-(trifluoromethyl)phenyl)oxazol-2-amine","C16 H11 F3 N2 O",304.08664,5.331,305.09392,"Invalid mass","No results","No results","Organoheterocyclic compounds","Azoles","Oxazoles","Phenyl-1,3-oxazoles"
"Com_20246_pos","2-(3-chloro-2-methylanilino)benzoic acid","C14 H12 Cl N O2",261.05695,6.11,262.06423,"Full match","No results","No results",NA,NA,NA,NA
"Com_20267_neg","Deoxyinosine","C10 H12 N4 O4",252.08677,4.888,251.07948,"No results","No results","Full match","Nucleosides, nucleotides, and analogues","Purine nucleosides","Purine 2'-deoxyribonucleosides","Purine 2'-deoxyribonucleosides"
"Com_20277_pos","5-Hydroxymebendazole","C16 H15 N3 O3",297.11404,5.367,298.12132,"Invalid mass","No results","No results","Organoheterocyclic compounds","Benzimidazoles","2-benzimidazolylcarbamic acid esters","2-benzimidazolylcarbamic acid esters"
"Com_20318_pos","(9cis)-Retinal","C20 H28 O",284.21453,6.41,285.22229,"Full match","No results","Full match","Lipids and lipid-like molecules","Prenol lipids","Retinoids","Retinoids"
"Com_20349_pos","1-Methyl-2-[(3S)-1-(3-phenylpropyl)-3-pyrrolidinyl]-1H-benzimidazole","C21 H25 N3",319.20071,5.037,320.20793,"Invalid mass","No results","No results","Benzenoids","Benzene and substituted derivatives","Phenylpropylamines","Phenylpropylamines"
"Com_2034_pos","Threonine","C4 H9 N O3",119.05923,1.393,120.06626,"Invalid mass","No results","No results","Organic acids and derivatives","Carboxylic acids and derivatives","Amino acids, peptides, and analogues","D-alpha-amino acids"
"Com_20376_pos","Dutasteride","C27 H30 F6 N2 O2",528.21468,5.394,529.22113,"Invalid mass","No results","No results",NA,NA,NA,NA
"Com_20396_pos","LPC 16:0-SN1","C24 H50 N O7 P",495.33481,9.179,496.34207,"No results","Full match","Full match",NA,NA,NA,NA
"Com_20404_pos","(2E,4E)-N-[2-(4-hydroxyphenyl)ethyl]dodeca-2,4-dienamide","C20 H29 N O2",315.21705,4.905,316.22433,"Invalid mass","No results","No results",NA,NA,NA,NA
"Com_2042_pos","Cinnamoylglycine","C11 H11 N O3",205.07485,5.693,206.08224,"Full match","Full match","Full match","Organic acids and derivatives","Carboxylic acids and derivatives","Amino acids, peptides, and analogues","N-acyl-alpha amino acids"
"Com_2043_pos","cis,cis-Muconic acid","C6 H6 O4",142.02731,4.685,125.02404,"Full match","No results","Full match","Lipids and lipid-like molecules","Fatty Acyls","Fatty acids and conjugates","Medium-chain fatty acids"
"Com_20460_neg","N1-morpholinocarbonyl-4-methylbenzene-1-sulfonamide","C12 H16 N2 O4 S",284.08476,1.591,283.07748,"Invalid mass","No results","No results",NA,NA,NA,NA
"Com_20476_neg","(±)9-HpODE","C18 H32 O4",312.2317,6.974,311.22443,"Invalid mass","No results","No results",NA,NA,NA,NA
"Com_2048_pos","Sedanolide","C12 H18 O2",194.13164,5.85,195.13895,"Full match","No results","No results","Organoheterocyclic compounds","Isobenzofurans","Not available","Isobenzofurans"
"Com_20530_neg","3'-Adenosine monophosphate (3'-AMP)","C10 H14 N5 O7 P",347.06216,5.08,346.05469,"Full match","No results","Full match","Nucleosides, nucleotides, and analogues","Ribonucleoside 3'-phosphates","Not available","Ribonucleoside 3'-phosphates"
"Com_20532_pos","4-methyl-3-(methylthio)-5-undecyl-4H-1,2,4-triazole","C15 H29 N3 S",321.16231,6.623,322.16943,"Invalid mass","No results","No results",NA,NA,NA,NA
"Com_2058_neg","3-Hydroxybutyric acid","C4 H8 O3",104.04669,2.737,103.03942,"Invalid mass","Invalid mass","No results","Organic acids and derivatives","Hydroxy acids and derivatives","Beta hydroxy acids and derivatives","Beta hydroxy acids and derivatives"
"Com_2059_pos","Nootkatone","C15 H22 O",218.16805,5.935,219.17539,"Full match","No results","No results","Lipids and lipid-like molecules","Prenol lipids","Sesquiterpenoids","Eremophilane, 8,9-secoeremophilane and furoeremophilane sesquiterpenoids"
"Com_20600_pos","N,N-dimethyl-5-nitro-6-[3-(trifluoromethyl)phenoxy]pyrimidin-4-amine","C13 H11 F3 N4 O3",310.06859,2.024,311.07587,"Invalid mass","No results","No results",NA,NA,NA,NA
"Com_2064_pos","Mesalamine","C7 H7 N O3",153.04332,4.92,154.05058,"Full match","No results","Full match","Benzenoids","Benzene and substituted derivatives","Benzoic acids and derivatives","Aminobenzoic acids"
"Com_20664_pos","(2E)-N-(4-acetamidobutyl)-3-(4-hydroxy-3-methoxyphenyl)prop-2-enamide","C16 H22 N2 O4",306.15919,5.028,307.16642,"Full match","No results","No results",NA,NA,NA,NA
"Com_20675_pos","Escitalopram","C20 H21 F N2 O",324.17,5.592,325.17733,"Invalid mass","No results","No results","Benzenoids","Benzene and substituted derivatives","Phenylbutylamines","Phenylbutylamines"
"Com_20707_pos","1-(4-bromophenyl)-2-phenylethan-1-one","C14 H11 Br O",223.12176,3.94,224.12903,"Invalid mass","No results","No results",NA,NA,NA,NA
"Com_2070_neg","Ibuprofen metabolite B","C13 H16 O4",236.10615,5.988,235.09867,"Invalid mass","No results","No results","Phenylpropanoids and polyketides","Phenylpropanoic acids","Not available","Phenylpropanoic acids"
"Com_20729_pos","QQH","C16 H25 N7 O6",433.16591,5.693,434.17319,"Invalid mass","No results","No results",NA,NA,NA,NA
"Com_20789_pos","4,5-diphenyl-1,3-oxazole-2-thiol","C15 H11 N O S",253.05322,3.064,254.0605,"Invalid mass","No results","No results",NA,NA,NA,NA
"Com_20824_pos","SNH","C13 H20 N6 O6",378.13068,5.984,379.13846,"Invalid mass","No results","No results",NA,NA,NA,NA
"Com_20843_pos","Sildenafil N-oxide","C22 H30 N6 O5 S",490.19864,5.316,491.20591,"Full match","No results","No results","Benzenoids","Benzene and substituted derivatives","Benzenesulfonamides","Benzenesulfonamides"
"Com_2085_pos","Methionine","C5 H11 N O2 S",149.04707,2.005,321.08292,"Invalid mass","Invalid mass","No results","Organic acids and derivatives","Carboxylic acids and derivatives","Amino acids, peptides, and analogues","Methionine and derivatives"
"Com_2089_neg","Quercetin-3β-D-glucoside","C21 H20 O12",464.09833,5.579,463.0912,"Invalid mass","No results","No results","Phenylpropanoids and polyketides","Flavonoids","Flavonoid glycosides","Flavonoid-3-O-glycosides"
"Com_208_neg","L-Threonic acid","C4 H8 O5",136.03684,1.323,135.02956,"Full match","Full match","No results","Organic oxygen compounds","Organooxygen compounds","Carbohydrates and carbohydrate conjugates","Sugar acids and derivatives"
"Com_20971_pos","LPC 11:0-SN1","C19 H40 N O7 P",425.25617,6.263,426.26344,"No results","Full match","Full match",NA,NA,NA,NA
"Com_2097_neg","5-Methoxysalicylic acid","C8 H8 O4",168.0423,5.009,167.03502,"Full match","No results","Full match","Benzenoids","Benzene and substituted derivatives","Benzoic acids and derivatives","M-methoxybenzoic acids and derivatives"
"Com_20_neg","Citric acid","C6 H8 O7",192.02715,1.522,191.01988,"Full match","Full match","Full match","Organic acids and derivatives","Carboxylic acids and derivatives","Tricarboxylic acids and derivatives","Tricarboxylic acids and derivatives"
"Com_21008_pos","TQH","C15 H24 N6 O6",384.17313,10.653,385.1804,"Invalid mass","No results","No results",NA,NA,NA,NA
"Com_21013_neg","4-Amino-5-imidazolecarboxamide","C4 H6 N4 O",126.0536,4.698,125.04632,"No results","No results","Full match","Organoheterocyclic compounds","Azoles","Imidazoles","Aminoimidazoles"
"Com_2104_neg","DL-Norvaline","C5 H11 N O2",117.07886,1.353,116.07133,"No results","No results","Full match","Organic acids and derivatives","Carboxylic acids and derivatives","Amino acids, peptides, and analogues","Alpha amino acids"
"Com_21059_pos","Morphine 6-β-D-glucuronide","C23 H27 N O9",461.17078,4.56,462.17805,"Full match","No results","No results",NA,NA,NA,NA
"Com_21079_pos","Tetrahydroaldosterone","C21 H32 O5",364.22645,6.357,365.23348,"No results","No results","Full match","Organoheterocyclic compounds","Oxepanes","Not available","Oxepanes"
"Com_21083_pos","Flunitrazepam-d3","C16 H9 [2]H3 F N3 O3",316.10777,5.091,317.11505,"Invalid mass","No results","No results",NA,NA,NA,NA
"Com_21120_neg","UDP","C9 H14 N2 O12 P2",404.00411,3.611,402.99684,"No results","No results","Full match","Nucleosides, nucleotides, and analogues","Pyrimidine nucleotides","Pyrimidine nucleotide sugars","Pyrimidine nucleotide sugars"
"Com_2116_pos","2-(acetylamino)-3-[4-(acetylamino)phenyl]acrylic acid","C13 H14 N2 O4",262.09658,5.413,263.104,"Full match","No results","No results",NA,NA,NA,NA
"Com_21173_pos","D-Glucarate","C6 H10 O8",210.0382,11.465,211.04547,"No results","No results","Full match","Organic oxygen compounds","Organooxygen compounds","Carbohydrates and carbohydrate conjugates","Glucuronic acid derivatives"
"Com_2117_pos","2-oxopiperidine-3-carbohydrazide","C6 H11 N3 O2",157.08589,2.21,158.09317,"Full match","No results","No results",NA,NA,NA,NA
"Com_2121_pos","2-Naphthol","C10 H8 O",144.05812,5.697,145.06539,"No results","No results","Full match","Benzenoids","Naphthalenes","Naphthols and derivatives","Naphthols and derivatives"
"Com_21225_pos","8-(1,2-dihydroxy-3-methylbut-3-en-1-yl)-7-methoxy-2H-chromen-2-one","C15 H16 O5",276.09872,6.744,277.106,"Full match","No results","No results",NA,NA,NA,NA
"Com_21232_pos","1-(3-phenylpropanoyl)-4-piperidinecarboxylic acid","C15 H19 N O3",261.13763,5.179,262.14489,"Full match","No results","No results",NA,NA,NA,NA
"Com_21243_pos","(1E)-5-hydroxy-1,7-diphenylhept-1-en-3-one","C19 H20 O2",302.12422,1.385,303.13125,"Invalid mass","No results","No results",NA,NA,NA,NA
"Com_21264_pos","3,5-dimethyl-1-phenyl-1,5-dihydro-4H-pyrazolo[4,3-c]quinolin-4-one","C18 H15 N3 O",289.1172,1.93,290.12448,"Invalid mass","No results","No results",NA,NA,NA,NA
"Com_21272_neg","LPG 16:0","C22 H45 O9 P",484.28349,11.092,483.27621,"No results","Invalid mass","No results","Lipids and lipid-like molecules","Glycerophospholipids","Glycerophosphoglycerols","Phosphatidylglycerols"
"Com_212_pos","4-(dimethylamino)-1,1-diphenylbut-3-en-2-one","C18 H19 N O",265.1474,6.377,266.15467,"Full match","No results","No results",NA,NA,NA,NA
"Com_21327_neg","L-Threonic acid Calcium Salt","C8 H14 Ca O10",310.01986,5.027,309.01259,"No results","No results","Full match","Organic oxygen compounds","Organooxygen compounds","Carbohydrates and carbohydrate conjugates","Sugar acids and derivatives"
"Com_2133_pos","Styrene","C8 H8",104.06263,5.434,231.1139,"No results","No results","Full match","Benzenoids","Benzene and substituted derivatives","Styrenes","Styrenes"
"Com_2146_pos","Urocanic acid","C6 H6 N2 O2",138.04366,1.452,139.05093,"Invalid mass","Invalid mass","No results","Organoheterocyclic compounds","Azoles","Imidazoles","Imidazolyl carboxylic acids and derivatives"
"Com_21473_pos","5-oxo-1-[4-(trifluoromethyl)benzyl]pyrrolidine-3-carboxylic acid","C13 H12 F3 N O3",287.07805,5.914,288.08533,"Full match","No results","No results",NA,NA,NA,NA
"Com_2150_neg","6-Sialyllactose","C23 H39 N O19",633.21284,1.35,632.20556,"No results","No results","Full match","Organic oxygen compounds","Organooxygen compounds","Carbohydrates and carbohydrate conjugates","N-acylneuraminic acids"
"Com_21530_pos","Phe-Pro","C14 H18 N2 O3",262.13283,5.876,263.14029,"No results","No results","Full match","Organic acids and derivatives","Carboxylic acids and derivatives","Amino acids, peptides, and analogues","Dipeptides"
"Com_21562_pos","Psilocybin","C12 H17 N2 O4 P",284.09527,1.435,285.10254,"Invalid mass","No results","No results","Organoheterocyclic compounds","Indoles and derivatives","Tryptamines and derivatives","Tryptamines and derivatives"
"Com_2158_pos","3-benzyl-1-butyl-4-hydroxy-1,2-dihydroquinolin-2-one","C20 H21 N O2",156.05749,5.775,157.06539,"Invalid mass","No results","No results",NA,NA,NA,NA
"Com_21619_pos","Rhein","C15 H8 O6",284.03356,5.795,285.04084,"Invalid mass","No results","No results","Benzenoids","Anthracenes","Anthracenecarboxylic acids and derivatives","Anthracenecarboxylic acids"
"Com_2162_pos","Nicotinic acid","C6 H5 N O2",123.03263,5.102,124.0399,"Full match","No results","Full match","Organoheterocyclic compounds","Pyridines and derivatives","Pyridinecarboxylic acids and derivatives","Pyridinecarboxylic acids"
"Com_21637_pos","Kanamycin","C18 H36 N4 O11",506.21895,6.303,507.22608,"Invalid mass","No results","No results","Organic oxygen compounds","Organooxygen compounds","Carbohydrates and carbohydrate conjugates","4,6-disubstituted 2-deoxystreptamines"
"Com_21673_neg","IDP","C10 H14 N4 O11 P2",428.0116,6.371,427.00407,"No results","No results","Full match","Nucleosides, nucleotides, and analogues","Purine nucleotides","Purine ribonucleotides","Purine ribonucleoside diphosphates"
"Com_21710_pos","8-Aminooctanoic acid","C8 H17 N O2",159.1259,5.067,357.21426,"No results","No results","Full match","Organic acids and derivatives","Carboxylic acids and derivatives","Amino acids, peptides, and analogues","Alpha amino acids and derivatives"
"Com_2171_neg","Pseudouridine","C9 H12 N2 O6",244.07035,1.71,243.06307,"Full match","Full match","Full match","Nucleosides, nucleotides, and analogues","Nucleoside and nucleotide analogues","Not available","Nucleoside and nucleotide analogues"
"Com_21720_neg","12-Epileukotriene B4","C20 H32 O4",372.20109,7.13,371.19382,"Invalid mass","No results","No results","Lipids and lipid-like molecules","Fatty Acyls","Eicosanoids","Leukotrienes"
"Com_21723_pos","2-[4-(2,4-dimethylphenyl)-1,3-thiazol-2-yl]pyrazine","C15 H13 N3 S",267.08397,1.353,268.09125,"Full match","No results","No results",NA,NA,NA,NA
"Com_21727_pos","4-(morpholinocarbothioyl)benzonitrile","C12 H12 N2 O S",232.06762,5.645,233.07487,"Full match","No results","No results",NA,NA,NA,NA
"Com_21756_neg","Epigallocatechin gallate","C22 H18 O11",458.09055,5.338,457.08272,"Invalid mass","No results","No results","Phenylpropanoids and polyketides","Flavonoids","Flavans","Catechin gallates"
"Com_21775_pos","Vindoline","C25 H32 N2 O6",456.23136,5.568,457.23864,"Invalid mass","No results","No results","Alkaloids and derivatives","Plumeran-type alkaloids","Not available","Plumeran-type alkaloids"
"Com_21789_neg","N-{6-[(7-chloro-4-quinazolinyl)oxy]-3-pyridinyl}-4-methoxybenzamide","C21 H15 Cl N4 O3",406.08977,5.276,405.0825,"Invalid mass","No results","No results",NA,NA,NA,NA
"Com_2179_pos","Methylhippuric acid","C10 H11 N O3",193.07496,5.501,194.08227,"Invalid mass","No results","No results","Organic acids and derivatives","Carboxylic acids and derivatives","Amino acids, peptides, and analogues","N-acyl-alpha amino acids and derivatives"
"Com_21817_neg","3-Chloro-L-tyrosine","C9 H10 Cl N O3",215.03493,5.362,214.02765,"No results","No results","Full match","Organic acids and derivatives","Carboxylic acids and derivatives","Amino acids, peptides, and analogues","Tyrosine and derivatives"
"Com_21825_neg","Methyl alpha-D-glucopyranoside","C7 H14 O6",194.07956,1.376,193.0722,"No results","No results","Full match",NA,NA,NA,NA
"Com_21833_pos","2-methyl-1,2-dihydrophthalazin-1-one","C9 H8 N2 O",160.06292,3.946,343.11469,"Full match","No results","No results",NA,NA,NA,NA
"Com_21846_neg","L-serine","C3 H7 N O3",105.04207,1.248,104.03479,"No results","No results","Full match","Organic acids and derivatives","Carboxylic acids and derivatives","Amino acids, peptides, and analogues","Serine and derivatives"
"Com_21874_pos","WLH","C23 H30 N6 O4",454.23759,6.109,455.2449,"Invalid mass","No results","No results",NA,NA,NA,NA
"Com_21940_pos","(-)-Caryophyllene oxide","C15 H24 O",220.18375,7.275,221.19103,"Full match","No results","No results","Lipids and lipid-like molecules","Prenol lipids","Sesquiterpenoids","Sesquiterpenoids"
"Com_21961_pos","9-Oxo-10(E),12(E)-octadecadienoic acid","C18 H30 O3",294.22065,6.941,295.22779,"Full match","No results","Full match","Lipids and lipid-like molecules","Fatty Acyls","Lineolic acids and derivatives","Lineolic acids and derivatives"
"Com_21970_pos","Pelargonidin","C15 H10 O5",270.05428,6.665,271.06155,"Invalid mass","No results","No results","Phenylpropanoids and polyketides","Flavonoids","Hydroxyflavonoids","7-hydroxyflavonoids"
"Com_2200_pos","5,7-dihydroxy-3-(4-hydroxyphenyl)-4H-chromen-4-one","C15 H10 O5",124.03588,5.617,271.061,"Invalid mass","Invalid mass","No results",NA,NA,NA,NA
"Com_22018_pos","Capsaicin","C18 H27 N O3",305.20026,6.335,306.20753,"Full match","Full match","No results","Benzenoids","Phenols","Methoxyphenols","Methoxyphenols"
"Com_22025_pos","6-Keto-prostaglandin f1alpha","C20 H34 O6",370.23384,6.612,371.24112,"No results","No results","Full match","Lipids and lipid-like molecules","Fatty Acyls","Eicosanoids","Prostaglandins and related compounds"
"Com_22158_pos","Pleuromutilin","C22 H34 O5",378.24281,6.574,379.25009,"Invalid mass","No results","No results",NA,NA,NA,NA
"Com_2215_neg","5,5-Dimethylhydantoin","C5 H8 N2 O2",128.05809,5.374,127.05081,"Full match","No results","No results","Organoheterocyclic compounds","Azolidines","Imidazolidines","Hydantoins"
"Com_22174_pos","4-Hexyloxyaniline","C12 H19 N O",193.14797,7.049,194.15524,"Invalid mass","No results","No results",NA,NA,NA,NA
"Com_2217_pos","(2-morpholino-5-nitrophenyl)methanol","C11 H14 N2 O4",238.09374,4.445,239.10101,"Invalid mass","No results","No results",NA,NA,NA,NA
"Com_22180_pos","Trehalose","C12 H22 O11",342.11537,6.054,343.12264,"No results","No results","Full match","Organic oxygen compounds","Organooxygen compounds","Carbohydrates and carbohydrate conjugates","O-glycosyl compounds"
"Com_221_neg","Galacturonic acid","C6 H10 O7",194.04315,5.794,193.03589,"Full match","No results","Full match","Organic oxygen compounds","Organooxygen compounds","Carbohydrates and carbohydrate conjugates","Glucuronic acid derivatives"
"Com_2220_neg","Dulcitol","C6 H14 O6",182.07961,1.298,181.07202,"Full match","Full match","Full match","Organic oxygen compounds","Organooxygen compounds","Carbohydrates and carbohydrate conjugates","Sugar alcohols"
"Com_2221_pos","WNH","C21 H25 N7 O5",455.1963,5.77,456.20357,"Invalid mass","No results","No results",NA,NA,NA,NA
"Com_22247_neg","Lauric Acid","C12 H24 O2",200.17807,6.495,199.1708,"No results","No results","Full match","Lipids and lipid-like molecules","Fatty Acyls","Fatty acids and conjugates","Medium-chain fatty acids"
"Com_22273_pos","5,6-diphenyl-2,3-dihydropyrazine","C16 H14 N2",234.11699,6.149,235.12427,"Invalid mass","No results","No results",NA,NA,NA,NA
"Com_2227_pos","(2E)-3-(3,4-dimethoxyphenyl)prop-2-enoic acid","C11 H12 O4",190.06397,5.513,191.07129,"Invalid mass","No results","No results",NA,NA,NA,NA
"Com_2228_pos","N-Acetyl-DL-phenylalanine","C11 H13 N O3",207.08908,5.893,208.09636,"No results","No results","Full match","Organic acids and derivatives","Carboxylic acids and derivatives","Amino acids, peptides, and analogues","Phenylalanine and derivatives"
"Com_22363_pos","N'3-(3,4,5-trimethoxybenzylidene)pyridine-3-carbohydrazide","C16 H17 N3 O4",353.07597,5.347,354.08325,"Invalid mass","No results","No results",NA,NA,NA,NA
"Com_22365_neg","Shikimic acid","C7 H10 O5",174.0468,5.143,210.99537,"No results","Invalid mass","No results","Organic oxygen compounds","Organooxygen compounds","Alcohols and polyols","Shikimic acids and derivatves"
"Com_2238_neg","Dl-3,4-Dihydroxymandelic Acid","C8 H8 O5",184.03755,5.58,183.03026,"No results","No results","Full match",NA,NA,NA,NA
"Com_2238_pos","D-(-)-Glutamine","C5 H10 N2 O3",146.06986,5.39,147.07714,"Full match","Full match","Full match","Organic acids and derivatives","Carboxylic acids and derivatives","Amino acids, peptides, and analogues","D-alpha-amino acids"
"Com_22447_pos","7-Aminoflunitrazepam","C16 H14 F N3 O",283.10708,5.305,284.11453,"Invalid mass","No results","No results","Organoheterocyclic compounds","Benzodiazepines","1,4-benzodiazepines","1,4-benzodiazepines"
"Com_22451_pos","N-[1-(4-methoxy-2-oxo-2H-pyran-6-yl)-2-methylbutyl]acetamide","C13 H19 N O4",270.15892,5.114,271.16622,"Invalid mass","No results","No results",NA,NA,NA,NA
"Com_2246_neg","Ciliatine","C2 H8 N O3 P",125.02338,5.138,124.0161,"Invalid mass","No results","No results","Organic acids and derivatives","Organic phosphonic acids and derivatives","Organic phosphonic acids","Organic phosphonic acids"
"Com_22505_pos","4-[4-(trifluoromethyl)phenyl]-1,2,3-thiadiazol-5-amine","C9 H6 F3 N3 S",245.02603,5.54,246.03331,"Invalid mass","No results","No results",NA,NA,NA,NA
"Com_22506_pos","2-cyano-3-(3,4-dimethoxyphenyl)acrylic acid","C12 H11 N O4",233.0696,5.214,234.07662,"Full match","No results","No results",NA,NA,NA,NA
"Com_22535_neg","4-Methylumbelliferyl glucuronide","C16 H16 O9",352.08094,5.263,351.07366,"Full match","No results","No results","Phenylpropanoids and polyketides","Coumarins and derivatives","Coumarin glycosides","Coumarin glycosides"
"Com_22544_neg","Sodium Dehydrocholate","C24 H33 Na O5",424.22293,5.275,423.21576,"No results","No results","Full match","Lipids and lipid-like molecules","Steroids and steroid derivatives","Bile acids, alcohols and derivatives","Bile acids, alcohols and derivatives"
"Com_22598_pos","2-deoxyglucose-6-phosphate","C6 H13 O8 P",244.03555,5.253,227.03262,"No results","No results","Full match","Organic acids and derivatives","Organic phosphoric acids and derivatives","Phosphate esters","Monoalkyl phosphates"
"Com_22636_pos","DPK","C15 H26 N4 O6",358.18636,1.382,359.19359,"Full match","No results","No results",NA,NA,NA,NA
"Com_22664_pos","Bz-RS-ISer(3-Ph)-Ome","C17 H17 N O4",299.11603,5.866,300.12325,"No results","No results","Full match",NA,NA,NA,NA
"Com_22669_pos","Cyromazine","C6 H10 N6",166.0972,3.58,167.10447,"Full match","No results","No results","Organoheterocyclic compounds","Triazines","Aminotriazines","N-aliphatic s-triazines"
"Com_2267_neg","4-Anisic acid","C8 H8 O3",152.04754,5.749,151.04027,"Full match","Full match","Full match","Benzenoids","Benzene and substituted derivatives","Benzoic acids and derivatives","P-methoxybenzoic acids and derivatives"
"Com_22684_pos","Glycolithocholic acid","C26 H43 N O4",433.32052,7.03,456.30988,"No results","No results","Full match","Lipids and lipid-like molecules","Steroids and steroid derivatives","Bile acids, alcohols and derivatives","Glycinated bile acids and derivatives"
"Com_22709_pos","Deoxycorticosterone 21-glucoside","C27 H40 O8",492.2737,6.669,493.28098,"Full match","No results","No results","Lipids and lipid-like molecules","Steroids and steroid derivatives","Steroidal glycosides","Steroidal glycosides"
"Com_22712_pos","N,5-Bis(3-nitrophenyl)oxazol-2-amine","C15 H10 N4 O5",326.06264,3.516,327.06992,"Invalid mass","No results","No results","Organoheterocyclic compounds","Azoles","Oxazoles","Phenyl-1,3-oxazoles"
"Com_227_neg","β-Naphthoxyacetic Acid","C12 H10 O3",156.05828,5.385,201.0565,"Invalid mass","No results","No results","Benzenoids","Benzene and substituted derivatives","Phenoxyacetic acid derivatives","Phenoxyacetic acid derivatives"
"Com_22813_pos","1-(2-pyridin-2-yldiazenyl)-2-naphthol","C15 H11 N3 O",249.08893,1.281,250.09639,"Invalid mass","No results","No results",NA,NA,NA,NA
"Com_2284_pos","Asp-Phe methyl ester","C14 H18 N2 O5",294.12282,5.368,295.1301,"No results","No results","Full match",NA,NA,NA,NA
"Com_22880_neg","Kinetin 9-riboside","C15 H17 N5 O5",347.12233,5.195,346.11505,"No results","No results","Full match","Nucleosides, nucleotides, and analogues","Purine nucleosides","Not available","Purine nucleosides"
"Com_22910_pos","3-hydroxy-4-methoxy-[2,2'-bipyridine]-6-carboxamide","C12 H11 N3 O3",267.06212,1.441,268.0694,"Invalid mass","No results","No results",NA,NA,NA,NA
"Com_22912_pos","4,7,8-trimethoxyfuro[2,3-b]quinoline","C14 H13 N O4",259.0837,11.09,260.09097,"Full match","No results","No results",NA,NA,NA,NA
"Com_22917_neg","3-amino-1H-pyrazolo[4,3-c]pyridine-4,6-diol","C6 H6 N4 O2",166.04824,9.109,165.04096,"Invalid mass","Invalid mass","No match",NA,NA,NA,NA
"Com_22924_neg","N1-{[5-(2,4-difluorophenyl)-2-furyl]methyl}benzene-1-sulfonamide","C17 H13 F2 N O3 S",349.06007,3.282,348.0528,"Full match","No results","No results",NA,NA,NA,NA
"Com_22944_pos","5-Methylcytosine","C5 H7 N3 O",125.05884,5.25,126.06612,"No results","No results","Full match","Organoheterocyclic compounds","Diazines","Pyrimidines and pyrimidine derivatives","Hydroxypyrimidines"
"Com_22951_neg","2,3-Dinor prostaglandin E1","C18 H30 O5",308.20044,7.295,307.19316,"Invalid mass","No results","No results","Lipids and lipid-like molecules","Fatty Acyls","Eicosanoids","Prostaglandins and related compounds"
"Com_22964_pos","2-Ethyl-2-phenylmalonamide","C11 H14 N2 O2",206.10659,5.044,207.11381,"Invalid mass","No results","No results","Benzenoids","Benzene and substituted derivatives","Phenylacetamides","Phenylacetamides"
"Com_2298_pos","Gibberellic acid","C19 H22 O6",368.12573,6.337,369.13301,"Invalid mass","No results","No results","Lipids and lipid-like molecules","Prenol lipids","Diterpenoids","C19-gibberellin 6-carboxylic acids"
"Com_23004_neg","5-[4-(tert-butyl)phenoxy]-6-nitroisoindoline-1,3-dione","C18 H16 N2 O5",147.05274,5.529,146.0456,"Invalid mass","No results","No match",NA,NA,NA,NA
"Com_23037_pos","6-(2-furyl)-2-hydroxy-4-(methylthio)nicotinonitrile","C11 H8 N2 O2 S",232.03052,7.587,233.0378,"Full match","No results","No results",NA,NA,NA,NA
"Com_2305_pos","Genistein 4'-O-glucuronide","C21 H18 O11",446.08706,5.458,447.09433,"Full match","No results","No results","Phenylpropanoids and polyketides","Isoflavonoids","Isoflavonoid O-glycosides","Isoflavonoid O-glycosides"
"Com_23071_pos","6-methyl-4-(morpholinomethyl)-2H-chromen-2-one","C15 H17 N O3",259.11822,2.137,260.1255,"Invalid mass","No results","No results",NA,NA,NA,NA
"Com_23119_neg","L-Threonine","C4 H9 N O3",119.0578,1.298,118.05053,"No results","No results","Full match","Organic acids and derivatives","Carboxylic acids and derivatives","Amino acids, peptides, and analogues","L-alpha-amino acids"
"Com_23129_pos","6,7,8-trimethoxy-2-[3-(trifluoromethyl)phenyl]-4H-3,1-benzoxazin-4-one","C18 H14 F3 N O5",381.08688,5.764,382.09414,"Invalid mass","No results","No results",NA,NA,NA,NA
"Com_23156_pos","Diosgenin","C27 H42 O3",396.30442,7.28,397.3117,"Invalid mass","No results","No results","Lipids and lipid-like molecules","Prenol lipids","Triterpenoids","Triterpenoids"
"Com_23184_pos","13,14-Dihydro prostaglandin E1","C20 H36 O5",338.24489,7.057,339.25216,"Invalid mass","No results","No results","Lipids and lipid-like molecules","Fatty Acyls","Eicosanoids","Prostaglandins and related compounds"
"Com_23218_neg","2-[(3-methylbenzo[b]thiophen-2-yl)carbonyl]benzoic acid","C17 H12 O3 S",194.04312,0.636,193.03585,"Invalid mass","No results","No match",NA,NA,NA,NA
"Com_23249_pos","4-[2-(4-chlorophenyl)diaz-1-enyl]-2-methyl-6-(piperidinomethyl)phenol","C19 H22 Cl N3 O",343.14437,5.923,344.15166,"Full match","No results","No results",NA,NA,NA,NA
"Com_23260_pos","Colchicoside","C27 H33 N O11",547.2004,5.781,548.20767,"Invalid mass","No results","No results","Organic oxygen compounds","Organooxygen compounds","Carbohydrates and carbohydrate conjugates","Phenolic glycosides"
"Com_23272_pos","N-Methyloctan-1-amine","C9 H21 N",143.16805,5.206,144.17532,"Full match","No results","No results",NA,NA,NA,NA
"Com_23274_neg","Dl-3-Hydroxynorvaline","C5 H11 N O3",133.07348,1.471,132.06624,"No results","No results","Full match","Organic acids and derivatives","Carboxylic acids and derivatives","Amino acids, peptides, and analogues","Alpha amino acids"
"Com_2329_neg","5-[4-(4-methoxyphenoxy)phenyl]-1H-pyrazole","C16 H14 N2 O2",266.10173,5.107,265.09447,"Invalid mass","No results","No results",NA,NA,NA,NA
"Com_2330_neg","D-Threose","C4 H8 O4",120.04189,5.16,119.03462,"No results","No results","Full match","Organic oxygen compounds","Organooxygen compounds","Carbohydrates and carbohydrate conjugates","Monosaccharides"
"Com_23336_pos","L-Saccharopine","C11 H20 N2 O6",276.13334,1.322,277.14062,"Full match","Full match","Full match","Organic acids and derivatives","Carboxylic acids and derivatives","Amino acids, peptides, and analogues","Glutamic acid and derivatives"
"Com_23345_pos","16,16-Dimethyl prostaglandin A1","C22 H36 O4",346.25197,6.517,347.25915,"Invalid mass","No results","No results","Lipids and lipid-like molecules","Fatty Acyls","Eicosanoids","Prostaglandins and related compounds"
"Com_2334_pos","Ambroxol","C13 H18 Br2 N2 O",375.97966,5.657,376.98694,"Full match","No results","No results","Benzenoids","Benzene and substituted derivatives","Phenylmethylamines","Phenylmethylamines"
"Com_2338_pos","Glaucine","C21 H25 N O4",355.18005,5.368,356.18733,"Full match","No results","No results","Alkaloids and derivatives","Aporphines","Not available","Aporphines"
"Com_23418_pos","FPH","C20 H25 N5 O4",437.14818,5.031,438.15547,"Invalid mass","No results","No results",NA,NA,NA,NA
"Com_2341_neg","Glycocholic acid","C26 H43 N O6",465.30965,6.237,464.30236,"Full match","Full match","Full match","Lipids and lipid-like molecules","Steroids and steroid derivatives","Bile acids, alcohols and derivatives","Glycinated bile acids and derivatives"
"Com_2343_pos","methyl 3,4,5-trihydroxycyclohex-1-ene-1-carboxylate","C8 H12 O5",210.05147,5.263,211.05871,"Invalid mass","No results","No results",NA,NA,NA,NA
"Com_23471_pos","1,7-bis(3,4-dihydroxyphenyl)heptan-3-one","C19 H22 O5",330.14602,6.452,331.15329,"Full match","No results","No results",NA,NA,NA,NA
"Com_23500_pos","N-(2,6-Dimethylphenyl)-N-(methoxyacetyl) alanine","C14 H19 N O4",265.13226,4.88,266.13957,"Full match","No results","No results","Organic acids and derivatives","Carboxylic acids and derivatives","Amino acids, peptides, and analogues","N-acyl-alpha amino acids"
"Com_23516_pos","3-(propan-2-yl)-octahydropyrrolo[1,2-a]pyrazine-1,4-dione","C10 H16 N2 O2",214.13258,5.334,215.13999,"Invalid mass","No results","No results",NA,NA,NA,NA
"Com_23517_pos","20-Hydroxy prostaglandin F2α","C20 H34 O6",352.22635,5.807,353.23345,"Invalid mass","No results","No match","Lipids and lipid-like molecules","Fatty Acyls","Eicosanoids","Prostaglandins and related compounds"
"Com_23526_pos","1-(3-ethyl-2,4-dihydroxy-6-methoxyphenyl)butan-1-one","C13 H18 O4",220.10835,6.566,221.11563,"Invalid mass","No results","No results",NA,NA,NA,NA
"Com_23560_pos","(4-benzoylpiperidino)[4-(tert-butyl)phenyl]methanone","C23 H27 N O2",387.15517,5.376,388.16168,"Invalid mass","No results","No results",NA,NA,NA,NA
"Com_23580_neg","N1-[1-[(4-fluoroanilino)carbonyl]-2-(2-thienyl)vinyl]benzamide","C20 H15 F N2 O2 S",366.08214,1.473,365.07486,"Full match","No results","No results",NA,NA,NA,NA
"Com_2358_neg","1-(1,8-dihydroxy-3,6-dimethyl-2-naphthyl)ethan-1-one","C14 H14 O3",230.09537,5.488,229.0881,"Full match","No results","No results",NA,NA,NA,NA
"Com_23631_neg","Tetracycline","C22 H24 N2 O8",444.1457,1.555,443.13843,"Invalid mass","No results","No results","Phenylpropanoids and polyketides","Tetracyclines","Not available","Tetracyclines"
"Com_23663_pos","Adenosine 5'-monophosphate","C10 H14 N5 O7 P",347.06467,1.504,348.07212,"Full match","Full match","Full match","Nucleosides, nucleotides, and analogues","Purine nucleotides","Purine ribonucleotides","Purine ribonucleoside monophosphates"
"Com_23675_pos","5-oxo-3-phenyl-5-(2-quinolinylamino)pentanoic acid","C20 H18 N2 O3",334.12889,1.347,335.13616,"Invalid mass","No results","No results",NA,NA,NA,NA
"Com_23687_pos","Vitamin A","C20 H30 O",286.23085,6.649,287.23806,"No results","No results","Full match","Lipids and lipid-like molecules","Prenol lipids","Retinoids","Retinoids"
"Com_23709_pos","2-piperidinophenyl 4-(acetylamino)-3-chlorobenzenesulfonate","C19 H21 Cl N2 O4 S",408.09222,6.152,409.0995,"Full match","No results","No results",NA,NA,NA,NA
"Com_23716_pos","4-styrylpyridine","C13 H11 N",181.08571,1.585,182.09298,"Invalid mass","No results","No results",NA,NA,NA,NA
"Com_2371_neg","N-Acetyl-L-cysteine","C5 H9 N O3 S",163.03037,5.921,162.02309,"Full match","No results","Full match","Organic acids and derivatives","Carboxylic acids and derivatives","Amino acids, peptides, and analogues","N-acyl-L-alpha-amino acids"
"Com_23791_pos","N,5-diphenyl-1,3,4-oxadiazole-2-carboxamide","C15 H11 N3 O2",287.0627,5.702,288.06998,"Invalid mass","No results","No results",NA,NA,NA,NA
"Com_23798_pos","2-[(3S)-1-(2-Thienylmethyl)-3-pyrrolidinyl]-1,3-benzothiazole","C16 H16 N2 S2",300.07904,5.088,301.08633,"Invalid mass","No results","No results","Organoheterocyclic compounds","Benzothiazoles","Not available","Benzothiazoles"
"Com_23850_pos","T-2 Triol","C20 H30 O7",404.18252,6.386,405.18979,"Invalid mass","No results","No results","Lipids and lipid-like molecules","Prenol lipids","Sesquiterpenoids","Trichothecenes"
"Com_23851_neg","4-((5-(4-Nitrophenyl)oxazol-2-yl)amino)benzonitrile","C16 H10 N4 O3",306.07598,6.009,305.06869,"Full match","No results","No results","Organoheterocyclic compounds","Azoles","Oxazoles","Phenyl-1,3-oxazoles"
"Com_23854_pos","N'-hydroxy-2-methyl-1,3-thiazole-4-carboximidamide","C5 H7 N3 O S",179.01473,5.81,180.022,"Invalid mass","No results","No results",NA,NA,NA,NA
"Com_2385_neg","L-(-)-Malic acid","C4 H6 O5",134.02113,1.43,133.01389,"Full match","No results","Full match","Organic acids and derivatives","Hydroxy acids and derivatives","Beta hydroxy acids and derivatives","Beta hydroxy acids and derivatives"
"Com_23867_pos","Docosahexaenoyl Ethanolamide","C24 H37 N O2",371.28409,6.306,372.2915,"Full match","No results","No results","Organic nitrogen compounds","Organonitrogen compounds","Amines","N-acylethanolamines"
"Com_23892_neg","2-{1-[2-(4-benzhydrylpiperazino)-2-oxoethyl]cyclopentyl}acetic acid","C26 H32 N2 O3",420.23859,6.218,419.23132,"Invalid mass","No results","No results",NA,NA,NA,NA
"Com_23920_neg","2'-Deoxyinosine","C10 H12 N4 O4",252.08561,2.305,251.07834,"Full match","No results","Full match","Nucleosides, nucleotides, and analogues","Purine nucleosides","Purine 2'-deoxyribonucleosides","Purine 2'-deoxyribonucleosides"
"Com_23948_pos","4-(benzoylamino)-3-hydroxybutanoic acid","C11 H13 N O4",410.15027,2.238,206.08241,"Invalid mass","No results","No results",NA,NA,NA,NA
"Com_23972_neg","1-methyl-N-(4-piperidinophenyl)-1H-imidazole-4-sulfonamide","C15 H20 N4 O2 S",320.13115,6.297,319.12388,"Full match","No results","No results",NA,NA,NA,NA
"Com_2397_neg","Pyridoxal 5'-Phosphate","C8 H10 N O6 P",247.02492,5.257,246.01764,"No results","No results","Full match","Organoheterocyclic compounds","Pyridines and derivatives","Pyridine carboxaldehydes","Pyridoxals and derivatives"
"Com_23988_pos","N'1-methyl-N'1-[2-nitro-4-(trifluoromethyl)phenyl]ethanohydrazide","C10 H10 F3 N3 O3",294.09476,1.315,295.10217,"Invalid mass","No results","No results",NA,NA,NA,NA
"Com_2398_pos","trans-Anethole","C10 H12 O",148.08896,5.357,149.09662,"Full match","No results","No results","Benzenoids","Phenol ethers","Anisoles","Anisoles"
"Com_24017_pos","N-(2,4-dichlorobenzyl)-N-(3-pyridinylmethyl)benzamide","C20 H16 Cl2 N2 O",370.05936,6.615,371.06664,"Invalid mass","No results","No results",NA,NA,NA,NA
"Com_24056_neg","Adenylyl Sulfate","C10 H14 N5 O10 P S",427.01837,6.017,426.0111,"No results","No results","Full match",NA,NA,NA,NA
"Com_2406_neg","Genipin","C11 H14 O5",208.0741,5.079,207.06683,"Invalid mass","No results","No match","Lipids and lipid-like molecules","Prenol lipids","Monoterpenoids","Iridoids and derivatives"
"Com_24107_pos","2-[(3S)-1-(1H-Indol-3-ylmethyl)-3-pyrrolidinyl]-1H-benzimidazole","C20 H20 N4",316.16622,6.476,317.17349,"Invalid mass","No results","No results","Organoheterocyclic compounds","Indoles and derivatives","Indoles","3-alkylindoles"
"Com_24133_pos","methyl isoquinoline-3-carboxylate","C11 H9 N O2",170.03759,5.991,171.04482,"Invalid mass","No results","No results",NA,NA,NA,NA
"Com_2414_pos","1-methyl-3,5-di(1-naphthylmethylidene)piperidin-4-one","C28 H23 N O",285.12325,4.037,286.13052,"Invalid mass","No results","No results",NA,NA,NA,NA
"Com_24159_neg","Resveratrol","C14 H12 O3",228.07948,6.012,227.0722,"Full match","No results","No results","Phenylpropanoids and polyketides","Stilbenes","Not available","Stilbenes"
"Com_24175_neg","L-Anserine","C10 H16 N4 O3",240.12359,1.254,239.11631,"Invalid mass","No results","No results","Organic acids and derivatives","Peptidomimetics","Hybrid peptides","Hybrid peptides"
"Com_2420_neg","2-Amino-3-(4-hydroxy-3-methoxyphenyl)propanoic acid","C10 H13 N O4",211.08496,3.919,210.07768,"Full match","No results","Full match","Organic acids and derivatives","Carboxylic acids and derivatives","Amino acids, peptides, and analogues","Tyrosine and derivatives"
"Com_24219_neg","2-{[(cyanoimino)(methylthio)methyl]amino}propane","C6 H11 N3 S",157.06562,0.533,156.05834,"Invalid mass","No results","No results",NA,NA,NA,NA
"Com_24237_pos","N1-(2,4-dimethylphenyl)-2-(2,4-dichlorophenoxy)propanamide","C17 H17 Cl2 N O2",337.06493,5.659,338.0722,"Full match","No results","No results",NA,NA,NA,NA
"Com_24251_pos","KPH","C17 H28 N6 O4",362.2086,7.014,363.21588,"Invalid mass","No results","No match",NA,NA,NA,NA
"Com_24259_neg","Thymidine","C10 H14 N2 O5",242.09113,2.994,241.08386,"Full match","No results","Full match","Nucleosides, nucleotides, and analogues","Pyrimidine nucleotides","Pyrimidine deoxyribonucleotides","Pyrimidine 2'-deoxyribonucleoside monophosphates"
"Com_2426_neg","Palmitic acid","C16 H32 O2",256.24151,10.218,255.23422,"Full match","No results","No results","Lipids and lipid-like molecules","Fatty Acyls","Fatty acids and conjugates","Long-chain fatty acids"
"Com_24273_pos","Gly-Tyr-Ala","C14 H19 N3 O5",309.13395,5.257,310.14093,"No results","No results","Full match","Organic acids and derivatives","Carboxylic acids and derivatives","Amino acids, peptides, and analogues","Oligopeptides"
"Com_2427_pos","3',4'-Dihydroxyphenylacetone","C9 H10 O3",166.06386,5.605,167.07115,"Invalid mass","Invalid mass","No results","Benzenoids","Benzene and substituted derivatives","Phenylpropanes","Phenylpropanes"
"Com_24299_pos","5-[(2-hydroxybenzylidene)amino]-2-(2-methoxyethoxy)benzoic acid","C17 H17 N O5",315.10801,1.799,316.11529,"Invalid mass","No results","No results",NA,NA,NA,NA
"Com_24345_pos","Abametapir","C12 H12 N2",184.10053,4.903,185.1078,"No results","No results","Full match","Organoheterocyclic compounds","Pyridines and derivatives","Bipyridines and oligopyridines","Bipyridines and oligopyridines"
"Com_24386_pos","5-Methyl-8-nitro-3-spirocyclohexyl-2,3,4,5-tetrahydro-1H-2-benzazepine","C16 H22 N2 O2",274.16941,6.379,275.17673,"Full match","No results","No results",NA,NA,NA,NA
"Com_24387_pos","Linustatin","C16 H27 N O11",426.18055,5.603,427.18802,"Invalid mass","No results","No results","Organic oxygen compounds","Organooxygen compounds","Carbohydrates and carbohydrate conjugates","Cyanogenic glycosides"
"Com_24403_pos","5-hydroxy-6,7-dimethoxy-2-phenyl-4H-chromen-4-one","C17 H14 O5",280.0748,5.829,281.08208,"Invalid mass","No results","No results",NA,NA,NA,NA
"Com_24406_neg","N-Acetyl-D-alloisoleucine","C8 H15 N O3",127.09927,5.606,126.0917,"Invalid mass","Invalid mass","No results","Organic acids and derivatives","Carboxylic acids and derivatives","Amino acids, peptides, and analogues","Isoleucine and derivatives"
"Com_2451_neg","Vanillyl mandelic acid","C9 H10 O5",198.0536,2.225,197.04632,"Full match","No results","Full match","Benzenoids","Phenols","Methoxyphenols","Methoxyphenols"
"Com_2453_neg","Kojic acid","C6 H6 O4",142.02683,4.82,141.01892,"No results","No results","Full match","Organoheterocyclic compounds","Pyrans","Pyranones and derivatives","Pyranones and derivatives"
"Com_24566_pos","Tetramethylpyrazine","C8 H12 N2",136.10065,4.859,137.10793,"Full match","No results","No results",NA,NA,NA,NA
"Com_24571_neg","N,5-Bis(3-(trifluoromethyl)phenyl)oxazol-2-amine","C17 H10 F6 N2 O",372.06514,1.605,371.05786,"Invalid mass","No results","No results","Organoheterocyclic compounds","Azoles","Oxazoles","Phenyl-1,3-oxazoles"
"Com_24591_pos","dAMP","C10 H14 N5 O6 P",331.06835,4.949,332.07563,"No results","No results","Full match","Nucleosides, nucleotides, and analogues","Purine nucleotides","Purine deoxyribonucleotides","Purine 2'-deoxyribonucleoside monophosphates"
"Com_24601_pos","2-Deoxyuridine","C9 H12 N2 O5",228.07571,1.613,229.08287,"No results","No results","Full match","Nucleosides, nucleotides, and analogues","Pyrimidine nucleosides","Pyrimidine 2'-deoxyribonucleosides","Pyrimidine 2'-deoxyribonucleosides"
"Com_24650_pos","N,N-Dimethyldecylamine N-oxide","C12 H27 N O",201.21006,6.176,202.21734,"Full match","No results","No results","Organic nitrogen compounds","Organonitrogen compounds","Aminoxides","Long-chain alkyl amine oxides"
"Com_2466_neg","Lipoic acid","C8 H14 O2 S2",206.04349,2.554,205.03621,"Full match","No results","Full match","Organoheterocyclic compounds","Dithiolanes","Lipoic acids and derivatives","Lipoic acids and derivatives"
"Com_2469_pos","D-Tagatose","C6 H12 O6",180.06615,5.759,181.07343,"No results","Invalid mass","No results","Organic oxygen compounds","Organooxygen compounds","Carbohydrates and carbohydrate conjugates","Monosaccharides"
"Com_246_pos","P-Aminohippuric Acid","C9 H10 N2 O3",194.07009,5.014,195.07737,"No results","No results","Full match","Benzenoids","Benzene and substituted derivatives","Benzoic acids and derivatives","Hippuric acids"
"Com_24767_neg","albiflorin","C23 H28 O11",526.16627,5.537,525.159,"Invalid mass","No results","No results","Lipids and lipid-like molecules","Prenol lipids","Terpene glycosides","Terpene glycosides"
"Com_24777_pos","Cortodoxone","C21 H30 O4",346.21574,5.602,347.22304,"No results","No results","Full match","Lipids and lipid-like molecules","Steroids and steroid derivatives","Hydroxysteroids","21-hydroxysteroids"
"Com_24868_neg","Kaempferitrin","C27 H30 O14",578.16784,6.271,577.16057,"Invalid mass","No results","No results","Phenylpropanoids and polyketides","Flavonoids","Flavonoid glycosides","Flavonoid-7-O-glycosides"
"Com_24892_pos","UR-144 N-(2-hydroxypentyl) metabolite","C21 H29 N O2",327.21684,4.995,328.22412,"Invalid mass","No results","No results","Organoheterocyclic compounds","Indoles and derivatives","N-alkylindoles","N-alkylindoles"
"Com_24899_pos","3-[3,5-bis(trifluoromethyl)phenyl]-N'-hydroxyprop-2-enimidamide","C11 H8 F6 N2 O",280.04313,5.87,281.05023,"Invalid mass","No results","No results",NA,NA,NA,NA
"Com_24903_pos","octadec-9-ynoic acid","C18 H32 O2",262.23081,7.062,263.23811,"Invalid mass","No results","No results",NA,NA,NA,NA
"Com_2491_pos","2-Methoxyestrone","C19 H24 O3",300.17398,6.267,301.18128,"Full match","No results","Full match","Lipids and lipid-like molecules","Steroids and steroid derivatives","Estrane steroids","Estrogens and derivatives"
"Com_25002_pos","methyl 6-{[4-(trifluoromethyl)anilino]carbonyl}nicotinate","C15 H11 F3 N2 O3",306.05951,4.697,307.06678,"Invalid mass","No results","No results",NA,NA,NA,NA
"Com_2500_pos","Riboflavin-5-phosphate","C17 H21 N4 O9 P",456.10565,5.708,457.11293,"No results","No results","Full match","Nucleosides, nucleotides, and analogues","Flavin nucleotides","Not available","Flavin nucleotides"
"Com_25030_pos","Methandrostenolone","C20 H28 O2",300.20951,5.633,301.21739,"No results","No results","Full match","Lipids and lipid-like molecules","Steroids and steroid derivatives","Androstane steroids","Androgens and derivatives"
"Com_2504_pos","Hydrocodone","C18 H21 N O3",299.14939,2.762,300.15666,"Invalid mass","No results","No results","Alkaloids and derivatives","Morphinans","Not available","Morphinans"
"Com_25051_pos","ELK","C17 H32 N4 O6",388.2336,5.009,389.24082,"Full match","No results","No results",NA,NA,NA,NA
"Com_25079_pos","Eicosapentaenoic acid ethyl ester","C22 H34 O2",330.25733,6.953,331.26461,"Full match","No results","Full match","Lipids and lipid-like molecules","Fatty Acyls","Fatty acid esters","Fatty acid esters"
"Com_25091_neg","L-Ornithine","C5 H12 N2 O2",132.08965,1.32,131.08237,"No results","No results","Full match","Organic acids and derivatives","Carboxylic acids and derivatives","Amino acids, peptides, and analogues","L-alpha-amino acids"
"Com_25096_pos","L-Cysteine-glutathione gisulfide","C13 H22 N4 O8 S2",426.08923,1.377,427.09658,"No results","No results","Full match",NA,NA,NA,NA
"Com_2512_pos","2-[(3S)-1-Benzyl-3-pyrrolidinyl]-1,3-benzothiazole","C18 H18 N2 S",294.12093,4.73,333.08347,"Invalid mass","No results","No match","Organoheterocyclic compounds","Benzothiazoles","Not available","Benzothiazoles"
"Com_25212_pos","2-(3,4-dihydroxyphenyl)-3,5,7-trihydroxy-6-methyl-4H-chromen-4-one","C16 H12 O7",316.06005,6.029,317.06732,"Invalid mass","No results","No results",NA,NA,NA,NA
"Com_2526_pos","Nicotine","C10 H14 N2",162.11634,1.392,163.12362,"Full match","Full match","No results","Organoheterocyclic compounds","Pyridines and derivatives","Pyrrolidinylpyridines","Pyrrolidinylpyridines"
"Com_25271_neg","3,4-dihydro-2H,6H-[1,3]thiazino[2,3-b]quinazolin-6-one","C11 H10 N2 O S",218.04642,5.622,217.03914,"Invalid mass","No results","No results",NA,NA,NA,NA
"Com_25273_pos","2-chloro-6-(3,5-dimethyl-1H-pyrazol-1-yl)benzonitrile","C12 H10 Cl N3",231.05399,5.474,232.06126,"Invalid mass","No results","No results",NA,NA,NA,NA
"Com_25280_pos","4-[4-(2,5-dimethyl-1H-pyrrol-1-yl)phenyl]-6-fluoro-4-thiochromanol","C21 H20 F N O S",353.12818,5.557,354.13546,"Invalid mass","No results","No results",NA,NA,NA,NA
"Com_2535_neg","5-Hydroxyindole","C8 H7 N O",133.05217,5.169,132.0449,"Full match","No results","Full match","Organoheterocyclic compounds","Indoles and derivatives","Hydroxyindoles","Hydroxyindoles"
"Com_25377_neg","PE O-18:1_20:4","C43 H78 N O7 P",751.55695,10.858,750.54968,"No results","Invalid mass","No results",NA,NA,NA,NA
"Com_25410_neg","4-(beta-D-Glucopyranosyloxy)-2-methylenebutanoic acid","C11 H18 O8",278.10136,4.714,277.09408,"Full match","No results","No results",NA,NA,NA,NA
"Com_25411_pos","(2R,3S,4S,5R,6R)-2-(hydroxymethyl)-6-(propan-2-yloxy)oxane-3,4,5-triol","C9 H18 O6",244.09362,3.968,245.10089,"Invalid mass","No results","No results",NA,NA,NA,NA
"Com_25461_pos","2-{[2-oxo-2-(3-pyridylamino)ethyl]thio}acetic acid","C9 H10 N2 O3 S",248.02533,5.902,249.03261,"Invalid mass","No results","No results",NA,NA,NA,NA
"Com_25466_pos","PB-22 N-(4-Hydroxypentyl)-3-carboxyindole metabolite","C14 H17 N O3",247.1216,6.585,248.12888,"Full match","No results","No results","Organoheterocyclic compounds","Indoles and derivatives","Indolecarboxylic acids and derivatives","Indolecarboxylic acids and derivatives"
"Com_2549_pos","trans,trans-2,4-Heptadienal","C7 H10 O",110.0739,5.195,111.08121,"Invalid mass","No results","No results","Organic oxygen compounds","Organooxygen compounds","Carbonyl compounds","Medium-chain aldehydes"
"Com_25513_neg","Prostaglandin A2","C20 H30 O4",334.21623,6.893,333.20898,"Invalid mass","No results","No results","Lipids and lipid-like molecules","Fatty Acyls","Eicosanoids","Prostaglandins and related compounds"
"Com_25551_pos","4-(3-methyl-1-phenyl-1H-pyrazolo[3,4-b]quinolin-4-yl)morpholine","C21 H20 N4 O",344.16442,6.193,345.17169,"Full match","No results","No results",NA,NA,NA,NA
"Com_25554_pos","Bilirubin","C33 H36 N4 O6",584.26562,5.974,585.2729,"Full match","No results","Full match","Organoheterocyclic compounds","Tetrapyrroles and derivatives","Bilirubins","Bilirubins"
"Com_25556_neg","Ofloxacin impurity E","C17 H18 F N3 O4",393.12742,5.261,392.12015,"Invalid mass","No results","No results","Organoheterocyclic compounds","Quinolines and derivatives","Quinoline carboxylic acids","Quinoline carboxylic acids"
"Com_25562_pos","2-(4-chlorophenyl)-4-(methylthio)-6-(4-pyridyl)pyridine","C17 H13 Cl N2 S",312.04692,2.875,313.0542,"Invalid mass","No results","No results",NA,NA,NA,NA
"Com_25569_pos","(-)-Epigallocatechin","C15 H14 O7",306.07555,4.711,307.08286,"Invalid mass","Invalid mass","No results","Phenylpropanoids and polyketides","Flavonoids","Flavans","Epigallocatechins"
"Com_2557_pos","2-Chlorobenzophenone","C13 H9 Cl O",216.0353,6.156,217.04258,"Invalid mass","No results","No results","Benzenoids","Benzene and substituted derivatives","Benzophenones","Benzophenones"
"Com_2558_neg","Epinephrine","C9 H13 N O3",183.08985,5.599,182.08259,"Full match","No results","Full match","Benzenoids","Phenols","Benzenediols","Catechols"
"Com_2558_pos","Dithranol","C14 H10 O3",226.06189,5.973,227.06917,"No results","No results","Full match","Benzenoids","Anthracenes","Not available","Anthracenes"
"Com_25606_pos","4-[4-phenyl-3,6-dihydro-1(2H)-pyridinyl]butanoic acid hydrochloride","C15 H19 N O2",267.12273,1.989,268.13001,"Invalid mass","No results","No results",NA,NA,NA,NA
"Com_2560_pos","15-Deoxy-Δ12,14-prostaglandin A1","C20 H30 O3",300.21029,7.09,301.21757,"Invalid mass","No match","No match","Lipids and lipid-like molecules","Fatty Acyls","Eicosanoids","Prostaglandins and related compounds"
"Com_25626_pos","3-[5-(benzylthio)-4-methyl-4H-1,2,4-triazol-3-yl]-5-oct-1-ynylpyridine","C23 H26 N4 S",390.18841,5.448,391.19569,"Full match","No results","No results",NA,NA,NA,NA
"Com_25636_pos","Undecanedioic acid","C11 H20 O4",216.13724,6.019,217.14449,"No results","No results","Full match","Lipids and lipid-like molecules","Fatty Acyls","Fatty acids and conjugates","Medium-chain fatty acids"
"Com_25730_neg","N-acetyl-D-glucosamine","C8 H15 N O6",221.09099,1.345,220.08339,"No results","No results","Full match","Organic oxygen compounds","Organooxygen compounds","Carbohydrates and carbohydrate conjugates","Acylaminosugars"
"Com_25733_pos","Cryptotanshinone","C19 H20 O3",296.1429,7.53,297.15016,"Invalid mass","No results","No results","Lipids and lipid-like molecules","Prenol lipids","Diterpenoids","Tanshinones, isotanshinones, and derivatives"
"Com_25764_pos","DY131","C18 H21 N3 O2",311.1647,5.334,312.17198,"No results","No results","Full match","Benzenoids","Benzene and substituted derivatives","Benzoic acids and derivatives","Benzoic acids and derivatives"
"Com_25781_pos","Betaine","C5 H11 N O2",117.0798,0.591,118.08707,"Invalid mass","Invalid mass","No results","Organic acids and derivatives","Carboxylic acids and derivatives","Amino acids, peptides, and analogues","Alpha amino acids"
"Com_25790_neg","Xanthohumol","C21 H22 O5",354.14432,5.234,353.13705,"Invalid mass","No results","No results","Phenylpropanoids and polyketides","Linear 1,3-diarylpropanoids","Chalcones and dihydrochalcones","3-prenylated chalcones"
"Com_257_neg","4,6-dimethyl-2-(methylamino)-5-nitronicotinonitrile","C9 H10 N4 O2",206.07949,5.348,205.07219,"Full match","No results","No results",NA,NA,NA,NA
"Com_25816_pos","PPH","C16 H23 N5 O4",371.16112,5.332,372.1684,"Invalid mass","No results","No results",NA,NA,NA,NA
"Com_2582_neg","Levodopa","C9 H11 N O4",197.06935,1.571,196.06206,"No results","No results","Full match","None","None","None","None"
"Com_25871_neg","LPE O-16:1","C21 H44 N O6 P",437.29351,9.622,436.28624,"No results","Invalid mass","No results",NA,NA,NA,NA
"Com_25880_pos","Lysopc 18:2","C26 H50 N O7 P",519.33336,6.554,520.34064,"No results","No results","Full match","Lipids and lipid-like molecules","Glycerophospholipids","Glycerophosphocholines","Phosphocholines"
"Com_25900_pos","3-(3,4-dimethylphenyl)-3,4-dihydro-1,2,3-benzotriazin-4-one","C15 H13 N3 O",268.13231,5.337,269.13941,"Invalid mass","No results","No results",NA,NA,NA,NA
"Com_25930_neg","1-(2,4-dihydroxyphenyl)-2-(3,5-dimethoxyphenyl)propan-1-one","C17 H18 O5",302.11719,5.755,301.10991,"Invalid mass","No results","No results",NA,NA,NA,NA
"Com_25934_pos","2-[(3,4-dimethylthieno[2,3-b]thiophen-2-yl)methylidene]malononitrile","C12 H8 N2 S2",261.03938,5.645,262.04666,"Invalid mass","No results","No match",NA,NA,NA,NA
"Com_2593_neg","8-iso-15-keto Prostaglandin F2α","C20 H32 O5",388.19416,5.991,387.18689,"Invalid mass","No results","No results","Lipids and lipid-like molecules","Fatty Acyls","Eicosanoids","Prostaglandins and related compounds"
"Com_2594_pos","Kuromanin","C21 H20 O11",205.07362,5.722,449.10988,"Invalid mass","No results","No match","Phenylpropanoids and polyketides","Flavonoids","Flavonoid glycosides","Anthocyanidin-3-O-glycosides"
"Com_26037_pos","L-Cystathionine","C7 H14 N2 O4 S",222.06479,2.244,223.07207,"Invalid mass","No results","No results","Organic acids and derivatives","Carboxylic acids and derivatives","Amino acids, peptides, and analogues","L-cysteine-S-conjugates"
"Com_26067_pos","4-Aminoindole","C8 H8 N2",132.06929,5.412,133.07679,"No results","No results","Full match","Organoheterocyclic compounds","Indoles and derivatives","Indoles","Indoles"
"Com_26070_pos","1-benzyl-3-butyl-4-hydroxy-6-phenylpyridin-2(1H)-one","C22 H23 N O2",355.14658,5.661,356.15385,"Invalid mass","No results","No results",NA,NA,NA,NA
"Com_2608_pos","Cuminaldehyde","C10 H12 O",148.08955,5.599,149.09687,"Full match","No results","No results","Lipids and lipid-like molecules","Prenol lipids","Monoterpenoids","Aromatic monoterpenoids"
"Com_26130_pos","Rauwolscine","C21 H26 N2 O3",354.19678,5.464,355.20406,"Invalid mass","No results","No results","Alkaloids and derivatives","Yohimbine alkaloids","Not available","Yohimbine alkaloids"
"Com_26137_pos","6-methoxy-4-(trifluoromethyl)nicotinamide","C8 H7 F3 N2 O2",258.00124,6.364,259.00851,"Invalid mass","No results","No results",NA,NA,NA,NA
"Com_26142_pos","3-amino-2,6-diphenyl-4,7-dihydro-2H-pyrazolo[3,4-d]pyrimidin-4-one","C17 H13 N5 O",303.11495,1.863,304.12222,"Invalid mass","No results","No results",NA,NA,NA,NA
"Com_26186_pos","N1-methyl-2-[imino(2-pyridyl)methyl]hydrazine-1-carboxamide","C8 H11 N5 O",193.09743,2.208,194.1047,"Invalid mass","No results","No results",NA,NA,NA,NA
"Com_26224_pos","Alachlor","C14 H20 Cl N O2",269.11814,5.499,270.12542,"Full match","No results","No results","Benzenoids","Benzene and substituted derivatives","Anilides","Anilides"
"Com_26262_pos","TMH","C15 H25 N5 O5 S",409.13912,5.169,410.14639,"Invalid mass","No results","No results",NA,NA,NA,NA
"Com_2626_neg","Δ17-6-keto prostaglandin F1α","C20 H32 O6",368.22161,5.86,367.21431,"Full match","No results","Full match","Lipids and lipid-like molecules","Fatty Acyls","Eicosanoids","Prostaglandins and related compounds"
"Com_26301_neg","LPC 16:0","C24 H50 N O7 P",541.34148,9.234,540.3342,"No results","Invalid mass","No results","Lipids and lipid-like molecules","Glycerophospholipids","Glycerophosphocholines","Phosphocholines"
"Com_26331_pos","(3S,9aS)-3-benzyl-octahydro-1H-pyrido[1,2-a]pyrazin-1-one","C15 H20 N2 O",266.13881,2.298,267.14609,"Invalid mass","No results","No results",NA,NA,NA,NA
"Com_26349_neg","8-iso Prostaglandin A2","C20 H30 O4",370.18303,6.747,369.17575,"Invalid mass","No results","No results","Lipids and lipid-like molecules","Fatty Acyls","Eicosanoids","Prostaglandins and related compounds"
"Com_26356_pos","Phloretin","C15 H14 O5",274.08534,5.87,275.09264,"Full match","Full match","No results","Phenylpropanoids and polyketides","Linear 1,3-diarylpropanoids","Chalcones and dihydrochalcones","2'-Hydroxy-dihydrochalcones"
"Com_2636_pos","Etiocholanolone","C19 H30 O2",272.21516,6.963,273.22244,"Invalid mass","No results","No results","Lipids and lipid-like molecules","Steroids and steroid derivatives","Androstane steroids","Androgens and derivatives"
"Com_26377_pos","3,3-dimethyl-5-oxo-5-(2-piperidinoanilino)pentanoic acid","C18 H26 N2 O3",318.19911,6.789,319.20639,"Invalid mass","No results","No results",NA,NA,NA,NA
"Com_2642_neg","Eugenol","C10 H12 O2",164.08377,5.768,163.07646,"Full match","No results","Full match","Benzenoids","Phenols","Methoxyphenols","Methoxyphenols"
"Com_2643_neg","Oxoadipic Acid","C6 H8 O5",160.03785,2.644,319.06879,"No results","No results","Full match","Organic acids and derivatives","Keto acids and derivatives","Medium-chain keto acids and derivatives","Medium-chain keto acids and derivatives"
"Com_2647_neg","Geniposidic acid","C16 H22 O10",374.12343,1.603,373.11615,"Invalid mass","No results","No results","Lipids and lipid-like molecules","Prenol lipids","Terpene glycosides","Iridoid O-glycosides"
"Com_2649_pos","Pyridoxal","C8 H9 N O3",167.05881,2.624,168.06609,"Full match","No results","No results","Organoheterocyclic compounds","Pyridines and derivatives","Pyridine carboxaldehydes","Pyridoxals and derivatives"
"Com_264_pos","Scutellarin","C21 H18 O12",462.08571,5.914,463.09295,"Invalid mass","No results","No results","Phenylpropanoids and polyketides","Flavonoids","Flavonoid glycosides","Flavonoid-7-O-glucuronides"
"Com_26521_pos","3-(4-chloro-1-methyl-1H-pyrazol-3-yl)-2-(2-furylcarbonyl)acrylonitrile","C12 H8 Cl N3 O2",261.02631,3.089,262.03359,"Invalid mass","No results","No results",NA,NA,NA,NA
"Com_2655_neg","N-Tigloylglycine","C7 H11 N O3",157.07381,5.255,156.06653,"Full match","No results","No results","Organic acids and derivatives","Carboxylic acids and derivatives","Amino acids, peptides, and analogues","N-acyl-alpha amino acids"
"Com_26566_pos","3-(4-nitrophenyl)[1,2,3]triazolo[1,5-a]quinazolin-5-amine","C15 H10 N6 O2",306.0868,5.157,307.09408,"Full match","No results","No results",NA,NA,NA,NA
"Com_26602_pos","2-{4-[(trifluoromethyl)thio]phenoxy}ethanohydrazide","C9 H9 F3 N2 O2 S",266.03314,1.207,267.04029,"Full match","No results","No results",NA,NA,NA,NA
"Com_26603_pos","2-({[2,6-bis(phenylthio)pyridin-3-yl]imino}methyl)phenol","C24 H18 N2 O S2",414.09459,5.256,415.10186,"Invalid mass","No results","No results",NA,NA,NA,NA
"Com_26606_neg","7-amino-9-(4-chlorophenyl)-6-oxo-6H-benzo[c]chromene-8-carbonitrile","C20 H11 Cl N2 O2",346.05583,5.134,345.04855,"Invalid mass","No results","No results",NA,NA,NA,NA
"Com_26663_pos","(12Z)-9,10,11-trihydroxyoctadec-12-enoic acid","C18 H34 O5",352.22527,5.932,353.23255,"Invalid mass","No results","No match",NA,NA,NA,NA
"Com_26698_pos","7-Methoxyflavone","C16 H12 O3",504.16303,5.944,505.17031,"Invalid mass","No results","No results","Phenylpropanoids and polyketides","Flavonoids","O-methylated flavonoids","7-O-methylated flavonoids"
"Com_2671_pos","N-acetyl-L-ornithine","C7 H14 N2 O3",174.10122,1.833,175.1085,"No results","No results","Full match","Organic acids and derivatives","Carboxylic acids and derivatives","Amino acids, peptides, and analogues","N-acyl-L-alpha-amino acids"
"Com_26722_pos","Sulfamethazine","C12 H14 N4 O2 S",139.04333,6.403,140.05024,"Invalid mass","No results","No results","Benzenoids","Benzene and substituted derivatives","Benzenesulfonamides","Aminobenzenesulfonamides"
"Com_26730_pos","Bialaphos","C11 H22 N3 O6 P",323.1282,5.2,324.13548,"Invalid mass","No results","No results","Organic acids and derivatives","Carboxylic acids and derivatives","Amino acids, peptides, and analogues","Peptides"
"Com_26735_pos","Ala-trp","C14 H17 N3 O3",275.12819,5.289,276.13553,"No results","No results","Full match","Organic acids and derivatives","Carboxylic acids and derivatives","Amino acids, peptides, and analogues","Dipeptides"
"Com_26741_pos","7-(3,4-dihydroxyphenyl)-5-hydroxy-1-(4-hydroxyphenyl)heptan-3-one","C19 H22 O5",352.13066,5.247,353.13794,"Invalid mass","No results","No results",NA,NA,NA,NA
"Com_267_neg","Gluconic acid","C6 H12 O7",196.05868,1.306,195.05141,"Full match","Full match","Full match","Organic oxygen compounds","Organooxygen compounds","Carbohydrates and carbohydrate conjugates","Sugar acids and derivatives"
"Com_26802_pos","4-(tert-butyl)phenyl 3,5-dimethylisoxazole-4-carboxylate","C16 H19 N O3",256.11206,5.774,257.11929,"Invalid mass","No results","No results",NA,NA,NA,NA
"Com_26808_neg","Acetylcarnitine","C9 H17 N O4",203.11633,5.309,202.10908,"No results","No results","Full match","Lipids and lipid-like molecules","Fatty Acyls","Fatty acid esters","Acyl carnitines"
"Com_2686_pos","Noroxymorphone","C16 H17 N O4",287.11995,5.831,288.12725,"Invalid mass","No results","No results","Benzenoids","Phenanthrenes and derivatives","Not available","Phenanthrenes and derivatives"
"Com_2689_neg","Catechol","C6 H6 O2",110.03632,4.59,109.02905,"Full match","Full match","Full match","Benzenoids","Phenols","Benzenediols","Catechols"
"Com_26902_pos","CAR 11:0","C18 H36 N O4",156.11549,6.309,157.123,"No results","Invalid mass","No match",NA,NA,NA,NA
"Com_2691_pos","6-(3-hydroxybutan-2-yl)-5-(hydroxymethyl)-4-methoxy-2H-pyran-2-one","C11 H16 O5",210.09024,5.687,211.09755,"Invalid mass","No results","No results",NA,NA,NA,NA
"Com_26924_neg","4-phenylbenzo[4,5]imidazo[1,2-a]pyrimidin-2-amine","C16 H12 N4",260.10638,5.804,259.09911,"Full match","No results","No results",NA,NA,NA,NA
"Com_2696_neg","2-Hydroxy-3-methylbutanoic acid","C5 H10 O3",118.06264,3.525,117.05536,"No results","No results","Full match","Lipids and lipid-like molecules","Fatty Acyls","Fatty acids and conjugates","Hydroxy fatty acids"
"Com_26999_pos","7-(2-hydroxypropan-2-yl)-1,4a-dimethyl-decahydronaphthalen-1-ol","C15 H28 O2",222.19917,7.003,223.20647,"Invalid mass","No results","No results",NA,NA,NA,NA
"Com_27038_neg","N,6-diphenylthieno[2,3-d]pyrimidin-4-amine","C18 H13 N3 S",303.07948,5.784,302.0722,"Invalid mass","No results","No results",NA,NA,NA,NA
"Com_2706_neg","Geranylgeranyl pyrophosphate","C20 H36 O7 P2",450.19195,6.23,449.18467,"Full match","No results","No results","Lipids and lipid-like molecules","Prenol lipids","Diterpenoids","Acyclic diterpenoids"
"Com_27071_pos","4-(Diethylamino)salicylaldehyde","C11 H15 N O2",193.11124,1.575,194.11853,"Full match","No results","No results",NA,NA,NA,NA
"Com_27119_pos","N-(2,5-diethoxy-4-morpholinophenyl)-4-methoxybenzenesulfonamide","C21 H28 N2 O6 S",436.16997,6.472,437.17725,"Invalid mass","No results","No results",NA,NA,NA,NA
"Com_2720_neg","3-[(methoxycarbonyl)amino]-2,2,3-trimethylbutanoic acid","C9 H17 N O4",203.11626,5.693,202.10908,"Full match","No results","Full match",NA,NA,NA,NA
"Com_27339_neg","SDB-006 N-phenyl analog","C20 H22 N2 O",260.16449,6.364,259.15684,"Invalid mass","No results","No results","Benzenoids","Benzene and substituted derivatives","Anilides","Aromatic anilides"
"Com_2736_neg","2,5-Dihydroxybenzaldehyde","C7 H6 O3",138.03133,3.89,137.02406,"Full match","No results","Full match","Organic oxygen compounds","Organooxygen compounds","Carbonyl compounds","Hydroxybenzaldehydes"
"Com_2738_pos","morpholino(quinolin-6-yl)methanone","C14 H14 N2 O2",242.10684,5.358,243.11397,"Invalid mass","No results","No results",NA,NA,NA,NA
"Com_27421_pos","3-(5,7-dimethoxy-4-oxo-4H-chromen-2-yl)propanoic acid","C14 H14 O6",278.07732,4.694,279.08459,"Invalid mass","No results","No results",NA,NA,NA,NA
"Com_27424_pos","7-{[(2E)-3,7-dimethylocta-2,6-dien-1-yl]oxy}-2H-chromen-2-one","C19 H22 O3",298.15597,6.983,299.16324,"Full match","No results","No results",NA,NA,NA,NA
"Com_27454_neg","Deoxyadenosine","C10 H13 N5 O3",251.10107,5.504,250.0938,"No results","No results","Full match","Nucleosides, nucleotides, and analogues","Purine nucleosides","Purine 2'-deoxyribonucleosides","Purine 2'-deoxyribonucleosides"
"Com_27461_neg","N-{5-[(dimethylamino)sulfonyl]-2-methylphenyl}cyclohexanecarboxamide","C16 H24 N2 O3 S",324.15655,6.499,323.14927,"Invalid mass","No results","No results",NA,NA,NA,NA
"Com_27474_neg","Aminomalonic acid","C3 H5 N O4",119.02128,1.385,118.014,"No results","No results","Full match","Organic acids and derivatives","Carboxylic acids and derivatives","Amino acids, peptides, and analogues","Alpha amino acids"
"Com_27492_neg","β-Estradiol 3,17-disulfate","C18 H24 O8 S2",432.08595,5.2,431.07867,"Invalid mass","No results","No results","Lipids and lipid-like molecules","Steroids and steroid derivatives","Sulfated steroids","Sulfated steroids"
"Com_2751_neg","2,2-Bis(hydroxymethyl)propionic acid","C5 H10 O4",134.05763,1.564,133.05035,"Full match","No results","No results","Organic acids and derivatives","Hydroxy acids and derivatives","Beta hydroxy acids and derivatives","Beta hydroxy acids and derivatives"
"Com_27525_pos","3-Hydroxy-3-methylbutanoic acid","C5 H10 O3",118.05372,1.627,275.0709,"Invalid mass","No results","No results","Lipids and lipid-like molecules","Fatty Acyls","Fatty acids and conjugates","Hydroxy fatty acids"
"Com_27526_pos","3-Methoxyflavone","C16 H12 O3",274.06352,1.622,275.07077,"Invalid mass","No results","No results","Phenylpropanoids and polyketides","Flavonoids","O-methylated flavonoids","3-O-methylated flavonoids"
"Com_27527_pos","3,5-di(2-furylmethylidene)tetrahydro-2H-pyran-4-one","C15 H12 O4",256.0725,5.961,257.07978,"Full match","No results","No results",NA,NA,NA,NA
"Com_2752_neg","D-Xylitol","C5 H12 O5",152.06791,1.523,133.05004,"No results","Full match","Full match","Organic oxygen compounds","Organooxygen compounds","Carbohydrates and carbohydrate conjugates","Sugar alcohols"
"Com_2755_pos","4-(4-chlorophenyl)-2-(3-pyridyl)-1,3-thiazole hydrobromide","C14 H9 Cl N2 S",272.01703,5.935,273.02431,"Full match","No results","No results",NA,NA,NA,NA
"Com_27569_pos","2-Methylbutyroylcarnitine","C12 H23 N O4",245.16287,5.569,246.17015,"No results","No results","Full match","Lipids and lipid-like molecules","Fatty Acyls","Fatty acid esters","Acyl carnitines"
"Com_27621_pos","2-morpholinophenyl 1-methyl-1H-imidazole-4-sulfonate","C14 H17 N3 O4 S",323.09212,5.865,324.0994,"Invalid mass","No results","No results",NA,NA,NA,NA
"Com_27635_pos","MPH","C16 H25 N5 O4 S",383.1595,4.898,384.16677,"Invalid mass","No results","No results",NA,NA,NA,NA
"Com_2763_neg","Benzyl 6-O-beta-D-glucopyranosyl-beta-D-glucopyranoside","C19 H28 O11",478.17188,6.327,238.07868,"Invalid mass","No results","No results",NA,NA,NA,NA
"Com_27662_pos","9-Aminoacridine","C13 H10 N2",194.08508,5.915,195.09236,"No results","No results","Full match","Organoheterocyclic compounds","Quinolines and derivatives","Benzoquinolines","Acridines"
"Com_27698_pos","Maltotetraose","C24 H42 O21",688.20587,1.354,689.21315,"Invalid mass","No results","No results","Organic oxygen compounds","Organooxygen compounds","Carbohydrates and carbohydrate conjugates","Oligosaccharides"
"Com_276_pos","2-Methoxyresorcinol","C7 H8 O3",118.06599,5.161,141.05516,"Invalid mass","No results","No results","Benzenoids","Phenols","Methoxyphenols","Methoxyphenols"
"Com_27708_pos","L-Glutathione (reduced)","C10 H17 N3 O6 S",307.08506,1.64,308.09221,"Full match","Full match","Full match","Organic acids and derivatives","Carboxylic acids and derivatives","Amino acids, peptides, and analogues","Peptides"
"Com_27730_pos","Dl-Lanthionine","C6 H12 N2 O4 S",208.05254,5.574,209.05982,"No results","No results","Full match","Organic acids and derivatives","Carboxylic acids and derivatives","Amino acids, peptides, and analogues","Cysteine and derivatives"
"Com_27734_pos","1-[3-(trifluoromethyl)-2-pyridyl]imidazolidine-2-thione","C9 H8 F3 N3 S",247.04132,5.996,248.04859,"Invalid mass","No results","No results",NA,NA,NA,NA
"Com_2778_pos","Omeprazole sulphone","C17 H19 N3 O4 S",361.11174,5.758,362.11901,"Invalid mass","No results","No results","Organoheterocyclic compounds","Benzimidazoles","Sulfinylbenzimidazoles","Sulfinylbenzimidazoles"
"Com_27796_neg","4-Hydroxy-2-Oxoglutaric Acid","C5 H6 O6",162.01686,1.349,161.00934,"No results","No results","Full match","Organic acids and derivatives","Keto acids and derivatives","Gamma-keto acids and derivatives","Gamma-keto acids and derivatives"
"Com_27832_neg","Cannabichromevarin","C19 H26 O2",286.19525,6.476,285.18735,"Invalid mass","No results","No results","Organoheterocyclic compounds","Benzopyrans","1-benzopyrans","1-benzopyrans"
"Com_2784_pos","Cnidioside A","C17 H20 O9",390.09498,5.48,391.1022,"Invalid mass","No results","No results",NA,NA,NA,NA
"Com_27889_pos","2-[(2-chlorobenzyl)sulfanyl]-4,6-dimethylnicotinonitrile","C15 H13 Cl N2 S",310.03099,2.319,311.03827,"Invalid mass","No results","No results",NA,NA,NA,NA
"Com_27899_pos","(2R,3S,4S,5R,6S)-2-(hydroxymethyl)-6-phenoxyoxane-3,4,5-triol","C12 H16 O6",273.12259,5.601,274.12987,"Invalid mass","No results","No results",NA,NA,NA,NA
"Com_27927_pos","Ochratoxin A","C20 H18 Cl N O6",403.07729,4.646,404.08456,"Invalid mass","No results","No results","Phenylpropanoids and polyketides","Ochratoxins and related substances","Not available","Ochratoxins and related substances"
"Com_27936_pos","Gedunin","C28 H34 O7",482.23032,8.006,483.23761,"Full match","No results","No results","Lipids and lipid-like molecules","Prenol lipids","Triterpenoids","Limonoids"
"Com_27945_pos","3-(methylsulfonyl)-2H-chromen-2-one","C10 H8 O4 S",245.99482,5.702,247.00209,"Invalid mass","No results","No results",NA,NA,NA,NA
"Com_27961_neg","tetranor-PGFM","C16 H26 O7",156.07933,5.634,155.07137,"Invalid mass","No results","No results","Lipids and lipid-like molecules","Fatty Acyls","Eicosanoids","Prostaglandins and related compounds"
"Com_2796_neg","Rosuvastatin","C22 H28 F N3 O6 S",481.17111,6.088,480.16383,"Invalid mass","No results","No results","Organoheterocyclic compounds","Diazines","Pyrimidines and pyrimidine derivatives","Phenylpyrimidines"
"Com_27995_pos","PC 18:0_18:1","C44 H86 N O8 P",787.61351,10.003,788.62079,"No results","Invalid mass","No results",NA,NA,NA,NA
"Com_2803_pos","N,N-Dimethylaniline","C8 H11 N",121.08987,6.14,122.09714,"Invalid mass","Invalid mass","No results","Organic nitrogen compounds","Organonitrogen compounds","Amines","Dialkylarylamines"
"Com_2805_pos","2-oxo-1-phenyl-1,2-dihydroquinolin-4-yl benzoate","C22 H15 N O3",341.10454,5.568,342.11186,"Full match","No results","No results",NA,NA,NA,NA
"Com_28071_pos","1-(4-nitrophenyl)-1H-indole","C14 H10 N2 O2",238.07311,5.91,239.08038,"Full match","No results","No results",NA,NA,NA,NA
"Com_28163_pos","1-(4-methyl-2-morpholino-1,3-thiazol-5-yl)ethan-1-one","C10 H14 N2 O2 S",226.07473,6.123,227.08235,"Invalid mass","No results","No results",NA,NA,NA,NA
"Com_28166_pos","Carbadox","C11 H10 N4 O4",262.06774,1.284,263.07501,"Invalid mass","No results","No results","Organoheterocyclic compounds","Diazanaphthalenes","Benzodiazines","Quinoxalines"
"Com_28191_pos","Acarbose","C25 H43 N O18",645.2504,1.388,646.25768,"No results","Full match","No results","Organic oxygen compounds","Organooxygen compounds","Carbohydrates and carbohydrate conjugates","Aminocyclitol glycosides"
"Com_28236_neg","Thymidine 5'-monophosphate","C10 H15 N2 O8 P",322.05897,1.553,321.0517,"Invalid mass","No results","No results","Nucleosides, nucleotides, and analogues","Pyrimidine nucleotides","Pyrimidine deoxyribonucleotides","Pyrimidine 2'-deoxyribonucleoside monophosphates"
"Com_28243_pos","9-chloro-12H-benzo[5,6][1,4]thiazino[2,3-b]quinoxaline","C14 H8 Cl N3 S",285.01213,6.313,286.01941,"Full match","No results","No results",NA,NA,NA,NA
"Com_28244_neg","Tetradecanedioic acid","C14 H26 O4",258.18468,7.293,257.17741,"Invalid mass","No results","No results","Lipids and lipid-like molecules","Fatty Acyls","Fatty acids and conjugates","Long-chain fatty acids"
"Com_28299_pos","U-47700-d6","C16 H16 [2]H6 Cl2 N2 O",167.07296,5.508,168.0816,"Invalid mass","No results","No results",NA,NA,NA,NA
"Com_28300_pos","2-Linoleoyl glycerol","C21 H38 O4",336.26583,8.827,337.2731,"Invalid mass","No results","No results","Lipids and lipid-like molecules","Fatty Acyls","Lineolic acids and derivatives","Lineolic acids and derivatives"
"Com_28307_pos","4-(1H-pyrazol-1-yl)-N,N-bis(2-pyridinylmethyl)benzenesulfonamide","C21 H19 N5 O2 S",405.12652,1.357,406.1338,"Full match","No results","No results",NA,NA,NA,NA
"Com_28310_neg","Jasmonic acid","C12 H18 O3",210.12602,6.724,209.11874,"Full match","No results","No results","Lipids and lipid-like molecules","Fatty Acyls","Lineolic acids and derivatives","Jasmonic acids"
"Com_28313_neg","Sulfamethoxazole","C10 H11 N3 O3 S",253.05529,6.09,252.04801,"Invalid mass","No results","No results","Benzenoids","Benzene and substituted derivatives","Benzenesulfonamides","Aminobenzenesulfonamides"
"Com_2837_neg","Ribitol","C5 H12 O5",152.06755,6.347,151.06038,"No results","Invalid mass","No results","Organic oxygen compounds","Organooxygen compounds","Carbohydrates and carbohydrate conjugates","Sugar alcohols"
"Com_28383_neg","15-Deoxy-Δ12,14-prostaglandin D2","C20 H30 O4",316.20564,7.049,315.19836,"Invalid mass","No results","No results","Lipids and lipid-like molecules","Fatty Acyls","Eicosanoids","Prostaglandins and related compounds"
"Com_283_neg","trans-Aconitic acid","C6 H6 O6",174.0165,1.543,173.00923,"Full match","Full match","Full match","Organic acids and derivatives","Carboxylic acids and derivatives","Tricarboxylic acids and derivatives","Tricarboxylic acids and derivatives"
"Com_2842_pos","5-methoxy-2-phenyl-4H-chromen-4-one","C16 H12 O3",290.02766,6.353,273.0243,"Invalid mass","No results","No results",NA,NA,NA,NA
"Com_28435_pos","2-(3,4-dihydroxyphenyl)acetamide","C8 H9 N O3",189.04303,5.522,190.05031,"Invalid mass","No results","No match",NA,NA,NA,NA
"Com_28506_neg","Stachyose","C24 H42 O21",666.22572,1.364,665.21854,"No results","Invalid mass","No results","Organic oxygen compounds","Organooxygen compounds","Carbohydrates and carbohydrate conjugates","Oligosaccharides"
"Com_28542_pos","2-hydroxy-6-[(8Z,11Z)-pentadeca-8,11,14-trien-1-yl]benzoic acid","C22 H30 O3",324.20998,6.453,325.21725,"Invalid mass","No results","No results",NA,NA,NA,NA
"Com_28571_neg","α-D-Glucose-1,6-bisphosphate","C6 H14 O12 P2",339.99772,1.167,338.99045,"Full match","No results","Full match","Organic oxygen compounds","Organooxygen compounds","Carbohydrates and carbohydrate conjugates","Hexose phosphates"
"Com_2858_pos","9-Oxo-ODE","C18 H30 O3",294.22062,6.199,295.22791,"Full match","No results","Full match","Lipids and lipid-like molecules","Fatty Acyls","Lineolic acids and derivatives","Lineolic acids and derivatives"
"Com_285_neg","6-Methoxy-2-naphthoic acid","C12 H10 O3",202.06342,5.402,201.05614,"No results","No results","Full match","Benzenoids","Naphthalenes","Naphthalenecarboxylic acids and derivatives","Naphthalenecarboxylic acids"
"Com_285_pos","DL-Carnitine","C7 H15 N O3",161.1059,1.313,162.11318,"Full match","Full match","Full match","Organic nitrogen compounds","Organonitrogen compounds","Quaternary ammonium salts","Carnitines"
"Com_28606_pos","N1-(2-amino-2-oxoethyl)-2-(isopropylthio)acetamide","C7 H14 N2 O2 S",190.07512,3.943,191.0824,"Invalid mass","No results","No results",NA,NA,NA,NA
"Com_28608_pos","N-[2-(2-oxo-1-imidazolidinyl)ethyl]-2,1,3-benzoxadiazole-4-sulfonamide","C11 H13 N5 O4 S",311.0667,5.137,312.07397,"Invalid mass","No results","No results",NA,NA,NA,NA
"Com_2864_neg","p-Hydroxybenzaldehyde","C7 H6 O2",122.03641,6.059,121.02913,"No results","No results","Full match","Organic oxygen compounds","Organooxygen compounds","Carbonyl compounds","Hydroxybenzaldehydes"
"Com_28654_pos","N1-[2-oxo-6-(1H-pyrrol-1-yl)-2H-chromen-3-yl]acetamide","C15 H12 N2 O3",268.08565,5.44,269.09293,"Full match","No results","No results",NA,NA,NA,NA
"Com_28655_pos","1-[2-(2,6-dichlorobenzyl)-2H-1,2,3,4-tetraazol-5-yl]piperidine","C13 H15 Cl2 N5",311.07246,6.447,312.07973,"Invalid mass","No results","No results",NA,NA,NA,NA
"Com_28664_pos","3-(2-methylpropyl)-octahydropyrrolo[1,2-a]pyrazine-1,4-dione","C11 H18 N2 O2",232.11444,6.169,255.10358,"Invalid mass","No results","No results",NA,NA,NA,NA
"Com_2871_neg","D-Saccharic acid","C6 H10 O8",210.03805,1.311,209.03077,"Full match","Full match","Full match","Organic oxygen compounds","Organooxygen compounds","Carbohydrates and carbohydrate conjugates","Glucuronic acid derivatives"
"Com_28732_neg","LPG 19:1","C25 H49 O9 P",524.31585,7.302,523.30858,"No results","Invalid mass","No results","Lipids and lipid-like molecules","Glycerophospholipids","Glycerophosphoglycerols","Phosphatidylglycerols"
"Com_28761_pos","N-(1,3-benzodioxol-5-yl)-7-chloroquinolin-4-amine","C16 H11 Cl N2 O2",298.04897,6.171,299.05625,"Invalid mass","No results","No results",NA,NA,NA,NA
"Com_28797_pos","Inosine","C10 H12 N4 O5",268.08191,3.266,291.07129,"Full match","Full match","Full match","Nucleosides, nucleotides, and analogues","Purine nucleosides","Not available","Purine nucleosides"
"Com_28820_pos","FMK","C20 H32 N4 O4 S",424.21018,6.958,425.21745,"Invalid mass","No results","No results",NA,NA,NA,NA
"Com_28826_pos","N-[2-chloro-6-(trifluoromethoxy)phenyl]-2,2-dimethylpropanamide","C12 H13 Cl F3 N O2",295.06039,1.239,296.06767,"Invalid mass","No results","No results",NA,NA,NA,NA
"Com_28865_pos","1,4-dihydroxy-1,4-dimethyl-7-(propan-2-ylidene)-decahydroazulen-6-one","C15 H24 O3",274.15603,6.636,275.16331,"Invalid mass","No results","No results",NA,NA,NA,NA
"Com_28890_pos","Fmoc-L-Isoleucine","C21 H23 N O4",353.16362,5.247,354.1709,"No results","No results","Full match","Organic acids and derivatives","Carboxylic acids and derivatives","Amino acids, peptides, and analogues","Isoleucine and derivatives"
"Com_28921_pos","NPH","C15 H22 N6 O5",388.14495,6.157,389.15222,"Invalid mass","No results","No results",NA,NA,NA,NA
"Com_28992_pos","Acetylvardenafil","C25 H34 N6 O3",932.54977,6.662,467.28196,"Invalid mass","No results","No results","Organic oxygen compounds","Organooxygen compounds","Carbonyl compounds","Alkyl-phenylketones"
"Com_29001_neg","5-Hydroxylysine","C6 H14 N2 O3",162.10064,1.113,161.09336,"Full match","No results","Full match","Organic acids and derivatives","Carboxylic acids and derivatives","Amino acids, peptides, and analogues","L-alpha-amino acids"
"Com_2903_pos","4-oxo-4-[(1-phenylethyl)amino]but-2-enoic acid","C12 H13 N O3",241.07222,5.931,242.07954,"Invalid mass","No results","No results",NA,NA,NA,NA
"Com_29066_pos","RNH","C16 H27 N9 O5",447.19136,2.99,448.19864,"Invalid mass","No results","No results",NA,NA,NA,NA
"Com_29075_pos","5-Methyluridine","C10 H14 N2 O6",258.08617,4.795,259.09345,"No results","Full match","Full match","Nucleosides, nucleotides, and analogues","Pyrimidine nucleosides","Not available","Pyrimidine nucleosides"
"Com_2911_pos","Acetophenone","C8 H8 O",120.05829,5.791,121.06556,"Invalid mass","Invalid mass","No results","Organic oxygen compounds","Organooxygen compounds","Carbonyl compounds","Alkyl-phenylketones"
"Com_2912_neg","2-(Dimethylamino)Guanosine","C12 H17 N5 O5",311.12437,4.966,310.11709,"No results","No results","Full match","None","None","None","None"
"Com_29142_pos","2-(tert-butyl)-6,7-dimethoxy-4H-3,1-benzoxazin-4-one","C14 H17 N O4",263.11654,4.988,264.12378,"Full match","No results","No results",NA,NA,NA,NA
"Com_29153_pos","2,4-dichloro-N-{2-[(2-furylmethyl)amino]-1-methyl-2-oxoethyl}benzamide","C15 H14 Cl2 N2 O3",340.04161,2.907,341.04889,"Invalid mass","No results","No results",NA,NA,NA,NA
"Com_2918_pos","Creatinine","C4 H7 N3 O",113.05965,0.525,114.06694,"Invalid mass","Invalid mass","No results","Organic acids and derivatives","Carboxylic acids and derivatives","Amino acids, peptides, and analogues","Alpha amino acids and derivatives"
"Com_29198_pos","2-(2-oxo-2-{[2-(2-oxo-1-imidazolidinyl)ethyl]amino}ethoxy)acetic acid","C9 H15 N3 O5",245.10205,6.196,246.10933,"Full match","No results","No results",NA,NA,NA,NA
"Com_29222_pos","1,3-dimethyl 2,4-bis(4-hydroxyphenyl)cyclobutane-1,3-dicarboxylate","C20 H20 O6",378.10484,4.838,379.11212,"Invalid mass","No results","No results",NA,NA,NA,NA
"Com_2925_pos","Epinastine","C16 H15 N3",249.12343,5.398,250.13071,"Invalid mass","No results","No results",NA,NA,NA,NA
"Com_29302_neg","ethyl 2-nitro-3-(4-nitrophenyl)acrylate","C11 H10 N2 O6",266.05879,1.543,265.05163,"Invalid mass","No results","No results",NA,NA,NA,NA
"Com_29374_pos","N-Desmethylclobazam","C15 H11 Cl N2 O2",286.04916,5.3,287.05643,"Invalid mass","No results","No results","Organoheterocyclic compounds","Benzodiazepines","Not available","Benzodiazepines"
"Com_29383_pos","QNK","C15 H28 N6 O6",388.20812,6.523,389.21539,"Full match","No results","No results",NA,NA,NA,NA
"Com_2938_pos","11-Epiprostaglandin E1","C20 H34 O5",371.26891,5.821,372.27618,"Invalid mass","No results","No results","Lipids and lipid-like molecules","Fatty Acyls","Eicosanoids","Prostaglandins and related compounds"
"Com_29391_neg","LPE 20:4","C25 H44 N O7 P",501.28899,8.637,500.28171,"No results","Invalid mass","No results","Lipids and lipid-like molecules","Glycerophospholipids","Glycerophosphoethanolamines","1-acyl-sn-glycero-3-phosphoethanolamines"
"Com_2939_pos","Prostaglandin E1","C20 H34 O5",354.24214,5.825,372.276,"No results","No results","Full match","Lipids and lipid-like molecules","Fatty Acyls","Eicosanoids","Prostaglandins and related compounds"
"Com_293_pos","CAR 5:0","C12 H24 N O4",245.16403,5.276,246.17131,"No results","Invalid mass","No results",NA,NA,NA,NA
"Com_29415_pos","4-[2-(trifluoromethyl)phenyl]-5-undecyl-4H-1,2,4-triazole-3-thiol","C20 H28 F3 N3 S",399.19723,5.995,400.2045,"Full match","No results","No results",NA,NA,NA,NA
"Com_2941_pos","1-(4-nitrophenyl)piperidine","C11 H14 N2 O2",206.10426,5.009,207.11154,"Invalid mass","No results","No results",NA,NA,NA,NA
"Com_29530_neg","LPG 16:1","C22 H43 O9 P",482.26739,9.659,481.26012,"No results","Invalid mass","No results","Lipids and lipid-like molecules","Glycerophospholipids","Glycerophosphoglycerols","Phosphatidylglycerols"
"Com_2953_neg","2,4-Dihydroxybenzoic acid","C7 H6 O4",154.0265,5.004,153.0192,"Full match","Full match","Full match","Benzenoids","Benzene and substituted derivatives","Benzoic acids and derivatives","Hydroxybenzoic acid derivatives"
"Com_2955_neg","1,3,7-Trimethyluric acid","C8 H10 N4 O3",210.0758,5.243,209.06852,"Full match","No results","No results","Organoheterocyclic compounds","Imidazopyrimidines","Purines and purine derivatives","Xanthines"
"Com_2955_pos","Propionyl-L-carnitine","C10 H19 N O4",217.13086,1.37,256.09372,"No results","No results","Full match","Lipids and lipid-like molecules","Fatty Acyls","Fatty acid esters","Acyl carnitines"
"Com_2959_pos","Pyridoxine","C8 H11 N O3",169.07481,1.628,170.08212,"Invalid mass","Invalid mass","No results","Organoheterocyclic compounds","Pyridines and derivatives","Pyridoxines","Pyridoxines"
"Com_2960_neg","7-Hydroxy-4-chromone","C9 H6 O3",162.0323,5.315,161.02475,"No results","No results","Full match","Organoheterocyclic compounds","Benzopyrans","1-benzopyrans","Chromones"
"Com_2962_pos","Carvone","C10 H14 O",150.10518,6.046,151.11249,"Full match","Full match","No results","Lipids and lipid-like molecules","Prenol lipids","Monoterpenoids","Menthane monoterpenoids"
"Com_29653_pos","ENH","C15 H22 N6 O7",398.1565,1.311,399.16376,"Full match","No results","No results",NA,NA,NA,NA
"Com_29664_pos","1-adamantyl(1,4-thiazinan-4-yl)methanone","C15 H23 N O S",265.15396,1.246,266.16124,"Invalid mass","No results","No results",NA,NA,NA,NA
"Com_2966_pos","D-Cysteine","C3 H7 N O2 S",103.99418,6.153,122.02801,"Invalid mass","Invalid mass","No results","Organic acids and derivatives","Carboxylic acids and derivatives","Amino acids, peptides, and analogues","Cysteine and derivatives"
"Com_296_pos","p-Mentha-1,3,8-triene","C10 H14",134.11014,6.115,135.11741,"No results","No results","Full match","Lipids and lipid-like molecules","Prenol lipids","Monoterpenoids","Aromatic monoterpenoids"
"Com_29743_pos","DKK","C16 H31 N5 O6",742.42252,8.487,372.21854,"Invalid mass","No results","No results",NA,NA,NA,NA
"Com_29780_pos","3,3-dichloro-1-methyl-1,2,3,4-tetrahydroquinoline-2,4-dione","C10 H7 Cl2 N O2",260.01095,5.411,261.01822,"Invalid mass","No results","No results",NA,NA,NA,NA
"Com_29850_pos","Oleoyl ethanolamide","C20 H39 N O2",307.28901,9.959,308.2962,"Invalid mass","No results","No results","Organic nitrogen compounds","Organonitrogen compounds","Amines","N-acylethanolamines"
"Com_2985_pos","N-Acetyl-L-histidine","C8 H11 N3 O3",197.08094,4.877,198.08822,"No results","No results","Full match","Organic acids and derivatives","Carboxylic acids and derivatives","Amino acids, peptides, and analogues","Histidine and derivatives"
"Com_2986_neg","6-(2-furyl)-2-oxo-1,2-dihydropyridine-3-carbonitrile","C10 H6 N2 O2",186.04085,5.866,185.03357,"Invalid mass","No results","No results",NA,NA,NA,NA
"Com_29889_neg","3,4,5-trihydroxycyclohex-1-ene-1-carboxylic acid","C7 H10 O5",174.05356,4.996,173.04586,"Full match","No results","No results",NA,NA,NA,NA
"Com_29900_pos","25-hydroxycholecalciferol","C27 H44 O2",400.33667,7.733,383.33334,"No results","Invalid mass","No results",NA,NA,NA,NA
"Com_29948_neg","16-Hydroxyhexadecanoic acid","C16 H32 O3",272.23719,7.831,271.22992,"Invalid mass","No results","No results","Lipids and lipid-like molecules","Fatty Acyls","Fatty acids and conjugates","Long-chain fatty acids"
"Com_29956_pos","2-[(3S)-1-(2-Methylbenzyl)-3-pyrrolidinyl]-1,3-benzoxazole","C19 H20 N2 O",292.1588,6.394,293.16608,"Full match","No results","No results","Organoheterocyclic compounds","Benzoxazoles","Not available","Benzoxazoles"
"Com_29957_neg","DL-Citrulline","C6 H13 N3 O3",175.09603,1.338,174.08873,"No results","No results","Full match","Organic acids and derivatives","Carboxylic acids and derivatives","Amino acids, peptides, and analogues","Alpha amino acids"
"Com_3001_neg","N1-(6-methyl-4-oxo-3,4-dihydroquinazolin-2-yl)-4-nitrobenzamide","C16 H12 N4 O4",324.08779,1.329,323.08054,"Invalid mass","No results","No results",NA,NA,NA,NA
"Com_3006_pos","Cyclocytidine","C9 H11 N3 O4",225.076,1.415,226.08329,"No results","No results","Full match","Organic oxygen compounds","Organooxygen compounds","Ethers","Alkyl aryl ethers"
"Com_30071_pos","5-[(benzoyloxy)methyl]-4,5,6-trihydroxycyclohex-2-en-1-yl benzoate","C21 H20 O7",406.10294,5.919,407.11021,"Invalid mass","No results","No results",NA,NA,NA,NA
"Com_30083_pos","4-hydroxy-3-(3-methylbut-2-en-1-yl)benzoic acid","C12 H14 O3",206.09291,6.236,207.09975,"Invalid mass","No results","No results",NA,NA,NA,NA
"Com_30112_pos","CAR 16:1","C23 H44 N O4",397.32105,7.424,398.32833,"No results","Invalid mass","No results",NA,NA,NA,NA
"Com_3012_pos","N6-Methyladenine","C6 H7 N5",149.07086,1.398,150.07814,"Full match","Full match","No results","Organoheterocyclic compounds","Imidazopyrimidines","Purines and purine derivatives","6-alkylaminopurines"
"Com_3013_pos","5-[(10Z)-14-(3,5-dihydroxyphenyl)tetradec-10-en-1-yl]benzene-1,3-diol","C26 H36 O4",412.26084,10.434,413.26812,"Full match","No results","No results",NA,NA,NA,NA
"Com_30160_neg","(3R)-4,4-Dimethyl-2-oxotetrahydro-3-furanyl beta-D-glucopyranoside","C12 H20 O8",338.11778,7.743,337.1105,"Invalid mass","No results","No results",NA,NA,NA,NA
"Com_30178_neg","Folinic acid","C20 H23 N7 O7",473.16917,1.645,472.1619,"Invalid mass","No results","No results","Organoheterocyclic compounds","Pteridines and derivatives","Pterins and derivatives","Tetrahydrofolic acids"
"Com_301_pos","2-[5-(2-hydroxypropyl)oxolan-2-yl]propanoic acid","C10 H18 O4",184.11081,5.146,185.11817,"Invalid mass","No results","No results",NA,NA,NA,NA
"Com_30211_neg","2-Phosphoglyceric acid","C3 H7 O7 P",185.99333,1.297,184.98605,"No results","No results","Full match","Organic oxygen compounds","Organooxygen compounds","Carbohydrates and carbohydrate conjugates","Sugar acids and derivatives"
"Com_30214_pos","Dehydrocholic acid","C24 H34 O5",402.24247,6.026,403.24987,"Full match","Full match","Full match","Lipids and lipid-like molecules","Steroids and steroid derivatives","Bile acids, alcohols and derivatives","Bile acids, alcohols and derivatives"
"Com_30227_pos","Aflatoxin M1","C17 H12 O7",350.03674,5.236,351.04402,"Invalid mass","No results","No results","Phenylpropanoids and polyketides","Coumarins and derivatives","Furanocoumarins","Difurocoumarocyclopentenones"
"Com_30242_pos","6,7,8-trimethoxy-2-(2-phenoxy-3-pyridyl)-4H-3,1-benzoxazin-4-one","C22 H18 N2 O6",444.07844,8.598,445.08571,"Invalid mass","No results","No results",NA,NA,NA,NA
"Com_30245_neg","PE 16:1_18:1","C39 H74 N O8 P",715.52021,11.171,714.51293,"No results","Invalid mass","No results",NA,NA,NA,NA
"Com_30251_pos","(2E,4E)-N-(2-methylpropyl)deca-2,4-dienamide","C14 H25 N O",223.19432,6.311,241.22813,"Full match","No results","No results",NA,NA,NA,NA
"Com_3026_neg","δ-Gluconic acid δ-lactone","C6 H10 O6",178.04813,1.366,177.04063,"Full match","Full match","Full match","Organic oxygen compounds","Organooxygen compounds","Carbohydrates and carbohydrate conjugates","Gluconolactones"
"Com_30279_pos","Bisphenol G","C21 H28 O2",329.23323,4.971,330.24051,"Invalid mass","No results","No results","Benzenoids","Benzene and substituted derivatives","Diphenylmethanes","Bisphenols"
"Com_30286_neg","11,12-Epoxy-(5Z,8Z,11Z)-icosatrienoic acid","C20 H32 O3",320.23741,8.004,319.23013,"Invalid mass","No results","No results","Lipids and lipid-like molecules","Fatty Acyls","Eicosanoids","Hepoxilins"
"Com_30331_pos","(S)-10-Hydroxycamptothecin","C20 H16 N2 O5",386.09233,5.975,387.09961,"Invalid mass","No results","No results","Alkaloids and derivatives","Camptothecins","Not available","Camptothecins"
"Com_3034_pos","3-{[(3S)-3-(1,3-Benzothiazol-2-yl)-1-pyrrolidinyl]methyl}benzonitrile","C19 H17 N3 S",319.11,2.832,320.11729,"Invalid mass","No results","No results","Organoheterocyclic compounds","Benzothiazoles","Not available","Benzothiazoles"
"Com_3040_neg","Folic acid","C19 H19 N7 O6",441.14224,5.119,440.13497,"Invalid mass","Invalid mass","No results","Organic acids and derivatives","Carboxylic acids and derivatives","Amino acids, peptides, and analogues","Glutamic acid and derivatives"
"Com_30416_pos","1-(4-chlorophenyl)-1-phenyl-2-(3-pyridyl)ethan-1-ol","C19 H16 Cl N O",309.09538,2.676,310.10266,"Invalid mass","No results","No results",NA,NA,NA,NA
"Com_30422_neg","Glycodeoxycholic Acid (hydrate)","C26 H43 N O5",485.2934,6.665,484.28613,"Invalid mass","No results","No results",NA,NA,NA,NA
"Com_30449_pos","N4-(2,6-dimethoxy-3-pyridyl)-3,5-dimethyl-4-isoxazolesulfonamide","C12 H15 N3 O5 S",313.07427,2.945,314.08154,"Full match","No results","No results",NA,NA,NA,NA
"Com_30454_neg","13,14-dihydro-15-keto-tetranor Prostaglandin D2","C16 H26 O5",280.1667,6.993,279.15942,"Invalid mass","No results","No results","Organic oxygen compounds","Organooxygen compounds","Alcohols and polyols","Cyclopentanols"
"Com_30483_pos","3,5-dimethyl-N'-[4-(trifluoromethyl)benzoyl]isoxazole-4-carbohydrazide","C14 H12 F3 N3 O3",327.07937,5.588,328.08667,"Invalid mass","No results","No results",NA,NA,NA,NA
"Com_30502_pos","1-Methylguanosine","C11 H15 N5 O5",297.1083,1.417,298.11558,"No results","No results","Full match","Nucleosides, nucleotides, and analogues","Purine nucleosides","Not available","Purine nucleosides"
"Com_30541_pos","Amphetamine","C9 H13 N",135.10543,5.34,153.13923,"Full match","Full match","No results","Benzenoids","Benzene and substituted derivatives","Phenethylamines","Amphetamines and derivatives"
"Com_30545_pos","bicyclo[2.2.2]oct-2-en-1-yl 4-methylbenzene-1-sulfonate","C15 H18 O3 S",278.09529,2.448,279.10257,"Invalid mass","No results","No results",NA,NA,NA,NA
"Com_30566_pos","PLH","C17 H27 N5 O4",365.20473,6.759,366.21201,"Full match","No results","No results",NA,NA,NA,NA
"Com_3060_pos","7-hydroxy-6-nitro-2,3-dihydro-1H,5H-pyrido[3,2,1-ij]quinolin-5-one","C12 H10 N2 O4",246.06884,2.004,247.0761,"Invalid mass","No results","No results",NA,NA,NA,NA
"Com_30612_pos","Mycophenolic acid","C17 H20 O6",342.10564,5.913,343.11292,"Invalid mass","No results","No results","Organoheterocyclic compounds","Isocoumarans","Isobenzofuranones","Phthalides"
"Com_30654_pos","α-Hydroxymidazolam","C18 H13 Cl F N3 O",341.07543,5.806,324.0722,"Invalid mass","No results","No results","Organoheterocyclic compounds","Benzodiazepines","1,4-benzodiazepines","Imidazo[1,5-a][1,4]benzodiazepines"
"Com_3070_pos","Methyl 3-indolyacetate","C11 H11 N O2",189.07991,5.583,190.08724,"No results","No results","Full match","Organoheterocyclic compounds","Indoles and derivatives","Indolyl carboxylic acids and derivatives","Indole-3-acetic acid derivatives"
"Com_3071_pos","(4E)-1,7-bis(3,4-dihydroxyphenyl)hept-4-en-3-one","C19 H20 O5",328.12785,5.067,329.13514,"Invalid mass","No results","No results",NA,NA,NA,NA
"Com_30733_neg","(+/-)9,10-dihydroxy-12Z-octadecenoic acid","C18 H34 O4",314.24727,6.751,313.24,"Full match","No results","Full match","Lipids and lipid-like molecules","Fatty Acyls","Fatty acids and conjugates","Long-chain fatty acids"
"Com_3073_pos","2-[2-oxo-2-(pyridin-3-ylamino)ethoxy]acetic acid","C9 H10 N2 O4",210.06495,4.808,211.07223,"Full match","No results","No results",NA,NA,NA,NA
"Com_30772_pos","1-Methyladenine","C6 H7 N5",149.07091,2.207,150.07819,"Invalid mass","No results","No results","Organoheterocyclic compounds","Imidazopyrimidines","Purines and purine derivatives","Purines and purine derivatives"
"Com_30789_neg","Estrone sulfate","C18 H22 O5 S",350.121,6.003,349.11372,"Invalid mass","No results","No results","Lipids and lipid-like molecules","Steroids and steroid derivatives","Sulfated steroids","Sulfated steroids"
"Com_30795_pos","LPC 18:0-SN1","C26 H54 N O7 P",523.36614,10.031,524.37338,"No results","Full match","Full match",NA,NA,NA,NA
"Com_3080_pos","Tetrahydrocorticosterone","C21 H34 O4",367.27393,6.665,368.28119,"Invalid mass","Invalid mass","No results","Lipids and lipid-like molecules","Steroids and steroid derivatives","Hydroxysteroids","21-hydroxysteroids"
"Com_3081_pos","NAT13-331713_POS","C26 H30 N4 O3",446.23248,6.03,447.2397,"Full match","No results","No results","None","None","None","None"
"Com_30847_neg","Pentadecanoic Acid","C15 H30 O2",288.23176,7.163,287.22448,"Invalid mass","No results","No results","Lipids and lipid-like molecules","Fatty Acyls","Fatty acids and conjugates","Long-chain fatty acids"
"Com_30855_neg","N-{[2-(2-thienyl)-1,3-thiazol-4-yl]methyl}benzamide","C15 H12 N2 O S2",300.0356,8.43,299.02832,"Invalid mass","No results","No results",NA,NA,NA,NA
"Com_30887_neg","D-Glucosamine","C6 H13 N O5",179.08008,1.276,214.04952,"No results","No results","Full match","Organic oxygen compounds","Organooxygen compounds","Carbohydrates and carbohydrate conjugates","Hexoses"
"Com_3088_pos","Northiaden","C18 H19 N S",281.12652,5.995,282.1338,"Invalid mass","No results","No results",NA,NA,NA,NA
"Com_30897_neg","Leu-Pro","C11 H20 N2 O3",228.14822,5.157,227.14095,"No results","No results","Full match","Organic acids and derivatives","Carboxylic acids and derivatives","Amino acids, peptides, and analogues","Dipeptides"
"Com_30924_pos","HMK","C17 H30 N6 O4 S",396.19536,5.905,397.20264,"Invalid mass","No results","No results",NA,NA,NA,NA
"Com_30927_neg","D-Homocysteine","C4 H9 N O2 S",135.03546,1.244,134.02818,"No results","No results","Full match","Organic acids and derivatives","Carboxylic acids and derivatives","Amino acids, peptides, and analogues","D-alpha-amino acids"
"Com_30950_pos","1-(4-methoxyphenyl)-4-phenyl-2(1H)-pyrimidinethione","C17 H14 N2 O S",294.08036,1.635,295.08747,"Invalid mass","No results","No results",NA,NA,NA,NA
"Com_3098_neg","Hexanoylglycine","C8 H15 N O3",173.10537,5.625,172.09809,"Full match","No results","Full match","Organic acids and derivatives","Carboxylic acids and derivatives","Amino acids, peptides, and analogues","N-acyl-alpha amino acids"
"Com_3100_pos","Cytosine","C4 H5 N3 O",111.04404,4.891,112.05131,"Invalid mass","Invalid mass","No results","Organoheterocyclic compounds","Diazines","Pyrimidines and pyrimidine derivatives","Pyrimidones"
"Com_31011_neg","13,14-dihydro-15-keto Prostaglandin A2","C20 H30 O4",316.20614,5.9,315.19901,"Invalid mass","No results","No results","Lipids and lipid-like molecules","Fatty Acyls","Eicosanoids","Prostaglandins and related compounds"
"Com_31016_neg","Tanespimycin","C31 H43 N3 O8",621.286,6.379,620.27873,"Invalid mass","No results","No results","Phenylpropanoids and polyketides","Macrolactams","Not available","Macrolactams"
"Com_31044_pos","6-(3-chloro-4-methylphenyl)-1,3,5-triazine-2,4-diamine","C10 H10 Cl N5",235.06023,4.997,236.06775,"Invalid mass","No results","No results",NA,NA,NA,NA
"Com_3104_pos","AMK","C14 H28 N4 O4 S",348.17864,5.723,349.18591,"Invalid mass","No results","No results",NA,NA,NA,NA
"Com_31055_pos","4-(3,4-dihydro-2H-1,5-benzodioxepin-7-ylamino)-4-oxobutanoic acid","C13 H15 N O5",287.07387,5.245,288.08115,"Invalid mass","No results","No results",NA,NA,NA,NA
"Com_31068_pos","5-(tert-butyl)-N-[4-(trifluoromethyl)phenyl]thiophene-2-carboxamide","C16 H16 F3 N O S",327.08919,4.842,328.09647,"Full match","No results","No results",NA,NA,NA,NA
"Com_31089_pos","Methyl N-benzoylphenylalaninate","C17 H17 N O3",283.12213,6.165,284.12948,"Full match","No results","No results","Organic acids and derivatives","Carboxylic acids and derivatives","Amino acids, peptides, and analogues","Phenylalanine and derivatives"
"Com_3108_pos","Adenosine 3'5'-cyclic monophosphate","C10 H12 N5 O6 P",329.05394,3.44,330.06122,"Full match","Full match","Full match","Nucleosides, nucleotides, and analogues","Purine nucleotides","Cyclic purine nucleotides","3',5'-cyclic purine nucleotides"
"Com_31094_neg","PE 17:1_18:1","C40 H76 N O8 P",729.53615,10.524,728.52887,"No results","Invalid mass","No results",NA,NA,NA,NA
"Com_310_pos","5-hydroxy-4-methoxy-5,6-dihydro-2H-pyran-2-one","C6 H8 O4",144.04282,3.637,145.05009,"Full match","No results","Full match",NA,NA,NA,NA
"Com_31146_neg","HexCer 16:3;2O/16:2;O","C38 H65 N O9",679.46984,6.352,724.46832,"No results","Invalid mass","No results",NA,NA,NA,NA
"Com_31193_pos","N1-(1,3-benzodioxol-5-yl)-2-[(1-methyl-1H-imidazol-2-yl)thio]acetamide","C13 H13 N3 O3 S",291.06963,5.056,292.0769,"Invalid mass","No results","No results",NA,NA,NA,NA
"Com_311_pos","ANH","C13 H20 N6 O5",170.07408,6.245,171.08137,"Invalid mass","No results","No results",NA,NA,NA,NA
"Com_31248_pos","Nordiazepam","C15 H11 Cl N2 O",270.0595,4.357,271.06677,"Invalid mass","No results","No results","Organoheterocyclic compounds","Benzodiazepines","1,4-benzodiazepines","1,4-benzodiazepines"
"Com_3125_neg","Stearic acid","C18 H36 O2",284.27307,11.09,283.26578,"Invalid mass","No results","No results","Lipids and lipid-like molecules","Fatty Acyls","Fatty acids and conjugates","Long-chain fatty acids"
"Com_31263_pos","4-{3-[(3,4-dihydroxyphenyl)methyl]-2-methylbutyl}benzene-1,2-diol","C18 H22 O4",324.13535,6.594,325.14262,"Invalid mass","No results","No results",NA,NA,NA,NA
"Com_31291_pos","2-(1H-benzimidazol-2-yl)-N-[4-(benzyloxy)phenyl]benzamide","C27 H22 N4 O2",456.15389,7.196,457.16116,"Invalid mass","No results","No results",NA,NA,NA,NA
"Com_3130_neg","7-(1-pyrrolidinyl)pyrimido[4,5-d]pyrimidin-4-amine","C10 H12 N6",108.05603,1.562,215.10462,"Invalid mass","No results","No results",NA,NA,NA,NA
"Com_31334_pos","N-[2-(methylthio)-1,3-benzothiazol-6-yl]-2-(trifluoromethyl)benzamide","C16 H11 F3 N2 O S2",368.02379,3.144,369.03107,"Invalid mass","No results","No results",NA,NA,NA,NA
"Com_31405_pos","(±)5(6)-DiHET","C20 H34 O4",320.23424,8.631,321.24152,"Invalid mass","No results","No match",NA,NA,NA,NA
"Com_3143_neg","D-Glucuronic acid","C6 H10 O7",194.04338,6.713,193.0361,"No results","No results","Full match","Nucleosides, nucleotides, and analogues","Pyrimidine nucleotides","Pyrimidine nucleotide sugars","Pyrimidine nucleotide sugars"
"Com_31448_neg","20-Hydroxy-(5Z,8Z,11Z,14Z)-eicosatetraenoic acid","C20 H32 O3",320.23706,7.143,319.22978,"Invalid mass","No results","No results","Lipids and lipid-like molecules","Fatty Acyls","Fatty acids and conjugates","Long-chain fatty acids"
"Com_31453_pos","Citicoline","C14 H26 N4 O11 P2",488.10809,5.637,489.11537,"No results","No results","Full match","Nucleosides, nucleotides, and analogues","Pyrimidine nucleotides","Pyrimidine ribonucleotides","Pyrimidine ribonucleoside diphosphates"
"Com_31582_pos","lithocholic acid 3-sulfate","C24 H40 O6 S",456.25311,6.633,457.26038,"No results","No results","Full match",NA,NA,NA,NA
"Com_31584_pos","5-(2-chloro-6-methylphenoxy)-1,3-dimethyl-4-nitro-1H-pyrazole","C12 H12 Cl N3 O3",281.05779,1.385,282.06524,"Full match","No results","No results",NA,NA,NA,NA
"Com_31599_pos","4-Amino-6-chloro-1,3-benzenedisulfonamide","C6 H8 Cl N3 O4 S2",284.96576,3.938,268.94647,"Full match","No results","No results","Benzenoids","Benzene and substituted derivatives","Benzenesulfonamides","Aminobenzenesulfonamides"
"Com_31626_neg","JWH 018 N-pentanoic acid metabolite","C24 H21 N O3",407.1349,5.009,406.12763,"Invalid mass","No results","No results","Organoheterocyclic compounds","Indoles and derivatives","Naphthoylindoles","Naphthoylindoles"
"Com_31646_pos","Cinchophen","C16 H11 N O2",249.08043,8.509,250.08772,"Invalid mass","No results","No results",NA,NA,NA,NA
"Com_31651_pos","SDMA","C8 H18 N4 O2",202.14392,0.525,203.1512,"No results","No results","Full match","Organic acids and derivatives","Carboxylic acids and derivatives","Amino acids, peptides, and analogues","Arginine and derivatives"
"Com_31727_pos","Papaverine","C20 H21 N O4",339.14256,5.773,340.14984,"Invalid mass","No results","No results","Organoheterocyclic compounds","Isoquinolines and derivatives","Benzylisoquinolines","Benzylisoquinolines"
"Com_31789_neg","trans-Petroselinic acid","C18 H34 O2",328.26211,8.685,327.25484,"Invalid mass","No results","No results","Lipids and lipid-like molecules","Fatty Acyls","Fatty acids and conjugates","Long-chain fatty acids"
"Com_3184_pos","4-Acetylbutyric acid","C6 H10 O3",130.06637,5.658,153.05559,"No results","Invalid mass","No results","Lipids and lipid-like molecules","Fatty Acyls","Fatty acids and conjugates","Medium-chain fatty acids"
"Com_31854_pos","3-methyl-5-oxo-5-(4-toluidino)pentanoic acid","C13 H17 N O3",235.12222,1.691,236.1295,"Invalid mass","No results","No results",NA,NA,NA,NA
"Com_31875_pos","Thr-Leu","C10 H20 N2 O4",232.14321,5.162,233.15051,"No results","No results","Full match","Organic acids and derivatives","Carboxylic acids and derivatives","Amino acids, peptides, and analogues","Dipeptides"
"Com_3188_neg","N-Acetylvaline","C7 H13 N O3",159.08941,4.969,158.08213,"Full match","Full match","Full match","Organic acids and derivatives","Carboxylic acids and derivatives","Amino acids, peptides, and analogues","N-acyl-alpha amino acids"
"Com_3188_pos","5,8-dihydroxy-10-methyl-5,8,9,10-tetrahydro-2H-oxecin-2-one","C10 H14 O4",180.0795,5.737,181.08676,"Invalid mass","No results","No match",NA,NA,NA,NA
"Com_31894_pos","Sinefungin","C15 H23 N7 O5",381.17964,4.951,382.18692,"Invalid mass","No results","No results","Nucleosides, nucleotides, and analogues","5'-deoxyribonucleosides","Not available","5'-deoxyribonucleosides"
"Com_31910_pos","N-(1,3-benzodioxol-5-yl)-5-methoxy-1H-indole-2-carboxamide","C17 H14 N2 O4",310.09996,4.496,311.10724,"Invalid mass","No results","No results",NA,NA,NA,NA
"Com_31915_pos","Tetranor-12(S)-HETE","C16 H26 O3",288.16904,1.417,289.17689,"Invalid mass","No results","No results","Lipids and lipid-like molecules","Fatty Acyls","Fatty acids and conjugates","Long-chain fatty acids"
"Com_31925_neg","Tridecylic acid","C13 H26 O2",214.19415,6.859,213.18687,"Full match","No results","No results","Lipids and lipid-like molecules","Fatty Acyls","Fatty acids and conjugates","Long-chain fatty acids"
"Com_3195_pos","Tyramine","C8 H11 N O",137.08462,2.091,138.09189,"No results","No results","Full match","Benzenoids","Benzene and substituted derivatives","Phenethylamines","Phenethylamines"
"Com_32057_neg","Cytidine 5'-Monophosphate-N-Acetylneuraminic Acid","C20 H31 N4 O16 P",614.14601,5.206,613.13873,"No results","No results","Full match","Nucleosides, nucleotides, and analogues","Pyrimidine nucleotides","Pyrimidine nucleotide sugars","Pyrimidine nucleotide sugars"
"Com_32084_pos","2,4-dichlorobenzaldehyde 1-methyl-1-(6-methylpyridazin-3-yl)hydrazone","C13 H12 Cl2 N4",331.99556,5.064,333.00284,"Invalid mass","No results","No results",NA,NA,NA,NA
"Com_3208_pos","Artemisinin","C15 H22 O5",282.14775,5.958,283.15493,"Full match","No results","No results","Lipids and lipid-like molecules","Prenol lipids","Terpene lactones","Terpene lactones"
"Com_3213_pos","13-Hpotre(R)","C18 H30 O4",310.21565,5.957,293.21231,"No results","No results","Full match",NA,NA,NA,NA
"Com_3217_neg","5-Sulfosalicylic acid","C7 H6 O6 S",217.98961,2.407,216.98233,"Invalid mass","No results","No results","Benzenoids","Benzene and substituted derivatives","Benzenesulfonic acids and derivatives","3-sulfobenzoic acids"
"Com_3217_pos","QMH","C16 H26 N6 O5 S",436.15032,5.412,437.15762,"Invalid mass","No results","No results",NA,NA,NA,NA
"Com_32236_pos","Δ2-trans-Hexadecenoic acid","C16 H30 O2",254.22604,7.238,255.23339,"Invalid mass","No results","No results","Lipids and lipid-like molecules","Fatty Acyls","Fatty acids and conjugates","Long-chain fatty acids"
"Com_3226_neg","Citraconic acid","C5 H6 O4",130.02623,2.89,129.01896,"Full match","Full match","Full match","Lipids and lipid-like molecules","Fatty Acyls","Fatty acids and conjugates","Methyl-branched fatty acids"
"Com_3228_pos","Kahweol","C20 H26 O3",314.18956,6.339,315.19689,"Full match","No results","Full match","Organoheterocyclic compounds","Naphthofurans","Not available","Naphthofurans"
"Com_32320_pos","12,13-EODE","C18 H32 O3",296.23624,6.131,297.24368,"No results","No results","Full match",NA,NA,NA,NA
"Com_3232_neg","Salicylic acid","C7 H6 O3",138.03154,4.205,137.02426,"Full match","No results","Full match","Benzenoids","Benzene and substituted derivatives","Benzoic acids and derivatives","Salicylic acids"
"Com_32395_pos","PharmaGSID_48506","C19 H22 Cl N3 O3 S",407.1061,5.213,408.11337,"Full match","No results","No results",NA,NA,NA,NA
"Com_323_pos","Theophylline","C7 H8 N4 O2",180.06548,5.173,181.07275,"Full match","Full match","No results","Organoheterocyclic compounds","Imidazopyrimidines","Purines and purine derivatives","Xanthines"
"Com_324_neg","D-(-)-Quinic acid","C7 H12 O6",192.06374,1.369,191.05644,"Full match","Full match","Full match","Organic oxygen compounds","Organooxygen compounds","Alcohols and polyols","Quinic acids and derivatives"
"Com_3252_neg","4-Hydroxymandelic acid","C8 H8 O4",168.04237,2.733,167.03509,"Full match","No results","Full match","Benzenoids","Phenols","1-hydroxy-2-unsubstituted benzenoids","1-hydroxy-2-unsubstituted benzenoids"
"Com_32541_neg","Flavin Adenine Dinucleotide","C27 H33 N9 O15 P2",785.15499,4.955,784.14771,"No results","No results","Full match","Nucleosides, nucleotides, and analogues","Flavin nucleotides","Not available","Flavin nucleotides"
"Com_32546_pos","Tanshinone IIA","C19 H18 O3",294.12747,8.06,295.13475,"Invalid mass","No results","No results","Lipids and lipid-like molecules","Prenol lipids","Diterpenoids","Tanshinones, isotanshinones, and derivatives"
"Com_3254_neg","N1-[3,5-di(trifluoromethyl)phenyl]-2-cyclopentyl-2-phenylacetamide","C21 H19 F6 N O",415.13299,5.329,414.12571,"Invalid mass","No results","No results",NA,NA,NA,NA
"Com_3267_neg","(±)-Abscisic acid","C15 H20 O4",264.13775,5.8,263.13047,"Invalid mass","No results","No results","Lipids and lipid-like molecules","Prenol lipids","Sesquiterpenoids","Abscisic acids and derivatives"
"Com_3268_pos","Guanidinosuccinic acid","C5 H9 N3 O4",175.06012,1.334,176.06739,"Full match","No results","No results","Organic acids and derivatives","Carboxylic acids and derivatives","Amino acids, peptides, and analogues","Aspartic acid and derivatives"
"Com_32791_pos","5-chloro-6-(trifluoromethyl)-1,3-dihydro-2H-benzimidazole-2-thione","C8 H4 Cl F3 N2 S",251.96924,4.841,252.97652,"Invalid mass","No results","No results",NA,NA,NA,NA
"Com_327_neg","D-(+)-Mannose","C6 H12 O6",180.06362,1.362,179.05629,"Full match","No results","Full match","Organic oxygen compounds","Organooxygen compounds","Carbohydrates and carbohydrate conjugates","Hexoses"
"Com_32872_pos","N(6)-OH-Me-Adenosine","C11 H15 N5 O5",297.10442,5.083,298.11169,"Invalid mass","No results","No results","Nucleosides, nucleotides, and analogues","Purine nucleosides","Not available","Purine nucleosides"
"Com_32876_pos","17alpha-Ethinyl estradiol","C20 H24 O2",296.17802,5.803,297.18588,"No results","No results","Full match","Lipids and lipid-like molecules","Steroids and steroid derivatives","Estrane steroids","Estrogens and derivatives"
"Com_32909_pos","O1-(2,6-dichlorobenzyl)-4-methoxybenzene-1-carbohydroximamide","C15 H14 Cl2 N2 O2",324.04701,2.35,325.05429,"Invalid mass","No results","No results",NA,NA,NA,NA
"Com_32925_pos","ARH","C15 H26 N8 O4",191.10677,3.577,192.11404,"Invalid mass","No results","No results",NA,NA,NA,NA
"Com_32975_neg","Phosphopyruvic acid","C3 H5 O6 P",167.98305,1.518,166.97577,"No results","No results","Full match","Organic acids and derivatives","Organic phosphoric acids and derivatives","Phosphate esters","Phosphate esters"
"Com_329_pos","GPH","C13 H19 N5 O4",347.09768,4.877,348.10496,"Invalid mass","No results","No results",NA,NA,NA,NA
"Com_32_neg","Traumatic acid","C12 H20 O4",228.13561,5.38,263.10501,"No results","No results","Full match","Lipids and lipid-like molecules","Fatty Acyls","Fatty acids and conjugates","Medium-chain fatty acids"
"Com_33000_neg","Dibenzoyl Thiamine","C26 H26 N4 O4 S",490.16588,5.616,489.1586,"No results","No results","Full match","Benzenoids","Benzene and substituted derivatives","Benzoic acids and derivatives","Benzoic acid esters"
"Com_33037_pos","Glu-Glu","C10 H16 N2 O7",276.09698,1.621,277.10425,"No results","No results","Full match","Organic acids and derivatives","Carboxylic acids and derivatives","Amino acids, peptides, and analogues","Dipeptides"
"Com_33047_neg","Guanosine monophosphate (GMP)","C10 H14 N5 O8 P",363.05999,1.5,362.0526,"Invalid mass","No results","No results","Nucleosides, nucleotides, and analogues","Purine nucleotides","Purine ribonucleotides","Purine ribonucleoside monophosphates"
"Com_33083_pos","Lagochilin","C20 H36 O5",356.25783,7.449,379.2471,"Full match","No results","No results","Lipids and lipid-like molecules","Prenol lipids","Diterpenoids","Diterpenoids"
"Com_3309_neg","Salicyluric acid","C9 H9 N O4",195.05394,6.548,194.04666,"No results","Full match","No results","Benzenoids","Benzene and substituted derivatives","Benzoic acids and derivatives","Hippuric acids"
"Com_33101_pos","2-{[4-(tert-butyl)benzyl]thio}-4-methylquinoline-3-carbonitrile","C22 H22 N2 S",346.15406,6.474,347.16134,"Invalid mass","No results","No results",NA,NA,NA,NA
"Com_33169_pos","Reynoutrin","C20 H18 O11",434.07985,6.076,435.08713,"Invalid mass","No results","No results","Phenylpropanoids and polyketides","Flavonoids","Flavonoid glycosides","Flavonoid-3-O-glycosides"
"Com_33185_pos","PC O-18:2","C26 H50 N O7 P",519.33502,8.634,520.34234,"No results","Full match","Full match",NA,NA,NA,NA
"Com_33200_pos","2-(4-aminophenoxy)isophthalonitrile","C14 H9 N3 O",235.07401,1.223,236.08129,"Full match","No results","No results",NA,NA,NA,NA
"Com_33279_pos","(-)-Erythromycin","C37 H67 N O13",733.46495,5.852,734.47223,"Invalid mass","No results","No results","Organic oxygen compounds","Organooxygen compounds","Carbohydrates and carbohydrate conjugates","Aminoglycosides"
"Com_332_pos","L-Phenylalanine","C9 H11 N O2",165.07965,4.943,166.08693,"Full match","Full match","Full match","Organic acids and derivatives","Carboxylic acids and derivatives","Amino acids, peptides, and analogues","Phenylalanine and derivatives"
"Com_3330_pos","7-methoxy-8-(4-methyl-2-oxo-2,5-dihydrofuran-3-yl)-2H-chromen-2-one","C15 H12 O5",289.09637,5.956,290.10366,"Invalid mass","No results","No results",NA,NA,NA,NA
"Com_33488_pos","NPK","C15 H27 N5 O5",339.18784,6.679,322.18455,"Invalid mass","No results","No results",NA,NA,NA,NA
"Com_3349_neg","Glucuronic acid-3,6-lactone","C6 H8 O6",176.03225,5.79,175.02498,"Full match","No results","Full match","Organoheterocyclic compounds","Lactones","Gamma butyrolactones","Gamma butyrolactones"
"Com_33521_pos","Ritalinic acid","C13 H17 N O2",219.12703,6.664,220.1343,"Invalid mass","No results","No results","Organic nitrogen compounds","Organonitrogen compounds","Amines","Aralkylamines"
"Com_33552_neg","3,4,5-trihydroxy-6-methyloxan-2-yl 2-(methylamino)benzoate","C14 H19 N O6",594.23897,5.794,593.23169,"Invalid mass","No results","No results",NA,NA,NA,NA
"Com_3355_pos","L-Homocitrulline","C7 H15 N3 O3",189.11232,1.401,190.1196,"No results","Invalid mass","No results","Organic acids and derivatives","Carboxylic acids and derivatives","Amino acids, peptides, and analogues","L-alpha-amino acids"
"Com_33607_pos","Lysopg 18:1","C24 H47 O9 P",510.29703,6.973,511.30426,"No results","No results","Full match","Lipids and lipid-like molecules","Glycerophospholipids","Glycerophosphocholines","1-acyl-sn-glycero-3-phosphocholines"
"Com_33655_pos","Stearoyl Ethanolamide","C20 H41 N O2",327.3159,8.771,328.32318,"Invalid mass","No results","No results","Organic nitrogen compounds","Organonitrogen compounds","Amines","N-acylethanolamines"
"Com_33684_pos","S-Adenosyl-L-methionine","C15 H22 N6 O5 S",398.13849,6.155,399.14571,"No results","No results","Full match","Nucleosides, nucleotides, and analogues","5'-deoxyribonucleosides","5'-deoxy-5'-thionucleosides","5'-deoxy-5'-thionucleosides"
"Com_33688_neg","Diflorasone","C22 H28 F2 O5",410.19032,5.854,409.18304,"No results","No results","Full match","Lipids and lipid-like molecules","Steroids and steroid derivatives","Hydroxysteroids","21-hydroxysteroids"
"Com_3369_neg","N-Acetyl-DL-glutamic acid","C7 H11 N O5",189.06389,1.792,188.05661,"Full match","Full match","Full match","Organic acids and derivatives","Carboxylic acids and derivatives","Amino acids, peptides, and analogues","Glutamic acid and derivatives"
"Com_336_neg","Ascorbic acid","C6 H8 O6",176.03187,1.632,175.02455,"Full match","No results","Full match","Organoheterocyclic compounds","Dihydrofurans","Furanones","Butenolides"
"Com_33708_neg","PB-22 N-pentanoic acid-3-carboxyindole metabolite","C14 H15 N O4",261.10119,5.92,260.09391,"Full match","No results","No results","Organoheterocyclic compounds","Indoles and derivatives","Indolecarboxylic acids and derivatives","Indolecarboxylic acids and derivatives"
"Com_3370_neg","N-Carbamyl-L-glutamicacid","C6 H10 N2 O5",190.05912,5.509,189.05184,"No results","No results","Full match","Benzenoids","Benzene and substituted derivatives","Diphenylmethanes","Diphenylmethanes"
"Com_33725_pos","5-methyl-N'-[3-(trifluoromethyl)benzoyl]-3-isoxazolecarbohydrazide","C13 H10 F3 N3 O3",335.04839,5.071,336.05566,"Invalid mass","No results","No results",NA,NA,NA,NA
"Com_33745_pos","Cytisine","C11 H14 N2 O",190.11121,2.106,191.11848,"Full match","No results","Full match","Alkaloids and derivatives","Lupin alkaloids","Cytisine and derivatives","Cytisine and derivatives"
"Com_33779_neg","2-Hydroxyestradiol","C18 H24 O3",288.17348,5.817,287.16617,"Full match","No results","Full match","Lipids and lipid-like molecules","Steroids and steroid derivatives","Estrane steroids","Estrogens and derivatives"
"Com_33788_neg","PC O-16:0_18:1","C42 H84 N O7 P",791.61006,11.122,790.60278,"No results","Invalid mass","No results",NA,NA,NA,NA
"Com_33798_pos","S-Lactoyglutathione","C13 H21 N3 O8 S",379.10636,4.669,380.11364,"No results","No results","Full match","Organic acids and derivatives","Carboxylic acids and derivatives","Amino acids, peptides, and analogues","Oligopeptides"
"Com_3379_pos","trans-Cinnamaldehyde","C9 H8 O",132.05831,5.597,133.06555,"Invalid mass","No results","No results","Phenylpropanoids and polyketides","Cinnamaldehydes","Not available","Cinnamaldehydes"
"Com_337_pos","QKK","C17 H34 N6 O5",402.2533,6.01,403.26057,"Invalid mass","No results","No results",NA,NA,NA,NA
"Com_33891_pos","18-β-Glycyrrhetinic acid","C30 H46 O4",470.3421,7.302,471.34938,"Invalid mass","No results","No results","Lipids and lipid-like molecules","Prenol lipids","Triterpenoids","Triterpenoids"
"Com_33938_pos","(6E)-7-(2H-1,3-benzodioxol-5-yl)-1-(piperidin-1-yl)hept-6-en-1-one","C19 H25 N O3",315.18478,5.287,316.19206,"Full match","No results","No results",NA,NA,NA,NA
"Com_33947_neg","Ip7G","C16 H23 N5 O5",365.17027,5.604,364.16299,"No results","No results","Full match",NA,NA,NA,NA
"Com_3398_neg","N-Acetylneuraminic acid","C11 H19 N O9",309.10766,1.34,308.10036,"Invalid mass","Invalid mass","No results","Organic oxygen compounds","Organooxygen compounds","Carbohydrates and carbohydrate conjugates","N-acylneuraminic acids"
"Com_339_pos","1-Methylxanthine","C6 H6 N4 O2",166.04979,4.806,167.05707,"Full match","No results","Full match","Organoheterocyclic compounds","Imidazopyrimidines","Purines and purine derivatives","Xanthines"
"Com_3404_neg","Methylmalonic acid","C4 H6 O4",118.02624,1.554,117.01892,"Full match","Full match","Full match","Organic acids and derivatives","Carboxylic acids and derivatives","Dicarboxylic acids and derivatives","Dicarboxylic acids and derivatives"
"Com_34119_pos","16,16-Dimethyl prostaglandin A2","C22 H34 O4",384.22785,4.848,385.23512,"Invalid mass","No results","No results","Lipids and lipid-like molecules","Fatty Acyls","Eicosanoids","Prostaglandins and related compounds"
"Com_34200_pos","N1-isopropyl-2-(1H-2-pyrrolylcarbonyl)-1-hydrazinecarboxamide","C9 H14 N4 O2",232.09334,2.238,233.10062,"Invalid mass","No results","No results",NA,NA,NA,NA
"Com_34201_pos","Prostaglandin G2","C20 H32 O6",368.21945,6.968,369.22673,"No results","No results","Full match","Lipids and lipid-like molecules","Fatty Acyls","Eicosanoids","Prostaglandins and related compounds"
"Com_34218_pos","Normeperidine-d4","C14 H15 [2]H4 N O2",237.16565,6.408,238.17293,"Full match","No results","No results",NA,NA,NA,NA
"Com_34287_pos","N1-phenethylbenzene-1-carbothioamide","C15 H15 N S",241.0895,4.828,242.09678,"Invalid mass","No results","No results",NA,NA,NA,NA
"Com_34337_pos","Choline bitartrate","C9 H19 N O7",253.11573,5.477,254.12301,"No results","No results","Full match","Organic nitrogen compounds","Organonitrogen compounds","Quaternary ammonium salts","Cholines"
"Com_3435_pos","4-Chlorobenzophenone","C13 H9 Cl O",216.03535,6.516,217.04263,"Invalid mass","No results","No results","Benzenoids","Benzene and substituted derivatives","Benzophenones","Benzophenones"
"Com_34406_neg","ST 24:2;O4","C24 H38 O4",390.27956,7.557,389.27228,"No results","Invalid mass","No results",NA,NA,NA,NA
"Com_34489_pos","N'1-(6-methylpyridazin-3-yl)-4-chlorobenzene-1-carbohydrazide","C12 H11 Cl N4 O",262.06322,1.93,263.0705,"Full match","No results","No results",NA,NA,NA,NA
"Com_344_pos","Isoproterenol","C11 H17 N O3",211.12123,1.391,229.15505,"No results","No results","Full match","Benzenoids","Phenols","Benzenediols","Catechols"
"Com_3452_neg","Biocytin","C16 H28 N4 O4 S",372.18037,6.67,371.1731,"Invalid mass","No results","No results","Organic acids and derivatives","Carboxylic acids and derivatives","Amino acids, peptides, and analogues","L-alpha-amino acids"
"Com_34531_pos","1-[2-oxo-2-(2-phenoxyanilino)ethyl]-4-piperidinecarboxylic acid","C20 H22 N2 O4",354.15941,5.337,355.16669,"Full match","No results","No results",NA,NA,NA,NA
"Com_3456_pos","Pyridoxamine","C8 H12 N2 O2",168.09092,2.171,169.09819,"Invalid mass","Invalid mass","No results","Organoheterocyclic compounds","Pyridines and derivatives","Pyridoxamines","Pyridoxamine 5'-phosphates"
"Com_34581_pos","8Z,11Z,14Z-Eicosatrienoic acid","C20 H34 O2",306.25761,6.382,307.26489,"Invalid mass","No results","No results","Lipids and lipid-like molecules","Fatty Acyls","Fatty acids and conjugates","Long-chain fatty acids"
"Com_34594_pos","geranyl pp","C10 H20 O7 P2",314.06798,5.749,315.0754,"No results","No results","Full match","Lipids and lipid-like molecules","Prenol lipids","Isoprenoid phosphates","Isoprenoid phosphates"
"Com_345_pos","6-Methylnicotinamide","C7 H8 N2 O",136.06471,1.273,137.07199,"Invalid mass","Invalid mass","No results","Organoheterocyclic compounds","Pyridines and derivatives","Pyridinecarboxylic acids and derivatives","Nicotinamides"
"Com_34606_pos","2-(2,4-dihydroxyphenyl)-3,5,7-trihydroxy-4H-chromen-4-one","C15 H10 O7",302.04167,5.488,303.04894,"Full match","No results","No results",NA,NA,NA,NA
"Com_3462_neg","7-Hydroxy-3,4-dihydrocarbostyril","C9 H9 N O2",163.0631,5.328,162.05598,"No results","No results","Full match","Organoheterocyclic compounds","Quinolines and derivatives","Quinolones and derivatives","Hydroquinolones"
"Com_34650_pos","1,3-dimethyl-6-(trifluoromethyl)-1H-pyrazolo[3,4-b]pyridin-4-ol","C9 H8 F3 N3 O",253.04314,6.663,254.05042,"Invalid mass","No results","No results",NA,NA,NA,NA
"Com_34692_pos","Icaritin","C21 H20 O6",368.1276,6.606,369.13488,"Full match","No results","No results","Phenylpropanoids and polyketides","Flavonoids","Flavones","8-prenylated flavones"
"Com_3469_pos","trans-2-Butene-1,4-dicarboxylic Acid","C6 H8 O4",144.04291,6.542,145.05021,"No results","No results","Full match",NA,NA,NA,NA
"Com_34727_pos","(1E,4E)-1,5-bis(4-methoxyphenyl)penta-1,4-dien-3-one","C19 H18 O3",294.127,6.679,295.13427,"Full match","No results","No results",NA,NA,NA,NA
"Com_34736_neg","LPC 18:0","C26 H54 N O7 P",569.37332,10.101,568.36604,"No results","Invalid mass","No results","Lipids and lipid-like molecules","Glycerophospholipids","Glycerophosphocholines","Phosphocholines"
"Com_3474_neg","N2-Methylguanosine","C11 H15 N5 O5",297.10856,4.722,296.10128,"Full match","No results","Full match","Nucleosides, nucleotides, and analogues","Purine nucleosides","Not available","Purine nucleosides"
"Com_34752_pos","2,3-di(acetyloxy)-3-cyano-1-[1,2-di(acetyloxy)ethyl]propyl acetate","C16 H21 N O10",387.11769,4.723,388.12497,"Full match","No results","No results",NA,NA,NA,NA
"Com_34783_pos","6β-Oxycodol N-oxide","C18 H23 N O5",333.16091,6.832,334.16809,"Invalid mass","No results","No results","Benzenoids","Phenanthrenes and derivatives","Not available","Phenanthrenes and derivatives"
"Com_34808_pos","1-[2-(2,5-dimethyl-1H-pyrrol-1-yl)-4-nitrophenyl]-1H-imidazole","C15 H14 N4 O2",282.11174,5.327,283.11906,"Full match","No results","No results",NA,NA,NA,NA
"Com_34813_neg","2'-Deoxyguanosine 5'-monophosphate (dGMP)","C10 H14 N5 O7 P",347.06929,5.046,346.06201,"Invalid mass","No results","No results","Nucleosides, nucleotides, and analogues","Purine nucleotides","Purine deoxyribonucleotides","Purine 2'-deoxyribonucleoside monophosphates"
"Com_34873_pos","4-hydroxy-6,7-diphenyl-5,6-dihydro-2H-pyrano[3,2-c]pyridine-2,5-dione","C20 H13 N O4",331.08617,8.29,332.09344,"Invalid mass","No results","No results",NA,NA,NA,NA
"Com_34904_pos","Evernic acid","C17 H16 O7",332.08814,5.38,333.09541,"Full match","No results","No results","Phenylpropanoids and polyketides","Depsides and depsidones","Not available","Depsides and depsidones"
"Com_34907_pos","Dioctyldimethylammonium chloride","C18 H39 N",269.30978,6.536,270.31706,"Invalid mass","No results","No results",NA,NA,NA,NA
"Com_34937_pos","1-phenyl-3-{[5-(trifluoromethyl)-2-pyridyl]thio}prop-2-en-1-one","C15 H10 F3 N O S",309.04774,7.138,310.05502,"Invalid mass","No results","No results",NA,NA,NA,NA
"Com_34_neg","Farnesyl pyrophosphate","C15 H28 O7 P2",382.12851,5.545,381.12123,"Invalid mass","No results","No results","Lipids and lipid-like molecules","Prenol lipids","Sesquiterpenoids","Sesquiterpenoids"
"Com_35018_pos","Phe-Phe","C18 H20 N2 O3",312.14852,6.142,313.15579,"No results","No results","Full match","Organic acids and derivatives","Carboxylic acids and derivatives","Amino acids, peptides, and analogues","Dipeptides"
"Com_35022_pos","Linoleoyl ethanolamide","C20 H37 N O2",323.28393,6.878,324.2912,"Full match","No results","No results","Organic nitrogen compounds","Organonitrogen compounds","Amines","N-acylethanolamines"
"Com_35056_pos","N~1~,N~4~-bis(3-chloro-4-methylphenyl)but-2-enediamide","C18 H16 Cl2 N2 O2",384.03871,4.745,385.04599,"Invalid mass","No results","No results",NA,NA,NA,NA
"Com_35066_pos","Meperidine-d5","C15 H16 [2]H5 N O2",252.18857,6.966,253.19585,"Full match","No results","No results",NA,NA,NA,NA
"Com_3507_pos","Diosmetin","C16 H12 O6",300.06489,6.147,301.07216,"Invalid mass","No results","No results","Phenylpropanoids and polyketides","Flavonoids","O-methylated flavonoids","4'-O-methylated flavonoids"
"Com_35088_neg","trans-10-Heptadecenoic Acid","C17 H32 O2",268.24196,8.891,267.23468,"Invalid mass","No results","No results","Lipids and lipid-like molecules","Fatty Acyls","Fatty acids and conjugates","Long-chain fatty acids"
"Com_35129_pos","4-(cyclohexylmethyl)-6-(2-thienyl)-2,3-dihydropyridazin-3-one hydrate","C15 H18 N2 O S",296.0963,4.287,297.10358,"Invalid mass","No results","No results",NA,NA,NA,NA
"Com_35165_neg","Gibberellin A4","C19 H24 O5",332.16745,5.956,331.16021,"Invalid mass","No results","No results","Lipids and lipid-like molecules","Prenol lipids","Diterpenoids","C19-gibberellin 6-carboxylic acids"
"Com_35171_pos","Biliverdin","C33 H34 N4 O6",582.25045,6.271,583.25773,"No results","Full match","No results","Organoheterocyclic compounds","Tetrapyrroles and derivatives","Bilirubins","Bilirubins"
"Com_3518_pos","diethyl 3-amino-6-methylthieno[2,3-b]pyridine-2,5-dicarboxylate","C14 H16 N2 O4 S",143.05007,6.017,144.05753,"Invalid mass","Invalid mass","No results",NA,NA,NA,NA
"Com_35265_pos","2,6-di[2-chloro-4-(dimethylamino)benzylidene]cyclohexan-1-one","C24 H26 Cl2 N2 O",428.14991,4.773,429.15719,"Invalid mass","No results","No results",NA,NA,NA,NA
"Com_3529_pos","Methyl nicotinate","C7 H7 N O2",137.04833,5.003,138.05551,"No results","No results","Full match","Organoheterocyclic compounds","Pyridines and derivatives","Pyridinecarboxylic acids and derivatives","Pyridinecarboxylic acids"
"Com_352_neg","Azelaic acid","C9 H16 O4",188.10519,5.826,187.09791,"Full match","Full match","Full match","Lipids and lipid-like molecules","Fatty Acyls","Fatty acids and conjugates","Medium-chain fatty acids"
"Com_35339_neg","Inosine 5'-Monophosphate","C10 H13 N4 O8 P",348.04605,5.608,347.03877,"No results","No results","Full match","Nucleosides, nucleotides, and analogues","Purine nucleotides","Purine ribonucleotides","Purine ribonucleoside monophosphates"
"Com_3537_pos","Pyrogallol","C6 H6 O3",126.03261,5.061,127.03988,"Invalid mass","Invalid mass","No results","Benzenoids","Phenols","Benzenetriols and derivatives","5-unsubstituted pyrrogallols"
"Com_35380_neg","LPE 18:2","C23 H44 N O7 P",477.28881,8.679,476.28153,"No results","Invalid mass","No results","Lipids and lipid-like molecules","Glycerophospholipids","Glycerophosphoethanolamines","1-acyl-sn-glycero-3-phosphoethanolamines"
"Com_35398_pos","3-hydroxy-3,4-bis[(4-hydroxy-3-methoxyphenyl)methyl]oxolan-2-one","C20 H22 O7",356.12285,2.757,357.13013,"Invalid mass","No results","No results",NA,NA,NA,NA
"Com_353_pos","EMH","C16 H25 N5 O6 S",415.1551,5.874,416.16238,"Invalid mass","No results","No results",NA,NA,NA,NA
"Com_35405_pos","JWH 250 N-pentanoic acid metabolite","C22 H23 N O4",365.16716,6.827,366.17444,"Invalid mass","No results","No results","Organoheterocyclic compounds","Indoles and derivatives","Phenylacetylindoles","Phenylacetylindoles"
"Com_35438_pos","Piperine","C17 H19 N O3",285.13753,6.638,286.14481,"Full match","Full match","No results","Alkaloids and derivatives","Not available","Not available","Alkaloids and derivatives"
"Com_35448_neg","gamma-Glutamylcysteine","C8 H14 N2 O5 S",250.06341,1.407,249.05601,"No results","No results","Full match","Organic acids and derivatives","Carboxylic acids and derivatives","Amino acids, peptides, and analogues","N-acyl-alpha amino acids"
"Com_35451_pos","Lenalidomide","C13 H13 N3 O3",276.12352,3.106,277.1308,"Invalid mass","No results","No results",NA,NA,NA,NA
"Com_35457_pos","Psoralidin","C20 H16 O5",336.10453,1.292,337.11181,"Invalid mass","No results","No results","Phenylpropanoids and polyketides","Isoflavonoids","Coumestans","Coumestans"
"Com_35474_pos","1-(2-methoxy-4-nitrophenyl)pyrrolidine","C11 H14 N2 O3",222.09924,4.78,223.10652,"Invalid mass","No results","No results",NA,NA,NA,NA
"Com_3547_neg","N-Isobutyrylglycine","C6 H11 N O3",145.07397,4.775,144.0667,"Full match","No results","Full match","Organic acids and derivatives","Carboxylic acids and derivatives","Amino acids, peptides, and analogues","N-acyl-alpha amino acids"
"Com_35489_pos","1-(4-benzhydrylpiperidino)-2,2,2-trichloroethan-1-one","C20 H20 Cl3 N O",373.08488,5.077,396.07425,"Invalid mass","No results","No results",NA,NA,NA,NA
"Com_35580_neg","3,5-Diiodo-L-thyronine","C15 H13 I2 N O4",524.89296,3.088,523.88568,"No results","No results","Full match","Organic acids and derivatives","Carboxylic acids and derivatives","Amino acids, peptides, and analogues","Phenylalanine and derivatives"
"Com_35623_neg","2'-Deoxycytidine 5'-diphosphate (dCDP)","C9 H15 N3 O10 P2",387.02092,4.776,386.01364,"Invalid mass","No results","No results","Organic oxygen compounds","Organic oxoanionic compounds","Organic pyrophosphates","Organic pyrophosphates"
"Com_35625_pos","4-amino-1-(2-furylmethyl)-6-hydroxy-1,2-dihydropyrimidine-2-thione","C9 H9 N3 O2 S",245.02608,5.823,246.03336,"Invalid mass","No results","No results",NA,NA,NA,NA
"Com_35706_pos","3-methoxy-2-phenyl-4H-furo[2,3-h]chromen-4-one","C18 H12 O4",292.07487,6.132,293.08215,"Full match","No results","No results",NA,NA,NA,NA
"Com_3570_pos","N1-isopropyl-2-(phenylthio)benzamide","C16 H17 N O S",293.08476,5.963,294.09203,"Invalid mass","No results","No results",NA,NA,NA,NA
"Com_35714_pos","1-(4-methylphenyl)-3,5-diphenylpent-2-ene-1,5-dione","C24 H20 O2",340.14458,6.175,341.15186,"Invalid mass","No results","No results",NA,NA,NA,NA
"Com_35767_neg","LPS 20:4","C26 H44 N O9 P",545.27874,8.871,544.27146,"No results","Invalid mass","No results","Lipids and lipid-like molecules","Glycerophospholipids","Glycerophosphoserines","Phosphatidylserines"
"Com_3576_pos","4-Methoxycinnamaldehyde","C10 H10 O2",162.06885,5.519,163.07616,"Full match","No results","No results","Phenylpropanoids and polyketides","Cinnamaldehydes","Not available","Cinnamaldehydes"
"Com_35877_pos","10-methoxy-4H-benzo[4,5]cyclohepta[b]thiophen-4-one","C14 H10 O2 S",242.03716,5.327,243.04443,"Invalid mass","No results","No results",NA,NA,NA,NA
"Com_3587_pos","6-Methylflavone","C16 H12 O2",472.17408,6.025,473.18123,"Invalid mass","No results","No results","Phenylpropanoids and polyketides","Flavonoids","Flavones","Flavones"
"Com_3589_pos","(+/-)-Cannabichromeorcin","C17 H22 O2",258.1631,6.038,259.17039,"Full match","No results","No results","Organoheterocyclic compounds","Benzopyrans","1-benzopyrans","1-benzopyrans"
"Com_35941_pos","N-Acetyl-D-lactosamine","C14 H25 N O11",183.05836,1.395,184.06487,"Invalid mass","No results","No results","Organic oxygen compounds","Organooxygen compounds","Carbohydrates and carbohydrate conjugates","Acylaminosugars"
"Com_35994_neg","LPE 16:0","C21 H44 N O7 P",453.28863,8.983,452.28135,"No results","Invalid mass","No results","Lipids and lipid-like molecules","Glycerophospholipids","Glycerophosphoethanolamines","1-acyl-sn-glycero-3-phosphoethanolamines"
"Com_36010_pos","CAR 16:2","C23 H42 N O4",395.30516,7.254,396.31244,"No results","Invalid mass","No results",NA,NA,NA,NA
"Com_36059_neg","6,7-bis(2-methoxyethoxy)quinazolin-4(3H)-one","C14 H18 N2 O5",294.12405,6.137,293.11698,"Invalid mass","No results","No results",NA,NA,NA,NA
"Com_36076_pos","N-Oleoyl dopamine","C26 H43 N O3",439.31046,6.628,440.31773,"Invalid mass","No results","No results","Benzenoids","Phenols","Benzenediols","N-acyldopamines"
"Com_36140_pos","Eicosapentaenoic acid","C20 H30 O2",308.23611,7.252,309.24339,"Invalid mass","No results","No results","Lipids and lipid-like molecules","Fatty Acyls","Fatty acids and conjugates","Long-chain fatty acids"
"Com_36163_pos","3-[1-(dimethylamino)-1H-pyrrol-2-yl]-2-(2-furylcarbonyl)acrylonitrile","C14 H13 N3 O2",293.05824,4.838,294.06552,"Invalid mass","No results","No results",NA,NA,NA,NA
"Com_3618_pos","L-Glutamine","C5 H10 N2 O3",146.06994,1.27,147.07717,"Invalid mass","Invalid mass","No results","Organic acids and derivatives","Carboxylic acids and derivatives","Amino acids, peptides, and analogues","L-alpha-amino acids"
"Com_36218_pos","2-chloro-6-(1,4-thiazinan-4-yl)benzonitrile","C11 H11 Cl N2 S",260.01686,6.256,261.02414,"Invalid mass","No results","No results",NA,NA,NA,NA
"Com_36288_pos","Valproic acid","C8 H16 O2",144.11575,5.887,145.12292,"No results","No results","Full match","Lipids and lipid-like molecules","Fatty Acyls","Fatty acids and conjugates","Methyl-branched fatty acids"
"Com_36295_neg","3-[(Z)-(5-nitro-1H-indol-3-yl)methylidene]-1H-indol-2-one","C17 H11 N3 O3",305.07668,6.396,304.0694,"Invalid mass","No results","No results",NA,NA,NA,NA
"Com_3633_pos","Magnolol","C18 H18 O2",266.1328,6.628,267.13933,"Invalid mass","No results","No results","Benzenoids","Benzene and substituted derivatives","Biphenyls and derivatives","Biphenyls and derivatives"
"Com_3640_pos","D-Ala-D-Ala","C6 H12 N2 O3",160.08552,3.945,144.06613,"No results","No results","Full match","Organic acids and derivatives","Carboxylic acids and derivatives","Amino acids, peptides, and analogues","Dipeptides"
"Com_36417_neg","3-(1,1,2,3,3,3-hexafluoropropyl)adamantane-1-carboxylic acid","C14 H16 F6 O2",330.10612,4.945,329.09885,"Full match","No results","No results",NA,NA,NA,NA
"Com_36441_pos","CYM-5442","C23 H27 N3 O4",409.19621,4.611,410.20349,"Invalid mass","No results","No results","Organoheterocyclic compounds","Azoles","Oxadiazoles","Phenyloxadiazoles"
"Com_36471_pos","Hexadecanamide","C16 H33 N O",255.25764,10.471,256.26492,"Invalid mass","No results","No results","Lipids and lipid-like molecules","Fatty Acyls","Fatty amides","Fatty amides"
"Com_36503_pos","Haloperidol metabolite II","C21 H25 Cl F N O2",377.14982,5.135,378.1571,"Invalid mass","No results","No results","Organoheterocyclic compounds","Piperidines","Phenylpiperidines","Phenylpiperidines"
"Com_36592_pos","2-(4-chlorophenoxy)-N-(2-oxo-3-azepanyl)nicotinamide","C18 H18 Cl N3 O3",359.10203,5.151,360.10938,"Full match","No results","No results",NA,NA,NA,NA
"Com_36595_neg","ethyl 2-cyano-3-[2-(methylthio)anilino]acrylate","C13 H14 N2 O2 S",262.07542,5.566,261.06815,"Invalid mass","No results","No results",NA,NA,NA,NA
"Com_36620_pos","N-(9-oxodecyl)acetamide","C12 H23 N O2",235.1561,10.133,236.16337,"Invalid mass","No results","No results",NA,NA,NA,NA
"Com_3663_pos","Adenosine","C10 H13 N5 O4",267.09776,2.066,268.10504,"Full match","Full match","Full match","Nucleosides, nucleotides, and analogues","Purine nucleosides","Not available","Purine nucleosides"
"Com_366_pos","Fexofenadine","C32 H39 N O4",501.29057,5.817,502.29784,"Invalid mass","No results","No results","Benzenoids","Benzene and substituted derivatives","Diphenylmethanes","Diphenylmethanes"
"Com_36744_pos","2-[(3S)-1-(4-Chlorobenzyl)-3-pyrrolidinyl]-1-methyl-1H-benzimidazole","C19 H20 Cl N3",325.13663,6.353,326.14391,"Invalid mass","No results","No results","Organoheterocyclic compounds","Benzimidazoles","Not available","Benzimidazoles"
"Com_36768_pos","Ciprostene","C22 H36 O4",346.25043,6.668,347.25771,"Invalid mass","No results","No results","Lipids and lipid-like molecules","Fatty Acyls","Eicosanoids","Prostaglandins and related compounds"
"Com_367_pos","N3,N4-Dimethyl-L-arginine","C8 H18 N4 O2",202.14382,1.368,203.1511,"Full match","Full match","Full match","Organic acids and derivatives","Carboxylic acids and derivatives","Amino acids, peptides, and analogues","Arginine and derivatives"
"Com_36812_pos","2-(4,4-diphenyl-1-piperidinobuta-1,3-dienyl)phenyl acetate","C29 H29 N O2",423.21798,5.895,446.20764,"Full match","No results","No results",NA,NA,NA,NA
"Com_36843_neg","LPS 18:1","C24 H46 N O9 P",523.29456,9.651,522.28728,"No results","Invalid mass","No results","Lipids and lipid-like molecules","Glycerophospholipids","Glycerophosphoserines","Phosphatidylserines"
"Com_36894_neg","5-(4-chlorophenyl)-3-methylisoxazole-4-carbohydrazide","C11 H10 Cl N3 O2",251.04542,8.073,250.03815,"Full match","No results","No results",NA,NA,NA,NA
"Com_36918_pos","FLK","C21 H34 N4 O4",388.24575,6.165,389.25303,"Invalid mass","No results","No results",NA,NA,NA,NA
"Com_36922_pos","TLK","C16 H32 N4 O5",360.24035,6.959,361.24762,"Invalid mass","No results","No results",NA,NA,NA,NA
"Com_36931_neg","5,5-dimethyl-2-[(trifluoromethyl)sulfanyl]-1,3-cyclohexanedione","C9 H11 F3 O2 S",240.0469,6.529,239.03963,"Invalid mass","No results","No results",NA,NA,NA,NA
"Com_3693_pos","Homo-Gamma-Linolenic Acid (C20:3)","C20 H34 O2",306.25719,6.614,307.26446,"No results","No results","Full match","Lipids and lipid-like molecules","Fatty Acyls","Fatty acids and conjugates","Long-chain fatty acids"
"Com_3694_pos","2-Pyridylacetic acid","C7 H7 N O2",137.04823,4.841,138.05551,"Full match","No results","Full match","Organoheterocyclic compounds","Pyridines and derivatives","Not available","Pyridines and derivatives"
"Com_3696_pos","2-methyl-4-[(3-methyl-2-thienyl)methylene]-1,3-oxazol-5(4H)-one","C10 H9 N O2 S",207.03666,5.218,208.04394,"Invalid mass","No results","No results",NA,NA,NA,NA
"Com_36986_pos","CKK","C15 H31 N5 O4 S",399.19708,5.208,400.20435,"Invalid mass","No results","No results",NA,NA,NA,NA
"Com_3698_pos","Argininosuccinic acid","C10 H18 N4 O6",290.12364,1.305,291.13089,"Full match","Full match","Full match","Organic acids and derivatives","Carboxylic acids and derivatives","Amino acids, peptides, and analogues","Aspartic acid and derivatives"
"Com_36_pos","Creatine","C4 H9 N3 O2",131.07005,1.353,132.07732,"Full match","Full match","Full match","Organic acids and derivatives","Carboxylic acids and derivatives","Amino acids, peptides, and analogues","Alpha amino acids and derivatives"
"Com_37017_pos","N-Acetylglucosamine 1-phosphate","C8 H16 N O9 P",301.05522,1.493,302.0625,"No results","No results","Full match",NA,NA,NA,NA
"Com_37072_pos","KMH","C17 H30 N6 O4 S",396.19093,1.656,397.19857,"Invalid mass","No results","No results",NA,NA,NA,NA
"Com_3719_neg","2,4-Dichlorophenol","C6 H4 Cl2 O",161.96404,5.747,160.95676,"No results","No results","Full match","Benzenoids","Benzene and substituted derivatives","Phenyl sulfoxides","Phenyl sulfoxides"
"Com_3730_neg","Bisphenol A","C15 H16 O2",228.11209,1.382,227.10481,"Invalid mass","No results","No results","Benzenoids","Benzene and substituted derivatives","Diphenylmethanes","Bisphenols"
"Com_3737_neg","Cyclohexaneacetic acid","C8 H14 O2",142.09914,5.74,141.09186,"No results","No results","Full match","Organic acids and derivatives","Carboxylic acids and derivatives","Carboxylic acids","Carboxylic acids"
"Com_37418_pos","cyclohexyl{4-[4-nitro-2-(1H-pyrrol-1-yl)phenyl]piperazino}methanone","C21 H26 N4 O3",404.18323,6.922,405.19051,"Invalid mass","No results","No results",NA,NA,NA,NA
"Com_37420_neg","4-Guanidinobutanoic acid","C5 H11 N3 O2",145.08514,1.412,144.07786,"No results","No results","Full match","Organic acids and derivatives","Carboxylic acids and derivatives","Amino acids, peptides, and analogues","Gamma amino acids and derivatives"
"Com_3744_neg","Prostaglandin H2","C20 H32 O5",334.21628,6.308,333.20894,"Invalid mass","No results","No results","Lipids and lipid-like molecules","Fatty Acyls","Eicosanoids","Prostaglandins and related compounds"
"Com_37503_pos","PE 17:0_18:2","C40 H76 N O8 P",729.53465,10.361,730.54193,"No results","Invalid mass","No results",NA,NA,NA,NA
"Com_37569_pos","PE 32:1","C37 H72 N O8 P",711.48552,10.659,712.4928,"No results","Invalid mass","No results","Lipids and lipid-like molecules","Glycerophospholipids","Glycerophosphoethanolamines","1-alkyl,2-acylglycerophosphoethanolamines"
"Com_37589_pos","5-Hydroxymethyluracil","C5 H6 N2 O3",142.03854,1.634,143.04587,"No results","No results","Full match","Organoheterocyclic compounds","Diazines","Pyrimidines and pyrimidine derivatives","Pyrimidones"
"Com_37651_pos","ethyl 6-chloro-2-methyl-4-phenylquinoline-3-carboxylate","C19 H16 Cl N O2",325.09119,7.731,326.09848,"Invalid mass","No results","No results",NA,NA,NA,NA
"Com_37664_pos","10-Nitrolinoleate","C18 H31 N O4",347.20894,8.577,348.21622,"Invalid mass","No results","No results","Lipids and lipid-like molecules","Fatty Acyls","Lineolic acids and derivatives","Lineolic acids and derivatives"
"Com_37685_neg","2-Hydroxy-2-methylbutanedioic acid","C5 H8 O5",148.03707,5.578,147.02991,"No results","No results","Full match","Lipids and lipid-like molecules","Fatty Acyls","Fatty acids and conjugates","Methyl-branched fatty acids"
"Com_37716_pos","3-phenyl-5-[3-(2-thienyl)-1H-pyrazol-1-yl]-1,2,4-thiadiazole","C15 H10 N4 S2",310.03565,6.89,293.03201,"Full match","No results","No results",NA,NA,NA,NA
"Com_3773_pos","4-Coumaric acid","C9 H8 O3",164.04815,5.242,165.05551,"Full match","Full match","Full match","Phenylpropanoids and polyketides","Cinnamic acids and derivatives","Hydroxycinnamic acids and derivatives","Hydroxycinnamic acids"
"Com_37755_neg","PE 14:0_16:0","C35 H70 N O8 P",663.48842,10.164,662.48114,"No results","Invalid mass","No results",NA,NA,NA,NA
"Com_37771_neg","4-Hydroxy-L-Glutamic Acid","C5 H9 N O5",163.048,1.398,162.04096,"No results","No results","Full match","Organic acids and derivatives","Carboxylic acids and derivatives","Amino acids, peptides, and analogues","Glutamic acid and derivatives"
"Com_37807_pos","N-Arachidonoyl-L-serine","C23 H37 N O4",391.27083,6.693,392.27811,"Full match","Invalid mass","No results","Organic acids and derivatives","Carboxylic acids and derivatives","Amino acids, peptides, and analogues","N-acyl-alpha amino acids"
"Com_3783_pos","Ferulic acid","C10 H10 O4",194.05907,1.626,195.06633,"Invalid mass","No results","No results","Phenylpropanoids and polyketides","Cinnamic acids and derivatives","Hydroxycinnamic acids and derivatives","Hydroxycinnamic acids"
"Com_37849_pos","isonicotinaldehyde 4-(5-methyl-2,4-dinitrophenyl)hydrazone","C13 H11 N5 O4",301.07864,1.983,302.08592,"Invalid mass","No results","No results",NA,NA,NA,NA
"Com_37850_neg","2'-O-Methyladenosine","C11 H15 N5 O4",281.11208,1.325,280.10478,"Full match","No results","Full match","Nucleosides, nucleotides, and analogues","Purine nucleosides","Not available","Purine nucleosides"
"Com_37943_pos","7-Ketocholesterol","C27 H44 O2",400.33541,6.544,383.33209,"No results","No results","Full match","Lipids and lipid-like molecules","Steroids and steroid derivatives","Cholestane steroids","Cholesterols and derivatives"
"Com_37952_pos","6-benzyl-4-oxo-1,4-dihydropyridine-3-carboxamide","C13 H12 N2 O2",211.06378,4.793,212.0709,"Invalid mass","No results","No results",NA,NA,NA,NA
"Com_37979_neg","glutathione disulfide","C20 H32 N6 O12 S2",612.15464,5.681,611.14736,"No results","No results","Full match","Organic acids and derivatives","Carboxylic acids and derivatives","Amino acids, peptides, and analogues","Peptides"
"Com_379_pos","CAR 11:1","C18 H34 N O4",327.24244,6.244,328.24972,"No results","Invalid mass","No results",NA,NA,NA,NA
"Com_3803_pos","N1-(2-pyridyl)-2-(3,5-difluorophenyl)acetamide","C13 H10 F2 N2 O",248.07875,2.712,249.08603,"Invalid mass","No results","No results",NA,NA,NA,NA
"Com_38174_pos","11β-Hydroxyandrosterone","C19 H30 O3",306.22039,6.762,307.22767,"Full match","No results","No results","Lipids and lipid-like molecules","Steroids and steroid derivatives","Androstane steroids","Androgens and derivatives"
"Com_3821_neg","4-Methylcatechol","C7 H8 O2",124.05199,4.729,123.04472,"Full match","No results","No results","Benzenoids","Phenols","Benzenediols","Catechols"
"Com_38264_pos","GQH","C13 H20 N6 O5",680.28889,1.08,341.15172,"Invalid mass","No results","No results",NA,NA,NA,NA
"Com_38410_neg","Adrenic acid","C22 H36 O2",332.274,10.49,331.26672,"Invalid mass","No results","No results","Lipids and lipid-like molecules","Fatty Acyls","Fatty acids and conjugates","Very long-chain fatty acids"
"Com_3841_neg","1-Naphthol","C10 H8 O",144.05734,5.693,143.05004,"Full match","No results","Full match","Benzenoids","Naphthalenes","Naphthols and derivatives","Naphthols and derivatives"
"Com_3844_pos","Harmine","C13 H12 N2 O",212.09191,5.004,213.09918,"Invalid mass","No results","No results","Alkaloids and derivatives","Harmala alkaloids","Not available","Harmala alkaloids"
"Com_38459_neg","1a,1b-Dihomo prostaglandin E1","C22 H38 O5",364.26281,6.749,363.25554,"Invalid mass","No results","No results","Lipids and lipid-like molecules","Fatty Acyls","Eicosanoids","Prostaglandins and related compounds"
"Com_38534_pos","(1E)-1,7-bis(4-hydroxyphenyl)hept-1-en-3-one","C19 H20 O3",296.14235,5.45,297.14963,"Full match","No results","No results",NA,NA,NA,NA
"Com_38550_pos","PQH","C16 H24 N6 O5",170.09465,6.278,171.10241,"Invalid mass","No results","No results",NA,NA,NA,NA
"Com_38565_pos","5-[4-(tert-butyl)phenyl]-1,3,4-oxadiazole-2-thiol","C12 H14 N2 O S",234.08048,6.674,235.08776,"Invalid mass","No results","No results",NA,NA,NA,NA
"Com_38576_neg","L-arginine","C6 H14 N4 O2",174.11183,1.251,173.10455,"No results","No results","Full match","Organic acids and derivatives","Carboxylic acids and derivatives","Amino acids, peptides, and analogues","L-alpha-amino acids"
"Com_3857_pos","N,N'-di[4-(2,6-dimethylmorpholino)phenyl]thiourea","C25 H34 N4 O2 S",476.2197,5.55,477.22697,"Invalid mass","No results","No results",NA,NA,NA,NA
"Com_38678_neg","TPP","C12 H19 Cl N4 O7 P2 S",460.01381,5.075,459.00653,"No results","No results","Full match","Benzenoids","Benzene and substituted derivatives","Phenoxy compounds","Phenoxy compounds"
"Com_38683_pos","Avobenzone","C20 H22 O3",310.15857,8.83,311.16585,"Invalid mass","No results","No results",NA,NA,NA,NA
"Com_38694_pos","2-(cyclopropylcarbonyl)-3-(4-fluoroanilino)acrylonitrile","C13 H11 F N2 O",268.04537,1.723,269.05264,"Invalid mass","No results","No results",NA,NA,NA,NA
"Com_38720_neg","SHexCer 40:0;3O","C46 H91 N O12 S",881.62727,1.237,880.62,"No results","Full match","No results",NA,NA,NA,NA
"Com_38851_pos","2,3-dihydroxypropyl 12-methyltridecanoate","C17 H34 O4",284.23662,8.122,285.2439,"Invalid mass","No results","No results",NA,NA,NA,NA
"Com_38895_pos","2-(methylthio)nicotinamide","C7 H8 N2 O S",190.01982,5.768,191.0271,"Invalid mass","No results","No results",NA,NA,NA,NA
"Com_3891_neg","Sebacic acid","C10 H18 O4",202.12115,5.789,201.1138,"No results","No results","Full match","Lipids and lipid-like molecules","Fatty Acyls","Fatty acids and conjugates","Medium-chain fatty acids"
"Com_39001_neg","Guanosine triphosphate (GTP)","C10 H16 N5 O14 P3",522.98744,2.43,521.98016,"Invalid mass","No results","No results","Nucleosides, nucleotides, and analogues","Purine nucleotides","Purine ribonucleotides","Purine ribonucleoside triphosphates"
"Com_39131_pos","Biotin","C10 H16 N2 O3 S",488.1765,5.164,489.18378,"Invalid mass","No results","No results","Organoheterocyclic compounds","Biotin and derivatives","Not available","Biotin and derivatives"
"Com_391_pos","XLR11 N-(2-fluoropentyl) isomer","C21 H28 F N O",329.22161,5.764,330.2289,"Invalid mass","No results","No results","Organoheterocyclic compounds","Indoles and derivatives","N-alkylindoles","N-alkylindoles"
"Com_39212_pos","SPB 17:1;2O","C17 H35 N O2",285.26829,6.806,286.27566,"No results","Invalid mass","No results",NA,NA,NA,NA
"Com_39284_pos","LPC 21:2","C29 H56 N O7 P",1166.70383,5.568,584.35919,"No results","Invalid mass","No results","Lipids and lipid-like molecules","Glycerophospholipids","Glycerophosphocholines","Phosphocholines"
"Com_39368_pos","Lysops 22:5","C28 H46 N O9 P",571.28819,5.363,572.29547,"No results","No results","Full match","Lipids and lipid-like molecules","Glycerophospholipids","Glycerophosphoethanolamines","2-acyl-sn-glycero-3-phosphoethanolamines"
"Com_39397_neg","ent-8-iso Prostaglandin F2α","C20 H34 O5",354.24064,8.057,353.23337,"Full match","No results","Full match","Lipids and lipid-like molecules","Fatty Acyls","Eicosanoids","Prostaglandins and related compounds"
"Com_393_pos","1-[4-hydroxy-3-(3-methylbut-2-en-1-yl)phenyl]ethan-1-one","C13 H16 O2",204.11606,6.014,205.12334,"Invalid mass","No results","No results",NA,NA,NA,NA
"Com_39448_pos","cholesteryl sulfate","C27 H46 O4 S",466.31008,6.924,467.31735,"No results","No results","Full match","Lipids and lipid-like molecules","Steroids and steroid derivatives","Cholestane steroids","Cholesterols and derivatives"
"Com_39456_neg","12-Hydroxydodecanoic acid","C12 H24 O3",216.17347,6.876,215.16622,"Full match","No results","No results","Organic acids and derivatives","Hydroxy acids and derivatives","Medium-chain hydroxy acids and derivatives","Medium-chain hydroxy acids and derivatives"
"Com_39488_pos","N-(3,5-dimethyl-4-isoxazolyl)-N'-(2-phenoxyethyl)urea","C14 H17 N3 O3",313.07521,1.616,314.08249,"Invalid mass","No results","No results",NA,NA,NA,NA
"Com_394_pos","HKK","C18 H33 N7 O4",393.25294,5.397,394.26027,"Invalid mass","No results","No results",NA,NA,NA,NA
"Com_39570_neg","Deoxyguanosine diphosphate (dGDP)","C10 H15 N5 O10 P2",427.02382,4.657,426.01654,"Invalid mass","No results","No results","Nucleosides, nucleotides, and analogues","Purine nucleotides","Purine deoxyribonucleotides","Purine 2'-deoxyribonucleoside diphosphates"
"Com_39594_pos","1,4-dihydroxyheptadec-16-en-2-yl acetate","C19 H36 O4",310.25191,8.526,311.25919,"Invalid mass","No results","No results",NA,NA,NA,NA
"Com_39673_neg","N1-(2-chloro-6-fluorobenzyl)-3,4-dimethoxybenzene-1-sulfonamide","C15 H15 Cl F N O4 S",359.036,1.908,358.02873,"Invalid mass","No match","No results",NA,NA,NA,NA
"Com_39684_neg","LPE 14:0","C19 H40 N O7 P",425.2572,8.361,424.24992,"No results","Invalid mass","No results","Lipids and lipid-like molecules","Glycerophospholipids","Glycerophosphoethanolamines","1-acyl-sn-glycero-3-phosphoethanolamines"
"Com_3970_pos","6-Methylquinoline","C10 H9 N",143.07417,5.393,144.08144,"Full match","No results","No results","Organoheterocyclic compounds","Quinolines and derivatives","Not available","Quinolines and derivatives"
"Com_39753_pos","PC 16:0_16:1","C40 H78 N O8 P",731.54985,10.875,732.55713,"No results","Full match","No results",NA,NA,NA,NA
"Com_3979_neg","3-Methylglutaric acid","C6 H10 O4",146.05766,5.219,145.0503,"Full match","Full match","Full match","Lipids and lipid-like molecules","Fatty Acyls","Fatty acids and conjugates","Methyl-branched fatty acids"
"Com_397_pos","Leucine","C6 H13 N O2",131.09529,3.425,132.10256,"Invalid mass","Invalid mass","No results","Organic acids and derivatives","Carboxylic acids and derivatives","Amino acids, peptides, and analogues","Leucine and derivatives"
"Com_3989_neg","Ethyl-β-D-glucuronide","C8 H14 O7",222.07457,1.919,221.06729,"Full match","No results","No results","Organic oxygen compounds","Organooxygen compounds","Carbohydrates and carbohydrate conjugates","O-glucuronides"
"Com_39919_pos","Rosmarinic acid","C18 H16 O8",377.10988,5.017,378.11716,"Invalid mass","No results","No results","Phenylpropanoids and polyketides","Cinnamic acids and derivatives","Hydroxycinnamic acids and derivatives","Coumaric acids and derivatives"
"Com_3996_pos","Cathine","C9 H13 N O",151.10038,5.155,152.10766,"Full match","Full match","No results","Benzenoids","Benzene and substituted derivatives","Phenylpropanes","Phenylpropanes"
"Com_39993_neg","2'-Deoxyadenosine 5'-monophosphate (dAMP)","C10 H14 N5 O6 P",331.07057,1.398,330.06329,"Invalid mass","No results","No results","Nucleosides, nucleotides, and analogues","Purine nucleotides","Purine deoxyribonucleotides","Purine 2'-deoxyribonucleoside monophosphates"
"Com_3_pos","Sitagliptin","C16 H15 F6 N5 O",407.1192,5.478,408.12648,"Full match","No results","No results","Organic acids and derivatives","Carboxylic acids and derivatives","Amino acids, peptides, and analogues","Beta amino acids and derivatives"
"Com_40010_pos","Obacunone","C26 H30 O7",454.1997,7.36,455.20697,"Full match","No results","No results","Lipids and lipid-like molecules","Prenol lipids","Triterpenoids","Limonoids"
"Com_40034_pos","2-[(3S)-1-(Cyclohexylmethyl)-3-pyrrolidinyl]-5-methyl-1H-benzimidazole","C19 H27 N3",319.20106,5.479,320.20833,"Invalid mass","No results","No results","Organoheterocyclic compounds","Benzimidazoles","Not available","Benzimidazoles"
"Com_4006_pos","2-[(3S)-1-(3-Methoxybenzyl)-3-pyrrolidinyl]-1,3-benzothiazole","C19 H20 N2 O S",151.07372,5.607,325.13669,"Invalid mass","No results","No results","Organoheterocyclic compounds","Benzothiazoles","Not available","Benzothiazoles"
"Com_40090_pos","Adenosine diphosphate (ADP)","C10 H15 N5 O10 P2",427.03157,4.605,428.03885,"Invalid mass","No results","No results","Nucleosides, nucleotides, and analogues","Purine nucleotides","Purine ribonucleotides","Purine ribonucleoside diphosphates"
"Com_40109_pos","N-{6-[4-(tert-butyl)phenoxy]-3-pyridinyl}-N'-(2-thienyl)urea","C20 H21 N3 O2 S",389.11685,4.982,390.12413,"Invalid mass","No results","No results",NA,NA,NA,NA
"Com_40121_neg","PC 16:0_20:4","C44 H80 N O8 P",827.5741,11.264,826.56682,"No results","Invalid mass","No results",NA,NA,NA,NA
"Com_40139_neg","4-(acetylamino)phenyl 3-chlorobenzoate","C15 H12 Cl N O3",325.02958,6.763,324.02231,"Invalid mass","No results","No results",NA,NA,NA,NA
"Com_40360_pos","N,N-Dimethylsphingosine","C20 H41 N O2",327.31546,7.581,328.32279,"Invalid mass","Invalid mass","No results","Organic nitrogen compounds","Organonitrogen compounds","Amines","1,2-aminoalcohols"
"Com_4047_pos","Boc-beta-cyano-L-alanine","C9 H14 N2 O4",214.09632,2.784,215.10359,"No results","No results","Full match","Organic acids and derivatives","Carboxylic acids and derivatives","Amino acids, peptides, and analogues","Alpha amino acids and derivatives"
"Com_40579_neg","LPC 18:2","C26 H50 N O7 P",565.34159,8.672,564.33431,"No results","Invalid mass","No results","Lipids and lipid-like molecules","Glycerophospholipids","Glycerophosphocholines","Phosphocholines"
"Com_4061_pos","3-(4-methoxyanilino)-1-(4-methoxyphenyl)prop-2-ene-1-thione","C17 H17 N O2 S",299.10185,1.435,300.10913,"Invalid mass","No results","No results",NA,NA,NA,NA
"Com_4062_neg","3-(pyrazin-2-ylamino)-2-(2-thienylcarbonyl)acrylonitrile","C12 H8 N4 O S",256.03869,6.982,255.03141,"Invalid mass","No results","No results",NA,NA,NA,NA
"Com_4064_pos","2-Phenylacetamide","C8 H9 N O",135.06899,6.163,136.07626,"No results","Full match","No results","Benzenoids","Benzene and substituted derivatives","Phenylacetamides","Phenylacetamides"
"Com_4066_pos","N-(5-acetamidopentyl)acetamide","C9 H18 N2 O2",186.13777,5.101,187.14505,"Invalid mass","No results","No results",NA,NA,NA,NA
"Com_406_pos","DL-Tryptophan","C11 H12 N2 O2",204.09072,5.212,205.0981,"Full match","Full match","Full match","Organoheterocyclic compounds","Indoles and derivatives","Indolyl carboxylic acids and derivatives","Indolyl carboxylic acids and derivatives"
"Com_40723_neg","13(S)-HOTrE","C18 H30 O3",294.22178,7.231,293.21451,"Invalid mass","No results","No results","Lipids and lipid-like molecules","Fatty Acyls","Lineolic acids and derivatives","Lineolic acids and derivatives"
"Com_40759_neg","LPE O-18:2","C23 H46 N O6 P",463.30964,9.825,462.30237,"No results","Invalid mass","No results",NA,NA,NA,NA
"Com_40794_neg","Uridine monophosphate (UMP)","C9 H13 N2 O9 P",324.03712,1.876,323.02985,"Full match","No results","Full match","Nucleosides, nucleotides, and analogues","Pyrimidine nucleotides","Pyrimidine ribonucleotides","Pyrimidine ribonucleoside monophosphates"
"Com_4084_pos","Isopropyl myristate","C17 H34 O2",287.28406,6.541,288.29134,"Invalid mass","No results","No results","Lipids and lipid-like molecules","Fatty Acyls","Fatty acid esters","Fatty acid esters"
"Com_4087_neg","N-Acetyl-L-phenylalanine","C11 H13 N O3",207.09019,5.631,206.08291,"Full match","No results","Full match","Organic acids and derivatives","Carboxylic acids and derivatives","Amino acids, peptides, and analogues","Phenylalanine and derivatives"
"Com_4094_neg","β-D-Glucopyranuronic acid","C6 H10 O7",194.04309,6.483,193.03585,"Full match","No results","Full match","Organic oxygen compounds","Organooxygen compounds","Carbohydrates and carbohydrate conjugates","Glucuronic acid derivatives"
"Com_40953_pos","2-({2-[(3-methyl-5-cinnolinyl)amino]-2-oxoethyl}sulfanyl)acetic acid","C13 H13 N3 O3 S",291.07341,1.229,292.08069,"Invalid mass","No results","No results",NA,NA,NA,NA
"Com_40958_pos","SPK","C14 H26 N4 O5",352.16744,6.753,353.17471,"Invalid mass","No results","No results",NA,NA,NA,NA
"Com_40965_neg","N-Lauroylsarcosine","C15 H29 N O3",271.21611,7.775,270.20883,"No results","Invalid mass","No results","Organic acids and derivatives","Carboxylic acids and derivatives","Amino acids, peptides, and analogues","N-acyl-alpha amino acids"
"Com_4109_pos","2-(trifluoromethyl)-1H-benzo[d]imidazole","C8 H5 F3 N2",186.04137,6.04,187.04865,"Full match","No results","No results",NA,NA,NA,NA
"Com_410_pos","N-Acetyl-D-tryptophan","C13 H14 N2 O3",246.1016,5.608,247.10886,"No results","No results","Full match","Organic acids and derivatives","Carboxylic acids and derivatives","Amino acids, peptides, and analogues","N-acyl-alpha amino acids"
"Com_4123_pos","Valylproline","C10 H18 N2 O3",214.13286,1.588,215.14014,"Invalid mass","No results","No results","Organic acids and derivatives","Carboxylic acids and derivatives","Amino acids, peptides, and analogues","Dipeptides"
"Com_41263_pos","Jervine","C27 H39 N O3",443.30489,6.904,426.30164,"Invalid mass","No results","No results","Lipids and lipid-like molecules","Steroids and steroid derivatives","Steroidal alkaloids","Jerveratrum-type alkaloids"
"Com_41276_pos","2-morpholinophenyl 2-[(4-chlorophenyl)sulfanyl]nicotinate","C22 H19 Cl N2 O3 S",852.15832,11.723,427.08644,"Invalid mass","No results","No results",NA,NA,NA,NA
"Com_41288_pos","D-Lactose monohydrate","C12 H22 O11",342.11788,1.279,343.12531,"Full match","Full match","Full match",NA,NA,NA,NA
"Com_4131_neg","4-Acetamidobutanoic acid","C6 H11 N O3",145.07366,2.057,144.06638,"Full match","No results","Full match","Organic acids and derivatives","Carboxylic acids and derivatives","Amino acids, peptides, and analogues","Gamma amino acids and derivatives"
"Com_41415_neg","NAD+","C21 H27 N7 O14 P2",663.10788,5.006,662.1006,"No results","No results","Full match","Nucleosides, nucleotides, and analogues","(5'-&gt;5')-dinucleotides","Not available","(5'-&gt;5')-dinucleotides"
"Com_41444_pos","Docosatrienoic acid","C22 H38 O2",334.28885,8.835,335.29613,"Full match","No results","No results","Lipids and lipid-like molecules","Fatty Acyls","Fatty acids and conjugates","Very long-chain fatty acids"
"Com_41453_pos","ethyl 4-bromo-1,5-dimethyl-1H-pyrazole-3-carboxylate","C8 H11 Br N2 O2",123.00065,7.057,247.0085,"Invalid mass","No results","No results",NA,NA,NA,NA
"Com_41587_neg","α,α-Trehalose","C12 H22 O11",342.1125,6.932,341.10522,"Invalid mass","No results","No results","Organic oxygen compounds","Organooxygen compounds","Carbohydrates and carbohydrate conjugates","O-glycosyl compounds"
"Com_415_pos","CAR 10:2","C17 H30 N O4",311.21105,5.984,312.21832,"No results","Invalid mass","No results",NA,NA,NA,NA
"Com_4160_pos","4-[4-(aminocarbonyl)piperidino]-4-oxobut-2-enoic acid","C10 H14 N2 O4",226.0967,5.108,227.10398,"Invalid mass","No results","No results",NA,NA,NA,NA
"Com_41626_neg","Chenodeoxycholic Acid","C24 H40 O4",438.30095,7.856,437.29367,"Invalid mass","No results","No results","Lipids and lipid-like molecules","Steroids and steroid derivatives","Bile acids, alcohols and derivatives","Dihydroxy bile acids, alcohols and derivatives"
"Com_41629_pos","5,6-dimethyl-3-[5-(trifluoromethyl)pyridin-2-yl]-1,2,4-triazine","C11 H9 F3 N4",254.07807,5.514,255.08568,"Full match","No results","No results",NA,NA,NA,NA
"Com_4162_pos","(R)-Equol","C15 H14 O3",242.09563,5.533,243.10291,"Invalid mass","Invalid mass","No results","Phenylpropanoids and polyketides","Isoflavonoids","Isoflavans","Isoflavanols"
"Com_41832_pos","1,6-dihydroxy-3-methoxy-8-methyl-9H-xanthen-9-one","C15 H12 O5",272.0696,4.845,273.07687,"Full match","No results","No results",NA,NA,NA,NA
"Com_4184_pos","alpha-Ketoglutaric acid","C5 H6 O5",146.02214,1.775,147.02942,"No results","No results","Full match","Organic acids and derivatives","Keto acids and derivatives","Gamma-keto acids and derivatives","Gamma-keto acids and derivatives"
"Com_41873_pos","4-[2-(2-methylphenyl)-2-oxoethyl]benzamide","C16 H15 N O2",253.11203,5.083,254.11931,"Invalid mass","No results","No results",NA,NA,NA,NA
"Com_418_pos","Caffeine","C8 H10 N4 O2",194.08134,5.348,195.08862,"Full match","Full match","No results","Organoheterocyclic compounds","Imidazopyrimidines","Purines and purine derivatives","Xanthines"
"Com_4194_pos","Luotonin A","C18 H11 N3 O",285.08615,1.413,286.0934,"Invalid mass","No results","No results","Organoheterocyclic compounds","Diazanaphthalenes","Benzodiazines","Quinazolines"
"Com_42111_neg","diethyl 1-(2,3,4,5,6-pentamethylphenyl)hydrazine-1,2-dicarboxylate","C17 H26 N2 O4",322.18367,9.022,321.17639,"Invalid mass","No results","No results",NA,NA,NA,NA
"Com_42153_pos","2-Arachidonoyl glycerol","C23 H38 O4",360.26807,6.935,361.2749,"Invalid mass","No results","No results","Lipids and lipid-like molecules","Endocannabinoids","Not available","Endocannabinoids"
"Com_4224_pos","THJ2201 N-pentanoic acid metabolite","C23 H20 N2 O3",372.14407,5.455,373.15131,"Invalid mass","No results","No results","Benzenoids","Naphthalenes","Naphthalenecarboxylic acids and derivatives","Naphthalenecarboxylic acids and derivatives"
"Com_42358_pos","Fenvalerate","C25 H22 Cl N O3",436.15569,6.327,437.16296,"Invalid mass","No results","No results","Lipids and lipid-like molecules","Fatty Acyls","Fatty acid esters","Pyrethroids"
"Com_4235_pos","15-Deoxy-Δ12,14-prostaglandin J2-2-glycerol ester","C23 H34 O5",390.24025,6.291,391.24753,"Full match","No results","No results","Lipids and lipid-like molecules","Fatty Acyls","Eicosanoids","Prostaglandins and related compounds"
"Com_423_pos","Guvacoline","C7 H11 N O2",141.07956,1.769,142.08683,"Full match","No results","No results","Alkaloids and derivatives","Not available","Not available","Alkaloids and derivatives"
"Com_42425_pos","Indoxyl-β-D-glucuronide","C14 H15 N O7",309.08665,5.117,310.09388,"Invalid mass","No results","No results","Organic oxygen compounds","Organooxygen compounds","Carbohydrates and carbohydrate conjugates","O-glucuronides"
"Com_4242_neg","Taurine","C2 H7 N O3 S",125.01424,1.396,124.00697,"Full match","No results","Full match","Organic acids and derivatives","Organic sulfonic acids and derivatives","Organosulfonic acids and derivatives","Organosulfonic acids"
"Com_4243_neg","ethyl 3-[3,5-di(trifluoromethyl)anilino]-2-nitroacrylate","C13 H10 F6 N2 O4",372.05338,5.212,371.04628,"Full match","No results","No results",NA,NA,NA,NA
"Com_4248_neg","5-Hydroxytryptophan","C11 H12 N2 O3",220.0854,3.936,219.07813,"Full match","No results","Full match","Organoheterocyclic compounds","Indoles and derivatives","Tryptamines and derivatives","Serotonins"
"Com_4249_pos","3,3-dimethyl-2-morpholino-2,3-dihydrobenzo[b]furan-5-ol","C14 H19 N O3",249.13769,5.195,250.14496,"Full match","No results","No results",NA,NA,NA,NA
"Com_424_pos","Oxohongdenafil","C25 H32 N6 O4",480.25646,5.405,481.26374,"Invalid mass","No results","No results","Organic oxygen compounds","Organooxygen compounds","Carbonyl compounds","Alkyl-phenylketones"
"Com_42501_pos","Lithocholic Acid","C24 H40 O3",358.28873,7.725,359.296,"Invalid mass","No results","No results","Lipids and lipid-like molecules","Steroids and steroid derivatives","Bile acids, alcohols and derivatives","Monohydroxy bile acids, alcohols and derivatives"
"Com_42505_pos","3,4,10,11-tetramethoxy-7,8,12b,13-tetrahydro-5H-6-azatetraphene","C21 H25 N O4",355.17714,7.526,356.18442,"Full match","No results","No results",NA,NA,NA,NA
"Com_42577_pos","Docosapentaenoic acid","C22 H34 O2",330.25721,7.855,331.26449,"Full match","No results","Full match","Lipids and lipid-like molecules","Fatty Acyls","Fatty acids and conjugates","Very long-chain fatty acids"
"Com_42633_pos","3-[4-(4-methoxyphenyl)-1,3-thiazol-2-yl]-5-methylisoxazole","C14 H12 N2 O2 S",272.06191,7.025,273.06918,"Full match","No results","No results",NA,NA,NA,NA
"Com_4264_pos","3-(4-hydroxyphenyl)propanohydrazide","C9 H12 N2 O2",180.09076,5.501,181.09804,"Full match","No results","No results",NA,NA,NA,NA
"Com_42792_neg","Trigoneoside Xb","C45 H76 O19",966.48744,6.811,965.48016,"Invalid mass","No results","No results","Lipids and lipid-like molecules","Steroids and steroid derivatives","Steroidal glycosides","Steroidal saponins"
"Com_4282_pos","(5-L-Glutamyl)-L-Amino Acid","C8 H14 N2 O5",218.09135,1.623,219.09854,"No results","No results","Full match","Organic acids and derivatives","Carboxylic acids and derivatives","Amino acids, peptides, and analogues","N-acyl-alpha amino acids"
"Com_42877_pos","(4-nitrophenyl)(2,3,4,5,6-pentamethylphenyl)methanone","C18 H19 N O3",297.14079,6.702,298.14807,"Invalid mass","No results","No results",NA,NA,NA,NA
"Com_42895_neg","1-(4-chlorophenyl)-3-hydroxy-1,2-dihydroquinoxalin-2-one","C14 H9 Cl N2 O2",272.0341,7.587,271.02682,"Full match","No results","No results",NA,NA,NA,NA
"Com_428_pos","4-Guanidinobutyric acid","C5 H11 N3 O2",145.08576,1.445,146.09304,"Full match","Full match","Full match","Organic acids and derivatives","Carboxylic acids and derivatives","Amino acids, peptides, and analogues","Gamma amino acids and derivatives"
"Com_4290_neg","2-Methylpentanedioic acid","C6 H10 O4",146.05817,5.24,145.05073,"No results","No results","Full match","Lipids and lipid-like molecules","Fatty Acyls","Fatty acids and conjugates","Hydroxy fatty acids"
"Com_42930_neg","2,3-Dinor-8-epi-prostaglandin F2α","C18 H30 O5",652.42317,7.512,651.41589,"Invalid mass","No results","No results","Lipids and lipid-like molecules","Fatty Acyls","Eicosanoids","Prostaglandins and related compounds"
"Com_4293_pos","N-Acetylhistamine","C7 H11 N3 O",153.09088,1.605,154.09816,"Full match","Full match","Full match","Organic acids and derivatives","Carboxylic acids and derivatives","Carboxylic acid derivatives","N-acetyl-2-arylethylamines"
"Com_42971_pos","N1-(4-cyclohexylphenyl)-2-[(4-methylphenyl)thio]acetamide","C21 H25 N O S",339.1702,6.491,362.15948,"Invalid mass","No results","No results",NA,NA,NA,NA
"Com_4300_pos","N-Acetylhistidine","C8 H11 N3 O3",197.08094,1.394,198.08826,"No results","Full match","Full match","Organic acids and derivatives","Carboxylic acids and derivatives","Amino acids, peptides, and analogues","Histidine and derivatives"
"Com_43048_pos","DGDG O-16:4_2:0","C33 H54 O14",696.33386,8.755,697.34114,"No results","Invalid mass","No results",NA,NA,NA,NA
"Com_4307_pos","tetranor-12(R)-HETE","C16 H26 O3",248.17874,6.352,249.18601,"Invalid mass","No results","No results",NA,NA,NA,NA
"Com_4314_neg","3-Hydroxymandelic acid","C8 H8 O4",168.04244,3.309,167.03516,"Full match","No results","Full match","Benzenoids","Phenols","1-hydroxy-4-unsubstituted benzenoids","1-hydroxy-4-unsubstituted benzenoids"
"Com_43151_pos","N1-(2,3-dihydro-1,4-benzodioxin-2-ylmethyl)-2,2-dimethylpropanamide","C14 H19 N O3",249.13741,6.392,250.14443,"Full match","No results","No results",NA,NA,NA,NA
"Com_43156_pos","3,4-dihydro-2H-benzo[4,5]imidazo[2,1-b][1,3]thiazin-3-ol","C10 H10 N2 O S",228.02783,1.432,229.03511,"Invalid mass","No results","No results",NA,NA,NA,NA
"Com_43164_pos","1,5-diphenyl-1H-1,2,4-triazole-3-thiol","C14 H11 N3 S",275.04787,5.251,276.05515,"Invalid mass","No results","No results",NA,NA,NA,NA
"Com_4317_neg","UMP","C9 H13 N2 O9 P",324.03542,5.09,323.02814,"No results","No results","Full match","Nucleosides, nucleotides, and analogues","Pyrimidine nucleotides","Pyrimidine ribonucleotides","Pyrimidine ribonucleoside monophosphates"
"Com_431_pos","L-Methionine sulfone","C5 H11 N O4 S",181.04139,1.332,182.04874,"No results","No results","Full match",NA,NA,NA,NA
"Com_4323_neg","Epitestosterone glucuronide","C25 H36 O8",464.24353,6.431,463.23625,"Invalid mass","No results","No results","Lipids and lipid-like molecules","Steroids and steroid derivatives","Steroidal glycosides","Steroid glucuronide conjugates"
"Com_4327_pos","α-Methylhistamine","C6 H11 N3",125.09617,1.217,126.10342,"Invalid mass","No results","No results","Organic nitrogen compounds","Organonitrogen compounds","Amines","Aralkylamines"
"Com_43281_pos","Chalcone","C15 H12 O",208.0905,6.847,209.09778,"Invalid mass","No results","No results","Phenylpropanoids and polyketides","Linear 1,3-diarylpropanoids","Chalcones and dihydrochalcones","Retrochalcones"
"Com_43289_neg","UDP-galactose","C15 H24 N2 O17 P2",566.05762,2.265,565.05034,"No results","No results","Full match","Nucleosides, nucleotides, and analogues","Pyrimidine nucleotides","Pyrimidine nucleotide sugars","Pyrimidine nucleotide sugars"
"Com_43307_pos","Lysopa 18:0","C21 H43 O7 P",438.27461,5.011,439.28189,"No results","No results","Full match","Lipids and lipid-like molecules","Glycerophospholipids","Glycerophosphates","Monoalkylglycerophosphates"
"Com_43312_pos","Resiniferatoxin","C37 H40 O9",628.26527,7.24,629.27255,"Full match","No results","No results","Lipids and lipid-like molecules","Prenol lipids","Diterpenoids","Rhamnofolane and daphnane diterpenoids"
"Com_4339_pos","Spermine","C10 H26 N4",202.21663,1.092,203.22389,"Full match","Full match","Full match","Organic nitrogen compounds","Organonitrogen compounds","Amines","Dialkylamines"
"Com_4343_pos","WKK","C23 H36 N6 O4",230.13886,2.195,231.14613,"Invalid mass","No results","No results",NA,NA,NA,NA
"Com_4349_pos","2-[(3S)-1-(3-Chlorobenzyl)-3-pyrrolidinyl]-5-methyl-1,3-benzoxazole","C19 H19 Cl N2 O",309.09327,5.529,327.12711,"Invalid mass","No results","No results","Organoheterocyclic compounds","Benzoxazoles","Not available","Benzoxazoles"
"Com_4357_pos","4-phenoxyphenyl 4-hydroxypiperidine-1-carboxylate","C18 H19 N O4",335.11765,6.058,336.12492,"Invalid mass","No results","No results",NA,NA,NA,NA
"Com_43721_neg","Lauric acid ethyl ester","C14 H28 O2",228.21014,9.403,227.20286,"Invalid mass","No results","No results","Lipids and lipid-like molecules","Fatty Acyls","Fatty acid esters","Fatty acid esters"
"Com_437_neg","2-Furoylglycine","C7 H7 N O4",169.03776,4.508,168.03048,"Full match","No results","No results","Organic acids and derivatives","Carboxylic acids and derivatives","Amino acids, peptides, and analogues","N-acyl-alpha amino acids"
"Com_438_pos","N-Acetyl-L-tyrosine","C11 H13 N O4",223.08561,5.212,224.0929,"Invalid mass","No results","No results","Organic acids and derivatives","Carboxylic acids and derivatives","Amino acids, peptides, and analogues","Tyrosine and derivatives"
"Com_43936_pos","TKK","C16 H33 N5 O5",375.2426,9.66,376.24988,"Invalid mass","No results","No results",NA,NA,NA,NA
"Com_43979_pos","Testosterone glucuronide","C25 H36 O8",464.24056,7.455,465.24783,"Full match","No results","No results","Lipids and lipid-like molecules","Steroids and steroid derivatives","Steroidal glycosides","Steroid glucuronide conjugates"
"Com_4399_pos","Benzamidine","C7 H8 N2",120.06896,5.341,258.17089,"No results","No results","Full match","Benzenoids","Benzene and substituted derivatives","Not available","Benzene and substituted derivatives"
"Com_44021_pos","Aflatoxin G1","C17 H12 O7",328.05907,6.51,329.06635,"Full match","No results","No results","Phenylpropanoids and polyketides","Coumarins and derivatives","Furanocoumarins","Difurocoumarolactones"
"Com_4411_neg","L-Tyrosine","C9 H11 N O3",181.07405,2.504,180.06678,"Full match","Full match","Full match","Organic acids and derivatives","Carboxylic acids and derivatives","Amino acids, peptides, and analogues","Tyrosine and derivatives"
"Com_4411_pos","N2,N2-Dimethylguanosine","C12 H17 N5 O5",311.12164,4.907,312.12891,"No results","Full match","Full match","Nucleosides, nucleotides, and analogues","Purine nucleosides","Not available","Purine nucleosides"
"Com_44150_pos","1-oxo-2,3-dihydro-1H-inden-4-yl benzoate","C16 H12 O3",252.07773,1.193,253.08501,"Full match","No results","No results",NA,NA,NA,NA
"Com_44171_pos","7-(1H-pyrrol-1-yl)-5H-chromeno[2,3-b]pyridin-5-one","C16 H10 N2 O2",262.07571,7.075,263.08298,"Invalid mass","No results","No results",NA,NA,NA,NA
"Com_44218_pos","2-Aminobenzenesulfonamide","C6 H8 N2 O2 S",172.02996,5.652,173.03747,"No results","No results","Full match","Benzenoids","Benzene and substituted derivatives","Benzenesulfonamides","Aminobenzenesulfonamides"
"Com_44225_neg","11(Z)-Eicosenoic acid","C20 H38 O2",356.29453,9.946,355.28725,"Invalid mass","No results","No results","Lipids and lipid-like molecules","Fatty Acyls","Fatty acids and conjugates","Long-chain fatty acids"
"Com_4422_pos","7-Hydroxycoumarine","C9 H6 O3",162.03257,6.262,163.03985,"Invalid mass","No results","No results","Phenylpropanoids and polyketides","Coumarins and derivatives","Hydroxycoumarins","7-hydroxycoumarins"
"Com_44264_pos","5-methoxy-8,8-dimethyl-2-phenyl-4H,8H-pyrano[2,3-h]chromen-4-one","C21 H18 O4",356.10427,6.477,357.11155,"Invalid mass","No results","No results",NA,NA,NA,NA
"Com_4432_pos","7,8-Dihydrobiopterin","C9 H13 N5 O3",239.10288,2.131,240.11016,"Full match","Full match","No results","Organoheterocyclic compounds","Pteridines and derivatives","Pterins and derivatives","Biopterins and derivatives"
"Com_4433_neg","17(S)-HpDHA","C22 H32 O4",396.20137,5.801,395.1941,"Invalid mass","No results","No results","Lipids and lipid-like molecules","Fatty Acyls","Fatty acids and conjugates","Very long-chain fatty acids"
"Com_44458_pos","Arginine","C6 H14 N4 O2",174.11282,1.399,387.18889,"No results","Invalid mass","No results","Organic acids and derivatives","Carboxylic acids and derivatives","Amino acids, peptides, and analogues","L-alpha-amino acids"
"Com_4448_neg","3-(4-chloroanilino)-2-(isopropylsulfonyl)acrylonitrile","C12 H13 Cl N2 O2 S",284.03703,5.026,283.02976,"Invalid mass","No results","No results",NA,NA,NA,NA
"Com_44576_pos","ethyl 1-(3-nitro-2-thienyl)piperidine-4-carboxylate","C12 H16 N2 O4 S",266.07057,5.146,267.07779,"Invalid mass","No results","No results",NA,NA,NA,NA
"Com_44707_neg","LysoPE 18:0","C23 H48 N O7 P",481.31865,9.24,480.31137,"No results","No results","Full match","Lipids and lipid-like molecules","Glycerophospholipids","Glycerophosphoethanolamines","1-acyl-sn-glycero-3-phosphoethanolamines"
"Com_4483_pos","4-[4-(trifluoromethoxy)anilino]-2H-1,3-benzoxazin-2-one","C15 H9 F3 N2 O3",344.03897,5.266,345.04625,"Invalid mass","No results","No results",NA,NA,NA,NA
"Com_44881_neg","Thromoboxane B1","C20 H36 O6",372.25249,7.619,371.24521,"Full match","No results","No results","Lipids and lipid-like molecules","Fatty Acyls","Eicosanoids","Thromboxanes"
"Com_4492_neg","ST 27:1;O;S","C27 H46 O4 S",466.31443,11.127,465.30716,"No results","Invalid mass","No results",NA,NA,NA,NA
"Com_4493_neg","Resorcinol","C6 H6 O2",110.0363,2.402,109.02903,"Full match","No results","Full match","Benzenoids","Phenols","Benzenediols","Resorcinols"
"Com_4495_pos","Isoeugenyl acetate","C12 H14 O3",206.09903,5.877,207.10633,"Invalid mass","No results","No results",NA,NA,NA,NA
"Com_44962_pos","LPE 18:0","C23 H48 N O7 P",481.31971,10,482.32699,"No results","Invalid mass","No results","Lipids and lipid-like molecules","Glycerophospholipids","Glycerophosphoethanolamines","1-acyl-sn-glycero-3-phosphoethanolamines"
"Com_45002_pos","PC O-18:1","C26 H52 N O7 P",521.35105,9.176,522.35833,"No results","Invalid mass","No results",NA,NA,NA,NA
"Com_45027_pos","Heptadecanoic Acid","C17 H34 O2",292.24111,7.253,293.24838,"Invalid mass","No results","No results","Lipids and lipid-like molecules","Fatty Acyls","Fatty acids and conjugates","Long-chain fatty acids"
"Com_45104_neg","3-(2-naphthyl)-5-(trifluoromethyl)-1H-pyrazole","C14 H9 F3 N2",262.0759,7.089,261.06862,"Invalid mass","No results","No results",NA,NA,NA,NA
"Com_45104_pos","1-[1,1'-biphenyl]-4-yl-2-(2-methyl-4-nitro-1H-imidazol-1-yl)-1-ethanol","C18 H17 N3 O3",345.10723,4.682,346.1145,"Invalid mass","No results","No results",NA,NA,NA,NA
"Com_4510_pos","N-Acetyl-S-allyl-L-cysteine","C8 H13 N O3 S",203.06265,5.527,204.06994,"Invalid mass","No results","No results","Organic acids and derivatives","Carboxylic acids and derivatives","Amino acids, peptides, and analogues","N-acyl-L-alpha-amino acids"
"Com_4522_pos","Ribulose-5-phosphate","C5 H11 O8 P",230.01948,4.946,231.02675,"No results","No results","Full match","Organic oxygen compounds","Organooxygen compounds","Carbohydrates and carbohydrate conjugates","Pentose phosphates"
"Com_45276_pos","SPB 26:0;2O","C26 H55 N O2",413.42527,9.681,414.43255,"No results","Full match","No results",NA,NA,NA,NA
"Com_45374_pos","Vitexin","C21 H20 O10",454.09225,5.164,455.09953,"Invalid mass","No results","No results","Phenylpropanoids and polyketides","Flavonoids","Flavonoid glycosides","Flavonoid 8-C-glycosides"
"Com_4537_pos","gamma-Glutamyltyrosine","C14 H18 N2 O6",310.11764,4.918,311.12491,"No results","Full match","No results","Organic acids and derivatives","Carboxylic acids and derivatives","Amino acids, peptides, and analogues","Tyrosine and derivatives"
"Com_4538_neg","2-(Formylamino)Benzoic Acid","C8 H7 N O3",165.0427,5.705,164.03542,"No results","No results","Full match",NA,NA,NA,NA
"Com_4538_pos","N-{2-[(2-furylmethyl)thio]ethyl}-2-[(3-methoxyphenyl)thio]acetamide","C16 H19 N O3 S2",337.08077,3.218,338.08804,"Full match","No results","No results",NA,NA,NA,NA
"Com_45436_neg","α-Estradiol","C18 H24 O2",272.17976,7.191,271.17249,"Invalid mass","No results","No results","Lipids and lipid-like molecules","Steroids and steroid derivatives","Estrane steroids","Estrogens and derivatives"
"Com_45497_pos","6-O-Isobutyryl-alpha-D-glucopyranosyl alpha-D-glucopyranoside","C16 H28 O12",434.14522,6.992,435.1525,"Invalid mass","No results","No results",NA,NA,NA,NA
"Com_45510_pos","Sphingosine (d18:1)","C18 H37 N O2",339.27848,6.708,340.28595,"Invalid mass","No results","No match",NA,NA,NA,NA
"Com_4551_pos","6,6-dimethyl-4-piperidino-5,6-dihydro-2H-thiine-2-thione","C12 H19 N S2",241.09433,2.642,242.10161,"Invalid mass","No results","No results",NA,NA,NA,NA
"Com_45560_pos","U-44069","C21 H34 O4",372.22905,6.925,373.23633,"Invalid mass","No results","No match","Lipids and lipid-like molecules","Fatty Acyls","Eicosanoids","Prostaglandins and related compounds"
"Com_45623_pos","2-phenyl-4H-furo[2,3-h]chromen-4-one","C17 H10 O3",262.06383,6.096,263.07111,"Full match","No results","No results",NA,NA,NA,NA
"Com_4568_neg","Vitamin B2","C17 H20 N4 O6",376.13829,6.048,375.13097,"No results","No results","Full match","Organoheterocyclic compounds","Pteridines and derivatives","Alloxazines and isoalloxazines","Flavins"
"Com_4572_neg","4-(2-pyrimidinyl)-N-(2-thienyl)tetrahydro-1(2H)-pyrazinecarboxamide","C13 H15 N5 O S",289.09999,6.155,288.09271,"Full match","No results","No results",NA,NA,NA,NA
"Com_4578_pos","trans-Zeatin","C10 H13 N5 O",219.11302,2.187,220.12029,"Full match","No results","No results","Organoheterocyclic compounds","Imidazopyrimidines","Purines and purine derivatives","6-alkylaminopurines"
"Com_4584_pos","N-Acetyl-L-leucine","C8 H15 N O3",173.1059,1.404,174.11317,"Full match","No results","Full match","Organic acids and derivatives","Carboxylic acids and derivatives","Amino acids, peptides, and analogues","Leucine and derivatives"
"Com_4592_pos","Emodin","C15 H10 O5",270.05409,6.449,271.06137,"Full match","No results","No results","Benzenoids","Anthracenes","Anthraquinones","Hydroxyanthraquinones"
"Com_4594_neg","L-Tyrosine methyl ester","C10 H13 N O3",195.08975,5.028,194.08247,"Full match","No results","Full match","Organic acids and derivatives","Carboxylic acids and derivatives","Amino acids, peptides, and analogues","Tyrosine and derivatives"
"Com_46003_neg","2-Hydroxy-1-(4-methoxyphenyl)propyl hexopyranoside","C16 H24 O8",344.14873,5.098,343.14145,"Full match","No results","No results",NA,NA,NA,NA
"Com_4603_pos","Cantharidin","C10 H12 O4",196.07459,5.983,197.08187,"Invalid mass","No results","No results","Organoheterocyclic compounds","Furofurans","Not available","Furofurans"
"Com_4604_pos","(11E,15Z)-9,10,13-trihydroxyoctadeca-11,15-dienoic acid","C18 H32 O5",345.25312,6.097,346.2604,"Invalid mass","No results","No results",NA,NA,NA,NA
"Com_4606_pos","1-acetyl-N-(4-ethoxyphenyl)-4-piperidinecarboxamide","C16 H22 N2 O3",290.16446,5.486,291.17173,"Full match","No results","No results",NA,NA,NA,NA
"Com_4614_neg","Androsterone glucuronide","C25 H38 O8",210.12615,6.85,465.25058,"Invalid mass","No results","No results","Lipids and lipid-like molecules","Steroids and steroid derivatives","Steroidal glycosides","Steroid glucuronide conjugates"
"Com_4622_pos","2-(3,4-dimethoxyphenyl)ethanamine","C10 H15 N O2",181.11116,4.874,182.11847,"No results","No results","Full match",NA,NA,NA,NA
"Com_46235_pos","Palmitoylcarnitine","C23 H45 N O4",399.33742,7.767,400.3447,"Invalid mass","No results","No results","Lipids and lipid-like molecules","Fatty Acyls","Fatty acid esters","Acyl carnitines"
"Com_4624_neg","4-(2-((4-Methoxyphenyl)amino)oxazol-5-yl)benzonitrile","C17 H13 N3 O2",291.09697,1.391,290.08965,"Invalid mass","No results","No results","Organoheterocyclic compounds","Azoles","Oxazoles","Phenyl-1,3-oxazoles"
"Com_4624_pos","2-(4-methylphenyl)-5-(3,4,5-trimethoxyphenyl)-2H-1,2,3,4-tetraazole","C17 H18 N4 O3",326.13565,6.474,327.14293,"Invalid mass","Invalid mass","No results",NA,NA,NA,NA
"Com_4628_pos","Uracil","C4 H4 N2 O2",112.02806,1.596,113.03536,"Invalid mass","Invalid mass","No results","Organoheterocyclic compounds","Diazines","Pyrimidines and pyrimidine derivatives","Pyrimidones"
"Com_4634_pos","Obscurolide A1","C15 H17 N O5",313.09061,6.225,314.09788,"Invalid mass","No results","No results","Benzenoids","Benzene and substituted derivatives","Benzoic acids and derivatives","Aminobenzoic acids"
"Com_46397_neg","11(E)-Eicosenoic Acid","C20 H38 O2",310.28892,11.271,309.28165,"Invalid mass","No results","No results","Lipids and lipid-like molecules","Fatty Acyls","Fatty acids and conjugates","Long-chain fatty acids"
"Com_4639_pos","(2E)-3-phenyl-N-(2-phenylethyl)prop-2-enamide","C17 H17 N O",273.11253,5.115,274.11981,"Invalid mass","No results","No results",NA,NA,NA,NA
"Com_46404_pos","N1-{4-[(2-hydroxybenzoyl)amino]phenyl}-2-nitrobenzamide","C20 H15 N3 O5",399.07659,7.315,400.08386,"Invalid mass","No results","No results",NA,NA,NA,NA
"Com_46427_neg","LPC 18:1","C26 H52 N O7 P",567.35719,9.22,566.34991,"No results","Invalid mass","No results","Lipids and lipid-like molecules","Glycerophospholipids","Glycerophosphocholines","Phosphocholines"
"Com_46432_pos","8-(2,3-dihydroxy-3-methylbutyl)-7-methoxy-2H-chromen-2-one","C15 H18 O5",316.07036,1.45,317.07763,"Invalid mass","No results","No results",NA,NA,NA,NA
"Com_46481_pos","2-Arachidonyl Glycerol ether","C23 H40 O3",364.29744,10.513,365.30472,"Full match","No results","No results","Lipids and lipid-like molecules","Endocannabinoids","Not available","Endocannabinoids"
"Com_464_neg","2-Methylbutyl beta-D-glucopyranoside","C11 H22 O6",296.14884,5.23,295.14157,"Invalid mass","No results","No results",NA,NA,NA,NA
"Com_46505_pos","Ingenol-3-angelate","C25 H34 O6",430.23784,8.033,431.24512,"Invalid mass","No results","No results","Lipids and lipid-like molecules","Prenol lipids","Diterpenoids","Tigliane and ingenane diterpenoids"
"Com_46604_pos","4-(4-methoxyphenyl)-2-(methylthio)pyrimidine","C12 H12 N2 O S",254.04791,6.509,255.05519,"Invalid mass","No results","No results",NA,NA,NA,NA
"Com_4662_pos","N-Acetyl-DL-valine","C7 H13 N O3",159.0912,5.296,341.17227,"No results","Invalid mass","No results","Organic acids and derivatives","Carboxylic acids and derivatives","Amino acids, peptides, and analogues","N-acyl-alpha amino acids"
"Com_4663_neg","L-Ascorbate","C6 H8 O6",176.03222,5.38,175.02498,"No results","No results","Full match","Organoheterocyclic compounds","Dihydrofurans","Furanones","Butenolides"
"Com_46642_pos","3,4-dihydroxy-4-(4-methoxyphenyl)-1,2,3,4-tetrahydroquinolin-2-one","C16 H15 N O4",267.09053,6.802,268.09781,"Invalid mass","No results","No results",NA,NA,NA,NA
"Com_46648_neg","Trolox","C14 H18 O4",250.12166,7.44,249.11438,"Full match","No results","No results","Organoheterocyclic compounds","Benzopyrans","1-benzopyrans","1-benzopyrans"
"Com_46659_neg","6-(2,4-dichlorophenyl)-1-methyl-7,8-dihydroimidazo[1,5-a]pyrazin-8-one","C13 H9 Cl2 N3 O",293.01256,5.704,292.00528,"Full match","No results","No results",NA,NA,NA,NA
"Com_46787_pos","(1E,4Z,6E)-5-hydroxy-1,7-bis(4-hydroxyphenyl)hepta-1,4,6-trien-3-one","C19 H16 O4",308.10221,4.819,309.10948,"Invalid mass","No results","No results",NA,NA,NA,NA
"Com_46818_pos","PC O-20:4","C28 H50 N O7 P",543.33494,8.582,544.34222,"No results","Full match","Full match",NA,NA,NA,NA
"Com_4684_neg","5,7-Dihydroxy-2-(3-hydroxy-4-methoxyphenyl)chroman-4-one","C16 H14 O6",302.08087,5.63,301.07359,"Invalid mass","No results","No results","Phenylpropanoids and polyketides","Flavonoids","O-methylated flavonoids","4'-O-methylated flavonoids"
"Com_4691_pos","Carnosine","C9 H14 N4 O3",226.10777,1.267,227.11503,"Invalid mass","Invalid mass","No results","Organic acids and derivatives","Peptidomimetics","Hybrid peptides","Hybrid peptides"
"Com_46920_pos","Temazepam-d5","C16 H8 [2]H5 Cl N2 O2",305.10228,3.902,306.10956,"Invalid mass","No results","No results",NA,NA,NA,NA
"Com_46930_neg","Cystamine","C4 H12 N2 S2",152.04374,5.922,151.03646,"No results","No results","Full match","Organosulfur compounds","Organic disulfides","Dialkyldisulfides","Dialkyldisulfides"
"Com_46995_neg","2-{2-[2,5-di(methoxycarbonyl)anilino]-2-oxoethoxy}acetic acid","C14 H15 N O8",325.08153,7.291,324.07425,"Invalid mass","No results","No results",NA,NA,NA,NA
"Com_469_neg","cis-Aconitic acid","C6 H6 O6",174.01647,2.145,173.00919,"Full match","Full match","Full match","Organic acids and derivatives","Carboxylic acids and derivatives","Tricarboxylic acids and derivatives","Tricarboxylic acids and derivatives"
"Com_4700_pos","Phenylacetylglutamine","C13 H16 N2 O4",264.11229,5.609,265.11962,"No results","No results","Full match","Organic acids and derivatives","Carboxylic acids and derivatives","Amino acids, peptides, and analogues","N-acyl-alpha amino acids"
"Com_47047_pos","L-Canavanine","C5 H12 N4 O3",176.09174,5.326,177.09901,"No results","No results","Full match","Organic acids and derivatives","Carboxylic acids and derivatives","Amino acids, peptides, and analogues","L-alpha-amino acids"
"Com_4704_pos","Sulcatol","C8 H16 O",128.12074,6.476,129.12801,"Full match","No results","No results","Lipids and lipid-like molecules","Fatty Acyls","Fatty alcohols","Fatty alcohols"
"Com_47131_neg","All trans-Retinal","C20 H28 O",284.21535,7.996,283.20807,"No results","No results","Full match","Lipids and lipid-like molecules","Prenol lipids","Retinoids","Retinoids"
"Com_47151_neg","Arachidic acid","C20 H40 O2",312.30454,11.453,311.29727,"Invalid mass","No results","No results","Lipids and lipid-like molecules","Fatty Acyls","Fatty acids and conjugates","Long-chain fatty acids"
"Com_4715_neg","2-Phenylpropionic acid","C9 H10 O2",150.0679,5.514,149.06042,"No results","No results","Full match","Phenylpropanoids and polyketides","Phenylpropanoic acids","Not available","Phenylpropanoic acids"
"Com_4720_neg","(2S)-4-Oxo-2-phenyl-3,4-dihydro-2H-chromen-7-yl beta-D-glucopyranoside","C21 H22 O8",448.14414,7.01,447.13687,"Invalid mass","No results","No results",NA,NA,NA,NA
"Com_47215_pos","NVP-231","C25 H25 N3 O2 S",431.16033,5.131,432.1676,"Invalid mass","No results","No results","Organoheterocyclic compounds","Benzothiazoles","Not available","Benzothiazoles"
"Com_4724_pos","3-Hydroxyanthranilic acid","C7 H7 N O3",153.04327,5.062,154.0506,"Full match","Full match","Full match","Benzenoids","Benzene and substituted derivatives","Benzoic acids and derivatives","Hydroxybenzoic acid derivatives"
"Com_47307_neg","Thymidine 3,5-cyclic monophosphate","C10 H13 N2 O7 P",304.04709,1.406,303.03981,"No results","No results","Full match",NA,NA,NA,NA
"Com_47377_pos","N1-methyl-5-methoxy-2-({2-[(methylamino)carbonyl]phenyl}thio)benzamide","C17 H18 N2 O3 S",368.0562,4.836,369.06348,"Invalid mass","No results","No results",NA,NA,NA,NA
"Com_4739_pos","N-(1-benzyl-4-piperidinyl)-4-(1H-pyrazol-1-yl)benzamide","C22 H24 N4 O",398.1577,5.784,399.16495,"Invalid mass","No results","No results",NA,NA,NA,NA
"Com_4740_neg","11-keto Testosterone (CRM)","C19 H26 O3",348.1956,6.494,347.18832,"Invalid mass","No results","No results",NA,NA,NA,NA
"Com_4745_neg","3-Coumaric acid","C9 H8 O3",164.04752,5.624,163.04016,"Full match","No results","Full match","Phenylpropanoids and polyketides","Cinnamic acids and derivatives","Hydroxycinnamic acids and derivatives","Hydroxycinnamic acids"
"Com_4749_neg","Dopamine","C8 H11 N O2",153.07884,2.579,152.07156,"Full match","Full match","Full match","Benzenoids","Phenols","Benzenediols","Catecholamines and derivatives"
"Com_4749_pos","N-(4-fluorophenyl)-N'-(2-piperidinophenyl)urea","C18 H20 F N3 O",335.13831,5.423,336.14559,"Invalid mass","No results","No results",NA,NA,NA,NA
"Com_47515_pos","Lysopc 18:1","C26 H52 N O7 P",521.34975,7.21,522.35702,"No results","No results","Full match","Lipids and lipid-like molecules","Glycerophospholipids","Glycerophosphocholines","Phosphocholines"
"Com_47602_neg","SHexCer 41:2;2O","C47 H89 N O11 S",875.62237,1.246,874.6148,"No results","Invalid mass","No results",NA,NA,NA,NA
"Com_47605_pos","Oleic acid","C18 H34 O2",282.25762,7.947,283.26489,"Invalid mass","No results","No results","Lipids and lipid-like molecules","Fatty Acyls","Fatty acids and conjugates","Long-chain fatty acids"
"Com_47612_pos","SPB 24:0;2O","C24 H51 N O2",385.39387,9.218,386.40115,"No results","Full match","No results",NA,NA,NA,NA
"Com_4768_pos","Oleamide","C18 H35 N O",281.27328,9.691,282.28051,"Invalid mass","No results","No results","Lipids and lipid-like molecules","Fatty Acyls","Fatty amides","Fatty amides"
"Com_4770_pos","UR-144 N-(5-Bromopentyl) analog","C21 H28 Br N O",411.11454,5.63,412.12182,"Invalid mass","No results","No results","Organoheterocyclic compounds","Indoles and derivatives","N-alkylindoles","N-alkylindoles"
"Com_47735_neg","1,5,8-Trihydroxy-9-oxo-9H-xanthen-3-yl beta-D-glucopyranoside","C19 H18 O11",422.08088,6.546,421.07406,"Invalid mass","No results","No match",NA,NA,NA,NA
"Com_47788_neg","dCDP","C9 H15 N3 O10 P2",387.02141,5.7,386.01413,"No results","No results","Full match","Organic oxygen compounds","Organic oxoanionic compounds","Organic pyrophosphates","Organic pyrophosphates"
"Com_47884_pos","Lysopc 14:0","C22 H46 N O7 P",467.30174,5.177,468.30901,"No results","No results","Full match","Lipids and lipid-like molecules","Glycerophospholipids","Glycerophosphocholines","1-acyl-sn-glycero-3-phosphocholines"
"Com_47934_pos","3-Hydroxyropivacaine","C17 H26 N2 O2",290.20059,5.007,291.20787,"Full match","No results","No results","Organic acids and derivatives","Carboxylic acids and derivatives","Amino acids, peptides, and analogues","Alpha amino acid amides"
"Com_4793_pos","1-(1,3-benzodioxol-5-yl)-2-[4-(9H-fluoren-9-yl)piperazino]-1-ethanone","C26 H24 N2 O3",412.17409,6.213,413.18137,"Invalid mass","No results","No results",NA,NA,NA,NA
"Com_48083_pos","Methylbenzethonium chloride","C28 H43 N O2",426.33483,10.271,427.3421,"Invalid mass","No results","No results",NA,NA,NA,NA
"Com_48117_pos","CAR 18:4","C25 H42 N O4",419.30545,7.166,420.31273,"No results","Invalid mass","No results",NA,NA,NA,NA
"Com_4812_pos","3-Ureidopropionic acid","C4 H8 N2 O3",132.05424,1.544,133.06147,"Invalid mass","Invalid mass","No results","Organic acids and derivatives","Organic carbonic acids and derivatives","Ureas","Ureas"
"Com_4814_neg","Indoxylsulfuric acid","C8 H7 N O4 S",213.01041,5.76,212.00313,"No results","No results","Full match","Organic acids and derivatives","Organic sulfuric acids and derivatives","Arylsulfates","Arylsulfates"
"Com_4819_neg","o-Toluic Acid","C8 H8 O2",136.05232,4.918,181.05073,"No results","No results","Full match",NA,NA,NA,NA
"Com_48248_pos","CAR 18:2","C25 H46 N O4",423.33638,7.576,424.34366,"No results","Invalid mass","No results",NA,NA,NA,NA
"Com_4824_pos","Glycitein","C16 H12 O5",284.06991,5.334,285.07719,"Invalid mass","Invalid mass","No results","Phenylpropanoids and polyketides","Isoflavonoids","Isoflav-2-enes","Isoflavones"
"Com_48257_neg","Epinephrine bitartrate","C13 H19 N O9",333.10548,6.222,332.09821,"No results","No results","Full match","Benzenoids","Phenols","Benzenediols","Catechols"
"Com_4826_pos","cis-4-Hydroxy-D-proline","C5 H9 N O3",131.05888,4.841,132.06615,"Full match","Full match","Full match","Organic acids and derivatives","Carboxylic acids and derivatives","Amino acids, peptides, and analogues","Proline and derivatives"
"Com_48364_pos","5,6-dimethoxy-2-(2-methoxyphenyl)-4H-chromen-4-one","C18 H16 O5",334.08364,6.339,335.09091,"Invalid mass","No results","No results",NA,NA,NA,NA
"Com_48405_pos","3-(3-morpholinopropyl)-2-(2-pyridinyl)-2,3-dihydro-4(1H)-quinazolinone","C20 H24 N4 O2",352.1884,7.305,353.19568,"Full match","No results","No results",NA,NA,NA,NA
"Com_48492_pos","2-[(5-anilino-4-phenyl-4H-1,2,4-triazol-3-yl)thio]acetic acid","C16 H14 N4 O2 S",326.08769,7.739,327.09496,"Invalid mass","No results","No results",NA,NA,NA,NA
"Com_48502_pos","Sodium cholate","C24 H39 Na O5",430.27138,6.982,431.27866,"No results","No results","Full match","Lipids and lipid-like molecules","Steroids and steroid derivatives","Bile acids, alcohols and derivatives","Trihydroxy bile acids, alcohols and derivatives"
"Com_48585_pos","5-[3-(2-Chloro-4-fluorobenzyl)-1,2,4-oxadiazol-5-yl]-3-pyrrolidinol","C13 H13 Cl F N3 O2",297.06828,6.251,298.07556,"Full match","No results","No results","Benzenoids","Benzene and substituted derivatives","Halobenzenes","Fluorobenzenes"
"Com_48627_pos","MAG (18:2)","C21 H38 O4",354.27602,10.2,355.28329,"No results","No results","Full match","Lipids and lipid-like molecules","Fatty Acyls","Lineolic acids and derivatives","Lineolic acids and derivatives"
"Com_48628_pos","PDMP","C23 H38 N2 O3",390.29018,6.307,391.29745,"Full match","No results","No results","Organic nitrogen compounds","Organonitrogen compounds","Amines","Aralkylamines"
"Com_4865_pos","6-phenyl-1,2,3,4-tetrahydro-2,5-benzodiazocin-1-one","C16 H14 N2 O",105.05885,5.169,106.06599,"Invalid mass","No results","No results",NA,NA,NA,NA
"Com_4869_pos","Enalaprilat","C18 H24 N2 O5",348.16984,5.552,349.17701,"Full match","Full match","No results","Organic acids and derivatives","Carboxylic acids and derivatives","Amino acids, peptides, and analogues","Dipeptides"
"Com_48700_pos","2-(methylthio)-5-[(5-nitro-1,3-thiazol-2-yl)thio]-1,3,4-thiadiazole","C6 H4 N4 O2 S4",291.9216,1.164,292.92897,"Full match","No results","No results",NA,NA,NA,NA
"Com_48712_pos","gamma-Tocopherol","C28 H48 O2",416.36343,10.129,417.37071,"No results","No results","Full match","Lipids and lipid-like molecules","Prenol lipids","Quinone and hydroquinone lipids","Tocopherols"
"Com_48718_pos","dihydrotachysterol","C28 H46 O",398.35295,8.911,399.36023,"No results","No results","Full match","Lipids and lipid-like molecules","Steroids and steroid derivatives","Vitamin D and derivatives","Vitamin D and derivatives"
"Com_48879_pos","ethyl 2-[(4-ethoxyanilino)carbothioyl]-3-(propylamino)-2-butenoate","C18 H26 N2 O3 S",350.1617,6.595,351.16898,"Invalid mass","No results","No results",NA,NA,NA,NA
"Com_488_pos","Atropine","C17 H23 N O3",289.16891,5.344,290.17618,"Full match","No results","No results","Alkaloids and derivatives","Tropane alkaloids","Not available","Tropane alkaloids"
"Com_48904_pos","3-[1-(phenylsulfonyl)-2-pyrrolidinyl]pyridine","C15 H16 N2 O2 S",288.08995,3.907,289.09723,"Invalid mass","No results","No results",NA,NA,NA,NA
"Com_48912_pos","cis-7-Hexadecenoic Acid","C16 H30 O2",254.2256,7.422,237.22234,"No results","No results","Full match","Lipids and lipid-like molecules","Fatty Acyls","Fatty acids and conjugates","Long-chain fatty acids"
"Com_4894_neg","3-(2-Hydroxyethyl)indole","C10 H11 N O",161.08417,5.694,160.07683,"Full match","No results","No results","Organoheterocyclic compounds","Indoles and derivatives","Indoles","3-alkylindoles"
"Com_49127_pos","Sodium [dodecanoyl(methyl)amino]acetate","C15 H29 N O3",271.2158,7.8,272.22302,"Full match","Full match","No results",NA,NA,NA,NA
"Com_49158_pos","Dihomo-γ-linolenic acid methyl ester","C21 H36 O2",337.2975,7.272,338.30478,"Invalid mass","No results","No results","Lipids and lipid-like molecules","Fatty Acyls","Fatty acid esters","Fatty acid methyl esters"
"Com_4918_pos","Tramadol N-Oxide","C16 H25 N O3",279.18479,5.629,280.19211,"Full match","No results","No results","Benzenoids","Phenol ethers","Anisoles","Anisoles"
"Com_4924_pos","N8-Acetylspermidine","C9 H21 N3 O",187.16961,1.25,188.17689,"Invalid mass","Invalid mass","No results","Organic acids and derivatives","Carboximidic acids and derivatives","Carboximidic acids","Carboximidic acids"
"Com_4931_pos","3-methyl-4-nitrobenzene-1-carbohydrazide","C8 H9 N3 O3",195.06547,5.112,196.07275,"Invalid mass","No results","No results",NA,NA,NA,NA
"Com_4940_neg","Thymidine 3',5'-cyclic monophosphate","C10 H13 N2 O7 P",304.04857,5.076,303.04129,"Invalid mass","No results","No results","Organoheterocyclic compounds","Diazines","Pyrimidines and pyrimidine derivatives","Pyrimidones"
"Com_49504_pos","2,5-bis(4-hydroxy-3-methoxyphenyl)-3,4-dimethyloxolan-3-ol","C20 H24 O6",342.14195,7.495,343.14923,"Invalid mass","No results","No results",NA,NA,NA,NA
"Com_49573_pos","Orlistat","C29 H53 N O5",512.40862,11.541,513.41589,"Invalid mass","No results","No results","Organic acids and derivatives","Carboxylic acids and derivatives","Amino acids, peptides, and analogues","Leucine and derivatives"
"Com_4961_pos","CAR 13:0","C20 H40 N O4",357.28958,6.879,358.29685,"No results","Invalid mass","No results",NA,NA,NA,NA
"Com_4963_neg","4-Chlorophenol","C6 H5 Cl O",128.00257,6.072,126.99529,"Full match","No results","No results","Benzenoids","Phenols","Halophenols","P-chlorophenols"
"Com_49658_pos","5-Hydroxyindoleacetate","C10 H9 N O3",191.06311,5.304,192.06984,"No results","Invalid mass","No results","Organoheterocyclic compounds","Indoles and derivatives","Indolyl carboxylic acids and derivatives","Indole-3-acetic acid derivatives"
"Com_4965_neg","Hydrocinnamic acid","C9 H10 O2",150.0684,5.721,149.0608,"Full match","No results","Full match","Phenylpropanoids and polyketides","Phenylpropanoic acids","Not available","Phenylpropanoic acids"
"Com_49731_neg","MGDG O-24:4_16:0","C49 H88 O9",880.67903,10.225,879.67175,"No results","Invalid mass","No results",NA,NA,NA,NA
"Com_49787_pos","Lysope 16:0","C21 H44 N O7 P",453.28754,6.307,454.29481,"No results","No results","Full match","Lipids and lipid-like molecules","Glycerophospholipids","Glycerophosphoethanolamines","1-(1Z-alkenyl)-glycero-3-phosphoethanolamines"
"Com_49874_pos","Taurodeoxycholic Acid","C26 H45 N O6 S",521.2813,7.227,522.28857,"Invalid mass","No results","No results","Lipids and lipid-like molecules","Steroids and steroid derivatives","Bile acids, alcohols and derivatives","Taurinated bile acids and derivatives"
"Com_49938_neg","Adenosine 5'-Diphosphate","C10 H15 N5 O10 P2",427.0291,6.456,426.02182,"No results","No results","Full match","Nucleosides, nucleotides, and analogues","Purine nucleotides","Purine ribonucleotides","Purine ribonucleoside diphosphates"
"Com_4996_neg","6-Hydroxymelatonin","C13 H16 N2 O3",248.11686,5.565,229.09898,"No results","No results","Full match","Organoheterocyclic compounds","Indoles and derivatives","Hydroxyindoles","Hydroxyindoles"
"Com_49980_pos","4-methylphenyl 1-ethyl-3-methyl-1H-pyrazole-5-carbothioate","C14 H16 N2 O S",260.09673,5.104,261.104,"Invalid mass","No results","No results",NA,NA,NA,NA
"Com_4999_pos","2-ethyl-2-(3-methoxyphenyl)cyclohexanone oxime","C15 H21 N O2",247.15644,6.815,533.27417,"Full match","No results","No results",NA,NA,NA,NA
"Com_4_neg","3-Indoxyl sulphate","C8 H7 N O4 S",213.01009,5.169,212.00281,"Full match","Full match","Full match","Organic acids and derivatives","Organic sulfuric acids and derivatives","Arylsulfates","Arylsulfates"
"Com_50018_pos","2-(3,4-dimethoxyphenyl)quinoline","C17 H15 N O2",287.09307,6.596,288.10034,"Invalid mass","No results","No results",NA,NA,NA,NA
"Com_5005_neg","4-Nitrophenol","C6 H5 N O3",139.0265,0.196,138.01922,"Full match","No results","Full match","Benzenoids","Phenols","Nitrophenols","Nitrophenols"
"Com_50073_pos","N-(2,5-diethoxy-4-morpholinophenyl)thiophene-2-carboxamide","C19 H24 N2 O4 S",376.15132,7.169,377.1586,"Invalid mass","No results","No results",NA,NA,NA,NA
"Com_50144_pos","ethyl 3-cyano-6-methyl-2-(phenylthio)isonicotinate","C16 H14 N2 O2 S",138.04509,1.318,299.07932,"Invalid mass","No results","No results",NA,NA,NA,NA
"Com_50146_pos","Palmitoyl ethanolamide","C18 H37 N O2",299.28365,7.917,300.29092,"Full match","No results","Full match","Organic acids and derivatives","Carboximidic acids and derivatives","Carboximidic acids","Carboximidic acids"
"Com_50175_pos","Prostaglandin F2α-1-glyceryl ester","C23 H40 O7",900.52011,5.096,451.26733,"Invalid mass","No results","No results","Lipids and lipid-like molecules","Fatty Acyls","Eicosanoids","Prostaglandins and related compounds"
"Com_5027_neg","Homovanillic acid","C9 H10 O4",182.05817,4.723,181.05089,"No results","No results","Full match","Benzenoids","Phenols","Methoxyphenols","Methoxyphenols"
"Com_50325_pos","Lapatinib Ditosylate","C29 H26 Cl F N4 O4 S",580.13573,7.385,581.14301,"No results","No results","Full match",NA,NA,NA,NA
"Com_5034_neg","4-Hydroxybenzoic acid","C7 H6 O3",138.03148,3.508,137.0242,"Full match","No results","Full match","Benzenoids","Benzene and substituted derivatives","Benzoic acids and derivatives","Hydroxybenzoic acid derivatives"
"Com_50352_pos","6-(2,3-dihydro-1,4-benzodioxin-6-yl)-2-mercaptonicotinonitrile","C14 H10 N2 O2 S",292.03252,5.898,293.03979,"Invalid mass","No results","No results",NA,NA,NA,NA
"Com_5035_pos","Eriodictyol","C15 H12 O6",288.06475,5.572,289.07213,"Full match","No results","No results","Phenylpropanoids and polyketides","Flavonoids","Flavans","Flavanones"
"Com_5040_pos","WLK","C23 H35 N5 O4",427.25817,5.342,428.26544,"Invalid mass","No results","No results",NA,NA,NA,NA
"Com_5043_pos","5-Phenylvaleric Acid","C11 H14 O2",178.10025,6.054,179.10757,"No results","No results","Full match","Lipids and lipid-like molecules","Fatty Acyls","Fatty acids and conjugates","Medium-chain fatty acids"
"Com_505_neg","Asp-Phe","C13 H16 N2 O5",280.10718,4.905,279.0999,"No results","No results","Full match","Organic acids and derivatives","Carboxylic acids and derivatives","Amino acids, peptides, and analogues","Peptides"
"Com_505_pos","5-(sec-butyl)-2-hydroxybenzaldehyde N-phenylhydrazone","C17 H20 N2 O",268.15886,5.48,269.16614,"Full match","No results","No results",NA,NA,NA,NA
"Com_5060_neg","L-Homocystine","C8 H16 N2 O4 S2",536.10585,5.263,267.04565,"Invalid mass","No results","No results","Organic acids and derivatives","Carboxylic acids and derivatives","Amino acids, peptides, and analogues","L-alpha-amino acids"
"Com_5061_pos","7-Aminoflunitrazepam-d7","C16 H7 [2]H7 F N3 O",290.15738,4.955,291.16466,"Full match","No results","No results",NA,NA,NA,NA
"Com_50748_pos","(3R)-8-hydroxy-3-(4-methoxyphenyl)-3,4-dihydro-1H-2-benzopyran-1-one","C16 H14 O4",287.11397,6.579,288.12125,"Invalid mass","No results","No results",NA,NA,NA,NA
"Com_50770_neg","GDP","C10 H15 N5 O11 P2",443.02382,6.206,442.01654,"No results","No results","Full match","Nucleosides, nucleotides, and analogues","Purine nucleotides","Purine nucleotide sugars","Purine nucleotide sugars"
"Com_50772_pos","N-[(4-hydroxy-3-methoxyphenyl)methyl]-8-methylnonanamide","C18 H29 N O3",329.19499,8.42,330.20227,"Invalid mass","No results","No results",NA,NA,NA,NA
"Com_5077_pos","Vanillin","C8 H8 O3",152.04808,3.867,153.05536,"Full match","Full match","Full match","Benzenoids","Phenols","Methoxyphenols","Methoxyphenols"
"Com_5078_pos","DL-3,4-Dihydroxyphenyl glycol","C8 H10 O4",170.05851,3.864,153.05522,"No results","No results","Full match",NA,NA,NA,NA
"Com_5079_pos","2-oxa-4-azatetracyclo[6.3.1.1~6,10~.0~1,5~]tridecan-3-one","C11 H15 N O2",193.11115,5.09,194.11856,"Full match","No results","No results",NA,NA,NA,NA
"Com_51042_pos","Dihomo-γ-linolenoyl ethanolamide","C22 H39 N O2",349.29769,10.238,350.30496,"Full match","No results","No results","Organic nitrogen compounds","Organonitrogen compounds","Amines","N-acylethanolamines"
"Com_51170_pos","(2R)-5-hydroxy-7-methoxy-2-phenyl-3,4-dihydro-2H-1-benzopyran-4-one","C16 H14 O4",270.09087,7.099,271.09814,"Invalid mass","No results","No results",NA,NA,NA,NA
"Com_51192_pos","2-[(3S)-1-(2-Pyridinylmethyl)-3-pyrrolidinyl]-1,3-benzothiazole","C17 H17 N3 S",295.11067,1.063,296.11795,"Invalid mass","No results","No results","Organoheterocyclic compounds","Benzothiazoles","Not available","Benzothiazoles"
"Com_5119_neg","Nicotinamide N-oxide","C6 H6 N2 O2",138.0428,4.323,137.03552,"No results","No results","Full match",NA,NA,NA,NA
"Com_51252_pos","Sanguinarine","C20 H13 N O4",309.09584,1.294,310.10287,"Invalid mass","No results","No results","Alkaloids and derivatives","Benzophenanthridine alkaloids","Quaternary benzophenanthridine alkaloids","Quaternary benzophenanthridine alkaloids"
"Com_51259_pos","AKB48 N-(4-fluorobenzyl) analog","C25 H26 F N3 O",403.20345,7.366,404.21072,"Invalid mass","No results","No results","Organoheterocyclic compounds","Benzopyrazoles","Indazoles","Indazole-3-carboxamides"
"Com_512_pos","Octanedioic acid","C8 H14 O4",174.08912,5.299,349.18498,"No results","No results","Full match","Lipids and lipid-like molecules","Fatty Acyls","Fatty acids and conjugates","Medium-chain fatty acids"
"Com_51314_pos","Kinetin","C10 H9 N5 O",237.06267,4.967,238.06995,"Invalid mass","No results","No results","Organoheterocyclic compounds","Imidazopyrimidines","Purines and purine derivatives","6-alkylaminopurines"
"Com_5152_neg","D-Xylonic Acid","C5 H10 O6",166.04804,5.21,377.09309,"No results","No results","Full match","Organic oxygen compounds","Organooxygen compounds","Carbohydrates and carbohydrate conjugates","Sugar acids and derivatives"
"Com_51563_pos","4-(5-propyl-2-pyridyl)benzonitrile","C15 H14 N2",244.10065,3.922,245.10793,"Invalid mass","No results","No results",NA,NA,NA,NA
"Com_5162_neg","Serotonin","C10 H12 N2 O",176.09475,3.941,157.07689,"No results","No results","Full match","Organoheterocyclic compounds","Indoles and derivatives","Tryptamines and derivatives","Serotonins"
"Com_51742_pos","5-ethoxy-2-[(2,3,4,5,6-pentafluorobenzyl)thio]-1H-benzo[d]imidazole","C16 H11 F5 N2 O S",396.03697,7.32,397.04425,"Invalid mass","No results","No results",NA,NA,NA,NA
"Com_5182_pos","Puerarin","C21 H20 O9",416.11277,5.268,417.12004,"Full match","No results","No results","Phenylpropanoids and polyketides","Isoflavonoids","Isoflavonoid C-glycosides","Isoflavonoid C-glycosides"
"Com_51842_pos","3-Acetyl-11-keto-β-boswellic acid","C32 H48 O5",512.35033,7.055,513.3576,"Full match","No results","No results","Lipids and lipid-like molecules","Prenol lipids","Triterpenoids","Triterpenoids"
"Com_51922_pos","7,8-Dihydrofolate","C19 H21 N7 O6",443.15732,6.028,444.1646,"No results","No results","Full match",NA,NA,NA,NA
"Com_51995_pos","Cytidine 5'-monophosphate (hydrate)","C9 H14 N3 O8 P",345.03963,4.765,346.04691,"Invalid mass","No results","No results","Nucleosides, nucleotides, and analogues","Pyrimidine nucleotides","Pyrimidine ribonucleotides","Pyrimidine ribonucleoside monophosphates"
"Com_519_neg","2-Furoic acid","C5 H4 O3",112.01555,1.558,111.00827,"Full match","No results","Full match","Organoheterocyclic compounds","Furans","Furoic acid and derivatives","Furoic acids"
"Com_51_neg","4-Toluenesulfonic acid","C7 H8 O3 S",172.01944,5.23,171.01215,"No results","Full match","No results","Benzenoids","Benzene and substituted derivatives","Benzenesulfonic acids and derivatives","p-Methylbenzenesulfonates"
"Com_5206_pos","5-[(dimethylamino)methylidene]-3-phenyl-1,3-thiazolane-2,4-dione","C12 H12 N2 O2 S",248.05992,6.303,249.06719,"Invalid mass","No results","No results",NA,NA,NA,NA
"Com_52306_pos","Lysopc 20:4","C28 H50 N O7 P",543.33068,7.209,544.33796,"No results","No results","Full match","Lipids and lipid-like molecules","Glycerophospholipids","Glycerophosphocholines","Phosphocholines"
"Com_5241_pos","(2S)-2-(2-hydroxypropan-2-yl)-2H,3H,7H-furo[3,2-g]chromen-7-one","C14 H14 O4",246.09046,5.876,247.09777,"Invalid mass","No results","No results",NA,NA,NA,NA
"Com_52423_pos","Sphinganine","C18 H39 N O2",301.29955,6.505,302.30682,"No results","No results","Full match","Organic nitrogen compounds","Organonitrogen compounds","Amines","1,2-aminoalcohols"
"Com_5243_pos","DL-Arginine","C6 H14 N4 O2",174.11267,1.252,175.11994,"Invalid mass","Invalid mass","No results","Organic acids and derivatives","Carboxylic acids and derivatives","Amino acids, peptides, and analogues","Arginine and derivatives"
"Com_524_neg","3,4-dimethoxythiophene-2,5-dicarboxylic acid","C8 H8 O6 S",232.00511,5.077,230.99783,"Full match","No results","No results",NA,NA,NA,NA
"Com_5256_pos","Glycylproline","C7 H12 N2 O3",172.08553,1.705,173.09278,"Full match","No results","Full match","Organic acids and derivatives","Carboxylic acids and derivatives","Amino acids, peptides, and analogues","Dipeptides"
"Com_5278_neg","N-Acetylaspartic acid","C6 H9 N O5",175.04802,1.502,174.04074,"Full match","Full match","Full match","Organic acids and derivatives","Carboxylic acids and derivatives","Amino acids, peptides, and analogues","Aspartic acid and derivatives"
"Com_5281_pos","5-Methyltetrahydrofolic acid","C20 H25 N7 O6",459.18871,4.937,460.19598,"Full match","No results","Full match","Organoheterocyclic compounds","Pteridines and derivatives","Pterins and derivatives","Tetrahydrofolic acids"
"Com_52_pos","Hippuric acid","C9 H9 N O3",179.05902,5.388,180.06627,"Full match","No results","Full match","Benzenoids","Benzene and substituted derivatives","Benzoic acids and derivatives","Hippuric acids"
"Com_5305_neg","2,3,6-Trimethylphenol","C9 H12 O",136.08856,5.812,135.08106,"Full match","No results","No results","Benzenoids","Phenols","Cresols","Ortho cresols"
"Com_5311_neg","Xylitol","C5 H12 O5",152.06805,1.312,151.06053,"Full match","No results","Full match","Organic oxygen compounds","Organooxygen compounds","Carbohydrates and carbohydrate conjugates","Sugar alcohols"
"Com_5313_neg","3-Methyl-2-oxobutanoic acid","C5 H8 O3",116.04679,4.898,115.03946,"No results","No results","Full match","Organic acids and derivatives","Keto acids and derivatives","Short-chain keto acids and derivatives","Short-chain keto acids and derivatives"
"Com_531_pos","Indole-3-acrylic acid","C11 H9 N O2",187.06479,5.27,188.07202,"Invalid mass","No results","No results","Organoheterocyclic compounds","Indoles and derivatives","Indoles","Indoles"
"Com_532_pos","Kanosamine","C6 H13 N O5",179.08142,4.971,180.08869,"Invalid mass","No results","No results","Organic oxygen compounds","Organooxygen compounds","Carbohydrates and carbohydrate conjugates","Hexoses"
"Com_5340_pos","3-Methylcrotonylglycine","C7 H11 N O3",157.07447,1.847,158.08178,"Full match","No results","No results","Organic acids and derivatives","Carboxylic acids and derivatives","Amino acids, peptides, and analogues","N-acyl-alpha amino acids"
"Com_5341_pos","2-(2,5-dimethyl-3-thienyl)-2,3,4,5-tetrahydro-1,5-benzothiazepin-4-one","C15 H15 N O S2",311.0378,5.636,312.04507,"Invalid mass","No results","No results",NA,NA,NA,NA
"Com_5342_neg","N4-Acetylcytidine","C11 H15 N3 O6",285.0973,4.877,284.09002,"Full match","No results","Full match","Nucleosides, nucleotides, and analogues","Pyrimidine nucleosides","Not available","Pyrimidine nucleosides"
"Com_5353_neg","Gallic acid","C7 H6 O5",170.02133,3.014,169.01406,"Full match","No results","Full match","Benzenoids","Benzene and substituted derivatives","Benzoic acids and derivatives","Gallic acids"
"Com_5355_pos","3-hydroxy-1,5-diphenylpentan-1-one","C17 H18 O2",236.11723,4.669,237.1245,"Invalid mass","No results","No results",NA,NA,NA,NA
"Com_5356_pos","Celestolide","C17 H24 O",266.16404,6.331,267.17132,"Invalid mass","No results","No results",NA,NA,NA,NA
"Com_5358_pos","2-[(7-methyl-2,3-dihydro-1H-inden-4-yl)oxy]pyridin-3-amine","C15 H16 N2 O",240.12769,5.289,241.13505,"Invalid mass","No results","No results",NA,NA,NA,NA
"Com_53722_pos","SM 8:0;2O/26:0","C39 H81 N2 O6 P",704.58611,11.375,705.59338,"No results","Full match","No results",NA,NA,NA,NA
"Com_5372_pos","4'-Methoxyacetophenone","C9 H10 O2",150.06885,6.22,151.07614,"Invalid mass","No results","No results","Organic oxygen compounds","Organooxygen compounds","Carbonyl compounds","Alkyl-phenylketones"
"Com_5373_neg","DL-α-Aminocaprylic acid","C8 H17 N O2",159.12588,6.178,158.1186,"Full match","No results","Full match","Organic acids and derivatives","Carboxylic acids and derivatives","Amino acids, peptides, and analogues","Alpha amino acids"
"Com_5382_neg","5-morpholino-2,4(1H,3H)-pyrimidinedione","C8 H11 N3 O3",197.08023,4.841,196.07295,"Full match","No results","Full match",NA,NA,NA,NA
"Com_5393_pos","D-2-Aminoadipic acid","C6 H11 N O4",161.06922,4.942,144.06592,"No results","No results","Full match","Organic acids and derivatives","Carboxylic acids and derivatives","Amino acids, peptides, and analogues","Alpha amino acids and derivatives"
"Com_5398_pos","7-phenyl-6a,7-dihydro-6H-benzo[b]chromeno[4,3-e][1,4]thiazepine","C22 H17 N O S",163.0411,5.153,344.11743,"Invalid mass","No results","No results",NA,NA,NA,NA
"Com_53994_pos","(4-methoxyphenyl)(4-phenyl-3-quinolinyl)methanone","C23 H17 N O2",339.12748,6.384,340.13475,"Full match","No results","No results",NA,NA,NA,NA
"Com_5413_neg","Lactobionic acid","C12 H22 O12",358.11051,5.636,357.1032,"No results","No results","Full match","Lipids and lipid-like molecules","Fatty Acyls","Fatty acyl glycosides","Fatty acyl glycosides of mono- and disaccharides"
"Com_5429_pos","3-hydroxy-2-(3-nitro-4-piperidinobenzyl)propanenitrile","C15 H19 N3 O3",289.13966,1.311,290.14695,"Invalid mass","No results","No results",NA,NA,NA,NA
"Com_543_neg","3-Nitro-L-Tyrosine","C9 H10 N2 O5",226.05934,5.182,225.05205,"No results","No results","Full match","Organic acids and derivatives","Carboxylic acids and derivatives","Amino acids, peptides, and analogues","Tyrosine and derivatives"
"Com_5443_neg","N-(1-benzylpiperidin-4-yl)-5-methoxy-1H-indole-2-carboxamide","C22 H25 N3 O2",363.19066,5.572,362.18339,"Invalid mass","No results","No results",NA,NA,NA,NA
"Com_544_pos","Hypoxanthine","C5 H4 N4 O",136.03907,1.44,137.04634,"Full match","Full match","Full match","Organoheterocyclic compounds","Imidazopyrimidines","Purines and purine derivatives","Hypoxanthines"
"Com_5462_neg","Fumaric acid","C4 H4 O4",116.01078,1.392,115.00322,"No results","No results","Full match","Organic acids and derivatives","Carboxylic acids and derivatives","Dicarboxylic acids and derivatives","Dicarboxylic acids and derivatives"
"Com_5465_pos","5-methyl-3-(2-morpholino-2-oxoethyl)-1,3-benzoxazol-2(3H)-one","C14 H16 N2 O4",276.11225,5.244,277.11953,"Full match","No results","No results",NA,NA,NA,NA
"Com_5487_pos","Quinoline-4-carboxylic acid","C10 H7 N O2",173.04762,5.174,369.08347,"No results","No results","Full match","Organoheterocyclic compounds","Quinolines and derivatives","Quinoline carboxylic acids","Quinoline carboxylic acids"
"Com_5502_pos","Vasicinone","C11 H10 N2 O2",202.07535,1.641,203.08263,"Invalid mass","No results","No results","Organoheterocyclic compounds","Diazanaphthalenes","Benzodiazines","Quinazolines"
"Com_5503_pos","Psoralen","C11 H6 O3",186.03269,6.049,187.03996,"Invalid mass","No results","No results","Phenylpropanoids and polyketides","Coumarins and derivatives","Furanocoumarins","Psoralens"
"Com_5516_pos","2-[(carboxymethyl)(methyl)amino]-5-methoxybenzoic acid","C11 H13 N O5",239.0805,5.438,240.08784,"Full match","No results","No results",NA,NA,NA,NA
"Com_5517_pos","N1-(2-pyridylmethyl)-2-[3,5-di(trifluoromethyl)benzoyl]benzamide","C22 H14 F6 N2 O2",474.07099,5.75,475.07827,"Invalid mass","No results","No results",NA,NA,NA,NA
"Com_5520_pos","Kynurenic acid O-hexside","C16 H17 N O8",351.09568,5.407,374.08467,"No results","No results","Full match","Organoheterocyclic compounds","Quinolines and derivatives","Quinoline carboxylic acids","Quinoline carboxylic acids"
"Com_5527_pos","Acetylcysteine","C5 H9 N O3 S",163.03097,5.947,164.03836,"No results","No results","Full match","Organic acids and derivatives","Carboxylic acids and derivatives","Amino acids, peptides, and analogues","N-acyl-L-alpha-amino acids"
"Com_5567_pos","3-[2-(3-Hydroxyphenyl)ethyl]-5-methoxyphenol","C15 H16 O3",244.11119,5.938,245.1185,"Invalid mass","No results","No results","Phenylpropanoids and polyketides","Stilbenes","Not available","Stilbenes"
"Com_5572_pos","Acetylcholine","C7 H15 N O2",145.11094,1.64,146.11817,"Full match","No results","No results","Organic nitrogen compounds","Organonitrogen compounds","Quaternary ammonium salts","Acyl cholines"
"Com_5579_pos","Anastrozole","C17 H19 N5",293.1655,5.762,294.17297,"No results","Full match","No results","Benzenoids","Benzene and substituted derivatives","Phenylpropanes","Phenylpropanes"
"Com_5580_pos","β-Cortolone","C21 H34 O5",348.23182,6.111,349.23903,"Invalid mass","No results","No results","Lipids and lipid-like molecules","Steroids and steroid derivatives","Hydroxysteroids","21-hydroxysteroids"
"Com_5581_pos","NSI-189","C22 H30 N4 O",366.24252,6.165,349.2393,"No results","No results","Full match","Organoheterocyclic compounds","Pyridines and derivatives","Pyridinecarboxylic acids and derivatives","Pyridinecarboxylic acids and derivatives"
"Com_5585_pos","2-{[(2-hydroxy-1-naphthyl)methylidene]amino}isoindoline-1,3-dione","C19 H12 N2 O3",316.08091,5.556,317.08821,"Invalid mass","No results","No results",NA,NA,NA,NA
"Com_558_pos","Edaravone","C10 H10 N2 O",174.08008,5.417,175.08737,"Full match","No results","No results","Organoheterocyclic compounds","Azolines","Pyrazolines","Pyrazolones"
"Com_5593_pos","ENK","C15 H27 N5 O7",371.17837,5.721,372.18549,"Invalid mass","No results","No results",NA,NA,NA,NA
"Com_5598_neg","Glyphosate","C3 H8 N O5 P",169.01347,5.202,168.00623,"Full match","No results","Full match","Organic acids and derivatives","Carboxylic acids and derivatives","Amino acids, peptides, and analogues","Alpha amino acids and derivatives"
"Com_5610_pos","TLH","C16 H27 N5 O5",369.19496,5.347,370.20224,"Invalid mass","No results","No results",NA,NA,NA,NA
"Com_5622_pos","Morphine-3-glucuronide","C23 H27 N O9",461.17042,1.407,462.1777,"Full match","No results","No results","Alkaloids and derivatives","Morphinans","Not available","Morphinans"
"Com_5630_pos","8-Hydroxyquinoline","C9 H7 N O",128.0269,6.152,146.06078,"Invalid mass","Invalid mass","No results","Organoheterocyclic compounds","Quinolines and derivatives","8-hydroxyquinolines","8-hydroxyquinolines"
"Com_5634_pos","N-(5-Aminopentyl)acetamide","C7 H16 N2 O",144.12687,1.83,145.13414,"No results","No results","Full match",NA,NA,NA,NA
"Com_5647_pos","N-Acetylcytidine","C11 H15 N3 O6",285.09727,4.891,286.10455,"No results","Full match","Full match","Nucleosides, nucleotides, and analogues","Pyrimidine nucleosides","Not available","Pyrimidine nucleosides"
"Com_5652_neg","L-Arabinitol","C5 H12 O5",152.06871,1.306,151.06109,"No results","No results","Full match","Organic oxygen compounds","Organooxygen compounds","Carbohydrates and carbohydrate conjugates","Sugar alcohols"
"Com_567_pos","2,5-Furandicarboxylic acid","C6 H4 O5",156.00645,3.619,157.01377,"No results","No results","Full match","Organoheterocyclic compounds","Furans","Furoic acid and derivatives","Furoic acids"
"Com_5691_pos","Tritylalcohol","C24 H29 N3 O",357.21674,5.563,358.22402,"Invalid mass","No results","No results","Benzenoids","Triphenyl compounds","Not available","Triphenyl compounds"
"Com_5692_neg","2-[(1H-1,2,4-triazol-3-ylimino)methyl]phenol","C9 H8 N4 O",142.06356,5.275,187.06181,"Invalid mass","No results","No results",NA,NA,NA,NA
"Com_5709_pos","C-12 NBD-dihydro-ceramide","C36 H63 N5 O6",661.47986,8.509,662.48714,"Full match","No results","No results","Lipids and lipid-like molecules","Sphingolipids","Ceramides","Ceramides"
"Com_5717_neg","3-Methylhistidine","C7 H11 N3 O2",169.0854,1.239,168.07813,"Full match","Full match","Full match","Organic acids and derivatives","Carboxylic acids and derivatives","Amino acids, peptides, and analogues","Histidine and derivatives"
"Com_5729_neg","17α-Ethynylestradiol","C20 H24 O2",296.17589,6.175,295.16861,"Invalid mass","No results","No results","Lipids and lipid-like molecules","Steroids and steroid derivatives","Estrane steroids","Estrogens and derivatives"
"Com_5745_neg","Succinic acid","C4 H6 O4",118.02594,2.285,117.01866,"Invalid mass","Invalid mass","No results","Organic acids and derivatives","Carboxylic acids and derivatives","Dicarboxylic acids and derivatives","Dicarboxylic acids and derivatives"
"Com_5755_pos","Iberin","C5 H9 N O S2",163.01348,5.13,164.02076,"Invalid mass","No results","No results","Organosulfur compounds","Sulfoxides","Not available","Sulfoxides"
"Com_5768_neg","Estriol 17-sulfate","C18 H24 O6 S",368.13135,5.703,367.12408,"Invalid mass","No results","No results","Lipids and lipid-like molecules","Steroids and steroid derivatives","Sulfated steroids","Sulfated steroids"
"Com_5772_pos","Citral","C10 H16 O",152.12059,5.532,153.12814,"Full match","No results","No results","Lipids and lipid-like molecules","Prenol lipids","Monoterpenoids","Acyclic monoterpenoids"
"Com_5806_pos","3-(2,4-dichloroanilino)-1-(4-methoxyphenyl)prop-2-en-1-one","C16 H13 Cl2 N O2",321.03295,3.254,322.04023,"Full match","No results","No results",NA,NA,NA,NA
"Com_5813_pos","3-[4-methyl-1-(2-methylpropanoyl)-3-oxocyclohexyl]butanoic acid","C15 H24 O4",268.16873,6.264,269.17599,"Full match","No results","No results",NA,NA,NA,NA
"Com_5828_pos","(2R,3S,4S,5R,6R)-2-(hydroxymethyl)-6-(2-phenylethoxy)oxane-3,4,5-triol","C14 H20 O6",301.15426,5.123,302.16151,"Invalid mass","No results","No results",NA,NA,NA,NA
"Com_582_neg","5-Aminovaleric acid","C5 H11 N O2",117.0782,1.499,116.07092,"Invalid mass","No results","No results","Organic acids and derivatives","Carboxylic acids and derivatives","Amino acids, peptides, and analogues","Delta amino acids and derivatives"
"Com_5845_neg","Dl-2-Amino-3-phosphonopropionic acid","C3 H8 N O5 P",169.01345,4.923,168.00618,"No results","No results","Full match",NA,NA,NA,NA
"Com_584_pos","trans-Clovamide","C18 H17 N O7",359.09589,5.58,360.10316,"Invalid mass","No results","No results","Organic acids and derivatives","Carboxylic acids and derivatives","Amino acids, peptides, and analogues","Tyrosine and derivatives"
"Com_585_pos","2'-fluoro-N-[3-(trifluoromethyl)phenyl][1,1'-biphenyl]-4-carboxamide","C20 H13 F4 N O",171.03446,5.587,360.10251,"Invalid mass","No results","No results",NA,NA,NA,NA
"Com_5882_pos","N'-[(2,4-dihydroxyphenyl)methylene]-4-methylbenzenesulfonohydrazide","C14 H14 N2 O4 S",295.11612,5.791,296.1234,"Invalid mass","No results","No results",NA,NA,NA,NA
"Com_5884_pos","4-Hydroxycoumarin","C9 H6 O3",162.03177,1.116,163.03905,"Full match","No results","Full match","Phenylpropanoids and polyketides","Coumarins and derivatives","Hydroxycoumarins","4-hydroxycoumarins"
"Com_5885_neg","Prostaglandin D1","C20 H34 O5",336.23198,6.322,335.22461,"Invalid mass","No results","No results","Lipids and lipid-like molecules","Fatty Acyls","Eicosanoids","Prostaglandins and related compounds"
"Com_5891_pos","(5E)-7-methylidene-10-oxo-4-(propan-2-yl)undec-5-enoic acid","C15 H24 O3",252.1736,5.786,253.18087,"Full match","No results","No results",NA,NA,NA,NA
"Com_5908_pos","Indirubin","C16 H10 N2 O2",262.07575,6.574,263.08302,"Invalid mass","Invalid mass","No results","Organoheterocyclic compounds","Indoles and derivatives","Indolines","Indolines"
"Com_590_pos","N-(2-Furoyl)glycine","C7 H7 N O4",169.03855,4.149,170.04578,"No results","Invalid mass","No results","Organic acids and derivatives","Carboxylic acids and derivatives","Amino acids, peptides, and analogues","N-acyl-alpha amino acids"
"Com_5914_pos","Docosanamide","C22 H45 N O",339.35197,8.68,340.35924,"Invalid mass","No results","No results","Lipids and lipid-like molecules","Fatty Acyls","Fatty amides","Fatty amides"
"Com_591_pos","Proline","C5 H9 N O2",115.06409,2.259,116.07137,"Invalid mass","Invalid mass","No results","Organic acids and derivatives","Carboxylic acids and derivatives","Amino acids, peptides, and analogues","Proline and derivatives"
"Com_5922_neg","L-Glutamic acid","C5 H9 N O4",147.05294,1.283,146.04568,"Full match","No results","Full match","Organic acids and derivatives","Carboxylic acids and derivatives","Amino acids, peptides, and analogues","Glutamic acid and derivatives"
"Com_5929_pos","N2-Acetyl-L-ornithine","C7 H14 N2 O3",174.10127,2.259,158.08194,"No results","Full match","Full match","Organic acids and derivatives","Carboxylic acids and derivatives","Amino acids, peptides, and analogues","N-acyl-L-alpha-amino acids"
"Com_5936_neg","5-Aminolevulinic acid","C5 H9 N O3",131.05781,2.186,130.05053,"Full match","Full match","Full match","Organic acids and derivatives","Keto acids and derivatives","Gamma-keto acids and derivatives","Gamma-keto acids and derivatives"
"Com_5952_pos","4-morpholinobenzoic acid","C11 H13 N O3",207.08833,5.694,208.09561,"Invalid mass","Invalid mass","No results",NA,NA,NA,NA
"Com_5968_pos","9-HOTrE","C18 H30 O3",294.22065,5.906,295.22786,"No results","No results","Full match","Lipids and lipid-like molecules","Fatty Acyls","Lineolic acids and derivatives","Lineolic acids and derivatives"
"Com_5978_neg","N4-(5-chloro-4-methoxy-3-thienyl)-2,6-dimethylmorpholine-4-carboxamide","C12 H17 Cl N2 O3 S",304.06304,5.339,303.05572,"Invalid mass","No results","No results",NA,NA,NA,NA
"Com_5979_neg","Tris(2-carboxyethyl)phosphine","C9 H15 O6 P",250.05961,5.185,249.05234,"No results","No results","Full match",NA,NA,NA,NA
"Com_5983_pos","Neocuproine","C14 H12 N2",208.10114,5.471,209.10841,"Invalid mass","No results","No results","Organoheterocyclic compounds","Phenanthrolines","Not available","Phenanthrolines"
"Com_5993_pos","Cefdinir","C14 H13 N5 O5 S2",395.03743,5.219,396.04471,"Full match","Full match","No results","Organoheterocyclic compounds","Lactams","Beta lactams","Cephalosporins"
"Com_5998_pos","Trifolin","C21 H20 O11",470.08489,5.955,471.09216,"Invalid mass","No results","No results","Phenylpropanoids and polyketides","Flavonoids","Flavonoid glycosides","Flavonoid-3-O-glycosides"
"Com_6006_pos","α-Hydroxyalprazolam","C17 H13 Cl N4 O",143.05963,5.55,144.06644,"Invalid mass","No results","No results","Organoheterocyclic compounds","Benzodiazepines","1,4-benzodiazepines","1,2,4-triazolo[4,3-a][1,4]benzodiazepines"
"Com_6019_neg","L-Aspartic acid","C4 H7 N O4",133.03716,1.359,132.02991,"Full match","Full match","Full match","Organic acids and derivatives","Carboxylic acids and derivatives","Amino acids, peptides, and analogues","Aspartic acid and derivatives"
"Com_603_pos","N1-[1-(2,4-dichlorobenzoyl)-4-piperidyl]cyclohexane-1-carboxamide","C19 H24 Cl2 N2 O2",382.12539,5.582,383.13266,"Invalid mass","No results","No results",NA,NA,NA,NA
"Com_604_pos","Indole-3-acetic acid","C10 H9 N O2",175.06319,5.72,176.07111,"Full match","Full match","Full match","Organoheterocyclic compounds","Indoles and derivatives","Indolyl carboxylic acids and derivatives","Indole-3-acetic acid derivatives"
"Com_6056_pos","5(S)-HpEPE","C20 H30 O4",351.24214,6.179,352.24948,"Invalid mass","No results","No results","Lipids and lipid-like molecules","Fatty Acyls","Eicosanoids","Hydroperoxyeicosapentaenoic acids"
"Com_6060_pos","P-Acetamidophenyl-b-D-glucuronide","C14 H17 N O8",344.12337,2.726,345.13065,"No results","Invalid mass","No results","Organic oxygen compounds","Organooxygen compounds","Carbohydrates and carbohydrate conjugates","Phenolic glycosides"
"Com_6064_pos","3-[4-(3,5-dichloro-4-pyridinyl)piperazino]-1,1,1-trifluoro-2-propanol","C12 H14 Cl2 F3 N3 O",343.05274,1.633,344.06002,"Invalid mass","No results","No results",NA,NA,NA,NA
"Com_6070_pos","pentane-1,2,3,4,5-pentol","C5 H12 O5",152.06947,1.277,175.0587,"Invalid mass","No results","No results",NA,NA,NA,NA
"Com_6077_pos","Leucocrystal violet","C25 H31 N3",178.11121,5.573,374.25566,"Invalid mass","No results","No results","Benzenoids","Triphenyl compounds","Not available","Triphenyl compounds"
"Com_607_pos","15-epi Prostaglandin A1","C20 H32 O4",318.22073,6.973,319.22799,"Invalid mass","No results","No results","Lipids and lipid-like molecules","Fatty Acyls","Eicosanoids","Prostaglandins and related compounds"
"Com_6091_neg","Capryloylglycine","C10 H19 N O3",201.13716,5.912,200.12988,"Full match","No results","No results","Organic acids and derivatives","Carboxylic acids and derivatives","Amino acids, peptides, and analogues","N-acyl-alpha amino acids"
"Com_6114_neg","N-Acetylalanine","C5 H9 N O3",131.05791,2.679,130.05063,"Full match","Full match","Full match","Organic acids and derivatives","Carboxylic acids and derivatives","Amino acids, peptides, and analogues","N-acyl-L-alpha-amino acids"
"Com_6119_pos","Acipimox","C6 H6 N2 O3",137.01186,1.591,155.04568,"Invalid mass","No results","No results",NA,NA,NA,NA
"Com_6128_pos","SQH","C14 H22 N6 O6",392.14441,5.912,393.15168,"Invalid mass","No results","No results",NA,NA,NA,NA
"Com_6149_pos","5-Hydroxyomeprazole","C17 H19 N3 O4 S",361.11174,5.447,362.11901,"Invalid mass","No results","No results","Organoheterocyclic compounds","Benzimidazoles","Sulfinylbenzimidazoles","Sulfinylbenzimidazoles"
"Com_614_pos","Pantothenic acid","C9 H17 N O5",219.11163,5.047,220.1189,"Full match","Full match","Full match","Organic oxygen compounds","Organooxygen compounds","Alcohols and polyols","Secondary alcohols"
"Com_6152_pos","1-(4-methoxyphenyl)propane-1,2-diol","C10 H14 O3",164.0845,5.181,165.09175,"Invalid mass","No results","No match",NA,NA,NA,NA
"Com_6153_pos","Triacanthine","C10 H13 N5",203.11685,5.694,204.12415,"No results","No results","Full match","Organoheterocyclic compounds","Imidazopyrimidines","Purines and purine derivatives","6-aminopurines"
"Com_6176_pos","THC","C21 H30 O2",314.22616,5.899,315.23356,"Invalid mass","No results","No results","Organoheterocyclic compounds","Benzopyrans","1-benzopyrans","2,2-dimethyl-1-benzopyrans"
"Com_6180_pos","Dehydroepiandrosterone (DHEA)","C19 H28 O2",270.19945,6.303,271.20674,"Invalid mass","No results","No results","Lipids and lipid-like molecules","Steroids and steroid derivatives","Androstane steroids","Androgens and derivatives"
"Com_6181_pos","2-{2-oxo-2H,8H,9H-furo[2,3-h]chromen-8-yl}propan-2-yl acetate","C16 H16 O5",305.12936,5.151,306.13661,"Invalid mass","No results","No results",NA,NA,NA,NA
"Com_6184_neg","Chlorogenic acid","C16 H18 O9",354.09707,5.351,353.08964,"Invalid mass","No results","No results","Organic oxygen compounds","Organooxygen compounds","Alcohols and polyols","Quinic acids and derivatives"
"Com_6185_pos","Gly-Phe","C11 H14 N2 O3",222.1009,5.888,467.19049,"No results","No results","Full match","Organic acids and derivatives","Carboxylic acids and derivatives","Amino acids, peptides, and analogues","Peptides"
"Com_6195_pos","N-(1-methyl-3-phenyl-1H-pyrazol-5-yl)-N'-(2-thienyl)urea","C15 H14 N4 O S",336.04731,5.281,337.05458,"Invalid mass","No results","No results",NA,NA,NA,NA
"Com_6218_pos","5-acetyl-2,6-dimethyl-1,2,3,4-tetrahydropyridin-4-one","C9 H13 N O2",149.08477,5.627,150.09209,"Invalid mass","No results","No results",NA,NA,NA,NA
"Com_6227_neg","1-{[5-(4-chlorophenyl)-4H-1,2,4-triazol-3-yl]thio}acetone","C11 H10 Cl N3 O S",534.05294,5.564,266.0192,"Invalid mass","No results","No results",NA,NA,NA,NA
"Com_6228_pos","di(3-pyridyl) 5-(tert-butyl)isophthalate","C22 H20 N2 O4",376.14812,6.121,377.1554,"Invalid mass","No results","No results",NA,NA,NA,NA
"Com_6259_pos","Progesterone","C21 H30 O2",314.22597,6.291,315.23342,"Full match","No results","Full match","Lipids and lipid-like molecules","Steroids and steroid derivatives","Pregnane steroids","Gluco/mineralocorticoids, progestogins and derivatives"
"Com_625_neg","3,3-Dimethylglutaric acid","C7 H12 O4",160.07351,2.44,159.06622,"Full match","No results","Full match","Lipids and lipid-like molecules","Fatty Acyls","Fatty acids and conjugates","Methyl-branched fatty acids"
"Com_625_pos","Caprolactam","C6 H11 N O",113.08493,5.299,114.0922,"Invalid mass","No results","No results","Organoheterocyclic compounds","Lactams","Caprolactams","Caprolactams"
"Com_6267_neg","Ala-Gln","C8 H15 N3 O4",217.10673,1.51,216.09945,"No results","No results","Full match","Organic acids and derivatives","Carboxylic acids and derivatives","Amino acids, peptides, and analogues","Peptides"
"Com_6270_neg","trans-Cinnamic acid","C9 H8 O2",148.05231,5.539,147.04499,"Full match","No results","No results","Phenylpropanoids and polyketides","Cinnamic acids and derivatives","Cinnamic acids","Cinnamic acids"
"Com_628_pos","Paracetamol","C8 H9 N O2",151.06402,3.96,152.0713,"Full match","Full match","Full match","Benzenoids","Phenols","1-hydroxy-2-unsubstituted benzenoids","1-hydroxy-2-unsubstituted benzenoids"
"Com_6294_neg","Homotaurine","C3 H9 N O3 S",139.03,1.308,138.02272,"No results","No results","Full match","Organic acids and derivatives","Organic sulfonic acids and derivatives","Organosulfonic acids and derivatives","Organosulfonic acids"
"Com_6298_neg","N-α-Acetyl-L-asparagine","C6 H10 N2 O4",128.05865,1.385,173.05691,"Invalid mass","Invalid mass","No results","Organic acids and derivatives","Carboxylic acids and derivatives","Amino acids, peptides, and analogues","Asparagine and derivatives"
"Com_6306_neg","Sucrose","C12 H22 O11",342.11804,1.359,341.11067,"Invalid mass","Invalid mass","No results","Organic oxygen compounds","Organooxygen compounds","Carbohydrates and carbohydrate conjugates","O-glycosyl compounds"
"Com_6309_pos","Tropine","C8 H15 N O",141.11607,1.392,142.12334,"Full match","No results","No results","Alkaloids and derivatives","Tropane alkaloids","Not available","Tropane alkaloids"
"Com_6310_pos","2-[2-(1-isobutylcyclohexyl)-1-methylethylidene]hydrazine-1-carboxamide","C14 H27 N3 O",275.19312,6.517,276.20036,"Invalid mass","No results","No results",NA,NA,NA,NA
"Com_6318_neg","Nonanoic acid","C9 H18 O2",158.13107,5.935,157.12335,"Full match","No results","Full match","Lipids and lipid-like molecules","Fatty Acyls","Fatty acids and conjugates","Medium-chain fatty acids"
"Com_633_neg","3,8,9-trihydroxy-10-propyl-3,4,5,8,9,10-hexahydro-2H-oxecin-2-one","C12 H20 O5",244.13226,5.803,243.12499,"Full match","No results","No results",NA,NA,NA,NA
"Com_633_pos","Acetyl-L-carnitine","C9 H17 N O4",203.11652,1.792,204.1238,"Full match","Full match","Not the top hit","Lipids and lipid-like molecules","Fatty Acyls","Fatty acid esters","Acyl carnitines"
"Com_634_pos","2-Hydroxyphenylalanine","C9 H11 N O3",181.07479,2.371,182.08206,"Full match","Full match","Full match","Organic acids and derivatives","Carboxylic acids and derivatives","Amino acids, peptides, and analogues","Phenylalanine and derivatives"
"Com_6350_pos","5,7-dihydroxy-3,8-dimethoxy-2-phenyl-4H-chromen-4-one","C17 H14 O6",314.08054,6.014,315.08782,"Full match","No results","No results",NA,NA,NA,NA
"Com_6351_pos","5-(benzyloxy)-2-(hydroxymethyl)-1,4-dihydropyridin-4-one","C13 H13 N O3",231.09068,5.695,232.09796,"Full match","No results","No results",NA,NA,NA,NA
"Com_6360_neg","Glutathione","C10 H17 N3 O6 S",307.08239,5.045,306.07511,"No results","No results","Full match","Organic acids and derivatives","Carboxylic acids and derivatives","Amino acids, peptides, and analogues","Peptides"
"Com_6371_neg","L-Cystine","C6 H12 N2 O4 S2",240.02511,1.238,239.01783,"Invalid mass","Invalid mass","No results","Organic acids and derivatives","Carboxylic acids and derivatives","Amino acids, peptides, and analogues","L-cysteine-S-conjugates"
"Com_6373_neg","Methylsuccinic acid","C5 H8 O4",132.04212,1.603,131.03476,"Full match","No results","Full match","Lipids and lipid-like molecules","Fatty Acyls","Fatty acids and conjugates","Methyl-branched fatty acids"
"Com_6381_pos","2-[2-oxo-2-(2-pyridylamino)ethoxy]acetic acid","C9 H10 N2 O4",210.06513,1.619,211.07245,"Invalid mass","No results","No results",NA,NA,NA,NA
"Com_6394_pos","O6-CM-dG","C12 H15 N5 O6",325.10365,5.378,326.11093,"Full match","No results","No results","Nucleosides, nucleotides, and analogues","Purine nucleosides","Purine 2'-deoxyribonucleosides","Purine 2'-deoxyribonucleosides"
"Com_6398_pos","2-(acetyloxy)-3-amino-1-[1,2-di(acetyloxy)ethyl]-3-oxopropyl acetate","C13 H19 N O9",333.10528,6.224,334.11255,"Full match","No results","Full match",NA,NA,NA,NA
"Com_6418_pos","Methyl-2-aminobenzoate","C8 H9 N O2",151.06408,5.407,152.0714,"Full match","No results","Full match","Benzenoids","Benzene and substituted derivatives","Benzoic acids and derivatives","Benzoic acid esters"
"Com_6434_pos","1,2,10-Trimethoxy-5,6,6a,7-tetrahydro-4H-dibenzo[de,g]quinolin-9-ol","C19 H21 N O4",327.14778,6.408,328.15506,"Full match","No results","No results","Alkaloids and derivatives","Aporphines","Not available","Aporphines"
"Com_6436_pos","5-chloro-3-phenylbenzo[c]isoxazole","C13 H8 Cl N O",229.03096,5.899,230.03824,"Invalid mass","No results","No results",NA,NA,NA,NA
"Com_6444_pos","ethyl 2,3-dioxo-1,2,3,4-tetrahydroquinoline-4-carboxylate","C12 H11 N O4",233.06507,5.66,234.07234,"Invalid mass","No results","No results",NA,NA,NA,NA
"Com_649_pos","Cotinine","C10 H12 N2 O",176.09554,2.325,177.10282,"Full match","Full match","Full match","Organoheterocyclic compounds","Pyridines and derivatives","Pyrrolidinylpyridines","Pyrrolidinylpyridines"
"Com_6502_neg","19(R)-Hydroxy prostaglandin A2","C20 H30 O5",350.21142,6.234,349.2041,"Invalid mass","No results","No results","Lipids and lipid-like molecules","Fatty Acyls","Eicosanoids","Prostaglandins and related compounds"
"Com_6507_neg","Thymine","C5 H6 N2 O2",126.04318,1.554,171.04148,"No results","No results","Full match","Organoheterocyclic compounds","Diazines","Pyrimidines and pyrimidine derivatives","Hydroxypyrimidines"
"Com_6510_neg","Tretinoin","C20 H28 O2",300.21061,7.621,299.20333,"Invalid mass","No results","No results","Lipids and lipid-like molecules","Prenol lipids","Retinoids","Retinoids"
"Com_6511_pos","3,4-MDEA-d5","C12 H12 [2]H5 N O2",106.07898,6.329,107.08632,"Invalid mass","No results","No results",NA,NA,NA,NA
"Com_6541_pos","S-Adenosylhomocysteine","C14 H20 N6 O5 S",384.12305,2.221,385.13031,"Full match","Full match","Full match","Nucleosides, nucleotides, and analogues","5'-deoxyribonucleosides","5'-deoxy-5'-thionucleosides","5'-deoxy-5'-thionucleosides"
"Com_6545_pos","2-(1H-indol-3-yl)acetic acid","C10 H9 N O2",175.06408,4.975,176.07137,"Full match","No results","Full match",NA,NA,NA,NA
"Com_6554_neg","Quinic acid","C7 H12 O6",192.06386,5.364,191.05656,"No results","No results","Full match","Organic oxygen compounds","Organooxygen compounds","Alcohols and polyols","Quinic acids and derivatives"
"Com_6575_pos","Isophorone","C9 H14 O",138.10515,6.06,139.11238,"Full match","No results","Full match","Organic oxygen compounds","Organooxygen compounds","Carbonyl compounds","Cyclohexenones"
"Com_6582_pos","L-lysine","C6 H14 N2 O2",146.10621,1.396,129.10293,"No results","No results","Full match","Organic acids and derivatives","Carboxylic acids and derivatives","Amino acids, peptides, and analogues","L-alpha-amino acids"
"Com_6587_neg","19(R)-Hydroxy-prostaglandin E2","C20 H32 O6",350.21153,6.883,349.2042,"Invalid mass","No results","No results","Lipids and lipid-like molecules","Fatty Acyls","Eicosanoids","Prostaglandins and related compounds"
"Com_6595_pos","16α-Hydroxyestrone","C18 H22 O3",286.15802,5.756,287.16535,"Full match","No results","No results","Lipids and lipid-like molecules","Steroids and steroid derivatives","Estrane steroids","Estrogens and derivatives"
"Com_6606_pos","L-Carnitine","C7 H15 N O3",161.10591,5.968,162.11322,"No results","No results","Full match","Organic nitrogen compounds","Organonitrogen compounds","Quaternary ammonium salts","Carnitines"
"Com_6609_neg","6-phospho-D-glucono-1,5-lactone","C6 H11 O9 P",258.01378,5.548,257.0065,"No results","No results","Full match",NA,NA,NA,NA
"Com_6620_neg","4-Phenylbutyric acid","C10 H12 O2",164.08364,5.985,163.07627,"Full match","No results","Full match","Benzenoids","Benzene and substituted derivatives","Not available","Benzene and substituted derivatives"
"Com_6627_pos","N1-(2,3-dihydro-1,4-benzodioxin-6-yl)acetamide","C10 H11 N O3",193.07472,5.249,194.08209,"Full match","No results","Full match",NA,NA,NA,NA
"Com_662_pos","D-(+)-Proline","C5 H9 N O2",115.06403,1.894,116.07131,"Invalid mass","Invalid mass","No results","Organic acids and derivatives","Carboxylic acids and derivatives","Amino acids, peptides, and analogues","Proline and derivatives"
"Com_6648_neg","8,8'-dicarboxy-1,1'-binaphthalene","C22 H14 O4",342.08962,5.639,341.08248,"Full match","No results","No results",NA,NA,NA,NA
"Com_6654_pos","N-(2,4-Dimethylphenyl)formamide","C9 H11 N O",149.0847,4.035,150.09197,"Full match","No results","No results","Benzenoids","Benzene and substituted derivatives","Anilides","Anilides"
"Com_6665_pos","8-Isoprostaglandin F1β","C20 H36 O5",373.28459,5.914,374.29186,"Invalid mass","No results","No results","Lipids and lipid-like molecules","Fatty Acyls","Eicosanoids","Prostaglandins and related compounds"
"Com_6669_pos","Neosaxitoxin","C10 H17 N7 O5",337.11164,5.876,338.11892,"Invalid mass","No results","No results","Phenylpropanoids and polyketides","Saxitoxins, gonyautoxins, and derivatives","Not available","Saxitoxins, gonyautoxins, and derivatives"
"Com_666_pos","D-Phenylalanine","C9 H11 N O2",165.07966,1.94,166.08693,"No results","No results","Full match","Organic acids and derivatives","Carboxylic acids and derivatives","Amino acids, peptides, and analogues","Phenylalanine and derivatives"
"Com_6682_pos","Oleanolic acid","C30 H48 O3",438.35185,5.953,439.35913,"Invalid mass","No results","No results","Lipids and lipid-like molecules","Prenol lipids","Triterpenoids","Triterpenoids"
"Com_6684_pos","5-[(Benzoyloxy)methyl]-4,5,6-trihydroxy-2-cyclohexen-1-yl benzoate","C21 H20 O7",384.11797,4.821,385.12524,"Invalid mass","No results","No results","Benzenoids","Benzene and substituted derivatives","Benzoic acids and derivatives","Benzoic acid esters"
"Com_6694_pos","N-Acetyl-L-glutamine","C7 H12 N2 O4",188.0804,1.706,189.08769,"Full match","Full match","No results","Organic acids and derivatives","Carboxylic acids and derivatives","Amino acids, peptides, and analogues","Glutamine and derivatives"
"Com_669_neg","Chlortetracycline","C22 H23 Cl N2 O8",478.11399,5.628,477.10671,"Full match","No results","No results","Phenylpropanoids and polyketides","Tetracyclines","Not available","Tetracyclines"
"Com_6702_neg","Cinnamyl alcohol","C9 H10 O",134.07299,5.818,133.06553,"Full match","No results","No results","Phenylpropanoids and polyketides","Cinnamyl alcohols","Not available","Cinnamyl alcohols"
"Com_671_neg","3-Hydroxy-3-methylglutaric acid","C6 H10 O5",162.05282,3.174,161.04557,"Full match","No results","No results","Lipids and lipid-like molecules","Fatty Acyls","Fatty acids and conjugates","Hydroxy fatty acids"
"Com_6727_neg","N-Acetyl-5-aminosalicylic acid","C9 H9 N O4",195.05362,5.915,194.04634,"Full match","Full match","No results","Benzenoids","Benzene and substituted derivatives","Benzoic acids and derivatives","Acylaminobenzoic acid and derivatives"
"Com_6757_pos","Octadecanamine","C18 H39 N",269.30964,8.241,270.31692,"Invalid mass","No results","No results","Organic nitrogen compounds","Organonitrogen compounds","Amines","Monoalkylamines"
"Com_6773_pos","JNJ-1661010","C19 H19 N5 O S",365.13132,6.294,388.12057,"No results","No results","Full match","Organoheterocyclic compounds","Diazinanes","Piperazines","N-arylpiperazines"
"Com_677_neg","2-Isopropylmalic acid","C7 H12 O5",176.06879,5.399,175.06152,"Full match","Full match","Full match","Lipids and lipid-like molecules","Fatty Acyls","Fatty acids and conjugates","Hydroxy fatty acids"
"Com_6780_pos","RPH","C17 H28 N8 O4",408.22776,5.236,409.23504,"Invalid mass","No results","No results",NA,NA,NA,NA
"Com_6792_pos","Pyridoxine O-Glucoside","C14 H21 N O8",331.12824,5.315,332.13551,"No results","No results","Full match","Organoheterocyclic compounds","Pyridines and derivatives","Pyridoxines","Pyridoxines"
"Com_6806_pos","Isovanillic acid","C8 H8 O4",168.04304,5.016,169.0504,"Full match","No results","Full match","Benzenoids","Benzene and substituted derivatives","Benzoic acids and derivatives","P-methoxybenzoic acids and derivatives"
"Com_6823_neg","Taurocholic acid","C26 H45 N O7 S",515.28975,6.399,514.28247,"No results","No results","Full match","Lipids and lipid-like molecules","Steroids and steroid derivatives","Bile acids, alcohols and derivatives","Trihydroxy bile acids, alcohols and derivatives"
"Com_683_neg","Benzoic acid","C7 H6 O2",122.03646,5.243,121.02917,"Full match","Full match","Full match","Benzenoids","Benzene and substituted derivatives","Benzoic acids and derivatives","Benzoic acids"
"Com_6840_pos","4-oxododecanedioic acid","C12 H20 O5",266.11439,5.529,267.12164,"Invalid mass","No results","No results",NA,NA,NA,NA
"Com_6848_pos","Ricinine","C8 H8 N2 O2",164.0592,1.466,165.06644,"Full match","No results","No results","Organoheterocyclic compounds","Pyridines and derivatives","3-pyridinecarbonitriles","3-pyridinecarbonitriles"
"Com_6856_pos","Retrorsine","C18 H25 N O6",351.16974,5.517,352.17701,"Full match","No results","No results","Phenylpropanoids and polyketides","Macrolides and analogues","Not available","Macrolides and analogues"
"Com_6929_pos","Biopterin","C9 H11 N5 O3",237.0871,2.256,238.09438,"Full match","Full match","Full match","Organoheterocyclic compounds","Pteridines and derivatives","Pterins and derivatives","Biopterins and derivatives"
"Com_6939_neg","Resolvin E1","C20 H30 O5",350.2097,6.42,349.20243,"Full match","No results","No results","Lipids and lipid-like molecules","Fatty Acyls","Eicosanoids","Hydroxyeicosapentaenoic acids"
"Com_695_neg","5-Methoxyindole-3-Carbaldehyde","C10 H9 N O2",175.06366,5.4,174.05627,"No results","No results","Full match","Organoheterocyclic compounds","Indoles and derivatives","Indoles","Indoles"
"Com_695_pos","7-Methylxanthine","C6 H6 N4 O2",166.04973,3.573,167.05701,"Full match","No results","Full match","Organoheterocyclic compounds","Imidazopyrimidines","Purines and purine derivatives","Xanthines"
"Com_6965_neg","6-(4-methoxyphenyl)pyrimidine-2,4-diamine","C11 H12 N4 O",170.09524,5.523,169.08736,"Invalid mass","No results","No results",NA,NA,NA,NA
"Com_6968_pos","5,7-dimethyl-2-phenylpyrazolo[1,5-a]pyrimidine","C14 H13 N3",261.06841,1.656,244.06491,"Invalid mass","No results","No results",NA,NA,NA,NA
"Com_696_neg","Taurolithocholic acid 3-sulfate","C26 H45 N O8 S2",563.26166,7.049,280.62355,"Invalid mass","No results","No results","Lipids and lipid-like molecules","Steroids and steroid derivatives","Bile acids, alcohols and derivatives","Taurinated bile acids and derivatives"
"Com_7005_neg","1H-benzo[d]imidazole-2-thiol","C7 H6 N2 S",150.02479,5.333,149.01752,"Full match","No results","No results",NA,NA,NA,NA
"Com_702_neg","Porphobilinogen","C10 H14 N2 O4",226.09659,1.649,225.08931,"Invalid mass","No results","No results","Organic nitrogen compounds","Organonitrogen compounds","Amines","Aralkylamines"
"Com_702_pos","Isorhapontigenin","C15 H14 O4",258.09053,5.734,259.09781,"Invalid mass","No results","No results","Phenylpropanoids and polyketides","Stilbenes","Not available","Stilbenes"
"Com_7030_neg","3-Hydroxydecanoic acid","C10 H20 O3",188.14145,6.088,187.13432,"Full match","No results","Full match","Organic acids and derivatives","Hydroxy acids and derivatives","Medium-chain hydroxy acids and derivatives","Medium-chain hydroxy acids and derivatives"
"Com_7045_pos","Skatole","C9 H9 N",131.07415,1.974,132.08142,"Full match","No results","Full match","Organoheterocyclic compounds","Indoles and derivatives","Indoles","3-methylindoles"
"Com_704_pos","N6,N6,N6-Trimethyl-L-lysine","C9 H20 N2 O2",188.15358,1.217,189.16086,"Invalid mass","Invalid mass","No results","Organic acids and derivatives","Carboxylic acids and derivatives","Amino acids, peptides, and analogues","L-alpha-amino acids"
"Com_7080_pos","N-Methylisoleucine","C7 H15 N O2",145.1108,3.113,146.11808,"No results","Full match","No results","Organic acids and derivatives","Carboxylic acids and derivatives","Amino acids, peptides, and analogues","Isoleucine and derivatives"
"Com_7084_neg","Carminic acid","C22 H20 O13",492.09474,5.405,491.08746,"Invalid mass","No results","No results","Benzenoids","Anthracenes","Anthracenecarboxylic acids and derivatives","Anthracenecarboxylic acids"
"Com_7098_pos","Homoarginine","C7 H16 N4 O2",188.12823,1.324,189.13551,"No results","No results","Full match","Organic acids and derivatives","Carboxylic acids and derivatives","Amino acids, peptides, and analogues","L-alpha-amino acids"
"Com_70_pos","Proline-hydroxyproline","C10 H16 N2 O4",103.06533,1.416,229.11993,"No results","Invalid mass","No results","Organic acids and derivatives","Carboxylic acids and derivatives","Amino acids, peptides, and analogues","Dipeptides"
"Com_7122_pos","Andrographolide","C20 H30 O5",350.21042,6.014,351.21756,"Full match","No results","No results","Organoheterocyclic compounds","Lactones","Gamma butyrolactones","Gamma butyrolactones"
"Com_713_pos","L-Methionine Methyl Ester","C6 H13 N O2 S",163.0672,3.717,147.04788,"No results","No results","Full match",NA,NA,NA,NA
"Com_7144_pos","6-amino-1-(2-methylphenyl)-1,2,3,4-tetrahydropyrimidine-2,4-dione","C11 H11 N3 O2",217.08597,5.284,218.09325,"Full match","No results","No results",NA,NA,NA,NA
"Com_7190_neg","2'-Deoxyuridine-5-monophosphate","C9 H13 N2 O8 P",308.03736,5.576,307.03004,"Invalid mass","No results","No results","Nucleosides, nucleotides, and analogues","Pyrimidine nucleotides","Pyrimidine deoxyribonucleotides","Pyrimidine 2'-deoxyribonucleoside monophosphates"
"Com_7190_pos","Palmitoleic Acid","C16 H30 O2",276.21009,6.656,277.21738,"Invalid mass","No results","No results","Lipids and lipid-like molecules","Fatty Acyls","Fatty acids and conjugates","Long-chain fatty acids"
"Com_7196_pos","Terbutaline","C12 H19 N O3",225.13741,5.802,226.14473,"Full match","No results","No results","Benzenoids","Phenols","Benzenediols","Resorcinols"
"Com_7206_pos","Saxitoxin","C10 H17 N7 O4",321.11676,5.531,322.12404,"Invalid mass","No results","No results","Phenylpropanoids and polyketides","Saxitoxins, gonyautoxins, and derivatives","Not available","Saxitoxins, gonyautoxins, and derivatives"
"Com_7238_neg","4-(3,4-dihydro-2H-1,5-benzodioxepin-7-yl)-4-oxobutanoic acid","C13 H14 O5",250.08566,5.7,249.0781,"Invalid mass","No results","No results",NA,NA,NA,NA
"Com_7241_neg","Dl-Indole-3-lactic acid","C11 H11 N O3",205.07485,5.309,204.06728,"No results","No results","Full match","Organoheterocyclic compounds","Indoles and derivatives","Indolyl carboxylic acids and derivatives","Indolyl carboxylic acids and derivatives"
"Com_7265_neg","Allantoin","C4 H6 N4 O3",158.04401,1.327,157.03669,"No results","No results","Full match","Organoheterocyclic compounds","Azoles","Imidazoles","Imidazoles"
"Com_7268_pos","CAR 6:2","C13 H22 N O4",255.14784,6.07,256.15512,"No results","Invalid mass","No results",NA,NA,NA,NA
"Com_727_neg","5-Phenyl-N-(4-(trifluoromethyl)phenyl)oxazol-2-amine","C16 H11 F3 N2 O",304.08097,5.032,303.07369,"Full match","No results","No results","Organoheterocyclic compounds","Azoles","Oxazoles","Phenyl-1,3-oxazoles"
"Com_729_neg","Glycoursodeoxycholic acid","C26 H43 N O5",403.30926,6.657,448.30746,"Invalid mass","Invalid mass","No results","Lipids and lipid-like molecules","Steroids and steroid derivatives","Bile acids, alcohols and derivatives","Glycinated bile acids and derivatives"
"Com_7318_pos","1,3-Diphenylacetone","C15 H14 O",210.10155,4.548,211.10883,"Invalid mass","No results","No results","Phenylpropanoids and polyketides","Linear 1,3-diarylpropanoids","Not available","Linear 1,3-diarylpropanoids"
"Com_731_pos","L-Leucyl-L-Alanine","C9 H18 N2 O3",202.13251,4.873,185.12922,"No results","No results","Full match","Organic acids and derivatives","Carboxylic acids and derivatives","Amino acids, peptides, and analogues","Peptides"
"Com_7327_pos","Pyridostigmine","C9 H12 N2 O2",180.09064,4.858,181.09795,"Full match","No results","No results","Organoheterocyclic compounds","Pyridines and derivatives","Methylpyridines","N-methylpyridinium compounds"
"Com_7328_pos","L-Alanyl-L-proline","C8 H14 N2 O3",186.10149,1.622,187.10878,"Invalid mass","No results","No results","Organic acids and derivatives","Carboxylic acids and derivatives","Amino acids, peptides, and analogues","Dipeptides"
"Com_7329_pos","α-Ergocryptine","C32 H41 N5 O5",575.31175,6.544,576.31905,"Full match","No results","No results","Alkaloids and derivatives","Ergoline and derivatives","Lysergic acids and derivatives","Lysergamides"
"Com_732_pos","L-Adrenaline","C9 H13 N O3",183.09036,5.919,184.09764,"No results","No results","Full match","Benzenoids","Phenols","Benzenediols","Catechols"
"Com_7338_neg","3-(4-methoxyphenoxy)propanoic acid","C10 H12 O4",196.07399,5.891,195.06673,"Full match","No results","Full match",NA,NA,NA,NA
"Com_7365_neg","4-tert-Amylphenol","C11 H16 O",164.12007,5.471,163.11279,"Full match","No results","No results","Benzenoids","Benzene and substituted derivatives","Phenylpropanes","Phenylpropanes"
"Com_737_neg","Acetaminophen glucuronide","C14 H17 N O8",327.0969,4,326.08962,"Full match","Full match","No results","Organic oxygen compounds","Organooxygen compounds","Carbohydrates and carbohydrate conjugates","Phenolic glycosides"
"Com_7382_pos","1,3-Dimethyluracil","C6 H8 N2 O2",140.05927,1.871,141.06646,"No results","No results","Full match","Organoheterocyclic compounds","Diazines","Pyrimidines and pyrimidine derivatives","Pyrimidones"
"Com_738_pos","trans-3-Hydroxycotinine","C10 H12 N2 O2",192.09057,1.652,193.09785,"Full match","No results","No results","Organoheterocyclic compounds","Pyridines and derivatives","Pyrrolidinylpyridines","Pyrrolidinylpyridines"
"Com_73_pos","1-(6-methyl-3-pyridyl)ethan-1-one O1-ethyloxime hydrochloride","C10 H14 N2 O",178.11148,5.391,179.11871,"Full match","No results","No results",NA,NA,NA,NA
"Com_7406_neg","Prostaglandin D3","C20 H30 O5",332.20084,6.243,331.19354,"Invalid mass","No results","No results","Lipids and lipid-like molecules","Fatty Acyls","Eicosanoids","Prostaglandins and related compounds"
"Com_740_pos","Methylimidazoleacetic acid","C6 H8 N2 O2",140.05919,1.389,141.06645,"Full match","No results","Full match","Organoheterocyclic compounds","Azoles","Imidazoles","Imidazolyl carboxylic acids and derivatives"
"Com_7430_pos","VLH","C17 H29 N5 O4",367.22356,5.235,368.23082,"Full match","No results","No results",NA,NA,NA,NA
"Com_7432_pos","6-methoxy-2,3,4,9-tetrahydro-1H-beta-carbolin-1-one","C12 H12 N2 O2",216.09099,6.373,217.09827,"Invalid mass","No results","No results",NA,NA,NA,NA
"Com_7444_pos","DLK","C16 H30 N4 O6",374.218,5.053,375.22533,"Full match","No results","No results",NA,NA,NA,NA
"Com_7460_pos","4-(5H-thieno[3',2':5,6]thiino[4,3-d]pyrimidin-2-yl)benzamide","C16 H11 N3 O S2",325.03185,5.148,326.03913,"Invalid mass","No results","No results",NA,NA,NA,NA
"Com_7468_pos","Radicinin","C12 H12 O5",258.0516,5.469,259.05888,"Invalid mass","No results","No results","Organic oxygen compounds","Organooxygen compounds","Carbonyl compounds","Aryl alkyl ketones"
"Com_7489_pos","Cortisone","C21 H28 O5",161.12022,5.962,361.20276,"Invalid mass","Invalid mass","No results","Lipids and lipid-like molecules","Steroids and steroid derivatives","Hydroxysteroids","21-hydroxysteroids"
"Com_7492_neg","10-Undecenoic acid","C11 H20 O2",184.14673,6.568,183.13937,"No results","No results","Full match","Lipids and lipid-like molecules","Fatty Acyls","Fatty acids and conjugates","Medium-chain fatty acids"
"Com_7492_pos","YQH","C20 H26 N6 O6",446.19733,5.629,447.2048,"Invalid mass","Invalid mass","No results",NA,NA,NA,NA
"Com_7501_neg","D-(-)-Mannitol","C6 H14 O6",182.07928,0.082,181.072,"Full match","Full match","Full match","Organic oxygen compounds","Organooxygen compounds","Carbohydrates and carbohydrate conjugates","Sugar alcohols"
"Com_7511_pos","Metanephrine","C10 H15 N O3",197.10617,5.39,198.11349,"No results","No results","Full match","Benzenoids","Phenols","Methoxyphenols","Methoxyphenols"
"Com_7515_pos","diethyl 2-{[2-(2-thienylcarbonyl)hydrazino]methylidene}malonate","C13 H16 N2 O5 S",334.06203,5.215,335.06931,"Invalid mass","No results","No results",NA,NA,NA,NA
"Com_7528_pos","1-(3,4-dihydroxyphenyl)-7-(4-hydroxyphenyl)heptan-3-one","C19 H22 O4",336.13732,5.585,337.14459,"Invalid mass","No results","No results",NA,NA,NA,NA
"Com_7534_neg","Butylparaben","C11 H14 O3",194.09484,5.847,193.08755,"Full match","No results","No results","Benzenoids","Benzene and substituted derivatives","Benzoic acids and derivatives","p-Hydroxybenzoic acid alkyl esters"
"Com_7538_pos","Cotinine N-oxide","C10 H12 N2 O2",192.09072,3.946,193.098,"Full match","No results","No results","Organoheterocyclic compounds","Pyridines and derivatives","Pyrrolidinylpyridines","Pyrrolidinylpyridines"
"Com_7581_pos","L-Ergothioneine","C9 H15 N3 O2 S",229.08948,1.411,230.09675,"Full match","Full match","Full match","Organic acids and derivatives","Carboxylic acids and derivatives","Amino acids, peptides, and analogues","Histidine and derivatives"
"Com_7631_pos","Venlafaxine N-Oxide","C17 H27 N O3",293.20102,5.034,294.20831,"Invalid mass","No results","No results","Benzenoids","Phenol ethers","Anisoles","Anisoles"
"Com_7643_neg","Gluconolactone","C6 H10 O6",178.04832,1.552,177.04091,"No results","No results","Full match","Organic oxygen compounds","Organooxygen compounds","Carbohydrates and carbohydrate conjugates","Gluconolactones"
"Com_7661_pos","Guaiacol","C7 H8 O2",123.04402,5.179,124.0513,"Invalid mass","No results","No results","Benzenoids","Phenols","Methoxyphenols","Methoxyphenols"
"Com_7679_pos","5'-S-Methyl-5'-thioadenosine","C11 H15 N5 O3 S",297.09101,5.183,298.09829,"Full match","Full match","Full match","Nucleosides, nucleotides, and analogues","5'-deoxyribonucleosides","5'-deoxy-5'-thionucleosides","5'-deoxy-5'-thionucleosides"
"Com_7697_neg","dTMP","C10 H15 N2 O8 P",322.05609,5.857,321.04881,"No results","No results","Full match","Nucleosides, nucleotides, and analogues","Pyrimidine nucleotides","Pyrimidine deoxyribonucleotides","Pyrimidine 2'-deoxyribonucleoside monophosphates"
"Com_76_neg","L-(+)-Tartaric acid","C4 H6 O6",150.01618,1.354,149.0089,"Full match","Full match","No results","Organic oxygen compounds","Organooxygen compounds","Carbohydrates and carbohydrate conjugates","Sugar acids and derivatives"
"Com_76_pos","HET0016","C12 H18 N2 O",228.12714,5.801,229.13441,"Invalid mass","No results","No results","Benzenoids","Benzene and substituted derivatives","Toluenes","Toluenes"
"Com_7705_neg","Catechin","C15 H14 O6",290.08033,5.168,289.07302,"Full match","Full match","No results","Phenylpropanoids and polyketides","Flavonoids","Flavans","Catechins"
"Com_7710_neg","2-Isopropylmalate","C7 H12 O5",176.06842,5.268,175.06126,"No results","No results","Full match","Lipids and lipid-like molecules","Fatty Acyls","Fatty acids and conjugates","Hydroxy fatty acids"
"Com_7716_neg","6-Hydroxynicotinic acid","C6 H5 N O3",139.02682,2.04,138.01955,"Full match","Full match","Full match","Organoheterocyclic compounds","Pyridines and derivatives","Pyridinecarboxylic acids and derivatives","Pyridinecarboxylic acids"
"Com_7728_neg","Methylmalonate","C4 H6 O4",118.02652,1.398,117.01882,"No results","No results","Full match","Organic acids and derivatives","Carboxylic acids and derivatives","Dicarboxylic acids and derivatives","Dicarboxylic acids and derivatives"
"Com_7734_pos","Arachidonoyl amide","C20 H33 N O",303.25516,9.691,304.26243,"Full match","No results","No results","Lipids and lipid-like molecules","Fatty Acyls","Fatty amides","Fatty amides"
"Com_774_neg","4-Aminohippuric acid","C9 H10 N2 O3",194.0696,5.002,193.06232,"Full match","Full match","Full match","Benzenoids","Benzene and substituted derivatives","Benzoic acids and derivatives","Hippuric acids"
"Com_7755_neg","ethyl 3-cyano-2-hydroxy-6-phenylisonicotinate","C15 H12 N2 O3",268.08595,5.722,267.07867,"Full match","No results","No results",NA,NA,NA,NA
"Com_777_neg","L-Ascorbic acid 2-sulfate","C6 H8 O9 S",127.99496,1.392,254.98265,"Invalid mass","No results","No results","Organoheterocyclic compounds","Dihydrofurans","Furanones","Butenolides"
"Com_777_pos","L-Tryptophan","C11 H12 N2 O2",204.09077,4.96,205.09806,"No results","No results","Full match","Organoheterocyclic compounds","Indoles and derivatives","Indolyl carboxylic acids and derivatives","Indolyl carboxylic acids and derivatives"
"Com_779_neg","Suberic acid","C8 H14 O4",174.08937,5.648,173.08207,"Full match","Full match","Full match","Lipids and lipid-like molecules","Fatty Acyls","Fatty acids and conjugates","Medium-chain fatty acids"
"Com_77_pos","L-Pyroglutamic acid","C5 H7 N O3",129.04329,2.551,130.05055,"Invalid mass","Invalid mass","No results","Organic acids and derivatives","Carboxylic acids and derivatives","Amino acids, peptides, and analogues","Alpha amino acids and derivatives"
"Com_781_pos","N6-Succinyl Adenosine","C14 H17 N5 O8",383.10925,5.019,384.11652,"No results","No results","Full match","Nucleosides, nucleotides, and analogues","Purine nucleosides","Not available","Purine nucleosides"
"Com_7825_pos","N-Methylnicotinamide","C7 H8 N2 O",136.06441,2.767,137.07169,"Invalid mass","No results","No results","Organoheterocyclic compounds","Pyridines and derivatives","Pyridinecarboxylic acids and derivatives","Nicotinamides"
"Com_7829_neg","beta-Estradiol 17-Acetate","C20 H26 O3",314.18959,6.619,313.18231,"No results","No results","Full match",NA,NA,NA,NA
"Com_7835_pos","IRH","C18 H32 N8 O4",446.24757,6.168,447.25485,"Invalid mass","No results","No results",NA,NA,NA,NA
"Com_7836_pos","6-Gingerol","C17 H26 O4",294.18444,5.936,295.19192,"Full match","No results","No results","Benzenoids","Phenols","Methoxyphenols","Gingerols"
"Com_7854_pos","2-Phenylglycine","C8 H9 N O2",151.06408,0.731,152.0714,"Full match","Full match","Full match","Organic acids and derivatives","Carboxylic acids and derivatives","Amino acids, peptides, and analogues","Alpha amino acids"
"Com_7856_neg","Flavin mononucleotide (FMN)","C17 H21 N4 O9 P",456.1061,5.732,455.09878,"Full match","No results","Full match","Nucleosides, nucleotides, and analogues","Flavin nucleotides","Not available","Flavin nucleotides"
"Com_7894_neg","Phloroglucinol","C6 H6 O3",126.0314,1.919,125.02412,"Full match","No results","Full match","Benzenoids","Phenols","Benzenetriols and derivatives","Phloroglucinols and derivatives"
"Com_7898_neg","ST 24:1;O2;G","C26 H43 N O4",433.32152,7.036,432.31424,"No results","Invalid mass","No results",NA,NA,NA,NA
"Com_7912_pos","3,4-Dihydroxybenzaldehyde","C7 H6 O3",138.03239,4.985,139.03961,"Invalid mass","No results","No results","Organic oxygen compounds","Organooxygen compounds","Carbonyl compounds","Hydroxybenzaldehydes"
"Com_7915_neg","L-Hydroxyproline","C5 H9 N O3",131.05808,2.551,130.05081,"No results","No results","Full match","Organic acids and derivatives","Carboxylic acids and derivatives","Amino acids, peptides, and analogues","Proline and derivatives"
"Com_7925_neg","Prostaglandin D2","C20 H32 O5",352.22678,6.611,351.21952,"Invalid mass","No results","No results","Lipids and lipid-like molecules","Fatty Acyls","Eicosanoids","Prostaglandins and related compounds"
"Com_7929_neg","Esculin","C15 H16 O9",340.08286,1.302,339.07558,"Invalid mass","No results","No results","Phenylpropanoids and polyketides","Coumarins and derivatives","Coumarin glycosides","Coumarin glycosides"
"Com_7941_pos","Dihydrokawain","C14 H16 O3",232.10691,3.105,233.11419,"Invalid mass","No results","No results","Phenylpropanoids and polyketides","Kavalactones","Not available","Kavalactones"
"Com_7947_neg","L-(-)-Glyceric acid","C3 H6 O4",106.02608,1.369,105.0188,"No results","No results","Full match","Organic acids and derivatives","Hydroxy acids and derivatives","Beta hydroxy acids and derivatives","Beta hydroxy acids and derivatives"
"Com_7953_pos","4-Aminobutyric acid","C4 H9 N O2",103.06374,5.066,245.08945,"No results","No results","Full match","Organic acids and derivatives","Carboxylic acids and derivatives","Amino acids, peptides, and analogues","Gamma amino acids and derivatives"
"Com_7989_pos","2,3-Pyridinedicarboxylic acid","C7 H5 N O4",167.0226,1.568,168.02992,"No results","Full match","Full match","Organoheterocyclic compounds","Pyridines and derivatives","Pyridinecarboxylic acids and derivatives","Pyridinecarboxylic acids"
"Com_7990_pos","Formononetin","C16 H12 O4",268.07482,5.716,269.08209,"Full match","Full match","No results","Phenylpropanoids and polyketides","Isoflavonoids","O-methylated isoflavonoids","4'-O-methylisoflavones"
"Com_7_pos","N-lactoyl-phenylalanine","C12 H15 N O4",237.10108,5.589,238.10832,"No results","No results","Full match","Organic acids and derivatives","Carboxylic acids and derivatives","Amino acids, peptides, and analogues","Phenylalanine and derivatives"
"Com_801_neg","D-(-)-Lyxose","C5 H10 O5",150.05237,1.381,149.04506,"Full match","No results","Full match","Organic oxygen compounds","Organooxygen compounds","Carbohydrates and carbohydrate conjugates","Pentoses"
"Com_8026_pos","Isorhamnetin","C16 H12 O7",316.06016,5.589,317.06744,"Invalid mass","No results","No results","Phenylpropanoids and polyketides","Flavonoids","Flavones","Flavonols"
"Com_8042_pos","3-(3,4,5-trimethoxyphenyl)propanoic acid","C12 H16 O5",262.08295,6.441,263.09023,"Invalid mass","No results","No results",NA,NA,NA,NA
"Com_804_neg","D-Ribose","C5 H10 O5",150.05287,1.36,149.04547,"No results","No results","Full match","Organic oxygen compounds","Organooxygen compounds","Carbohydrates and carbohydrate conjugates","Pentoses"
"Com_8076_neg","Piceatannol","C14 H12 O4",244.07499,5.917,243.06771,"Invalid mass","No results","No results","Phenylpropanoids and polyketides","Stilbenes","Not available","Stilbenes"
"Com_8079_neg","Guanosine","C10 H13 N5 O5",283.08982,5.404,282.08248,"Invalid mass","No results","No results","Nucleosides, nucleotides, and analogues","Purine nucleosides","Not available","Purine nucleosides"
"Com_8093_pos","4,7-dimethoxy-1H-phenalen-1-one","C15 H12 O3",240.0799,5.766,241.08718,"Invalid mass","No results","No results",NA,NA,NA,NA
"Com_8100_pos","Ornithine","C5 H12 N2 O2",132.09063,1.146,133.09783,"Invalid mass","Invalid mass","No results","Organic acids and derivatives","Carboxylic acids and derivatives","Amino acids, peptides, and analogues","Alpha amino acids"
"Com_813_pos","1H-indol-3-yl(pyridin-2-yl)methanol","C14 H12 N2 O",206.08559,6.201,207.09267,"Invalid mass","No results","No results",NA,NA,NA,NA
"Com_8147_neg","6-Ketoprostaglandin F1α","C20 H34 O6",370.23739,6.65,369.23002,"Full match","No results","Full match","Lipids and lipid-like molecules","Fatty Acyls","Eicosanoids","Prostaglandins and related compounds"
"Com_8161_pos","Benzophenone","C13 H10 O",182.07395,6.155,165.07061,"Full match","No results","No results","Benzenoids","Benzene and substituted derivatives","Benzophenones","Benzophenones"
"Com_8167_neg","Stercobilin","C33 H46 N4 O6",594.34332,5.641,593.33604,"Full match","No results","No results","Organoheterocyclic compounds","Tetrapyrroles and derivatives","Bilirubins","Bilirubins"
"Com_8174_pos","6,7-dihydro-5H-dibenzo[d,f][1,3]diazepin-6-one","C13 H10 N2 O",210.0805,5.323,211.08763,"Invalid mass","No results","No results",NA,NA,NA,NA
"Com_8175_pos","Nobiletin","C21 H22 O8",424.1185,5.503,425.12577,"Invalid mass","No results","No results","Phenylpropanoids and polyketides","Flavonoids","O-methylated flavonoids","8-O-methylated flavonoids"
"Com_8191_pos","2-(3-chlorophenyl)-5-[4-(trifluoromethyl)-3-pyridyl]-1,3,4-oxadiazole","C14 H7 Cl F3 N3 O",325.02166,5.856,326.02893,"Full match","No results","No results",NA,NA,NA,NA
"Com_8199_pos","N6-Me-Adenosine","C11 H15 N5 O4",281.10995,5.762,282.11733,"Invalid mass","No results","No results","Nucleosides, nucleotides, and analogues","Purine nucleosides","Not available","Purine nucleosides"
"Com_81_pos","Melatonin","C13 H16 N2 O2",232.12205,5.674,233.12933,"Full match","No results","Full match","Organoheterocyclic compounds","Indoles and derivatives","Indoles","3-alkylindoles"
"Com_820_pos","Nicotinamide","C6 H6 N2 O",122.04859,3.872,123.05587,"Full match","Full match","Full match","Organoheterocyclic compounds","Pyridines and derivatives","Pyridinecarboxylic acids and derivatives","Nicotinamides"
"Com_8216_pos","Glucose 1-phosphate","C6 H13 O9 P",260.03138,1.276,261.03866,"Invalid mass","Invalid mass","No results","Organic oxygen compounds","Organooxygen compounds","Carbohydrates and carbohydrate conjugates","Monosaccharide phosphates"
"Com_8220_neg","2-Phenylphenol","C12 H10 O",170.07349,5.921,169.0662,"Full match","No results","No results","Benzenoids","Benzene and substituted derivatives","Biphenyls and derivatives","Biphenyls and derivatives"
"Com_8223_neg","Corey Lactone Diol","C8 H12 O4",172.07332,5.764,171.06604,"No results","No results","Full match","Organoheterocyclic compounds","Lactones","Gamma butyrolactones","Gamma butyrolactones"
"Com_822_pos","methyl 2,5-dimethyl-1H-pyrrole-3-carboxylate","C8 H11 N O2",153.0796,5.006,154.08688,"Full match","No results","Full match",NA,NA,NA,NA
"Com_8235_neg","Isocitric acid","C6 H8 O7",192.02666,5.247,191.01968,"Full match","No results","Full match","Organic acids and derivatives","Carboxylic acids and derivatives","Tricarboxylic acids and derivatives","Tricarboxylic acids and derivatives"
"Com_823_pos","Daidzein","C15 H10 O4",254.05914,5.327,255.0664,"Full match","Full match","No results","Phenylpropanoids and polyketides","Isoflavonoids","Isoflav-2-enes","Isoflavones"
"Com_8254_pos","Carbaprostacyclin","C21 H34 O4",332.2368,6.07,333.24408,"Invalid mass","No results","No match","Lipids and lipid-like molecules","Fatty Acyls","Eicosanoids","Prostaglandins and related compounds"
"Com_8267_pos","CAR 14:1","C21 H40 N O4",369.28965,6.935,370.29693,"No results","Invalid mass","No results",NA,NA,NA,NA
"Com_8290_pos","N-Desmethyltramadol","C15 H23 N O2",249.17183,10.132,250.17911,"Full match","No results","No results","Benzenoids","Phenol ethers","Anisoles","Anisoles"
"Com_8314_neg","J147","C18 H17 F3 N2 O2",350.1231,5.372,349.11581,"No results","No results","Full match","Benzenoids","Benzene and substituted derivatives","Anilides","Anilides"
"Com_831_pos","Isoferulic acid","C10 H10 O4",194.05887,5.126,195.06625,"Full match","Full match","Full match","Phenylpropanoids and polyketides","Cinnamic acids and derivatives","Hydroxycinnamic acids and derivatives","Hydroxycinnamic acids"
"Com_8325_pos","Salsolinol","C10 H13 N O2",179.09509,1.392,180.10265,"Full match","No results","No results","Organoheterocyclic compounds","Tetrahydroisoquinolines","Not available","Tetrahydroisoquinolines"
"Com_8351_pos","2-[(3S)-1-(3,4-Difluorobenzyl)-3-pyrrolidinyl]-1,3-benzoxazole","C18 H16 F2 N2 O",297.10225,5.902,315.13589,"Invalid mass","No results","No results","Organoheterocyclic compounds","Benzoxazoles","Not available","Benzoxazoles"
"Com_8376_pos","N-Acetyldopamine","C10 H13 N O3",195.09032,1.432,196.09764,"Full match","No results","Full match","Benzenoids","Phenols","Benzenediols","Catechols"
"Com_837_pos","Eucalyptol","C10 H18 O",136.12588,6.335,137.13316,"Invalid mass","No results","No results","Organoheterocyclic compounds","Oxanes","Not available","Oxanes"
"Com_839_pos","MJN110","C22 H21 Cl2 N3 O4",483.07774,5.879,484.08502,"Invalid mass","No results","No results","Benzenoids","Benzene and substituted derivatives","Diphenylmethanes","Diphenylmethanes"
"Com_8400_pos","4-[1,2,4]triazolo[4,3-b]pyridazin-6-ylthiomorpholine","C9 H11 N5 S",221.06975,5.469,222.07703,"Invalid mass","No results","No results",NA,NA,NA,NA
"Com_8421_pos","1,3-dipyridin-3-ylpropane-1,3-dione","C13 H10 N2 O2",102.04723,6.018,103.05505,"Invalid mass","No results","No results",NA,NA,NA,NA
"Com_8468_pos","di{4-[(2-hydroxyethyl)(methyl)amino]phenyl}methanone","C19 H24 N2 O3",328.17984,6.583,329.18712,"Full match","No results","No results",NA,NA,NA,NA
"Com_847_pos","L-Norleucine","C6 H13 N O2",131.09533,3.145,132.1026,"Invalid mass","Invalid mass","No results","Organic acids and derivatives","Carboxylic acids and derivatives","Amino acids, peptides, and analogues","L-alpha-amino acids"
"Com_8488_pos","Imidazoleacetic acid","C5 H6 N2 O2",126.04353,3.615,127.0508,"Full match","No results","Full match","Organoheterocyclic compounds","Azoles","Imidazoles","Imidazolyl carboxylic acids and derivatives"
"Com_8497_pos","o-Veratraldehyde","C9 H10 O3",166.06375,5.263,167.07108,"No results","No results","Full match","Benzenoids","Benzene and substituted derivatives","Methoxybenzenes","Dimethoxybenzenes"
"Com_8521_pos","Homogentisic Acid","C8 H8 O4",168.04308,5.715,151.03979,"No results","No results","Full match","Benzenoids","Benzene and substituted derivatives","Phenylacetic acids","2(hydroxyphenyl)acetic acids"
"Com_8541_pos","Cer 13:0;2O/2:0","C15 H31 N O3",273.23175,5.87,274.23901,"No results","Full match","No results",NA,NA,NA,NA
"Com_8559_neg","2-Hydroxycaproic acid","C6 H12 O3",132.07813,5.279,131.07092,"Full match","Full match","Full match","Lipids and lipid-like molecules","Fatty Acyls","Fatty acids and conjugates","Medium-chain fatty acids"
"Com_8564_pos","Asaraldehyde","C10 H12 O4",196.07443,5.259,197.082,"No results","No results","Full match","Benzenoids","Benzene and substituted derivatives","Benzoyl derivatives","Benzoyl derivatives"
"Com_8587_pos","N-Acetylputrescine","C6 H14 N2 O",130.11132,4.824,114.09207,"Invalid mass","No results","No results","Organic acids and derivatives","Carboximidic acids and derivatives","Carboximidic acids","Carboximidic acids"
"Com_859_pos","Riboflavin","C17 H20 N4 O6",376.13788,5.313,377.14512,"Full match","Full match","Full match","Organoheterocyclic compounds","Pteridines and derivatives","Alloxazines and isoalloxazines","Flavins"
"Com_85_pos","Prolylleucine","C11 H20 N2 O3",228.14812,2.472,229.1554,"Full match","No results","Full match","Organic acids and derivatives","Carboxylic acids and derivatives","Amino acids, peptides, and analogues","Dipeptides"
"Com_8600_pos","Asp-Glu","C9 H14 N2 O7",224.12537,1.368,263.08844,"No results","Invalid mass","No results","Organic acids and derivatives","Carboxylic acids and derivatives","Amino acids, peptides, and analogues","Dipeptides"
"Com_8605_pos","EPK","C16 H28 N4 O6",372.2041,6.594,373.21138,"Invalid mass","No results","No results",NA,NA,NA,NA
"Com_8614_neg","5-hex-1-ynyl-2-furoic acid","C11 H12 O3",192.07874,5.305,191.07176,"Full match","No results","No results",NA,NA,NA,NA
"Com_8626_pos","Ethyl oleate","C20 H38 O2",310.28887,8.276,311.29615,"Invalid mass","No results","No results","Lipids and lipid-like molecules","Fatty Acyls","Fatty acid esters","Fatty acid esters"
"Com_8629_pos","N1-pyrazin-2-yl-4-chlorobenzamide","C11 H8 Cl N3 O",215.02631,2.3,216.03358,"Invalid mass","No results","No results",NA,NA,NA,NA
"Com_8648_pos","Norcodeine","C17 H19 N O3",285.13789,5.072,286.14511,"Full match","Full match","No results","Alkaloids and derivatives","Morphinans","Not available","Morphinans"
"Com_864_pos","6,7,8-trimethoxy-3-phenyl-2-thioxo-1,2,3,4-tetrahydroquinazolin-4-one","C17 H16 N2 O4 S",344.08147,6.416,345.08875,"Full match","No results","No results",NA,NA,NA,NA
"Com_8652_pos","Kaempferol","C15 H10 O6",286.04913,5.586,287.05641,"Full match","Full match","No results","Phenylpropanoids and polyketides","Flavonoids","Flavones","Flavonols"
"Com_8663_neg","Ascorbyl stearate","C24 H42 O7",442.29563,6.659,441.28835,"Invalid mass","No results","No results","Lipids and lipid-like molecules","Fatty Acyls","Fatty acid esters","Fatty acid esters"
"Com_8664_pos","L-5-Hydroxytryptophan","C11 H12 N2 O3",220.08612,5.128,221.0934,"Invalid mass","No results","No results","Organoheterocyclic compounds","Indoles and derivatives","Tryptamines and derivatives","Serotonins"
"Com_8681_pos","Cafestol","C20 H28 O3",316.20508,6.645,317.21237,"Full match","No results","Full match","Organoheterocyclic compounds","Naphthofurans","Not available","Naphthofurans"
"Com_8723_pos","Deisopropylatrazine","C5 H8 Cl N5",173.04844,2.998,174.05572,"Invalid mass","No results","No match",NA,NA,NA,NA
"Com_8728_pos","Ne-(1-Carboxymethyl)-L-lysine","C8 H16 N2 O4",204.11198,1.393,205.11926,"No results","No results","Full match",NA,NA,NA,NA
"Com_8763_neg","8-Iso-15-keto-prostaglandin-F2β","C20 H32 O5",352.227,5.924,351.21973,"Invalid mass","No results","No results","Lipids and lipid-like molecules","Fatty Acyls","Eicosanoids","Prostaglandins and related compounds"
"Com_8763_pos","Phenylacetylglycine","C10 H11 N O3",193.07476,5.727,194.08226,"Full match","Full match","Full match","Organic acids and derivatives","Carboxylic acids and derivatives","Amino acids, peptides, and analogues","N-acyl-alpha amino acids"
"Com_8774_neg","2,3-Dihydroxybenzoic acid","C7 H6 O4",154.0267,2.089,153.01942,"Full match","Full match","Full match","Benzenoids","Benzene and substituted derivatives","Benzoic acids and derivatives","Salicylic acids"
"Com_8779_pos","2-Thio-acetyl MAGE","C21 H42 O3 S",396.26598,6.815,397.27326,"Invalid mass","No results","No results","Organic acids and derivatives","Thiocarboxylic acids and derivatives","Thioesters","Thioesters"
"Com_8781_pos","3-ethyl-4-hydroxy-1-methyl-1,2-dihydroquinolin-2-one","C12 H13 N O2",203.09573,5.054,204.103,"Invalid mass","No results","No results",NA,NA,NA,NA
"Com_8825_pos","11-Ketoetiocholanolone","C19 H28 O3",304.205,6.291,305.21228,"No results","No results","Full match","Lipids and lipid-like molecules","Steroids and steroid derivatives","Androstane steroids","Androgens and derivatives"
"Com_8841_neg","Prostaglandin H1","C20 H34 O5",336.23026,6.303,335.22296,"Invalid mass","No results","No match","Lipids and lipid-like molecules","Fatty Acyls","Eicosanoids","Prostaglandins and related compounds"
"Com_8879_pos","(6E,10E)-3,7,11,15-tetramethylhexadeca-1,6,10,14-tetraene-3,5,9-triol","C20 H34 O3",339.27888,6.332,340.28617,"Invalid mass","No results","No match",NA,NA,NA,NA
"Com_8880_pos","3-hydroxyquinuclidine-3-carbonitrile hydrochloride","C8 H12 N2 O",152.09564,5.91,153.10288,"Full match","No results","No results",NA,NA,NA,NA
"Com_8883_pos","Androsterone","C19 H30 O2",272.21521,6.31,273.22247,"Invalid mass","No results","No results","Lipids and lipid-like molecules","Steroids and steroid derivatives","Androstane steroids","Androgens and derivatives"
"Com_88_neg","Testosterone sulfate","C19 H28 O5 S",368.16757,6.295,367.1603,"Full match","No results","No results","Lipids and lipid-like molecules","Steroids and steroid derivatives","Sulfated steroids","Sulfated steroids"
"Com_8918_pos","LPE 16:1","C21 H42 N O7 P",451.27214,8.362,452.27941,"No results","Full match","No results","Lipids and lipid-like molecules","Glycerophospholipids","Glycerophosphoethanolamines","1-acyl-sn-glycero-3-phosphoethanolamines"
"Com_8921_pos","WQH","C22 H27 N7 O5",469.21219,5.549,470.21946,"Invalid mass","No results","No results",NA,NA,NA,NA
"Com_8930_pos","Carbofuran","C12 H15 N O3",221.10628,5.586,222.11351,"Full match","No results","No results","Organoheterocyclic compounds","Coumarans","Not available","Coumarans"
"Com_893_neg","Indole-3-lactic acid","C11 H11 N O3",205.07448,5.682,204.0672,"Full match","No results","Full match","Organoheterocyclic compounds","Indoles and derivatives","Indolyl carboxylic acids and derivatives","Indolyl carboxylic acids and derivatives"
"Com_8949_pos","5-benzyl-4-hydroxy-6H-pyrido[3,2,1-jk]carbazol-6-one","C22 H15 N O2",347.09599,5.568,348.10327,"Invalid mass","No results","No results",NA,NA,NA,NA
"Com_8967_neg","(S)-Leucic acid","C6 H12 O3",132.07829,5.587,131.07105,"No results","No results","Full match","Lipids and lipid-like molecules","Fatty Acyls","Fatty acids and conjugates","Hydroxy fatty acids"
"Com_8968_neg","2-oxo-2H-chromene-3-carboxylic acid","C10 H6 O4",190.02679,5.297,189.01953,"Full match","No results","No results",NA,NA,NA,NA
"Com_8970_neg","O-Phospho-L-Tyrosine","C9 H12 N O6 P",261.04019,5.295,260.03292,"No results","No results","Full match","Organic acids and derivatives","Carboxylic acids and derivatives","Amino acids, peptides, and analogues","Phenylalanine and derivatives"
"Com_8996_pos","6ß-Hydroxytestosterone","C19 H28 O3",304.20511,5.861,305.21238,"Full match","No results","Full match",NA,NA,NA,NA
"Com_89_pos","2-Oxindole","C8 H7 N O",133.05336,5.176,134.06064,"Full match","No results","Full match","Organoheterocyclic compounds","Indoles and derivatives","Indolines","Indolines"
"Com_9019_pos","3-(1-benzylpiperidin-4-yl)-3H-[1,2,3]triazolo[4,5-b]pyridine","C17 H19 N5",293.16409,5.435,294.17138,"Full match","No results","No results",NA,NA,NA,NA
"Com_902_pos","N1-[6-hydroxy-2-(2-pyridyl)pyrimidin-4-yl]acetamide","C11 H10 N4 O2",230.07797,4.693,231.08524,"Invalid mass","No results","No results",NA,NA,NA,NA
"Com_9036_pos","S-Adenosylmethionine","C15 H22 N6 O5 S",398.13915,1.272,399.14641,"Full match","Full match","Full match","Nucleosides, nucleotides, and analogues","5'-deoxyribonucleosides","5'-deoxy-5'-thionucleosides","5'-deoxy-5'-thionucleosides"
"Com_9043_neg","4-Nitrocatechol","C6 H5 N O4",155.02161,5.278,154.01433,"Full match","No results","No results","Benzenoids","Phenols","Nitrophenols","Nitrophenols"
"Com_9043_pos","2-(4-chlorophenyl)-2-oxoethyl 2,6-bis(trifluoromethyl)benzoate","C17 H9 Cl F6 O3",410.0125,6.989,411.01978,"Full match","No results","No results",NA,NA,NA,NA
"Com_9066_pos","Esculetin","C9 H6 O4",178.02747,5.228,179.03474,"Full match","No results","No results","Phenylpropanoids and polyketides","Coumarins and derivatives","Hydroxycoumarins","6,7-dihydroxycoumarins"
"Com_907_neg","Purine","C5 H4 N4",120.04194,1.435,119.03462,"Invalid mass","No results","No match","Organoheterocyclic compounds","Imidazopyrimidines","Purines and purine derivatives","Purines and purine derivatives"
"Com_907_pos","Hesperetin","C16 H14 O6",302.08057,5.629,303.08783,"Invalid mass","No results","No results","Phenylpropanoids and polyketides","Flavonoids","O-methylated flavonoids","4'-O-methylated flavonoids"
"Com_9100_neg","Xanthurenic acid","C10 H7 N O4",205.03826,5.106,204.03098,"Full match","Full match","Full match","Organoheterocyclic compounds","Quinolines and derivatives","Quinoline carboxylic acids","Quinoline carboxylic acids"
"Com_910_neg","2-({[4-(6-methyl-1,3-benzothiazol-2-yl)phenyl]imino}methyl)phenol","C21 H16 N2 O S",344.09481,5.79,343.08754,"Invalid mass","No results","No results",NA,NA,NA,NA
"Com_910_pos","Acetanilide","C8 H9 N O",135.0691,2.196,136.07636,"Invalid mass","Invalid mass","No results","Benzenoids","Benzene and substituted derivatives","Not available","Benzene and substituted derivatives"
"Com_9112_neg","Homocysteic acid","C4 H9 N O5 S",183.02045,1.352,182.01315,"No results","No results","Full match","Organic acids and derivatives","Carboxylic acids and derivatives","Amino acids, peptides, and analogues","Alpha amino acids"
"Com_9152_pos","Boldione","C19 H24 O2",284.17774,5.588,285.18501,"No results","No results","Full match","Lipids and lipid-like molecules","Steroids and steroid derivatives","Androstane steroids","Androgens and derivatives"
"Com_915_pos","Pipecolic acid","C6 H11 N O2",129.07969,1.386,130.08697,"Invalid mass","Invalid mass","No results","Organic acids and derivatives","Carboxylic acids and derivatives","Amino acids, peptides, and analogues","Alpha amino acids"
"Com_9160_pos","Limonin","C26 H30 O8",452.18342,6.924,453.1907,"Invalid mass","No results","No results","Lipids and lipid-like molecules","Prenol lipids","Triterpenoids","Limonoids"
"Com_9175_pos","5,7-dihydroxy-6-methoxy-2-phenyl-3,4-dihydro-2H-1-benzopyran-4-one","C16 H14 O5",286.08547,6.312,287.09285,"Full match","No results","No results",NA,NA,NA,NA
"Com_918_pos","3-Pyridylacetic acid","C7 H7 N O2",137.04836,6.547,138.05563,"Full match","No results","Full match","Organoheterocyclic compounds","Pyridines and derivatives","Not available","Pyridines and derivatives"
"Com_9190_pos","Testosterone undecanoate","C30 H48 O3",456.3625,5.951,457.36973,"Full match","No results","No results","Lipids and lipid-like molecules","Steroids and steroid derivatives","Steroid esters","Steroid esters"
"Com_9193_pos","(+/-)12(13)-DiHOME","C18 H34 O4",296.23667,6.917,297.24398,"Invalid mass","No results","No results","Lipids and lipid-like molecules","Fatty Acyls","Fatty acids and conjugates","Long-chain fatty acids"
"Com_9199_pos","4-butyl-4-(hydroxymethyl)-1,2-diphenylpyrazolidine-3,5-dione","C20 H22 N2 O3",376.12057,5.987,377.12785,"Invalid mass","No results","No results",NA,NA,NA,NA
"Com_9205_pos","(1R,2R)-trans-N-Boc-1,2-cyclohexanediamine","C11 H22 N2 O2",214.16912,5.455,215.17639,"No results","No results","Full match","Organic nitrogen compounds","Organonitrogen compounds","Cyclohexylamines","Cyclohexylamines"
"Com_9247_neg","Methyl indole-3-acetate","C11 H11 N O2",189.07946,5.294,188.07218,"Full match","No results","Full match","Organoheterocyclic compounds","Indoles and derivatives","Indolyl carboxylic acids and derivatives","Indole-3-acetic acid derivatives"
"Com_924_neg","Dimetghyl 4-Hydroxyisophthalate","C10 H10 O5",210.05363,5.144,209.04624,"No results","No results","Full match",NA,NA,NA,NA
"Com_9254_pos","Valine","C5 H11 N O2",100.05312,1.407,101.06053,"Invalid mass","No results","No results","Organic acids and derivatives","Carboxylic acids and derivatives","Amino acids, peptides, and analogues","Valine and derivatives"
"Com_9255_pos","Deoxycytidine","C9 H13 N3 O4",227.09173,1.621,228.09909,"No results","No results","Full match","Nucleosides, nucleotides, and analogues","Pyrimidine nucleotides","Pyrimidine deoxyribonucleotides","Pyrimidine 2'-deoxyribonucleoside monophosphates"
"Com_9266_pos","Amikacin","C22 H43 N5 O13",585.28091,5.111,586.28821,"Invalid mass","No results","No results",NA,NA,NA,NA
"Com_9322_pos","5-Fluoro-2-[(3S)-1-(2-fluorobenzyl)-3-pyrrolidinyl]-1H-benzimidazole","C18 H17 F2 N3",313.13634,5.651,314.14362,"Invalid mass","No results","No results","Organoheterocyclic compounds","Benzimidazoles","Not available","Benzimidazoles"
"Com_934_pos","p-Coumaric acid","C9 H8 O3",164.04807,1.846,182.08191,"No results","Full match","Full match","Phenylpropanoids and polyketides","Cinnamic acids and derivatives","Hydroxycinnamic acids and derivatives","Hydroxycinnamic acids"
"Com_9372_neg","15(R),19(R)-Hydroxy prostaglandin F1α","C20 H36 O6",354.24243,6.144,353.23512,"Invalid mass","No results","No results","Lipids and lipid-like molecules","Fatty Acyls","Eicosanoids","Prostaglandins and related compounds"
"Com_940_pos","3-amino-4-(propylamino)cyclobut-3-ene-1,2-dione","C7 H10 N2 O2",154.07502,3.774,155.0823,"Invalid mass","No results","No results",NA,NA,NA,NA
"Com_9414_pos","1-hydroxy-2-phenyl-1,5,6,7-tetrahydro-4H-benzimidazol-4-one","C13 H12 N2 O2",228.09074,5.165,229.09833,"Full match","No results","No results",NA,NA,NA,NA
"Com_9421_pos","2-acetamido-3-(4-methoxyphenyl)propanoic acid","C12 H15 N O4",237.10129,5.118,238.10859,"Full match","No results","Full match",NA,NA,NA,NA
"Com_9430_neg","Nicotinuric acid","C8 H8 N2 O3",180.05366,2.279,359.10005,"Full match","No results","Full match","Organic acids and derivatives","Carboxylic acids and derivatives","Amino acids, peptides, and analogues","N-acyl-alpha amino acids"
"Com_9432_pos","2-{[(3-eth-1-ynylphenyl)imino]methyl}-4-nitrophenol","C15 H10 N2 O3",266.06794,5.739,267.07522,"Full match","No results","No results",NA,NA,NA,NA
"Com_9436_pos","1-[(3S)-3-(1,3-Benzothiazol-2-yl)-1-pyrrolidinyl]-2-phenoxyethanone","C19 H18 N2 O2 S",160.05226,5.606,321.11115,"Invalid mass","No results","No results","Organoheterocyclic compounds","Benzothiazoles","Not available","Benzothiazoles"
"Com_9446_neg","Sulfamethoxazole hydroxylamine","C10 H11 N3 O4 S",269.04673,6.479,268.03945,"Full match","No results","No results","Benzenoids","Benzene and substituted derivatives","Benzenesulfonamides","Benzenesulfonamides"
"Com_944_neg","4-Oxoproline","C5 H7 N O3",129.04226,1.66,128.03485,"Full match","No results","Full match","Organic acids and derivatives","Carboxylic acids and derivatives","Amino acids, peptides, and analogues","Proline and derivatives"
"Com_944_pos","Methyldopa","C10 H13 N O4",211.08533,3.143,212.09261,"No results","No results","Full match","Phenylpropanoids and polyketides","Phenylpropanoic acids","Not available","Phenylpropanoic acids"
"Com_9450_neg","LPG 18:1","C24 H47 O9 P",510.29887,11.083,509.29159,"No results","Invalid mass","No results","Lipids and lipid-like molecules","Glycerophospholipids","Glycerophosphoglycerols","Phosphatidylglycerols"
"Com_9457_pos","4-methylpyridine-3-sulfonic acid","C6 H7 N O3 S",173.01552,5.155,174.02284,"Full match","No results","Full match",NA,NA,NA,NA
"Com_9461_pos","5-Hydroxyindole-2-carboxylic acid","C9 H7 N O3",177.04343,5.244,178.05073,"No results","No results","Full match","Organic acids and derivatives","Carboxylic acids and derivatives","Amino acids, peptides, and analogues","Alpha amino acids and derivatives"
"Com_9485_neg","o-Cresol","C7 H8 O",108.05719,5.754,107.04988,"No results","No results","Full match","Benzenoids","Phenols","Cresols","Ortho cresols"
"Com_9536_pos","H-Gly-Pro-OH","C7 H12 N2 O3",172.08556,5.054,173.09283,"No results","No results","Full match","Organic acids and derivatives","Carboxylic acids and derivatives","Amino acids, peptides, and analogues","Dipeptides"
"Com_9538_neg","Sulfoacetic acid","C2 H4 O5 S",139.97766,1.309,138.97038,"No results","No results","Full match","Organic acids and derivatives","Organic sulfonic acids and derivatives","Organosulfonic acids and derivatives","Organosulfonic acids"
"Com_9542_pos","Norfloxacin","C16 H18 F N3 O3",319.12938,6.01,320.13659,"Invalid mass","No results","No results","Organoheterocyclic compounds","Quinolines and derivatives","Quinoline carboxylic acids","Quinoline carboxylic acids"
"Com_9570_pos","L-Histidinol","C6 H11 N3 O",141.09076,1.374,124.08752,"No results","No results","Full match","Organic nitrogen compounds","Organonitrogen compounds","Amines","Aralkylamines"
"Com_9582_neg","Quercetin","C15 H10 O7",302.04401,5.795,301.0371,"Full match","No results","No results","Phenylpropanoids and polyketides","Flavonoids","Flavones","Flavonols"
"Com_9584_pos","1-(3,4-dimethoxyphenyl)ethan-1-one oxime","C10 H13 N O3",195.09039,5.479,196.09767,"Full match","No results","Full match",NA,NA,NA,NA
"Com_9592_pos","N-Acetyl-aspartic acid","C6 H9 N O5",175.04882,1.698,176.05609,"No results","No results","Full match","Organic acids and derivatives","Carboxylic acids and derivatives","Amino acids, peptides, and analogues","Aspartic acid and derivatives"
"Com_9600_neg","13,14-dihydro-19(R)-hydroxy Prostaglandin E1","C20 H36 O6",186.12693,6.416,371.24667,"Invalid mass","No results","No results","Lipids and lipid-like molecules","Fatty Acyls","Eicosanoids","Prostaglandins and related compounds"
"Com_961_pos","2,4,5-Trimethoxybenzaldehyde","C10 H12 O4",196.07524,5.512,197.08252,"Invalid mass","No results","No results","Benzenoids","Benzene and substituted derivatives","Benzoyl derivatives","Benzoyl derivatives"
"Com_9627_pos","Ethyl protocatechuate","C9 H10 O4",182.05883,5.589,183.06625,"Invalid mass","No results","No results","Benzenoids","Benzene and substituted derivatives","Benzoic acids and derivatives","p-Hydroxybenzoic acid alkyl esters"
"Com_9637_neg","15-Keto prostaglandin F2α","C20 H32 O5",334.21666,5.87,333.20939,"Invalid mass","No results","No results","Lipids and lipid-like molecules","Fatty Acyls","Eicosanoids","Prostaglandins and related compounds"
"Com_9640_neg","Decanoic acid","C10 H20 O2",172.14641,6.166,171.13916,"Full match","No results","Full match","Lipids and lipid-like molecules","Fatty Acyls","Fatty acids and conjugates","Medium-chain fatty acids"
"Com_9642_pos","EQH","C16 H24 N6 O7",394.16226,6.685,395.16954,"Invalid mass","No results","No results",NA,NA,NA,NA
"Com_9652_pos","2-{[5-(4-chlorophenyl)-4H-1,2,4-triazol-3-yl]thio}-3-nitropyridine","C13 H8 Cl N5 O2 S",333.00844,4.684,334.01572,"Full match","No results","No results",NA,NA,NA,NA
"Com_9657_pos","trans-4-Hydroxy-L-proline","C5 H9 N O3",131.05905,1.64,132.06632,"Invalid mass","Invalid mass","No results","Organic acids and derivatives","Carboxylic acids and derivatives","Amino acids, peptides, and analogues","Proline and derivatives"
"Com_9669_pos","2-methoxy-5-(1H-1,2,4-triazol-5-yl)-4-(trifluoromethyl)pyridine","C9 H7 F3 N4 O",244.05722,4.876,245.0645,"Full match","No results","No results",NA,NA,NA,NA
"Com_9682_neg","16-(Hexopyranosyloxy)-7-hydroxy-8,9-epoxypimaran-18-oic acid","C26 H42 O10",514.28034,7.516,513.27306,"Full match","No results","No results","Lipids and lipid-like molecules","Fatty Acyls","Fatty acyl glycosides","Fatty acyl glycosides of mono- and disaccharides"
"Com_9692_neg","4-tert-butylphenol","C10 H14 O",150.10418,0.43,149.0969,"Full match","No results","No results","Benzenoids","Benzene and substituted derivatives","Phenylpropanes","Phenylpropanes"
"Com_9711_neg","Maltitol","C12 H24 O11",344.13377,1.322,343.12631,"No results","Invalid mass","No results","Lipids and lipid-like molecules","Fatty Acyls","Fatty acyl glycosides","Fatty acyl glycosides of mono- and disaccharides"
"Com_9733_pos","Willardiine","C7 H9 N3 O4",199.06062,1.546,200.0679,"No results","Invalid mass","No results","Organic acids and derivatives","Carboxylic acids and derivatives","Amino acids, peptides, and analogues","L-alpha-amino acids"
"Com_9758_neg","Mesaconic acid","C5 H6 O4",130.02614,3.422,129.01886,"Full match","Full match","Full match","Lipids and lipid-like molecules","Fatty Acyls","Fatty acids and conjugates","Methyl-branched fatty acids"
"Com_975_pos","1-Methylguanine","C6 H7 N5 O",165.06586,4.763,166.07313,"Full match","No results","Full match","Organoheterocyclic compounds","Imidazopyrimidines","Purines and purine derivatives","6-oxopurines"
"Com_9762_pos","2-[(3S)-1-(3,4-Difluorobenzyl)-3-pyrrolidinyl]-1,3-benzothiazole","C18 H16 F2 N2 S",330.10093,5.383,331.10821,"Full match","No results","No results","Organoheterocyclic compounds","Benzothiazoles","Not available","Benzothiazoles"
"Com_9775_neg","Myricetin","C15 H10 O8",318.04212,4.843,317.03484,"Invalid mass","No results","No results","Phenylpropanoids and polyketides","Flavonoids","Flavones","Flavonols"
"Com_9799_neg","(±)9(10)-DiHOME","C18 H34 O4",314.24758,7.252,313.2403,"Invalid mass","No results","No results",NA,NA,NA,NA
"Com_97_pos","3,4-Dimethoxyphenethylamine (DMPEA)","C10 H15 N O2",181.10964,5.324,385.20805,"Full match","No results","Full match","Benzenoids","Benzene and substituted derivatives","Methoxybenzenes","Dimethoxybenzenes"
"Com_9820_pos","(+/-)5(6)-EET","C20 H32 O3",302.22588,6.427,303.23318,"Invalid mass","No match","No match","Lipids and lipid-like molecules","Fatty Acyls","Fatty acids and conjugates","Epoxy fatty acids"
"Com_9841_pos","Leucylproline","C11 H20 N2 O3",228.14838,5.384,229.15566,"Full match","No results","Full match","Organic acids and derivatives","Carboxylic acids and derivatives","Amino acids, peptides, and analogues","Dipeptides"
"Com_9848_pos","13,14-Dihydro-15-keto Prostaglandin E2","C20 H32 O5",369.25315,5.734,370.26043,"Invalid mass","No results","No results","Lipids and lipid-like molecules","Fatty Acyls","Eicosanoids","Prostaglandins and related compounds"
"Com_9881_neg","1-methyl-N-(3-methyl-5-cinnolinyl)-1H-imidazole-4-sulfonamide","C13 H13 N5 O2 S",303.07901,5.319,302.07169,"Full match","No results","No results",NA,NA,NA,NA
"Com_9883_pos","(3R)-8-hydroxy-3-(4-hydroxyphenyl)-3,4-dihydro-1H-2-benzopyran-1-one","C15 H12 O4",256.07476,5.737,257.08204,"Full match","No results","No results",NA,NA,NA,NA
"Com_988_pos","N-Benzylformamide","C8 H9 N O",135.06908,5.387,136.07635,"Full match","Full match","No results","Benzenoids","Benzene and substituted derivatives","Not available","Benzene and substituted derivatives"
"Com_9896_pos","5-Aminosalicylic Acid","C7 H7 N O3",153.04318,5.281,154.05046,"No results","No results","Full match","Benzenoids","Benzene and substituted derivatives","Benzoic acids and derivatives","Aminobenzoic acids"
"Com_9921_pos","Linolelaidic Acid (C18:2N6T)","C18 H32 O2",280.24159,6.819,281.24887,"No results","No results","Full match",NA,NA,NA,NA
"Com_9948_neg","2-Aminoadipic acid","C6 H11 N O4",161.06893,1.367,160.06159,"Full match","Full match","Full match","Organic acids and derivatives","Carboxylic acids and derivatives","Amino acids, peptides, and analogues","Alpha amino acids"
"Com_995_pos","4-OHE1-1-N3Ade","C23 H25 N5 O3",419.19604,5.141,420.20332,"Full match","No results","No results","Lipids and lipid-like molecules","Steroids and steroid derivatives","Estrane steroids","Estrogens and derivatives"
"Com_9968_neg","Tetranor-PGDM","C16 H24 O7",310.14394,5.835,309.13662,"Invalid mass","No results","No results","Organic acids and derivatives","Keto acids and derivatives","Medium-chain keto acids and derivatives","Medium-chain keto acids and derivatives"
