database_identifier	chemical_formula	smiles	inchi	metabolite_identification	mass_to_charge	fragmentation	modifications	charge	retention_time	taxid	species	database	database_version	reliability	uri	search_engine	search_engine_score	smallmolecule_abundance_sub	smallmolecule_abundance_stdev_sub	smallmolecule_abundance_std_error_sub	AD1	AD10	AD11	AD12	AD13	AD14	AD15	AD16	AD17	AD18	AD19	AD2	AD20	AD21	AD22	AD23	AD24	AD25	AD26	AD27	AD28	AD29	AD3	AD30	AD31	AD32	AD33	AD34	AD35	AD36	AD37	AD38	AD39	AD4	AD40	AD41	AD42	AD43	AD44	AD45	AD46	AD47	AD48	AD49	AD5	AD50	AD51	AD52	AD53	AD54	AD55	AD56	AD57	AD6	AD7	AD8	AD9	CN1	CN10	CN11	CN12	CN13	CN14	CN15	CN16	CN17	CN18	CN19	CN2	CN20	CN21	CN22	CN23	CN24	CN25	CN26	CN27	CN28	CN29	CN3	CN30	CN31	CN32	CN33	CN34	CN35	CN36	CN37	CN38	CN39	CN4	CN40	CN41	CN42	CN43	CN44	CN45	CN46	CN47	CN48	CN49	CN5	CN50	CN51	CN52	CN53	CN54	CN55	CN56	CN57	CN58	CN59	CN6	CN60	CN61	CN62	CN7	CN8	CN9	MCI1	MCI10	MCI11	MCI12	MCI13	MCI14	MCI15	MCI16	MCI17	MCI18	MCI19	MCI2	MCI20	MCI21	MCI22	MCI23	MCI24	MCI25	MCI26	MCI27	MCI28	MCI29	MCI3	MCI30	MCI31	MCI32	MCI33	MCI34	MCI35	MCI36	MCI37	MCI38	MCI39	MCI4	MCI40	MCI41	MCI42	MCI43	MCI5	MCI6	MCI7	MCI8	MCI9	Blank	QC1	QC2	QC3	QC4	QC5	QC6	QC7	QC8	QC9	QC10	QC11	QC12	QC13	QC14	QC15	QC16	QC17	QC_ddMS2-100-510	QC_ddMS2-500-1010	QC_ddMS2-1000-1500
CHEBI:16797	C7H9N2O+	C[N+]1=CC(=CC=C1)C(N)=O	"InChI=1S/C7H8N2O/c1-9-4-2-3-6(5-9)7(8)10/h2-5H,1H3,(H-,8,10)/p+1"	1-Methylnicotinamide	137.07158				1.291																																																																																																																																																																																																		
CHEBI:17126	C7H15NO3	C[N+](C)(C)CC(O)CC([O-])=O	"InChI=1S/C7H15NO3/c1-8(2,3)5-6(9)4-7(10)11/h6,9H,4-5H2,1-3H3"	DL-Carnitine	162.11318				1.313																																																																																																																																																																																																		
CHEBI:25682	C8H18N4O2	CN\C(NCCC[C@H](N)C(O)=O)=N\C	"InChI=1S/C8H18N4O2/c1-10-8(11-2)12-5-3-4-6(9)7(13)14/h6H,3-5,9H2,1-2H3,(H,13,14)(H2,10,11,12)/t6-/m0/s1"	"N3,N4-Dimethyl-L-arginine"	203.1511				1.368																																																																																																																																																																																																		
CHEBI:27897	C11H12N2O2	NC(Cc1c[nH]c2ccccc12)C(O)=O	"InChI=1S/C11H12N2O2/c12-9(11(14)15)5-7-6-13-10-4-2-1-3-8(7)10/h1-4,6,9,13H,5,12H2,(H,14,15)"	DL-Tryptophan	205.0981				5.212																																																																																																																																																																																																		
CHEBI:15728	C5H11N3O2	C(=N)(N)NCCCC(O)=O	"InChI=1S/C5H11N3O2/c6-5(7)8-3-1-2-4(9)10/h1-3H2,(H,9,10)(H4,6,7,8)"	4-Guanidinobutyric acid	146.09304				1.445																																																																																																																																																																																																		
CHEBI:57589	C9H17NO4	CC(=O)O[C@H](CC([O-])=O)C[N+](C)(C)C	"InChI=1S/C9H17NO4/c1-7(11)14-8(5-9(12)13)6-10(2,3)4/h8H,5-6H2,1-4H3/t8-/m1/s1"	Acetyl-L-carnitine	204.1238				1.792																																																																																																																																																																																																		
CHEBI:91038	C9H11NO3	OC=1C(CC(N)C(O)=O)=CC=CC1	"InChI=1S/C9H11NO3/c10-7(9(12)13)5-6-3-1-2-4-8(6)11/h1-4,7,11H,5,10H2,(H,12,13)"	2-Hydroxyphenylalanine	182.08206				2.371																																																																																																																																																																																																		
CHEBI:68641	C10H12N2O	[H][C@]1(CCC(=O)N1C)c1cccnc1	"InChI=1S/C10H12N2O/c1-12-9(4-5-10(12)13)8-3-2-6-11-7-8/h2-3,6-7,9H,4-5H2,1H3/t9-/m0/s1"	Cotinine	177.10282				2.325																																																																																																																																																																																																		
CHEBI:27794	C10H10O4	COc1ccc(\C=C\C(O)=O)cc1O	"InChI=1S/C10H10O4/c1-14-9-4-2-7(6-8(9)11)3-5-10(12)13/h2-6,11H,1H3,(H,12,13)/b5-3+"	Isoferulic acid	195.06625				5.126																																																																																																																																																																																																		
CHEBI:41117	C8H9NO	[H]C(=O)NCc1ccccc1	"InChI=1S/C8H9NO/c10-7-9-6-8-4-2-1-3-5-8/h1-5,7H,6H2,(H,9,10)"	N-Benzylformamide	136.07635				5.387																																																																																																																																																																																																		
CHEBI:70749	C13H25NO4	C(OC(CCCCC)=O)(C[N+](C)(C)C)CC(=O)[O-]	"InChI=1S/C13H25NO4/c1-5-6-7-8-13(17)18-11(9-12(15)16)10-14(2,3)4/h11H,5-10H2,1-4H3"	Hexanoylcarnitine	260.1869				5.442																																																																																																																																																																																																		
CHEBI:10043	C16H12O5	COc1c(O)cc(O)c2c1oc(cc2=O)-c1ccccc1	"InChI=1S/C16H12O5/c1-20-15-12(19)7-10(17)14-11(18)8-13(21-16(14)15)9-5-3-2-4-6-9/h2-8,17,19H,1H3"	Wogonin	285.07703				6.491																																																																																																																																																																																																		
CHEBI:310312	C15H12O4	Oc1ccc(cc1)\C=C\C(=O)c1ccc(O)cc1O	"InChI=1S/C15H12O4/c16-11-4-1-10(2-5-11)3-8-14(18)13-7-6-12(17)9-15(13)19/h1-9,16-17,19H/b8-3+"	Isoliquiritigenin	257.08198				5.426																																																																																																																																																																																																		
CHEBI:25094	C6H14N2O2	NCCCCC(N)C(O)=O	"InChI=1S/C6H14N2O2/c7-4-2-1-3-5(8)6(9)10/h5H,1-4,7-8H2,(H,9,10)"	DL-Lysine	147.11347				1.146																																																																																																																																																																																																		
CHEBI:25858	C7H8N4O2	Cn1cnc2[nH]c(=O)n(C)c(=O)c12	"InChI=1S/C7H8N4O2/c1-10-3-8-5-4(10)6(12)11(2)7(13)9-5/h3H,1-2H3,(H,9,13)"	Paraxanthine	181.0728				1.439																																																																																																																																																																																																		
CHEBI:28867	C10H19NO4	CCC(=O)OC(CC([O-])=O)C[N+](C)(C)C	"InChI=1S/C10H19NO4/c1-5-10(14)15-8(6-9(12)13)7-11(2,3)4/h8H,5-7H2,1-4H3"	Propionylcarnitine	218.13977				2.247																																																																																																																																																																																																		
CHEBI:17752	C8H16N2O3	CC(=O)NCCCC[C@H](N)C(O)=O	"InChI=1S/C8H16N2O3/c1-6(11)10-5-3-2-4-7(9)8(12)13/h7H,2-5,9H2,1H3,(H,10,11)(H,12,13)/t7-/m0/s1"	N6-Acetyl-L-lysine	189.12428				1.445																																																																																																																																																																																																		
CHEBI:6067	C20H28O2	CC(\C=C\C1=C(C)CCCC1(C)C)=C/C=C/C(C)=C\C(O)=O	"InChI=1S/C20H28O2/c1-15(8-6-9-16(2)14-19(21)22)11-12-18-17(3)10-7-13-20(18,4)5/h6,8-9,11-12,14H,7,10,13H2,1-5H3,(H,21,22)/b9-6+,12-11+,15-8+,16-14-"	Isotretinoin	301.21758				6.334																																																																																																																																																																																																		
CHEBI:69438	C6H6O3	C1(=C(C(C=CO1)=O)O)C	"InChI=1S/C6H6O3/c1-4-6(8)5(7)2-3-9-4/h2-3,8H,1H3"	Maltol	127.0396				4.667																																																																																																																																																																																																		
CHEBI:17688	C10H14N2	[H][C@]1(CCCN1C)C1=CC=CN=C1	"InChI=1S/C10H14N2/c1-12-7-3-5-10(12)9-4-2-6-11-8-9/h2,4,6,8,10H,3,5,7H2,1H3/t10-/m0/s1"	(S)-Nicotine	163.12365				1.972																																																																																																																																																																																																		
CHEBI:20794	C11H16N5O5	C[n+]1cn([C@@H]2O[C@H](CO)[C@@H](O)[C@H]2O)c2nc(N)[nH]c(=O)c12	"InChI=1S/C11H15N5O5/c1-15-3-16(8-5(15)9(20)14-11(12)13-8)10-7(19)6(18)4(2-17)21-10/h3-4,6-7,10,17-19H,2H2,1H3,(H2-,12,13,14,20)/p+1/t4-,6-,7-,10-/m1/s1"	7-Methylguanosine	298.11577				4.762																																																																																																																																																																																																		
CHEBI:68616	C11H11NO3	OC(=O)CNC(=O)\C=C\c1ccccc1	"InChI=1S/C11H11NO3/c13-10(12-8-11(14)15)7-6-9-4-2-1-3-5-9/h1-7H,8H2,(H,12,13)(H,14,15)/b7-6+"	Cinnamoylglycine	206.08224				5.693																																																																																																																																																																																																		
CHEBI:18723	C10H14N2	CN1CCCC1c1cccnc1	"InChI=1S/C10H14N2/c1-12-7-3-5-10(12)9-4-2-6-11-8-9/h2,4,6,8,10H,3,5,7H2,1H3"	Nicotine	163.12362				1.392																																																																																																																																																																																																		
CHEBI:15400	C10H14O	CC(=C)[C@@H]1CC=C(C)C(=O)C1	"InChI=1S/C10H14O/c1-7(2)9-5-4-8(3)10(11)6-9/h4,9H,1,5-6H2,2-3H3/t9-/m1/s1"	Carvone	151.11249				6.046																																																																																																																																																																																																		
CHEBI:36090	C9H8O3	[H]C(=Cc1ccc(O)cc1)C(O)=O	"InChI=1S/C9H8O3/c10-8-4-1-7(2-5-8)3-6-9(11)12/h1-6,10H,(H,11,12)"	4-Coumaric acid	165.05551				5.242																																																																																																																																																																																																		
CHEBI:4109	C9H13NO	C[C@H](N)[C@@H](O)C1=CC=CC=C1	"InChI=1S/C9H13NO/c1-7(10)9(11)8-5-3-2-4-6-8/h2-7,9,11H,10H2,1H3/t7-,9+/m0/s1"	Cathine	152.10766				5.155																																																																																																																																																																																																		
CHEBI:15746	C10H26N4	NCCCNCCCCNCCCN	"InChI=1S/C10H26N4/c11-5-3-9-13-7-1-2-8-14-10-4-6-12/h13-14H,1-12H2"	Spermine	203.22389				1.092																																																																																																																																																																																																		
CHEBI:64277	C9H13N5O3	CC(O)C(O)C1=Nc2c(NC1)[nH]c(N)nc2=O	"InChI=1S/C9H13N5O3/c1-3(15)6(16)4-2-11-7-5(12-4)8(17)14-9(10)13-7/h3,6,15-16H,2H2,1H3,(H4,10,11,13,14,17)"	"7,8-Dihydrobiopterin"	240.11016				2.131																																																																																																																																																																																																		
CHEBI:15793	C7H7NO3	Nc1c(O)cccc1C(O)=O	"InChI=1S/C7H7NO3/c8-6-4(7(10)11)2-1-3-5(6)9/h1-3,9H,8H2,(H,10,11)"	3-Hydroxyanthranilic acid	154.0506				5.062																																																																																																																																																																																																		
CHEBI:16231	C5H9NO3	O[C@H]1CN[C@H](C1)C(O)=O	"InChI=1S/C5H9NO3/c7-3-1-4(5(8)9)6-2-3/h3-4,6-7H,1-2H2,(H,8,9)/t3-,4-/m1/s1"	cis-4-Hydroxy-D-proline	132.06615				4.841																																																																																																																																																																																																		
CHEBI:4786	C18H24N2O5	C[C@H](N[C@@H](CCc1ccccc1)C(O)=O)C(=O)N1CCC[C@H]1C(O)=O	"InChI=1S/C18H24N2O5/c1-12(16(21)20-11-5-8-15(20)18(24)25)19-14(17(22)23)10-9-13-6-3-2-4-7-13/h2-4,6-7,12,14-15,19H,5,8-11H2,1H3,(H,22,23)(H,24,25)/t12-,14-,15-/m0/s1"	Enalaprilat	349.17701				5.552																																																																																																																																																																																																		
CHEBI:18346	C8H8O3	[H]C(=O)C1=CC(OC)=C(O)C=C1	"InChI=1S/C8H8O3/c1-11-8-4-6(5-9)2-3-7(8)10/h2-5,10H,1H3"	Vanillin	153.05536				3.867																																																																																																																																																																																																		
CHEBI:3485	C14H13N5O5S2	Nc1nc(cs1)C(=N\O)\C(=O)N[C@H]1[C@H]2SCC(C=C)=C(N2C1=O)C(O)=O	"InChI=1S/C14H13N5O5S2/c1-2-5-3-25-12-8(11(21)19(12)9(5)13(22)23)17-10(20)7(18-24)6-4-26-14(15)16-6/h2,4,8,12,24H,1,3H2,(H2,15,16)(H,17,20)(H,22,23)/b18-7-/t8-,12-/m1/s1"	Cefdinir	396.04471				5.219																																																																																																																																																																																																		
CHEBI:4828	C9H15N3O2S	C[N+](C)(C)[C@@H](Cc1c[nH]c(S)n1)C([O-])=O	"InChI=1S/C9H15N3O2S/c1-12(2,3)7(8(13)14)4-6-5-10-9(15)11-6/h5,7H,4H2,1-3H3,(H2-,10,11,13,14,15)/t7-/m0/s1"	L-Ergothioneine	230.09675				1.411																																																																																																																																																																																																		
CHEBI:17509	C11H15N5O3S	CSC[C@H]1O[C@H]([C@H](O)[C@@H]1O)n1cnc2c(N)ncnc12	"InChI=1S/C11H15N5O3S/c1-20-2-5-7(17)8(18)11(19-5)16-4-15-6-9(12)13-3-14-10(6)16/h3-5,7-8,11,17-18H,2H2,1H3,(H2,12,13,14)/t5-,7-,8-,11-/m1/s1"	5'-S-Methyl-5'-thioadenosine	298.09829				5.183																																																																																																																																																																																																		
CHEBI:80579	C17H19NO3	[C@@]123C4=C5C(=CC=C4C[C@H]([C@@]1(C=C[C@@H]([C@@H]2O5)O)[H])NCC3)OC	"InChI=1S/C17H19NO3/c1-20-13-5-2-9-8-11-10-3-4-12(19)16-17(10,6-7-18-11)14(9)15(13)21-16/h2-5,10-12,16,18-19H,6-8H2,1H3/t10-,11+,12-,16-,17-/m0/s1"	Norcodeine	286.14511				5.072																																																																																																																																																																																																		
CHEBI:15414	C15H23N6O5S+	C[S+](CC[C@H](N)C(O)=O)C[C@H]1O[C@H]([C@H](O)[C@@H]1O)n1cnc2c(N)ncnc12	"InChI=1S/C15H22N6O5S/c1-27(3-2-7(16)15(24)25)4-8-10(22)11(23)14(26-8)21-6-20-9-12(17)18-5-19-13(9)21/h5-8,10-11,14,22-23H,2-4,16H2,1H3,(H2-,17,18,19,24,25)/p+1/t7-,8+,10+,11+,14+,27?/m0/s1"	S-Adenosylmethionine	399.14641				1.272																																																																																																																																																																																																		
CHEBI:28037	C8H15NO6	CC(=O)N[C@H]1C(O)O[C@H](CO)[C@H](O)[C@@H]1O	"InChI=1S/C8H15NO6/c1-3(11)9-5-7(13)6(12)4(2-10)15-8(5)14/h4-8,10,12-14H,2H2,1H3,(H,9,11)/t4-,5-,6+,7-,8?/m1/s1"	N-Acetyl-D-galactosamine	222.09816				1.386																																																																																																																																																																																																		
CHEBI:136678	C15H12O4	O1C(CC(=O)C2=C1C=C(O)C=C2)C3=CC=C(O)C=C3	"InChI=1S/C15H12O4/c16-10-3-1-9(2-4-10)14-8-13(18)12-6-5-11(17)7-15(12)19-14/h1-7,14,16-17H,8H2"	"4',7-Dihydroxyflavanone"	257.08186				5.157																																																																																																																																																																																																		
CHEBI:194295	C15H18N2O	O=C(NC=1C2=C(NC=C2)C=CC1)C3CCCCC3	"InChI=1S/C15H18N2O/c18-15(11-5-2-1-3-6-11)17-14-8-4-7-13-12(14)9-10-16-13/h4,7-11,16H,1-3,5-6H2,(H,17,18)"	N1-(1H-indol-4-yl)cyclohexane-1-carboxamide	243.1503				6.564																																																																																																																																																																																																		
CHEBI:29133	C17H23NO	[H][C@]12CCCC[C@]11CCN(C)[C@H]2Cc2ccc(O)cc12	"InChI=1S/C17H23NO/c1-18-9-8-17-7-3-2-4-14(17)16(18)10-12-5-6-13(19)11-15(12)17/h5-6,11,14,16,19H,2-4,7-10H2,1H3/t14-,16+,17+/m1/s1"	Dextrorphan	258.18643				5.096																																																																																																																																																																																																		
CHEBI:3374	C18H27NO3	COc1cc(CNC(=O)CCCC\C=C\C(C)C)ccc1O	"InChI=1S/C18H27NO3/c1-14(2)8-6-4-5-7-9-18(21)19-13-15-10-11-16(20)17(12-15)22-3/h6,8,10-12,14,20H,4-5,7,9,13H2,1-3H3,(H,19,21)/b8-6+"	Capsaicin	306.20753				6.335																																																																																																																																																																																																		
CHEBI:177535	C10H17N3O6S	SCC(NC(=O)CCC(N)C(O)=O)C(=O)NCC(O)=O	"InChI=1S/C10H17N3O6S/c11-5(10(18)19)1-2-7(14)13-6(4-20)9(17)12-3-8(15)16/h5-6,20H,1-4,11H2,(H,12,17)(H,13,14)(H,15,16)(H,18,19)"	L-Glutathione (reduced)	308.09221				1.64																																																																																																																																																																																																		
CHEBI:2679	C9H13N			Amphetamine	153.13923				5.34																																																																																																																																																																																																		
CHEBI:28821	C17H19NO3	O=C(\C=C\C=C\c1ccc2OCOc2c1)N1CCCCC1	"InChI=1S/C17H19NO3/c19-17(18-10-4-1-5-11-18)7-3-2-6-14-8-9-15-16(12-14)21-13-20-15/h2-3,6-9,12H,1,4-5,10-11,13H2/b6-2+,7-3+"	Piperine	286.14481				6.638																																																																																																																																																																																																		
CHEBI:189432	C12H22O11.H2O	O([C@H]1[C@H](O)[C@@H](O)[C@H](O[C@@H]1CO)O)[C@@H]2O[C@@H]([C@H](O)[C@H](O)[C@H]2O)CO.O	"InChI=1S/C12H22O11.H2O/c13-1-3-5(15)6(16)9(19)12(22-3)23-10-4(2-14)21-11(20)8(18)7(10)17;/h3-20H,1-2H2;1H2/t3-,4-,5+,6+,7-,8-,9-,10-,11+,12+;/m1./s1"	D-Lactose monohydrate	343.12531				1.279																																																																																																																																																																																																		
CHEBI:183704				Sodium [dodecanoyl(methyl)amino]acetate	272.22302				7.8																																																																																																																																																																																																		
CHEBI:17884	C13H16N2O4	NC(=O)CC[C@H](NC(=O)Cc1ccccc1)C(O)=O	"InChI=1S/C13H16N2O4/c14-11(16)7-6-10(13(18)19)15-12(17)8-9-4-2-1-3-5-9/h1-5,10H,6-8H2,(H2,14,16)(H,15,17)(H,18,19)/t10-/m0/s1"	N-Phenylacetylglutamine	265.11914				5.384																																																																																																																																																																																																		
CHEBI:16919	C4H9N3O2	CN(CC(O)=O)C(N)=N	"InChI=1S/C4H9N3O2/c1-7(4(5)6)2-3(8)9/h2H2,1H3,(H3,5,6)(H,8,9)"	Creatine	132.07732				1.353																																																																																																																																																																																																		
CHEBI:17405	C8H9NO4	Cc1ncc(CO)c(C(O)=O)c1O	"InChI=1S/C8H9NO4/c1-4-7(11)6(8(12)13)5(3-10)2-9-4/h2,10-11H,3H2,1H3,(H,12,13)"	4-Pyridoxic acid	184.0613				3.517																																																																																																																																																																																																		
CHEBI:28177	C7H8N4O2	Cn1c2nc[nH]c2c(=O)n(C)c1=O	"InChI=1S/C7H8N4O2/c1-10-5-4(8-3-9-5)6(12)11(2)7(10)13/h3H,1-2H3,(H,8,9)"	Theophylline	181.07275				5.173																																																																																																																																																																																																		
CHEBI:17295	C9H11NO2	N[C@@H](Cc1ccccc1)C(O)=O	"InChI=1S/C9H11NO2/c10-8(9(11)12)6-7-4-2-1-3-5-7/h1-5,8H,6,10H2,(H,11,12)/t8-/m0/s1"	L-Phenylalanine	166.08693				4.943																																																																																																																																																																																																		
CHEBI:27732	C8H10N4O2	Cn1cnc2n(C)c(=O)n(C)c(=O)c12	"InChI=1S/C8H10N4O2/c1-10-4-9-6-5(10)7(13)12(3)8(14)11(6)2/h4H,1-3H3"	Caffeine	195.08862				5.348																																																																																																																																																																																																		
CHEBI:17368	C5H4N4O	O=c1[nH]cnc2nc[nH]c12	"InChI=1S/C5H4N4O/c10-5-3-4(7-1-6-3)8-2-9-5/h1-2H,(H2,6,7,8,9,10)"	Hypoxanthine	137.04634				1.44																																																																																																																																																																																																		
CHEBI:16411	C10H9NO2	OC(=O)Cc1c[nH]c2ccccc12	"InChI=1S/C10H9NO2/c12-10(13)5-7-6-11-9-4-2-1-3-8(7)9/h1-4,6,11H,5H2,(H,12,13)"	Indole-3-acetic acid	176.07111				5.72																																																																																																																																																																																																		
CHEBI:7916	C9H17NO5	CC(C)(CO)C(O)C(=O)NCCC(O)=O	"InChI=1S/C9H17NO5/c1-9(2,5-11)7(14)8(15)10-4-3-6(12)13/h7,11,14H,3-5H2,1-2H3,(H,10,15)(H,12,13)"	Pantothenic acid	220.1189				5.047																																																																																																																																																																																																		
CHEBI:46195	C8H9NO2	CC(=O)NC1=CC=C(O)C=C1	"InChI=1S/C8H9NO2/c1-6(10)9-7-2-4-8(11)5-3-7/h2-5,11H,1H3,(H,9,10)"	Paracetamol	152.0713				3.96																																																																																																																																																																																																		
CHEBI:17154	C6H6N2O	NC(=O)c1cccnc1	"InChI=1S/C6H6N2O/c7-6(9)5-2-1-3-8-4-5/h1-4H,(H2,7,9)"	Nicotinamide	123.05587				3.872																																																																																																																																																																																																		
CHEBI:28197	C15H10O4	Oc1ccc(cc1)-c1coc2cc(O)ccc2c1=O	"InChI=1S/C15H10O4/c16-10-3-1-9(2-4-10)13-8-19-14-7-11(17)5-6-12(14)15(13)18/h1-8,16-17H"	Daidzein	255.0664				5.327																																																																																																																																																																																																		
CHEBI:17015	C17H20N4O6	CC1=C(C)C=C2N(C[C@H](O)[C@H](O)[C@H](O)CO)C3=NC(=O)NC(=O)C3=NC2=C1	"InChI=1S/C17H20N4O6/c1-7-3-9-10(4-8(7)2)21(5-11(23)14(25)12(24)6-22)15-13(18-9)16(26)20-17(27)19-15/h3-4,11-12,14,22-25H,5-6H2,1-2H3,(H,20,26,27)/t11-,12+,14-/m0/s1"	Riboflavin	377.14512				5.313																																																																																																																																																																																																		
CHEBI:50202	C15H12O5	Oc1ccc(cc1)C1CC(=O)c2c(O)cc(O)cc2O1	"InChI=1S/C15H12O5/c16-9-3-1-8(2-4-9)13-7-12(19)15-11(18)5-10(17)6-14(15)20-13/h1-6,13,16-18H,7H2"	Naringenin	273.07698				5.522																																																																																																																																																																																																		
CHEBI:73830	C13H16N2O5	N[C@@H](CC(O)=O)C(=O)N[C@@H](Cc1ccccc1)C(O)=O	"InChI=1S/C13H16N2O5/c14-9(7-11(16)17)12(18)15-10(13(19)20)6-8-4-2-1-3-5-8/h1-5,9-10H,6-7,14H2,(H,15,18)(H,16,17)(H,19,20)/t9-,10-/m0/s1"	alpha-Aspartylphenylalanine	281.11452				5.313																																																																																																																																																																																																		
CHEBI:27823	C10H9NO3	OC(=O)Cc1c[nH]c2ccc(O)cc12	"InChI=1S/C10H9NO3/c12-7-1-2-9-8(4-7)6(5-11-9)3-10(13)14/h1-2,4-5,11-12H,3H2,(H,13,14)"	5-Hydroxyindole-3-acetic acid	192.06638				5.225																																																																																																																																																																																																		
CHEBI:17712	C5H4N4O2	O=c1[nH]c2[nH]cnc2c(=O)[nH]1	"InChI=1S/C5H4N4O2/c10-4-2-3(7-1-6-2)8-5(11)9-4/h1H,(H3,6,7,8,9,10,11)"	Xanthine	153.04138				2.057																																																																																																																																																																																																		
CHEBI:70808	C6H8N2O3	OC(CN1C=NC=C1)C(O)=O	"InChI=1S/C6H8N2O3/c9-5(6(10)11)3-8-2-1-7-4-8/h1-2,4-5,9H,3H2,(H,10,11)"	Imidazolelactic acid	157.06153				1.374																																																																																																																																																																																																		
CHEBI:16020	C11H15N5O4	Cn1cnc2n(cnc2c1=N)[C@@H]1O[C@H](CO)[C@@H](O)[C@H]1O	"InChI=1S/C11H15N5O4/c1-15-3-14-10-6(9(15)12)13-4-16(10)11-8(19)7(18)5(2-17)20-11/h3-5,7-8,11-12,17-19H,2H2,1H3/t5-,7-,8-,11-/m1/s1"	1-Methyladenosine	282.12073				1.785																																																																																																																																																																																																		
CHEBI:17061	C5H10N2O3	O=C(O)[C@H](N)CCC(=O)N	"InChI=1S/C5H10N2O3/c6-3(5(9)10)1-2-4(7)8/h3H,1-2,6H2,(H2,7,8)(H,9,10)/t3-/m1/s1"	D-(-)-Glutamine	147.07714				5.39																																																																																																																																																																																																		
CHEBI:28871	C6H7N5	CNc1ncnc2[nH]cnc12	"InChI=1S/C6H7N5/c1-7-5-4-6(10-2-8-4)11-3-9-5/h2-3H,1H3,(H2,7,8,9,10,11)"	N6-Methyladenine	150.07814				1.398																																																																																																																																																																																																		
CHEBI:17489	C10H12N5O6P	Nc1ncnc2n(cnc12)[C@@H]1O[C@@H]2COP(O)(=O)O[C@H]2[C@H]1O	"InChI=1S/C10H12N5O6P/c11-8-5-9(13-2-12-8)15(3-14-5)10-6(16)7-4(20-10)1-19-22(17,18)21-7/h2-4,6-7,10,16H,1H2,(H,17,18)(H2,11,12,13)/t4-,6-,7-,10-/m1/s1"	Adenosine 3'5'-cyclic monophosphate	330.06122				3.44																																																																																																																																																																																																		
CHEBI:16335	C10H13N5O4	Nc1ncnc2n(cnc12)[C@@H]1O[C@H](CO)[C@@H](O)[C@H]1O	"InChI=1S/C10H13N5O4/c11-8-5-9(13-2-12-8)15(3-14-5)10-7(18)6(17)4(1-16)19-10/h2-4,6-7,10,16-18H,1H2,(H2,11,12,13)/t4-,6-,7-,10-/m1/s1"	Adenosine	268.10504				2.066																																																																																																																																																																																																		
CHEBI:184023	C10H18N4O6	OC(=O)[C@@H](N)CCC/N=C(/N[C@@H](CC(O)=O)C(O)=O)\N	"InChI=1S/C10H18N4O6/c11-5(8(17)18)2-1-3-13-10(12)14-6(9(19)20)4-7(15)16/h5-6H,1-4,11H2,(H,15,16)(H,17,18)(H,19,20)(H3,12,13,14)/t5-,6-/m0/s1"	Argininosuccinic acid	291.13089				1.305																																																																																																																																																																																																		
CHEBI:28483	C7H11N3O	CC(=O)NCCc1c[nH]cn1	"InChI=1S/C7H11N3O/c1-6(11)9-3-2-7-4-8-5-10-7/h4-5H,2-3H2,1H3,(H,8,10)(H,9,11)"	N-Acetylhistamine	154.09816				1.605																																																																																																																																																																																																		
CHEBI:16680	C14H20N6O5S	N[C@@H](CCSC[C@H]1O[C@H]([C@H](O)[C@@H]1O)n1cnc2c(N)ncnc12)C(O)=O	"InChI=1S/C14H20N6O5S/c15-6(14(23)24)1-2-26-3-7-9(21)10(22)13(25-7)20-5-19-8-11(16)17-4-18-12(8)20/h4-7,9-10,13,21-22H,1-3,15H2,(H,23,24)(H2,16,17,18)/t6-,7+,9+,10+,13+/m0/s1"	S-Adenosylhomocysteine	385.13031				2.221																																																																																																																																																																																																		
CHEBI:21553	C7H12N2O4	CC(=O)N[C@@H](CCC(N)=O)C(O)=O	"InChI=1S/C7H12N2O4/c1-4(10)9-5(7(12)13)2-3-6(8)11/h5H,2-3H2,1H3,(H2,8,11)(H,9,10)(H,12,13)/t5-/m0/s1"	N-Acetyl-L-glutamine	189.08769				1.706																																																																																																																																																																																																		
CHEBI:15373	C9H11N5O3	CC(O)C(O)c1cnc2nc(N)[nH]c(=O)c2n1	"InChI=1S/C9H11N5O3/c1-3(15)6(16)4-2-11-7-5(12-4)8(17)14-9(10)13-7/h2-3,6,15-16H,1H3,(H3,10,11,13,14,17)"	Biopterin	238.09438				2.256																																																																																																																																																																																																		
CHEBI:55484	C8H9NO2	NC(C(O)=O)c1ccccc1	"InChI=1S/C8H9NO2/c9-7(8(10)11)6-4-2-1-3-5-6/h1-5,7H,9H2,(H,10,11)"	2-Phenylglycine	152.0714				0.731																																																																																																																																																																																																		
CHEBI:18088	C16H12O4	COc1ccc(cc1)-c1coc2cc(O)ccc2c1=O	"InChI=1S/C16H12O4/c1-19-12-5-2-10(3-6-12)14-9-20-15-8-11(17)4-7-13(15)16(14)18/h2-9,17H,1H3"	Formononetin	269.08209				5.716																																																																																																																																																																																																		
CHEBI:28499	C15H10O6	Oc1ccc(cc1)-c1oc2cc(O)cc(O)c2c(=O)c1O	"InChI=1S/C15H10O6/c16-8-3-1-7(2-4-8)15-14(20)13(19)12-10(18)5-9(17)6-11(12)21-15/h1-6,16-18,20H"	Kaempferol	287.05641				5.586																																																																																																																																																																																																		
CHEBI:27480	C10H11NO3	OC(=O)CNC(=O)Cc1ccccc1	"InChI=1S/C10H11NO3/c12-9(11-7-10(13)14)6-8-4-2-1-3-5-8/h1-5H,6-7H2,(H,11,12)(H,13,14)"	Phenylacetylglycine	194.08226				5.727																																																																																																																																																																																																		
CHEBI:16543	C7H14N2O3	C(CCN)[C@@H](C(O)=O)NC(=O)C	"InChI=1S/C7H14N2O3/c1-5(10)9-6(7(11)12)3-2-4-8/h6H,2-4,8H2,1H3,(H,9,10)(H,11,12)/t6-/m0/s1"	N-Acetylornithine	175.1086				3.565																																																																																																																																																																																																		
CHEBI:73688	C11H16N2O8	CC(=O)N[C@@H](CC(O)=O)C(=O)N[C@@H](CCC(O)=O)C(O)=O	"InChI=1S/C11H16N2O8/c1-5(14)12-7(4-9(17)18)10(19)13-6(11(20)21)2-3-8(15)16/h6-7H,2-4H2,1H3,(H,12,14)(H,13,19)(H,15,16)(H,17,18)(H,20,21)/t6-,7-/m0/s1"	N-Acetyl-1-aspartylglutamic acid	305.09897				1.741																																																																																																																																																																																																		
CHEBI:16827	C21H30O4	[H][C@@]1(CC[C@@]2([H])[C@]3([H])CCC4=CC(=O)CC[C@]4(C)[C@@]3([H])[C@@H](O)C[C@]12C)C(=O)CO	"InChI=1S/C21H30O4/c1-20-8-7-13(23)9-12(20)3-4-14-15-5-6-16(18(25)11-22)21(15,2)10-17(24)19(14)20/h9,14-17,19,22,24H,3-8,10-11H2,1-2H3/t14-,15-,16+,17-,19+,20-,21-/m0/s1"	Corticosterone	347.22331				6.341																																																																																																																																																																																																		
CHEBI:16927	C11H20N2O6	N[C@@H](CCCCN[C@@H](CCC(O)=O)C(O)=O)C(O)=O	"InChI=1S/C11H20N2O6/c12-7(10(16)17)3-1-2-6-13-8(11(18)19)4-5-9(14)15/h7-8,13H,1-6,12H2,(H,14,15)(H,16,17)(H,18,19)/t7-,8-/m0/s1"	L-Saccharopine	277.14062				1.322																																																																																																																																																																																																		
CHEBI:16027	C10H14N5O7P	Nc1ncnc2n(cnc12)[C@@H]1O[C@H](COP(O)(O)=O)[C@@H](O)[C@H]1O	"InChI=1S/C10H14N5O7P/c11-8-5-9(13-2-12-8)15(3-14-5)10-7(17)6(16)4(22-10)1-21-23(18,19)20/h2-4,6-7,10,16-17H,1H2,(H2,11,12,13)(H2,18,19,20)/t4-,6-,7-,10-/m1/s1"	Adenosine 5'-monophosphate	348.07212				1.504																																																																																																																																																																																																		
CHEBI:17276	C15H14O5	Oc1ccc(CCC(=O)c2c(O)cc(O)cc2O)cc1	"InChI=1S/C15H14O5/c16-10-4-1-9(2-5-10)3-6-12(18)15-13(19)7-11(17)8-14(15)20/h1-2,4-5,7-8,16-17,19-20H,3,6H2"	Phloretin	275.09264				5.87																																																																																																																																																																																																		
CHEBI:17596	C10H12N4O5	OC[C@H]1O[C@H]([C@H](O)[C@@H]1O)n1cnc2c(O)ncnc12	"InChI=1S/C10H12N4O5/c15-1-4-6(16)7(17)10(19-4)14-3-13-5-8(14)11-2-12-9(5)18/h2-4,6-7,10,15-17H,1H2,(H,11,12,18)/t4-,6-,7-,10-/m1/s1"	Inosine	291.07129				3.266																																																																																																																																																																																																		
CHEBI:31459	C24H34O5	[H][C@@]12CC(=O)CC[C@]1(C)[C@@]1([H])CC(=O)[C@]3(C)[C@]([H])(CC[C@@]3([H])[C@]1([H])C(=O)C2)[C@H](C)CCC(O)=O	"InChI=1S/C24H34O5/c1-13(4-7-21(28)29)16-5-6-17-22-18(12-20(27)24(16,17)3)23(2)9-8-15(25)10-14(23)11-19(22)26/h13-14,16-18,22H,4-12H2,1-3H3,(H,28,29)/t13-,14+,16-,17+,18+,22+,23+,24-/m1/s1"	Dehydrocholic acid	403.24987				6.026																																																																																																																																																																																																		
CHEBI:40237	C16H15F6N5O	N[C@@H](CC(=O)N1CCn2c(C1)nnc2C(F)(F)F)Cc1cc(F)c(F)cc1F	"InChI=1S/C16H15F6N5O/c17-10-6-12(19)11(18)4-8(10)3-9(23)5-14(28)26-1-2-27-13(7-26)24-25-15(27)16(20,21)22/h4,6,9H,1-3,5,7,23H2/t9-/m1/s1"	Sitagliptin	408.12648				5.478																																																																																																																																																																																																		
CHEBI:74767	C10H16N2O4	O[C@@H]1C[C@H](N(C1)C(=O)[C@@H]1CCCN1)C(O)=O	"InChI=1S/C10H16N2O4/c13-6-4-8(10(15)16)12(5-6)9(14)7-2-1-3-11-7/h6-8,11,13H,1-5H2,(H,15,16)/t6-,7+,8+/m1/s1"	Proline-hydroxyproline	229.11993				1.416																																																																																																																																																																																																		
CHEBI:228376	C10H15ClN2O	CCON=C(C)C1=CN=C(C=C1)C.Cl	"InChI=1S/C10H14N2O.ClH/c1-4-13-12-9(3)10-6-5-8(2)11-7-10;/h5-7H,4H2,1-3H3;1H"	1-(6-methyl-3-pyridyl)ethan-1-one O1-ethyloxime hydrochloride	179.11871				5.391																																																																																																																																																																																																		
CHEBI:172333	C12H18N2O	ON\C=N\C1=C(C=C(CCCC)C=C1)C	"InChI=1S/C12H18N2O/c1-3-4-5-11-6-7-12(10(2)8-11)13-9-14-15/h6-9,15H,3-5H2,1-2H3,(H,13,14)"	HET0016	229.13441				5.801																																																																																																																																																																																																		
CHEBI:74791	C11H20N2O3	CC(C)C[C@H](NC(=O)[C@@H]1CCCN1)C(O)=O	"InChI=1S/C11H20N2O3/c1-7(2)6-9(11(15)16)13-10(14)8-4-3-5-12-8/h7-9,12H,3-6H2,1-2H3,(H,13,14)(H,15,16)/t8-,9-/m0/s1"	Prolylleucine	229.1554				2.472																																																																																																																																																																																																		
CHEBI:31697	C8H7NO	O=C1Cc2ccccc2N1	"InChI=1S/C8H7NO/c10-8-5-6-3-1-2-4-7(6)9-8/h1-4H,5H2,(H,9,10)"	2-Oxindole	134.06064				5.176																																																																																																																																																																																																		
CHEBI:136995	C10H15NO2	COc1ccc(CCN)cc1OC	"InChI=1S/C10H15NO2/c1-12-9-4-3-8(5-6-11)7-10(9)13-2/h3-4,7H,5-6,11H2,1-2H3"	"3,4-Dimethoxyphenethylamine"	385.20805				5.324																																																																																																																																																																																																		
CHEBI:68451	C9H9NO4	OC(NC(=O)c1ccccc1)C(O)=O	"InChI=1S/C9H9NO4/c11-7(10-8(12)9(13)14)6-4-2-1-3-5-6/h1-5,8,12H,(H,10,11)(H,13,14)"	Î±-Hydroxyhippuric acid	196.0614				5.531																																																																																																																																																																																																		
CHEBI:68830	C17H33NO4	O(C(C[N+](C)(C)C)CC([O-])=O)C(CCCCCCCCC)=O	"InChI=1S/C17H33NO4/c1-5-6-7-8-9-10-11-12-17(21)22-15(13-16(19)20)14-18(2,3)4/h15H,5-14H2,1-4H3"	Decanoylcarnitine	316.2496				6.181																																																																																																																																																																																																		
CHEBI:176703	C17H32NO4	O(C(C[N+](C)(C)C)CC(O)=O)C(=O)CC/C=C/CCCCC	"InChI=1S/C17H31NO4/c1-5-6-7-8-9-10-11-12-17(21)22-15(13-16(19)20)14-18(2,3)4/h9-10,15H,5-8,11-14H2,1-4H3/p+1/b10-9+"	CAR 10:1	314.23377				6.049																																																																																																																																																																																																		
CHEBI:80603	C19H19FN2O	CNCCCC1(OCc2cc(ccc12)C#N)c1ccc(F)cc1	"InChI=1S/C19H19FN2O/c1-22-10-2-9-19(16-4-6-17(20)7-5-16)18-8-3-14(12-21)11-15(18)13-23-19/h3-8,11,22H,2,9-10,13H2,1H3"	Desmethylcitalopram	311.15657				5.666																																																																																																																																																																																																		
CHEBI:183671	C8H7N3O2	[O-][N+](=O)C=1N2C(=NC1)C=C(C=C2)C	"InChI=1S/C8H7N3O2/c1-6-2-3-10-7(4-6)9-5-8(10)11(12)13/h2-5H,1H3"	"7-methyl-3-nitroimidazo[1,2-a]pyridine"	200.04185				1.242																																																																																																																																																																																																		
CHEBI:190579	C14H28NO4	O(C(C[N+](C)(C)C)CC(O)=O)C(=O)CCCCCC	"InChI=1S/C14H27NO4/c1-5-6-7-8-9-14(18)19-12(10-13(16)17)11-15(2,3)4/h12H,5-11H2,1-4H3/p+1"	CAR 7:0	274.20242				5.617																																																																																																																																																																																																		
CHEBI:93879	C16H26O7	CCCCCCCCCCC1C(=O)OC(C1(C(=O)O)O)C(=O)O	"InChI=1S/C16H26O7/c1-2-3-4-5-6-7-8-9-10-11-14(19)23-12(13(17)18)16(11,22)15(20)21/h11-12,22H,2-10H2,1H3,(H,17,18)(H,20,21)"	"4-decyl-3-hydroxy-5-oxooxolane-2,3-dicarboxylic acid"	353.15854				6.337																																																																																																																																																																																																		
CHEBI:132244	C11H9NO2	C1(=CNC2=C1C=CC=C2)\C=C\C(=O)O	"InChI=1S/C11H9NO2/c13-11(14)6-5-8-7-12-10-4-2-1-3-9(8)10/h1-7,12H,(H,13,14)/b6-5+"	trans-3-Indoleacrylic acid	188.07148				5.214																																																																																																																																																																																																		
CHEBI:228377	C14H10N2O2	C1=CC=C2C(=C1)C(=O)NC(=N2)C3=CC=CC=C3O	"InChI=1S/C14H10N2O2/c17-12-8-4-2-6-10(12)13-15-11-7-3-1-5-9(11)14(18)16-13/h1-8,17H,(H,15,16,18)"	"2-(2-hydroxyphenyl)-3,4-dihydroquinazolin-4-one"	239.07811				5.121																																																																																																																																																																																																		
CHEBI:166538	C6H9N3O4	OCCN1C(=NC=C1[N+]([O-])=O)CO	"InChI=1S/C6H9N3O4/c10-2-1-8-5(4-11)7-3-6(8)9(12)13/h3,10-11H,1-2,4H2"	Metronidazole-OH	188.06719				4.607																																																																																																																																																																																																		
CHEBI:183735	C7H14N2O	O=NN1CCCCCCC1	InChI=1S/C7H14N2O/c10-8-9-6-4-2-1-3-5-7-9/h1-7H2	Nitrosoheptamethyleneimine	126.09197				5.728																																																																																																																																																																																																		
CHEBI:228378	C12H12O2	CC1=CC(=O)OC(C1)C2=CC=CC=C2	"InChI=1S/C12H12O2/c1-9-7-11(14-12(13)8-9)10-5-3-2-4-6-10/h2-6,8,11H,7H2,1H3"	"4-methyl-6-phenyl-5,6-dihydro-2H-pyran-2-one"	189.09192				5.528																																																																																																																																																																																																		
CHEBI:83527	C16H25NO2	CN(C)CC(c1ccc(O)cc1)C1(O)CCCCC1	"InChI=1S/C16H25NO2/c1-17(2)12-15(13-6-8-14(18)9-7-13)16(19)10-4-3-5-11-16/h6-9,15,18-19H,3-5,10-12H2,1-2H3"	O-Desmethylvenlafaxine	264.19721				5.437																																																																																																																																																																																																		
CHEBI:28946	C8H10N4O2	Cn1cnc2n(C)c(=O)[nH]c(=O)c12	"InChI=1S/C7H8N4O2/c1-10-3-8-5-4(10)6(12)9-7(13)11(5)2/h3H,1-2H3,(H,9,12,13)"	Theobromine	181.07278				5.007																																																																																																																																																																																																		
CHEBI:228379	C18H19NO	CN(C)C=CC(=O)C(C1=CC=CC=C1)C2=CC=CC=C2	"InChI=1S/C18H19NO/c1-19(2)14-13-17(20)18(15-9-5-3-6-10-15)16-11-7-4-8-12-16/h3-14,18H,1-2H3"	"4-(dimethylamino)-1,1-diphenylbut-3-en-2-one"	266.15467				6.377																																																																																																																																																																																																		
CHEBI:61278	C21H18O12	O[C@H]1[C@@H](O[C@@H]([C@@H](O)[C@@H]1O)C(O)=O)Oc1cc2oc(cc(=O)c2c(O)c1O)-c1ccc(O)cc1	"InChI=1S/C21H18O12/c22-8-3-1-7(2-4-8)10-5-9(23)13-11(31-10)6-12(14(24)15(13)25)32-21-18(28)16(26)17(27)19(33-21)20(29)30/h1-6,16-19,21-22,24-28H,(H,29,30)/t16-,17-,18+,19-,21+/m0/s1"	Scutellarin	463.09295				5.914																																																																																																																																																																																																		
CHEBI:165231	C7H8O3	O(C1=C(O)C=CC=C1O)C	"InChI=1S/C7H8O3/c1-10-7-5(8)3-2-4-6(7)9/h2-4,8-9H,1H3"	2-Methoxyresorcinol	141.05516				5.161																																																																																																																																																																																																		
CHEBI:165624	C12H23NO4	O([C@H](C[N+](C)(C)C)CC([O-])=O)C(=O)CCCC	"InChI=1S/C12H23NO4/c1-5-6-7-12(16)17-10(8-11(14)15)9-13(2,3)4/h10H,5-9H2,1-4H3/t10-/m0/s1"	CAR 5:0	246.17131				5.276																																																																																																																																																																																																		
CHEBI:143747	C10H18O4	O=C(O)C(C1OC(CC(O)C)CC1)C	"InChI=1S/C10H18O4/c1-6(11)5-8-3-4-9(14-8)7(2)10(12)13/h6-9,11H,3-5H2,1-2H3,(H,12,13)"	2-[5-(2-hydroxypropyl)oxolan-2-yl]propanoic acid	185.11817				5.146																																																																																																																																																																																																		
CHEBI:183447	C6H8O4	O1CC(O)C(OC)=CC1=O	"InChI=1S/C6H8O4/c1-9-5-2-6(8)10-3-4(5)7/h2,4,7H,3H2,1H3"	"5-hydroxy-4-methoxy-5,6-dihydro-2H-pyran-2-one"	145.05009				3.637																																																																																																																																																																																																		
CHEBI:228380	C20H24N4O5S	CC1=CC=C(C=C1)S(=O)(=O)NCC(=O)NC(CC2=CC(=CC=C2)C(=N)N)C(=O)OC	"InChI=1S/C20H24N4O5S/c1-13-6-8-16(9-7-13)30(27,28)23-12-18(25)24-17(20(26)29-2)11-14-4-3-5-15(10-14)19(21)22/h3-10,17,23H,11-12H2,1-2H3,(H3,21,22)(H,24,25)/t17-/m0/s1"	ANH	171.08137				6.245																																																																																																																																																																																																		
CHEBI:228381	C7H15O10P	C(C(C1C(C(C(C(O1)O)O)O)OP(=O)(O)O)O)O	"InChI=1S/C7H15O10P/c8-1-2(9)5-6(17-18(13,14)15)3(10)4(11)7(12)16-5/h2-12H,1H2,(H2,13,14,15)/t2-,3-,4+,5-,6+,7-/m1/s1"	GPH	348.10496				4.877																																																																																																																																																																																																		
				QKK	403.26057				6.01																																																																																																																																																																																																		
CHEBI:88954	C8H10N2O	O=C(N)C1=C(N=CC=C1)CC	"InChI=1S/C8H10N2O/c1-2-7-6(8(9)11)4-3-5-10-7/h3-5H,2H2,1H3,(H2,9,11)"	6-Methylnicotinamide	137.07199				1.273																																																																																																																																																																																																		
CHEBI:90936	C30H34N4O2	C1OCCN(C1)C2CCN(CC2)C3=CC4=C(C=C3CC)C(C5=C(C4(C)C)NC=6C5=CC=C(C6)C#N)=O	"InChI=1S/C30H34N4O2/c1-4-20-16-23-24(17-26(20)34-9-7-21(8-10-34)33-11-13-36-14-12-33)30(2,3)29-27(28(23)35)22-6-5-19(18-31)15-25(22)32-29/h5-6,15-17,21,32H,4,7-14H2,1-3H3"	EMH	416.16238				5.874																																																																																																																																																																																																		
CHEBI:190572	C18H34NO4	O(C(C[N+](C)(C)C)CC(O)=O)C(=O)CC\C=C\CCCCCC	"InChI=1S/C18H33NO4/c1-5-6-7-8-9-10-11-12-13-18(22)23-16(14-17(20)21)15-19(2,3)4/h10-11,16H,5-9,12-15H2,1-4H3/p+1/b11-10+"	CAR 11:1	328.24972				6.244																																																																																																																																																																																																		
CHEBI:190582	C21H28FNO	FC(CN1C=C(C(=O)C2C(C2(C)C)(C)C)C=3C1=CC=CC3)CCC	"InChI=1S/C21H28FNO/c1-6-9-14(22)12-23-13-16(15-10-7-8-11-17(15)23)18(24)19-20(2,3)21(19,4)5/h7-8,10-11,13-14,19H,6,9,12H2,1-5H3"	XLR11 N-(2-fluoropentyl) isomer	330.2289				5.764																																																																																																																																																																																																		
CHEBI:228382	C13H16O2	CC(=CCC1=C(C=CC(=C1)C(=O)C)O)C	"InChI=1S/C13H16O2/c1-9(2)4-5-12-8-11(10(3)14)6-7-13(12)15/h4,6-8,15H,5H2,1-3H3"	1-[4-hydroxy-3-(3-methylbut-2-en-1-yl)phenyl]ethan-1-one	205.12334				6.014																																																																																																																																																																																																		
				HKK	394.26027				5.397																																																																																																																																																																																																		
CHEBI:25017	C6H13NO2	CC(C)CC(N)C(O)=O	"InChI=1S/C6H13NO2/c1-4(2)3-5(7)6(8)9/h4-5H,3,7H2,1-2H3,(H,8,9)"	Leucine	132.10256				3.425																																																																																																																																																																																																		
CHEBI:190630	C17H30NO4	O(C(C[N+](C)(C)C)CC(O)=O)C(=O)CC/C=C/C/C=C/CC	"InChI=1S/C17H29NO4/c1-5-6-7-8-9-10-11-12-17(21)22-15(13-16(19)20)14-18(2,3)4/h6-7,9-10,15H,5,8,11-14H2,1-4H3/p+1/b7-6+,10-9+"	CAR 10:2	312.21832				5.984																																																																																																																																																																																																		
CHEBI:80754	C7H11NO2	COC(=O)C1=CCCNC1	"InChI=1S/C7H11NO2/c1-10-7(9)6-3-2-4-8-5-6/h3,8H,2,4-5H2,1H3"	Guvacoline	142.08683				1.769																																																																																																																																																																																																		
CHEBI:228383	C25H32N6O4	CCCC1=NN(C2=C1N=C(NC2=O)C3=C(C=CC(=C3)C(=O)CN4CCN(C(=O)C4)CC)OCC)C	"InChI=1S/C25H32N6O4/c1-5-8-18-22-23(29(4)28-18)25(34)27-24(26-22)17-13-16(9-10-20(17)35-7-3)19(32)14-30-11-12-31(6-2)21(33)15-30/h9-10,13H,5-8,11-12,14-15H2,1-4H3,(H,26,27,34)"	Oxohongdenafil	481.26374				5.405																																																																																																																																																																																																		
CHEBI:16684	C17H23NO3	CN1[C@H]2CC[C@@H]1C[C@@H](C2)OC(=O)C(CO)c1ccccc1	"InChI=1S/C17H23NO3/c1-18-13-7-8-14(18)10-15(9-13)21-17(20)16(11-19)12-5-3-2-4-6-12/h2-6,13-16,19H,7-11H2,1H3/t13-,14+,15+,16?"	Atropine	290.17618				5.344																																																																																																																																																																																																		
CHEBI:228384	C17H20N2O	CCC(C)C1=CC(=C(C=C1)O)C=NNC2=CC=CC=C2	"InChI=1S/C17H20N2O/c1-3-13(2)14-9-10-17(20)15(11-14)12-18-19-16-7-5-4-6-8-16/h4-13,19-20H,3H2,1-2H3"	5-(sec-butyl)-2-hydroxybenzaldehyde N-phenylhydrazone	269.16614				5.48																																																																																																																																																																																																		
CHEBI:132244	C11H9NO2	C1(=CNC2=C1C=CC=C2)\C=C\C(=O)O	"InChI=1S/C11H9NO2/c13-11(14)6-5-8-7-12-10-4-2-1-3-9(8)10/h1-7,12H,(H,13,14)/b6-5+"	Indole-3-acrylic acid	188.07202				5.27																																																																																																																																																																																																		
CHEBI:31747	C6H13NO5	[H]C(=O)[C@H](O)[C@@H](N)[C@H](O)[C@H](O)CO	"InChI=1S/C6H13NO5/c7-5(3(10)1-8)6(12)4(11)2-9/h1,3-6,9-12H,2,7H2/t3-,4+,5+,6+/m0/s1"	Kanosamine	180.08869				4.971																																																																																																																																																																																																		
CHEBI:31530	C10H10N2O	CC1=NN(C(=O)C1)c1ccccc1	"InChI=1S/C10H10N2O/c1-8-7-10(13)12(11-8)9-5-3-2-4-6-9/h2-6H,7H2,1H3"	Edaravone	175.08737				5.417																																																																																																																																																																																																		
CHEBI:192569	C18H17NO7	OC(=O)[C@@H](NC(=O)/C=C/C1=CC(O)=C(O)C=C1)CC2=CC(O)=C(O)C=C2	"InChI=1S/C18H17NO7/c20-13-4-1-10(8-15(13)22)3-6-17(24)19-12(18(25)26)7-11-2-5-14(21)16(23)9-11/h1-6,8-9,12,20-23H,7H2,(H,19,24)(H,25,26)/b6-3+/t12-/m0/s1"	trans-Clovamide	360.10316				5.58																																																																																																																																																																																																		
CHEBI:228385	C20H13F4NO	C1=CC=C(C(=C1)C2=CC=C(C=C2)C(=O)NC3=CC=CC(=C3)C(F)(F)F)F	"InChI=1S/C20H13F4NO/c21-18-7-2-1-6-17(18)13-8-10-14(11-9-13)19(26)25-16-5-3-4-15(12-16)20(22,23)24/h1-12H,(H,25,26)"	"2'-fluoro-N-[3-(trifluoromethyl)phenyl][1,1'-biphenyl]-4-carboxamide"	360.10251				5.587																																																																																																																																																																																																		
CHEBI:82912	C7H7NO4	O1C=CC=C1C(NCC(O)=O)=O	"InChI=1S/C7H7NO4/c9-6(10)4-8-7(11)5-2-1-3-12-5/h1-3H,4H2,(H,8,11)(H,9,10)"	N-(2-Furoyl)glycine	170.04578				4.149																																																																																																																																																																																																		
CHEBI:26271	C5H9NO2	OC(=O)C1CCCN1	"InChI=1S/C5H9NO2/c7-5(8)4-2-1-3-6-4/h4,6H,1-3H2,(H,7,8)"	Proline	116.07137				2.259																																																																																																																																																																																																		
CHEBI:228386	C19H24Cl2N2O2	C1CCC(CC1)C(=O)NC2CCN(CC2)C(=O)C3=C(C=C(C=C3)Cl)Cl	"InChI=1S/C19H24Cl2N2O2/c20-14-6-7-16(17(21)12-14)19(25)23-10-8-15(9-11-23)22-18(24)13-4-2-1-3-5-13/h6-7,12-13,15H,1-5,8-11H2,(H,22,24)"	"N1-[1-(2,4-dichlorobenzoyl)-4-piperidyl]cyclohexane-1-carboxamide"	383.13266				5.582																																																																																																																																																																																																		
CHEBI:228387	C20H32O4	CCCCCC(C=CC1C=CC(=O)C1CCCCCCC(=O)O)O	"InChI=1S/C20H32O4/c1-2-3-6-9-17(21)14-12-16-13-15-19(22)18(16)10-7-4-5-8-11-20(23)24/h12-18,21H,2-11H2,1H3,(H,23,24)"	15-epi Prostaglandin A1	319.22799				6.973																																																																																																																																																																																																		
CHEBI:28579	C6H11NO	O=C1CCCCCN1	"InChI=1S/C6H11NO/c8-6-4-2-1-3-5-7-6/h1-5H2,(H,7,8)"	Caprolactam	114.0922				5.299																																																																																																																																																																																																		
CHEBI:16313	C5H9NO2	OC(=O)[C@H]1CCCN1	"InChI=1S/C5H9NO2/c7-5(8)4-2-1-3-6-4/h4,6H,1-3H2,(H,7,8)/t4-/m1/s1"	D-(+)-Proline	116.07131				1.894																																																																																																																																																																																																		
CHEBI:17311	C9H21N2O2+	OC(=O)[C@@H](N)CCCC[N+](C)(C)C	"InChI=1S/C9H20N2O2/c1-11(2,3)7-5-4-6-8(10)9(12)13/h8H,4-7,10H2,1-3H3/p+1/t8-/m0/s1"	"N6,N6,N6-Trimethyl-L-lysine"	189.16086				1.217																																																																																																																																																																																																		
CHEBI:71182	C10H12N2O2	[H][C@]1(C[C@@H](O)C(=O)N1C)c1cccnc1	"InChI=1S/C10H12N2O2/c1-12-8(5-9(13)10(12)14)7-3-2-4-11-6-7/h2-4,6,8-9,13H,5H2,1H3/t8-,9+/m0/s1"	trans-3-Hydroxycotinine	193.09785				1.652																																																																																																																																																																																																		
CHEBI:1606	C6H8N2O2	OC(=O)CC=1N=CN(C)C1	"InChI=1S/C6H8N2O2/c1-8-3-5(7-4-8)2-6(9)10/h3-4H,2H2,1H3,(H,9,10)"	Methylimidazoleacetic acid	141.06645				1.389																																																																																																																																																																																																		
CHEBI:190550	C14H12N2O	OC(C=1C=2C(NC1)=CC=CC2)C=3N=CC=CC3	"InChI=1S/C14H12N2O/c17-14(13-7-3-4-8-15-13)11-9-16-12-6-2-1-5-10(11)12/h1-9,14,16-17H"	1H-indol-3-yl(pyridin-2-yl)methanol	207.09267				6.201																																																																																																																																																																																																		
CHEBI:183474	C8H11NO2	O(C(=O)C1=C(NC(=C1)C)C)C	"InChI=1S/C8H11NO2/c1-5-4-7(6(2)9-5)8(10)11-3/h4,9H,1-3H3"	"methyl 2,5-dimethyl-1H-pyrrole-3-carboxylate"	154.08688				5.006																																																																																																																																																																																																		
CHEBI:27961	C10H18O	C[C@@]12CC[C@@H](CC1)C(C)(C)O2	"InChI=1S/C10H18O/c1-9(2)8-4-6-10(3,11-9)7-5-8/h8H,4-7H2,1-3H3/t8-,10+"	Eucalyptol	137.13316				6.335																																																																																																																																																																																																		
CHEBI:228388	C22H21Cl2N3O4	C1CC(=O)N(C1=O)OC(=O)N2CCN(CC2)C(C3=CC=C(C=C3)Cl)C4=CC=C(C=C4)Cl	"InChI=1S/C22H21Cl2N3O4/c23-17-5-1-15(2-6-17)21(16-3-7-18(24)8-4-16)25-11-13-26(14-12-25)22(30)31-27-19(28)9-10-20(27)29/h1-8,21H,9-14H2"	MJN110	484.08502				5.879																																																																																																																																																																																																		
CHEBI:18347	C6H13NO2	CCCC[C@H](N)C(O)=O	"InChI=1S/C6H13NO2/c1-2-3-4-5(7)6(8)9/h5H,2-4,7H2,1H3,(H,8,9)/t5-/m0/s1"	L-Norleucine	132.1026				3.145																																																																																																																																																																																																		
CHEBI:194296	C17H16N2O4S	S=C1N(C(=O)C=2C(N1)=C(OC)C(OC)=C(OC)C2)C3=CC=CC=C3	"InChI=1S/C17H16N2O4S/c1-21-12-9-11-13(15(23-3)14(12)22-2)18-17(24)19(16(11)20)10-7-5-4-6-8-10/h4-9H,1-3H3,(H,18,24)"	"6,7,8-trimethoxy-3-phenyl-2-thioxo-1,2,3,4-tetrahydroquinazolin-4-one"	345.08875				6.416																																																																																																																																																																																																		
CHEBI:228389	C11H10N4O2	CC(=O)NC1=CC(=O)N=C(N1)C2=CC=CC=N2	"InChI=1S/C11H10N4O2/c1-7(16)13-9-6-10(17)15-11(14-9)8-4-2-3-5-12-8/h2-6H,1H3,(H2,13,14,15,16,17)"	N1-[6-hydroxy-2-(2-pyridyl)pyrimidin-4-yl]acetamide	231.08524				4.693																																																																																																																																																																																																		
CHEBI:28230	C16H14O6	COc1ccc(cc1O)[C@@H]1CC(=O)c2c(O)cc(O)cc2O1	"InChI=1S/C16H14O6/c1-21-13-3-2-8(4-10(13)18)14-7-12(20)16-11(19)5-9(17)6-15(16)22-14/h2-6,14,17-19H,7H2,1H3/t14-/m0/s1"	Hesperetin	303.08783				5.629																																																																																																																																																																																																		
CHEBI:28884	C8H9NO	CC(=O)Nc1ccccc1	"InChI=1S/C8H9NO/c1-7(10)9-8-5-3-2-4-6-8/h2-6H,1H3,(H,9,10)"	Acetanilide	136.07636				2.196																																																																																																																																																																																																		
CHEBI:86390	C7H7NO2	OC(=O)Cc1cccnc1	"InChI=1S/C7H7NO2/c9-7(10)4-6-2-1-3-8-5-6/h1-3,5H,4H2,(H,9,10)"	3-Pyridylacetic acid	138.05563				6.547																																																																																																																																																																																																		
CHEBI:36090	C9H8O3	[H]C(=Cc1ccc(O)cc1)C(O)=O	"InChI=1S/C9H8O3/c10-8-4-1-7(2-5-8)3-6-9(11)12/h1-6,10H,(H,11,12)"	p-Coumaric acid	182.08191				1.846																																																																																																																																																																																																		
CHEBI:228390	C7H10N2O2	CCCNC1=C(C(=O)C1=O)N	"InChI=1S/C7H10N2O2/c1-2-3-9-5-4(8)6(10)7(5)11/h9H,2-3,8H2,1H3"	"3-amino-4-(propylamino)cyclobut-3-ene-1,2-dione"	155.0823				3.774																																																																																																																																																																																																		
CHEBI:113543	C10H12O4	COC1=CC(=C(C=C1C=O)OC)OC	"InChI=1S/C10H12O4/c1-12-8-5-10(14-3)9(13-2)4-7(8)6-11/h4-6H,1-3H3"	"2,4,5-Trimethoxybenzaldehyde"	197.08252				5.512																																																																																																																																																																																																		
CHEBI:228391	C23H25N5O3	CC12CCC3C(C1CCC2=O)CCC4=C3C(=CC(=C4O)O)N5C=NC(=N)C6=C5N=CN6	"InChI=1S/C23H25N5O3/c1-23-7-6-12-11(14(23)4-5-17(23)30)2-3-13-18(12)15(8-16(29)20(13)31)28-10-27-21(24)19-22(28)26-9-25-19/h8-12,14,24,29,31H,2-7H2,1H3,(H,25,26)/t11-,12+,14+,23+/m1/s1"	4-OHE1-1-N3Ade	420.20332				5.141																																																																																																																																																																																																		
CHEBI:192607	C10H10O3	O(C=1C=C(C=CC1)/C=C/C(O)=O)C	"InChI=1S/C10H10O3/c1-13-9-4-2-3-8(7-9)5-6-10(11)12/h2-7H,1H3,(H,11,12)/b6-5+"	3-Methoxycinnamic acid	161.06051				5.673																																																																																																																																																																																																		
CHEBI:15354	C5H14NO+	C[N+](C)(C)CCO	"InChI=1S/C5H14NO/c1-6(2,3)4-5-7/h7H,4-5H2,1-3H3/q+1"	Choline	104.10788				1.265																																																																																																																																																																																																		
CHEBI:5294	C20H22N2O2	CN1C[C@@]2(C=C)C3C[C@H]4OC[C@@H]3[C@@H]1[C@@H]2[C@@]41C(=O)Nc2ccccc12	"InChI=1S/C20H22N2O2/c1-3-19-10-22(2)16-11-9-24-15(8-13(11)19)20(17(16)19)12-6-4-5-7-14(12)21-18(20)23/h3-7,11,13,15-17H,1,8-10H2,2H3,(H,21,23)/t11-,13?,15+,16+,17-,19-,20-/m0/s1"	Gelsemine	323.17712				5.418																																																																																																																																																																																																		
CHEBI:17362	C9H7N	c1ccc2ncccc2c1	InChI=1S/C9H7N/c1-2-6-9-8(4-1)5-3-7-10-9/h1-7H	Quinoline	130.06565				5.424																																																																																																																																																																																																		
CHEBI:31835	C8H8O3	COC(=O)c1ccc(O)cc1	"InChI=1S/C8H8O3/c1-11-8(10)6-2-4-7(9)5-3-6/h2-5,9H,1H3"	Methylparaben	153.05541				5.575																																																																																																																																																																																																		
CHEBI:183390	C19H24N4O	O=C(N1CCN(CC1)CC2=CC=CC=C2)C(NC=3N=CC=CC3)C	"InChI=1S/C19H24N4O/c1-16(21-18-9-5-6-10-20-18)19(24)23-13-11-22(12-14-23)15-17-7-3-2-4-8-17/h2-10,16H,11-15H2,1H3,(H,20,21)"	1-(4-benzylpiperazino)-2-(pyridin-2-ylamino)propan-1-one	363.16482				5.306																																																																																																																																																																																																		
CHEBI:27389	C4H9NO2	CC(CN)C(O)=O	"InChI=1S/C4H9NO2/c1-3(2-5)4(6)7/h3H,2,5H2,1H3,(H,6,7)"	DL-3-Aminoisobutyric acid	104.07151				1.404																																																																																																																																																																																																		
CHEBI:228392	C13H13N3OS	CCOC1=NC=NC2=C1SC3=C2C(=CC(=N3)C)C	"InChI=1S/C13H13N3OS/c1-4-17-12-11-10(14-6-15-12)9-7(2)5-8(3)16-13(9)18-11/h5-6H,4H2,1-3H3"	"4-ethoxy-7,9-dimethylpyrido[3',2':4,5]thieno[3,2-d]pyrimidine"	260.08991				5.708																																																																																																																																																																																																		
CHEBI:94459	C17H17ClFN3O3	C1CC1N2C=C(C(=O)C3=CC(=C(C(=C32)Cl)N4CCC(C4)N)F)C(=O)O	"InChI=1S/C17H17ClFN3O3/c18-13-14-10(5-12(19)15(13)21-4-3-8(20)6-21)16(23)11(17(24)25)7-22(14)9-1-2-9/h5,7-9H,1-4,6,20H2,(H,24,25)"	Clinafloxacin	348.09204				5.52																																																																																																																																																																																																		
CHEBI:190653	C19H32NO4	O(C(C[N+](C)(C)C)CC(O)=O)C(=O)C/C=C/C/C=C/C/C=C/CC	"InChI=1S/C19H31NO4/c1-5-6-7-8-9-10-11-12-13-14-19(23)24-17(15-18(21)22)16-20(2,3)4/h6-7,9-10,12-13,17H,5,8,11,14-16H2,1-4H3/p+1/b7-6+,10-9+,13-12+"	CAR 12:3	338.2341				6.048																																																																																																																																																																																																		
CHEBI:228393	C17H15N3S	CC1=CC=C(C=C1)SC2=NC(=NC(=C2)C)C3=CC=CC=N3	"InChI=1S/C17H15N3S/c1-12-6-8-14(9-7-12)21-16-11-13(2)19-17(20-16)15-5-3-4-10-18-15/h3-11H,1-2H3"	4-methyl-6-[(4-methylphenyl)thio]-2-(2-pyridyl)pyrimidine	294.10173				2.631																																																																																																																																																																																																		
CHEBI:16973	C21H30O3	[H][C@@]1(CC[C@@]2([H])[C@]3([H])CCC4=CC(=O)CC[C@]4(C)[C@@]3([H])CC[C@]12C)C(=O)CO	"InChI=1S/C21H30O3/c1-20-9-7-14(23)11-13(20)3-4-15-16-5-6-18(19(24)12-22)21(16,2)10-8-17(15)20/h11,15-18,22H,3-10,12H2,1-2H3/t15-,16-,17-,18+,20-,21-/m0/s1"	Desoxycortone	331.2283				5.908																																																																																																																																																																																																		
CHEBI:28235	C8H8O2	C=1(C=CC(C(=O)[H])=CC1)OC	"InChI=1S/C8H8O2/c1-10-8-4-2-7(6-9)3-5-8/h2-6H,1H3"	4-Methoxybenzaldehyde	154.08698				5.555																																																																																																																																																																																																		
CHEBI:228394	C13H13ClN2O	C1=CC=C2C(=C1)C(=C3C=CC=CC3=N2)N.O.Cl	"InChI=1S/C13H10N2.ClH.H2O/c14-13-9-5-1-3-7-11(9)15-12-8-4-2-6-10(12)13;;/h1-8H,(H2,14,15);1H;1H2"	"9-Aminoacridine, monohydrochloride, monohydrate"	195.09263				5.49																																																																																																																																																																																																		
CHEBI:183746	C12H10O5	O1C=2C(C(=O)C=C1C(OCC)=O)=C(O)C=CC2	"InChI=1S/C12H10O5/c1-2-16-12(15)10-6-8(14)11-7(13)4-3-5-9(11)17-10/h3-6,13H,2H2,1H3"	ethyl 5-hydroxy-4-oxo-4H-chromene-2-carboxylate	235.05881				5.672																																																																																																																																																																																																		
CHEBI:28869	C11H8O2	CC1=CC(=O)C2=C(C=CC=C2)C1=O	"InChI=1S/C11H8O2/c1-7-6-10(12)8-4-2-3-5-9(8)11(7)13/h2-6H,1H3"	Menadione	173.06069				5.789																																																																																																																																																																																																		
CHEBI:10073	C14H12O3	CC1(C)Oc2cc3oc(=O)ccc3cc2C=C1	"InChI=1S/C14H12O3/c1-14(2)6-5-10-7-9-3-4-13(15)16-11(9)8-12(10)17-14/h3-8H,1-2H3"	"8,8-dimethyl-2H,8H-pyrano[3,2-g]chromen-2-one"	229.08673				5.825																																																																																																																																																																																																		
CHEBI:192594	C6H8O4	O1C(C(OC)=CC1=O)CO	"InChI=1S/C6H8O4/c1-9-4-2-6(8)10-5(4)3-7/h2,5,7H,3H2,1H3"	"5-(hydroxymethyl)-4-methoxy-2,5-dihydrofuran-2-one"	145.04778				1.266																																																																																																																																																																																																		
CHEBI:228395	C12H11N3O4S	CS(=N)(=O)C1=CC=C(C=C1)OC2=NC=C(C=C2)[N+](=O)[O-]	"InChI=1S/C12H11N3O4S/c1-20(13,18)11-5-3-10(4-6-11)19-12-7-2-9(8-14-12)15(16)17/h2-8,13H,1H3"	2-[4-(methylsulfonimidoyl)phenoxy]-5-nitropyridine	294.05539				5.464																																																																																																																																																																																																		
				alpha-Pinene-2-oxide	153.12807				5.78																																																																																																																																																																																																		
CHEBI:9901	C21H32O5	C[C@]12CC(=O)[C@H]3[C@@H](CC[C@@H]4C[C@H](O)CC[C@]34C)[C@@H]1CC[C@]2(O)C(=O)CO	"InChI=1S/C21H32O5/c1-19-7-5-13(23)9-12(19)3-4-14-15-6-8-21(26,17(25)11-22)20(15,2)10-16(24)18(14)19/h12-15,18,22-23,26H,3-11H2,1-2H3/t12-,13-,14+,15+,18-,19+,20+,21+/m1/s1"	Tetrahydrocortisone	347.2232				5.958																																																																																																																																																																																																		
CHEBI:228396	C13H14ClNO3	CC1=CC(=CC(=C1O)Cl)NC=C(C(=O)C)C(=O)C	"InChI=1S/C13H14ClNO3/c1-7-4-10(5-12(14)13(7)18)15-6-11(8(2)16)9(3)17/h4-6,15,18H,1-3H3"	"3-[(3-chloro-4-hydroxy-5-methylanilino)methylidene]pentane-2,4-dione"	268.07663				5.227																																																																																																																																																																																																		
CHEBI:228397	C16H14N2O2	CCC1=CC2=NC(=CN2C=C1)C3=CC4=C(C=C3)OCO4	"InChI=1S/C16H14N2O2/c1-2-11-5-6-18-9-13(17-16(18)7-11)12-3-4-14-15(8-12)20-10-19-14/h3-9H,2,10H2,1H3"	"2-(1,3-benzodioxol-5-yl)-7-ethylimidazo[1,2-a]pyridine"	267.10963				5.428																																																																																																																																																																																																		
CHEBI:28179	C7H7NO	NC(=O)c1ccccc1	"InChI=1S/C7H7NO/c8-7(9)6-4-2-1-3-5-6/h1-5H,(H2,8,9)"	Benzamide	122.06072				0.659																																																																																																																																																																																																		
CHEBI:35581	C8H7N			Indole	118.06597				5.216																																																																																																																																																																																																		
CHEBI:228398	C13H16N2O3	COC1=CC=CC(=C1[N+](=O)[O-])C=CN2CCCC2	"InChI=1S/C13H16N2O3/c1-18-12-6-4-5-11(13(12)15(16)17)7-10-14-8-2-3-9-14/h4-7,10H,2-3,8-9H2,1H3/b10-7+"	1-(3-methoxy-2-nitrostyryl)pyrrolidine	249.12454				5.415																																																																																																																																																																																																		
CHEBI:18202	C6H14O6	OC[C@H](O)[C@@H](O)[C@H](O)[C@@H](O)CO	"InChI=1S/C6H14O6/c7-1-3(9)5(11)6(12)4(10)2-8/h3-12H,1-2H2/t3-,4-,5+,6+/m0/s1"	L-Iditol	205.06932				1.276																																																																																																																																																																																																		
CHEBI:2781	C9H10O3	COC1=C(O)C=CC(=C1)C(C)=O	"InChI=1S/C9H10O3/c1-6(10)7-3-4-8(11)9(5-7)12-2/h3-5,11H,1-2H3"	Apocynin	167.07108				5.846																																																																																																																																																																																																		
CHEBI:228399	C12H8N2O3S	COC(=O)C1=CC(=O)N2C3=CC=CC=C3N=C2S1	"InChI=1S/C12H8N2O3S/c1-17-11(16)9-6-10(15)14-8-5-3-2-4-7(8)13-12(14)18-9/h2-6H,1H3"	"methyl 4-oxo-4H-benzo[4,5]imidazo[2,1-b][1,3]thiazine-2-carboxylate"	261.03428				6.285																																																																																																																																																																																																		
CHEBI:228400	C10H19N3O2	CC(C)NC(=O)NC1CCCCNC1=O	"InChI=1S/C10H19N3O2/c1-7(2)12-10(15)13-8-5-3-4-6-11-9(8)14/h7-8H,3-6H2,1-2H3,(H,11,14)(H2,12,13,15)"	N-isopropyl-N'-(2-oxoazepan-3-yl)urea	214.15583				5.322																																																																																																																																																																																																		
CHEBI:31596	C16H16N2O3S	C1(=CC(=C(C=C1)OCC(C)C)C#N)C2=NC(=C(S2)C(=O)O)C	"InChI=1S/C16H16N2O3S/c1-9(2)8-21-13-5-4-11(6-12(13)7-17)15-18-10(3)14(22-15)16(19)20/h4-6,9H,8H2,1-3H3,(H,19,20)"	Febuxostat	317.09711				6.918																																																																																																																																																																																																		
CHEBI:28794	C9H6O2	O=C1OC2=CC=CC=C2C=C1	InChI=1S/C9H6O2/c10-9-6-5-7-3-1-2-4-8(7)11-9/h1-6H	Coumarin	147.04478				5.256																																																																																																																																																																																																		
CHEBI:53385	(C9H19NO)n			YNH	433.18515				6.929																																																																																																																																																																																																		
				VNH	185.09761				5.891																																																																																																																																																																																																		
CHEBI:181547	C18H27NO4	OCC(NC(=O)CC(O)CC(=O)CC1=CC=CC=C1)CC(C)C	"InChI=1S/C18H27NO4/c1-13(2)8-15(12-20)19-18(23)11-17(22)10-16(21)9-14-6-4-3-5-7-14/h3-7,13,15,17,20,22H,8-12H2,1-2H3,(H,19,23)"	3-hydroxy-N-(1-hydroxy-4-methylpentan-2-yl)-5-oxo-6-phenylhexanamide	322.20255				5.111																																																																																																																																																																																																		
CHEBI:28172	C13H14N2O	COc1ccc2c3CCN=C(C)c3[nH]c2c1	"InChI=1S/C13H14N2O/c1-8-13-11(5-6-14-8)10-4-3-9(16-2)7-12(10)15-13/h3-4,7,15H,5-6H2,1-2H3"	Harmaline	215.11885				5.474																																																																																																																																																																																																		
CHEBI:178624	C9H10O	O=CC1=C(C=C(C=C1)C)C	"InChI=1S/C9H10O/c1-7-3-4-9(6-10)8(2)5-7/h3-6H,1-2H3"	"2,4-Dimethylbenzaldehyde"	135.08112				5.763																																																																																																																																																																																																		
CHEBI:68234	C11H12O3	C12=C(OCO1)C=C(C=C2OC)CC=C	"InChI=1S/C11H12O3/c1-3-4-8-5-9(12-2)11-10(6-8)13-7-14-11/h3,5-6H,1,4,7H2,2H3"	"4-methoxy-6-(prop-2-en-1-yl)-2H-1,3-benzodioxole"	193.08702				5.51																																																																																																																																																																																																		
CHEBI:73517	C11H14N2O4	NCC(=O)N[C@@H](Cc1ccc(O)cc1)C(O)=O	"InChI=1S/C11H14N2O4/c12-6-10(15)13-9(11(16)17)5-7-1-3-8(14)4-2-7/h1-4,9,14H,5-6,12H2,(H,13,15)(H,16,17)/t9-/m0/s1"	Gly-Tyr	239.10186				3.598																																																																																																																																																																																																		
CHEBI:28327	C21H22O10	OC[C@H]1O[C@@H](Oc2cc(O)c3C(=O)C[C@H](Oc3c2)c2ccc(O)cc2)[C@H](O)[C@@H](O)[C@@H]1O	"InChI=1S/C21H22O10/c22-8-16-18(26)19(27)20(28)21(31-16)29-11-5-12(24)17-13(25)7-14(30-15(17)6-11)9-1-3-10(23)4-2-9/h1-6,14,16,18-24,26-28H,7-8H2/t14-,16+,18+,19-,20+,21+/m0/s1"	Prunin	435.12787				5.674																																																																																																																																																																																																		
CHEBI:143107	C8H9NO2	C1(=C(C=CC=C1)NC(=O)C)O	"InChI=1S/C8H9NO2/c1-6(10)9-7-4-2-3-5-8(7)11/h2-5,11H,1H3,(H,9,10)"	N-(2-hydroxyphenyl)acetamide	174.053				5.49																																																																																																																																																																																																		
				RPK	400.27125				5.971																																																																																																																																																																																																		
CHEBI:177499	C18H39NO3	OC(CCCCCCCCCCCCCC)C(O)C(N)CO	"InChI=1S/C18H39NO3/c1-2-3-4-5-6-7-8-9-10-11-12-13-14-17(21)18(22)16(19)15-20/h16-18,20-22H,2-15,19H2,1H3"	"2-Amino-1,3,4-octadecanetriol"	318.30164				6.54																																																																																																																																																																																																		
CHEBI:174357	C15H14N2O2	O[C@@H]1CC=2C(N(C=3C1=CC=CC3)C(=O)N)=CC=CC2	"InChI=1S/C15H14N2O2/c16-15(19)17-12-7-3-1-5-10(12)9-14(18)11-6-2-4-8-13(11)17/h1-8,14,18H,9H2,(H2,16,19)/t14-/m1/s1"	RMH	443.22711				6.099																																																																																																																																																																																																		
CHEBI:69187	C17H34O2	CCCCCCCCCCCCCCCC(=O)OC	"InChI=1S/C17H34O2/c1-3-4-5-6-7-8-9-10-11-12-13-14-15-16-17(18)19-2/h3-16H2,1-2H3"	Methyl palmitate	288.29098				6.773																																																																																																																																																																																																		
CHEBI:190666	C19H36NO4	O(C(C[N+](C)(C)C)CC(O)=O)C(=O)CCC/C=C/CCCCCC	"InChI=1S/C19H35NO4/c1-5-6-7-8-9-10-11-12-13-14-19(23)24-17(15-18(21)22)16-20(2,3)4/h10-11,17H,5-9,12-16H2,1-4H3/p+1/b11-10+"	CAR 12:1	342.26549				6.483																																																																																																																																																																																																		
CHEBI:26986	C4H9NO3	CC(O)C(N)C(O)=O	"InChI=1S/C4H9NO3/c1-2(6)3(5)4(7)8/h2-3,6H,5H2,1H3,(H,7,8)"	Threonine	120.06626				1.393																																																																																																																																																																																																		
CHEBI:167849	C12H18O2	O=C1OC(CCCC)C2C1=CCCC2	"InChI=1S/C12H18O2/c1-2-3-8-11-9-6-4-5-7-10(9)12(13)14-11/h7,9,11H,2-6,8H2,1H3"	Sedanolide	195.13895				5.85																																																																																																																																																																																																		
CHEBI:81377	C15H22O	[C@@]12(C(CC[C@H](C1)C(C)=C)=CC(C[C@H]2C)=O)C	"InChI=1S/C15H22O/c1-10(2)12-5-6-13-8-14(16)7-11(3)15(13,4)9-12/h8,11-12H,1,5-7,9H2,2-4H3/t11-,12-,15+/m1/s1"	Nootkatone	219.17539				5.935																																																																																																																																																																																																		
CHEBI:6775	C7H7NO3	Nc1ccc(O)c(c1)C(O)=O	"InChI=1S/C7H7NO3/c8-4-1-2-6(9)5(3-4)7(10)11/h1-3,9H,8H2,(H,10,11)"	Mesalamine	154.05058				4.92																																																																																																																																																																																																		
CHEBI:190539	C13H14N2O4	OC(=O)C(NC(=O)C)=CC1=CC=C(NC(=O)C)C=C1	"InChI=1S/C13H14N2O4/c1-8(16)14-11-5-3-10(4-6-11)7-12(13(18)19)15-9(2)17/h3-7H,1-2H3,(H,14,16)(H,15,17)(H,18,19)"	2-(acetylamino)-3-[4-(acetylamino)phenyl]acrylic acid	263.104				5.413																																																																																																																																																																																																		
CHEBI:183403	C6H11N3O2	O=C1NCCCC1C(=O)NN	"InChI=1S/C6H11N3O2/c7-9-6(11)4-2-1-3-8-5(4)10/h4H,1-3,7H2,(H,8,10)(H,9,11)"	2-oxopiperidine-3-carbohydrazide	158.09317				2.21																																																																																																																																																																																																		
CHEBI:27452	C8H8	C=Cc1ccccc1	"InChI=1S/C8H8/c1-2-8-6-4-3-5-7-8/h2-7H,1H2"	Styrene	231.1139				5.434																																																																																																																																																																																																		
CHEBI:27248	C6H6N2O2	[H]C(=C([H])c1c[nH]cn1)C(O)=O	"InChI=1S/C6H6N2O2/c9-6(10)2-1-5-3-7-4-8-5/h1-4H,(H,7,8)(H,9,10)"	Urocanic acid	139.05093				1.452																																																																																																																																																																																																		
CHEBI:228401	C20H21NO2	CCCCN1C2=CC=CC=C2C(=C(C1=O)CC3=CC=CC=C3)O	"InChI=1S/C20H21NO2/c1-2-3-13-21-18-12-8-7-11-16(18)19(22)17(20(21)23)14-15-9-5-4-6-10-15/h4-12,22H,2-3,13-14H2,1H3"	"3-benzyl-1-butyl-4-hydroxy-1,2-dihydroquinolin-2-one"	157.06539				5.775																																																																																																																																																																																																		
CHEBI:71166	C10H11NO3	C[C@H](NC(=O)c1ccccc1)C(O)=O	"InChI=1S/C10H11NO3/c1-7(10(13)14)11-9(12)8-5-3-2-4-6-8/h2-7H,1H3,(H,11,12)(H,13,14)/t7-/m0/s1"	Methylhippuric acid	194.08227				5.501																																																																																																																																																																																																		
CHEBI:28088	C15H10O5	OC1=CC=C(C=C1)C1=COC2=C(C(O)=CC(O)=C2)C1=O	"InChI=1S/C15H10O5/c16-9-3-1-8(2-4-9)11-7-20-13-6-10(17)5-12(18)14(13)15(11)19/h1-7,16-18H"	"5,7-dihydroxy-3-(4-hydroxyphenyl)-4H-chromen-4-one"	271.061				5.617																																																																																																																																																																																																		
CHEBI:183725	C11H14N2O4	O1CCN(CC1)C2=C(C=C([N+]([O-])=O)C=C2)CO	"InChI=1S/C11H14N2O4/c14-8-9-7-10(13(15)16)1-2-11(9)12-3-5-17-6-4-12/h1-2,7,14H,3-6,8H2"	(2-morpholino-5-nitrophenyl)methanol	239.10101				4.445																																																																																																																																																																																																		
CHEBI:228402	C17H21F3N6O	C1CNCCC1N2C=C(C=N2)C3=CC(=NC(=N3)N4CCC4CO)C(F)(F)F	"InChI=1S/C17H21F3N6O/c18-17(19,20)15-7-14(23-16(24-15)25-6-3-13(25)10-27)11-8-22-26(9-11)12-1-4-21-5-2-12/h7-9,12-13,21,27H,1-6,10H2/t13-/m1/s1"	WNH	456.20357				5.77																																																																																																																																																																																																		
CHEBI:86549	C11H12O4	COc1ccc(\C=C\C(O)=O)cc1OC	"InChI=1S/C11H12O4/c1-14-9-5-3-8(4-6-11(12)13)7-10(9)15-2/h3-7H,1-2H3,(H,12,13)/b6-4+"	"(2E)-3-(3,4-dimethoxyphenyl)prop-2-enoic acid"	191.07129				5.513																																																																																																																																																																																																		
CHEBI:2877	C14H18N2O5	C(C[C@@H](C(N[C@@H](CC1=CC=CC=C1)C(=O)OC)=O)N)(=O)O	"InChI=1S/C14H18N2O5/c1-21-14(20)11(7-9-5-3-2-4-6-9)16-13(19)10(15)8-12(17)18/h2-6,10-11H,7-8,15H2,1H3,(H,16,19)(H,17,18)/t10-,11-/m0/s1"	Asp-Phe methyl ester	295.1301				5.368																																																																																																																																																																																																		
CHEBI:167838	C21H18O11	O=C1C2=C(OC=C1C3=CC=C(O[C@@H]4O[C@H](C(=O)O)[C@@H](O)[C@@H]([C@H]4O)O)C=C3)C=C(O)C=C2O	"InChI=1S/C21H18O11/c22-9-5-12(23)14-13(6-9)30-7-11(15(14)24)8-1-3-10(4-2-8)31-21-18(27)16(25)17(26)19(32-21)20(28)29/h1-7,16-19,21-23,25-27H,(H,28,29)/t16-,17-,18+,19-,21+/m0/s1"	Genistein 4'-O-glucuronide	447.09433				5.458																																																																																																																																																																																																		
CHEBI:135590	C13H18Br2N2O	C(N[C@H]1CC[C@@H](CC1)O)C2=C(N)C(Br)=CC(=C2)Br	"InChI=1S/C13H18Br2N2O/c14-9-5-8(13(16)12(15)6-9)7-17-10-1-3-11(18)4-2-10/h5-6,10-11,17-18H,1-4,7,16H2/t10-,11-"	Ambroxol	376.98694				5.657																																																																																																																																																																																																		
CHEBI:5373	C21H25NO4	C12=C3[C@](CC4=C1C=C(OC)C(=C4)OC)(N(CCC3=CC(=C2OC)OC)C)[H]	"InChI=1S/C21H25NO4/c1-22-7-6-12-9-18(25-4)21(26-5)20-14-11-17(24-3)16(23-2)10-13(14)8-15(22)19(12)20/h9-11,15H,6-8H2,1-5H3/t15-/m0/s1"	Glaucine	356.18733				5.368																																																																																																																																																																																																		
CHEBI:182136	C8H12O5	OC1C(O)CC(=CC1O)C(OC)=O	"InChI=1S/C8H12O5/c1-13-8(12)4-2-5(9)7(11)6(10)3-4/h2,5-7,9-11H,3H2,1H3"	"methyl 3,4,5-trihydroxycyclohex-1-ene-1-carboxylate"	211.05871				5.263																																																																																																																																																																																																		
CHEBI:35616	C10H12O	COc1ccc(\C=C\C)cc1	"InChI=1S/C10H12O/c1-3-4-9-5-7-10(11-2)8-6-9/h3-8H,1-2H3/b4-3+"	trans-Anethole	149.09662				5.357																																																																																																																																																																																																		
CHEBI:228403	C28H23NO	CN1CC(=CC2=CC=CC3=CC=CC=C32)C(=O)C(=CC4=CC=CC5=CC=CC=C54)C1	"InChI=1S/C28H23NO/c1-29-18-24(16-22-12-6-10-20-8-2-4-14-26(20)22)28(30)25(19-29)17-23-13-7-11-21-9-3-5-15-27(21)23/h2-17H,18-19H2,1H3"	"1-methyl-3,5-di(1-naphthylmethylidene)piperidin-4-one"	286.13052				4.037																																																																																																																																																																																																		
CHEBI:173748	C9H10O3	OC=1C=C(CC(=O)C)C=CC1O	"InChI=1S/C9H10O3/c1-6(10)4-7-2-3-8(11)9(12)5-7/h2-3,5,11-12H,4H2,1H3"	"3',4'-Dihydroxyphenylacetone"	167.07115				5.605																																																																																																																																																																																																		
CHEBI:16443	C6H12O6			D-Tagatose	181.07343				5.759																																																																																																																																																																																																		
CHEBI:5779	C18H21NO3	[H][C@]12CCC(=O)[C@@H]3Oc4c(OC)ccc5C[C@H]1N(C)CC[C@@]23c45	"InChI=1S/C18H21NO3/c1-19-8-7-18-11-4-5-13(20)17(18)22-16-14(21-2)6-3-10(15(16)18)9-12(11)19/h3,6,11-12,17H,4-5,7-9H2,1-2H3/t11-,12+,17-,18-/m0/s1"	Hydrocodone	300.15666				2.762																																																																																																																																																																																																		
CHEBI:194286	C18H18N2S	S1C(=NC=2C1=CC=CC2)[C@]3(CCN(C3)CC4=CC=CC=C4)[H]	"InChI=1S/C18H18N2S/c1-2-6-14(7-3-1)12-20-11-10-15(13-20)18-19-16-8-4-5-9-17(16)21-18/h1-9,15H,10-13H2/t15-/m0/s1"	"2-[(3S)-1-Benzyl-3-pyrrolidinyl]-1,3-benzothiazole"	333.08347				4.73																																																																																																																																																																																																		
CHEBI:132837	C7H10O	CC/C=C/C=C/C(=O)[H]	"InChI=1S/C7H10O/c1-2-3-4-5-6-7-8/h3-7H,2H2,1H3/b4-3+,6-5+"	"trans,trans-2,4-Heptadienal"	111.08121				5.195																																																																																																																																																																																																		
CHEBI:228404	C13H9ClO	C1=CC=C(C=C1)C(=O)C2=CC=CC=C2Cl	InChI=1S/C13H9ClO/c14-12-9-5-4-8-11(12)13(15)10-6-2-1-3-7-10/h1-9H	2-Chlorobenzophenone	217.04258				6.156																																																																																																																																																																																																		
CHEBI:37510	C14H10O3	Oc1cccc2Cc3cccc(O)c3C(=O)c12	"InChI=1S/C14H10O3/c15-10-5-1-3-8-7-9-4-2-6-11(16)13(9)14(17)12(8)10/h1-6,15-16H,7H2"	Dithranol	227.06917				5.973																																																																																																																																																																																																		
CHEBI:185661	C20H30O3	O=C1[C@H](CCCCCCC(O)=O)/C(/C=C1)=C\C=C\CCCCC	"InChI=1S/C20H30O3/c1-2-3-4-5-6-9-12-17-15-16-19(21)18(17)13-10-7-8-11-14-20(22)23/h6,9,12,15-16,18H,2-5,7-8,10-11,13-14H2,1H3,(H,22,23)/b9-6+,17-12-/t18-/m1/s1"	15d-PGA1	301.21757				7.09																																																																																																																																																																																																		
CHEBI:28426	C21H21O11	OC[C@H]1O[C@@H](Oc2cc3c(O)cc(O)cc3[o+]c2-c2ccc(O)c(O)c2)[C@H](O)[C@@H](O)[C@@H]1O	"InChI=1S/C21H20O11/c22-7-16-17(27)18(28)19(29)21(32-16)31-15-6-10-12(25)4-9(23)5-14(10)30-20(15)8-1-2-11(24)13(26)3-8/h1-6,16-19,21-22,27-29H,7H2,(H3-,23,24,25,26)/p+1/t16-,17-,18+,19-,21-/m1/s1"	Kuromanin	449.10988				5.722																																																																																																																																																																																																		
CHEBI:28671	C10H12O	CC(C)c1ccc(C=O)cc1	"InChI=1S/C10H12O/c1-8(2)10-5-3-9(7-11)4-6-10/h3-8H,1-2H3"	Cuminaldehyde	149.09687				5.599																																																																																																																																																																																																		
CHEBI:28195	C19H30O2	[H][C@]12CC[C@@]3([H])[C@]4([H])CCC(=O)[C@@]4(C)CC[C@]3([H])[C@@]1(C)CC[C@@H](O)C2	"InChI=1S/C19H30O2/c1-18-9-7-13(20)11-12(18)3-4-14-15-5-6-17(21)19(15,2)10-8-16(14)18/h12-16,20H,3-11H2,1-2H3/t12-,13-,14+,15+,16+,18+,19+/m1/s1"	Etiocholanolone	273.22244				6.963																																																																																																																																																																																																		
CHEBI:187724	C16H17NO4	O1[C@@]2([C@]34[C@](O)([C@](NCC3)(CC5=C4C1=C(O)C=C5)[H])CCC2=O)[H]	"InChI=1S/C16H17NO4/c18-9-2-1-8-7-11-16(20)4-3-10(19)14-15(16,5-6-17-11)12(8)13(9)21-14/h1-2,11,14,17-18,20H,3-7H2/t11-,14+,15+,16-/m1/s1"	Noroxymorphone	288.12725				5.831																																																																																																																																																																																																		
CHEBI:182459	C11H16O5	O1C(C(C(O)C)C)=C(C(OC)=CC1=O)CO	"InChI=1S/C11H16O5/c1-6(7(2)13)11-8(5-12)9(15-3)4-10(14)16-11/h4,6-7,12-13H,5H2,1-3H3"	6-(3-hydroxybutan-2-yl)-5-(hydroxymethyl)-4-methoxy-2H-pyran-2-one	211.09755				5.687																																																																																																																																																																																																		
CHEBI:183719	C14H14N2O2	O1CCN(CC1)C(=O)C2=CC3=C(N=CC=C3)C=C2	"InChI=1S/C14H14N2O2/c17-14(16-6-8-18-9-7-16)12-3-4-13-11(10-12)2-1-5-15-13/h1-5,10H,6-9H2"	morpholino(quinolin-6-yl)methanone	243.11397				5.358																																																																																																																																																																																																		
CHEBI:228405	C14H10BrClN2S	C1=CC(=CN=C1)C2=NC(=CS2)C3=CC=C(C=C3)Cl.Br	InChI=1S/C14H9ClN2S.BrH/c15-12-5-3-10(4-6-12)13-9-18-14(17-13)11-2-1-7-16-8-11;/h1-9H;1H	"4-(4-chlorophenyl)-2-(3-pyridyl)-1,3-thiazole hydrobromide"	273.02431				5.935																																																																																																																																																																																																		
CHEBI:166518	C17H19N3O4S	S(=O)(=O)(CC1=NC=C(C(OC)=C1C)C)C=2NC3=C(N2)C=CC(OC)=C3	"InChI=1S/C17H19N3O4S/c1-10-8-18-15(11(2)16(10)24-4)9-25(21,22)17-19-13-6-5-12(23-3)7-14(13)20-17/h5-8H,9H2,1-4H3,(H,19,20)"	Omeprazole sulphone	362.11901				5.758																																																																																																																																																																																																		
CHEBI:181362	C17H20O9	O1[C@@H]([C@@H](O)[C@H](O)[C@@H](O)[C@@H]1OC2=C(CCC(O)=O)C=C3C(OC=C3)=C2)CO	"InChI=1S/C17H20O9/c18-7-12-14(21)15(22)16(23)17(26-12)25-11-6-10-9(3-4-24-10)5-8(11)1-2-13(19)20/h3-6,12,14-18,21-23H,1-2,7H2,(H,19,20)/t12-,14-,15+,16-,17-/m1/s1"	Cnidioside A	391.1022				5.48																																																																																																																																																																																																		
CHEBI:16269	C8H11N	CN(C)c1ccccc1	"InChI=1S/C8H11N/c1-9(2)8-6-4-3-5-7-8/h3-7H,1-2H3"	"N,N-Dimethylaniline"	122.09714				6.14																																																																																																																																																																																																		
CHEBI:228406	C22H15NO3	C1=CC=C(C=C1)C(=O)OC2=CC(=O)N(C3=CC=CC=C32)C4=CC=CC=C4	InChI=1S/C22H15NO3/c24-21-15-20(26-22(25)16-9-3-1-4-10-16)18-13-7-8-14-19(18)23(21)17-11-5-2-6-12-17/h1-15H	"2-oxo-1-phenyl-1,2-dihydroquinolin-4-yl benzoate"	342.11186				5.568																																																																																																																																																																																																		
CHEBI:181154	C16H12O3	O1C2=C(C(OC)=CC=C2)C(=O)C=C1C3=CC=CC=C3	"InChI=1S/C16H12O3/c1-18-13-8-5-9-14-16(13)12(17)10-15(19-14)11-6-3-2-4-7-11/h2-10H,1H3"	5-methoxy-2-phenyl-4H-chromen-4-one	273.0243				6.353																																																																																																																																																																																																		
CHEBI:72842	C18H30O3	C(=C\C=C\C(CCCCCCCC(O)=O)=O)\CCCCC	"InChI=1S/C18H30O3/c1-2-3-4-5-6-8-11-14-17(19)15-12-9-7-10-13-16-18(20)21/h6,8,11,14H,2-5,7,9-10,12-13,15-16H2,1H3,(H,20,21)/b8-6-,14-11+"	9-Oxo-ODE	295.22791				6.199																																																																																																																																																																																																		
CHEBI:192650	C12H13NO3	O=C(NC(C1=CC=CC=C1)C)C=CC(O)=O	"InChI=1S/C12H13NO3/c1-9(10-5-3-2-4-6-10)13-11(14)7-8-12(15)16/h2-9H,1H3,(H,13,14)(H,15,16)"	4-oxo-4-[(1-phenylethyl)amino]but-2-enoic acid	242.07954				5.931																																																																																																																																																																																																		
CHEBI:27632	C8H8O	CC(=O)c1ccccc1	"InChI=1S/C8H8O/c1-7(9)8-5-3-2-4-6-8/h2-6H,1H3"	Acetophenone	121.06556				5.791																																																																																																																																																																																																		
CHEBI:51032	C16H15N3	NC1=NCC2N1c1ccccc1Cc1ccccc21	"InChI=1S/C16H15N3/c17-16-18-10-15-13-7-3-1-5-11(13)9-12-6-2-4-8-14(12)19(15)16/h1-8,15H,9-10H2,(H2,17,18)"	Epinastine	250.13071				5.398																																																																																																																																																																																																		
CHEBI:15544	C20H34O5	CCCCC[C@H](O)\C=C\[C@H]1[C@H](O)CC(=O)[C@@H]1CCCCCCC(O)=O	"InChI=1S/C20H34O5/c1-2-3-6-9-15(21)12-13-17-16(18(22)14-19(17)23)10-7-4-5-8-11-20(24)25/h12-13,15-17,19,21,23H,2-11,14H2,1H3,(H,24,25)/b13-12+/t15-,16+,17+,19+/m0/s1"	Prostaglandin E1	372.276				5.825																																																																																																																																																																																																		
CHEBI:192636	C11H14N2O2	[O-][N+](=O)C1=CC=C(N2CCCCC2)C=C1	"InChI=1S/C11H14N2O2/c14-13(15)11-6-4-10(5-7-11)12-8-2-1-3-9-12/h4-7H,1-3,8-9H2"	1-(4-nitrophenyl)piperidine	207.11154				5.009																																																																																																																																																																																																		
CHEBI:16375	C3H7NO2S	N[C@H](CS)C(O)=O	"InChI=1S/C3H7NO2S/c4-2(1-7)3(5)6/h2,7H,1,4H2,(H,5,6)/t2-/m1/s1"	D-Cysteine	122.02801				6.153																																																																																																																																																																																																		
CHEBI:74838	C9H11N3O4	OC[C@H]1O[C@@H]2[C@@H](Oc3nc(=N)ccn23)[C@@H]1O	"InChI=1S/C9H11N3O4/c10-5-1-2-12-8-7(16-9(12)11-5)6(14)4(3-13)15-8/h1-2,4,6-8,10,13-14H,3H2/t4-,6-,7+,8-/m1/s1"	Cyclocytidine	226.08329				1.415																																																																																																																																																																																																		
CHEBI:190600	C26H36O4	OC1=CC(CCCCCCCCC/C=C\CCCC2=CC(O)=CC(O)=C2)=CC(O)=C1	"InChI=1S/C26H36O4/c27-23-15-21(16-24(28)19-23)13-11-9-7-5-3-1-2-4-6-8-10-12-14-22-17-25(29)20-26(30)18-22/h5,7,15-20,27-30H,1-4,6,8-14H2/b7-5-"	"5-[(10Z)-14-(3,5-dihydroxyphenyl)tetradec-10-en-1-yl]benzene-1,3-diol"	413.26812				10.434																																																																																																																																																																																																		
CHEBI:228407	C19H17N3S	C1CN(CC1C2=NC3=CC=CC=C3S2)CC4=CC(=CC=C4)C#N	"InChI=1S/C19H17N3S/c20-11-14-4-3-5-15(10-14)12-22-9-8-16(13-22)19-21-17-6-1-2-7-18(17)23-19/h1-7,10,16H,8-9,12-13H2/t16-/m0/s1"	"3-{[(3S)-3-(1,3-Benzothiazol-2-yl)-1-pyrrolidinyl]methyl}benzonitrile"	320.11729				2.832																																																																																																																																																																																																		
CHEBI:228408	C12H10N2O4	C1CC2=C3C(=CC=C2)C(=C(C(=O)N3C1)[N+](=O)[O-])O	"InChI=1S/C12H10N2O4/c15-11-8-5-1-3-7-4-2-6-13(9(7)8)12(16)10(11)14(17)18/h1,3,5,15H,2,4,6H2"	"7-hydroxy-6-nitro-2,3-dihydro-1H,5H-pyrido[3,2,1-ij]quinolin-5-one"	247.0761				2.004																																																																																																																																																																																																		
CHEBI:72782	C11H11NO2	COC(=O)Cc1c[nH]c2ccccc12	"InChI=1S/C11H11NO2/c1-14-11(13)6-8-7-12-10-5-3-2-4-9(8)10/h2-5,7,12H,6H2,1H3"	Methyl 3-indolyacetate	190.08724				5.583																																																																																																																																																																																																		
CHEBI:183478	C19H20O5	O=C(CCC1=CC(O)=C(O)C=C1)\C=C\CCC2=CC(O)=C(O)C=C2	"InChI=1S/C19H20O5/c20-15(8-5-14-7-10-17(22)19(24)12-14)4-2-1-3-13-6-9-16(21)18(23)11-13/h2,4,6-7,9-12,21-24H,1,3,5,8H2/b4-2+"	"(4E)-1,7-bis(3,4-dihydroxyphenyl)hept-4-en-3-one"	329.13514				5.067																																																																																																																																																																																																		
				NAT13-331713_POS	447.2397				6.03																																																																																																																																																																																																		
CHEBI:228409	C18H19NS	CNCCC=C1C2=CC=CC=C2CSC3=CC=CC=C31	"InChI=1S/C18H19NS/c1-19-12-6-10-16-15-8-3-2-7-14(15)13-20-18-11-5-4-9-17(16)18/h2-5,7-11,19H,6,12-13H2,1H3/b16-10+"	Northiaden	282.1338				5.995																																																																																																																																																																																																		
CHEBI:2637	C22H43N5O13	NCC[C@H](O)C(=O)N[C@@H]1C[C@H](N)[C@@H](O[C@H]2O[C@H](CN)[C@@H](O)[C@H](O)[C@H]2O)[C@H](O)[C@H]1O[C@H]1O[C@H](CO)[C@@H](O)[C@H](N)[C@H]1O	"InChI=1S/C22H43N5O13/c23-2-1-8(29)20(36)27-7-3-6(25)18(39-22-16(34)15(33)13(31)9(4-24)37-22)17(35)19(7)40-21-14(32)11(26)12(30)10(5-28)38-21/h6-19,21-22,28-35H,1-5,23-26H2,(H,27,36)/t6-,7+,8-,9+,10+,11-,12+,13+,14+,15-,16+,17-,18+,19-,21+,22+/m0/s1"	AMK	349.18591				5.723																																																																																																																																																																																																		
CHEBI:15888	C6H10O3	CC(=O)CCCC(O)=O	"InChI=1S/C6H10O3/c1-5(7)3-2-4-6(8)9/h2-4H2,1H3,(H,8,9)"	4-Acetylbutyric acid	153.05559				5.658																																																																																																																																																																																																		
CHEBI:190592	C10H14O4	O1[C@@H](C[C@H](O)C=C[C@@H](O)C=CC1=O)C	"InChI=1S/C10H14O4/c1-7-6-9(12)3-2-8(11)4-5-10(13)14-7/h2-5,7-9,11-12H,6H2,1H3/b3-2+,5-4-/t7-,8-,9-/m1/s1"	"5,8-dihydroxy-10-methyl-5,8,9,10-tetrahydro-2H-oxecin-2-one"	181.08676				5.737																																																																																																																																																																																																		
CHEBI:223316	C15H22O5	C[C@@H]1CC[C@H]2[C@@H](C)C(=O)O[C@@H]3O[C@@]4(C)CC[C@@H]1[C@@]23OO4	"InChI=1S/C15H22O5/c1-8-4-5-11-9(2)12(16)17-13-15(11)10(8)6-7-14(3,18-13)19-20-15/h8-11,13H,4-7H2,1-3H3/t8-,9-,10+,11+,13-,14-,15-/m1/s1"	Artemisinin	283.15493				5.958																																																																																																																																																																																																		
CHEBI:183350	C18H30O4	OC(=O)CCCCCCC/C=C/C=C/C(OO)C/C=C\CC	"InChI=1S/C18H30O4/c1-2-3-11-14-17(22-21)15-12-9-7-5-4-6-8-10-13-16-18(19)20/h3,7,9,11-12,15,17,21H,2,4-6,8,10,13-14,16H2,1H3,(H,19,20)/b9-7+,11-3-,15-12+"	13-Hpotre(R)	293.21231				5.957																																																																																																																																																																																																		
CHEBI:228410	C18H27NO4	CCCCCCOC1=CC=C(C=C1)C(=O)NC(C(C)C)C(=O)O	"InChI=1S/C18H27NO4/c1-4-5-6-7-12-23-15-10-8-14(9-11-15)17(20)19-16(13(2)3)18(21)22/h8-11,13,16H,4-7,12H2,1-3H3,(H,19,20)(H,21,22)/t16-/m0/s1"	QMH	437.15762				5.412																																																																																																																																																																																																		
CHEBI:138308	C20H26O3	[C@]123[C@]([H])([C@@]4(C)[C@@](C5=C(C=C4)OC=C5)(CC1)[H])CC[C@H](C2)[C@@](C3)(O)CO	"InChI=1S/C20H26O3/c1-18-7-5-16-14(6-9-23-16)15(18)4-8-19-10-13(2-3-17(18)19)20(22,11-19)12-21/h5-7,9,13,15,17,21-22H,2-4,8,10-12H2,1H3/t13-,15-,17+,18-,19+,20+/m1/s1"	Kahweol	315.19689				6.339																																																																																																																																																																																																		
CHEBI:181852	C15H12O5	O1CC(=C(C=2C=3OC(=O)C=CC3C=CC2OC)C1=O)C	"InChI=1S/C15H12O5/c1-8-7-19-15(17)12(8)13-10(18-2)5-3-9-4-6-11(16)20-14(9)13/h3-6H,7H2,1-2H3"	"7-methoxy-8-(4-methyl-2-oxo-2,5-dihydrofuran-3-yl)-2H-chromen-2-one"	290.10366				5.956																																																																																																																																																																																																		
CHEBI:16731	C9H8O	O=C\C=C\c1ccccc1	InChI=1S/C9H8O/c10-8-4-7-9-5-2-1-3-6-9/h1-8H/b7-4+	trans-Cinnamaldehyde	133.06555				5.597																																																																																																																																																																																																		
CHEBI:167846	C13H9ClO	ClC1=CC=C(C(=O)C2=CC=CC=C2)C=C1	InChI=1S/C13H9ClO/c14-12-8-6-11(7-9-12)13(15)10-4-2-1-3-5-10/h1-9H	4-Chlorobenzophenone	217.04263				6.516																																																																																																																																																																																																		
CHEBI:4630	C16H12O6	COC1=CC=C(C=C1O)C1=CC(=O)C2=C(O)C=C(O)C=C2O1	"InChI=1S/C16H12O6/c1-21-13-3-2-8(4-10(13)18)14-7-12(20)16-11(19)5-9(17)6-15(16)22-14/h2-7,17-19H,1H3"	Diosmetin	301.07216				6.147																																																																																																																																																																																																		
CHEBI:228411	C14H16N2O4S	CCOC(=O)C1=C(N=C2C(=C1)C(=C(S2)C(=O)OCC)N)C	"InChI=1S/C14H16N2O4S/c1-4-19-13(17)8-6-9-10(15)11(14(18)20-5-2)21-12(9)16-7(8)3/h6H,4-5,15H2,1-3H3"	"diethyl 3-amino-6-methylthieno[2,3-b]pyridine-2,5-dicarboxylate"	144.05753				6.017																																																																																																																																																																																																		
CHEBI:183371	C16H17NOS	S(C=1C(C(=O)NC(C)C)=CC=CC1)C2=CC=CC=C2	"InChI=1S/C16H17NOS/c1-12(2)17-16(18)14-10-6-7-11-15(14)19-13-8-4-3-5-9-13/h3-12H,1-2H3,(H,17,18)"	N1-isopropyl-2-(phenylthio)benzamide	294.09203				5.963																																																																																																																																																																																																		
CHEBI:196005	C10H10O2	O(C1=CC=C(C=C1)/C=C/C=O)C	"InChI=1S/C10H10O2/c1-12-10-6-4-9(5-7-10)3-2-8-11/h2-8H,1H3/b3-2+"	4-Methoxycinnamaldehyde	163.07616				5.519																																																																																																																																																																																																		
CHEBI:228412	C16H12O2	CC1=CC2=C(C=C1)OC(=CC2=O)C3=CC=CC=C3	"InChI=1S/C16H12O2/c1-11-7-8-15-13(9-11)14(17)10-16(18-15)12-5-3-2-4-6-12/h2-10H,1H3"	6-Methylflavone	473.18123				6.025																																																																																																																																																																																																		
CHEBI:183373	C17H22O2	O1C(CCC=C(C)C)(C=CC=2C1=CC(=CC2O)C)C	"InChI=1S/C17H22O2/c1-12(2)6-5-8-17(4)9-7-14-15(18)10-13(3)11-16(14)19-17/h6-7,9-11,18H,5,8H2,1-4H3"	(+/-)-Cannabichromeorcin	259.17039				6.038																																																																																																																																																																																																		
CHEBI:18050	C5H10N2O3	N[C@@H](CCC(N)=O)C(O)=O	"InChI=1S/C5H10N2O3/c6-3(5(9)10)1-2-4(7)8/h3H,1-2,6H2,(H2,7,8)(H,9,10)/t3-/m0/s1"	L-Glutamine	147.07717				1.27																																																																																																																																																																																																		
CHEBI:6643	C18H18O2	Oc1ccc(CC=C)cc1-c1cc(CC=C)ccc1O	"InChI=1S/C18H18O2/c1-3-5-13-7-9-17(19)15(11-13)16-12-14(6-4-2)8-10-18(16)20/h3-4,7-12,19-20H,1-2,5-6H2"	Magnolol	267.13933				6.628																																																																																																																																																																																																		
				Homo-Gamma-Linolenic Acid (C20:3)	307.26446				6.614																																																																																																																																																																																																		
CHEBI:138364	C7H7NO2	OC(=O)CC=1C=CC=CN1	"InChI=1S/C7H7NO2/c9-7(10)5-6-3-1-2-4-8-6/h1-4H,5H2,(H,9,10)"	2-Pyridylacetic acid	138.05551				4.841																																																																																																																																																																																																		
CHEBI:183361	C10H9NO2S	S1C(=C(C=C1)C)C=C2N=C(OC2=O)C	"InChI=1S/C10H9NO2S/c1-6-3-4-14-9(6)5-8-10(12)13-7(2)11-8/h3-5H,1-2H3"	"2-methyl-4-[(3-methyl-2-thienyl)methylene]-1,3-oxazol-5(4H)-one"	208.04394				5.218																																																																																																																																																																																																		
CHEBI:228413	C13H10F2N2O	C1=CC=NC(=C1)NC(=O)CC2=CC(=CC(=C2)F)F	"InChI=1S/C13H10F2N2O/c14-10-5-9(6-11(15)8-10)7-13(18)17-12-3-1-2-4-16-12/h1-6,8H,7H2,(H,16,17,18)"	"N1-(2-pyridyl)-2-(3,5-difluorophenyl)acetamide"	249.08603				2.712																																																																																																																																																																																																		
CHEBI:183789	C25H34N4O2S	S=C(NC1=CC=C(N2CC(OC(C2)C)C)C=C1)NC3=CC=C(N4CC(OC(C4)C)C)C=C3	"InChI=1S/C25H34N4O2S/c1-17-13-28(14-18(2)30-17)23-9-5-21(6-10-23)26-25(32)27-22-7-11-24(12-8-22)29-15-19(3)31-20(4)16-29/h5-12,17-20H,13-16H2,1-4H3,(H2,26,27,32)"	"N,N'-di[4-(2,6-dimethylmorpholino)phenyl]thiourea"	477.22697				5.55																																																																																																																																																																																																		
CHEBI:140761	C10H9N	CC1=CC=C2N=CC=CC2=C1	"InChI=1S/C10H9N/c1-8-4-5-10-9(7-8)3-2-6-11-10/h2-7H,1H3"	6-Methylquinoline	144.08144				5.393																																																																																																																																																																																																		
CHEBI:228414	C19H20N2OS	COC1=CC=CC(=C1)CN2CCC(C2)C3=NC4=CC=CC=C4S3	"InChI=1S/C19H20N2OS/c1-22-16-6-4-5-14(11-16)12-21-10-9-15(13-21)19-20-17-7-2-3-8-18(17)23-19/h2-8,11,15H,9-10,12-13H2,1H3/t15-/m0/s1"	"2-[(3S)-1-(3-Methoxybenzyl)-3-pyrrolidinyl]-1,3-benzothiazole"	325.13669				5.607																																																																																																																																																																																																		
CHEBI:228415	C17H17NO2S	COC1=CC=C(C=C1)C(=S)C=CNC2=CC=C(C=C2)OC	"InChI=1S/C17H17NO2S/c1-19-15-7-3-13(4-8-15)17(21)11-12-18-14-5-9-16(20-2)10-6-14/h3-12,18H,1-2H3"	3-(4-methoxyanilino)-1-(4-methoxyphenyl)prop-2-ene-1-thione	300.10913				1.435																																																																																																																																																																																																		
CHEBI:16562	C8H9NO	NC(=O)Cc1ccccc1	"InChI=1S/C8H9NO/c9-8(10)6-7-4-2-1-3-5-7/h1-5H,6H2,(H2,9,10)"	2-Phenylacetamide	136.07626				6.163																																																																																																																																																																																																		
CHEBI:181585	C9H18N2O2	O=C(NCCCCCNC(=O)C)C	"InChI=1S/C9H18N2O2/c1-8(12)10-6-4-3-5-7-11-9(2)13/h3-7H2,1-2H3,(H,10,12)(H,11,13)"	N-(5-acetamidopentyl)acetamide	187.14505				5.101																																																																																																																																																																																																		
CHEBI:90027	C17H34O2	CCCCCCCCCCCCCC(=O)OC(C)C	"InChI=1S/C17H34O2/c1-4-5-6-7-8-9-10-11-12-13-14-15-17(18)19-16(2)3/h16H,4-15H2,1-3H3"	Isopropyl myristate	288.29134				6.541																																																																																																																																																																																																		
CHEBI:228416	C8H5F3N2	C1=CC=C2C(=C1)NC(=N2)C(F)(F)F	"InChI=1S/C8H5F3N2/c9-8(10,11)7-12-5-3-1-2-4-6(5)13-7/h1-4H,(H,12,13)"	2-(trifluoromethyl)-1H-benzo[d]imidazole	187.04865				6.04																																																																																																																																																																																																		
CHEBI:173611	C10H18N2O3	O=C(N1C(CCC1)C(O)=O)C(N)C(C)C	"InChI=1S/C10H18N2O3/c1-6(2)8(11)9(13)12-5-3-4-7(12)10(14)15/h6-8H,3-5,11H2,1-2H3,(H,14,15)"	Valylproline	215.14014				1.588																																																																																																																																																																																																		
CHEBI:183785	C10H14N2O4	O=C(N)C1CCN(CC1)C(=O)C=CC(O)=O	"InChI=1S/C10H14N2O4/c11-10(16)7-3-5-12(6-4-7)8(13)1-2-9(14)15/h1-2,7H,3-6H2,(H2,11,16)(H,14,15)"	4-[4-(aminocarbonyl)piperidino]-4-oxobut-2-enoic acid	227.10398				5.108																																																																																																																																																																																																		
CHEBI:156169	C15H14O3	O1C[C@H](CC2=C1C=C(O)C=C2)C3=CC=C(O)C=C3	"InChI=1S/C15H14O3/c16-13-4-1-10(2-5-13)12-7-11-3-6-14(17)8-15(11)18-9-12/h1-6,8,12,16-17H,7,9H2/t12-/m0/s1"	(R)-Equol	243.10291				5.533																																																																																																																																																																																																		
CHEBI:30915	C5H6O5	OC(=O)CCC(=O)C(O)=O	"InChI=1S/C5H6O5/c6-3(5(9)10)1-2-4(7)8/h1-2H2,(H,7,8)(H,9,10)"	alpha-Ketoglutaric acid	147.02942				1.775																																																																																																																																																																																																		
CHEBI:172341	C18H11N3O	O=C1N2CC=3C(=NC=4C(C3)=CC=CC4)C2=NC=5C1=CC=CC5	"InChI=1S/C18H11N3O/c22-18-13-6-2-4-8-15(13)20-17-16-12(10-21(17)18)9-11-5-1-3-7-14(11)19-16/h1-9H,10H2"	Luotonin A	286.0934				1.413																																																																																																																																																																																																		
				THJ2201 N-pentanoic acid metabolite	373.15131				5.455																																																																																																																																																																																																		
CHEBI:172626	C23H34O5	O=C1\C(\[C@@H](C/C=C\CCCC(OC(CO)CO)=O)C=C1)=C\C=C/CCCCC	"InChI=1S/C23H34O5/c1-2-3-4-5-6-10-13-21-19(15-16-22(21)26)12-9-7-8-11-14-23(27)28-20(17-24)18-25/h6-7,9-10,13,15-16,19-20,24-25H,2-5,8,11-12,14,17-18H2,1H3/b9-7-,10-6-,21-13+/t19-/m0/s1"	"15-deoxy-delta12,14-Prostaglandin J2-2-glycerol ester"	391.24753				6.291																																																																																																																																																																																																		
CHEBI:183469	C14H19NO3	O1C(N2CCOCC2)C(C3=C1C=CC(O)=C3)(C)C	"InChI=1S/C14H19NO3/c1-14(2)11-9-10(16)3-4-12(11)18-13(14)15-5-7-17-8-6-15/h3-4,9,13,16H,5-8H2,1-2H3"	"3,3-dimethyl-2-morpholino-2,3-dihydrobenzo[b]furan-5-ol"	250.14496				5.195																																																																																																																																																																																																		
CHEBI:228417	C9H12N2O2	C1=CC(=CC=C1CCC(=O)NN)O	"InChI=1S/C9H12N2O2/c10-11-9(13)6-3-7-1-4-8(12)5-2-7/h1-2,4-5,12H,3,6,10H2,(H,11,13)"	3-(4-hydroxyphenyl)propanohydrazide	181.09804				5.501																																																																																																																																																																																																		
CHEBI:16437	C8H11N3O3	CC(=O)N[C@@H](Cc1cnc[nH]1)C(O)=O	"InChI=1S/C8H11N3O3/c1-5(12)11-7(8(13)14)2-6-3-9-4-10-6/h3-4,7H,2H2,1H3,(H,9,10)(H,11,12)(H,13,14)/t7-/m0/s1"	N-Acetylhistidine	198.08826				1.394																																																																																																																																																																																																		
CHEBI:72605	C16H26O3	CCCCC\C=C/C[C@@H](O)\C=C\C=C/CCC(O)=O	"InChI=1S/C16H26O3/c1-2-3-4-5-6-9-12-15(17)13-10-7-8-11-14-16(18)19/h6-10,13,15,17H,2-5,11-12,14H2,1H3,(H,18,19)/b8-7-,9-6-,13-10+/t15-/m1/s1"	tetranor-12(R)-HETE	249.18601				6.352																																																																																																																																																																																																		
CHEBI:74759	C6H11N3	CC(N)Cc1cnc[nH]1	"InChI=1S/C6H11N3/c1-5(7)2-6-3-8-4-9-6/h3-5H,2,7H2,1H3,(H,8,9)"	alpha-Methylhistamine	126.10342				1.217																																																																																																																																																																																																		
CHEBI:228418	C23H36N6O4	C1=CC=C2C(=C1)C(=CN2)CC(C(=O)NC(CCCCN)C(=O)NC(CCCCN)C(=O)O)N	"InChI=1S/C23H36N6O4/c24-11-5-3-9-19(22(31)29-20(23(32)33)10-4-6-12-25)28-21(30)17(26)13-15-14-27-18-8-2-1-7-16(15)18/h1-2,7-8,14,17,19-20,27H,3-6,9-13,24-26H2,(H,28,30)(H,29,31)(H,32,33)"	WKK	231.14613				2.195																																																																																																																																																																																																		
CHEBI:228419	C19H19ClN2O	CC1=CC2=C(C=C1)OC(=N2)C3CCN(C3)CC4=CC(=CC=C4)Cl	"InChI=1S/C19H19ClN2O/c1-13-5-6-18-17(9-13)21-19(23-18)15-7-8-22(12-15)11-14-3-2-4-16(20)10-14/h2-6,9-10,15H,7-8,11-12H2,1H3/t15-/m0/s1"	"2-[(3S)-1-(3-Chlorobenzyl)-3-pyrrolidinyl]-5-methyl-1,3-benzoxazole"	327.12711				5.529																																																																																																																																																																																																		
CHEBI:192628	C18H19NO4	OC1CCN(CC1)C(OC2=CC=C(OC3=CC=CC=C3)C=C2)=O	"InChI=1S/C18H19NO4/c20-14-10-12-19(13-11-14)18(21)23-17-8-6-16(7-9-17)22-15-4-2-1-3-5-15/h1-9,14,20H,10-13H2"	4-phenoxyphenyl 4-hydroxypiperidine-1-carboxylate	336.12492				6.058																																																																																																																																																																																																		
CHEBI:41033	C7H9N2	NC(=N)c1ccccc1	"InChI=1S/C7H8N2/c8-7(9)6-4-2-1-3-5-6/h1-5H,(H3,8,9)"	Benzamidine	258.17089				5.341																																																																																																																																																																																																		
CHEBI:19289	C12H17N5O5	CN(C)c1nc2n(cnc2c(=O)[nH]1)[C@@H]1O[C@H](CO)[C@@H](O)[C@H]1O	"InChI=1S/C12H17N5O5/c1-16(2)12-14-9-6(10(21)15-12)13-4-17(9)11-8(20)7(19)5(3-18)22-11/h4-5,7-8,11,18-20H,3H2,1-2H3,(H,14,15,21)/t5-,7-,8-,11-/m1/s1"	"N2,N2-Dimethylguanosine"	312.12891				4.907																																																																																																																																																																																																		
CHEBI:27510	C9H6O3	C12=CC(=CC=C2C=CC(O1)=O)O	"InChI=1S/C9H6O3/c10-7-3-1-6-2-4-9(11)12-8(6)5-7/h1-5,10H"	7-Hydroxycoumarine	163.03985				6.262																																																																																																																																																																																																		
CHEBI:228420	C15H9F3N2O3	C1=CC=C2C(=C1)C(=NC(=O)O2)NC3=CC=C(C=C3)OC(F)(F)F	"InChI=1S/C15H9F3N2O3/c16-15(17,18)23-10-7-5-9(6-8-10)19-13-11-3-1-2-4-12(11)22-14(21)20-13/h1-8H,(H,19,20,21)"	"4-[4-(trifluoromethoxy)anilino]-2H-1,3-benzoxazin-2-one"	345.04625				5.266																																																																																																																																																																																																		
CHEBI:86583	C12H14O3	COc1cc(\C=C\C)ccc1OC(C)=O	"InChI=1S/C12H14O3/c1-4-5-10-6-7-11(15-9(2)13)12(8-10)14-3/h4-8H,1-3H3/b5-4+"	Isoeugenyl acetate	207.10633				5.877																																																																																																																																																																																																		
CHEBI:189718	C8H13NO3S	S(C[C@H](NC(=O)C)C(O)=O)CC=C	"InChI=1S/C8H13NO3S/c1-3-4-13-5-7(8(11)12)9-6(2)10/h3,7H,1,4-5H2,2H3,(H,9,10)(H,11,12)/t7-/m0/s1"	N-Acetyl-S-allyl-L-cysteine	204.06994				5.527																																																																																																																																																																																																		
CHEBI:82969	C14H18N2O6	C(=O)([C@@H](NC(=O)CC[C@@H](C(=O)O)N)CC=1C=CC(=CC1)O)O	"InChI=1S/C14H18N2O6/c15-10(13(19)20)5-6-12(18)16-11(14(21)22)7-8-1-3-9(17)4-2-8/h1-4,10-11,17H,5-7,15H2,(H,16,18)(H,19,20)(H,21,22)/t10-,11-/m0/s1"	gamma-Glutamyltyrosine	311.12491				4.918																																																																																																																																																																																																		
CHEBI:190624	C16H19NO3S2	S(CCNC(=O)CSC=1C=C(OC)C=CC1)CC=2OC=CC2	"InChI=1S/C16H19NO3S2/c1-19-13-4-2-6-15(10-13)22-12-16(18)17-7-9-21-11-14-5-3-8-20-14/h2-6,8,10H,7,9,11-12H2,1H3,(H,17,18)"	N-{2-[(2-furylmethyl)thio]ethyl}-2-[(3-methoxyphenyl)thio]acetamide	338.08804				3.218																																																																																																																																																																																																		
CHEBI:183506	C12H19NS2	S1C(CC(N2CCCCC2)=CC1=S)(C)C	"InChI=1S/C12H19NS2/c1-12(2)9-10(8-11(14)15-12)13-6-4-3-5-7-13/h8H,3-7,9H2,1-2H3"	"6,6-dimethyl-4-piperidino-5,6-dihydro-2H-thiine-2-thione"	242.10161				2.642																																																																																																																																																																																																		
CHEBI:16522	C10H13N5O	C\C(CO)=C/CNC1=C2N=CNC2=NC=N1	"InChI=1S/C10H13N5O/c1-7(4-16)2-3-11-9-8-10(13-5-12-8)15-6-14-9/h2,5-6,16H,3-4H2,1H3,(H2,11,12,13,14,15)/b7-2+"	trans-Zeatin	220.12029				2.187																																																																																																																																																																																																		
CHEBI:42223	C15H10O5	Cc1cc(O)c2C(=O)c3c(O)cc(O)cc3C(=O)c2c1	"InChI=1S/C15H10O5/c1-6-2-8-12(10(17)3-6)15(20)13-9(14(8)19)4-7(16)5-11(13)18/h2-5,16-18H,1H3"	Emodin	271.06137				6.449																																																																																																																																																																																																		
CHEBI:64213	C10H12O4	C[C@]12[C@@H]3CC[C@@H](O3)[C@@]1(C)C(=O)OC2=O	"InChI=1S/C10H12O4/c1-9-5-3-4-6(13-5)10(9,2)8(12)14-7(9)11/h5-6H,3-4H2,1-2H3/t5-,6+,9+,10-"	Cantharidin	197.08187				5.983																																																																																																																																																																																																		
CHEBI:183718	C18H32O5	OC(CCCCCCCC(O)=O)C(O)/C=C/C(O)C/C=C\CC	"InChI=1S/C18H32O5/c1-2-3-7-10-15(19)13-14-17(21)16(20)11-8-5-4-6-9-12-18(22)23/h3,7,13-17,19-21H,2,4-6,8-12H2,1H3,(H,22,23)/b7-3-,14-13+"	"(11E,15Z)-9,10,13-trihydroxyoctadeca-11,15-dienoic acid"	346.2604				6.097																																																																																																																																																																																																		
CHEBI:228421	C16H22N2O3	CCOC1=CC=C(C=C1)NC(=O)C2CCN(CC2)C(=O)C	"InChI=1S/C16H22N2O3/c1-3-21-15-6-4-14(5-7-15)17-16(20)13-8-10-18(11-9-13)12(2)19/h4-7,13H,3,8-11H2,1-2H3,(H,17,20)"	1-acetyl-N-(4-ethoxyphenyl)-4-piperidinecarboxamide	291.17173				5.486																																																																																																																																																																																																		
CHEBI:228422	C17H18N4O3	CC1=CC=C(C=C1)N2N=C(N=N2)C3=CC(=C(C(=C3)OC)OC)OC	"InChI=1S/C17H18N4O3/c1-11-5-7-13(8-6-11)21-19-17(18-20-21)12-9-14(22-2)16(24-4)15(10-12)23-3/h5-10H,1-4H3"	"2-(4-methylphenyl)-5-(3,4,5-trimethoxyphenyl)-2H-1,2,3,4-tetraazole"	327.14293				6.474																																																																																																																																																																																																		
CHEBI:183467	C15H17NO5	O1C(C(NC2=CC=C(C=C2)C(O)=O)CC1=O)/C=C/C(O)C	"InChI=1S/C15H17NO5/c1-9(17)2-7-13-12(8-14(18)21-13)16-11-5-3-10(4-6-11)15(19)20/h2-7,9,12-13,16-17H,8H2,1H3,(H,19,20)/b7-2+"	Obscurolide A1	314.09788				6.225																																																																																																																																																																																																		
CHEBI:228423	C17H17NO	C1=CC=C(C=C1)CCNC(=O)C=CC2=CC=CC=C2	"InChI=1S/C17H17NO/c19-17(12-11-15-7-3-1-4-8-15)18-14-13-16-9-5-2-6-10-16/h1-12H,13-14H2,(H,18,19)/b12-11+"	(2E)-3-phenyl-N-(2-phenylethyl)prop-2-enamide	274.11981				5.115																																																																																																																																																																																																		
CHEBI:15833	C8H16O	CC(O)CCC=C(C)C	"InChI=1S/C8H16O/c1-7(2)5-4-6-8(3)9/h5,8-9H,4,6H2,1-3H3"	Sulcatol	129.12801				6.476																																																																																																																																																																																																		
CHEBI:228424	C22H24N4O	C1CN(CCC1NC(=O)C2=CC=C(C=C2)N3C=CC=N3)CC4=CC=CC=C4	"InChI=1S/C22H24N4O/c27-22(19-7-9-21(10-8-19)26-14-4-13-23-26)24-20-11-15-25(16-12-20)17-18-5-2-1-3-6-18/h1-10,13-14,20H,11-12,15-17H2,(H,24,27)"	N-(1-benzyl-4-piperidinyl)-4-(1H-pyrazol-1-yl)benzamide	399.16495				5.784																																																																																																																																																																																																		
CHEBI:228425	C18H20FN3O	C1CCN(CC1)C2=CC=CC=C2NC(=O)NC3=CC=C(C=C3)F	"InChI=1S/C18H20FN3O/c19-14-8-10-15(11-9-14)20-18(23)21-16-6-2-3-7-17(16)22-12-4-1-5-13-22/h2-3,6-11H,1,4-5,12-13H2,(H2,20,21,23)"	N-(4-fluorophenyl)-N'-(2-piperidinophenyl)urea	336.14559				5.423																																																																																																																																																																																																		
CHEBI:116314	C18H35NO	CCCCCCCC\C=C/CCCCCCCC(N)=O	"InChI=1S/C18H35NO/c1-2-3-4-5-6-7-8-9-10-11-12-13-14-15-16-17-18(19)20/h9-10H,2-8,11-17H2,1H3,(H2,19,20)/b10-9-"	Oleamide	282.28051				9.691																																																																																																																																																																																																		
CHEBI:183410	C21H28BrNO	BrCCCCCN1C=C(C(=O)C2C(C2(C)C)(C)C)C=3C1=CC=CC3	"InChI=1S/C21H28BrNO/c1-20(2)19(21(20,3)4)18(24)16-14-23(13-9-5-8-12-22)17-11-7-6-10-15(16)17/h6-7,10-11,14,19H,5,8-9,12-13H2,1-4H3"	UR-144 N-(5-Bromopentyl) analog	412.12182				5.63																																																																																																																																																																																																		
CHEBI:228426	C26H24N2O3	C1CN(CCN1CC(=O)C2=CC3=C(C=C2)OCO3)C4C5=CC=CC=C5C6=CC=CC=C46	"InChI=1S/C26H24N2O3/c29-23(18-9-10-24-25(15-18)31-17-30-24)16-27-11-13-28(14-12-27)26-21-7-3-1-5-19(21)20-6-2-4-8-22(20)26/h1-10,15,26H,11-14,16-17H2"	"1-(1,3-benzodioxol-5-yl)-2-[4-(9H-fluoren-9-yl)piperazino]-1-ethanone"	413.18137				6.213																																																																																																																																																																																																		
CHEBI:18261	C4H8N2O3	NC(=O)NCCC(O)=O	"InChI=1S/C4H8N2O3/c5-4(9)6-2-1-3(7)8/h1-2H2,(H,7,8)(H3,5,6,9)"	3-Ureidopropionic acid	133.06147				1.544																																																																																																																																																																																																		
CHEBI:228427	C16H14N2O	C1CN=C(C2=CC=CC=C2C(=O)N1)C3=CC=CC=C3	"InChI=1S/C16H14N2O/c19-16-14-9-5-4-8-13(14)15(17-10-11-18-16)12-6-2-1-3-7-12/h1-9H,10-11H2,(H,18,19)"	"6-phenyl-1,2,3,4-tetrahydro-2,5-benzodiazocin-1-one"	106.06599				5.169																																																																																																																																																																																																		
CHEBI:228428	C16H25NO3	C[N+](C)(CC1CCCCC1(C2=CC(=CC=C2)OC)O)[O-]	"InChI=1S/C16H25NO3/c1-17(2,19)12-14-7-4-5-10-16(14,18)13-8-6-9-15(11-13)20-3/h6,8-9,11,14,18H,4-5,7,10,12H2,1-3H3/t14-,16+/m1/s1"	Tramadol N-Oxide	280.19211				5.629																																																																																																																																																																																																		
CHEBI:27911	C9H21N3O	CC(=O)NCCCCNCCCN	"InChI=1S/C9H21N3O/c1-9(13)12-8-3-2-6-11-7-4-5-10/h11H,2-8,10H2,1H3,(H,12,13)"	N8-Acetylspermidine	188.17689				1.25																																																																																																																																																																																																		
CHEBI:228429	C8H9N3O3	CC1=C(C=CC(=C1)C(=O)NN)[N+](=O)[O-]	"InChI=1S/C8H9N3O3/c1-5-4-6(8(12)10-9)2-3-7(5)11(13)14/h2-4H,9H2,1H3,(H,10,12)"	3-methyl-4-nitrobenzene-1-carbohydrazide	196.07275				5.112																																																																																																																																																																																																		
CHEBI:165596	C20H39NO4	O([C@@H](C[N+](C)(C)C)CC([O-])=O)C(=O)CCCCCCCCCCCC	"InChI=1S/C20H39NO4/c1-5-6-7-8-9-10-11-12-13-14-15-20(24)25-18(16-19(22)23)17-21(2,3)4/h18H,5-17H2,1-4H3/t18-/m1/s1"	CAR 13:0	358.29685				6.879																																																																																																																																																																																																		
CHEBI:228430	C15H21NO2	CCC1(CCCCC1=NO)C2=CC(=CC=C2)OC	"InChI=1S/C15H21NO2/c1-3-15(10-5-4-9-14(15)16-17)12-7-6-8-13(11-12)18-2/h6-8,11,17H,3-5,9-10H2,1-2H3"	2-ethyl-2-(3-methoxyphenyl)cyclohexanone oxime	533.27417				6.815																																																																																																																																																																																																		
				WLK	428.26544				5.342																																																																																																																																																																																																		
CHEBI:228431	C16H14FN3O	CN1C(=O)CN=C(C2=C1C=CC(=C2)N)C3=CC=CC=C3F	"InChI=1S/C16H14FN3O/c1-20-14-7-6-10(18)8-12(14)16(19-9-15(20)21)11-4-2-3-5-13(11)17/h2-8H,9,18H2,1H3/i1D3,2D,3D,4D,5D"	7-Aminoflunitrazepam-d7	291.16466				4.955																																																																																																																																																																																																		
CHEBI:183375	C11H15NO2	O1C23C(NC1=O)C4CC(C2)CC(C3)C4	"InChI=1S/C11H15NO2/c13-10-12-9-8-2-6-1-7(3-8)5-11(9,4-6)14-10/h6-9H,1-5H2,(H,12,13)"	"2-oxa-4-azatetracyclo[6.3.1.1~6,10~.0~1,5~]tridecan-3-one"	194.11856				5.09																																																																																																																																																																																																		
CHEBI:8633	C21H20O9	OC[C@H]1O[C@H]([C@H](O)[C@@H](O)[C@@H]1O)c1c(O)ccc2c1occ(-c1ccc(O)cc1)c2=O	"InChI=1S/C21H20O9/c22-7-14-17(26)18(27)19(28)21(30-14)15-13(24)6-5-11-16(25)12(8-29-20(11)15)9-1-3-10(23)4-2-9/h1-6,8,14,17-19,21-24,26-28H,7H2/t14-,17-,18+,19-,21+/m1/s1"	Puerarin	417.12004				5.268																																																																																																																																																																																																		
CHEBI:183748	C12H12N2O2S	S1C(C(=O)N(C2=CC=CC=C2)C1=O)=CN(C)C	"InChI=1S/C12H12N2O2S/c1-13(2)8-10-11(15)14(12(16)17-10)9-6-4-3-5-7-9/h3-8H,1-2H3"	"5-[(dimethylamino)methylidene]-3-phenyl-1,3-thiazolane-2,4-dione"	249.06719				6.303																																																																																																																																																																																																		
CHEBI:6695	C14H14O4	[H][C@]1(Cc2cc3ccc(=O)oc3cc2O1)C(C)(C)O	"InChI=1S/C14H14O4/c1-14(2,16)12-6-9-5-8-3-4-13(15)18-10(8)7-11(9)17-12/h3-5,7,12,16H,6H2,1-2H3/t12-/m0/s1"	"(2S)-2-(2-hydroxypropan-2-yl)-2H,3H,7H-furo[3,2-g]chromen-7-one"	247.09777				5.876																																																																																																																																																																																																		
CHEBI:29016	C6H14N4O2	NC(CCCNC(N)=N)C(O)=O	"InChI=1S/C6H14N4O2/c7-4(5(11)12)2-1-3-10-6(8)9/h4H,1-3,7H2,(H,11,12)(H4,8,9,10)"	DL-Arginine	175.11994				1.252																																																																																																																																																																																																		
CHEBI:70744	C7H12N2O3	NCC(=O)N1CCC[C@H]1C(O)=O	"InChI=1S/C7H12N2O3/c8-4-6(10)9-3-1-2-5(9)7(11)12/h5H,1-4,8H2,(H,11,12)/t5-/m0/s1"	Glycylproline	173.09278				1.705																																																																																																																																																																																																		
CHEBI:228432	C15H15NOS2	CC1=CC(=C(S1)C)C2CC(=O)NC3=CC=CC=C3S2	"InChI=1S/C15H15NOS2/c1-9-7-11(10(2)18-9)14-8-15(17)16-12-5-3-4-6-13(12)19-14/h3-7,14H,8H2,1-2H3,(H,16,17)"	"2-(2,5-dimethyl-3-thienyl)-2,3,4,5-tetrahydro-1,5-benzothiazepin-4-one"	312.04507				5.636																																																																																																																																																																																																		
CHEBI:228433	C17H18O2	C1=CC=C(C=C1)CCC(CC(=O)C2=CC=CC=C2)O	"InChI=1S/C17H18O2/c18-16(12-11-14-7-3-1-4-8-14)13-17(19)15-9-5-2-6-10-15/h1-10,16,18H,11-13H2"	"3-hydroxy-1,5-diphenylpentan-1-one"	237.1245				4.669																																																																																																																																																																																																		
CHEBI:172483	C17H24O	O=C(C1=C2C(C(CC2)(C)C)=CC(C(C)(C)C)=C1)C	"InChI=1S/C17H24O/c1-11(18)14-9-12(16(2,3)4)10-15-13(14)7-8-17(15,5)6/h9-10H,7-8H2,1-6H3"	Celestolide	267.17132				6.331																																																																																																																																																																																																		
CHEBI:228434	C15H16N2O	CC1=C2CCCC2=C(C=C1)OC3=C(C=CC=N3)N	"InChI=1S/C15H16N2O/c1-10-7-8-14(12-5-2-4-11(10)12)18-15-13(16)6-3-9-17-15/h3,6-9H,2,4-5,16H2,1H3"	"2-[(7-methyl-2,3-dihydro-1H-inden-4-yl)oxy]pyridin-3-amine"	241.13505				5.289																																																																																																																																																																																																		
CHEBI:86567	C9H10O2	COc1ccc(cc1)C(C)=O	"InChI=1S/C9H10O2/c1-7(10)8-3-5-9(11-2)6-4-8/h3-6H,1-2H3"	4'-Methoxyacetophenone	151.07614				6.22																																																																																																																																																																																																		
CHEBI:228435	C22H17NOS	C1C2C(SC3=CC=CC=C3N=C2C4=CC=CC=C4O1)C5=CC=CC=C5	"InChI=1S/C22H17NOS/c1-2-8-15(9-3-1)22-17-14-24-19-12-6-4-10-16(19)21(17)23-18-11-5-7-13-20(18)25-22/h1-13,17,22H,14H2"	"7-phenyl-6a,7-dihydro-6H-benzo[b]chromeno[4,3-e][1,4]thiazepine"	344.11743				5.153																																																																																																																																																																																																		
CHEBI:228436	C15H19N3O3	C1CCN(CC1)C2=C(C=C(C=C2)CC(CO)C#N)[N+](=O)[O-]	"InChI=1S/C15H19N3O3/c16-10-13(11-19)8-12-4-5-14(15(9-12)18(20)21)17-6-2-1-3-7-17/h4-5,9,13,19H,1-3,6-8,11H2"	3-hydroxy-2-(3-nitro-4-piperidinobenzyl)propanenitrile	290.14695				1.311																																																																																																																																																																																																		
CHEBI:183708	C14H16N2O4	O1CCN(CC1)C(=O)CN2C3=C(OC2=O)C=CC(=C3)C	"InChI=1S/C14H16N2O4/c1-10-2-3-12-11(8-10)16(14(18)20-12)9-13(17)15-4-6-19-7-5-15/h2-3,8H,4-7,9H2,1H3"	"5-methyl-3-(2-morpholino-2-oxoethyl)-1,3-benzoxazol-2(3H)-one"	277.11953				5.244																																																																																																																																																																																																		
CHEBI:9936	C11H10N2O2	O[C@H]1CCn2c1nc1ccccc1c2=O	"InChI=1S/C11H10N2O2/c14-9-5-6-13-10(9)12-8-4-2-1-3-7(8)11(13)15/h1-4,9,14H,5-6H2/t9-/m0/s1"	Vasicinone	203.08263				1.641																																																																																																																																																																																																		
CHEBI:27616	C11H6O3	O=c1ccc2cc3ccoc3cc2o1	InChI=1S/C11H6O3/c12-11-2-1-7-5-8-3-4-13-9(8)6-10(7)14-11/h1-6H	Psoralen	187.03996				6.049																																																																																																																																																																																																		
CHEBI:183466	C11H13NO5	O(C1=CC(=C(N(CC(O)=O)C)C=C1)C(O)=O)C	"InChI=1S/C11H13NO5/c1-12(6-10(13)14)9-4-3-7(17-2)5-8(9)11(15)16/h3-5H,6H2,1-2H3,(H,13,14)(H,15,16)"	2-[(carboxymethyl)(methyl)amino]-5-methoxybenzoic acid	240.08784				5.438																																																																																																																																																																																																		
CHEBI:228437	C22H14F6N2O2	C1=CC=C(C(=C1)C(=O)C2=CC(=CC(=C2)C(F)(F)F)C(F)(F)F)C(=O)NCC3=CC=CC=N3	"InChI=1S/C22H14F6N2O2/c23-21(24,25)14-9-13(10-15(11-14)22(26,27)28)19(31)17-6-1-2-7-18(17)20(32)30-12-16-5-3-4-8-29-16/h1-11H,12H2,(H,30,32)"	"N1-(2-pyridylmethyl)-2-[3,5-di(trifluoromethyl)benzoyl]benzamide"	475.07827				5.75																																																																																																																																																																																																		
CHEBI:174263	C15H16O3	O(C1=CC(CCC2=CC(O)=CC=C2)=CC(O)=C1)C	"InChI=1S/C15H16O3/c1-18-15-9-12(8-14(17)10-15)6-5-11-3-2-4-13(16)7-11/h2-4,7-10,16-17H,5-6H2,1H3"	3-[2-(3-Hydroxyphenyl)ethyl]-5-methoxyphenol	245.1185				5.938																																																																																																																																																																																																		
CHEBI:15355	C7H16NO2+	CC(=O)OCC[N+](C)(C)C	"InChI=1S/C7H16NO2/c1-7(9)10-6-5-8(2,3)4/h5-6H2,1-4H3/q+1"	Acetylcholine	146.11817				1.64																																																																																																																																																																																																		
CHEBI:2704	C17H19N5	CC(C)(C#N)c1cc(Cn2cncn2)cc(c1)C(C)(C)C#N	"InChI=1S/C17H19N5/c1-16(2,9-18)14-5-13(8-22-12-20-11-21-22)6-15(7-14)17(3,4)10-19/h5-7,11-12H,8H2,1-4H3"	Anastrozole	294.17297				5.762																																																																																																																																																																																																		
CHEBI:175712	C21H34O5	O[C@]1([C@@]2([C@]([C@]3([C@@]([C@@]4([C@](CC3)(C[C@H](O)CC4)[H])C)(C(=O)C2)[H])[H])(CC1)[H])C)[C@H](O)CO	"InChI=1S/C21H34O5/c1-19-7-5-13(23)9-12(19)3-4-14-15-6-8-21(26,17(25)11-22)20(15,2)10-16(24)18(14)19/h12-15,17-18,22-23,25-26H,3-11H2,1-2H3/t12-,13-,14+,15+,17-,18-,19+,20+,21+/m1/s1"	beta-Cortolone	349.23903				6.111																																																																																																																																																																																																		
CHEBI:228438	C19H12N2O3	C1=CC=C2C(=C1)C=CC(=C2C=NN3C(=O)C4=CC=CC=C4C3=O)O	"InChI=1S/C19H12N2O3/c22-17-10-9-12-5-1-2-6-13(12)16(17)11-20-21-18(23)14-7-3-4-8-15(14)19(21)24/h1-11,22H"	"2-{[(2-hydroxy-1-naphthyl)methylidene]amino}isoindoline-1,3-dione"	317.08821				5.556																																																																																																																																																																																																		
CHEBI:89656	C28H37N5O7	CC(C)C[C@H](NC(=O)[C@H](CC1=CC=CC=C1)NC(=O)CNC(=O)CNC(=O)[C@@H](N)CC1=CC=C(O)C=C1)C(O)=O	"InChI=1S/C28H37N5O7/c1-17(2)12-23(28(39)40)33-27(38)22(14-18-6-4-3-5-7-18)32-25(36)16-30-24(35)15-31-26(37)21(29)13-19-8-10-20(34)11-9-19/h3-11,17,21-23,34H,12-16,29H2,1-2H3,(H,30,35)(H,31,37)(H,32,36)(H,33,38)(H,39,40)/t21-,22-,23-/m0/s1"	ENK	372.18549				5.721																																																																																																																																																																																																		
CHEBI:228439	C12H11F3O3S	CC(=CC1(C(=O)C(=C(C(F)(F)F)O)C(=O)S1)C)C=C	"InChI=1S/C12H11F3O3S/c1-4-6(2)5-11(3)8(16)7(10(18)19-11)9(17)12(13,14)15/h4-5,17H,1H2,2-3H3/b6-5+,9-7-/t11-/m1/s1"	TLH	370.20224				5.347																																																																																																																																																																																																		
CHEBI:48981	C9H7NO	Oc1cccc2cccnc12	"InChI=1S/C9H7NO/c11-8-5-1-3-7-4-2-6-10-9(7)8/h1-6,11H"	8-Hydroxyquinoline	146.06078				6.152																																																																																																																																																																																																		
CHEBI:88824	C7H16N2O	N(CCCCCN)C(=O)C	"InChI=1S/C7H16N2O/c1-7(10)9-6-4-2-3-5-8/h2-6,8H2,1H3,(H,9,10)"	N-(5-Aminopentyl)acetamide	145.13414				1.83																																																																																																																																																																																																		
CHEBI:70989	C11H15N3O6	CC(=O)Nc1ccn([C@@H]2O[C@H](CO)[C@@H](O)[C@H]2O)c(=O)n1	"InChI=1S/C11H15N3O6/c1-5(16)12-7-2-3-14(11(19)13-7)10-9(18)8(17)6(4-15)20-10/h2-3,6,8-10,15,17-18H,4H2,1H3,(H,12,13,16,19)/t6-,8-,9-,10-/m1/s1"	N-Acetylcytidine	286.10455				4.891																																																																																																																																																																																																		
CHEBI:228440	C19H16O	C1=CC=C(C=C1)C(C2=CC=CC=C2)(C3=CC=CC=C3)O	"InChI=1S/C19H16O/c20-19(16-10-4-1-5-11-16,17-12-6-2-7-13-17)18-14-8-3-9-15-18/h1-15,20H"	Tritylalcohol	358.22402				5.563																																																																																																																																																																																																		
CHEBI:228441	C36H63N5O6	CCCCCCCCCCCCCCCC(C(CO)NC(=O)CCCCCCCCCCCNC1=CC=C(C2=NON=C12)[N+](=O)[O-])O	"InChI=1S/C36H63N5O6/c1-2-3-4-5-6-7-8-9-10-12-15-18-21-24-33(43)31(29-42)38-34(44)25-22-19-16-13-11-14-17-20-23-28-37-30-26-27-32(41(45)46)36-35(30)39-47-40-36/h26-27,31,33,37,42-43H,2-25,28-29H2,1H3,(H,38,44)/t31-,33+/m0/s1"	C-12 NBD-dihydro-ceramide	662.48714				8.509																																																																																																																																																																																																		
CHEBI:89494	C5H9NOS2	N(CCCS(C)=O)=C=S	"InChI=1S/C5H9NOS2/c1-9(7)4-2-3-6-5-8/h2-4H2,1H3"	Iberin	164.02076				5.13																																																																																																																																																																																																		
CHEBI:23316	C10H16O	C(=C(CCC=C(C)C)C)C=O	"InChI=1S/C10H16O/c1-9(2)5-4-6-10(3)7-8-11/h5,7-8H,4,6H2,1-3H3"	Citral	153.12814				5.532																																																																																																																																																																																																		
CHEBI:228442	C16H13Cl2NO2	COC1=CC=C(C=C1)C(=O)C=CNC2=C(C=C(C=C2)Cl)Cl	"InChI=1S/C16H13Cl2NO2/c1-21-13-5-2-11(3-6-13)16(20)8-9-19-15-7-4-12(17)10-14(15)18/h2-10,19H,1H3"	"3-(2,4-dichloroanilino)-1-(4-methoxyphenyl)prop-2-en-1-one"	322.04023				3.254																																																																																																																																																																																																		
CHEBI:182253	C14H20O6	O1[C@@H]([C@@H](O)[C@H](O)[C@@H](O)[C@@H]1OCCC2=CC=CC=C2)CO	"InChI=1S/C14H20O6/c15-8-10-11(16)12(17)13(18)14(20-10)19-7-6-9-4-2-1-3-5-9/h1-5,10-18H,6-8H2/t10-,11-,12+,13-,14-/m1/s1"	"(2R,3S,4S,5R,6R)-2-(hydroxymethyl)-6-(2-phenylethoxy)oxane-3,4,5-triol"	302.16151				5.123																																																																																																																																																																																																		
CHEBI:192622	C14H14N2O4S	S(=O)(=O)(N/N=C/C1=C(O)C=C(O)C=C1)C2=CC=C(C=C2)C	"InChI=1S/C14H14N2O4S/c1-10-2-6-13(7-3-10)21(19,20)16-15-9-11-4-5-12(17)8-14(11)18/h2-9,16-18H,1H3/b15-9+"	"N'-[(2,4-dihydroxyphenyl)methylene]-4-methylbenzenesulfonohydrazide"	296.1234				5.791																																																																																																																																																																																																		
CHEBI:182811	C15H24O3	OC(=O)CCC(C(C)C)/C=C/C(CCC(=O)C)=C	"InChI=1S/C15H24O3/c1-11(2)14(9-10-15(17)18)8-6-12(3)5-7-13(4)16/h6,8,11,14H,3,5,7,9-10H2,1-2,4H3,(H,17,18)/b8-6+"	(5E)-7-methylidene-10-oxo-4-(propan-2-yl)undec-5-enoic acid	253.18087				5.786																																																																																																																																																																																																		
CHEBI:183083	C16H10N2O2	O=C1NC2=CC=CC=C2C1=C1NC2=C(C=CC=C2)C1=O	"InChI=1S/C16H10N2O2/c19-15-10-6-2-4-8-12(10)17-14(15)13-9-5-1-3-7-11(9)18-16(13)20/h1-8,17H,(H,18,20)"	Indirubin	263.08302				6.574																																																																																																																																																																																																		
CHEBI:165591	C22H45NO	O=C(N)CCCCCCCCCCCCCCCCCCCCC	"InChI=1S/C22H45NO/c1-2-3-4-5-6-7-8-9-10-11-12-13-14-15-16-17-18-19-20-21-22(23)24/h2-21H2,1H3,(H2,23,24)"	Docosanamide	340.35924				8.68																																																																																																																																																																																																		
CHEBI:16543	C7H14N2O3	C(CCN)[C@@H](C(O)=O)NC(=O)C	"InChI=1S/C7H14N2O3/c1-5(10)9-6(7(11)12)3-2-4-8/h6H,2-4,8H2,1H3,(H,9,10)(H,11,12)/t6-/m0/s1"	N2-Acetyl-L-ornithine	158.08194				2.259																																																																																																																																																																																																		
CHEBI:183418	C11H13NO3	O1CCN(CC1)C2=CC=C(C=C2)C(O)=O	"InChI=1S/C11H13NO3/c13-11(14)9-1-3-10(4-2-9)12-5-7-15-8-6-12/h1-4H,5-8H2,(H,13,14)"	4-morpholinobenzoic acid	208.09561				5.694																																																																																																																																																																																																		
CHEBI:72625	C18H30O3	CC\C=C/C\C=C/C=C/C(O)CCCCCCCC(O)=O	"InChI=1S/C18H30O3/c1-2-3-4-5-6-8-11-14-17(19)15-12-9-7-10-13-16-18(20)21/h3-4,6,8,11,14,17,19H,2,5,7,9-10,12-13,15-16H2,1H3,(H,20,21)/b4-3-,8-6-,14-11+"	9-HOTrE	295.22786				5.906																																																																																																																																																																																																		
CHEBI:91222	C14H12N2	N1=C(C=CC2=CC=C3C=CC(=NC3=C12)C)C	"InChI=1S/C14H12N2/c1-9-3-5-11-7-8-12-6-4-10(2)16-14(12)13(11)15-9/h3-8H,1-2H3"	Neocuproine	209.10841				5.471																																																																																																																																																																																																		
CHEBI:31742	C21H20O11	OC[C@H]1O[C@@H](Oc2c(oc3cc(O)cc(O)c3c2=O)-c2ccc(O)cc2)[C@H](O)[C@@H](O)[C@H]1O	"InChI=1S/C21H20O11/c22-7-13-15(26)17(28)18(29)21(31-13)32-20-16(27)14-11(25)5-10(24)6-12(14)30-19(20)8-1-3-9(23)4-2-8/h1-6,13,15,17-18,21-26,28-29H,7H2/t13-,15+,17+,18-,21+/m1/s1"	Trifolin	471.09216				5.955																																																																																																																																																																																																		
CHEBI:192657	C17H13ClN4O	ClC1=CC2=C(N3C(=NN=C3CO)CN=C2C4=CC=CC=C4)C=C1	"InChI=1S/C17H13ClN4O/c18-12-6-7-14-13(8-12)17(11-4-2-1-3-5-11)19-9-15-20-21-16(10-23)22(14)15/h1-8,23H,9-10H2"	Î±-Hydroxyalprazolam	144.06644				5.55																																																																																																																																																																																																		
CHEBI:165271	C20H30O4	O(O)[C@@H](CCCC(O)=O)/C=C/C=C\C/C=C\C/C=C\C/C=C\CC	"InChI=1S/C20H30O4/c1-2-3-4-5-6-7-8-9-10-11-12-13-14-16-19(24-23)17-15-18-20(21)22/h3-4,6-7,9-10,12-14,16,19,23H,2,5,8,11,15,17-18H2,1H3,(H,21,22)/b4-3-,7-6-,10-9-,13-12-,16-14+/t19-/m1/s1"	5(S)-HpEPE	352.24948				6.179																																																																																																																																																																																																		
				P-Acetamidophenyl-b-D-glucuronide	345.13065				2.726																																																																																																																																																																																																		
CHEBI:194258	C12H14Cl2F3N3O	ClC1=C(N2CCN(CC2)CC(O)C(F)(F)F)C(Cl)=CN=C1	"InChI=1S/C12H14Cl2F3N3O/c13-8-5-18-6-9(14)11(8)20-3-1-19(2-4-20)7-10(21)12(15,16)17/h5-6,10,21H,1-4,7H2"	"3-[4-(3,5-dichloro-4-pyridinyl)piperazino]-1,1,1-trifluoro-2-propanol"	344.06002				1.633																																																																																																																																																																																																		
CHEBI:18333				"pentane-1,2,3,4,5-pentol"	175.0587				1.277																																																																																																																																																																																																		
CHEBI:182175	C25H31N3	N(C1=CC=C(C(C2=CC=C(N(C)C)C=C2)C3=CC=C(N(C)C)C=C3)C=C1)(C)C	"InChI=1S/C25H31N3/c1-26(2)22-13-7-19(8-14-22)25(20-9-15-23(16-10-20)27(3)4)21-11-17-24(18-12-21)28(5)6/h7-18,25H,1-6H3"	Leucocrystal violet	374.25566				5.573																																																																																																																																																																																																		
CHEBI:94688	C6H6N2O3	CC1=CN=C(C=[N+]1[O-])C(=O)O	"InChI=1S/C6H6N2O3/c1-4-2-7-5(6(9)10)3-8(4)11/h2-3H,1H3,(H,9,10)"	Acipimox	155.04568				1.591																																																																																																																																																																																																		
CHEBI:125596	C15H10O6	C1=CC(=C(C=C1C2=CC(=O)C3=C(O2)C(=C(C=C3)O)O)O)O	"InChI=1S/C15H10O6/c16-9-3-1-7(5-12(9)19)13-6-11(18)8-2-4-10(17)14(20)15(8)21-13/h1-6,16-17,19-20H"	SQH	393.15168				5.912																																																																																																																																																																																																		
CHEBI:63840	C17H19N3O4S	COc1ccc2[nH]c(nc2c1)S(=O)Cc1ncc(CO)c(OC)c1C	"InChI=1S/C17H19N3O4S/c1-10-15(18-7-11(8-21)16(10)24-3)9-25(22)17-19-13-5-4-12(23-2)6-14(13)20-17/h4-7,21H,8-9H2,1-3H3,(H,19,20)"	5-Hydroxyomeprazole	362.11901				5.447																																																																																																																																																																																																		
CHEBI:181473	C10H14O3	OC(C(O)C)C1=CC=C(OC)C=C1	"InChI=1S/C10H14O3/c1-7(11)10(12)8-3-5-9(13-2)6-4-8/h3-7,10-12H,1-2H3"	"1-(4-methoxyphenyl)propane-1,2-diol"	165.09175				5.181																																																																																																																																																																																																		
CHEBI:9658	C10H15N5	CC(C)=CCn1cnc(N)c2ncnc12	"InChI=1S/C10H13N5/c1-7(2)3-4-15-6-14-9(11)8-10(15)13-5-12-8/h3,5-6H,4,11H2,1-2H3"	Triacanthine	204.12415				5.694																																																																																																																																																																																																		
CHEBI:66964	C21H30O2	[H][C@@]12CCC(C)=C[C@@]1([H])c1c(O)cc(CCCCC)cc1OC2(C)C	"InChI=1S/C21H30O2/c1-5-6-7-8-15-12-18(22)20-16-11-14(2)9-10-17(16)21(3,4)23-19(20)13-15/h11-13,16-17,22H,5-10H2,1-4H3/t16-,17-/m1/s1"	THC	315.23356				5.899																																																																																																																																																																																																		
CHEBI:28689	C19H28O2	[H][C@@]12CC=C3C[C@@H](O)CC[C@]3(C)[C@@]1([H])CC[C@]1(C)C(=O)CC[C@@]21[H]	"InChI=1S/C19H28O2/c1-18-9-7-13(20)11-12(18)3-4-14-15-5-6-17(21)19(15,2)10-8-16(14)18/h3,13-16,20H,4-11H2,1-2H3/t13-,14-,15-,16-,18-,19-/m0/s1"	Dehydroepiandrosterone (DHEA)	271.20674				6.303																																																																																																																																																																																																		
CHEBI:182216	C16H16O5	O1C(C(OC(=O)C)(C)C)CC2=C1C=CC3=C2OC(=O)C=C3	"InChI=1S/C16H16O5/c1-9(17)21-16(2,3)13-8-11-12(19-13)6-4-10-5-7-14(18)20-15(10)11/h4-7,13H,8H2,1-3H3"	"2-{2-oxo-2H,8H,9H-furo[2,3-h]chromen-8-yl}propan-2-yl acetate"	306.13661				5.151																																																																																																																																																																																																		
CHEBI:228443	C15H14N4OS	CN1C(=CC(=N1)C2=CC=CC=C2)NC(=O)NC3=CC=CS3	"InChI=1S/C15H14N4OS/c1-19-13(16-15(20)17-14-8-5-9-21-14)10-12(18-19)11-6-3-2-4-7-11/h2-10H,1H3,(H2,16,17,20)"	N-(1-methyl-3-phenyl-1H-pyrazol-5-yl)-N'-(2-thienyl)urea	337.05458				5.281																																																																																																																																																																																																		
CHEBI:183430	C9H13NO2	CC1CC(=O)C(C(C)=O)=C(C)N1	"InChI=1S/C9H13NO2/c1-5-4-8(12)9(7(3)11)6(2)10-5/h5,10H,4H2,1-3H3"	"5-acetyl-2,6-dimethyl-1,2,3,4-tetrahydropyridin-4-one"	150.09209				5.627																																																																																																																																																																																																		
CHEBI:228444	C22H20N2O4	CC(C)(C)C1=CC(=CC(=C1)C(=O)OC2=CN=CC=C2)C(=O)OC3=CN=CC=C3	"InChI=1S/C22H20N2O4/c1-22(2,3)17-11-15(20(25)27-18-6-4-8-23-13-18)10-16(12-17)21(26)28-19-7-5-9-24-14-19/h4-14H,1-3H3"	di(3-pyridyl) 5-(tert-butyl)isophthalate	377.1554				6.121																																																																																																																																																																																																		
CHEBI:17026	C21H30O2	[H][C@@]12CCC3=CC(=O)CC[C@]3(C)[C@@]1([H])CC[C@]1(C)[C@H](CC[C@@]21[H])C(C)=O	"InChI=1S/C21H30O2/c1-13(22)17-6-7-18-16-5-4-14-12-15(23)8-10-20(14,2)19(16)9-11-21(17,18)3/h12,16-19H,4-11H2,1-3H3/t16-,17+,18-,19-,20-,21+/m0/s1"	Progesterone	315.23342				6.291																																																																																																																																																																																																		
CHEBI:15884	C8H15NO	CN1[C@H]2CC[C@@H]1C[C@H](O)C2	"InChI=1S/C8H15NO/c1-9-6-2-3-7(9)5-8(10)4-6/h6-8,10H,2-5H2,1H3/t6-,7+,8+"	Tropine	142.12334				1.392																																																																																																																																																																																																		
CHEBI:228445	C14H27N3O	CC(C)CC1(CCCCC1)CC(=NNC(=O)N)C	"InChI=1S/C14H27N3O/c1-11(2)9-14(7-5-4-6-8-14)10-12(3)16-17-13(15)18/h11H,4-10H2,1-3H3,(H3,15,17,18)"	2-[2-(1-isobutylcyclohexyl)-1-methylethylidene]hydrazine-1-carboxamide	276.20036				6.517																																																																																																																																																																																																		
CHEBI:168044	C17H14O6	O1C2=C(C(=O)C(OC)=C1C3=CC=CC=C3)C(O)=CC(O)=C2OC	"InChI=1S/C17H14O6/c1-21-15-11(19)8-10(18)12-13(20)17(22-2)14(23-16(12)15)9-6-4-3-5-7-9/h3-8,18-19H,1-2H3"	"5,7-dihydroxy-3,8-dimethoxy-2-phenyl-4H-chromen-4-one"	315.08782				6.014																																																																																																																																																																																																		
CHEBI:183675	C13H13NO3	O(CC1=CC=CC=C1)C=2C(=O)C=C(NC2)CO	"InChI=1S/C13H13NO3/c15-8-11-6-12(16)13(7-14-11)17-9-10-4-2-1-3-5-10/h1-7,15H,8-9H2,(H,14,16)"	"5-(benzyloxy)-2-(hydroxymethyl)-1,4-dihydropyridin-4-one"	232.09796				5.695																																																																																																																																																																																																		
CHEBI:228446	C9H10N2O4	C1=CC=NC(=C1)NC(=O)COCC(=O)O	"InChI=1S/C9H10N2O4/c12-8(5-15-6-9(13)14)11-7-3-1-2-4-10-7/h1-4H,5-6H2,(H,13,14)(H,10,11,12)"	2-[2-oxo-2-(2-pyridylamino)ethoxy]acetic acid	211.07245				1.619																																																																																																																																																																																																		
CHEBI:228447	C12H15N5O6	C1C(C(OC1N2C=NC3=C2N=C(N=C3OCC(=O)O)N)CO)O	"InChI=1S/C12H15N5O6/c13-12-15-10-9(11(16-12)22-3-8(20)21)14-4-17(10)7-1-5(19)6(2-18)23-7/h4-7,18-19H,1-3H2,(H,20,21)(H2,13,15,16)"	O6-CM-dG	326.11093				5.378																																																																																																																																																																																																		
CHEBI:190597	C13H19NO9	O(C(C(OC(=O)C)COC(=O)C)C(OC(=O)C)C(=O)N)C(=O)C	"InChI=1S/C13H19NO9/c1-6(15)20-5-10(21-7(2)16)11(22-8(3)17)12(13(14)19)23-9(4)18/h10-12H,5H2,1-4H3,(H2,14,19)"	"2-(acetyloxy)-3-amino-1-[1,2-di(acetyloxy)ethyl]-3-oxopropyl acetate"	334.11255				6.224																																																																																																																																																																																																		
CHEBI:73244	C8H9NO2	COC(=O)c1ccccc1N	"InChI=1S/C8H9NO2/c1-11-8(10)6-4-2-3-5-7(6)9/h2-5H,9H2,1H3"	Methyl-2-aminobenzoate	152.0714				5.407																																																																																																																																																																																																		
CHEBI:182323	C19H21NO4	O(C=1C2=C3C(NCCC3=CC1OC)CC=4C2=CC(OC)=C(O)C4)C	"InChI=1S/C19H21NO4/c1-22-15-9-12-11(7-14(15)21)6-13-17-10(4-5-20-13)8-16(23-2)19(24-3)18(12)17/h7-9,13,20-21H,4-6H2,1-3H3"	"1,2,10-Trimethoxy-5,6,6a,7-tetrahydro-4H-dibenzo[de,g]quinolin-9-ol"	328.15506				6.408																																																																																																																																																																																																		
CHEBI:228448	C13H8ClNO	C1=CC=C(C=C1)C2=C3C=C(C=CC3=NO2)Cl	InChI=1S/C13H8ClNO/c14-10-6-7-12-11(8-10)13(16-15-12)9-4-2-1-3-5-9/h1-8H	5-chloro-3-phenylbenzo[c]isoxazole	230.03824				5.899																																																																																																																																																																																																		
CHEBI:183429	C12H11NO4	O(C(=O)C1C=2C(NC(=O)C1=O)=CC=CC2)CC	"InChI=1S/C12H11NO4/c1-2-17-12(16)9-7-5-3-4-6-8(7)13-11(15)10(9)14/h3-6,9H,2H2,1H3,(H,13,15)"	"ethyl 2,3-dioxo-1,2,3,4-tetrahydroquinoline-4-carboxylate"	234.07234				5.66																																																																																																																																																																																																		
				"3,4-MDEA-d5"	107.08632				6.329																																																																																																																																																																																																		
CHEBI:16411	C10H9NO2	OC(=O)Cc1c[nH]c2ccccc12	"InChI=1S/C10H9NO2/c12-10(13)5-7-6-11-9-4-2-1-3-8(7)9/h1-4,6,11H,5H2,(H,12,13)"	2-(1H-indol-3-yl)acetic acid	176.07137				4.975																																																																																																																																																																																																		
CHEBI:16347	C7H15NO3	C[N+](C)(C)C[C@H](O)CC([O-])=O	"InChI=1S/C7H15NO3/c1-8(2,3)5-6(9)4-7(10)11/h6,9H,4-5H2,1-3H3/t6-/m1/s1"	L-Carnitine	162.11322				5.968																																																																																																																																																																																																		
CHEBI:183426	C10H11NO3	O1C2=C(OCC1)C=CC(NC(=O)C)=C2	"InChI=1S/C10H11NO3/c1-7(12)11-8-2-3-9-10(6-8)14-5-4-13-9/h2-3,6H,4-5H2,1H3,(H,11,12)"	"N1-(2,3-dihydro-1,4-benzodioxin-6-yl)acetamide"	194.08209				5.249																																																																																																																																																																																																		
CHEBI:193016	C9H11NO	O=CNC1=C(C=C(C=C1)C)C	"InChI=1S/C9H11NO/c1-7-3-4-9(10-6-11)8(2)5-7/h3-6H,1-2H3,(H,10,11)"	"N-(2,4-Dimethylphenyl)formamide"	150.09197				4.035																																																																																																																																																																																																		
CHEBI:192540	C20H36O5	O[C@@H]1[C@H]([C@H]([C@H](O)C1)/C=C/[C@@H](O)CCCCC)CCCCCCC(O)=O	"InChI=1S/C20H36O5/c1-2-3-6-9-15(21)12-13-17-16(18(22)14-19(17)23)10-7-4-5-8-11-20(24)25/h12-13,15-19,21-23H,2-11,14H2,1H3,(H,24,25)/b13-12+/t15-,16-,17+,18-,19+/m0/s1"	8-Isoprostaglandin F1Î²	374.29186				5.914																																																																																																																																																																																																		
CHEBI:167561	C10H17N7O5	[H][C@@]12NC(N)=N[C@]11N(CCC1(O)O)C(=N)N(O)[C@H]2COC(N)=O	"InChI=1S/C10H17N7O5/c11-6-14-5-4(3-22-8(13)18)17(21)7(12)16-2-1-9(19,20)10(5,16)15-6/h4-5,12,19-21H,1-3H2,(H2,13,18)(H3,11,14,15)/t4-,5-,10-/m0/s1"	Neosaxitoxin	338.11892				5.876																																																																																																																																																																																																		
CHEBI:37659	C30H48O3	[H][C@@]12CC(C)(C)CC[C@@]1(CC[C@]1(C)C2=CC[C@]2([H])[C@@]3(C)CC[C@H](O)C(C)(C)[C@]3([H])CC[C@@]12C)C(O)=O	"InChI=1S/C30H48O3/c1-25(2)14-16-30(24(32)33)17-15-28(6)19(20(30)18-25)8-9-22-27(5)12-11-23(31)26(3,4)21(27)10-13-29(22,28)7/h8,20-23,31H,9-18H2,1-7H3,(H,32,33)/t20-,21-,22+,23-,27-,28+,29+,30-/m0/s1"	Oleanolic acid	439.35913				5.953																																																																																																																																																																																																		
CHEBI:63866	C18H39N	CCCCCCCCCCCCCCCCCCN	"InChI=1S/C18H39N/c1-2-3-4-5-6-7-8-9-10-11-12-13-14-15-16-17-18-19/h2-19H2,1H3"	Octadecanamine	270.31692				8.241																																																																																																																																																																																																		
CHEBI:192640	C19H19N5OS	S1N=C(N=C1N2CCN(CC2)C(=O)NC3=CC=CC=C3)C4=CC=CC=C4	"InChI=1S/C19H19N5OS/c25-18(20-16-9-5-2-6-10-16)23-11-13-24(14-12-23)19-21-17(22-26-19)15-7-3-1-4-8-15/h1-10H,11-14H2,(H,20,25)"	JNJ-1661010	388.12057				6.294																																																																																																																																																																																																		
CHEBI:45979	C10H7N3S	c1nc(cs1)-c1nc2ccccc2[nH]1	"InChI=1S/C10H7N3S/c1-2-4-8-7(3-1)12-10(13-8)9-5-14-6-11-9/h1-6H,(H,12,13)"	RPH	409.23504				5.236																																																																																																																																																																																																		
CHEBI:63798	C8H8O4	COc1ccc(cc1O)C(O)=O	"InChI=1S/C8H8O4/c1-12-7-3-2-5(8(10)11)4-6(7)9/h2-4,9H,1H3,(H,10,11)"	Isovanillic acid	169.0504				5.016																																																																																																																																																																																																		
CHEBI:183468	C12H20O5	O=C(CCCCCCCC(O)=O)CCC(O)=O	"InChI=1S/C12H20O5/c13-10(8-9-12(16)17)6-4-2-1-3-5-7-11(14)15/h1-9H2,(H,14,15)(H,16,17)"	4-oxododecanedioic acid	267.12164				5.529																																																																																																																																																																																																		
CHEBI:18043	C8H8N2O2	COc1ccn(C)c(=O)c1C#N	"InChI=1S/C8H8N2O2/c1-10-4-3-7(12-2)6(5-9)8(10)11/h3-4H,1-2H3"	Ricinine	165.06644				1.466																																																																																																																																																																																																		
CHEBI:8822	C18H25NO6	C\C=C1\C[C@@H](C)[C@](O)(CO)C(=O)OCC2=CCN3CC[C@@H](OC1=O)[C@@H]23	"InChI=1S/C18H25NO6/c1-3-12-8-11(2)18(23,10-20)17(22)24-9-13-4-6-19-7-5-14(15(13)19)25-16(12)21/h3-4,11,14-15,20,23H,5-10H2,1-2H3/b12-3-/t11-,14-,15-,18-/m1/s1"	Retrorsine	352.17701				5.517																																																																																																																																																																																																		
CHEBI:183774	C14H13N3	N12N=C(C=C1N=C(C=C2C)C)C3=CC=CC=C3	"InChI=1S/C14H13N3/c1-10-8-11(2)17-14(15-10)9-13(16-17)12-6-4-3-5-7-12/h3-9H,1-2H3"	"5,7-dimethyl-2-phenylpyrazolo[1,5-a]pyrimidine"	244.06491				1.656																																																																																																																																																																																																		
CHEBI:9171	C9H9N	Cc1c[nH]c2ccccc12	"InChI=1S/C9H9N/c1-7-6-10-9-5-3-2-4-8(7)9/h2-6,10H,1H3"	Skatole	132.08142				1.974																																																																																																																																																																																																		
CHEBI:64350	C7H15NO2	CCC(C)C(NC)C(O)=O	"InChI=1S/C7H15NO2/c1-4-5(2)6(8-3)7(9)10/h5-6,8H,4H2,1-3H3,(H,9,10)"	N-Methylisoleucine	146.11808				3.113																																																																																																																																																																																																		
CHEBI:27747	C7H16N4O2	N[C@@H](CCCCNC(N)=N)C(O)=O	"InChI=1S/C7H16N4O2/c8-5(6(12)13)3-1-2-4-11-7(9)10/h5H,1-4,8H2,(H,12,13)(H4,9,10,11)/t5-/m0/s1"	Homoarginine	189.13551				1.324																																																																																																																																																																																																		
CHEBI:65408	C20H30O5	[H][C@]12CCC(=C)[C@@H](C\C=C3/[C@H](O)COC3=O)[C@]1(C)CC[C@@H](O)[C@@]2(C)CO	"InChI=1S/C20H30O5/c1-12-4-7-16-19(2,9-8-17(23)20(16,3)11-21)14(12)6-5-13-15(22)10-25-18(13)24/h5,14-17,21-23H,1,4,6-11H2,2-3H3/b13-5+/t14-,15-,16+,17-,19+,20+/m1/s1"	Andrographolide	351.21756				6.014																																																																																																																																																																																																		
CHEBI:183457	C11H11N3O2	O=C1N(C=2C(=CC=CC2)C)C(N)=CC(=O)N1	"InChI=1S/C11H11N3O2/c1-7-4-2-3-5-8(7)14-9(12)6-10(15)13-11(14)16/h2-6H,12H2,1H3,(H,13,15,16)"	"6-amino-1-(2-methylphenyl)-1,2,3,4-tetrahydropyrimidine-2,4-dione"	218.09325				5.284																																																																																																																																																																																																		
CHEBI:28716	C16H30O2	C(CCCCCCC/C=C\CCCCCC)(=O)O	"InChI=1S/C16H30O2/c1-2-3-4-5-6-7-8-9-10-11-12-13-14-15-16(17)18/h7-8H,2-6,9-15H2,1H3,(H,17,18)/b8-7-"	Palmitoleic Acid	277.21738				6.656																																																																																																																																																																																																		
CHEBI:9449	C12H19NO3	CC(C)(C)NCC(O)c1cc(O)cc(O)c1	"InChI=1S/C12H19NO3/c1-12(2,3)13-7-11(16)8-4-9(14)6-10(15)5-8/h4-6,11,13-16H,7H2,1-3H3"	Terbutaline	226.14473				5.802																																																																																																																																																																																																		
CHEBI:34970	C10H17N7O4	NC(=O)OC[C@@H]1NC(=N)N2CCC(O)(O)[C@@]22NC(=N)N[C@@H]12	"InChI=1S/C10H17N7O4/c11-6-15-5-4(3-21-8(13)18)14-7(12)17-2-1-9(19,20)10(5,17)16-6/h4-5,19-20H,1-3H2,(H2,12,14)(H2,13,18)(H3,11,15,16)/t4-,5-,10-/m0/s1"	Saxitoxin	322.12404				5.531																																																																																																																																																																																																		
CHEBI:228449	C13H22NO4+	CC=CC=CC(=O)OC(CC(=O)O)C[N+](C)(C)C	"InChI=1S/C13H21NO4/c1-5-6-7-8-13(17)18-11(9-12(15)16)10-14(2,3)4/h5-8,11H,9-10H2,1-4H3/p+1/b6-5+,8-7+"	CAR 6:2	256.15512				6.07																																																																																																																																																																																																		
CHEBI:174059	C15H14O	O=C(CC1=CC=CC=C1)CC2=CC=CC=C2	"InChI=1S/C15H14O/c16-15(11-13-7-3-1-4-8-13)12-14-9-5-2-6-10-14/h1-10H,11-12H2"	"1,3-Diphenylacetone"	211.10883				4.548																																																																																																																																																																																																		
CHEBI:8665	C9H13N2O2+	CN(C)C(=O)Oc1ccc[n+](C)c1	"InChI=1S/C9H13N2O2/c1-10(2)9(12)13-8-5-4-6-11(3)7-8/h4-7H,1-3H3/q+1"	Pyridostigmine	181.09795				4.858																																																																																																																																																																																																		
CHEBI:73393	C8H14N2O3	C[C@H](N)C(=O)N1CCC[C@H]1C(O)=O	"InChI=1S/C8H14N2O3/c1-5(9)7(11)10-4-2-3-6(10)8(12)13/h5-6H,2-4,9H2,1H3,(H,12,13)/t5-,6-/m0/s1"	L-Alanyl-L-proline	187.10878				1.622																																																																																																																																																																																																		
CHEBI:34704	C33H47N5O8S	CS(O)(=O)=O.[H][C@@]12Cc3c[nH]c4cccc(c34)[C@@]1([H])C[C@H](CN2C)C(=O)N[C@@]1(O[C@]2(O)N([C@@H](C(C)CC)C(=O)N3CCC[C@@]23[H])C1=O)C(C)C	"InChI=1S/C32H43N5O5.CH4O3S/c1-6-18(4)27-29(39)36-12-8-11-25(36)32(41)37(27)30(40)31(42-32,17(2)3)34-28(38)20-13-22-21-9-7-10-23-26(21)19(15-33-23)14-24(22)35(5)16-20;1-5(2,3)4/h7,9-10,15,17-18,20,22,24-25,27,33,41H,6,8,11-14,16H2,1-5H3,(H,34,38);1H3,(H,2,3,4)/t18?,20-,22-,24-,25+,27+,31-,32+;/m1./s1"	Î±-Ergocryptine	576.31905				6.544																																																																																																																																																																																																		
				VLH	368.23082				5.235																																																																																																																																																																																																		
CHEBI:92770	C12H12N2O2	COC1=CC2=C(C=C1)NC3=C2CCNC3=O	"InChI=1S/C12H12N2O2/c1-16-7-2-3-10-9(6-7)8-4-5-13-12(15)11(8)14-10/h2-3,6,14H,4-5H2,1H3,(H,13,15)"	"6-methoxy-2,3,4,9-tetrahydro-1H-beta-carbolin-1-one"	217.09827				6.373																																																																																																																																																																																																		
CHEBI:156288	C14H14O3	COC1=CC(=O)OC(C1)\C=C\C1=CC=CC=C1	"InChI=1S/C14H14O3/c1-16-13-9-12(17-14(15)10-13)8-7-11-5-3-2-4-6-11/h2-8,10,12H,9H2,1H3/b8-7+"	DLK	375.22533				5.053																																																																																																																																																																																																		
CHEBI:228450	C16H11N3OS2	C1C2=CN=C(N=C2C3=C(S1)SC=C3)C4=CC=C(C=C4)C(=O)N	"InChI=1S/C16H11N3OS2/c17-14(20)9-1-3-10(4-2-9)15-18-7-11-8-22-16-12(5-6-21-16)13(11)19-15/h1-7H,8H2,(H2,17,20)"	"4-(5H-thieno[3',2':5,6]thiino[4,3-d]pyrimidin-2-yl)benzamide"	326.03913				5.148																																																																																																																																																																																																		
CHEBI:183741	C12H12O5	O1[C@H]([C@H](O)C(=O)C2=C1C=C(OC2=O)/C=C/C)C	"InChI=1S/C12H12O5/c1-3-4-7-5-8-9(12(15)17-7)11(14)10(13)6(2)16-8/h3-6,10,13H,1-2H3/b4-3+/t6-,10-/m0/s1"	Radicinin	259.05888				5.469																																																																																																																																																																																																		
CHEBI:16962	C21H28O5	[H][C@@]12CCC3=CC(=O)CC[C@]3(C)[C@@]1([H])C(=O)C[C@@]1(C)[C@@]2([H])CC[C@]1(O)C(=O)CO	"InChI=1S/C21H28O5/c1-19-7-5-13(23)9-12(19)3-4-14-15-6-8-21(26,17(25)11-22)20(15,2)10-16(24)18(14)19/h9,14-15,18,22,26H,3-8,10-11H2,1-2H3/t14-,15-,18+,19-,20-,21-/m0/s1"	Cortisone	361.20276				5.962																																																																																																																																																																																																		
				YQH	447.2048				5.629																																																																																																																																																																																																		
CHEBI:228451	C13H16N2O5S	CCOC(=O)C(=CNNC(=O)C1=CC=CS1)C(=O)OCC	"InChI=1S/C13H16N2O5S/c1-3-19-12(17)9(13(18)20-4-2)8-14-15-11(16)10-6-5-7-21-10/h5-8,14H,3-4H2,1-2H3,(H,15,16)"	diethyl 2-{[2-(2-thienylcarbonyl)hydrazino]methylidene}malonate	335.06931				5.215																																																																																																																																																																																																		
CHEBI:228452	C19H22O4	C1=CC(=CC=C1CCCCC(=O)CCC2=CC(=C(C=C2)O)O)O	"InChI=1S/C19H22O4/c20-16(11-7-15-8-12-18(22)19(23)13-15)4-2-1-3-14-5-9-17(21)10-6-14/h5-6,8-10,12-13,21-23H,1-4,7,11H2"	"1-(3,4-dihydroxyphenyl)-7-(4-hydroxyphenyl)heptan-3-one"	337.14459				5.585																																																																																																																																																																																																		
CHEBI:89087	C10H12N2O2	CN1[C@@](CCC1=O)(C2=C[N+](=CC=C2)[O-])[H]	"InChI=1S/C10H12N2O2/c1-11-9(4-5-10(11)13)8-3-2-6-12(14)7-8/h2-3,6-7,9H,4-5H2,1H3/t9-/m0/s1"	Cotinine N-oxide	193.098				3.946																																																																																																																																																																																																		
CHEBI:181296	C17H27NO3	OC1(C(C[N+]([O-])(C)C)C2=CC=C(OC)C=C2)CCCCC1	"InChI=1S/C17H27NO3/c1-18(2,20)13-16(17(19)11-5-4-6-12-17)14-7-9-15(21-3)10-8-14/h7-10,16,19H,4-6,11-13H2,1-3H3"	Venlafaxine N-Oxide	294.20831				5.034																																																																																																																																																																																																		
CHEBI:28591	C7H8O2	COc1ccccc1O	"InChI=1S/C7H8O2/c1-9-7-5-3-2-4-6(7)8/h2-5,8H,1H3"	Guaiacol	124.0513				5.179																																																																																																																																																																																																		
CHEBI:137830	C20H33NO	C(=C\C/C=C\CCCC(N)=O)\C/C=C\C/C=C\CCCCC	"InChI=1S/C20H33NO/c1-2-3-4-5-6-7-8-9-10-11-12-13-14-15-16-17-18-19-20(21)22/h6-7,9-10,12-13,15-16H,2-5,8,11,14,17-19H2,1H3,(H2,21,22)/b7-6-,10-9-,13-12-,16-15-"	Arachidonoyl amide	304.26243				9.691																																																																																																																																																																																																		
CHEBI:64399	C7H8N2O	CNC(=O)c1cccnc1	"InChI=1S/C7H8N2O/c1-8-7(10)6-3-2-4-9-5-6/h2-5H,1H3,(H,8,10)"	N-Methylnicotinamide	137.07169				2.767																																																																																																																																																																																																		
CHEBI:6052	C16H12O7	COc1cc(ccc1O)-c1oc2cc(O)cc(O)c2c(=O)c1O	"InChI=1S/C16H12O7/c1-22-11-4-7(2-3-9(11)18)16-15(21)14(20)13-10(19)5-8(17)6-12(13)23-16/h2-6,17-19,21H,1H3"	IRH	447.25485				6.168																																																																																																																																																																																																		
CHEBI:10136	C17H26O4	CCCCC[C@H](O)CC(=O)CCc1ccc(O)c(OC)c1	"InChI=1S/C17H26O4/c1-3-4-5-6-14(18)12-15(19)9-7-13-8-10-16(20)17(11-13)21-2/h8,10-11,14,18,20H,3-7,9,12H2,1-2H3/t14-/m0/s1"	6-Gingerol	295.19192				5.936																																																																																																																																																																																																		
CHEBI:50205	C7H6O3	[H]C(=O)c1ccc(O)c(O)c1	"InChI=1S/C7H6O3/c8-4-5-1-2-6(9)7(10)3-5/h1-4,9-10H"	"3,4-Dihydroxybenzaldehyde"	139.03961				4.985																																																																																																																																																																																																		
CHEBI:157713	C14H16O3	O1[C@@H](CCC2=CC=CC=C2)CC(OC)=CC1=O	"InChI=1S/C14H16O3/c1-16-13-9-12(17-14(15)10-13)8-7-11-5-3-2-4-6-11/h2-6,10,12H,7-9H2,1H3/t12-/m0/s1"	Dihydrokawain	233.11419				3.105																																																																																																																																																																																																		
CHEBI:16675	C7H5NO4	OC(=O)c1cccnc1C(O)=O	"InChI=1S/C7H5NO4/c9-6(10)4-2-1-3-8-5(4)7(11)12/h1-3H,(H,9,10)(H,11,12)"	"2,3-Pyridinedicarboxylic acid"	168.02992				1.568																																																																																																																																																																																																		
CHEBI:583580	C12H16O5	COc1cc(CCC(O)=O)cc(OC)c1OC	"InChI=1S/C12H16O5/c1-15-9-6-8(4-5-11(13)14)7-10(16-2)12(9)17-3/h6-7H,4-5H2,1-3H3,(H,13,14)"	"3-(3,4,5-trimethoxyphenyl)propanoic acid"	263.09023				6.441																																																																																																																																																																																																		
CHEBI:192623	C15H12O3	O(C1=C2C=3C(=C(OC)C=C2)C=CC(=O)C3C=C1)C	"InChI=1S/C15H12O3/c1-17-13-7-4-9-12(16)6-3-10-14(18-2)8-5-11(13)15(9)10/h3-8H,1-2H3"	"4,7-dimethoxy-1H-phenalen-1-one"	241.08718				5.766																																																																																																																																																																																																		
CHEBI:18257	C5H12N2O2	NCCCC(N)C(O)=O	"InChI=1S/C5H12N2O2/c6-3-1-2-4(7)5(8)9/h4H,1-3,6-7H2,(H,8,9)"	Ornithine	133.09783				1.146																																																																																																																																																																																																		
CHEBI:41308	C13H10O	O=C(C1=CC=CC=C1)C1=CC=CC=C1	InChI=1S/C13H10O/c14-13(11-7-3-1-4-8-11)12-9-5-2-6-10-12/h1-10H	Benzophenone	165.07061				6.155																																																																																																																																																																																																		
CHEBI:170021	C13H10N2O	O=C1NC=2C(C=3C(N1)=CC=CC3)=CC=CC2	"InChI=1S/C13H10N2O/c16-13-14-11-7-3-1-5-9(11)10-6-2-4-8-12(10)15-13/h1-8H,(H2,14,15,16)"	"6,7-dihydro-5H-dibenzo[d,f][1,3]diazepin-6-one"	211.08763				5.323																																																																																																																																																																																																		
CHEBI:7602	C21H22O8	COc1ccc(cc1OC)-c1cc(=O)c2c(OC)c(OC)c(OC)c(OC)c2o1	"InChI=1S/C21H22O8/c1-23-13-8-7-11(9-15(13)24-2)14-10-12(22)16-17(25-3)19(26-4)21(28-6)20(27-5)18(16)29-14/h7-10H,1-6H3"	Nobiletin	425.12577				5.503																																																																																																																																																																																																		
CHEBI:228453	C14H7ClF3N3O	C1=CC(=CC(=C1)Cl)C2=NN=C(O2)C3=C(C=CN=C3)C(F)(F)F	"InChI=1S/C14H7ClF3N3O/c15-9-3-1-2-8(6-9)12-20-21-13(22-12)10-7-19-5-4-11(10)14(16,17)18/h1-7H"	"2-(3-chlorophenyl)-5-[4-(trifluoromethyl)-3-pyridyl]-1,3,4-oxadiazole"	326.02893				5.856																																																																																																																																																																																																		
CHEBI:182179	C11H15N5O4	O1C(N2C3=NC=NC(NC)=C3N=C2)C(O)C(O)C1CO	"InChI=1S/C11H15N5O4/c1-12-9-6-10(14-3-13-9)16(4-15-6)11-8(19)7(18)5(2-17)20-11/h3-5,7-8,11,17-19H,2H2,1H3,(H,12,13,14)"	N6-Me-Adenosine	282.11733				5.762																																																																																																																																																																																																		
CHEBI:190588	C21H34O4	O[C@H]1[C@@H]([C@@]2([C@](C1)(C\C(\C2)=C/CCCC(O)=O)[H])[H])/C=C/[C@@H](O)CCCCC	"InChI=1S/C21H34O4/c1-2-3-4-8-17(22)10-11-18-19-13-15(7-5-6-9-21(24)25)12-16(19)14-20(18)23/h7,10-11,16-20,22-23H,2-6,8-9,12-14H2,1H3,(H,24,25)/b11-10+,15-7+/t16-,17-,18+,19-,20+/m0/s1"	Carbaprostacyclin	333.24408				6.07																																																																																																																																																																																																		
CHEBI:190622	C21H40NO4	O(C(C[N+](C)(C)C)CC(O)=O)C(=O)CCCCCCC/C=C/CCCC	"InChI=1S/C21H39NO4/c1-5-6-7-8-9-10-11-12-13-14-15-16-21(25)26-19(17-20(23)24)18-22(2,3)4/h8-9,19H,5-7,10-18H2,1-4H3/p+1/b9-8+"	CAR 14:1	370.29693				6.935																																																																																																																																																																																																		
CHEBI:172338	C15H23NO2	OC1(C(CCCC1)CNC)C2=CC(OC)=CC=C2	"InChI=1S/C15H23NO2/c1-16-11-13-6-3-4-9-15(13,17)12-7-5-8-14(10-12)18-2/h5,7-8,10,13,16-17H,3-4,6,9,11H2,1-2H3"	N-Desmethyltramadol	250.17911				10.132																																																																																																																																																																																																		
CHEBI:228454	C18H16F2N2O	C1CN(CC1C2=NC3=CC=CC=C3O2)CC4=CC(=C(C=C4)F)F	"InChI=1S/C18H16F2N2O/c19-14-6-5-12(9-15(14)20)10-22-8-7-13(11-22)18-21-16-3-1-2-4-17(16)23-18/h1-6,9,13H,7-8,10-11H2/t13-/m0/s1"	"2-[(3S)-1-(3,4-Difluorobenzyl)-3-pyrrolidinyl]-1,3-benzoxazole"	315.13589				5.902																																																																																																																																																																																																		
CHEBI:125678	C10H13NO3	CC(=O)NCCC1=CC(=C(C=C1)O)O	"InChI=1S/C10H13NO3/c1-7(12)11-5-4-8-2-3-9(13)10(14)6-8/h2-3,6,13-14H,4-5H2,1H3,(H,11,12)"	N-Acetyldopamine	196.09764				1.432																																																																																																																																																																																																		
CHEBI:228455	C9H11N5S	C1CSCCN1C2=NN3C=NN=C3C=C2	"InChI=1S/C9H11N5S/c1-2-9(13-3-5-15-6-4-13)12-14-7-10-11-8(1)14/h1-2,7H,3-6H2"	"4-[1,2,4]triazolo[4,3-b]pyridazin-6-ylthiomorpholine"	222.07703				5.469																																																																																																																																																																																																		
CHEBI:183757	C13H10N2O2	O=C(CC(=O)C=1C=CC=NC1)C=2C=CC=NC2	"InChI=1S/C13H10N2O2/c16-12(10-3-1-5-14-8-10)7-13(17)11-4-2-6-15-9-11/h1-6,8-9H,7H2"	"1,3-dipyridin-3-ylpropane-1,3-dione"	103.05505				6.018																																																																																																																																																																																																		
CHEBI:228456	C19H24N2O3	CN(CCO)C1=CC=C(C=C1)C(=O)C2=CC=C(C=C2)N(C)CCO	"InChI=1S/C19H24N2O3/c1-20(11-13-22)17-7-3-15(4-8-17)19(24)16-5-9-18(10-6-16)21(2)12-14-23/h3-10,22-23H,11-14H2,1-2H3"	di{4-[(2-hydroxyethyl)(methyl)amino]phenyl}methanone	329.18712				6.583																																																																																																																																																																																																		
CHEBI:228457	C15H31NO3	CCCCCCCCCCC(C(CO)NC(=O)C)O	"InChI=1S/C15H31NO3/c1-3-4-5-6-7-8-9-10-11-15(19)14(12-17)16-13(2)18/h14-15,17,19H,3-12H2,1-2H3,(H,16,18)"	Cer 13:0;2O/2:0	274.23901				5.87																																																																																																																																																																																																		
CHEBI:17768	C6H14N2O	CC(=O)NCCCCN	"InChI=1S/C6H14N2O/c1-6(9)8-5-3-2-4-7/h2-5,7H2,1H3,(H,8,9)"	N-Acetylputrescine	114.09207				4.824																																																																																																																																																																																																		
CHEBI:144783	C24H24F3N5O3S	CS(C1=CC(CNC2=NC(NC3=CC=C4N(C(CC4=C3)=O)C(C)C)=NC=C2C(F)(F)F)=CC=C1)(=O)=O	"InChI=1S/C24H24F3N5O3S/c1-14(2)32-20-8-7-17(10-16(20)11-21(32)33)30-23-29-13-19(24(25,26)27)22(31-23)28-12-15-5-4-6-18(9-15)36(3,34)35/h4-10,13-14H,11-12H2,1-3H3,(H2,28,29,30,31)"	EPK	373.21138				6.594																																																																																																																																																																																																		
CHEBI:84940	C20H38O2	CCCCCCCC\C=C/CCCCCCCC(=O)OCC	"InChI=1S/C20H38O2/c1-3-5-6-7-8-9-10-11-12-13-14-15-16-17-18-19-20(21)22-4-2/h11-12H,3-10,13-19H2,1-2H3/b12-11-"	Ethyl oleate	311.29615				8.276																																																																																																																																																																																																		
CHEBI:228458	C11H8ClN3O	C1=CC(=CC=C1C(=O)NC2=NC=CN=C2)Cl	"InChI=1S/C11H8ClN3O/c12-9-3-1-8(2-4-9)11(16)15-10-7-13-5-6-14-10/h1-7H,(H,14,15,16)"	N1-pyrazin-2-yl-4-chlorobenzamide	216.03358				2.3																																																																																																																																																																																																		
CHEBI:17780	C11H12N2O3	N[C@H](C(=O)O)CC=1C2=C(NC1)C=CC(=C2)O	"InChI=1S/C11H12N2O3/c12-9(11(15)16)3-6-5-13-10-2-1-7(14)4-8(6)10/h1-2,4-5,9,13-14H,3,12H2,(H,15,16)/t9-/m0/s1"	L-5-Hydroxytryptophan	221.0934				5.128																																																																																																																																																																																																		
CHEBI:3291	C20H28O3	[C@]123[C@]([H])([C@@]4(C)[C@@](C5=C(CC4)OC=C5)(CC1)[H])CC[C@H](C2)[C@@](C3)(O)CO	"InChI=1S/C20H28O3/c1-18-7-5-16-14(6-9-23-16)15(18)4-8-19-10-13(2-3-17(18)19)20(22,11-19)12-21/h6,9,13,15,17,21-22H,2-5,7-8,10-12H2,1H3/t13-,15-,17+,18-,19+,20+/m1/s1"	Cafestol	317.21237				6.645																																																																																																																																																																																																		
CHEBI:27399	C5H8ClN5	CCNc1nc(N)nc(Cl)n1	"InChI=1S/C5H8ClN5/c1-2-8-5-10-3(6)9-4(7)11-5/h2H2,1H3,(H3,7,8,9,10,11)"	Deisopropylatrazine	174.05572				2.998																																																																																																																																																																																																		
CHEBI:190077	C21H42O3S	S([C@@H](COCCCCCCCCCCCCCCCC)CO)C(=O)C	"InChI=1S/C21H42O3S/c1-3-4-5-6-7-8-9-10-11-12-13-14-15-16-17-24-19-21(18-22)25-20(2)23/h21-22H,3-19H2,1-2H3/t21-/m1/s1"	2-Thio-acetyl MAGE	397.27326				6.815																																																																																																																																																																																																		
CHEBI:183460	C12H13NO2	OC1=C(C(=O)N(C=2C1=CC=CC2)C)CC	"InChI=1S/C12H13NO2/c1-3-8-11(14)9-6-4-5-7-10(9)13(2)12(8)15/h4-7,14H,3H2,1-2H3"	"3-ethyl-4-hydroxy-1-methyl-1,2-dihydroquinolin-2-one"	204.103				5.054																																																																																																																																																																																																		
CHEBI:228459	C20H34O3	CC(=CCCC(=CC(CC(=CC(CC(C)(C=C)O)O)C)O)C)C	"InChI=1S/C20H34O3/c1-7-20(6,23)14-19(22)13-17(5)12-18(21)11-16(4)10-8-9-15(2)3/h7,9,11,13,18-19,21-23H,1,8,10,12,14H2,2-6H3/b16-11+,17-13+"	"(6E,10E)-3,7,11,15-tetramethylhexadeca-1,6,10,14-tetraene-3,5,9-triol"	340.28617				6.332																																																																																																																																																																																																		
CHEBI:228460	C8H13ClN2O	C1CN2CCC1C(C2)(C#N)O.Cl	"InChI=1S/C8H12N2O.ClH/c9-5-8(11)6-10-3-1-7(8)2-4-10;/h7,11H,1-4,6H2;1H"	3-hydroxyquinuclidine-3-carbonitrile hydrochloride	153.10288				5.91																																																																																																																																																																																																		
CHEBI:16032	C19H30O2	[H][C@@]12CCC(=O)[C@@]1(C)CC[C@@]1([H])[C@@]2([H])CC[C@@]2([H])C[C@H](O)CC[C@]12C	"InChI=1S/C19H30O2/c1-18-9-7-13(20)11-12(18)3-4-14-15-5-6-17(21)19(15,2)10-8-16(14)18/h12-16,20H,3-11H2,1-2H3/t12-,13+,14-,15-,16-,18-,19-/m0/s1"	Androsterone	273.22247				6.31																																																																																																																																																																																																		
CHEBI:228461	C15H14N4O	CC1=C(C=C(C=C1)CC2=NNN=N2)OC3=CC=CC=C3	"InChI=1S/C15H14N4O/c1-11-7-8-12(10-15-16-18-19-17-15)9-14(11)20-13-5-3-2-4-6-13/h2-9H,10H2,1H3,(H,16,17,18,19)"	WQH	470.21946				5.549																																																																																																																																																																																																		
CHEBI:34611	C12H15NO3	CNC(=O)Oc1cccc2CC(C)(C)Oc12	"InChI=1S/C12H15NO3/c1-12(2)7-8-5-4-6-9(10(8)16-12)15-11(14)13-3/h4-6H,7H2,1-3H3,(H,13,14)"	Carbofuran	222.11351				5.586																																																																																																																																																																																																		
CHEBI:228462	C22H15NO2	C1=CC=C(C=C1)CC2=C(C3=CC=CC4=C3N(C2=O)C5=CC=CC=C45)O	"InChI=1S/C22H15NO2/c24-21-17-11-6-10-16-15-9-4-5-12-19(15)23(20(16)17)22(25)18(21)13-14-7-2-1-3-8-14/h1-12,24H,13H2"	"5-benzyl-4-hydroxy-6H-pyrido[3,2,1-jk]carbazol-6-one"	348.10327				5.568																																																																																																																																																																																																		
CHEBI:34477	C19H28O3	[H][C@@]12C[C@@H](O)C3=CC(=O)CC[C@]3(C)[C@@]1([H])CC[C@]1(C)[C@@H](O)CC[C@@]21[H]	"InChI=1S/C19H28O3/c1-18-7-5-11(20)9-15(18)16(21)10-12-13-3-4-17(22)19(13,2)8-6-14(12)18/h9,12-14,16-17,21-22H,3-8,10H2,1-2H3/t12-,13-,14-,16+,17-,18+,19-/m0/s1"	6beta-Hydroxytestosterone	305.21238				5.861																																																																																																																																																																																																		
CHEBI:190564	C17H19N5	N1(CCC(N2N=NC3=C2N=CC=C3)CC1)CC4=CC=CC=C4	"InChI=1S/C17H19N5/c1-2-5-14(6-3-1)13-21-11-8-15(9-12-21)22-17-16(19-20-22)7-4-10-18-17/h1-7,10,15H,8-9,11-13H2"	"3-(1-benzylpiperidin-4-yl)-3H-[1,2,3]triazolo[4,5-b]pyridine"	294.17138				5.435																																																																																																																																																																																																		
CHEBI:183498	C17H9ClF6O3	ClC1=CC=C(C(=O)COC(=O)C2=C(C=CC=C2C(F)(F)F)C(F)(F)F)C=C1	"InChI=1S/C17H9ClF6O3/c18-10-6-4-9(5-7-10)13(25)8-27-15(26)14-11(16(19,20)21)2-1-3-12(14)17(22,23)24/h1-7H,8H2"	"2-(4-chlorophenyl)-2-oxoethyl 2,6-bis(trifluoromethyl)benzoate"	411.01978				6.989																																																																																																																																																																																																		
CHEBI:490095	C9H6O4	Oc1cc2ccc(=O)oc2cc1O	"InChI=1S/C9H6O4/c10-6-3-5-1-2-9(12)13-8(5)4-7(6)11/h1-4,10-11H"	Esculetin	179.03474				5.228																																																																																																																																																																																																		
CHEBI:16226	C26H30O8	[H][C@]12CC(=O)OC[C@]11[C@@]3([H])CC[C@@]4(C)[C@@H](OC(=O)[C@H]5O[C@@]45[C@]3(C)C(=O)C[C@@]1([H])C(C)(C)O2)c1ccoc1	"InChI=1S/C26H30O8/c1-22(2)15-9-16(27)24(4)14(25(15)12-31-18(28)10-17(25)33-22)5-7-23(3)19(13-6-8-30-11-13)32-21(29)20-26(23,24)34-20/h6,8,11,14-15,17,19-20H,5,7,9-10,12H2,1-4H3/t14-,15-,17-,19-,20+,23-,24-,25+,26+/m0/s1"	Limonin	453.1907				6.924																																																																																																																																																																																																		
CHEBI:67376	C16H14O5	COc1c(O)cc2OC(CC(=O)c2c1O)c1ccccc1	"InChI=1S/C16H14O5/c1-20-16-11(18)8-13-14(15(16)19)10(17)7-12(21-13)9-5-3-2-4-6-9/h2-6,8,12,18-19H,7H2,1H3"	"5,7-dihydroxy-6-methoxy-2-phenyl-3,4-dihydro-2H-1-benzopyran-4-one"	287.09285				6.312																																																																																																																																																																																																		
CHEBI:135741	C30H48O3	C[C@@]12[C@@]3([C@]([C@]4([C@@](CC3)(C)[C@H](CC4)OC(CCCCCCCCCC)=O)[H])(CCC1=CC(CC2)=O)[H])[H]	"InChI=1S/C30H48O3/c1-4-5-6-7-8-9-10-11-12-28(32)33-27-16-15-25-24-14-13-22-21-23(31)17-19-29(22,2)26(24)18-20-30(25,27)3/h21,24-27H,4-20H2,1-3H3/t24-,25-,26-,27-,29-,30-/m0/s1"	Testosterone undecanoate	457.36973				5.951																																																																																																																																																																																																		
CHEBI:190650	C20H22N2O3	OCC1(CCCC)C(=O)N(N(C1=O)C2=CC=CC=C2)C3=CC=CC=C3	"InChI=1S/C20H22N2O3/c1-2-3-14-20(15-23)18(24)21(16-10-6-4-7-11-16)22(19(20)25)17-12-8-5-9-13-17/h4-13,23H,2-3,14-15H2,1H3"	"4-butyl-4-(hydroxymethyl)-1,2-diphenylpyrazolidine-3,5-dione"	377.12785				5.987																																																																																																																																																																																																		
CHEBI:27266	C5H11NO2	CC(C)C(N)C(O)=O	"InChI=1S/C5H11NO2/c1-3(2)4(6)5(7)8/h3-4H,6H2,1-2H3,(H,7,8)"	Valine	101.06053				1.407																																																																																																																																																																																																		
CHEBI:2637	C22H43N5O13	NCC[C@H](O)C(=O)N[C@@H]1C[C@H](N)[C@@H](O[C@H]2O[C@H](CN)[C@@H](O)[C@H](O)[C@H]2O)[C@H](O)[C@H]1O[C@H]1O[C@H](CO)[C@@H](O)[C@H](N)[C@H]1O	"InChI=1S/C22H43N5O13/c23-2-1-8(29)20(36)27-7-3-6(25)18(39-22-16(34)15(33)13(31)9(4-24)37-22)17(35)19(7)40-21-14(32)11(26)12(30)10(5-28)38-21/h6-19,21-22,28-35H,1-5,23-26H2,(H,27,36)/t6-,7+,8-,9+,10+,11-,12+,13+,14+,15-,16+,17-,18+,19-,21+,22+/m0/s1"	Amikacin	586.28821				5.111																																																																																																																																																																																																		
CHEBI:228463	C18H17F2N3	C1CN(CC1C2=NC3=C(N2)C=C(C=C3)F)CC4=CC=CC=C4F	"InChI=1S/C18H17F2N3/c19-14-5-6-16-17(9-14)22-18(21-16)13-7-8-23(11-13)10-12-3-1-2-4-15(12)20/h1-6,9,13H,7-8,10-11H2,(H,21,22)/t13-/m0/s1"	5-Fluoro-2-[(3S)-1-(2-fluorobenzyl)-3-pyrrolidinyl]-1H-benzimidazole	314.14362				5.651																																																																																																																																																																																																		
CHEBI:183422	C13H12N2O2	ON1C=2CCCC(=O)C2N=C1C3=CC=CC=C3	"InChI=1S/C13H12N2O2/c16-11-8-4-7-10-12(11)14-13(15(10)17)9-5-2-1-3-6-9/h1-3,5-6,17H,4,7-8H2"	"1-hydroxy-2-phenyl-1,5,6,7-tetrahydro-4H-benzimidazol-4-one"	229.09833				5.165																																																																																																																																																																																																		
CHEBI:182331	C12H15NO4	OC(=O)C(NC(=O)C)CC1=CC=C(OC)C=C1	"InChI=1S/C12H15NO4/c1-8(14)13-11(12(15)16)7-9-3-5-10(17-2)6-4-9/h3-6,11H,7H2,1-2H3,(H,13,14)(H,15,16)"	2-acetamido-3-(4-methoxyphenyl)propanoic acid	238.10859				5.118																																																																																																																																																																																																		
CHEBI:228464	C19H18N2O2S	C1CN(CC1C2=NC3=CC=CC=C3S2)C(=O)COC4=CC=CC=C4	"InChI=1S/C19H18N2O2S/c22-18(13-23-15-6-2-1-3-7-15)21-11-10-14(12-21)19-20-16-8-4-5-9-17(16)24-19/h1-9,14H,10-13H2/t14-/m0/s1"	"1-[(3S)-3-(1,3-Benzothiazol-2-yl)-1-pyrrolidinyl]-2-phenoxyethanone"	321.11115				5.606																																																																																																																																																																																																		
CHEBI:228465	C6H7NO3S	CC1=C(C=NC=C1)S(=O)(=O)O	"InChI=1S/C6H7NO3S/c1-5-2-3-7-4-6(5)11(8,9)10/h2-4H,1H3,(H,8,9,10)"	4-methylpyridine-3-sulfonic acid	174.02284				5.155																																																																																																																																																																																																		
CHEBI:100246	C16H18FN3O3	CCn1cc(C(O)=O)c(=O)c2cc(F)c(cc12)N1CCNCC1	"InChI=1S/C16H18FN3O3/c1-2-19-9-11(16(22)23)15(21)10-7-12(17)14(8-13(10)19)20-5-3-18-4-6-20/h7-9,18H,2-6H2,1H3,(H,22,23)"	Norfloxacin	320.13659				6.01																																																																																																																																																																																																		
CHEBI:183453	C10H13NO3	O(C=1C=C(C=CC1OC)/C(=N\O)/C)C	"InChI=1S/C10H13NO3/c1-7(11-12)8-4-5-9(13-2)10(6-8)14-3/h4-6,12H,1-3H3/b11-7-"	"1-(3,4-dimethoxyphenyl)ethan-1-one oxime"	196.09767				5.479																																																																																																																																																																																																		
CHEBI:132364	C9H10O4	C(=O)(C1=CC(=C(C=C1)O)O)OCC	"InChI=1S/C9H10O4/c1-2-13-9(12)6-3-4-7(10)8(11)5-6/h3-5,10-11H,2H2,1H3"	Ethyl protocatechuate	183.06625				5.589																																																																																																																																																																																																		
CHEBI:228466	C18H19N3O2S	C1CC1C2=C(SCC2)C3=CN=C(C(=N3)C4=CC=C(CC4)C(=O)O)N	"InChI=1S/C18H19N3O2S/c19-17-15(11-3-5-12(6-4-11)18(22)23)21-14(9-20-17)16-13(7-8-24-16)10-1-2-10/h3,5,9-10H,1-2,4,6-8H2,(H2,19,20)(H,22,23)"	EQH	395.16954				6.685																																																																																																																																																																																																		
CHEBI:228467	C13H8ClN5O2S	C1=CC(=C(N=C1)SC2=NNC(=N2)C3=CC=C(C=C3)Cl)[N+](=O)[O-]	"InChI=1S/C13H8ClN5O2S/c14-9-5-3-8(4-6-9)11-16-13(18-17-11)22-12-10(19(20)21)2-1-7-15-12/h1-7H,(H,16,17,18)"	"2-{[5-(4-chlorophenyl)-4H-1,2,4-triazol-3-yl]thio}-3-nitropyridine"	334.01572				4.684																																																																																																																																																																																																		
CHEBI:18095	C5H9NO3	[C@H]1(C[C@@H](O)CN1)C(O)=O	"InChI=1S/C5H9NO3/c7-3-1-4(5(8)9)6-2-3/h3-4,6-7H,1-2H2,(H,8,9)/t3-,4+/m1/s1"	trans-4-Hydroxy-L-proline	132.06632				1.64																																																																																																																																																																																																		
CHEBI:228468	C9H7F3N4O	COC1=NC=C(C(=C1)C(F)(F)F)C2=NC=NN2	"InChI=1S/C9H7F3N4O/c1-17-7-2-6(9(10,11)12)5(3-13-7)8-14-4-15-16-8/h2-4H,1H3,(H,14,15,16)"	"2-methoxy-5-(1H-1,2,4-triazol-5-yl)-4-(trifluoromethyl)pyridine"	245.0645				4.876																																																																																																																																																																																																		
CHEBI:15851	C7H9N3O4	N[C@@H](Cn1ccc(=O)[nH]c1=O)C(O)=O	"InChI=1S/C7H9N3O4/c8-4(6(12)13)3-10-2-1-5(11)9-7(10)14/h1-2,4H,3,8H2,(H,12,13)(H,9,11,14)/t4-/m0/s1"	Willardiine	200.0679				1.546																																																																																																																																																																																																		
CHEBI:228469	C18H16F2N2S	C1CN(CC1C2=NC3=CC=CC=C3S2)CC4=CC(=C(C=C4)F)F	"InChI=1S/C18H16F2N2S/c19-14-6-5-12(9-15(14)20)10-22-8-7-13(11-22)18-21-16-3-1-2-4-17(16)23-18/h1-6,9,13H,7-8,10-11H2/t13-/m0/s1"	"2-[(3S)-1-(3,4-Difluorobenzyl)-3-pyrrolidinyl]-1,3-benzothiazole"	331.10821				5.383																																																																																																																																																																																																		
CHEBI:34450	C20H32O3	CCCCC\C=C/C\C=C/C\C=C/CC1OC1CCCC(O)=O	"InChI=1S/C20H32O3/c1-2-3-4-5-6-7-8-9-10-11-12-13-15-18-19(23-18)16-14-17-20(21)22/h6-7,9-10,12-13,18-19H,2-5,8,11,14-17H2,1H3,(H,21,22)/b7-6-,10-9-,13-12-"	(+/-)5(6)-EET	303.23318				6.427																																																																																																																																																																																																		
CHEBI:73580	C11H20N2O3	CC(C)C[C@H](N)C(=O)N1CCC[C@H]1C(O)=O	"InChI=1S/C11H20N2O3/c1-7(2)6-8(12)10(14)13-5-3-4-9(13)11(15)16/h7-9H,3-6,12H2,1-2H3,(H,15,16)/t8-,9-/m0/s1"	Leucylproline	229.15566				5.384																																																																																																																																																																																																		
CHEBI:15550	C20H32O5	CCCCCC(=O)CC[C@H]1[C@H](O)CC(=O)[C@@H]1C\C=C/CCCC(O)=O	"InChI=1S/C20H32O5/c1-2-3-6-9-15(21)12-13-17-16(18(22)14-19(17)23)10-7-4-5-8-11-20(24)25/h4,7,16-17,19,23H,2-3,5-6,8-14H2,1H3,(H,24,25)/b7-4-/t16-,17-,19-/m1/s1"	"13,14-Dihydro-15-keto Prostaglandin E2"	370.26043				5.734																																																																																																																																																																																																		
CHEBI:228470	C15H12O4	C1C(OC(=O)C2=C1C=CC=C2O)C3=CC=C(C=C3)O	"InChI=1S/C15H12O4/c16-11-6-4-9(5-7-11)13-8-10-2-1-3-12(17)14(10)15(18)19-13/h1-7,13,16-17H,8H2/t13-/m1/s1"	"(3R)-8-hydroxy-3-(4-hydroxyphenyl)-3,4-dihydro-1H-2-benzopyran-1-one"	257.08204				5.737																																																																																																																																																																																																		
				Linolelaidic Acid (C18:2N6T)	281.24887				6.819																																																																																																																																																																																																		
CHEBI:31575	C9H10O3	C(=O)(C1=CC=C(C=C1)O)OCC	"InChI=1S/C9H10O3/c1-2-12-9(11)7-3-5-8(10)6-4-7/h3-6,10H,2H2,1H3"	Ethyl paraben	167.07117				6.826																																																																																																																																																																																																		
CHEBI:228471	C14H15NO2	CC1=C(C2=CC=CC=C2O1)CC(=O)NCC=C	"InChI=1S/C14H15NO2/c1-3-8-15-14(16)9-12-10(2)17-13-7-5-4-6-11(12)13/h3-7H,1,8-9H2,2H3,(H,15,16)"	N-allyl-2-(2-methyl-1-benzofuran-3-yl)acetamide	230.11452				2.246																																																																																																																																																																																																		
CHEBI:74514	C6H7N3O	NC(=O)c1ccc(N)nc1	"InChI=1S/C6H7N3O/c7-5-2-1-4(3-9-5)6(8)10/h1-3H,(H2,7,9)(H2,8,10)"	6-Aminonicotinamide	275.12471				1.617																																																																																																																																																																																																		
CHEBI:6084	C11H16O	CC\C=C/CC1=C(C)CCC1=O	"InChI=1S/C11H16O/c1-3-4-5-6-10-9(2)7-8-11(10)12/h4-5H,3,6-8H2,1-2H3/b5-4-"	Jasmone	165.12823				6.288																																																																																																																																																																																																		
CHEBI:28157	C15H12O4	Oc1cc(O)c2C(=O)C[C@H](Oc2c1)c1ccccc1	"InChI=1S/C15H12O4/c16-10-6-11(17)15-12(18)8-13(19-14(15)7-10)9-4-2-1-3-5-9/h1-7,13,16-17H,8H2/t13-/m0/s1"	Pinocembrin	257.08213				5.887																																																																																																																																																																																																		
CHEBI:228472	C7H10N4O	COC1=NC(=NC(=N1)N)C2CC2	"InChI=1S/C7H10N4O/c1-12-7-10-5(4-2-3-4)9-6(8)11-7/h4H,2-3H2,1H3,(H2,8,9,10,11)"	"4-cyclopropyl-6-methoxy-1,3,5-triazin-2-amine"	167.09355				1.401																																																																																																																																																																																																		
CHEBI:228473	C25H30N4O	C1CCC2=NC3=CC=CC=C3C(=C2C1)NCCCCCCNC(=O)C4=CN=CC=C4	"InChI=1S/C25H30N4O/c30-25(19-10-9-15-26-18-19)28-17-8-2-1-7-16-27-24-20-11-3-5-13-22(20)29-23-14-6-4-12-21(23)24/h3,5,9-11,13,15,18H,1-2,4,6-8,12,14,16-17H2,(H,27,29)(H,28,30)"	TNH	371.17158				6.018																																																																																																																																																																																																		
CHEBI:34146	C20H32O3	CCCCC\C=C/C[C@H](O)\C=C\C=C/C\C=C/CCCC(O)=O	"InChI=1S/C20H32O3/c1-2-3-4-5-10-13-16-19(21)17-14-11-8-6-7-9-12-15-18-20(22)23/h7-11,13-14,17,19,21H,2-6,12,15-16,18H2,1H3,(H,22,23)/b9-7-,11-8-,13-10-,17-14+/t19-/m0/s1"	12(S)-HETE	321.24396				5.978																																																																																																																																																																																																		
				N-Phenyloxazol-5-(3-(trifluoromethyl)phenyl)oxazol-2-amine	305.08735				3.038																																																																																																																																																																																																		
CHEBI:183723	C13H24O5	OC(C(CCCCCCCC)C(O)=O)CC(O)=O	"InChI=1S/C13H24O5/c1-2-3-4-5-6-7-8-10(13(17)18)11(14)9-12(15)16/h10-11,14H,2-9H2,1H3,(H,15,16)(H,17,18)"	3-hydroxy-2-octylpentanedioic acid	243.16024				6.123																																																																																																																																																																																																		
CHEBI:46372	C19H26O4	COC1=C(OC)C(=O)C(C\C=C(/C)CCC=C(C)C)=C(C)C1=O	"InChI=1S/C19H26O4/c1-12(2)8-7-9-13(3)10-11-15-14(4)16(20)18(22-5)19(23-6)17(15)21/h8,10H,7,9,11H2,1-6H3/b13-10+"	Coenzyme Q2	319.19034				6.297																																																																																																																																																																																																		
CHEBI:114194	C16H12O3	COC1=CC=C(C=C1)C2=CC(=O)C3=CC=CC=C3O2	"InChI=1S/C16H12O3/c1-18-12-8-6-11(7-9-12)16-10-14(17)13-4-2-3-5-15(13)19-16/h2-10H,1H3"	4'-Methoxyflavone	253.0874				5.577																																																																																																																																																																																																		
CHEBI:183734	C9H9NO4	O1C2=C(OCC1)C=C([N+]([O-])=O)C(=C2)C	"InChI=1S/C9H9NO4/c1-6-4-8-9(14-3-2-13-8)5-7(6)10(11)12/h4-5H,2-3H2,1H3"	"6-methyl-7-nitro-2,3-dihydro-1,4-benzodioxine"	178.05084				5.13																																																																																																																																																																																																		
CHEBI:16831	C6H10O5	CC(O)(CC(O)=O)CC(O)=O	"InChI=1S/C6H10O5/c1-6(11,2-4(7)8)3-5(9)10/h11H,2-3H2,1H3,(H,7,8)(H,9,10)"	3-hydroxy-3-methylpentanedioic acid	185.04326				1.201																																																																																																																																																																																																		
CHEBI:89187	C14H20O2	C1=C(C(=O)C(=CC1=O)C(C)(C)C)C(C)(C)C	"InChI=1S/C14H20O2/c1-13(2,3)10-7-9(15)8-11(12(10)16)14(4,5)6/h7-8H,1-6H3"	"2,6-Di-tert-butyl-1,4-benzoquinone"	221.15465				6.896																																																																																																																																																																																																		
CHEBI:228474	C17H13NOS	CC1=CC=C(C=C1)C2=CN=C(SC2=O)C3=CC=CC=C3	"InChI=1S/C17H13NOS/c1-12-7-9-13(10-8-12)15-11-18-16(20-17(15)19)14-5-3-2-4-6-14/h2-11H,1H3"	"5-(4-methylphenyl)-2-phenyl-6H-1,3-thiazin-6-one"	280.07489				5.551																																																																																																																																																																																																		
CHEBI:7025	C26H44O9	C[C@H](O)[C@H](C)[C@@H]1O[C@H]1C[C@H]1CO[C@@H](C\C(C)=C\C(=O)OCCCCCCCCC(O)=O)[C@H](O)[C@@H]1O	"InChI=1S/C26H44O9/c1-16(13-23(30)33-11-9-7-5-4-6-8-10-22(28)29)12-20-25(32)24(31)19(15-34-20)14-21-26(35-21)17(2)18(3)27/h13,17-21,24-27,31-32H,4-12,14-15H2,1-3H3,(H,28,29)/b16-13+/t17-,18-,19-,20-,21-,24+,25-,26-/m0/s1"	Mupirocin	523.28895				6.662																																																																																																																																																																																																		
CHEBI:192580	C9H12O3	OC(C(O)C)C1=CC=C(O)C=C1	"InChI=1S/C9H12O3/c1-6(10)9(12)7-2-4-8(11)5-3-7/h2-6,9-12H,1H3"	"1-(4-hydroxyphenyl)propane-1,2-diol"	151.07602				6.594																																																																																																																																																																																																		
CHEBI:88456	C20H32O4	CCCCCC(/C=C/C=C\C=C\C(C/C=C\CCCC(O)=O)O)O	"InChI=1S/C20H32O4/c1-2-3-8-13-18(21)14-9-4-5-10-15-19(22)16-11-6-7-12-17-20(23)24/h4-6,9-11,14-15,18-19,21-22H,2-3,7-8,12-13,16-17H2,1H3,(H,23,24)/b5-4-,11-6-,14-9+,15-10+"	"8,15-Dihete"	337.23852				5.899																																																																																																																																																																																																		
CHEBI:228475	C19H23N3O3	CCN(CC)C1=CC=C(C=C1)C2NCC(O2)C3=CC=C(C=C3)[N+](=O)[O-]	"InChI=1S/C19H23N3O3/c1-3-21(4-2)16-9-7-15(8-10-16)19-20-13-18(25-19)14-5-11-17(12-6-14)22(23)24/h5-12,18-20H,3-4,13H2,1-2H3"	"N1,N1-diethyl-4-[5-(4-nitrophenyl)-1,3-oxazolan-2-yl]aniline"	342.18283				5.449																																																																																																																																																																																																		
CHEBI:183459	C18H20N4OS	S1C(C(C)(C)C)=CC=2N=CN=C(NNC(=O)C3=CC=C(C=C3)C)C12	"InChI=1S/C18H20N4OS/c1-11-5-7-12(8-6-11)17(23)22-21-16-15-13(19-10-20-16)9-14(24-15)18(2,3)4/h5-10H,1-4H3,(H,22,23)(H,19,20,21)"	"N'-[6-(tert-butyl)thieno[3,2-d]pyrimidin-4-yl]-4-methylbenzohydrazide"	323.12954				5.661																																																																																																																																																																																																		
CHEBI:50694	C23H27N3O7	[H][C@@]12Cc3c(ccc(O)c3C(=O)C1=C(O)[C@]1(O)C(=O)C(C(N)=O)=C(O)[C@@H](N(C)C)[C@]1([H])C2)N(C)C	"InChI=1S/C23H27N3O7/c1-25(2)12-5-6-13(27)15-10(12)7-9-8-11-17(26(3)4)19(29)16(22(24)32)21(31)23(11,33)20(30)14(9)18(15)28/h5-6,9,11,17,27,29-30,33H,7-8H2,1-4H3,(H2,24,32)/t9-,11-,17-,23-/m0/s1"	Minocycline	458.18948				5.143																																																																																																																																																																																																		
CHEBI:81419	C14H25N3O9	C[C@H]1O[C@H](O[C@@H]2[C@@H](O)[C@@H](O)[C@H](O)[C@H](O)[C@H]2O)[C@@H](N)C[C@@H]1NC(=N)C(O)=O	"InChI=1S/C14H25N3O9/c1-3-5(17-12(16)13(23)24)2-4(15)14(25-3)26-11-9(21)7(19)6(18)8(20)10(11)22/h3-11,14,18-22H,2,15H2,1H3,(H2,16,17)(H,23,24)/t3-,4+,5+,6-,7+,8+,9-,10+,11+,14-/m1/s1"	Kasugamycin	380.17185				5.224																																																																																																																																																																																																		
CHEBI:228476	C18H36N4O4	CC(C)CC(C(=O)NC(CC(C)C)C(=O)NC(CCCCN)C(=O)O)N	"InChI=1S/C18H36N4O4/c1-11(2)9-13(20)16(23)22-15(10-12(3)4)17(24)21-14(18(25)26)7-5-6-8-19/h11-15H,5-10,19-20H2,1-4H3,(H,21,24)(H,22,23)(H,25,26)"	LLK	373.27522				6.881																																																																																																																																																																																																		
CHEBI:228477	C16H16ClN3	CC1=C(C=C(C=C1)NC2=NC=NC3=CC=CC=C32)C.Cl	"InChI=1S/C16H15N3.ClH/c1-11-7-8-13(9-12(11)2)19-16-14-5-3-4-6-15(14)17-10-18-16;/h3-10H,1-2H3,(H,17,18,19);1H"	"N4-(3,4-dimethylphenyl)quinazolin-4-amine hydrochloride"	250.13512				5.372																																																																																																																																																																																																		
CHEBI:35018	C18H22O2	[H][C@@]12CC[C@H](O)[C@@]1(C)C=CC1=C3CCC(=O)C=C3CC[C@@]21[H]	"InChI=1S/C18H22O2/c1-18-9-8-14-13-5-3-12(19)10-11(13)2-4-15(14)16(18)6-7-17(18)20/h8-10,15-17,20H,2-7H2,1H3/t15-,16+,17+,18+/m1/s1"	17beta-Trenbolone	271.17064				6.213																																																																																																																																																																																																		
CHEBI:23965	C18H24O2	[H][C@]12CC[C@]3(C)C(O)CC[C@@]3([H])[C@]1([H])CCc1cc(O)ccc21	"InChI=1S/C18H24O2/c1-18-9-8-14-13-5-3-12(19)10-11(13)2-4-15(14)16(18)6-7-17(18)20/h3,5,10,14-17,19-20H,2,4,6-9H2,1H3/t14-,15-,16+,17?,18+/m1/s1"	Estradiol	295.16656				5.239																																																																																																																																																																																																		
CHEBI:65460	C20H18O11	OC[C@@H]1O[C@@H](Oc2c(oc3cc(O)cc(O)c3c2=O)-c2ccc(O)c(O)c2)[C@H](O)[C@H]1O	"InChI=1S/C20H18O11/c21-6-13-15(26)17(28)20(30-13)31-19-16(27)14-11(25)4-8(22)5-12(14)29-18(19)7-1-2-9(23)10(24)3-7/h1-5,13,15,17,20-26,28H,6H2/t13-,15-,17+,20-/m0/s1"	Avicularin	435.09225				5.293																																																																																																																																																																																																		
CHEBI:24741	C5H9NO3			Hydroxyproline	132.06636				1.277																																																																																																																																																																																																		
CHEBI:192592	C15H15NO4	O1C2=C(OCC1)C=CC(NC(=O)C3=C(OC(=C3)C)C)=C2	"InChI=1S/C15H15NO4/c1-9-7-12(10(2)20-9)15(17)16-11-3-4-13-14(8-11)19-6-5-18-13/h3-4,7-8H,5-6H2,1-2H3,(H,16,17)"	"N-(2,3-dihydro-1,4-benzodioxin-6-yl)-2,5-dimethyl-3-furamide"	274.10826				5.65																																																																																																																																																																																																		
CHEBI:34900	C18H37NO	CCCCCCCCCCCCCCCCCC(N)=O	"InChI=1S/C18H37NO/c1-2-3-4-5-6-7-8-9-10-11-12-13-14-15-16-17-18(19)20/h2-17H2,1H3,(H2,19,20)"	Stearamide	284.29627				10.341																																																																																																																																																																																																		
CHEBI:68500	C10H11NO3	Cc1cccc(c1)C(=O)NCC(O)=O	"InChI=1S/C10H11NO3/c1-7-3-2-4-8(5-7)10(14)11-6-9(12)13/h2-5H,6H2,1H3,(H,11,14)(H,12,13)"	3-Methylhippuric acid	194.08194				2.784																																																																																																																																																																																																		
CHEBI:2003	C9H7NO4	OC(=O)C1=CC2=CC(O)=C(O)C=C2N1	"InChI=1S/C9H7NO4/c11-7-2-4-1-6(9(13)14)10-5(4)3-8(7)12/h1-3,10-12H,(H,13,14)"	"5,6-Dihydroxyindole-2-Carboxylic Acid"	194.04569				2.263																																																																																																																																																																																																		
CHEBI:183787	C14H18N4O3	O=C1NCCCCC1NC(=O)C(=O)NCC=2C=CC=NC2	"InChI=1S/C14H18N4O3/c19-12-11(5-1-2-7-16-12)18-14(21)13(20)17-9-10-4-3-6-15-8-10/h3-4,6,8,11H,1-2,5,7,9H2,(H,16,19)(H,17,20)(H,18,21)"	N1-(2-oxoazepan-3-yl)-N2-(3-pyridylmethyl)ethanediamide	291.14697				5.495																																																																																																																																																																																																		
CHEBI:2672	C15H24N2O2	C1[C@]2(CN3[C@@]([C@]4(CCC[N+](CC1)([C@@]24[H])[O-])[H])(CCCC3=O)[H])[H]	"InChI=1S/C15H24N2O2/c18-14-7-1-6-13-12-5-3-9-17(19)8-2-4-11(15(12)17)10-16(13)14/h11-13,15H,1-10H2/t11-,12+,13+,15-,17?/m0/s1"	Oxymatrine	265.1918				2.947																																																																																																																																																																																																		
CHEBI:183379	C11H11ClN2O	ClC1=CC=C(OC2=C(NN=C2C)C)C=C1	"InChI=1S/C11H11ClN2O/c1-7-11(8(2)14-13-7)15-10-5-3-9(12)4-6-10/h3-6H,1-2H3,(H,13,14)"	"4-(4-chlorophenoxy)-3,5-dimethyl-1H-pyrazole"	223.0645				3.025																																																																																																																																																																																																		
CHEBI:143429	C17H19N3O	OC1=CN=C2N3[C@@H](CN(C)CC3)C4=C(CC2=C1)C=CC=C4	"InChI=1S/C17H19N3O/c1-19-6-7-20-16(11-19)15-5-3-2-4-12(15)8-13-9-14(21)10-18-17(13)20/h2-5,9-10,16,21H,6-8,11H2,1H3/t16-/m0/s1"	8-Hydroxymirtazapine	282.16119				5.014																																																																																																																																																																																																		
CHEBI:35720	C19H22FN3O3	C1=C(C(=CC2=C1N(C=C(C2=O)C(=O)O)C3CC3)F)N4CCN(CC4)CC	"InChI=1S/C19H22FN3O3/c1-2-21-5-7-22(8-6-21)17-10-16-13(9-15(17)20)18(24)14(19(25)26)11-23(16)12-3-4-12/h9-12H,2-8H2,1H3,(H,25,26)"	Enrofloxacin	342.15647				3.5																																																																																																																																																																																																		
CHEBI:89741	C13H22O3	C(C(=O)OC)[C@@H]1[C@H](C(CC1)=O)CCCCC	"InChI=1S/C13H22O3/c1-3-4-5-6-11-10(7-8-12(11)14)9-13(15)16-2/h10-11H,3-9H2,1-2H3/t10-,11-/m1/s1"	Methyl dihydrojasmonate	227.16517				6.139																																																																																																																																																																																																		
CHEBI:70818	C9H10O4	COc1ccc(CC(O)=O)cc1O	"InChI=1S/C9H10O4/c1-13-8-3-2-6(4-7(8)10)5-9(11)12/h2-4,10H,5H2,1H3,(H,11,12)"	Isohomovanillic acid	183.06354				5.468																																																																																																																																																																																																		
CHEBI:183668	C6H14N2O2.C4H8O2	OC(=O)[C@@H](N)CCCCN.OC(=O)CCC	"InChI=1S/C6H14N2O2.C4H8O2/c7-4-2-1-3-5(8)6(9)10;1-2-3-4(5)6/h5H,1-4,7-8H2,(H,9,10);2-3H2,1H3,(H,5,6)/t5-;/m0./s1"	Lysine Butyrate	217.15579				1.307																																																																																																																																																																																																		
CHEBI:170048	C10H8O3	O=C1CC(C=2C1=CC=CC2)C(O)=O	"InChI=1S/C10H8O3/c11-9-5-8(10(12)13)6-3-1-2-4-7(6)9/h1-4,8H,5H2,(H,12,13)"	3-oxoindane-1-carboxylic acid	177.0582				5.896																																																																																																																																																																																																		
CHEBI:2168	C19H21NO4	CN1CC[C@@]23[C@H]4Oc5c2c(C[C@@H]1[C@@H]3C=C[C@@H]4OC(C)=O)ccc5O	"InChI=1S/C19H21NO4/c1-10(21)23-15-6-4-12-13-9-11-3-5-14(22)17-16(11)19(12,18(15)24-17)7-8-20(13)2/h3-6,12-13,15,18,22H,7-9H2,1-2H3/t12-,13+,15-,18-,19-/m0/s1"	6-Acetylmorphine	328.1558				5.314																																																																																																																																																																																																		
CHEBI:135870	C30H49N9O9	[H]N[C@@H](CCCNC(N)=N)C(N[C@@H](CCCCN)C(N[C@@H](CC(O)=O)C(N[C@@H](C(C)C)C(N[C@@H](CC1=CC=C(O)C=C1)C(O)=O)=O)=O)=O)=O	"InChI=1S/C30H49N9O9/c1-16(2)24(28(46)38-22(29(47)48)14-17-8-10-18(40)11-9-17)39-27(45)21(15-23(41)42)37-26(44)20(7-3-4-12-31)36-25(43)19(32)6-5-13-35-30(33)34/h8-11,16,19-22,24,40H,3-7,12-15,31-32H2,1-2H3,(H,36,43)(H,37,44)(H,38,46)(H,39,45)(H,41,42)(H,47,48)(H4,33,34,35)/t19-,20-,21-,22-,24-/m0/s1"	Thymopentin	680.37323				5.312																																																																																																																																																																																																		
CHEBI:7640	C19H21N	CNCCC=C1c2ccccc2CCc2ccccc12	"InChI=1S/C19H21N/c1-20-14-6-11-19-17-9-4-2-7-15(17)12-13-16-8-3-5-10-18(16)19/h2-5,7-11,20H,6,12-14H2,1H3"	Nortriptyline	264.17584				5.764																																																																																																																																																																																																		
CHEBI:2295	C19H28O3	C[C@]12CC[C@H]3[C@H]([C@@H]1CC[C@@H]2O)[C@H](O)CC1=CC(=O)CC[C@]31C	"InChI=1S/C19H28O3/c1-18-7-5-12(20)9-11(18)10-15(21)17-13-3-4-16(22)19(13,2)8-6-14(17)18/h9,13-17,21-22H,3-8,10H2,1-2H3/t13-,14-,15+,16-,17-,18-,19-/m0/s1"	7Î±-Hydroxytestosterone	305.21233				6.484																																																																																																																																																																																																		
CHEBI:73530	C16H26N6O5	CC(C)C[C@H](N)C(=O)N[C@@H](CC(N)=O)C(=O)N[C@@H](Cc1cnc[nH]1)C(O)=O	"InChI=1S/C16H26N6O5/c1-8(2)3-10(17)14(24)21-11(5-13(18)23)15(25)22-12(16(26)27)4-9-6-19-7-20-9/h6-8,10-12H,3-5,17H2,1-2H3,(H2,18,23)(H,19,20)(H,21,24)(H,22,25)(H,26,27)/t10-,11-,12-/m0/s1"	LNH	366.17501				6.397																																																																																																																																																																																																		
CHEBI:228478	C27H33FN4O2	CC1=CC(=C(C=C1)F)N2CC(C(=N2)C(=O)C)(CCCN3CCN(CC3)C(=O)C)C4=CC=CC=C4	"InChI=1S/C27H33FN4O2/c1-20-10-11-24(28)25(18-20)32-19-27(26(29-32)21(2)33,23-8-5-4-6-9-23)12-7-13-30-14-16-31(17-15-30)22(3)34/h4-6,8-11,18H,7,12-17,19H2,1-3H3/t27-/m0/s1"	MKK	388.23267				5.479																																																																																																																																																																																																		
CHEBI:192648	C15H10O7	O1C(C2=C(O)C=CC=C2O)=C(O)C(=O)C=3C1=CC(O)=CC3O	"InChI=1S/C15H10O7/c16-6-4-9(19)12-10(5-6)22-15(14(21)13(12)20)11-7(17)2-1-3-8(11)18/h1-5,16-19,21H"	"2-(2,6-dihydroxyphenyl)-3,5,7-trihydroxy-4H-chromen-4-one"	303.05151				5.297																																																																																																																																																																																																		
CHEBI:166504	C10H12N2O2	O=C(CCC(=O)NC)C=1C=CC=NC1	"InChI=1S/C10H12N2O2/c1-11-10(14)5-4-9(13)8-3-2-6-12-7-8/h2-3,6-7H,4-5H2,1H3,(H,11,14)"	Oxoamide	193.09804				2.117																																																																																																																																																																																																		
CHEBI:5262	C15H10O5	Oc1cc(O)c2c(c1)oc(-c1ccccc1)c(O)c2=O	"InChI=1S/C15H10O5/c16-9-6-10(17)12-11(7-9)20-15(14(19)13(12)18)8-4-2-1-3-5-8/h1-7,16-17,19H"	Galangin	117.05811				5.61																																																																																																																																																																																																		
CHEBI:9107	C18H25NO5	[H]\C(C)=C1/C[C@@H](C)[C@@](C)(O)C(=O)OCC2=CCN3CC[C@@]([H])(OC1=O)[C@@]23[H]	"InChI=1S/C18H25NO5/c1-4-12-9-11(2)18(3,22)17(21)23-10-13-5-7-19-8-6-14(15(13)19)24-16(12)20/h4-5,11,14-15,22H,6-10H2,1-3H3/b12-4-/t11-,14-,15-,18-/m1/s1"	Senecionine	336.18153				5.485																																																																																																																																																																																																		
CHEBI:16393	C18H37NO2	CCCCCCCCCCCCC\C=C\[C@@H](O)[C@@H](N)CO	"InChI=1S/C18H37NO2/c1-2-3-4-5-6-7-8-9-10-11-12-13-14-15-18(21)17(19)16-20/h14-15,17-18,20-21H,2-13,16,19H2,1H3/b15-14+/t17-,18+/m0/s1"	D-Sphingosine	282.28061				7.429																																																																																																																																																																																																		
CHEBI:132583	C16H22O4	C1(=CC=CC=C1C(=O)OCCCCCCCC)C(=O)O	"InChI=1S/C16H22O4/c1-2-3-4-5-6-9-12-20-16(19)14-11-8-7-10-13(14)15(17)18/h7-8,10-11H,2-6,9,12H2,1H3,(H,17,18)"	Octyl hydrogen phthalate	279.15889				6.569																																																																																																																																																																																																		
CHEBI:29935	H2P	[H][P][H]	InChI=1S/H2P/h1H2	HPH	372.18234				6.578																																																																																																																																																																																																		
CHEBI:16680	C14H20N6O5S	N[C@@H](CCSC[C@H]1O[C@H]([C@H](O)[C@@H]1O)n1cnc2c(N)ncnc12)C(O)=O	"InChI=1S/C14H20N6O5S/c15-6(14(23)24)1-2-26-3-7-9(21)10(22)13(25-7)20-5-19-8-11(16)17-4-18-12(8)20/h4-7,9-10,13,21-22H,1-3,15H2,(H,23,24)(H2,16,17,18)/t6-,7+,9+,10+,13+/m0/s1"	S-adenosyl-L-homocysteine	385.12772				5.562																																																																																																																																																																																																		
CHEBI:8638	C18H30O2	CCCC\C=C/C=C/C=C\CCCCCCCC(O)=O	"InChI=1S/C18H30O2/c1-2-3-4-5-6-7-8-9-10-11-12-13-14-15-16-17-18(19)20/h5-10H,2-4,11-17H2,1H3,(H,19,20)/b6-5-,8-7+,10-9-"	Punicic Acid	279.23307				6.053																																																																																																																																																																																																		
CHEBI:16984	C5H6N2O	CC(=O)n1ccnc1	"InChI=1S/C5H6N2O/c1-5(8)7-3-2-6-4-7/h2-4H,1H3"	1-Acetylimidazole	111.05607				0.725																																																																																																																																																																																																		
CHEBI:1784	C12H11N	Nc1ccc(cc1)-c1ccccc1	"InChI=1S/C12H11N/c13-12-8-6-11(7-9-12)10-4-2-1-3-5-10/h1-9H,13H2"	4-Aminobiphenyl	170.09337				5.459																																																																																																																																																																																																		
CHEBI:190603	C13H19NO2	OC(=O)CCCCCCC=1C(N)=CC=CC1	"InChI=1S/C13H19NO2/c14-12-9-6-5-8-11(12)7-3-1-2-4-10-13(15)16/h5-6,8-9H,1-4,7,10,14H2,(H,15,16)"	7-(2-aminophenyl)heptanoic acid	222.15				6.702																																																																																																																																																																																																		
CHEBI:228479	C14H13NO2S	CCOC(=O)C1=C(SC2=C1C3=CC=CC=C3C2)N	"InChI=1S/C14H13NO2S/c1-2-17-14(16)12-11-9-6-4-3-5-8(9)7-10(11)18-13(12)15/h3-6H,2,7,15H2,1H3"	"ethyl 2-amino-8H-indeno[2,1-b]thiophene-3-carboxylate"	260.07521				5.634																																																																																																																																																																																																		
CHEBI:93899	C16H16O6	CC(C)(C(COC1=C2C(=CC3=C1OC=C3)C=CC(=O)O2)O)O	"InChI=1S/C16H16O6/c1-16(2,19)11(17)8-21-15-13-10(5-6-20-13)7-9-3-4-12(18)22-14(9)15/h3-7,11,17,19H,8H2,1-2H3"	"9-(2,3-Dihydroxy-3-methylbutoxy)-7H-furo[3,2-g]chromen-7-one"	305.10381				5.515																																																																																																																																																																																																		
CHEBI:15805	C9H18N4O4	C[C@@H](N[C@@H](CCCNC(N)=N)C(O)=O)C(O)=O	"InChI=1S/C9H18N4O4/c1-5(7(14)15)13-6(8(16)17)3-2-4-12-9(10)11/h5-6,13H,2-4H2,1H3,(H,14,15)(H,16,17)(H4,10,11,12)/t5-,6+/m1/s1"	Octopine	247.14094				1.825																																																																																																																																																																																																		
CHEBI:6980	C16H23NO6	[H][C@]12CCN3CC=C(COC(=O)[C@](C)(O)[C@](C)(O)[C@@H](C)C(=O)O1)[C@]23[H]	"InChI=1S/C16H23NO6/c1-9-13(18)23-11-5-7-17-6-4-10(12(11)17)8-22-14(19)16(3,21)15(9,2)20/h4,9,11-12,20-21H,5-8H2,1-3H3/t9-,11+,12+,15+,16-/m0/s1"	Monocrotaline	326.16152				5.691																																																																																																																																																																																																		
CHEBI:17609	C23H32O6	[H][C@@]12CCC3=CC(=O)CC[C@]3(C)[C@@]1([H])[C@@H](O)C[C@@]1(C)[C@@]2([H])CC[C@]1(O)C(=O)COC(C)=O	"InChI=1S/C23H32O6/c1-13(24)29-12-19(27)23(28)9-7-17-16-5-4-14-10-15(25)6-8-21(14,2)20(16)18(26)11-22(17,23)3/h10,16-18,20,26,28H,4-9,11-12H2,1-3H3/t16-,17-,18-,20+,21-,22-,23-/m0/s1"	Hydrocortisone acetate	405.22688				6.342																																																																																																																																																																																																		
CHEBI:228480	C10H11N3OS2	COC1=CC=C(C=C1)CNC2=NNC(=S)S2	"InChI=1S/C10H11N3OS2/c1-14-8-4-2-7(3-5-8)6-11-9-12-13-10(15)16-9/h2-5H,6H2,1H3,(H,11,12)(H,13,15)"	"5-[(4-methoxybenzyl)amino]-2,3-dihydro-1,3,4-thiadiazole-2-thione"	276.02615				6.407																																																																																																																																																																																																		
CHEBI:2336	C16H16O4	COc1cccc2C(=O)C3=C(OC(C)(C)CC3)C(=O)c12	"InChI=1S/C16H16O4/c1-16(2)8-7-10-13(17)9-5-4-6-11(19-3)12(9)14(18)15(10)20-16/h4-6H,7-8H2,1-3H3"	Î²-Lapachone	243.10274				5.915																																																																																																																																																																																																		
CHEBI:51450	C27H29N5O6S	COc1ccccc1Oc1c(NS(=O)(=O)c2ccc(cc2)C(C)(C)C)nc(nc1OCCO)-c1ncccn1	"InChI=1S/C27H29N5O6S/c1-27(2,3)18-10-12-19(13-11-18)39(34,35)32-23-22(38-21-9-6-5-8-20(21)36-4)26(37-17-16-33)31-25(30-23)24-28-14-7-15-29-24/h5-15,33H,16-17H2,1-4H3,(H,30,31,32)"	Bosentan	552.19137				1.355																																																																																																																																																																																																		
CHEBI:70700	C19H22O3	Oc1ccc(CCCCC(=O)CCc2ccc(O)cc2)cc1	"InChI=1S/C19H22O3/c20-17(10-7-16-8-13-19(22)14-9-16)4-2-1-3-15-5-11-18(21)12-6-15/h5-6,8-9,11-14,21-22H,1-4,7,10H2"	"1,7-bis(4-hydroxyphenyl)heptan-3-one"	281.15587				5.794																																																																																																																																																																																																		
CHEBI:176817	C14H16N2O3	O=C1N2C(CCC2)C(=O)NC1CC3=CC=C(O)C=C3	"InChI=1S/C14H16N2O3/c17-10-5-3-9(4-6-10)8-11-14(19)16-7-1-2-12(16)13(18)15-11/h3-6,11-12,17H,1-2,7-8H2,(H,15,18)"	"3-[(4-hydroxyphenyl)methyl]-octahydropyrrolo[1,2-a]pyrazine-1,4-dione"	261.12433				4.968																																																																																																																																																																																																		
CHEBI:183412	C11H16N2O3	O=C1NC(C2CCC=CC2)C([N+]([O-])=O)CC1	"InChI=1S/C11H16N2O3/c14-10-7-6-9(13(15)16)11(12-10)8-4-2-1-3-5-8/h1-2,8-9,11H,3-7H2,(H,12,14)"	6-cyclohex-3-enyl-5-nitropiperidin-2-one	225.12432				1.337																																																																																																																																																																																																		
CHEBI:190610	C24H22N2O	O=C(N1C(CC(=NC=2C1=CC=CC2)C3=CC=CC=C3)C4=CC=CC=C4)CC	"InChI=1S/C24H22N2O/c1-2-24(27)26-22-16-10-9-15-20(22)25-21(18-11-5-3-6-12-18)17-23(26)19-13-7-4-8-14-19/h3-16,23H,2,17H2,1H3"	"1-(2,4-diphenyl-2,3-dihydro-1H-1,5-benzodiazepin-1-yl)propan-1-one"	377.15643				6.584																																																																																																																																																																																																		
CHEBI:17898	C20H28O	[H]C(=O)\C=C(/C)\C=C\C=C(/C)\C=C\C1=C(C)CCCC1(C)C	"InChI=1S/C20H28O/c1-16(8-6-9-17(2)13-15-21)11-12-19-18(3)10-7-14-20(19,4)5/h6,8-9,11-13,15H,7,10,14H2,1-5H3/b9-6+,12-11+,16-8+,17-13+"	All trans retinal	285.22206				6.147																																																																																																																																																																																																		
CHEBI:228481	C14H22N2O2	CC(C)CNC1C(CC(C1O)O)C2=CN=CC=C2	"InChI=1S/C14H22N2O2/c1-9(2)7-16-13-11(6-12(17)14(13)18)10-4-3-5-15-8-10/h3-5,8-9,11-14,16-18H,6-7H2,1-2H3/t11-,12-,13-,14-/m1/s1"	"(1R,2S,3R,4R)-3-(Isobutylamino)-4-(3-pyridinyl)-1,2-cyclopentanediol"	273.1567				1.372																																																																																																																																																																																																		
CHEBI:28689	C19H28O2	[H][C@@]12CC=C3C[C@@H](O)CC[C@]3(C)[C@@]1([H])CC[C@]1(C)C(=O)CC[C@@]21[H]	"InChI=1S/C19H28O2/c1-18-9-7-13(20)11-12(18)3-4-14-15-5-6-17(21)19(15,2)10-8-16(14)18/h3,13-16,20H,4-11H2,1-2H3/t13-,14-,15-,16-,18-,19-/m0/s1"	Dehydroepiandrosterone	289.21745				6.65																																																																																																																																																																																																		
CHEBI:165632	C18H34O4	O(C(=O)CCCCCCCCC(OCCCC)=O)CCCC	"InChI=1S/C18H34O4/c1-3-5-15-21-17(19)13-11-9-7-8-10-12-14-18(20)22-16-6-4-2/h3-16H2,1-2H3"	Dibutyl sebacate	337.23621				7.26																																																																																																																																																																																																		
CHEBI:64017	C20H32O3	CCCCCC(O)\C=C\C=C/C\C=C/C\C=C/CCCC(O)=O	"InChI=1S/C20H32O3/c1-2-3-13-16-19(21)17-14-11-9-7-5-4-6-8-10-12-15-18-20(22)23/h4-5,8-11,14,17,19,21H,2-3,6-7,12-13,15-16,18H2,1H3,(H,22,23)/b5-4-,10-8-,11-9-,17-14+"	()15-HETE	321.24377				6.45																																																																																																																																																																																																		
CHEBI:183428	C12H10N4O2	O=C1NC(O)=CC2=NN(C(N)=C21)C3=CC=CC=C3	"InChI=1S/C12H10N4O2/c13-11-10-8(6-9(17)14-12(10)18)15-16(11)7-4-2-1-3-5-7/h1-6,17H,13H2,(H,14,18)"	"3-amino-2-phenyl-2H-pyrazolo[4,3-c]pyridine-4,6-diol"	243.0889				5.361																																																																																																																																																																																																		
CHEBI:228482	C16H33NO2	CCCCCCCCCCCC=CC(C(CO)N)O	"InChI=1S/C16H33NO2/c1-2-3-4-5-6-7-8-9-10-11-12-13-16(19)15(17)14-18/h12-13,15-16,18-19H,2-11,14,17H2,1H3/b13-12+"	SPB 16:1;2O	272.25955				6.571																																																																																																																																																																																																		
CHEBI:228483	C8H10N2O	CC(=O)NNC1=CC=CC=C1	"InChI=1S/C8H10N2O/c1-7(11)9-10-8-5-3-2-4-6-8/h2-6,10H,1H3,(H,9,11)"	APH	306.15375				6.138																																																																																																																																																																																																		
CHEBI:228484	C20H17N3O7S	COC1=CC=C(C=C1)OC2=C(C=C(C=C2)[N+](=O)[O-])C(=O)NC3=CC=C(C=C3)S(=O)(=O)N	"InChI=1S/C20H17N3O7S/c1-29-15-5-7-16(8-6-15)30-19-11-4-14(23(25)26)12-18(19)20(24)22-13-2-9-17(10-3-13)31(21,27)28/h2-12H,1H3,(H,22,24)(H2,21,27,28)"	N-[4-(aminosulfonyl)phenyl]-2-(4-methoxyphenoxy)-5-nitrobenzamide	444.08466				6.19																																																																																																																																																																																																		
CHEBI:183743	C5H12N4O2	[O-][N+](=O)N\C(=N\CCCC)\N	"InChI=1S/C5H12N4O2/c1-2-3-4-7-5(6)8-9(10)11/h2-4H2,1H3,(H3,6,7,8)"	2-[(butylamino)(imino)methyl]-1-oxohydrazinium-1-olate	183.08155				5.67																																																																																																																																																																																																		
CHEBI:16581	C21H32O2	[H][C@@]12CC=C3C[C@@H](O)CC[C@]3(C)[C@@]1([H])CC[C@]1(C)[C@H](CC[C@@]21[H])C(C)=O	"InChI=1S/C21H32O2/c1-13(22)17-6-7-18-16-5-4-14-12-15(23)8-10-20(14,2)19(16)9-11-21(17,18)3/h4,15-19,23H,5-12H2,1-3H3/t15-,16-,17+,18-,19-,20-,21+/m0/s1"	Pregnenolone	317.24888				6.63																																																																																																																																																																																																		
CHEBI:228485	C19H19N3O2	C1COCCN1C2=NNC(=C2)C3=CC=C(C=C3)OC4=CC=CC=C4	"InChI=1S/C19H19N3O2/c1-2-4-16(5-3-1)24-17-8-6-15(7-9-17)18-14-19(21-20-18)22-10-12-23-13-11-22/h1-9,14H,10-13H2,(H,20,21)"	4-[3-(4-phenoxyphenyl)-1H-pyrazol-5-yl]morpholine	322.15694				5.615																																																																																																																																																																																																		
CHEBI:23673	C7H14N2O4	NC(CCCC(N)C(O)=O)C(O)=O	"InChI=1S/C7H14N2O4/c8-4(6(10)11)2-1-3-5(9)7(12)13/h4-5H,1-3,8-9H2,(H,10,11)(H,12,13)"	Diaminopimelic acid	191.10346				1.366																																																																																																																																																																																																		
CHEBI:190654	C10H9NO	O=C(N)C=1C=2C(CC1)=CC=CC2	"InChI=1S/C10H9NO/c11-10(12)9-6-5-7-3-1-2-4-8(7)9/h1-4,6H,5H2,(H2,11,12)"	1H-indene-3-carboxamide	160.07648				5.036																																																																																																																																																																																																		
CHEBI:228486	C15H21NO2	CCOC(=O)C(C1CCCCN1)C2=CC=CC=C2	"InChI=1S/C15H21NO2/c1-2-18-15(17)14(12-8-4-3-5-9-12)13-10-6-7-11-16-13/h3-5,8-9,13-14,16H,2,6-7,10-11H2,1H3/t13-,14-/m1/s1"	EPH	404.15016				5.685																																																																																																																																																																																																		
CHEBI:183488	C12H11F3N2	FC(F)(F)C=1C=C(/C(=C/N(C)C)/C#N)C=CC1	"InChI=1S/C12H11F3N2/c1-17(2)8-10(7-16)9-4-3-5-11(6-9)12(13,14)15/h3-6,8H,1-2H3/b10-8+"	3-(dimethylamino)-2-[3-(trifluoromethyl)phenyl]acrylonitrile	241.09808				5.134																																																																																																																																																																																																		
CHEBI:228487	C15H13FO	CCC(=O)C1=CC=C(C=C1)C2=CC=CC=C2F	"InChI=1S/C15H13FO/c1-2-15(17)12-9-7-11(8-10-12)13-5-3-4-6-14(13)16/h3-10H,2H2,1H3"	"1-(2'-fluoro[1,1'-biphenyl]-4-yl)propan-1-one"	229.1064				5.545																																																																																																																																																																																																		
CHEBI:228488	C14H18O3	CC(C)(C)C(C=CC1=CC2=C(C=C1)OCO2)O	"InChI=1S/C14H18O3/c1-14(2,3)13(15)7-5-10-4-6-11-12(8-10)17-9-16-11/h4-8,13,15H,9H2,1-3H3/b7-5+"	Stiripentol	217.12344				6.088																																																																																																																																																																																																		
CHEBI:8205	C15H18O7	[C@]123[C@]4([C@@]([C@@H]5[C@H](C(O)(C)C)[C@H]([C@]4(OC1=O)[H])OC5=O)(O)C[C@]2(O3)[H])C	"InChI=1S/C15H18O7/c1-12(2,18)6-7-10(16)20-8(6)9-13(3)14(7,19)4-5-15(13,22-5)11(17)21-9/h5-9,18-19H,4H2,1-3H3/t5-,6+,7-,8-,9-,13-,14-,15+/m1/s1"	Picrotin	328.14094				5.227																																																																																																																																																																																																		
CHEBI:177606	C11H12O6	O1C(C(O)C=2C(C1=O)=C(O)C(OC)=C(O)C2)C	"InChI=1S/C11H12O6/c1-4-8(13)5-3-6(12)10(16-2)9(14)7(5)11(15)17-4/h3-4,8,12-14H,1-2H3"	"4,6,8-trihydroxy-7-methoxy-3-methyl-3,4-dihydro-1H-2-benzopyran-1-one"	263.05413				5.336																																																																																																																																																																																																		
CHEBI:192670	C12H17N3O3	O=C1NCCCCC1NC=C(C(OCC)=O)C#N	"InChI=1S/C12H17N3O3/c1-2-18-12(17)9(7-13)8-15-10-5-3-4-6-14-11(10)16/h8,10,15H,2-6H2,1H3,(H,14,16)"	ethyl 2-cyano-3-[(2-oxoazepan-3-yl)amino]acrylate	252.13525				5.232																																																																																																																																																																																																		
CHEBI:228489	C15H20O9	C1=CC(=C(C(=C1)OC2C(C(C(C(O2)CO)O)O)O)O)CCC(=O)O	"InChI=1S/C15H20O9/c16-6-9-12(20)13(21)14(22)15(24-9)23-8-3-1-2-7(11(8)19)4-5-10(17)18/h1-3,9,12-16,19-22H,4-6H2,(H,17,18)/t9-,12-,13+,14-,15-/m1/s1"	3-[3-(beta-D-Glucopyranosyloxy)-2-hydroxyphenyl]propanoic acid	367.10166				5.506																																																																																																																																																																																																		
CHEBI:228490	C11H13N3OS	CN(C)C=NC1=NC2=C(C=CC=C2S1)OC	"InChI=1S/C11H13N3OS/c1-14(2)7-12-11-13-10-8(15-3)5-4-6-9(10)16-11/h4-7H,1-3H3/b12-7+"	"N'-(4-methoxy-1,3-benzothiazol-2-yl)-N,N-dimethyliminoformamide"	236.08589				5.307																																																																																																																																																																																																		
CHEBI:228491	C20H21N3O3	CC(C)CC1=CC=C(C=C1)C(C)C2=NN=C(O2)C3=CC(=CC=C3)[N+](=O)[O-]	"InChI=1S/C20H21N3O3/c1-13(2)11-15-7-9-16(10-8-15)14(3)19-21-22-20(26-19)17-5-4-6-18(12-17)23(24)25/h4-10,12-14H,11H2,1-3H3"	"2-[1-(4-isobutylphenyl)ethyl]-5-(3-nitrophenyl)-1,3,4-oxadiazole"	352.16315				5.054																																																																																																																																																																																																		
CHEBI:167817	C9H10O2	O=CC1=CC=C(OCC)C=C1	"InChI=1S/C9H10O2/c1-2-11-9-5-3-8(7-10)4-6-9/h3-7H,2H2,1H3"	4-Ethoxybenzaldehyde	151.07615				6.008																																																																																																																																																																																																		
CHEBI:177798	C16H16O6	O(CC(O)C(O)(C)C)C=1C2=C(OC=C2)C=C3OC(=O)C=CC13	"InChI=1S/C16H16O6/c1-16(2,19)13(17)8-21-15-9-3-4-14(18)22-12(9)7-11-10(15)5-6-20-11/h3-7,13,17,19H,8H2,1-2H3"	"4-(2,3-dihydroxy-3-methylbutoxy)-7H-furo[3,2-g]chromen-7-one"	142.06582				5.742																																																																																																																																																																																																		
CHEBI:93829	C21H27NO2	CC(C(C1=CC=C(C=C1)O)O)N2CCC(CC2)CC3=CC=CC=C3	"InChI=1S/C21H27NO2/c1-16(21(24)19-7-9-20(23)10-8-19)22-13-11-18(12-14-22)15-17-5-3-2-4-6-17/h2-10,16,18,21,23-24H,11-15H2,1H3"	Ifenprodil	326.21231				5.633																																																																																																																																																																																																		
CHEBI:59613	C14H11Cl2NO3	OC(=O)Cc1ccccc1Nc1c(Cl)cc(O)cc1Cl	"InChI=1S/C14H11Cl2NO3/c15-10-6-9(18)7-11(16)14(10)17-12-4-2-1-3-8(12)5-13(19)20/h1-4,6-7,17-18H,5H2,(H,19,20)"	4'-Hydroxydiclofenac	312.02083				6.379																																																																																																																																																																																																		
CHEBI:190540	C11H16N2O3S	S(=O)(=O)(N)C1=CC=C(NC(=O)C(C)(C)C)C=C1	"InChI=1S/C11H16N2O3S/c1-11(2,3)10(14)13-8-4-6-9(7-5-8)17(12,15)16/h4-7H,1-3H3,(H,13,14)(H2,12,15,16)"	"N1-[4-(aminosulfonyl)phenyl]-2,2-dimethylpropanamide"	257.0931				5.521																																																																																																																																																																																																		
CHEBI:228492	C14H10N4O3	C1=CC=C(C(=C1)C(=O)NNC2=C(C=CC=N2)C#N)C(=O)O	"InChI=1S/C14H10N4O3/c15-8-9-4-3-7-16-12(9)17-18-13(19)10-5-1-2-6-11(10)14(20)21/h1-7H,(H,16,17)(H,18,19)(H,20,21)"	2-{[2-(3-cyano-2-pyridinyl)hydrazino]carbonyl}benzoic acid	283.08058				4.894																																																																																																																																																																																																		
CHEBI:168762	C19H34O4	OC(CCCCCCCCCCCC#C)CC(O)COC(=O)C	"InChI=1S/C19H34O4/c1-3-4-5-6-7-8-9-10-11-12-13-14-18(21)15-19(22)16-23-17(2)20/h1,18-19,21-22H,4-16H2,2H3"	Avocadyne 1-acetate	309.24373				9.57																																																																																																																																																																																																		
CHEBI:228493	C13H16O5	CC(=O)C1=CC(=C(C=C1CC(=O)OC)OC)OC	"InChI=1S/C13H16O5/c1-8(14)10-7-12(17-3)11(16-2)5-9(10)6-13(15)18-4/h5,7H,6H2,1-4H3"	"methyl 2-(2-acetyl-4,5-dimethoxyphenyl)acetate"	253.10827				5.49																																																																																																																																																																																																		
CHEBI:17890	C10H11NO	OCCc1c[nH]c2ccccc12	"InChI=1S/C10H11NO/c12-6-5-8-7-11-10-4-2-1-3-9(8)10/h1-4,7,11-12H,5-6H2"	Tryptophanol	191.11866				5.219																																																																																																																																																																																																		
CHEBI:28952	C21H32O2	[H][C@@]12CC[C@@]3([H])[C@]4([H])CC[C@H](C(C)=O)[C@@]4(C)CC[C@]3([H])[C@@]1(C)CCC(=O)C2	"InChI=1S/C21H32O2/c1-13(22)17-6-7-18-16-5-4-14-12-15(23)8-10-20(14,2)19(16)9-11-21(17,18)3/h14,16-19H,4-12H2,1-3H3/t14-,16-,17+,18-,19-,20-,21+/m0/s1"	"5alpha-pregnane-3,20-dione"	317.24901				6.808																																																																																																																																																																																																		
CHEBI:228494	C11H10ClN3	C1=CC(=C(C=C1Cl)N)NC2=CC=NC=C2	"InChI=1S/C11H10ClN3/c12-8-1-2-11(10(13)7-8)15-9-3-5-14-6-4-9/h1-7H,13H2,(H,14,15)"	"4-chloro-N~1~-(4-pyridinyl)-1,2-benzenediamine"	220.06117				4.905																																																																																																																																																																																																		
CHEBI:10022	C15H20O6	[H][C@@]12O[C@]3([H])C=C(C)C(=O)[C@@H](O)[C@]3(CO)[C@@](C)(C[C@H]1O)[C@]21CO1	"InChI=1S/C15H20O6/c1-7-3-9-14(5-16,11(19)10(7)18)13(2)4-8(17)12(21-9)15(13)6-20-15/h3,8-9,11-12,16-17,19H,4-6H2,1-2H3/t8-,9-,11-,12-,13-,14-,15+/m1/s1"	Deoxynivalenol	297.1328				5.644																																																																																																																																																																																																		
CHEBI:228495	C17H22N4O2	CC1=CC(=NN1C)C(=O)NCC2=CC=C(C=C2)N3CCOCC3	"InChI=1S/C17H22N4O2/c1-13-11-16(19-20(13)2)17(22)18-12-14-3-5-15(6-4-14)21-7-9-23-10-8-21/h3-6,11H,7-10,12H2,1-2H3,(H,18,22)"	"1,5-dimethyl-N-(4-morpholinobenzyl)-1H-pyrazole-3-carboxamide"	315.17894				1.622																																																																																																																																																																																																		
CHEBI:228496	C19H18N2O3	CC1=C(C(=NN1C2=CC=CC=C2)C)C(=O)OC3=CC=C(C=C3)OC	"InChI=1S/C19H18N2O3/c1-13-18(14(2)21(20-13)15-7-5-4-6-8-15)19(22)24-17-11-9-16(23-3)10-12-17/h4-12H,1-3H3"	"4-methoxyphenyl 3,5-dimethyl-1-phenyl-1H-pyrazole-4-carboxylate"	345.12391				5.378																																																																																																																																																																																																		
CHEBI:4478	C19H26O7	CC(=O)OC[C@]12CCC(C)=C[C@H]1O[C@@H]1[C@H](O)[C@@H](OC(C)=O)[C@@]2(C)[C@@]11CO1	"InChI=1S/C19H26O7/c1-10-5-6-18(8-23-11(2)20)13(7-10)26-16-14(22)15(25-12(3)21)17(18,4)19(16)9-24-19/h7,13-16,22H,5-6,8-9H2,1-4H3/t13-,14-,15-,16-,17-,18-,19-/m1/s1"	Diacetoxyscirpenol	367.17432				6.073																																																																																																																																																																																																		
CHEBI:183792	C18H19N3O4	O1CCN(CC1)C2=NC=C(C=C2)C(=O)NCC3=CC=4OCOC4C=C3	"InChI=1S/C18H19N3O4/c22-18(20-10-13-1-3-15-16(9-13)25-12-24-15)14-2-4-17(19-11-14)21-5-7-23-8-6-21/h1-4,9,11H,5-8,10,12H2,(H,20,22)"	"N-(1,3-benzodioxol-5-ylmethyl)-6-morpholinonicotinamide"	342.14682				5.105																																																																																																																																																																																																		
CHEBI:228497	C11H8N2O2	COC1=CC=CC2=C1OC(=N)C(=C2)C#N	"InChI=1S/C11H8N2O2/c1-14-9-4-2-3-7-5-8(6-12)11(13)15-10(7)9/h2-5,13H,1H3"	2-imino-8-methoxy-2H-chromene-3-carbonitrile	201.06679				5.312																																																																																																																																																																																																		
CHEBI:157782	C4H9NO3S	S(=O)(C[C@H](N)C(O)=O)C	"InChI=1S/C4H9NO3S/c1-9(8)2-3(5)4(6)7/h3H,2,5H2,1H3,(H,6,7)/t3-,9?/m0/s1"	S-Methyl-L-cysteine-S-oxide	152.03835				1.288																																																																																																																																																																																																		
CHEBI:228498	C14H12ClN3OS	C1COCCN1C2=NSC(=C2C#N)C3=CC=CC=C3Cl	"InChI=1S/C14H12ClN3OS/c15-12-4-2-1-3-10(12)13-11(9-16)14(17-20-13)18-5-7-19-8-6-18/h1-4H,5-8H2"	5-(2-chlorophenyl)-3-morpholinoisothiazole-4-carbonitrile	288.03543				6.77																																																																																																																																																																																																		
CHEBI:228499	C20H25NO3	CC(C)COC(=O)C1=CN(C2=CC=CC=C2C1=O)C3CCCCC3	"InChI=1S/C20H25NO3/c1-14(2)13-24-20(23)17-12-21(15-8-4-3-5-9-15)18-11-7-6-10-16(18)19(17)22/h6-7,10-12,14-15H,3-5,8-9,13H2,1-2H3"	"isobutyl 1-cyclohexyl-4-oxo-1,4-dihydroquinoline-3-carboxylate"	328.19229				6.103																																																																																																																																																																																																		
CHEBI:190671	C17H21N3O	O=C(NC1=CC=C(N(CC)CC)C=C1)NC2=CC=CC=C2	"InChI=1S/C17H21N3O/c1-3-20(4-2)16-12-10-15(11-13-16)19-17(21)18-14-8-6-5-7-9-14/h5-13H,3-4H2,1-2H3,(H2,18,19,21)"	N-[4-(diethylamino)phenyl]-N'-phenylurea	306.15624				1.627																																																																																																																																																																																																		
CHEBI:71415	C8H6N4O5	C1(N(/N=C/C=2OC(=CC2)[N+]([O-])=O)CC(N1)=O)=O	"InChI=1S/C8H6N4O5/c13-6-4-11(8(14)10-6)9-3-5-1-2-7(17-5)12(15)16/h1-3H,4H2,(H,10,13,14)/b9-3+"	Nitrofurantoin	256.06503				5.3																																																																																																																																																																																																		
CHEBI:132477	C18H37NO4S	C(C(NCCS(O)(=O)=O)=O)CCCCCCCCCCCCCC	"InChI=1S/C18H37NO4S/c1-2-3-4-5-6-7-8-9-10-11-12-13-14-15-18(20)19-16-17-24(21,22)23/h2-17H2,1H3,(H,19,20)(H,21,22,23)"	N-Palmitoyl taurine	364.25				6.258																																																																																																																																																																																																		
CHEBI:228500	C14H12N4O	C1=CNC(=C1)C=C(C#N)C(=O)NCC2=CC=NC=C2	"InChI=1S/C14H12N4O/c15-9-12(8-13-2-1-5-17-13)14(19)18-10-11-3-6-16-7-4-11/h1-8,17H,10H2,(H,18,19)"	N1-(4-pyridylmethyl)-2-cyano-3-(1H-pyrrol-2-yl)acrylamide	253.10887				5.304																																																																																																																																																																																																		
CHEBI:2065	C11H12N2O5	[H]C(=O)Nc1ccc(O)cc1C(=O)CC(N)C(O)=O	"InChI=1S/C11H12N2O5/c12-8(11(17)18)4-10(16)7-3-6(15)1-2-9(7)13-5-14/h1-3,5,8,15H,4,12H2,(H,13,14)(H,17,18)"	YLK	445.24234				6.573																																																																																																																																																																																																		
CHEBI:228501	C13H16N2O4	CC(=O)NC1=CC=C(C=C1)C2C(NC(=O)CO2)CO	"InChI=1S/C13H16N2O4/c1-8(17)14-10-4-2-9(3-5-10)13-11(6-16)15-12(18)7-19-13/h2-5,11,13,16H,6-7H2,1H3,(H,14,17)(H,15,18)/t11-,13-/m1/s1"	"N-{4-[(2R,3R)-3-(Hydroxymethyl)-5-oxo-2-morpholinyl]phenyl}acetamide"	287.09473				5.497																																																																																																																																																																																																		
CHEBI:34135	C19H28O3	C[C@]12CC(=O)[C@H]3[C@@H](CC[C@@H]4C[C@H](O)CC[C@]34C)[C@@H]1CCC2=O	"InChI=1S/C19H28O3/c1-18-8-7-12(20)9-11(18)3-4-13-14-5-6-16(22)19(14,2)10-15(21)17(13)18/h11-14,17,20H,3-10H2,1-2H3/t11-,12-,13+,14+,17-,18+,19+/m1/s1"	11-Oxoetiocholanolone	287.2018				6.365																																																																																																																																																																																																		
CHEBI:183321	C24H29N3O	OC=1C(\C=N\C2=CC=C(N3N=C(C(C)(C)C)C=C3C(C)(C)C)C=C2)=CC=CC1	"InChI=1S/C24H29N3O/c1-23(2,3)21-15-22(24(4,5)6)27(26-21)19-13-11-18(12-14-19)25-16-17-9-7-8-10-20(17)28/h7-16,28H,1-6H3/b25-16+"	"2-[({4-[3,5-di(tert-butyl)-1H-pyrazol-1-yl]phenyl}imino)methyl]phenol"	376.23572				6.114																																																																																																																																																																																																		
CHEBI:183439	C12H15NO2	OC(=O)C=1C(N2CCCCC2)=CC=CC1	"InChI=1S/C12H15NO2/c14-12(15)10-6-2-3-7-11(10)13-8-4-1-5-9-13/h2-3,6-7H,1,4-5,8-9H2,(H,14,15)"	2-piperidinobenzoic acid	206.1187				5.663																																																																																																																																																																																																		
CHEBI:183396	C10H16N2O3S	S(=O)(=O)(N1CCCCC1)C2=C(ON=C2C)C	"InChI=1S/C10H16N2O3S/c1-8-10(9(2)15-11-8)16(13,14)12-6-4-3-5-7-12/h3-7H2,1-2H3"	"1-[(3,5-dimethylisoxazol-4-yl)sulfonyl]piperidine"	245.09652				4.67																																																																																																																																																																																																		
CHEBI:183347	C15H24O3	O1C(CCCCCCC(C)C)C2=C(C1)COC2=O	"InChI=1S/C15H24O3/c1-11(2)7-5-3-4-6-8-13-14-12(9-17-13)10-18-15(14)16/h11,13H,3-10H2,1-2H3"	"6-(7-methyloctyl)-1H,3H,4H,6H-furo[3,4-c]furan-1-one"	253.181				6.813																																																																																																																																																																																																		
CHEBI:186084	C25H33FO4	F[C@@H]1[C@@H]([C@H]([C@@H](O)C1)C/C=C\CCCC(OC)=O)/C=C/[C@H](O)C2CC=3C(C2)=CC=CC3	"InChI=1S/C25H33FO4/c1-30-25(29)11-5-3-2-4-10-21-20(22(26)16-24(21)28)12-13-23(27)19-14-17-8-6-7-9-18(17)15-19/h2,4,6-9,12-13,19-24,27-28H,3,5,10-11,14-16H2,1H3/b4-2-,13-12+/t20-,21-,22+,23+,24+/m1/s1"	AL 8810 Methyl ester	439.23222				6.997																																																																																																																																																																																																		
CHEBI:228502	C8H12N2O2S	CS(=O)(=O)NCCC1=CC=NC=C1	"InChI=1S/C8H12N2O2S/c1-13(11,12)10-7-4-8-2-5-9-6-3-8/h2-3,5-6,10H,4,7H2,1H3"	N-[2-(4-pyridyl)ethyl]methanesulfonamide	201.07006				4.938																																																																																																																																																																																																		
CHEBI:77273	C21H28O4	CCCCCc1cc(O)c2[C@@H]3C=C(CC[C@H]3C(C)(C)Oc2c1)C(O)=O	"InChI=1S/C21H28O4/c1-4-5-6-7-13-10-17(22)19-15-12-14(20(23)24)8-9-16(15)21(2,3)25-18(19)11-13/h10-12,15-16,22H,4-9H2,1-3H3,(H,23,24)/t15-,16-/m1/s1"	11-nor-9-carboxy-Delta(9)-tetrahydrocannabinol	345.20781				5.722																																																																																																																																																																																																		
CHEBI:183504	C8H8O4	O1C(=C(C(=O)C=C1C(O)=O)C)C	"InChI=1S/C8H8O4/c1-4-5(2)12-7(8(10)11)3-6(4)9/h3H,1-2H3,(H,10,11)"	"5,6-dimethyl-4-oxo-4H-pyran-2-carboxylic acid"	169.05044				5.87																																																																																																																																																																																																		
CHEBI:5262	C15H10O5	Oc1cc(O)c2c(c1)oc(-c1ccccc1)c(O)c2=O	"InChI=1S/C15H10O5/c16-9-6-10(17)12-11(7-9)20-15(14(19)13(12)18)8-4-2-1-3-5-8/h1-7,16-17,19H"	"3,5,7-trihydroxy-2-phenyl-4H-chromen-4-one"	271.06161				7.049																																																																																																																																																																																																		
CHEBI:2495	C19H24O3	C1[C@@]2([C@@]([C@@]3(C(C1)=CC(CC3)=O)C)(C(C[C@@]4(C)[C@@]2([H])CCC4=O)=O)[H])[H]	"InChI=1S/C19H24O3/c1-18-8-7-12(20)9-11(18)3-4-13-14-5-6-16(22)19(14,2)10-15(21)17(13)18/h9,13-14,17H,3-8,10H2,1-2H3/t13-,14-,17+,18-,19-/m0/s1"	Adrenosterone	301.18103				5.902																																																																																																																																																																																																		
CHEBI:228503	C13H17NO6S	CCS(=O)(=O)C1=CC(=C(C=C1)O)NC(=O)CCCC(=O)O	"InChI=1S/C13H17NO6S/c1-2-21(19,20)9-6-7-11(15)10(8-9)14-12(16)4-3-5-13(17)18/h6-8,15H,2-5H2,1H3,(H,14,16)(H,17,18)"	5-[5-(ethylsulfonyl)-2-hydroxyanilino]-5-oxopentanoic acid	338.06244				6.067																																																																																																																																																																																																		
CHEBI:7633	C16H17NO3	O[C@H]1C=C[C@H]2[C@H]3Cc4ccc(O)c5O[C@@H]1[C@]2(CCN3)c45	"InChI=1S/C16H17NO3/c18-11-3-1-8-7-10-9-2-4-12(19)15-16(9,5-6-17-10)13(8)14(11)20-15/h1-4,9-10,12,15,17-19H,5-7H2/t9-,10+,12-,15-,16-/m0/s1"	Normorphine	272.12934				3.796																																																																																																																																																																																																		
CHEBI:228504	C10H12ClNS	CN(C)C(=S)CC1=CC=C(C=C1)Cl	"InChI=1S/C10H12ClNS/c1-12(2)10(13)7-8-3-5-9(11)6-4-8/h3-6H,7H2,1-2H3"	"2-(4-chlorophenyl)-N,N-dimethylethanethioamide"	214.04321				6.313																																																																																																																																																																																																		
CHEBI:7027	C9H17NO7	C[C@@H](O[C@@H]1[C@@H](N)C(O)O[C@H](CO)[C@H]1O)C(O)=O	"InChI=1S/C9H17NO7/c1-3(8(13)14)16-7-5(10)9(15)17-4(2-11)6(7)12/h3-7,9,11-12,15H,2,10H2,1H3,(H,13,14)/t3-,4-,5-,6-,7-,9?/m1/s1"	Muramic acid	252.11023				3.683																																																																																																																																																																																																		
CHEBI:190614	C17H16D3NO4	O1[C@@]2([C@]34[C@](O)([C@](NCC3)(CC5=C4C1=C(OC([2H])([2H])[2H])C=C5)[H])CCC2=O)[H]	"InChI=1S/C17H19NO4/c1-21-11-3-2-9-8-12-17(20)5-4-10(19)15-16(17,6-7-18-12)13(9)14(11)22-15/h2-3,12,15,18,20H,4-8H2,1H3/t12-,15+,16+,17-/m1/s1/i1D3"	Noroxycodone-d3	305.15894				10.935																																																																																																																																																																																																		
CHEBI:183687	C9H10O3	O1C(C(=O)CCC(=O)C)=CC=C1	"InChI=1S/C9H10O3/c1-7(10)4-5-8(11)9-3-2-6-12-9/h2-3,6H,4-5H2,1H3"	"1-(2-furyl)pentane-1,4-dione"	189.05576				5.563																																																																																																																																																																																																		
CHEBI:228505	C20H21N3OS	COC1=CC=CC=C1C2CCN(CC2)C3=NC(=NS3)C4=CC=CC=C4	"InChI=1S/C20H21N3OS/c1-24-18-10-6-5-9-17(18)15-11-13-23(14-12-15)20-21-19(22-25-20)16-7-3-2-4-8-16/h2-10,15H,11-14H2,1H3"	"4-(2-methoxyphenyl)-1-(3-phenyl-1,2,4-thiadiazol-5-yl)piperidine"	352.15131				5.327																																																																																																																																																																																																		
CHEBI:183732	C16H22O10	O1[C@H]([C@@H](O)[C@@H](O)[C@H](O)[C@H]1OC(=O)C2=CC(OC)=C(OC)C(OC)=C2)CO	"InChI=1S/C16H22O10/c1-22-8-4-7(5-9(23-2)14(8)24-3)15(21)26-16-13(20)12(19)11(18)10(6-17)25-16/h4-5,10-13,16-20H,6H2,1-3H3/t10-,11+,12+,13-,16+/m0/s1"	"1-O-(3,4,5-Trimethoxybenzoyl)-beta-L-galactopyranose"	397.11179				2.647																																																																																																																																																																																																		
CHEBI:32692	C10H13N3O2	CN(CCCC(=O)c1cccnc1)N=O	"InChI=1S/C10H13N3O2/c1-13(12-15)7-3-5-10(14)9-4-2-6-11-8-9/h2,4,6,8H,3,5,7H2,1H3"	NNK	357.19002				6.325																																																																																																																																																																																																		
CHEBI:37830	C5H12	CCCCC	"InChI=1S/C5H12/c1-3-5-4-2/h3-5H2,1-2H3"	LNK	374.23807				6.37																																																																																																																																																																																																		
CHEBI:228506	C18H16ClFN2O	C1CN(CC1C2=NC3=C(O2)C=CC(=C3)Cl)CC4=CC=C(C=C4)F	"InChI=1S/C18H16ClFN2O/c19-14-3-6-17-16(9-14)21-18(23-17)13-7-8-22(11-13)10-12-1-4-15(20)5-2-12/h1-6,9,13H,7-8,10-11H2/t13-/m0/s1"	"5-Chloro-2-[(3S)-1-(4-fluorobenzyl)-3-pyrrolidinyl]-1,3-benzoxazole"	331.09671				5.22																																																																																																																																																																																																		
CHEBI:38572	C8H10O	Cc1cc(C)cc(O)c1	"InChI=1S/C8H10O/c1-6-3-7(2)5-8(9)4-6/h3-5,9H,1-2H3"	ERH	441.22597				6.008																																																																																																																																																																																																		
CHEBI:89633	C10H15NO3	O(C)C1=C(O)C=CC(C(O)CNC)=C1	"InChI=1S/C10H15NO3/c1-11-6-9(13)7-3-4-8(12)10(5-7)14-2/h3-5,9,11-13H,6H2,1-2H3"	DL-Metanephrine	198.11326				3.949																																																																																																																																																																																																		
CHEBI:89605	C20H35NO2	CC/C=C\C/C=C\C/C=C\CCCCCCCC(=O)NCCO	"InChI=1S/C20H35NO2/c1-2-3-4-5-6-7-8-9-10-11-12-13-14-15-16-17-20(23)21-18-19-22/h3-4,6-7,9-10,22H,2,5,8,11-19H2,1H3,(H,21,23)/b4-3-,7-6-,10-9-"	Î±-Linolenoyl ethanolamide	322.27547				6.316																																																																																																																																																																																																		
CHEBI:71018	C9H9NO4	OC(=O)CNC(=O)c1ccc(O)cc1	"InChI=1S/C9H9NO4/c11-7-3-1-6(2-4-7)9(14)10-5-8(12)13/h1-4,11H,5H2,(H,10,14)(H,12,13)"	4-Hydroxyhippuric acid	196.06116				1.394																																																																																																																																																																																																		
CHEBI:64983	C14H10O5	Cc1cc(O)cc2oc(=O)c3c(O)cc(O)cc3c12	"InChI=1S/C14H10O5/c1-6-2-7(15)5-11-12(6)9-3-8(16)4-10(17)13(9)14(18)19-11/h2-5,15-17H,1H3"	Alternariol	259.06145				5.927																																																																																																																																																																																																		
CHEBI:228507	C21H23NO5	CC(=O)OC1C=CC2C3CC4=C5C2(C1OC5=C(C=C4)OC(=O)C)CCN3C	"InChI=1S/C21H23NO5/c1-11(23)25-16-6-4-13-10-15-14-5-7-17(26-12(2)24)20-21(14,8-9-22(15)3)18(13)19(16)27-20/h4-7,14-15,17,20H,8-10H2,1-3H3/t14-,15+,17-,20-,21-/m0/s1/i3D3"	Heroin-d3	373.18427				5.886																																																																																																																																																																																																		
CHEBI:83525	C16H25NO2	CNCC(c1ccc(OC)cc1)C1(O)CCCCC1	"InChI=1S/C16H25NO2/c1-17-12-15(16(18)10-4-3-5-11-16)13-6-8-14(19-2)9-7-13/h6-9,15,17-18H,3-5,10-12H2,1-2H3"	N-Desmethylvenlafaxine	264.19717				6.389																																																																																																																																																																																																		
CHEBI:228508	C23H32N6O5S	CCCC1=NC(=C2N1N=C(NC2=O)C3=C(C=CC(=C3)S(=O)(=O)N4CC[N+](CC4)(CC)[O-])OCC)C	"InChI=1S/C23H32N6O5S/c1-5-8-20-24-16(4)21-23(30)25-22(26-28(20)21)18-15-17(9-10-19(18)34-7-3)35(32,33)27-11-13-29(31,6-2)14-12-27/h9-10,15H,5-8,11-14H2,1-4H3,(H,25,26,30)"	Vardenafil N-oxide	505.2189				5.8																																																																																																																																																																																																		
CHEBI:167001	C9H9NO2	OC(=O)C1CC2=CC=CC=C2N1	"InChI=1S/C9H9NO2/c11-9(12)8-5-6-3-1-2-4-7(6)10-8/h1-4,8,10H,5H2,(H,11,12)"	indoline-2-carboxylic acid	164.07127				4.835																																																																																																																																																																																																		
CHEBI:228509	C17H16N4O	CN1C=CC(=N1)C2=CC(=CC=C2)NC(=O)NC3=CC=CC=C3	"InChI=1S/C17H16N4O/c1-21-11-10-16(20-21)13-6-5-9-15(12-13)19-17(22)18-14-7-3-2-4-8-14/h2-12H,1H3,(H2,18,19,22)"	N-[3-(1-methyl-1H-pyrazol-3-yl)phenyl]-N'-phenylurea	310.16494				6.097																																																																																																																																																																																																		
CHEBI:183685	C19H15ClN2O2	ClC1=CC=C(NC(=O)NC=2C(OC3=CC=CC=C3)=CC=CC2)C=C1	"InChI=1S/C19H15ClN2O2/c20-14-10-12-15(13-11-14)21-19(23)22-17-8-4-5-9-18(17)24-16-6-2-1-3-7-16/h1-13H,(H2,21,22,23)"	N-(4-chlorophenyl)-N'-(2-phenoxyphenyl)urea	339.09167				2.861																																																																																																																																																																																																		
CHEBI:28728	C20H34O6	CCCCC[C@H](O)\C=C\[C@H]1OC(O)C[C@H](O)[C@@H]1C\C=C/CCCC(O)=O	"InChI=1S/C20H34O6/c1-2-3-6-9-15(21)12-13-18-16(17(22)14-20(25)26-18)10-7-4-5-8-11-19(23)24/h4,7,12-13,15-18,20-22,25H,2-3,5-6,8-11,14H2,1H3,(H,23,24)/b7-4-,13-12+/t15-,16-,17-,18+,20?/m0/s1"	Thromboxane B2	393.22662				5.836																																																																																																																																																																																																		
CHEBI:9381	C24H34O9	[H][C@@]12O[C@]3([H])C=C(C)[C@H](C[C@]3(COC(C)=O)[C@@](C)([C@H](OC(C)=O)[C@H]1O)[C@]21CO1)OC(=O)CC(C)C	"InChI=1S/C24H34O9/c1-12(2)7-18(27)32-16-9-23(10-29-14(4)25)17(8-13(16)3)33-21-19(28)20(31-15(5)26)22(23,6)24(21)11-30-24/h8,12,16-17,19-21,28H,7,9-11H2,1-6H3/t16-,17+,19+,20+,21+,22+,23+,24-/m0/s1"	T-2 Toxin	489.2153				6.217																																																																																																																																																																																																		
CHEBI:102484	C11H13N3O3S	Cc1noc(NS(=O)(=O)c2ccc(N)cc2)c1C	"InChI=1S/C11H13N3O3S/c1-7-8(2)13-17-11(7)14-18(15,16)10-5-3-9(12)4-6-10/h3-6,14H,12H2,1-2H3"	Sulfisoxazole	290.06006				5.325																																																																																																																																																																																																		
CHEBI:18385	C12H17N4OS+	CC1=C(CCO)SC=[N+]1CC1=CN=C(C)N=C1N	"InChI=1S/C12H17N4OS/c1-8-11(3-4-17)18-7-16(8)6-10-5-14-9(2)15-12(10)13/h5,7,17H,3-4,6H2,1-2H3,(H2,13,14,15)/q+1"	Thiamine	265.11302				1.271																																																																																																																																																																																																		
CHEBI:183480	C10H10O5	OC=1C(=C(CC(O)=O)C=C(O)C1)C(=O)C	"InChI=1S/C10H10O5/c1-5(11)10-6(3-9(14)15)2-7(12)4-8(10)13/h2,4,12-13H,3H2,1H3,(H,14,15)"	"2-(2-acetyl-3,5-dihydroxyphenyl)acetic acid"	211.061				5.908																																																																																																																																																																																																		
CHEBI:27514	C21H20O10	OC[C@H]1O[C@@H](Oc2cc(O)c3c(c2)occ(-c2ccc(O)cc2)c3=O)[C@H](O)[C@@H](O)[C@@H]1O	"InChI=1S/C21H20O10/c22-7-15-18(26)19(27)20(28)21(31-15)30-11-5-13(24)16-14(6-11)29-8-12(17(16)25)9-1-3-10(23)4-2-9/h1-6,8,15,18-24,26-28H,7H2/t15-,18-,19+,20-,21-/m1/s1"	Genistin	433.11456				5.247																																																																																																																																																																																																		
CHEBI:18227	C18H12O6	[H][C@]12OC=C[C@@]1([H])c1c(O2)cc(OC)c2c1oc1cccc(O)c1c2=O	"InChI=1S/C18H12O6/c1-21-11-7-12-13(8-5-6-22-18(8)24-12)17-15(11)16(20)14-9(19)3-2-4-10(14)23-17/h2-8,18-19H,1H3/t8-,18+/m0/s1"	Sterigmatocystin	325.06833				1.632																																																																																																																																																																																																		
CHEBI:175322	C19H18O6	O1C2=C(C(OC)=C(OC)C=C2)C(=O)C=C1C3=C(OC)C=CC=C3OC	"InChI=1S/C19H18O6/c1-21-12-6-5-7-13(22-2)18(12)16-10-11(20)17-14(25-16)8-9-15(23-3)19(17)24-4/h5-10H,1-4H3"	"2-(2,6-dimethoxyphenyl)-5,6-dimethoxy-4H-chromen-4-one"	325.10854				6.129																																																																																																																																																																																																		
CHEBI:201598	C15H11NO3	O=C1NC2=C(C=CC=C2)C(=C1O)C3=CC(O)=CC=C3	"InChI=1S/C15H11NO3/c17-10-5-3-4-9(8-10)13-11-6-1-2-7-12(11)16-15(19)14(13)18/h1-8,17-18H,(H,16,19)"	"3-hydroxy-4-(3-hydroxyphenyl)-1,2-dihydroquinolin-2-one"	254.08227				5.574																																																																																																																																																																																																		
CHEBI:39346	C25H22ClNO3	CC(C)[C@H](C(=O)O[C@H](C#N)c1cccc(Oc2ccccc2)c1)c1ccc(Cl)cc1	"InChI=1S/C25H22ClNO3/c1-17(2)24(18-11-13-20(26)14-12-18)25(28)30-23(16-27)19-7-6-10-22(15-19)29-21-8-4-3-5-9-21/h3-15,17,23-24H,1-2H3/t23-,24+/m1/s1"	Esfenvalerate	437.16595				5.029																																																																																																																																																																																																		
CHEBI:29750	C11H9NO3	OC(=O)C(=O)Cc1c[nH]c2ccccc12	"InChI=1S/C11H9NO3/c13-10(11(14)15)5-7-6-12-9-4-2-1-3-8(7)9/h1-4,6,12H,5H2,(H,14,15)"	Indole-3-pyruvic acid	204.06638				6.063																																																																																																																																																																																																		
CHEBI:182749	C16H22O9	O1[C@@H]([C@@H](O)[C@H](O)[C@@H](O)[C@@H]1OC=2C(OC)=C(CCC(O)=O)C=CC2)CO	"InChI=1S/C16H22O9/c1-23-15-8(5-6-11(18)19)3-2-4-9(15)24-16-14(22)13(21)12(20)10(7-17)25-16/h2-4,10,12-14,16-17,20-22H,5-7H2,1H3,(H,18,19)/t10-,12-,13+,14-,16-/m1/s1"	3-[3-(beta-D-Glucopyranosyloxy)-2-methoxyphenyl]propanoic acid	381.11799				5.788																																																																																																																																																																																																		
CHEBI:183666	C10H11NO2	O1C(CC(=O)NC=2C1=CC=CC2)C	"InChI=1S/C10H11NO2/c1-7-6-10(12)11-8-4-2-3-5-9(8)13-7/h2-5,7H,6H2,1H3,(H,11,12)"	"2-methyl-2,3,4,5-tetrahydro-1,5-benzoxazepin-4-one"	160.0764				4.846																																																																																																																																																																																																		
CHEBI:228510	C25H48FO5P	CCCCCCCCC=CCCCCCCCC(=O)OC(COC(C)C)COP(=O)(C)F	"InChI=1S/C25H48FO5P/c1-5-6-7-8-9-10-11-12-13-14-15-16-17-18-19-20-25(27)31-24(21-29-23(2)3)22-30-32(4,26)28/h12-13,23-24H,5-11,14-22H2,1-4H3/b13-12-"	O-7460	501.30596				6.516																																																																																																																																																																																																		
CHEBI:24536	C6H6Cl6	ClC1C(Cl)C(Cl)C(Cl)C(Cl)C1Cl	InChI=1S/C6H6Cl6/c7-1-2(8)4(10)6(12)5(11)3(1)9/h1-6H	PLK	357.25108				1.348																																																																																																																																																																																																		
CHEBI:228511	C8H18O3	CC(COC)OCC(C)OC	"InChI=1S/C8H18O3/c1-7(10-4)6-11-8(2)5-9-3/h7-8H,5-6H2,1-4H3"	Dipropylene glycol dimethyl ether	363.21735				6.426																																																																																																																																																																																																		
CHEBI:16356	C10H12N5O7P	Nc1nc2n(cnc2c(=O)[nH]1)[C@@H]1O[C@@H]2COP(O)(=O)O[C@H]2[C@H]1O	"InChI=1S/C10H12N5O7P/c11-10-13-7-4(8(17)14-10)12-2-15(7)9-5(16)6-3(21-9)1-20-23(18,19)22-6/h2-3,5-6,9,16H,1H2,(H,18,19)(H3,11,13,14,17)/t3-,5-,6-,9-/m1/s1"	"Guanosine 3',5'-cyclic monophosphate"	346.05643				1.637																																																																																																																																																																																																		
CHEBI:3359	C22H30O4	[H][C@]1(C=C(C)CC[C@H]1C(C)=C)c1c(O)cc(CCCCC)c(C(O)=O)c1O	"InChI=1S/C22H30O4/c1-5-6-7-8-15-12-18(23)20(21(24)19(15)22(25)26)17-11-14(4)9-10-16(17)13(2)3/h11-12,16-17,23-24H,2,5-10H2,1,3-4H3,(H,25,26)/t16-,17+/m0/s1"	Cannabidiolic acid	359.22244				6.083																																																																																																																																																																																																		
CHEBI:16892	C6H9N3O	Cc1ncc(CO)c(N)n1	"InChI=1S/C6H9N3O/c1-4-8-2-5(3-10)6(7)9-4/h2,10H,3H2,1H3,(H2,7,8,9)"	HMH	424.1783				6.319																																																																																																																																																																																																		
CHEBI:74879	C12H16N2O4	C[C@H](NC(=O)[C@@H](N)Cc1ccc(O)cc1)C(O)=O	"InChI=1S/C12H16N2O4/c1-7(12(17)18)14-11(16)10(13)6-8-2-4-9(15)5-3-8/h2-5,7,10,15H,6,13H2,1H3,(H,14,16)(H,17,18)/t7-,10-/m0/s1"	Tyrosylalanine	253.11701				4.887																																																																																																																																																																																																		
CHEBI:228512	C26H30N2O2	COC1=CC=C(C=C1)CN2CCCN(C2C3=CC=CC=C3)CC4=CC=C(C=C4)OC	"InChI=1S/C26H30N2O2/c1-29-24-13-9-21(10-14-24)19-27-17-6-18-28(26(27)23-7-4-3-5-8-23)20-22-11-15-25(30-2)16-12-22/h3-5,7-16,26H,6,17-20H2,1-2H3"	"1,3-bis(4-methoxybenzyl)-2-phenylhexahydropyrimidine"	403.23459				8.527																																																																																																																																																																																																		
CHEBI:9629	C27H45NO2	[H][C@@]12CC[C@]3([H])[C@]([H])(CC[C@@]4(C)[C@@]3([H])C[C@]3([H])O[C@@]5(CC[C@H](C)CN5)[C@@H](C)[C@]43[H])[C@@]1(C)CC[C@H](O)C2	"InChI=1S/C27H45NO2/c1-16-7-12-27(28-15-16)17(2)24-23(30-27)14-22-20-6-5-18-13-19(29)8-10-25(18,3)21(20)9-11-26(22,24)4/h16-24,28-29H,5-15H2,1-4H3/t16-,17-,18-,19-,20+,21-,22-,23-,24-,25-,26-,27-/m0/s1"	Tomatidine	416.35441				5.697																																																																																																																																																																																																		
				AQH	377.15751				5.606																																																																																																																																																																																																		
CHEBI:228513	C12H14N2O3	CCOC1=NC=NC2=CC(=C(C=C21)OC)OC	"InChI=1S/C12H14N2O3/c1-4-17-12-8-5-10(15-2)11(16-3)6-9(8)13-7-14-12/h5-7H,4H2,1-3H3"	"4-ethoxy-6,7-dimethoxyquinazoline"	235.10873				4.974																																																																																																																																																																																																		
CHEBI:16330	C19H30O2	[H][C@@]12CC[C@@]3([H])[C@]4([H])CC[C@H](O)[C@@]4(C)CC[C@]3([H])[C@@]1(C)CCC(=O)C2	"InChI=1S/C19H30O2/c1-18-9-7-13(20)11-12(18)3-4-14-15-5-6-17(21)19(15,2)10-8-16(14)18/h12,14-17,21H,3-11H2,1-2H3/t12-,14-,15-,16-,17-,18-,19-/m0/s1"	5alpha-Dihydrotestosterone	291.23304				6.286																																																																																																																																																																																																		
CHEBI:63918	C19H28O8	[H][C@@]12CC[C@@H](C)[C@]3([H])CC[C@@]4(C)OO[C@@]13[C@]([H])(O[C@@H](OC(=O)CCC(O)=O)[C@@H]2C)O4	"InChI=1S/C19H28O8/c1-10-4-5-13-11(2)16(23-15(22)7-6-14(20)21)24-17-19(13)12(10)8-9-18(3,25-17)26-27-19/h10-13,16-17H,4-9H2,1-3H3,(H,20,21)/t10-,11-,12+,13+,16-,17-,18-,19-/m1/s1"	Artesunate	407.16953				6.317																																																																																																																																																																																																		
CHEBI:8876	C15H10O7	Oc1ccc2c(c1)oc(-c1cc(O)c(O)c(O)c1)c(O)c2=O	"InChI=1S/C15H10O7/c16-7-1-2-8-11(5-7)22-15(14(21)12(8)19)6-3-9(17)13(20)10(18)4-6/h1-5,16-18,20-21H"	Robinetin	303.05151				5.804																																																																																																																																																																																																		
CHEBI:228514	C17H34N4O4	CC(C)CC(C(=O)NC(CCCCN)C(=O)O)NC(=O)C(C(C)C)N	"InChI=1S/C17H34N4O4/c1-10(2)9-13(21-16(23)14(19)11(3)4)15(22)20-12(17(24)25)7-5-6-8-18/h10-14H,5-9,18-19H2,1-4H3,(H,20,22)(H,21,23)(H,24,25)"	VLK	180.13917				1.622																																																																																																																																																																																																		
CHEBI:177643	C24H31FO4	F[C@@H]1[C@@H]([C@H]([C@@H](O)C1)C/C=C\CCCC(O)=O)/C=C/[C@H](O)C2CC=3C(C2)=CC=CC3	"InChI=1S/C24H31FO4/c25-21-15-23(27)20(9-3-1-2-4-10-24(28)29)19(21)11-12-22(26)18-13-16-7-5-6-8-17(16)14-18/h1,3,5-8,11-12,18-23,26-27H,2,4,9-10,13-15H2,(H,28,29)/b3-1-,12-11+/t19-,20-,21+,22+,23+/m1/s1"	AL 8810	425.21665				6.387																																																																																																																																																																																																		
CHEBI:170055	C11H20O4	O1[C@@H](CC[C@@]1([C@@H](C)C(O)=O)[H])C[C@@H](O)CC	"InChI=1S/C11H20O4/c1-3-8(12)6-9-4-5-10(15-9)7(2)11(13)14/h7-10,12H,3-6H2,1-2H3,(H,13,14)/t7-,8+,9+,10-/m1/s1"	"(2R)-2-[(2R,5S)-5-[(2S)-2-hydroxybutyl]oxolan-2-yl]propanoic acid"	199.13343				5.161																																																																																																																																																																																																		
CHEBI:87209				Virginiamycin	254.62521				6.516																																																																																																																																																																																																		
CHEBI:167367	C8H10O2	CC(=O)C1=C(C)OC(C)=C1	"InChI=1S/C8H10O2/c1-5-4-8(6(2)9)7(3)10-5/h4H,1-3H3"	"3-Acetyl-2,5-dimethylfuran"	139.07592				6.894																																																																																																																																																																																																		
CHEBI:228515	C9H8N2O2	CC1=NC2=C(N1)C=C(C=C2)C(=O)O	"InChI=1S/C9H8N2O2/c1-5-10-7-3-2-6(9(12)13)4-8(7)11-5/h2-4H,1H3,(H,10,11)(H,12,13)"	2-methyl-1H-benzimidazole-5-carboxylic acid	177.06695				3.721																																																																																																																																																																																																		
CHEBI:165323	C18H30O5	O[C@@H]1[C@@H]([C@H]([C@@H](O)C1)/C=C/[C@@H](O)CCCCC)C/C=C\CC(O)=O	"InChI=1S/C18H30O5/c1-2-3-4-7-13(19)10-11-15-14(16(20)12-17(15)21)8-5-6-9-18(22)23/h5-6,10-11,13-17,19-21H,2-4,7-9,12H2,1H3,(H,22,23)/b6-5-,11-10+/t13-,14+,15+,16-,17-/m0/s1"	"2,3-Dinor-11beta-PGF2alpha"	344.24463				5.75																																																																																																																																																																																																		
CHEBI:228516	C9H14N4O2	CC1=C(C(=NN1C)C=CN(C)C)[N+](=O)[O-]	"InChI=1S/C9H14N4O2/c1-7-9(13(14)15)8(10-12(7)4)5-6-11(2)3/h5-6H,1-4H3"	"N-[2-(1,5-dimethyl-4-nitro-1H-pyrazol-3-yl)vinyl]-N,N-dimethylamine"	211.11983				1.964																																																																																																																																																																																																		
CHEBI:183684	C11H16N4O4	O1C(CN(CC1C)C(=O)C2=C(N(N=C2)C)[N+]([O-])=O)C	"InChI=1S/C11H16N4O4/c1-7-5-14(6-8(2)19-7)11(16)9-4-12-13(3)10(9)15(17)18/h4,7-8H,5-6H2,1-3H3"	"(2,6-dimethylmorpholino)(1-methyl-5-nitro-1H-pyrazol-4-yl)methanone"	251.11256				1.345																																																																																																																																																																																																		
CHEBI:228517	C13H18N2O3S	CC1=CC=C(C=C1)S(=O)(=O)NC(=O)N2CCCCC2	"InChI=1S/C13H18N2O3S/c1-11-5-7-12(8-6-11)19(17,18)14-13(16)15-9-3-2-4-10-15/h5-8H,2-4,9-10H2,1H3,(H,14,16)"	N1-piperidinocarbonyl-4-methylbenzene-1-sulfonamide	283.10875				6.163																																																																																																																																																																																																		
CHEBI:175113	C19H18N2O3	OC1=CC=2C(CCNC(=O)/C=C/C3=CC=C(O)C=C3)=CNC2C=C1	"InChI=1S/C19H18N2O3/c22-15-4-1-13(2-5-15)3-8-19(24)20-10-9-14-12-21-18-7-6-16(23)11-17(14)18/h1-8,11-12,21-23H,9-10H2,(H,20,24)/b8-3+"	N-(p-Coumaroyl) serotonin	323.13833				6.097																																																																																																																																																																																																		
CHEBI:228518	C21H24ClN3O	C1CN(CCN1CCCOC2=CC=C(C=C2)Cl)C3=CC=CC4=C3C=CN4	"InChI=1S/C21H24ClN3O/c22-17-5-7-18(8-6-17)26-16-2-11-24-12-14-25(15-13-24)21-4-1-3-20-19(21)9-10-23-20/h1,3-10,23H,2,11-16H2"	4-{4-[3-(4-chlorophenoxy)propyl]piperazino}-1H-indole	370.16923				6.24																																																																																																																																																																																																		
CHEBI:228519	C6H7N3OS	C1=CSC(=C1)C=NNC(=O)N	"InChI=1S/C6H7N3OS/c7-6(10)9-8-4-5-2-1-3-11-5/h1-4H,(H3,7,9,10)/b8-4-"	2-(2-thienylmethylidene)hydrazine-1-carboxamide	170.0372				1.64																																																																																																																																																																																																		
CHEBI:228520	C23H36NO4+	CCC=CC=CC=CC=CC=CCCCC(=O)OC(CC(=O)O)C[N+](C)(C)C	"InChI=1S/C23H35NO4/c1-5-6-7-8-9-10-11-12-13-14-15-16-17-18-23(27)28-21(19-22(25)26)20-24(2,3)4/h6-15,21H,5,16-20H2,1-4H3/p+1/b7-6+,9-8+,11-10-,13-12-,15-14+"	CAR 16:5	390.26522				6.584																																																																																																																																																																																																		
CHEBI:28738	C8H11N	Cc1cccc(C)c1N	"InChI=1S/C8H11N/c1-6-4-3-5-7(2)8(6)9/h3-5H,9H2,1-2H3"	"2,6-Xylidine"	122.09723				3.918																																																																																																																																																																																																		
CHEBI:228521	C15H22N2O2	CCC1CN2CCC1CC2CNC(=O)C3=CC=CO3	"InChI=1S/C15H22N2O2/c1-2-11-10-17-6-5-12(11)8-13(17)9-16-15(18)14-4-3-7-19-14/h3-4,7,11-13H,2,5-6,8-10H2,1H3,(H,16,18)/t11-,12-,13+/m0/s1"	"N-{[(2R,4S,5R)-5-Ethyl-1-azabicyclo[2.2.2]oct-2-yl]methyl}-2-furamide"	263.17642				4.726																																																																																																																																																																																																		
CHEBI:47807	C6H11NOS2	N(=C=S)CCCCS(=O)C	"InChI=1S/C6H11NOS2/c1-10(8)5-3-2-4-7-6-9/h2-5H2,1H3"	Sulforaphane	178.03646				5.603																																																																																																																																																																																																		
CHEBI:167729	C23H39NO2	O=C(N[C@@H](CO)C)CCC/C=C\C/C=C\C/C=C\C/C=C\CCCCC	"InChI=1S/C23H39NO2/c1-3-4-5-6-7-8-9-10-11-12-13-14-15-16-17-18-19-20-23(26)24-22(2)21-25/h7-8,10-11,13-14,16-17,22,25H,3-6,9,12,15,18-21H2,1-2H3,(H,24,26)/b8-7-,11-10-,14-13-,17-16-/t22-/m1/s1"	Methanandamide	362.30462				9.971																																																																																																																																																																																																		
CHEBI:17303	C17H19NO3	[H][C@]12C=C[C@H](O)[C@@H]3Oc4c(O)ccc5C[C@H]1N(C)CC[C@@]23c45	"InChI=1S/C17H19NO3/c1-18-7-6-17-10-3-5-13(20)16(17)21-15-12(19)4-2-9(14(15)17)8-11(10)18/h2-5,10-11,13,16,19-20H,6-8H2,1H3/t10-,11+,13-,16-,17-/m0/s1"	Morphine	286.14526				4.081																																																																																																																																																																																																		
CHEBI:90230	C23H38O7	C(\[C@H]1[C@@H](CC([C@@H]1C/C=C\CCCC(=O)OCC(CO)O)=O)O)=C/[C@H](CCCCC)O	"InChI=1S/C23H38O7/c1-2-3-6-9-17(25)12-13-20-19(21(27)14-22(20)28)10-7-4-5-8-11-23(29)30-16-18(26)15-24/h4,7,12-13,17-20,22,24-26,28H,2-3,5-6,8-11,14-16H2,1H3/b7-4-,13-12+/t17-,18?,19+,20+,22+/m0/s1"	Prostaglandin E2-1-glyceryl ester	409.25849				6.015																																																																																																																																																																																																		
CHEBI:16960	C15H23N5O14P2	Nc1ncnc2n(cnc12)[C@@H]1O[C@H](COP(O)(=O)OP(O)(=O)OC[C@H]2OC(O)[C@H](O)[C@@H]2O)[C@@H](O)[C@H]1O	"InChI=1S/C15H23N5O14P2/c16-12-7-13(18-3-17-12)20(4-19-7)14-10(23)8(21)5(32-14)1-30-35(26,27)34-36(28,29)31-2-6-9(22)11(24)15(25)33-6/h3-6,8-11,14-15,21-25H,1-2H2,(H,26,27)(H,28,29)(H2,16,17,18)/t5-,6-,8-,9-,10-,11-,14-,15?/m1/s1"	ADP-ribose	560.08014				1.328																																																																																																																																																																																																		
CHEBI:27641	C15H23NO4	[H][C@]1(C[C@@H](C)C[C@H](C)C1=O)[C@H](O)CC1CC(=O)NC(=O)C1	"InChI=1S/C15H23NO4/c1-8-3-9(2)15(20)11(4-8)12(17)5-10-6-13(18)16-14(19)7-10/h8-12,17H,3-7H2,1-2H3,(H,16,18,19)/t8-,9-,11-,12+/m0/s1"	Cycloheximide	282.17114				5.467																																																																																																																																																																																																		
CHEBI:228522	C21H38NO4+	CCCCC=CC=CCCCCCC(=O)OC(CC(=O)O)C[N+](C)(C)C	"InChI=1S/C21H37NO4/c1-5-6-7-8-9-10-11-12-13-14-15-16-21(25)26-19(17-20(23)24)18-22(2,3)4/h8-11,19H,5-7,12-18H2,1-4H3/p+1/b9-8+,11-10+"	CAR 14:2	368.28067				6.833																																																																																																																																																																																																		
CHEBI:228523	C14H16N4OS	C1CC(C(=O)NC1)C2=NNC(=S)N2CC3=CC=CC=C3	"InChI=1S/C14H16N4OS/c19-13-11(7-4-8-15-13)12-16-17-14(20)18(12)9-10-5-2-1-3-6-10/h1-3,5-6,11H,4,7-9H2,(H,15,19)(H,17,20)"	"3-(4-benzyl-5-thioxo-4,5-dihydro-1H-1,2,4-triazol-3-yl)piperidin-2-one"	289.10864				5.545																																																																																																																																																																																																		
CHEBI:132121	C23H38O5	C(CCC)CC1C(C/C=C\C/C=C\C/C=C\CCCC(OC(CO)CO)=O)O1	"InChI=1S/C23H38O5/c1-2-3-12-15-21-22(28-21)16-13-10-8-6-4-5-7-9-11-14-17-23(26)27-20(18-24)19-25/h4,6-7,9-10,13,20-22,24-25H,2-3,5,8,11-12,14-19H2,1H3/b6-4-,9-7-,13-10-"	"2-(14,15-Epoxyeicosatrienoyl) glycerol"	417.26308				6.79																																																																																																																																																																																																		
CHEBI:78033	C21H34O2	CCCCC\C=C/C\C=C/C\C=C/C\C=C/CCCC(=O)OC	"InChI=1S/C21H34O2/c1-3-4-5-6-7-8-9-10-11-12-13-14-15-16-17-18-19-20-21(22)23-2/h7-8,10-11,13-14,16-17H,3-6,9,12,15,18-20H2,1-2H3/b8-7-,11-10-,14-13-,17-16-"	Arachidonic acid methyl ester	301.25409				6.573																																																																																																																																																																																																		
CHEBI:192587	C16H26O5	O[C@H]1[C@@H]([C@H](C(=O)C1)CCC(O)=O)CCC(=O)CCCCC	"InChI=1S/C16H26O5/c1-2-3-4-5-11(17)6-7-12-13(8-9-16(20)21)15(19)10-14(12)18/h12-14,18H,2-10H2,1H3,(H,20,21)/t12-,13-,14-/m1/s1"	"13,14-dihydro-15-keto-tetranor Prostaglandin E2"	321.16877				6.755																																																																																																																																																																																																		
CHEBI:4858	C16H11ClN4	Clc1ccc-2c(c1)C(=NCc1nncn-21)c1ccccc1	"InChI=1S/C16H11ClN4/c17-12-6-7-14-13(8-12)16(11-4-2-1-3-5-11)18-9-15-20-19-10-21(14)15/h1-8,10H,9H2"	Estazolam	295.07584				5.554																																																																																																																																																																																																		
CHEBI:228524	C15H10FN	C1=CC=C2C(=C1)C=CC(=N2)C3=CC=C(C=C3)F	InChI=1S/C15H10FN/c16-13-8-5-12(6-9-13)15-10-7-11-3-1-2-4-14(11)17-15/h1-10H	2-(4-fluorophenyl)quinoline	224.08783				6.464																																																																																																																																																																																																		
CHEBI:228525	C6H8N2S	CSCC1=NC=CN=C1	"InChI=1S/C6H8N2S/c1-9-5-6-4-7-2-3-8-6/h2-4H,5H2,1H3"	(Methylthio)methylpyrazine	141.04897				1.694																																																																																																																																																																																																		
CHEBI:23359	C22H25NO6	COc1cc2CCC(NC(C)=O)c3cc(=O)c(OC)ccc3-c2c(OC)c1OC	"InChI=1S/C22H25NO6/c1-12(24)23-16-8-6-13-10-19(27-3)21(28-4)22(29-5)20(13)14-7-9-18(26-2)17(25)11-15(14)16/h7,9-11,16H,6,8H2,1-5H3,(H,23,24)"	Colchicine	400.17141				5.501																																																																																																																																																																																																		
CHEBI:6377	C15H14O3	CC(C)=CCC1=C(O)C(=O)C2=C(C=CC=C2)C1=O	"InChI=1S/C15H14O3/c1-9(2)7-8-12-13(16)10-5-3-4-6-11(10)14(17)15(12)18/h3-7,18H,8H2,1-2H3"	Lapachol	243.10274				6.234																																																																																																																																																																																																		
CHEBI:228526	C10H13NO	CC(CC1=CC=CC=C1)C(=O)N	"InChI=1S/C10H13NO/c1-8(10(11)12)7-9-5-3-2-4-6-9/h2-6,8H,7H2,1H3,(H2,11,12)/t8-/m0/s1"	DPH	368.15803				1.409																																																																																																																																																																																																		
CHEBI:228527	C16H16N2	CC(=NN=C(C)C1=CC=CC=C1)C2=CC=CC=C2	"InChI=1S/C16H16N2/c1-13(15-9-5-3-6-10-15)17-18-14(2)16-11-7-4-8-12-16/h3-12H,1-2H3"	"1,2-di(1-phenylethylidene)hydrazine"	237.13956				5.252																																																																																																																																																																																																		
CHEBI:190664	C12H17NO2	O1CCN(CC(O)C2=CC=CC=C2)CC1	"InChI=1S/C12H17NO2/c14-12(11-4-2-1-3-5-11)10-13-6-8-15-9-7-13/h1-5,12,14H,6-10H2"	2-morpholino-1-phenyl-1-ethanol	190.12376				5.274																																																																																																																																																																																																		
CHEBI:228528	C15H22O4	CC1=CC2C(CC1)(C3(C(CC(C34CO4)O2)O)C)CO	"InChI=1S/C15H22O4/c1-9-3-4-14(7-16)11(5-9)19-12-6-10(17)13(14,2)15(12)8-18-15/h5,10-12,16-17H,3-4,6-8H2,1-2H3/t10-,11-,12-,13-,14-,15+/m1/s1"	Verrucarol	267.1603				6.45																																																																																																																																																																																																		
CHEBI:183408	C13H14N2O3	O(C1=CC(=C(C2=C(NN=C2C)C)C=C1)C(O)=O)C	"InChI=1S/C13H14N2O3/c1-7-12(8(2)15-14-7)10-5-4-9(18-3)6-11(10)13(16)17/h4-6H,1-3H3,(H,14,15)(H,16,17)"	"2-(3,5-dimethyl-1H-pyrazol-4-yl)-5-methoxybenzoic acid"	247.10886				5.896																																																																																																																																																																																																		
CHEBI:16118	C20H18NO4+	COc1ccc2cc3-c4cc5OCOc5cc4CC[n+]3cc2c1OC	"InChI=1S/C20H18NO4/c1-22-17-4-3-12-7-16-14-9-19-18(24-11-25-19)8-13(14)5-6-21(16)10-15(12)20(17)23-2/h3-4,7-10H,5-6,11H2,1-2H3/q+1"	Berberine	336.12467				5.479																																																																																																																																																																																																		
CHEBI:183465	C18H25FN4O3	FCC(O)CCCN1N=C(C=2C1=CC=CC2)C(=O)NC(C(C)C)C(=O)N	"InChI=1S/C18H25FN4O3/c1-11(2)15(17(20)25)21-18(26)16-13-7-3-4-8-14(13)23(22-16)9-5-6-12(24)10-19/h3-4,7-8,11-12,15,24H,5-6,9-10H2,1-2H3,(H2,20,25)(H,21,26)"	5-fluoro AB-PINACA N-(4-hydroxypentyl) metabolite	387.18157				6.577																																																																																																																																																																																																		
CHEBI:141547	C18H19NO	O1CC=2C(C(C=3C1=CC=CC3)=C(CCNC)[H])=CC=CC2	"InChI=1S/C18H19NO/c1-19-12-6-10-16-15-8-3-2-7-14(15)13-20-18-11-5-4-9-17(16)18/h2-5,7-11,19H,6,12-13H2,1H3"	Desmethyldoxepin	266.15488				6.186																																																																																																																																																																																																		
CHEBI:228529	C20H30O4	CCCCC1C2CC(=O)C(C2CCC1=O)CC=CCCCC(=O)O	"InChI=1S/C20H30O4/c1-2-3-8-16-17-13-19(22)15(14(17)11-12-18(16)21)9-6-4-5-7-10-20(23)24/h4,6,14-17H,2-3,5,7-13H2,1H3,(H,23,24)/b6-4+"	Bicyclo Prostaglandin E2	357.20318				5.561																																																																																																																																																																																																		
CHEBI:228530	C19H22O2	C1=CC=C(C=C1)CCC(CC(=O)CCC2=CC=CC=C2)O	"InChI=1S/C19H22O2/c20-18(13-11-16-7-3-1-4-8-16)15-19(21)14-12-17-9-5-2-6-10-17/h1-10,18,20H,11-15H2/t18-/m0/s1"	"(5S)-5-hydroxy-1,7-diphenylheptan-3-one"	265.15983				6.785																																																																																																																																																																																																		
CHEBI:228531	C16H21N3O2	COC1=C(C=C2C(=C1)C(=NC=N2)NC3CCCCC3)OC	"InChI=1S/C16H21N3O2/c1-20-14-8-12-13(9-15(14)21-2)17-10-18-16(12)19-11-6-4-3-5-7-11/h8-11H,3-7H2,1-2H3,(H,17,18,19)"	"N-cyclohexyl-6,7-dimethoxyquinazolin-4-amine"	288.16751				2.187																																																																																																																																																																																																		
CHEBI:52075	C20H32O	CC(CCO)\C=C\C=C(C)\C=C\C1=C(C)CCCC1(C)C	"InChI=1S/C20H32O/c1-16(8-6-9-17(2)13-15-21)11-12-19-18(3)10-7-14-20(19,4)5/h6,8-9,11-12,17,21H,7,10,13-15H2,1-5H3/b9-6+,12-11+,16-8+"	"All-Trans-13,14-Dihydroretinol"	289.2538				6.04																																																																																																																																																																																																		
CHEBI:192574	C19H20FN3	FC1=CC=2NC(=NC2C=C1)[C@]3(CCN(C3)CC=4C(=CC=CC4)C)[H]	"InChI=1S/C19H20FN3/c1-13-4-2-3-5-14(13)11-23-9-8-15(12-23)19-21-17-7-6-16(20)10-18(17)22-19/h2-7,10,15H,8-9,11-12H2,1H3,(H,21,22)/t15-/m0/s1"	5-Fluoro-2-[(3S)-1-(2-methylbenzyl)-3-pyrrolidinyl]-1H-benzimidazole	310.1676				5.495																																																																																																																																																																																																		
CHEBI:222384	C32H39NO5	O=C1C23OC2[C@](O)(CC4=CC=C(O[C@H]5[C@@H]6[C@@H]1[C@](C=C(C)[C@H]6[C@@]7(C[C@H](C)C[C@@H]([C@@H]57)C)C)(C=C)C)C=C4)NC3=O	"InChI=1S/C32H39NO5/c1-7-29(5)14-18(4)22-21-24(29)26(34)32-27(38-32)31(36,33-28(32)35)15-19-8-10-20(11-9-19)37-25(21)23-17(3)12-16(2)13-30(22,23)6/h7-11,14,16-17,21-25,27,36H,1,12-13,15H2,2-6H3,(H,33,35)/t16-,17+,21+,22-,23+,24+,25+,27?,29+,30+,31-,32?/m1/s1"	GKK	332.22326				6.389																																																																																																																																																																																																		
CHEBI:228532	C13H14N2O2	CC(=C1C(=O)OC(=N1)C2=CC=CC=C2)N(C)C	"InChI=1S/C13H14N2O2/c1-9(15(2)3)11-13(16)17-12(14-11)10-7-5-4-6-8-10/h4-8H,1-3H3"	"4-[1-(dimethylamino)ethylidene]-2-phenyl-1,3-oxazol-5(4H)-one"	253.09384				5.616																																																																																																																																																																																																		
CHEBI:228533	C24H28ClN3	CN=C1C=CC(=C(C2=CC=C(C=C2)N(C)C)C3=CC=C(C=C3)N(C)C)C=C1.Cl	"InChI=1S/C24H27N3.ClH/c1-25-21-12-6-18(7-13-21)24(19-8-14-22(15-9-19)26(2)3)20-10-16-23(17-11-20)27(4)5;/h6-17H,1-5H3;1H"	Methyl Violet	358.22339				5.25																																																																																																																																																																																																		
CHEBI:228534	C12H17NO2S	CC1=CC=C(C=C1)CN2CCS(=O)(=O)CC2	"InChI=1S/C12H17NO2S/c1-11-2-4-12(5-3-11)10-13-6-8-16(14,15)9-7-13/h2-5H,6-10H2,1H3"	"4-(4-methylbenzyl)-1lambda~6~,4-thiazinane-1,1-dione"	240.10432				4.395																																																																																																																																																																																																		
CHEBI:192632	C17H22N2O2	O=C1N(C(=O)CC1N2CCCCC2)C3=CC(=C(C=C3)C)C	"InChI=1S/C17H22N2O2/c1-12-6-7-14(10-13(12)2)19-16(20)11-15(17(19)21)18-8-4-3-5-9-18/h6-7,10,15H,3-5,8-9,11H2,1-2H3"	"1-(3,4-dimethylphenyl)-3-piperidinopyrrolidine-2,5-dione"	287.17691				6.089																																																																																																																																																																																																		
CHEBI:16713	C6H5N5O2	Nc1nc(O)c2ncc(O)nc2n1	"InChI=1S/C6H5N5O2/c7-6-10-4-3(5(13)11-6)8-1-2(12)9-4/h1H,(H4,7,9,10,11,12,13)"	Isoxanthopterin	180.04934				1.445																																																																																																																																																																																																		
CHEBI:181255	C17H18O6	O(C(C=1C=2OC(=O)C=CC2C=CC1OC)C(=O)C(C)C)C(=O)C	"InChI=1S/C17H18O6/c1-9(2)15(20)17(22-10(3)18)14-12(21-4)7-5-11-6-8-13(19)23-16(11)14/h5-9,17H,1-4H3"	1-(7-methoxy-2-oxo-2H-chromen-8-yl)-3-methyl-2-oxobutyl acetate	341.10349				6.063																																																																																																																																																																																																		
CHEBI:176815	C17H37N	N(CCCCCCCC)(CCCCCCCC)C	"InChI=1S/C17H37N/c1-4-6-8-10-12-14-16-18(3)17-15-13-11-9-7-5-2/h4-17H2,1-3H3"	N-Methyldioctylamine	256.3011				7.02																																																																																																																																																																																																		
CHEBI:228535	C12H8N2S	C1=CC(=CN=C1)C=C(C#N)C2=CC=CS2	"InChI=1S/C12H8N2S/c13-8-11(12-4-2-6-15-12)7-10-3-1-5-14-9-10/h1-7,9H"	3-(3-pyridyl)-2-(2-thienyl)acrylonitrile	213.04911				1.295																																																																																																																																																																																																		
CHEBI:190559	C16H21N5O2	O=C(N1CCN(CC1)C=2N=CC(CCC)=CN2)C3=NOC(=C3)C	"InChI=1S/C16H21N5O2/c1-3-4-13-10-17-16(18-11-13)21-7-5-20(6-8-21)15(22)14-9-12(2)23-19-14/h9-11H,3-8H2,1-2H3"	(5-methyl-3-isoxazolyl)[4-(5-propyl-2-pyrimidinyl)piperazino]methanone	150.07837				5.234																																																																																																																																																																																																		
CHEBI:41001	C16H19NO4	[H][C@]12CC[C@]([H])([C@H]([C@H](C1)OC(=O)c1ccccc1)C(O)=O)N2C	"InChI=1S/C16H19NO4/c1-17-11-7-8-12(17)14(15(18)19)13(9-11)21-16(20)10-5-3-2-4-6-10/h2-6,11-14H,7-9H2,1H3,(H,18,19)/t11-,12+,13-,14+/m0/s1"	Benzoylecgonine	290.14281				5.227																																																																																																																																																																																																		
CHEBI:168480	C26H30O7	O1C2C3(C4C(C=5C(CC4)(C(OC(=O)C5)C=6C=COC6)C)(C(=O)CC3C1(C)C)C)COC(=O)C2	"InChI=1S/C26H30O7/c1-23(2)16-9-18(27)25(4)15(26(16)13-31-20(28)11-19(26)33-23)5-7-24(3)17(25)10-21(29)32-22(24)14-6-8-30-12-14/h6,8,10,12,15-16,19,22H,5,7,9,11,13H2,1-4H3"	Deoxylimonin	455.20579				5.489																																																																																																																																																																																																		
CHEBI:195104	C6H10N2	N1(N=C(C=C1C)C)C	"InChI=1S/C6H10N2/c1-5-4-6(2)8(3)7-5/h4H,1-3H3"	"1,3,5-Trimethylpyrazole"	111.09212				1.37																																																																																																																																																																																																		
CHEBI:183395	C16H14ClN5O2	ClC1=C(N2CCOCC2)C=NN(C1=O)C3=NC=4C(N=C3)=CC=CC4	"InChI=1S/C16H14ClN5O2/c17-15-13(21-5-7-24-8-6-21)9-19-22(16(15)23)14-10-18-11-3-1-2-4-12(11)20-14/h1-4,9-10H,5-8H2"	4-chloro-5-morpholino-2-quinoxalin-2-ylpyridazin-3(2H)-one	344.09305				1.647																																																																																																																																																																																																		
CHEBI:228536	C18H17F2N3	C1CN(CC1C2=NC3=CC=CC=C3N2)CC4=CC(=C(C=C4)F)F	"InChI=1S/C18H17F2N3/c19-14-6-5-12(9-15(14)20)10-23-8-7-13(11-23)18-21-16-3-1-2-4-17(16)22-18/h1-6,9,13H,7-8,10-11H2,(H,21,22)/t13-/m0/s1"	"2-[(3S)-1-(3,4-Difluorobenzyl)-3-pyrrolidinyl]-1H-benzimidazole"	314.15206				5.652																																																																																																																																																																																																		
CHEBI:15551	C20H32O5	CCCCC[C@H](O)\C=C\[C@H]1[C@H](O)CC(=O)[C@@H]1C\C=C/CCCC(O)=O	"InChI=1S/C20H32O5/c1-2-3-6-9-15(21)12-13-17-16(18(22)14-19(17)23)10-7-4-5-8-11-20(24)25/h4,7,12-13,15-17,19,21,23H,2-3,5-6,8-11,14H2,1H3,(H,24,25)/b7-4-,13-12+/t15-,16+,17+,19+/m0/s1"	Prostaglandin E2	353.2335				6.606																																																																																																																																																																																																		
				N-P-Coumaroyl Spermidine	292.20309				6.378																																																																																																																																																																																																		
CHEBI:68440	C7H8N2O	Cc1ncccc1C(N)=O	"InChI=1S/C7H8N2O/c1-5-6(7(8)10)3-2-4-9-5/h2-4H,1H3,(H2,8,10)"	2-Methylnicotinamide	137.07167				10.709																																																																																																																																																																																																		
CHEBI:183677	C15H13NO2	O(C1=CC(=C(C2=CC=C(OC)C=C2)C=C1)C#N)C	"InChI=1S/C15H13NO2/c1-17-13-5-3-11(4-6-13)15-8-7-14(18-2)9-12(15)10-16/h3-9H,1-2H3"	"4,4'-dimethoxy[1,1'-biphenyl]-2-carbonitrile"	240.10436				1.682																																																																																																																																																																																																		
CHEBI:228537	C20H17Cl3N4	C1=CC=C2C(=C1)C(=NN=C2NC3=CC=C(C=C3)Cl)CC4=CC=NC=C4.Cl.Cl	"InChI=1S/C20H15ClN4.2ClH/c21-15-5-7-16(8-6-15)23-20-18-4-2-1-3-17(18)19(24-25-20)13-14-9-11-22-12-10-14;;/h1-12H,13H2,(H,23,25);2*1H"	Vatalanib dihydrochloride	347.1078				5.707																																																																																																																																																																																																		
CHEBI:29009	C6H11N3	Cn1cnc(CCN)c1	"InChI=1S/C6H11N3/c1-9-4-6(2-3-7)8-5-9/h4-5H,2-3,7H2,1H3"	1-Methylhistamine	198.05685				5.488																																																																																																																																																																																																		
CHEBI:73029	C16H12O5	[H]C12COc3cc(O)ccc3C1([H])Oc1cc3OCOc3cc21	"InChI=1S/C16H12O5/c17-8-1-2-9-12(3-8)18-6-11-10-4-14-15(20-7-19-14)5-13(10)21-16(9)11/h1-5,11,16-17H,6-7H2"	(-)-Maackiain	285.07734				5.116																																																																																																																																																																																																		
CHEBI:41863				Debromohymenialdisine	246.0984				2.059																																																																																																																																																																																																		
CHEBI:183381	C20H14N4	N=1C(=C(N=NC1C=2N=CC=CC2)C3=CC=CC=C3)C4=CC=CC=C4	InChI=1S/C20H14N4/c1-3-9-15(10-4-1)18-19(16-11-5-2-6-12-16)23-24-20(22-18)17-13-7-8-14-21-17/h1-14H	"5,6-diphenyl-3-(2-pyridyl)-1,2,4-triazine"	311.12774				6.214																																																																																																																																																																																																		
CHEBI:183679	C9H12N2O2	OC(=O)C1=C(N(C)C)C=CC(N)=C1	"InChI=1S/C9H12N2O2/c1-11(2)8-4-3-6(10)5-7(8)9(12)13/h3-5H,10H2,1-2H3,(H,12,13)"	5-amino-2-(dimethylamino)benzoic acid	181.09823				5.053																																																																																																																																																																																																		
CHEBI:228538	C16H11N	C1=CC2=C3C(=C1)C=CC4=C(C=CC(=C43)C=C2)N	"InChI=1S/C16H11N/c17-14-9-7-12-5-4-10-2-1-3-11-6-8-13(14)16(12)15(10)11/h1-9H,17H2"	1-Aminopyrene	218.09672				1.976																																																																																																																																																																																																		
CHEBI:228539	C9H18N2O6S2	C1COCCN1S(=O)(=O)CS(=O)(=O)N2CCOCC2	"InChI=1S/C9H18N2O6S2/c12-18(13,10-1-5-16-6-2-10)9-19(14,15)11-3-7-17-8-4-11/h1-9H2"	4-{[(morpholinosulfonyl)methyl]sulfonyl}morpholine	332.09705				6.114																																																																																																																																																																																																		
CHEBI:183438	C11H12O3	O=C(CC1=CC=CC=C1)CCC(O)=O	"InChI=1S/C11H12O3/c12-10(6-7-11(13)14)8-9-4-2-1-3-5-9/h1-5H,6-8H2,(H,13,14)"	4-oxo-5-phenylpentanoic acid	175.07627				6.226																																																																																																																																																																																																		
				THJ2201 N-(5-hydroxypentyl) metabolite	359.17331				5.506																																																																																																																																																																																																		
CHEBI:228540	C17H17NO3S	CN(C)C=CC(=O)C1=CC=C(C=C1)S(=O)(=O)C2=CC=CC=C2	"InChI=1S/C17H17NO3S/c1-18(2)13-12-17(19)14-8-10-16(11-9-14)22(20,21)15-6-4-3-5-7-15/h3-13H,1-2H3"	3-(dimethylamino)-1-[4-(phenylsulfonyl)phenyl]prop-2-en-1-one	316.09777				2.067																																																																																																																																																																																																		
CHEBI:183758	C16H25NO	O=C(N1CCCCC1)C23CC4CC(C2)CC(C3)C4	"InChI=1S/C16H25NO/c18-15(17-4-2-1-3-5-17)16-9-12-6-13(10-16)8-14(7-12)11-16/h12-14H,1-11H2"	1-adamantyl(piperidino)methanone	270.18295				6.399																																																																																																																																																																																																		
CHEBI:15929	C13H20O3	CC\C=C/C[C@@H]1[C@@H](CC(=O)OC)CCC1=O	"InChI=1S/C13H20O3/c1-3-4-5-6-11-10(7-8-12(11)14)9-13(15)16-2/h4-5,10-11H,3,6-9H2,1-2H3/b5-4-/t10-,11-/m1/s1"	Methyl jasmonate	225.14951				6.269																																																																																																																																																																																																		
CHEBI:20129	C10H15N3O5	Cn1c(=N)ccn([C@@H]2O[C@H](CO)[C@@H](O)[C@H]2O)c1=O	"InChI=1S/C10H15N3O5/c1-12-6(11)2-3-13(10(12)17)9-8(16)7(15)5(4-14)18-9/h2-3,5,7-9,11,14-16H,4H2,1H3/t5-,7-,8-,9-/m1/s1"	3-Methylcytidine	258.1094				1.839																																																																																																																																																																																																		
CHEBI:174417	C15H16O4	O1C(CCC2=CC=C(OC)C=C2)=CC(OC)=CC1=O	"InChI=1S/C15H16O4/c1-17-12-6-3-11(4-7-12)5-8-13-9-14(18-2)10-15(16)19-13/h3-4,6-7,9-10H,5,8H2,1-2H3"	4-methoxy-6-[2-(4-methoxyphenyl)ethyl]-2H-pyran-2-one	283.09544				5.815																																																																																																																																																																																																		
CHEBI:67989	C54H92O23	[H][C@@]1(CC[C@]2(C)[C@]1([H])[C@H](O)C[C@]1([H])[C@@]3(C)CC[C@H](O[C@@H]4O[C@H](CO)[C@@H](O)[C@H](O)[C@H]4O[C@@H]4O[C@H](CO)[C@@H](O)[C@H](O)[C@H]4O)C(C)(C)[C@]3([H])CC[C@@]21C)[C@](C)(CCC=C(C)C)O[C@@H]1O[C@H](CO[C@@H]2O[C@H](CO)[C@@H](O)[C@H](O)[C@H]2O)[C@@H](O)[C@H](O)[C@H]1O	"InChI=1S/C54H92O23/c1-23(2)10-9-14-54(8,77-48-44(69)40(65)37(62)29(74-48)22-70-46-42(67)38(63)34(59)26(19-55)71-46)24-11-16-53(7)33(24)25(58)18-31-51(5)15-13-32(50(3,4)30(51)12-17-52(31,53)6)75-49-45(41(66)36(61)28(21-57)73-49)76-47-43(68)39(64)35(60)27(20-56)72-47/h10,24-49,55-69H,9,11-22H2,1-8H3/t24-,25+,26+,27+,28+,29+,30-,31+,32-,33-,34+,35+,36+,37+,38-,39-,40-,41-,42+,43+,44+,45+,46+,47-,48-,49-,51-,52+,53+,54-/m0/s1"	Ginsenoside Rb1	1131.59796				6.528																																																																																																																																																																																																		
CHEBI:66773	C28H34O14	COc1ccc(cc1)[C@@H]1CC(=O)c2c(O)cc(O[C@@H]3O[C@H](CO)[C@@H](O)[C@H](O)[C@H]3O[C@@H]3O[C@@H](C)[C@H](O)[C@@H](O)[C@H]3O)cc2O1	"InChI=1S/C28H34O14/c1-11-21(32)23(34)25(36)27(38-11)42-26-24(35)22(33)19(10-29)41-28(26)39-14-7-15(30)20-16(31)9-17(40-18(20)8-14)12-3-5-13(37-2)6-4-12/h3-8,11,17,19,21-30,32-36H,9-10H2,1-2H3/t11-,17-,19+,21-,22+,23+,24-,25+,26+,27-,28+/m0/s1"	Poncirin	595.20408				5.379																																																																																																																																																																																																		
CHEBI:228541	C7H15O10P	C(C(C1C(C(C(O1)(CO)O)O)O)O)OP(=O)(O)O	"InChI=1S/C7H15O10P/c8-2-7(12)6(11)4(10)5(17-7)3(9)1-16-18(13,14)15/h3-6,8-12H,1-2H2,(H2,13,14,15)/t3-,4-,5-,6+,7-/m1/s1"	s7p	291.04789				5.102																																																																																																																																																																																																		
CHEBI:47876	C10H15N3O4	Cc1cn([C@H]2C[C@H](O)[C@@H](CO)O2)c(=O)nc1N	"InChI=1S/C10H15N3O4/c1-5-3-13(10(16)12-9(5)11)8-2-6(15)7(4-14)17-8/h3,6-8,14-15H,2,4H2,1H3,(H2,11,12,16)/t6-,7+,8+/m0/s1"	5-Methyl-2'-deoxycytidine	242.11468				1.633																																																																																																																																																																																																		
CHEBI:228542	C19H22O6	COC1=C(C=C(C=C1)CCC(=O)C2=C(C=C(C=C2OC)OC)O)OC	"InChI=1S/C19H22O6/c1-22-13-10-15(21)19(18(11-13)25-4)14(20)7-5-12-6-8-16(23-2)17(9-12)24-3/h6,8-11,21H,5,7H2,1-4H3"	"3-(3,4-dimethoxyphenyl)-1-(2-hydroxy-4,6-dimethoxyphenyl)propan-1-one"	347.14444				5.901																																																																																																																																																																																																		
CHEBI:12962	C6H14NO8P			D-Glucosamine 6-phosphate	260.05352				5.235																																																																																																																																																																																																		
CHEBI:6715	C22H32O3	C1[C@]2([C@]3([C@@]([C@@]4(C(=CC(CC4)=O)[C@H](C3)C)C)(CC[C@@]2([C@@](C1)(O)C(=O)C)C)[H])[H])[H]	"InChI=1S/C22H32O3/c1-13-11-16-17(20(3)8-5-15(24)12-19(13)20)6-9-21(4)18(16)7-10-22(21,25)14(2)23/h12-13,16-18,25H,5-11H2,1-4H3/t13-,16+,17-,18-,20+,21-,22-/m0/s1"	Medroxyprogesterone	345.24361				6.225																																																																																																																																																																																																		
CHEBI:16356	C10H12N5O7P	Nc1nc2n(cnc2c(=O)[nH]1)[C@@H]1O[C@@H]2COP(O)(=O)O[C@H]2[C@H]1O	"InChI=1S/C10H12N5O7P/c11-10-13-7-4(8(17)14-10)12-2-15(7)9-5(16)6-3(21-9)1-20-23(18,19)22-6/h2-3,5-6,9,16H,1H2,(H,18,19)(H3,11,13,14,17)/t3-,5-,6-,9-/m1/s1"	"Guanosine-3',5'-cyclic monophosphate"	346.05605				3.391																																																																																																																																																																																																		
CHEBI:15890	C9H10N2	Cc1cc2nc[nH]c2cc1C	"InChI=1S/C9H10N2/c1-6-3-8-9(4-7(6)2)11-5-10-8/h3-5H,1-2H3,(H,10,11)"	"5,6-Dimethylbenzimidazole"	315.15649				4.92																																																																																																																																																																																																		
CHEBI:192666	C10H15N3O3	O1CCN(CC1)CC(=O)NC2=NOC(=C2)C	"InChI=1S/C10H15N3O3/c1-8-6-9(12-16-8)11-10(14)7-13-2-4-15-5-3-13/h6H,2-5,7H2,1H3,(H,11,12,14)"	N1-(5-methylisoxazol-3-yl)-2-morpholinoacetamide	226.11954				4.704																																																																																																																																																																																																		
				KQH	412.23483				5.616																																																																																																																																																																																																		
CHEBI:228543	C12H14N2O	CC12C3=CC=CC=C3CCN1CC(=O)N2	"InChI=1S/C12H14N2O/c1-12-10-5-3-2-4-9(10)6-7-14(12)8-11(15)13-12/h2-5H,6-8H2,1H3,(H,13,15)"	"10b-methyl-1,5,6,10b-tetrahydroimidazo[2,1-a]isoquinolin-2(3H)-one"	203.11883				5.133																																																																																																																																																																																																		
CHEBI:190625	C23H32N4O	O=C(NC1=CC=C(N2CCN(CC2)C)C=C1)NC3=C(C=C(CCCC)C=C3)C	"InChI=1S/C23H32N4O/c1-4-5-6-19-7-12-22(18(2)17-19)25-23(28)24-20-8-10-21(11-9-20)27-15-13-26(3)14-16-27/h7-12,17H,4-6,13-16H2,1-3H3,(H2,24,25,28)"	N-(4-butyl-2-methylphenyl)-N'-[4-(4-methylpiperazino)phenyl]urea	381.2638				7.208																																																																																																																																																																																																		
CHEBI:228544	C17H14FN2+	C1C[N+]2=C(N1)C3=CC=CC=C3C=C2C4=CC=CC=C4F	"InChI=1S/C17H13FN2/c18-15-8-4-3-7-14(15)16-11-12-5-1-2-6-13(12)17-19-9-10-20(16)17/h1-8,11H,9-10H2/p+1"	LQH	397.2226				7.413																																																																																																																																																																																																		
CHEBI:8113	C21H24O10	OC[C@H]1O[C@@H](Oc2cc(O)cc(O)c2C(=O)CCc2ccc(O)cc2)[C@H](O)[C@@H](O)[C@@H]1O	"InChI=1S/C21H24O10/c22-9-16-18(27)19(28)20(29)21(31-16)30-15-8-12(24)7-14(26)17(15)13(25)6-3-10-1-4-11(23)5-2-10/h1-2,4-5,7-8,16,18-24,26-29H,3,6,9H2/t16-,18-,19+,20-,21-/m1/s1"	Phlorizin	459.12811				5.763																																																																																																																																																																																																		
CHEBI:167802	C17H28O6	O1[C@]([C@H](CCCCCCCCCC)C(O)=O)(CCC1=O)C(O)=O	"InChI=1S/C17H28O6/c1-2-3-4-5-6-7-8-9-10-13(15(19)20)17(16(21)22)12-11-14(18)23-17/h13H,2-12H2,1H3,(H,19,20)(H,21,22)/t13-,17+/m1/s1"	Spiculisporic Acid	329.19492				1.434																																																																																																																																																																																																		
CHEBI:27624	C20H32O4	CCCCC[C@H](O)\C=C\C1=C(CCCCCCC(O)=O)C(=O)CC1	"InChI=1S/C20H32O4/c1-2-3-6-9-17(21)14-12-16-13-15-19(22)18(16)10-7-4-5-8-11-20(23)24/h12,14,17,21H,2-11,13,15H2,1H3,(H,23,24)/b14-12+/t17-/m0/s1"	Prostaglandin B1	337.23864				6.565																																																																																																																																																																																																		
CHEBI:32065	C30H42O8	C[C@@H]1O[C@@H](O[C@H]2CC[C@]3(C)[C@H]4CC[C@]5(C)[C@H](CC[C@]5(O)[C@@H]4CCC3=C2)C6=COC(=O)C=C6)[C@H](O)[C@H](O)[C@H]1O	"InChI=1S/C30H42O8/c1-16-24(32)25(33)26(34)27(37-16)38-19-8-11-28(2)18(14-19)5-6-22-21(28)9-12-29(3)20(10-13-30(22,29)35)17-4-7-23(31)36-15-17/h4,7,14-16,19-22,24-27,32-35H,5-6,8-13H2,1-3H3/t16-,19-,20+,21-,22+,24-,25+,26+,27-,28-,29+,30-/m0/s1"	Proscillaridin A	531.29656				6.632																																																																																																																																																																																																		
CHEBI:228545	C17H12O2	C1=CC=C(C=C1)C=C2C=C(OC2=O)C3=CC=CC=C3	InChI=1S/C17H12O2/c18-17-15(11-13-7-3-1-4-8-13)12-16(19-17)14-9-5-2-6-10-14/h1-12H	5-phenyl-3-(phenylmethylene)furan-2(3H)-one	249.09244				5.569																																																																																																																																																																																																		
CHEBI:183345	C12H18O7	O(C(=O)C(CCC(O)=O)(CCC(O)=O)C(=O)C)CC	"InChI=1S/C12H18O7/c1-3-19-11(18)12(8(2)13,6-4-9(14)15)7-5-10(16)17/h3-7H2,1-2H3,(H,14,15)(H,16,17)"	4-acetyl-4-(ethoxycarbonyl)heptanedioic acid	275.1114				4.193																																																																																																																																																																																																		
CHEBI:192633	C17H16O4	O1C2=C(C(C)(C)C=C)C=3OC(=O)C=CC3C(OC)=C2C=C1	"InChI=1S/C17H16O4/c1-5-17(2,3)13-15-11(8-9-20-15)14(19-4)10-6-7-12(18)21-16(10)13/h5-9H,1H2,2-4H3"	"4-methoxy-9-(2-methylbut-3-en-2-yl)-7H-furo[3,2-g]chromen-7-one"	285.1118				6.242																																																																																																																																																																																																		
CHEBI:2336	C16H16O4	COc1cccc2C(=O)C3=C(OC(C)(C)CC3)C(=O)c12	"InChI=1S/C16H16O4/c1-16(2)8-7-10-13(17)9-5-4-6-11(19-3)12(9)14(18)15(10)20-16/h4-6H,7-8H2,1-3H3"	Î±-Lapachone	265.08641				3.401																																																																																																																																																																																																		
CHEBI:193587	C7H14NO2+	OC(=O)C1[N+](CCC1)(C)C	"InChI=1S/C7H13NO2/c1-8(2)5-3-4-6(8)7(9)10/h6H,3-5H2,1-2H3/p+1"	DL-Stachydrine	144.1027				1.124																																																																																																																																																																																																		
CHEBI:167400	C9H10O	O=CC1=CC=C(CC)C=C1	"InChI=1S/C9H10O/c1-2-8-3-5-9(7-10)6-4-8/h3-7H,2H2,1H3"	4-Ethylbenzaldehyde	152.1077				5.505																																																																																																																																																																																																		
CHEBI:3908	C15H8O5	Oc1ccc2c(c1)oc1c3ccc(O)cc3oc(=O)c21	"InChI=1S/C15H8O5/c16-7-1-3-9-11(5-7)19-14-10-4-2-8(17)6-12(10)20-15(18)13(9)14/h1-6,16-17H"	Coumestrol	269.04578				6.229																																																																																																																																																																																																		
CHEBI:183744	C7H7N5	N1=C2N=CN=C(N)C2=CN=C1C	"InChI=1S/C7H7N5/c1-4-9-2-5-6(8)10-3-11-7(5)12-4/h2-3H,1H3,(H2,8,9,10,11,12)"	"7-methylpyrimido[4,5-d]pyrimidin-4-amine"	184.05626				3.44																																																																																																																																																																																																		
CHEBI:228546	C17H12N2O3	COC1=C2C(=C(C=C1)OC)N=C3C(=N2)C4=CC=CC=C4C3=O	"InChI=1S/C17H12N2O3/c1-21-11-7-8-12(22-2)15-14(11)18-13-9-5-3-4-6-10(9)17(20)16(13)19-15/h3-8H,1-2H3"	"6,9-dimethoxy-11H-indeno[1,2-b]quinoxalin-11-one"	293.09355				5.302																																																																																																																																																																																																		
CHEBI:168507	C17H32O3	OC(CCCCCCCCCCCC#C)CC(O)CO	"InChI=1S/C17H32O3/c1-2-3-4-5-6-7-8-9-10-11-12-13-16(19)14-17(20)15-18/h1,16-20H,3-15H2"	"16-Heptadecyne-1,2,4-triol"	267.2331				6.866																																																																																																																																																																																																		
CHEBI:8920	C21H24O5	CC(=O)OC(C)(C)[C@@H]1Cc2cc3cc(c(=O)oc3cc2O1)C(C)(C)C=C	"InChI=1S/C21H24O5/c1-7-20(3,4)15-9-13-8-14-10-18(21(5,6)26-12(2)22)24-16(14)11-17(13)25-19(15)23/h7-9,11,18H,1,10H2,2-6H3/t18-/m0/s1"	Rutamarin	357.17087				6.233																																																																																																																																																																																																		
CHEBI:16610	C7H19N3	NCCCCNCCCN	"InChI=1S/C7H19N3/c8-4-1-2-6-10-7-3-5-9/h10H,1-9H2"	Spermidine	146.16583				1.042																																																																																																																																																																																																		
CHEBI:228547	C18H15N3O2S	C1=CC=C(C=C1)C=CC(=O)NNC(=O)C2=C(C=CS2)N3C=CC=C3	"InChI=1S/C18H15N3O2S/c22-16(9-8-14-6-2-1-3-7-14)19-20-18(23)17-15(10-13-24-17)21-11-4-5-12-21/h1-13H,(H,19,22)(H,20,23)"	N'2-cinnamoyl-3-(1H-pyrrol-1-yl)thiophene-2-carbohydrazide	338.08822				1.926																																																																																																																																																																																																		
				N-Phenyl-5-(4-(trifluoromethyl)phenyl)oxazol-2-amine	305.09392				5.331																																																																																																																																																																																																		
CHEBI:228548	C16H15N3O3	COC(=O)NC1=NC2=C(N1)C=C(C=C2)C(C3=CC=CC=C3)O	"InChI=1S/C16H15N3O3/c1-22-16(21)19-15-17-12-8-7-11(9-13(12)18-15)14(20)10-5-3-2-4-6-10/h2-9,14,20H,1H3,(H2,17,18,19,21)"	5-Hydroxymebendazole	298.12132				5.367																																																																																																																																																																																																		
CHEBI:78273	C20H28O	C/C(/C=C/C=C(/C)\C=C\C1=C(C)CCCC1(C)C)=C\C=O	"InChI=1S/C20H28O/c1-16(8-6-9-17(2)13-15-21)11-12-19-18(3)10-7-14-20(19,4)5/h6,8-9,11-13,15H,7,10,14H2,1-5H3/b9-6+,12-11+,16-8-,17-13+"	(9cis)-Retinal	285.22229				6.41																																																																																																																																																																																																		
CHEBI:228549	C21H25N3	CN1C2=CC=CC=C2N=C1C3CCN(C3)CCCC4=CC=CC=C4	"InChI=1S/C21H25N3/c1-23-20-12-6-5-11-19(20)22-21(23)18-13-15-24(16-18)14-7-10-17-8-3-2-4-9-17/h2-6,8-9,11-12,18H,7,10,13-16H2,1H3/t18-/m0/s1"	1-Methyl-2-[(3S)-1-(3-phenylpropyl)-3-pyrrolidinyl]-1H-benzimidazole	320.20793				5.037																																																																																																																																																																																																		
CHEBI:521033	C27H30F6N2O2	C=1C(N[C@]2([C@@](C1)(C)[C@]3(CC[C@@]4([C@](CC[C@]4([C@]3([H])CC2)[H])(C(=O)NC5=CC(=CC=C5C(F)(F)F)C(F)(F)F)[H])C)[H])[H])=O	"InChI=1S/C27H30F6N2O2/c1-24-11-9-17-15(4-8-21-25(17,2)12-10-22(36)35-21)16(24)6-7-19(24)23(37)34-20-13-14(26(28,29)30)3-5-18(20)27(31,32)33/h3,5,10,12-13,15-17,19,21H,4,6-9,11H2,1-2H3,(H,34,37)(H,35,36)/t15-,16-,17-,19+,21+,24-,25+/m0/s1"	Dutasteride	529.22113				5.394																																																																																																																																																																																																		
				LPC 16:0-SN1	496.34207				9.179																																																																																																																																																																																																		
CHEBI:183416	C20H29NO2	OC1=CC=C(CCNC(=O)\C=C\C=C\CCCCCCC)C=C1	"InChI=1S/C20H29NO2/c1-2-3-4-5-6-7-8-9-10-11-20(23)21-17-16-18-12-14-19(22)15-13-18/h8-15,22H,2-7,16-17H2,1H3,(H,21,23)/b9-8+,11-10+"	"(2E,4E)-N-[2-(4-hydroxyphenyl)ethyl]dodeca-2,4-dienamide"	316.22433				4.905																																																																																																																																																																																																		
CHEBI:190571	C15H29N3S	S(C=1N(C(=NN1)CCCCCCCCCCC)C)C	"InChI=1S/C15H29N3S/c1-4-5-6-7-8-9-10-11-12-13-14-16-17-15(19-3)18(14)2/h4-13H2,1-3H3"	"4-methyl-3-(methylthio)-5-undecyl-4H-1,2,4-triazole"	322.16943				6.623																																																																																																																																																																																																		
CHEBI:183712	C13H11F3N4O3	FC(F)(F)C1=CC(OC2=NC=NC(N(C)C)=C2[N+]([O-])=O)=CC=C1	"InChI=1S/C13H11F3N4O3/c1-19(2)11-10(20(21)22)12(18-7-17-11)23-9-5-3-4-8(6-9)13(14,15)16/h3-7H,1-2H3"	"N,N-dimethyl-5-nitro-6-[3-(trifluoromethyl)phenoxy]pyrimidin-4-amine"	311.07587				2.024																																																																																																																																																																																																		
CHEBI:181964	C16H22N2O4	O=C(NCCCCNC(=O)C)/C=C/C1=CC(OC)=C(O)C=C1	"InChI=1S/C16H22N2O4/c1-12(19)17-9-3-4-10-18-16(21)8-6-13-5-7-14(20)15(11-13)22-2/h5-8,11,20H,3-4,9-10H2,1-2H3,(H,17,19)(H,18,21)/b8-6+"	(2E)-N-(4-acetamidobutyl)-3-(4-hydroxy-3-methoxyphenyl)prop-2-enamide	307.16642				5.028																																																																																																																																																																																																		
CHEBI:36791	C20H21FN2O	CN(C)CCC[C@]1(OCc2cc(ccc12)C#N)c1ccc(F)cc1	"InChI=1S/C20H21FN2O/c1-23(2)11-3-10-20(17-5-7-18(21)8-6-17)19-9-4-15(13-22)12-16(19)14-24-20/h4-9,12H,3,10-11,14H2,1-2H3/t20-/m0/s1"	Escitalopram	325.17733				5.592																																																																																																																																																																																																		
CHEBI:190542	C14H11BrO	BrC1=CC=C(C(=O)CC2=CC=CC=C2)C=C1	"InChI=1S/C14H11BrO/c15-13-8-6-12(7-9-13)14(16)10-11-4-2-1-3-5-11/h1-9H,10H2"	1-(4-bromophenyl)-2-phenylethan-1-one	224.12903				3.94																																																																																																																																																																																																		
CHEBI:228550	C19H22N2O3S	CC1=C(C(=CC=C1)CC2=CC(=O)N3C(CSC3=C2N(C)C)C(=O)O)C	"InChI=1S/C19H22N2O3S/c1-11-6-5-7-13(12(11)2)8-14-9-16(22)21-15(19(23)24)10-25-18(21)17(14)20(3)4/h5-7,9,15H,8,10H2,1-4H3,(H,23,24)/t15-/m0/s1"	QQH	434.17319				5.693																																																																																																																																																																																																		
CHEBI:228551	C15H11NOS	C1=CC=C(C=C1)C2=C(OC(=S)N2)C3=CC=CC=C3	"InChI=1S/C15H11NOS/c18-15-16-13(11-7-3-1-4-8-11)14(17-15)12-9-5-2-6-10-12/h1-10H,(H,16,18)"	"4,5-diphenyl-1,3-oxazole-2-thiol"	254.0605				3.064																																																																																																																																																																																																		
CHEBI:228552	C19H17NO5S3	CC1=CC(=C(C=C1)S(=O)(=O)NC2=C(SC(=C2)C3=CC=C(S3)C(=O)C)C(=O)O)C	"InChI=1S/C19H17NO5S3/c1-10-4-7-17(11(2)8-10)28(24,25)20-13-9-16(27-18(13)19(22)23)15-6-5-14(26-15)12(3)21/h4-9,20H,1-3H3,(H,22,23)"	SNH	379.13846				5.984																																																																																																																																																																																																		
CHEBI:228553	C22H30N6O5S	CCCC1=NN(C2=C1N=C(NC2=O)C3=C(C=CC(=C3)S(=O)(=O)N4CC[N+](CC4)(C)[O-])OCC)C	"InChI=1S/C22H30N6O5S/c1-5-7-17-19-20(26(3)25-17)22(29)24-21(23-19)16-14-15(8-9-18(16)33-6-2)34(31,32)27-10-12-28(4,30)13-11-27/h8-9,14H,5-7,10-13H2,1-4H3,(H,23,24,29)"	Sildenafil N-oxide	491.20591				5.316																																																																																																																																																																																																		
				LPC 11:0-SN1	426.26344				6.263																																																																																																																																																																																																		
CHEBI:228554	C12H12N4OS	CC1=CC=C(O1)CNC2=NNC(=N2)C3=CC=CS3	"InChI=1S/C12H12N4OS/c1-8-4-5-9(17-8)7-13-12-14-11(15-16-12)10-3-2-6-18-10/h2-6H,7H2,1H3,(H2,13,14,15,16)"	TQH	385.1804				10.653																																																																																																																																																																																																		
CHEBI:183482	C21H32O5	O1[C@@]2([C@]3([C@]([C@]4([C@](C2)([C@H](CC4)C(=O)CO)C1O)[H])(CC[C@]5([C@@]3(CC[C@@H](O)C5)C)[H])[H])[H])[H]	"InChI=1S/C21H32O5/c1-20-7-6-12(23)8-11(20)2-3-13-14-4-5-15(16(24)10-22)21(14)9-17(18(13)20)26-19(21)25/h11-15,17-19,22-23,25H,2-10H2,1H3/t11-,12-,13+,14+,15-,17+,18-,19?,20+,21-/m1/s1"	Tetrahydroaldosterone	365.23348				6.357																																																																																																																																																																																																		
CHEBI:190538	C16H9D3FN3O3	FC=1C(C2=NCC(=O)N(C3=C2C=C([N+]([O-])=O)C=C3)C([2H])([2H])[2H])=CC=CC1	"InChI=1S/C16H12FN3O3/c1-19-14-7-6-10(20(22)23)8-12(14)16(18-9-15(19)21)11-4-2-3-5-13(11)17/h2-8H,9H2,1H3/i1D3"	Flunitrazepam-d3	317.11505				5.091																																																																																																																																																																																																		
CHEBI:181492	C15H16O5	OC(C=1C=2OC(=O)C=CC2C=CC1OC)C(O)C(C)=C	"InChI=1S/C15H16O5/c1-8(2)13(17)14(18)12-10(19-3)6-4-9-5-7-11(16)20-15(9)12/h4-7,13-14,17-18H,1H2,2-3H3"	"8-(1,2-dihydroxy-3-methylbut-3-en-1-yl)-7-methoxy-2H-chromen-2-one"	277.106				6.744																																																																																																																																																																																																		
CHEBI:183768	C15H19NO3	OC(=O)C1CCN(CC1)C(=O)CCC2=CC=CC=C2	"InChI=1S/C15H19NO3/c17-14(7-6-12-4-2-1-3-5-12)16-10-8-13(9-11-16)15(18)19/h1-5,13H,6-11H2,(H,18,19)"	1-(3-phenylpropanoyl)-4-piperidinecarboxylic acid	262.14489				5.179																																																																																																																																																																																																		
CHEBI:192664	C19H20O2	OC(CCC1=CC=CC=C1)CC(=O)/C=C/C2=CC=CC=C2	"InChI=1S/C19H20O2/c20-18(13-11-16-7-3-1-4-8-16)15-19(21)14-12-17-9-5-2-6-10-17/h1-11,13,19,21H,12,14-15H2/b13-11+"	"(1E)-5-hydroxy-1,7-diphenylhept-1-en-3-one"	303.13125				1.385																																																																																																																																																																																																		
CHEBI:228555	C18H15N3O	CC1=NN(C2=C1C(=O)N(C3=CC=CC=C32)C)C4=CC=CC=C4	"InChI=1S/C18H15N3O/c1-12-16-17(21(19-12)13-8-4-3-5-9-13)14-10-6-7-11-15(14)20(2)18(16)22/h3-11H,1-2H3"	"3,5-dimethyl-1-phenyl-1,5-dihydro-4H-pyrazolo[4,3-c]quinolin-4-one"	290.12448				1.93																																																																																																																																																																																																		
CHEBI:228556	C13H12F3NO3	C1C(CN(C1=O)CC2=CC=C(C=C2)C(F)(F)F)C(=O)O	"InChI=1S/C13H12F3NO3/c14-13(15,16)10-3-1-8(2-4-10)6-17-7-9(12(19)20)5-11(17)18/h1-4,9H,5-7H2,(H,19,20)"	5-oxo-1-[4-(trifluoromethyl)benzyl]pyrrolidine-3-carboxylic acid	288.08533				5.914																																																																																																																																																																																																		
CHEBI:8614	C12H17N2O4P	CN(C)CCc1c[nH]c2cccc(OP(O)(O)=O)c12	"InChI=1S/C12H17N2O4P/c1-14(2)7-6-9-8-13-10-4-3-5-11(12(9)10)18-19(15,16)17/h3-5,8,13H,6-7H2,1-2H3,(H2,15,16,17)"	Psilocybin	285.10254				1.435																																																																																																																																																																																																		
CHEBI:8825	C15H8O6	OC(=O)c1cc(O)c2C(=O)c3c(O)cccc3C(=O)c2c1	"InChI=1S/C15H8O6/c16-9-3-1-2-7-11(9)14(19)12-8(13(7)18)4-6(15(20)21)5-10(12)17/h1-5,16-17H,(H,20,21)"	Rhein	285.04084				5.795																																																																																																																																																																																																		
CHEBI:6104				Kanamycin	507.22608				6.303																																																																																																																																																																																																		
CHEBI:228557	C15H13N3S	CC1=CC(=C(C=C1)C2=CSC(=N2)C3=NC=CN=C3)C	"InChI=1S/C15H13N3S/c1-10-3-4-12(11(2)7-10)14-9-19-15(18-14)13-8-16-5-6-17-13/h3-9H,1-2H3"	"2-[4-(2,4-dimethylphenyl)-1,3-thiazol-2-yl]pyrazine"	268.09125				1.353																																																																																																																																																																																																		
CHEBI:228558	C12H12N2OS	C1COCCN1C(=S)C2=CC=C(C=C2)C#N	"InChI=1S/C12H12N2OS/c13-9-10-1-3-11(4-2-10)12(16)14-5-7-15-8-6-14/h1-4H,5-8H2"	4-(morpholinocarbothioyl)benzonitrile	233.07487				5.645																																																																																																																																																																																																		
CHEBI:16380	C25H32N2O6	[C@@]123[C@@](N(C4=C1C=CC(=C4)OC)C)([C@]([C@@H]([C@]5([C@@]2(N(CC=C5)CC3)[H])CC)OC(=O)C)(C(=O)OC)O)[H]	"InChI=1S/C25H32N2O6/c1-6-23-10-7-12-27-13-11-24(19(23)27)17-9-8-16(31-4)14-18(17)26(3)20(24)25(30,22(29)32-5)21(23)33-15(2)28/h7-10,14,19-21,30H,6,11-13H2,1-5H3/t19-,20+,21+,23+,24+,25-/m0/s1"	Vindoline	457.23864				5.568																																																																																																																																																																																																		
CHEBI:192599	C9H8N2O	O=C1N(N=CC=2C1=CC=CC2)C	"InChI=1S/C9H8N2O/c1-11-9(12)8-5-3-2-4-7(8)6-10-11/h2-6H,1H3"	"2-methyl-1,2-dihydrophthalazin-1-one"	343.11469				3.946																																																																																																																																																																																																		
CHEBI:228559	C13H20N4O	CN1CCN(CC1)C2=NC3=C(CCCC3)C(=O)N2	"InChI=1S/C13H20N4O/c1-16-6-8-17(9-7-16)13-14-11-5-3-2-4-10(11)12(18)15-13/h2-9H2,1H3,(H,14,15,18)"	WLH	455.2449				6.109																																																																																																																																																																																																		
CHEBI:67818	C15H24O	[H][C@@]12CCC(=C)[C@@]3([H])CC(C)(C)[C@]3([H])CC[C@@]1(C)O2	"InChI=1S/C15H24O/c1-10-5-6-13-15(4,16-13)8-7-12-11(10)9-14(12,2)3/h11-13H,1,5-9H2,2-4H3/t11-,12-,13-,15-/m1/s1"	(-)-Caryophyllene oxide	221.19103				7.275																																																																																																																																																																																																		
CHEBI:72843	C18H30O3	CCCCC\C=C\C=C\C(=O)CCCCCCCC(O)=O	"InChI=1S/C18H30O3/c1-2-3-4-5-6-8-11-14-17(19)15-12-9-7-10-13-16-18(20)21/h6,8,11,14H,2-5,7,9-10,12-13,15-16H2,1H3,(H,20,21)/b8-6+,14-11+"	"9-Oxo-10(E),12(E)-octadecadienoic acid"	295.22779				6.941																																																																																																																																																																																																		
CHEBI:25863	C15H11O5+	Oc1ccc(cc1)-c1[o+]c2cc(O)cc(O)c2cc1O	"InChI=1S/C15H10O5/c16-9-3-1-8(2-4-9)15-13(19)7-11-12(18)5-10(17)6-14(11)20-15/h1-7H,(H3-,16,17,18,19)/p+1"	Pelargonidin	271.06155				6.665																																																																																																																																																																																																		
CHEBI:8269	C22H34O5	CC1CC[C@@]23CCC(=O)[C@H]2[C@]1(C)[C@@H](C[C@@](C)(C=C)[C@@H](O)[C@@H]3C)OC(=O)CO	"InChI=1S/C22H34O5/c1-6-20(4)11-16(27-17(25)12-23)21(5)13(2)7-9-22(14(3)19(20)26)10-8-15(24)18(21)22/h6,13-14,16,18-19,23,26H,1,7-12H2,2-5H3/t13?,14-,16+,18-,19-,20+,21-,22-/m0/s1"	Pleuromutilin	379.25009				6.574																																																																																																																																																																																																		
CHEBI:192660	C12H19NO	O(CCCCCC)C1=CC=C(N)C=C1	"InChI=1S/C12H19NO/c1-2-3-4-5-10-14-12-8-6-11(13)7-9-12/h6-9H,2-5,10,13H2,1H3"	4-Hexyloxyaniline	194.15524				7.049																																																																																																																																																																																																		
CHEBI:16551	C12H22O11	OC[C@H]1O[C@H](O[C@H]2O[C@H](CO)[C@@H](O)[C@H](O)[C@H]2O)[C@H](O)[C@@H](O)[C@@H]1O	"InChI=1S/C12H22O11/c13-1-3-5(15)7(17)9(19)11(21-3)23-12-10(20)8(18)6(16)4(2-14)22-12/h3-20H,1-2H2/t3-,4-,5-,6-,7+,8+,9-,10-,11-,12-/m1/s1"	Trehalose	343.12264				6.054																																																																																																																																																																																																		
CHEBI:228560	C16H14N2	C1CN=C(C(=N1)C2=CC=CC=C2)C3=CC=CC=C3	"InChI=1S/C16H14N2/c1-3-7-13(8-4-1)15-16(18-12-11-17-15)14-9-5-2-6-10-14/h1-10H,11-12H2"	"5,6-diphenyl-2,3-dihydropyrazine"	235.12427				6.149																																																																																																																																																																																																		
CHEBI:183773	C16H17N3O4	O(C1=C(OC)C=C(C=C1OC)C=NNC(=O)C=2C=CC=NC2)C	"InChI=1S/C16H17N3O4/c1-21-13-7-11(8-14(22-2)15(13)23-3)9-18-19-16(20)12-5-4-6-17-10-12/h4-10H,1-3H3,(H,19,20)"	"N'3-(3,4,5-trimethoxybenzylidene)pyridine-3-carbohydrazide"	354.08325				5.347																																																																																																																																																																																																		
CHEBI:174707	C16H14FN3O	FC=1C(C2=NCC(=O)N(C3=C2C=C(N)C=C3)C)=CC=CC1	"InChI=1S/C16H14FN3O/c1-20-14-7-6-10(18)8-12(14)16(19-9-15(20)21)11-4-2-3-5-13(11)17/h2-8H,9,18H2,1H3"	7-Aminoflunitrazepam	284.11453				5.305																																																																																																																																																																																																		
CHEBI:181031	C13H19NO4	O1C(C(NC(=O)C)C(CC)C)=CC(OC)=CC1=O	"InChI=1S/C13H19NO4/c1-5-8(2)13(14-9(3)15)11-6-10(17-4)7-12(16)18-11/h6-8,13H,5H2,1-4H3,(H,14,15)"	N-[1-(4-methoxy-2-oxo-2H-pyran-6-yl)-2-methylbutyl]acetamide	271.16622				5.114																																																																																																																																																																																																		
CHEBI:195127	C9H6F3N3S	S1N=NC(C2=CC=C(C=C2)C(F)(F)F)=C1N	"InChI=1S/C9H6F3N3S/c10-9(11,12)6-3-1-5(2-4-6)7-8(13)16-15-14-7/h1-4H,13H2"	"4-[4-(trifluoromethyl)phenyl]-1,2,3-thiadiazol-5-amine"	246.03331				5.54																																																																																																																																																																																																		
CHEBI:183702	C12H11NO4	O(C1=C(OC)C=CC(=C1)/C=C(/C(O)=O)\C#N)C	"InChI=1S/C12H11NO4/c1-16-10-4-3-8(6-11(10)17-2)5-9(7-13)12(14)15/h3-6H,1-2H3,(H,14,15)/b9-5+"	"2-cyano-3-(3,4-dimethoxyphenyl)acrylic acid"	234.07662				5.214																																																																																																																																																																																																		
CHEBI:16043	C6H13O8P	O[C@H](COP(O)(O)=O)[C@@H](O)[C@H](O)CC=O	"InChI=1S/C6H13O8P/c7-2-1-4(8)6(10)5(9)3-14-15(11,12)13/h2,4-6,8-10H,1,3H2,(H2,11,12,13)/t4-,5-,6+/m1/s1"	2-deoxyglucose-6-phosphate	227.03262				5.253																																																																																																																																																																																																		
CHEBI:228561	C13H19N	CC(CC1=CC=CC=C1)N(C)CC=C	"InChI=1S/C13H19N/c1-4-10-14(3)12(2)11-13-8-6-5-7-9-13/h4-9,12H,1,10-11H2,2-3H3/t12-/m1/s1"	DPK	359.19359				1.382																																																																																																																																																																																																		
CHEBI:228562	C17H17NO4	COC(=O)C(C(C1=CC=CC=C1)NC(=O)C2=CC=CC=C2)O	"InChI=1S/C17H17NO4/c1-22-17(21)15(19)14(12-8-4-2-5-9-12)18-16(20)13-10-6-3-7-11-13/h2-11,14-15,19H,1H3,(H,18,20)/t14-,15+/m0/s1"	Bz-RS-ISer(3-Ph)-Ome	300.12325				5.866																																																																																																																																																																																																		
CHEBI:30260	C6H10N6	Nc1nc(N)nc(NC2CC2)n1	"InChI=1S/C6H10N6/c7-4-10-5(8)12-6(11-4)9-3-1-2-3/h3H,1-2H2,(H5,7,8,9,10,11,12)"	Cyromazine	167.10447				3.58																																																																																																																																																																																																		
CHEBI:37998	C26H43NO4	[H][C@]12CC[C@@]3([H])[C@]4([H])CC[C@]([H])([C@H](C)CCC(=O)NCC(O)=O)[C@@]4(C)CC[C@]3([H])[C@@]1(C)CC[C@@H](O)C2	"InChI=1S/C26H43NO4/c1-16(4-9-23(29)27-15-24(30)31)20-7-8-21-19-6-5-17-14-18(28)10-12-25(17,2)22(19)11-13-26(20,21)3/h16-22,28H,4-15H2,1-3H3,(H,27,29)(H,30,31)/t16-,17-,18-,19+,20-,21+,22+,25+,26-/m1/s1"	Glycolithocholic acid	456.30988				7.03																																																																																																																																																																																																		
CHEBI:194272	C15H11N3O	OC1=C(/N=N/C=2N=CC=CC2)C=3C(C=C1)=CC=CC3	"InChI=1S/C15H11N3O/c19-13-9-8-11-5-1-2-6-12(11)15(13)18-17-14-7-3-4-10-16-14/h1-10,19H/b18-17+"	1-(2-pyridin-2-yldiazenyl)-2-naphthol	250.09639				1.281																																																																																																																																																																																																		
CHEBI:226729				"3-hydroxy-4-methoxy-[2,2'-bipyridine]-6-carboxamide"	268.0694				1.441																																																																																																																																																																																																		
CHEBI:9172	C14H13NO4	COc1ccc2c(OC)c3ccoc3nc2c1OC	"InChI=1S/C14H13NO4/c1-16-10-5-4-8-11(13(10)18-3)15-14-9(6-7-19-14)12(8)17-2/h4-7H,1-3H3"	"4,7,8-trimethoxyfuro[2,3-b]quinoline"	260.09097				11.09																																																																																																																																																																																																		
CHEBI:27551	C5H7N3O	Cc1c[nH]c(=O)nc1N	"InChI=1S/C5H7N3O/c1-3-2-7-5(9)8-4(3)6/h2H,1H3,(H3,6,7,8,9)"	5-Methylcytosine	126.06612				5.25																																																																																																																																																																																																		
CHEBI:8097	C11H14N2O2	CCC(C(N)=O)(C(N)=O)c1ccccc1	"InChI=1S/C11H14N2O2/c1-2-11(9(12)14,10(13)15)8-6-4-3-5-7-8/h3-7H,2H2,1H3,(H2,12,14)(H2,13,15)"	2-Ethyl-2-phenylmalonamide	207.11381				5.044																																																																																																																																																																																																		
CHEBI:228563	C11H8N2O2S	CSC1=C(C(=O)NC(=C1)C2=CC=CO2)C#N	"InChI=1S/C11H8N2O2S/c1-16-10-5-8(9-3-2-4-15-9)13-11(14)7(10)6-12/h2-5H,1H3,(H,13,14)"	6-(2-furyl)-2-hydroxy-4-(methylthio)nicotinonitrile	233.0378				7.587																																																																																																																																																																																																		
CHEBI:190578	C15H17NO3	O1CCN(CC1)CC=2C3=C(OC(=O)C2)C=CC(=C3)C	"InChI=1S/C15H17NO3/c1-11-2-3-14-13(8-11)12(9-15(17)19-14)10-16-4-6-18-7-5-16/h2-3,8-9H,4-7,10H2,1H3"	6-methyl-4-(morpholinomethyl)-2H-chromen-2-one	260.1255				2.137																																																																																																																																																																																																		
CHEBI:228564	C18H14F3NO5	COC1=C(C(=C2C(=C1)C(=O)OC(=N2)C3=CC(=CC=C3)C(F)(F)F)OC)OC	"InChI=1S/C18H14F3NO5/c1-24-12-8-11-13(15(26-3)14(12)25-2)22-16(27-17(11)23)9-5-4-6-10(7-9)18(19,20)21/h4-8H,1-3H3"	"6,7,8-trimethoxy-2-[3-(trifluoromethyl)phenyl]-4H-3,1-benzoxazin-4-one"	382.09414				5.764																																																																																																																																																																																																		
CHEBI:4629	C27H42O3	[H][C@]12C[C@@]3([H])[C@]4([H])CC=C5C[C@@H](O)CC[C@]5(C)[C@@]4([H])CC[C@]3(C)[C@@]1([H])[C@H](C)[C@@]1(CC[C@@H](C)CO1)O2	"InChI=1S/C27H42O3/c1-16-7-12-27(29-15-16)17(2)24-23(30-27)14-22-20-6-5-18-13-19(28)8-10-25(18,3)21(20)9-11-26(22,24)4/h5,16-17,19-24,28H,6-15H2,1-4H3/t16-,17+,19+,20-,21+,22+,23+,24+,25+,26+,27-/m1/s1"	Diosgenin	397.3117				7.28																																																																																																																																																																																																		
CHEBI:89310	C20H36O5	O[C@H]1[C@@H]([C@@H](CCCCCCC(O)=O)C(=O)C1)CC[C@@H](O)CCCCC	"InChI=1S/C20H36O5/c1-2-3-6-9-15(21)12-13-17-16(18(22)14-19(17)23)10-7-4-5-8-11-20(24)25/h15-17,19,21,23H,2-14H2,1H3,(H,24,25)/t15-,16+,17+,19+/m0/s1"	"13,14-Dihydro prostaglandin E1"	339.25216				7.057																																																																																																																																																																																																		
CHEBI:228565	C19H22ClN3O	CC1=CC(=CC(=C1O)CN2CCCCC2)N=NC3=CC=C(C=C3)Cl	"InChI=1S/C19H22ClN3O/c1-14-11-18(22-21-17-7-5-16(20)6-8-17)12-15(19(14)24)13-23-9-3-2-4-10-23/h5-8,11-12,24H,2-4,9-10,13H2,1H3"	4-[2-(4-chlorophenyl)diaz-1-enyl]-2-methyl-6-(piperidinomethyl)phenol	344.15166				5.923																																																																																																																																																																																																		
CHEBI:81415	C27H33NO11	COc1c(O[C@@H]2O[C@H](CO)[C@@H](O)[C@H](O)[C@H]2O)cc2CC[C@H](NC(C)=O)c3cc(=O)c(OC)ccc3-c2c1OC	"InChI=1S/C27H33NO11/c1-12(30)28-16-7-5-13-9-19(38-27-24(34)23(33)22(32)20(11-29)39-27)25(36-3)26(37-4)21(13)14-6-8-18(35-2)17(31)10-15(14)16/h6,8-10,16,20,22-24,27,29,32-34H,5,7,11H2,1-4H3,(H,28,30)/t16-,20+,22+,23-,24+,27+/m0/s1"	Colchicoside	548.20767				5.781																																																																																																																																																																																																		
CHEBI:228566	C9H21N	CCCCCCCCNC	"InChI=1S/C9H21N/c1-3-4-5-6-7-8-9-10-2/h10H,3-9H2,1-2H3"	N-Methyloctan-1-amine	144.17532				5.206																																																																																																																																																																																																		
CHEBI:156175	C22H36O4	O[C@@H](C(CCCC)(C)C)\C=C\[C@@H]1[C@@H](CCCCCCC(O)=O)C(=O)C=C1	"InChI=1S/C22H36O4/c1-4-5-16-22(2,3)20(24)15-13-17-12-14-19(23)18(17)10-8-6-7-9-11-21(25)26/h12-15,17-18,20,24H,4-11,16H2,1-3H3,(H,25,26)/b15-13+/t17-,18-,20-/m1/s1"	"16,16-Dimethyl prostaglandin A1"	347.25915				6.517																																																																																																																																																																																																		
CHEBI:174398	C15H13FO3	FC1=C(C=CC(C(C)C(O)=O)=C1)C2=CC=C(O)C=C2	"InChI=1S/C15H13FO3/c1-9(15(18)19)11-4-7-13(14(16)8-11)10-2-5-12(17)6-3-10/h2-9,17H,1H3,(H,18,19)"	FPH	438.15547				5.031																																																																																																																																																																																																		
CHEBI:192667	C19H22O5	O=C(CCCCC1=CC(O)=C(O)C=C1)CCC2=CC(O)=C(O)C=C2	"InChI=1S/C19H22O5/c20-15(8-5-14-7-10-17(22)19(24)12-14)4-2-1-3-13-6-9-16(21)18(23)11-13/h6-7,9-12,21-24H,1-5,8H2"	"1,7-bis(3,4-dihydroxyphenyl)heptan-3-one"	331.15329				6.452																																																																																																																																																																																																		
CHEBI:183423	C14H19NO4	O(CC(=O)N(C1=C(C=CC=C1C)C)[C@@H](C)C(O)=O)C	"InChI=1S/C14H19NO4/c1-9-6-5-7-10(2)13(9)15(11(3)14(17)18)12(16)8-19-4/h5-7,11H,8H2,1-4H3,(H,17,18)/t11-/m0/s1"	"N-(2,6-Dimethylphenyl)-N-(methoxyacetyl) alanine"	266.13957				4.88																																																																																																																																																																																																		
CHEBI:201644	C10H16N2O2	O=C1N2C(C(=O)NC1C(C)C)CCC2	"InChI=1S/C10H16N2O2/c1-6(2)8-10(14)12-5-3-4-7(12)9(13)11-8/h6-8H,3-5H2,1-2H3,(H,11,13)"	"3-(propan-2-yl)-octahydropyrrolo[1,2-a]pyrazine-1,4-dione"	215.13999				5.334																																																																																																																																																																																																		
CHEBI:165322	C20H34O6	O[C@@H]1[C@@H]([C@H]([C@H](O)C1)/C=C/[C@@H](O)CCCCCO)C/C=C\CCCC(O)=O	"InChI=1S/C20H34O6/c21-13-7-3-4-8-15(22)11-12-17-16(18(23)14-19(17)24)9-5-1-2-6-10-20(25)26/h1,5,11-12,15-19,21-24H,2-4,6-10,13-14H2,(H,25,26)/b5-1-,12-11+/t15-,16+,17+,18-,19+/m0/s1"	20-Hydroxy-PGF2alpha	353.23345				5.807																																																																																																																																																																																																		
CHEBI:182859	C13H18O4	O(C1=C(C(O)=C(CC)C(O)=C1)C(=O)CCC)C	"InChI=1S/C13H18O4/c1-4-6-9(14)12-11(17-3)7-10(15)8(5-2)13(12)16/h7,15-16H,4-6H2,1-3H3"	"1-(3-ethyl-2,4-dihydroxy-6-methoxyphenyl)butan-1-one"	221.11563				6.566																																																																																																																																																																																																		
CHEBI:228567	C23H27NO2	CC(C)(C)C1=CC=C(C=C1)C(=O)N2CCC(CC2)C(=O)C3=CC=CC=C3	"InChI=1S/C23H27NO2/c1-23(2,3)20-11-9-19(10-12-20)22(26)24-15-13-18(14-16-24)21(25)17-7-5-4-6-8-17/h4-12,18H,13-16H2,1-3H3"	(4-benzoylpiperidino)[4-(tert-butyl)phenyl]methanone	388.16168				5.376																																																																																																																																																																																																		
CHEBI:228568	C20H18N2O3	C1=CC=C(C=C1)C(CC(=O)NC2=NC3=CC=CC=C3C=C2)CC(=O)O	"InChI=1S/C20H18N2O3/c23-19(12-16(13-20(24)25)14-6-2-1-3-7-14)22-18-11-10-15-8-4-5-9-17(15)21-18/h1-11,16H,12-13H2,(H,24,25)(H,21,22,23)"	5-oxo-3-phenyl-5-(2-quinolinylamino)pentanoic acid	335.13616				1.347																																																																																																																																																																																																		
CHEBI:228569	C19H21ClN2O4S	CC(=O)NC1=C(C=C(C=C1)S(=O)(=O)OC2=CC=CC=C2N3CCCCC3)Cl	"InChI=1S/C19H21ClN2O4S/c1-14(23)21-17-10-9-15(13-16(17)20)27(24,25)26-19-8-4-3-7-18(19)22-11-5-2-6-12-22/h3-4,7-10,13H,2,5-6,11-12H2,1H3,(H,21,23)"	2-piperidinophenyl 4-(acetylamino)-3-chlorobenzenesulfonate	409.0995				6.152																																																																																																																																																																																																		
CHEBI:228570	C13H11N	C1=CC=C(C=C1)C=CC2=CC=NC=C2	InChI=1S/C13H11N/c1-2-4-12(5-3-1)6-7-13-8-10-14-11-9-13/h1-11H/b7-6+	4-styrylpyridine	182.09298				1.585																																																																																																																																																																																																		
CHEBI:228571	C15H11N3O2	C1=CC=C(C=C1)C2=NN=C(O2)C(=O)NC3=CC=CC=C3	"InChI=1S/C15H11N3O2/c19-13(16-12-9-5-2-6-10-12)15-18-17-14(20-15)11-7-3-1-4-8-11/h1-10H,(H,16,19)"	"N,5-diphenyl-1,3,4-oxadiazole-2-carboxamide"	288.06998				5.702																																																																																																																																																																																																		
CHEBI:228572	C16H16N2S2	C1CN(CC1C2=NC3=CC=CC=C3S2)CC4=CC=CS4	"InChI=1S/C16H16N2S2/c1-2-6-15-14(5-1)17-16(20-15)12-7-8-18(10-12)11-13-4-3-9-19-13/h1-6,9,12H,7-8,10-11H2/t12-/m0/s1"	"2-[(3S)-1-(2-Thienylmethyl)-3-pyrrolidinyl]-1,3-benzothiazole"	301.08633				5.088																																																																																																																																																																																																		
CHEBI:175043	C20H30O7	O1C2(C3(C4(C(OC2C(O)C3O)C=C(C(OC(=O)CC(C)C)C4)C)CO)C)C1	"InChI=1S/C20H30O7/c1-10(2)5-14(22)26-12-7-19(8-21)13(6-11(12)3)27-17-15(23)16(24)18(19,4)20(17)9-25-20/h6,10,12-13,15-17,21,23-24H,5,7-9H2,1-4H3"	T-2 Triol	405.18979				6.386																																																																																																																																																																																																		
CHEBI:228573	C5H7N3OS	CC1=NC(=CS1)C(=NO)N	"InChI=1S/C5H7N3OS/c1-3-7-4(2-10-3)5(6)8-9/h2,9H,1H3,(H2,6,8)"	"N'-hydroxy-2-methyl-1,3-thiazole-4-carboximidamide"	180.022				5.81																																																																																																																																																																																																		
CHEBI:85252	C24H37NO2	CC\C=C/C\C=C/C\C=C/C\C=C/C\C=C/C\C=C/CCC(=O)NCCO	"InChI=1S/C24H37NO2/c1-2-3-4-5-6-7-8-9-10-11-12-13-14-15-16-17-18-19-20-21-24(27)25-22-23-26/h3-4,6-7,9-10,12-13,15-16,18-19,26H,2,5,8,11,14,17,20-23H2,1H3,(H,25,27)/b4-3-,7-6-,10-9-,13-12-,16-15-,19-18-"	Docosahexaenoyl Ethanolamide	372.2915				6.306																																																																																																																																																																																																		
CHEBI:183463	C11H13NO4	OC(CNC(=O)C1=CC=CC=C1)CC(O)=O	"InChI=1S/C11H13NO4/c13-9(6-10(14)15)7-12-11(16)8-4-2-1-3-5-8/h1-5,9,13H,6-7H2,(H,12,16)(H,14,15)"	4-(benzoylamino)-3-hydroxybutanoic acid	206.08241				2.238																																																																																																																																																																																																		
CHEBI:228574	C10H10F3N3O3	CC(=O)NN(C)C1=C(C=C(C=C1)C(F)(F)F)[N+](=O)[O-]	"InChI=1S/C10H10F3N3O3/c1-6(17)14-15(2)8-4-3-7(10(11,12)13)5-9(8)16(18)19/h3-5H,1-2H3,(H,14,17)"	N'1-methyl-N'1-[2-nitro-4-(trifluoromethyl)phenyl]ethanohydrazide	295.10217				1.315																																																																																																																																																																																																		
CHEBI:228575	C20H16Cl2N2O	C1=CC=C(C=C1)C(=O)N(CC2=CN=CC=C2)CC3=C(C=C(C=C3)Cl)Cl	"InChI=1S/C20H16Cl2N2O/c21-18-9-8-17(19(22)11-18)14-24(13-15-5-4-10-23-12-15)20(25)16-6-2-1-3-7-16/h1-12H,13-14H2"	"N-(2,4-dichlorobenzyl)-N-(3-pyridinylmethyl)benzamide"	371.06664				6.615																																																																																																																																																																																																		
CHEBI:183707	C20H20N4	N1(C[C@](CC1)(C=2NC=3C(N2)=CC=CC3)[H])CC=4C=5C(NC4)=CC=CC5	"InChI=1S/C20H20N4/c1-2-6-17-16(5-1)15(11-21-17)13-24-10-9-14(12-24)20-22-18-7-3-4-8-19(18)23-20/h1-8,11,14,21H,9-10,12-13H2,(H,22,23)/t14-/m0/s1"	2-[(3S)-1-(1H-Indol-3-ylmethyl)-3-pyrrolidinyl]-1H-benzimidazole	317.17349				6.476																																																																																																																																																																																																		
CHEBI:183729	C11H9NO2	O(C(=O)C=1N=CC=2C(C1)=CC=CC2)C	"InChI=1S/C11H9NO2/c1-14-11(13)10-6-8-4-2-3-5-9(8)7-12-10/h2-7H,1H3"	methyl isoquinoline-3-carboxylate	171.04482				5.991																																																																																																																																																																																																		
CHEBI:228576	C17H17Cl2NO2	CC1=CC(=C(C=C1)NC(=O)C(C)OC2=C(C=C(C=C2)Cl)Cl)C	"InChI=1S/C17H17Cl2NO2/c1-10-4-6-15(11(2)8-10)20-17(21)12(3)22-16-7-5-13(18)9-14(16)19/h4-9,12H,1-3H3,(H,20,21)"	"N1-(2,4-dimethylphenyl)-2-(2,4-dichlorophenoxy)propanamide"	338.0722				5.659																																																																																																																																																																																																		
				KPH	363.21588				7.014																																																																																																																																																																																																		
CHEBI:164107	C14H19N3O5	O=C(N[C@@H](C)C(O)=O)[C@@H](NC(=O)CN)CC1=CC=C(O)C=C1	"InChI=1S/C14H19N3O5/c1-8(14(21)22)16-13(20)11(17-12(19)7-15)6-9-2-4-10(18)5-3-9/h2-5,8,11,18H,6-7,15H2,1H3,(H,16,20)(H,17,19)(H,21,22)/t8-,11-/m0/s1"	Gly-Tyr-Ala	310.14093				5.257																																																																																																																																																																																																		
CHEBI:228577	C17H17NO5	COCCOC1=C(C=C(C=C1)N=CC2=CC=CC=C2O)C(=O)O	"InChI=1S/C17H17NO5/c1-22-8-9-23-16-7-6-13(10-14(16)17(20)21)18-11-12-4-2-3-5-15(12)19/h2-7,10-11,19H,8-9H2,1H3,(H,20,21)"	5-[(2-hydroxybenzylidene)amino]-2-(2-methoxyethoxy)benzoic acid	316.11529				1.799																																																																																																																																																																																																		
CHEBI:192617	C12H12N2	N1=C(C2=NC=C(C=C2)C)C=CC(=C1)C	"InChI=1S/C12H12N2/c1-9-3-5-11(13-7-9)12-6-4-10(2)8-14-12/h3-8H,1-2H3"	Abametapir	185.1078				4.903																																																																																																																																																																																																		
CHEBI:183444	C16H22N2O2	[O-][N+](=O)C1=CC=2CNC3(CC(C2C=C1)C)CCCCC3	"InChI=1S/C16H22N2O2/c1-12-10-16(7-3-2-4-8-16)17-11-13-9-14(18(19)20)5-6-15(12)13/h5-6,9,12,17H,2-4,7-8,10-11H2,1H3"	"5-Methyl-8-nitro-3-spirocyclohexyl-2,3,4,5-tetrahydro-1H-2-benzazepine"	275.17673				6.379																																																																																																																																																																																																		
CHEBI:6483	C16H27NO11	CC(C)(O[C@@H]1O[C@H](CO[C@@H]2O[C@H](CO)[C@@H](O)[C@H](O)[C@H]2O)[C@@H](O)[C@H](O)[C@H]1O)C#N	"InChI=1S/C16H27NO11/c1-16(2,5-17)28-15-13(24)11(22)9(20)7(27-15)4-25-14-12(23)10(21)8(19)6(3-18)26-14/h6-15,18-24H,3-4H2,1-2H3/t6-,7-,8-,9-,10+,11+,12-,13-,14-,15+/m1/s1"	Linustatin	427.18802				5.603																																																																																																																																																																																																		
CHEBI:157727	C17H14O5	O1C=2C(=C(O)C(OC)=C(OC)C2)C(=O)C=C1C3=CC=CC=C3	"InChI=1S/C17H14O5/c1-20-14-9-13-15(16(19)17(14)21-2)11(18)8-12(22-13)10-6-4-3-5-7-10/h3-9,19H,1-2H3"	"5-hydroxy-6,7-dimethoxy-2-phenyl-4H-chromen-4-one"	281.08208				5.829																																																																																																																																																																																																		
CHEBI:133246	C8H12N2	C=1(N=C(C(=NC1C)C)C)C	InChI=1S/C8H12N2/c1-5-6(2)10-8(4)7(3)9-5/h1-4H3	Tetramethylpyrazine	137.10793				4.859																																																																																																																																																																																																		
CHEBI:41899	C12H27NO	C([N+](C)([O-])C)CCCCCCCCC	"InChI=1S/C12H27NO/c1-4-5-6-7-8-9-10-11-12-13(2,3)14/h4-12H2,1-3H3"	"N,N-Dimethyldecylamine N-oxide"	202.21734				6.176																																																																																																																																																																																																		
CHEBI:28324	C21H30O4	[H][C@@]12CCC3=CC(=O)CC[C@]3(C)[C@@]1([H])CC[C@@]1(C)[C@@]2([H])CC[C@]1(O)C(=O)CO	"InChI=1S/C21H30O4/c1-19-8-5-14(23)11-13(19)3-4-15-16(19)6-9-20(2)17(15)7-10-21(20,25)18(24)12-22/h11,15-17,22,25H,3-10,12H2,1-2H3/t15-,16+,17+,19+,20+,21+/m1/s1"	Cortodoxone	347.22304				5.602																																																																																																																																																																																																		
CHEBI:192680	C21H29NO2	CCCC(CN1C=C(C2=CC=CC=C21)C(=O)C3C(C3(C)C)(C)C)O	"InChI=1S/C21H29NO2/c1-6-9-14(23)12-22-13-16(15-10-7-8-11-17(15)22)18(24)19-20(2,3)21(19,4)5/h7-8,10-11,13-14,19,23H,6,9,12H2,1-5H3"	UR-144 N-(2-hydroxypentyl) metabolite	328.22412				4.995																																																																																																																																																																																																		
CHEBI:228578	C11H8F6N2O	C1=C(C=C(C=C1C(F)(F)F)C(F)(F)F)C=CC(=NO)N	"InChI=1S/C11H8F6N2O/c12-10(13,14)7-3-6(1-2-9(18)19-20)4-8(5-7)11(15,16)17/h1-5,20H,(H2,18,19)"	"3-[3,5-bis(trifluoromethyl)phenyl]-N'-hydroxyprop-2-enimidamide"	281.05023				5.87																																																																																																																																																																																																		
CHEBI:28801	C18H32O2	CCCCCCCCC#CCCCCCCCC(O)=O	"InChI=1S/C18H32O2/c1-2-3-4-5-6-7-8-9-10-11-12-13-14-15-16-17-18(19)20/h2-8,11-17H2,1H3,(H,19,20)"	octadec-9-ynoic acid	263.23811				7.062																																																																																																																																																																																																		
CHEBI:183411	C15H11F3N2O3	FC(F)(F)C1=CC=C(NC(=O)C2=NC=C(C=C2)C(OC)=O)C=C1	"InChI=1S/C15H11F3N2O3/c1-23-14(22)9-2-7-12(19-8-9)13(21)20-11-5-3-10(4-6-11)15(16,17)18/h2-8H,1H3,(H,20,21)"	methyl 6-{[4-(trifluoromethyl)anilino]carbonyl}nicotinate	307.06678				4.697																																																																																																																																																																																																		
CHEBI:6810	C20H28O2	C[C@@]12[C@@]3([C@]([C@]4([C@@](CC3)(C)[C@@](CC4)(C)O)[H])(CCC1=CC(C=C2)=O)[H])[H]	"InChI=1S/C20H28O2/c1-18-9-6-14(21)12-13(18)4-5-15-16(18)7-10-19(2)17(15)8-11-20(19,3)22/h6,9,12,15-17,22H,4-5,7-8,10-11H2,1-3H3/t15-,16+,17+,18+,19+,20+/m1/s1"	Methandrostenolone	301.21739				5.633																																																																																																																																																																																																		
CHEBI:62434				ELK	389.24082				5.009																																																																																																																																																																																																		
CHEBI:84883	C22H34O2	C(\CC)=C\C/C=C\C/C=C\C/C=C\C/C=C\CCCC(=O)OCC	"InChI=1S/C22H34O2/c1-3-5-6-7-8-9-10-11-12-13-14-15-16-17-18-19-20-21-22(23)24-4-2/h5-6,8-9,11-12,14-15,17-18H,3-4,7,10,13,16,19-21H2,1-2H3/b6-5-,9-8-,12-11-,15-14-,18-17-"	Eicosapentaenoic acid ethyl ester	331.26461				6.953																																																																																																																																																																																																		
CHEBI:8224	C16H12O7	Cc1c(O)cc2oc(-c3ccc(O)c(O)c3)c(O)c(=O)c2c1O	"InChI=1S/C16H12O7/c1-6-9(18)5-11-12(13(6)20)14(21)15(22)16(23-11)7-2-3-8(17)10(19)4-7/h2-5,17-20,22H,1H3"	"2-(3,4-dihydroxyphenyl)-3,5,7-trihydroxy-6-methyl-4H-chromen-4-one"	317.06732				6.029																																																																																																																																																																																																		
CHEBI:228579	C12H10ClN3	CC1=CC(=NN1C2=C(C(=CC=C2)Cl)C#N)C	"InChI=1S/C12H10ClN3/c1-8-6-9(2)16(15-8)12-5-3-4-11(13)10(12)7-14/h3-6H,1-2H3"	"2-chloro-6-(3,5-dimethyl-1H-pyrazol-1-yl)benzonitrile"	232.06126				5.474																																																																																																																																																																																																		
CHEBI:228580	C21H20FNOS	CC1=CC=C(N1C2=CC=C(C=C2)C3(CCSC4=C3C=C(C=C4)F)O)C	"InChI=1S/C21H20FNOS/c1-14-3-4-15(2)23(14)18-8-5-16(6-9-18)21(24)11-12-25-20-10-7-17(22)13-19(20)21/h3-10,13,24H,11-12H2,1-2H3"	"4-[4-(2,5-dimethyl-1H-pyrrol-1-yl)phenyl]-6-fluoro-4-thiochromanol"	354.13546				5.557																																																																																																																																																																																																		
CHEBI:70481	C9H18O6	O([C@@H]1O[C@@H]([C@H]([C@@H]([C@H]1O)O)O)CO)C(C)C	"InChI=1S/C9H18O6/c1-4(2)14-9-8(13)7(12)6(11)5(3-10)15-9/h4-13H,3H2,1-2H3/t5-,6-,7+,8-,9-/m1/s1"	"(2R,3S,4S,5R,6R)-2-(hydroxymethyl)-6-(propan-2-yloxy)oxane-3,4,5-triol"	245.10089				3.968																																																																																																																																																																																																		
CHEBI:228581	C9H10N2O3S	C1=CC(=CN=C1)NC(=O)CSCC(=O)O	"InChI=1S/C9H10N2O3S/c12-8(5-15-6-9(13)14)11-7-2-1-3-10-4-7/h1-4H,5-6H2,(H,11,12)(H,13,14)"	2-{[2-oxo-2-(3-pyridylamino)ethyl]thio}acetic acid	249.03261				5.902																																																																																																																																																																																																		
				PB-22 N-(4-Hydroxypentyl)-3-carboxyindole metabolite	248.12888				6.585																																																																																																																																																																																																		
CHEBI:194297	C21H20N4O	O1CCN(C2=C3C(N(N=C3C)C4=CC=CC=C4)=NC=5C2=CC=CC5)CC1	"InChI=1S/C21H20N4O/c1-15-19-20(24-11-13-26-14-12-24)17-9-5-6-10-18(17)22-21(19)25(23-15)16-7-3-2-4-8-16/h2-10H,11-14H2,1H3"	"4-(3-methyl-1-phenyl-1H-pyrazolo[3,4-b]quinolin-4-yl)morpholine"	345.17169				6.193																																																																																																																																																																																																		
CHEBI:16990	C33H36N4O6	CC1=C(C=C)\C(NC1=O)=C\C1=C(C)C(CCC(O)=O)=C(CC2=C(CCC(O)=O)C(C)=C(N2)\C=C2/NC(=O)C(C=C)=C2C)N1	"InChI=1S/C33H36N4O6/c1-7-20-19(6)32(42)37-27(20)14-25-18(5)23(10-12-31(40)41)29(35-25)15-28-22(9-11-30(38)39)17(4)24(34-28)13-26-16(3)21(8-2)33(43)36-26/h7-8,13-14,34-35H,1-2,9-12,15H2,3-6H3,(H,36,43)(H,37,42)(H,38,39)(H,40,41)/b26-13-,27-14-"	Bilirubin	585.2729				5.974																																																																																																																																																																																																		
CHEBI:228582	C17H13ClN2S	CSC1=CC(=NC(=C1)C2=CC=NC=C2)C3=CC=C(C=C3)Cl	"InChI=1S/C17H13ClN2S/c1-21-15-10-16(12-2-4-14(18)5-3-12)20-17(11-15)13-6-8-19-9-7-13/h2-11H,1H3"	2-(4-chlorophenyl)-4-(methylthio)-6-(4-pyridyl)pyridine	313.0542				2.875																																																																																																																																																																																																		
CHEBI:42255	C15H14O7	O[C@@H]1Cc2c(O)cc(O)cc2O[C@@H]1c1cc(O)c(O)c(O)c1	"InChI=1S/C15H14O7/c16-7-3-9(17)8-5-12(20)15(22-13(8)4-7)6-1-10(18)14(21)11(19)2-6/h1-4,12,15-21H,5H2/t12-,15-/m1/s1"	(-)-Epigallocatechin	307.08286				4.711																																																																																																																																																																																																		
CHEBI:170057	C15H19NO2.ClH	Cl.OC(=O)CCCN1CCC(=CC1)C2=CC=CC=C2	"InChI=1S/C15H19NO2.ClH/c17-15(18)7-4-10-16-11-8-14(9-12-16)13-5-2-1-3-6-13;/h1-3,5-6,8H,4,7,9-12H2,(H,17,18);1H"	"4-[4-phenyl-3,6-dihydro-1(2H)-pyridinyl]butanoic acid hydrochloride"	268.13001				1.989																																																																																																																																																																																																		
CHEBI:228583	C23H26N4S	CCCCCCC#CC1=CC(=CN=C1)C2=NN=C(N2C)SCC3=CC=CC=C3	"InChI=1S/C23H26N4S/c1-3-4-5-6-7-9-14-20-15-21(17-24-16-20)22-25-26-23(27(22)2)28-18-19-12-10-8-11-13-19/h8,10-13,15-17H,3-7,18H2,1-2H3"	"3-[5-(benzylthio)-4-methyl-4H-1,2,4-triazol-3-yl]-5-oct-1-ynylpyridine"	391.19569				5.448																																																																																																																																																																																																		
CHEBI:149838	C19H20O3	C=1C=C2C(CCCC2(C)C)=C3C1C4=C(C(C3=O)=O)[C@H](CO4)C	"InChI=1S/C19H20O3/c1-10-9-22-18-12-6-7-13-11(5-4-8-19(13,2)3)15(12)17(21)16(20)14(10)18/h6-7,10H,4-5,8-9H2,1-3H3/t10-/m0/s1"	Cryptotanshinone	297.15016				7.53																																																																																																																																																																																																		
CHEBI:228584	C18H21N3O2	CCN(CC)C1=CC=C(C=C1)C=NNC(=O)C2=CC=C(C=C2)O	"InChI=1S/C18H21N3O2/c1-3-21(4-2)16-9-5-14(6-10-16)13-19-20-18(23)15-7-11-17(22)12-8-15/h5-13,22H,3-4H2,1-2H3,(H,20,23)/b19-13+"	DY131	312.17198				5.334																																																																																																																																																																																																		
CHEBI:17750	C5H11NO2	C[N+](C)(C)CC([O-])=O	"InChI=1S/C5H11NO2/c1-6(2,3)4-5(7)8/h4H2,1-3H3"	Betaine	118.08707				0.591																																																																																																																																																																																																		
CHEBI:228585	C16H23NO2	CCCOC(=O)C(C1CCCCN1)C2=CC=CC=C2	"InChI=1S/C16H23NO2/c1-2-12-19-16(18)15(13-8-4-3-5-9-13)14-10-6-7-11-17-14/h3-5,8-9,14-15,17H,2,6-7,10-12H2,1H3/t14-,15-/m1/s1"	PPH	372.1684				5.332																																																																																																																																																																																																		
CHEBI:64549	C26H50NO7P	[H][C@@](COC)(COP([O-])(=O)OCC[N+](C)(C)C)OC		Lysopc 18:2	520.34064				6.554																																																																																																																																																																																																		
CHEBI:228586	C15H13N3O	CC1=C(C=C(C=C1)N2C(=O)C3=CC=CC=C3N=N2)C	"InChI=1S/C15H13N3O/c1-10-7-8-12(9-11(10)2)18-15(19)13-5-3-4-6-14(13)16-17-18/h3-9H,1-2H3"	"3-(3,4-dimethylphenyl)-3,4-dihydro-1,2,3-benzotriazin-4-one"	269.13941				5.337																																																																																																																																																																																																		
CHEBI:228587	C12H8N2S2	CC1=CSC2=C1C(=C(S2)C=C(C#N)C#N)C	"InChI=1S/C12H8N2S2/c1-7-6-15-12-11(7)8(2)10(16-12)3-9(4-13)5-14/h3,6H,1-2H3"	"2-[(3,4-dimethylthieno[2,3-b]thiophen-2-yl)methylidene]malononitrile"	262.04666				5.645																																																																																																																																																																																																		
CHEBI:228588	C22H23NO2	CCCCC1=C(C=C(N(C1=O)CC2=CC=CC=C2)C3=CC=CC=C3)O	"InChI=1S/C22H23NO2/c1-2-3-14-19-21(24)15-20(18-12-8-5-9-13-18)23(22(19)25)16-17-10-6-4-7-11-17/h4-13,15,24H,2-3,14,16H2,1H3"	1-benzyl-3-butyl-4-hydroxy-6-phenylpyridin-2(1H)-one	356.15385				5.661																																																																																																																																																																																																		
CHEBI:48562	C21H26N2O3	[H][C@]12CC[C@H](O)[C@@H](C(=O)OC)[C@@]1([H])C[C@]1([H])N(CCc3c1[nH]c1ccccc31)C2	"InChI=1S/C21H26N2O3/c1-26-21(25)19-15-10-17-20-14(13-4-2-3-5-16(13)22-20)8-9-23(17)11-12(15)6-7-18(19)24/h2-5,12,15,17-19,22,24H,6-11H2,1H3/t12-,15+,17+,18+,19+/m1/s1"	Rauwolscine	355.20406				5.464																																																																																																																																																																																																		
CHEBI:183364	C8H7F3N2O2	FC(F)(F)C=1C(=CN=C(OC)C1)C(=O)N	"InChI=1S/C8H7F3N2O2/c1-15-6-2-5(8(9,10)11)4(3-13-6)7(12)14/h2-3H,1H3,(H2,12,14)"	6-methoxy-4-(trifluoromethyl)nicotinamide	259.00851				6.364																																																																																																																																																																																																		
CHEBI:190609	C17H13N5O	O=C1N=C(N=C2NN(C(N)=C21)C3=CC=CC=C3)C4=CC=CC=C4	"InChI=1S/C17H13N5O/c18-14-13-16(21-22(14)12-9-5-2-6-10-12)19-15(20-17(13)23)11-7-3-1-4-8-11/h1-10H,18H2,(H,19,20,21,23)"	"3-amino-2,6-diphenyl-4,7-dihydro-2H-pyrazolo[3,4-d]pyrimidin-4-one"	304.12222				1.863																																																																																																																																																																																																		
CHEBI:228589	C8H11N5O	CNC(=O)NN=C(C1=CC=CC=N1)N	"InChI=1S/C8H11N5O/c1-10-8(14)13-12-7(9)6-4-2-3-5-11-6/h2-5H,1H3,(H2,9,12)(H2,10,13,14)"	N1-methyl-2-[imino(2-pyridyl)methyl]hydrazine-1-carboxamide	194.1047				2.208																																																																																																																																																																																																		
CHEBI:2533	C14H20ClNO2	CCc1cccc(CC)c1N(COC)C(=O)CCl	"InChI=1S/C14H20ClNO2/c1-4-11-7-6-8-12(5-2)14(11)16(10-18-3)13(17)9-15/h6-8H,4-5,9-10H2,1-3H3"	Alachlor	270.12542				5.499																																																																																																																																																																																																		
CHEBI:28261	C10H16	CC1=CC[C@@H]2C[C@H]1C2(C)C	"InChI=1S/C10H16/c1-7-4-5-8-6-9(7)10(8,2)3/h4,8-9H,5-6H2,1-3H3/t8-,9-/m1/s1"	TMH	410.14639				5.169																																																																																																																																																																																																		
CHEBI:9969	C15H20N2O	O=C1N[C@@H](Cc2ccccc2)CN2CCCC[C@@H]12	"InChI=1S/C15H20N2O/c18-15-14-8-4-5-9-17(14)11-13(16-15)10-12-6-2-1-3-7-12/h1-3,6-7,13-14H,4-5,8-11H2,(H,16,18)/t13-,14-/m0/s1"	"(3S,9aS)-3-benzyl-octahydro-1H-pyrido[1,2-a]pyrazin-1-one"	267.14609				2.298																																																																																																																																																																																																		
CHEBI:228590	C18H26N2O3	CC(C)(CC(=O)NC1=CC=CC=C1N2CCCCC2)CC(=O)O	"InChI=1S/C18H26N2O3/c1-18(2,13-17(22)23)12-16(21)19-14-8-4-5-9-15(14)20-10-6-3-7-11-20/h4-5,8-9H,3,6-7,10-13H2,1-2H3,(H,19,21)(H,22,23)"	"3,3-dimethyl-5-oxo-5-(2-piperidinoanilino)pentanoic acid"	319.20639				6.789																																																																																																																																																																																																		
CHEBI:228591	C12H8ClN3O2	CN1C=C(C(=N1)C=C(C#N)C(=O)C2=CC=CO2)Cl	"InChI=1S/C12H8ClN3O2/c1-16-7-9(13)10(15-16)5-8(6-14)12(17)11-3-2-4-18-11/h2-5,7H,1H3"	3-(4-chloro-1-methyl-1H-pyrazol-3-yl)-2-(2-furylcarbonyl)acrylonitrile	262.03359				3.089																																																																																																																																																																																																		
CHEBI:228592	C15H10N6O2	C1=CC=C2C(=C1)C(=NC3=C(N=NN23)C4=CC=C(C=C4)[N+](=O)[O-])N	"InChI=1S/C15H10N6O2/c16-14-11-3-1-2-4-12(11)20-15(17-14)13(18-19-20)9-5-7-10(8-6-9)21(22)23/h1-8H,(H2,16,17)"	"3-(4-nitrophenyl)[1,2,3]triazolo[1,5-a]quinazolin-5-amine"	307.09408				5.157																																																																																																																																																																																																		
CHEBI:228593	C9H9F3N2O2S	C1=CC(=CC=C1OCC(=O)NN)SC(F)(F)F	"InChI=1S/C9H9F3N2O2S/c10-9(11,12)17-7-3-1-6(2-4-7)16-5-8(15)14-13/h1-4H,5,13H2,(H,14,15)"	2-{4-[(trifluoromethyl)thio]phenoxy}ethanohydrazide	267.04029				1.207																																																																																																																																																																																																		
CHEBI:228594	C24H18N2OS2	C1=CC=C(C=C1)SC2=NC(=C(C=C2)N=CC3=CC=CC=C3O)SC4=CC=CC=C4	"InChI=1S/C24H18N2OS2/c27-22-14-8-7-9-18(22)17-25-21-15-16-23(28-19-10-3-1-4-11-19)26-24(21)29-20-12-5-2-6-13-20/h1-17,27H"	"2-({[2,6-bis(phenylthio)pyridin-3-yl]imino}methyl)phenol"	415.10186				5.256																																																																																																																																																																																																		
CHEBI:183696	C18H34O5	OC(CCCCCCCC(O)=O)C(O)C(O)/C=C\CCCCC	"InChI=1S/C18H34O5/c1-2-3-4-6-9-12-15(19)18(23)16(20)13-10-7-5-8-11-14-17(21)22/h9,12,15-16,18-20,23H,2-8,10-11,13-14H2,1H3,(H,21,22)/b12-9-"	"(12Z)-9,10,11-trihydroxyoctadec-12-enoic acid"	353.23255				5.932																																																																																																																																																																																																		
CHEBI:192603	C16H12O3	O1C2=C(C(=O)C=C1C3=CC=CC=C3)C=CC(OC)=C2	"InChI=1S/C16H12O3/c1-18-12-7-8-13-14(17)10-15(19-16(13)9-12)11-5-3-2-4-6-11/h2-10H,1H3"	7-Methoxyflavone	505.17031				5.944																																																																																																																																																																																																		
CHEBI:102265	C12H14N4O2S	Cc1cc(C)nc(NS(=O)(=O)c2ccc(N)cc2)n1	"InChI=1S/C12H14N4O2S/c1-8-7-9(2)15-12(14-8)16-19(17,18)11-5-3-10(13)4-6-11/h3-7H,13H2,1-2H3,(H,14,15,16)"	Sulfamethazine	140.05024				6.403																																																																																																																																																																																																		
CHEBI:3088	C11H22N3O6P	C[C@H](NC(=O)[C@H](C)NC(=O)[C@@H](N)CCP(C)(O)=O)C(O)=O	"InChI=1S/C11H22N3O6P/c1-6(9(15)14-7(2)11(17)18)13-10(16)8(12)4-5-21(3,19)20/h6-8H,4-5,12H2,1-3H3,(H,13,16)(H,14,15)(H,17,18)(H,19,20)/t6-,7-,8-/m0/s1"	Bialaphos	324.13548				5.2																																																																																																																																																																																																		
CHEBI:73808	C14H17N3O3	C[C@H](N)C(=O)N[C@@H](Cc1c[nH]c2ccccc12)C(O)=O	"InChI=1S/C14H17N3O3/c1-8(15)13(18)17-12(14(19)20)6-9-7-16-11-5-3-2-4-10(9)11/h2-5,7-8,12,16H,6,15H2,1H3,(H,17,18)(H,19,20)/t8-,12-/m0/s1"	Ala-trp	276.13553				5.289																																																																																																																																																																																																		
CHEBI:183366	C19H22O5	OC(CCC1=CC(O)=C(O)C=C1)CC(=O)CCC2=CC=C(O)C=C2	"InChI=1S/C19H22O5/c20-15-6-1-13(2-7-15)3-8-16(21)12-17(22)9-4-14-5-10-18(23)19(24)11-14/h1-2,5-7,10-11,17,20,22-24H,3-4,8-9,12H2"	"7-(3,4-dihydroxyphenyl)-5-hydroxy-1-(4-hydroxyphenyl)heptan-3-one"	353.13794				5.247																																																																																																																																																																																																		
CHEBI:192626	C16H19NO3	O(C1=CC=C(C(C)(C)C)C=C1)C(=O)C2=C(ON=C2C)C	"InChI=1S/C16H19NO3/c1-10-14(11(2)20-17-10)15(18)19-13-8-6-12(7-9-13)16(3,4)5/h6-9H,1-5H3"	"4-(tert-butyl)phenyl 3,5-dimethylisoxazole-4-carboxylate"	257.11929				5.774																																																																																																																																																																																																		
CHEBI:165621	C18H35NO4	O([C@@H](C[N+](C)(C)C)CC([O-])=O)C(=O)CCCCCCCCCC	"InChI=1S/C18H35NO4/c1-5-6-7-8-9-10-11-12-13-18(22)23-16(14-17(20)21)15-19(2,3)4/h16H,5-15H2,1-4H3/t16-/m1/s1"	CAR 11:0	157.123				6.309																																																																																																																																																																																																		
CHEBI:190661	C15H28O2	OC1(C2C(CCC(C2)C(O)(C)C)(CCC1)C)C	"InChI=1S/C15H28O2/c1-13(2,16)11-6-9-14(3)7-5-8-15(4,17)12(14)10-11/h11-12,16-17H,5-10H2,1-4H3"	"7-(2-hydroxypropan-2-yl)-1,4a-dimethyl-decahydronaphthalen-1-ol"	223.20647				7.003																																																																																																																																																																																																		
CHEBI:183489	C11H15NO2	OC=1C=C(N(CC)CC)C=CC1C=O	"InChI=1S/C11H15NO2/c1-3-12(4-2)10-6-5-9(8-13)11(14)7-10/h5-8,14H,3-4H2,1-2H3"	4-(Diethylamino)salicylaldehyde	194.11853				1.575																																																																																																																																																																																																		
CHEBI:228595	C21H28N2O6S	CCOC1=CC(=C(C=C1NS(=O)(=O)C2=CC=C(C=C2)OC)OCC)N3CCOCC3	"InChI=1S/C21H28N2O6S/c1-4-28-20-15-19(23-10-12-27-13-11-23)21(29-5-2)14-18(20)22-30(24,25)17-8-6-16(26-3)7-9-17/h6-9,14-15,22H,4-5,10-13H2,1-3H3"	"N-(2,5-diethoxy-4-morpholinophenyl)-4-methoxybenzenesulfonamide"	437.17725				6.472																																																																																																																																																																																																		
CHEBI:190667	C14H14O6	O1C(CCC(O)=O)=CC(=O)C2=C1C=C(OC)C=C2OC	"InChI=1S/C14H14O6/c1-18-9-6-11(19-2)14-10(15)5-8(3-4-13(16)17)20-12(14)7-9/h5-7H,3-4H2,1-2H3,(H,16,17)"	"3-(5,7-dimethoxy-4-oxo-4H-chromen-2-yl)propanoic acid"	279.08459				4.694																																																																																																																																																																																																		
CHEBI:134355	C19H22O3	C12=CC(=CC=C1C=CC(O2)=O)OC/C=C(/CCC=C(C)C)\C	"InChI=1S/C19H22O3/c1-14(2)5-4-6-15(3)11-12-21-17-9-7-16-8-10-19(20)22-18(16)13-17/h5,7-11,13H,4,6,12H2,1-3H3/b15-11+"	"7-{[(2E)-3,7-dimethylocta-2,6-dien-1-yl]oxy}-2H-chromen-2-one"	299.16324				6.983																																																																																																																																																																																																		
CHEBI:37084	C5H10O3	CC(C)(O)CC(O)=O	"InChI=1S/C5H10O3/c1-5(2,8)3-4(6)7/h8H,3H2,1-2H3,(H,6,7)"	3-Hydroxy-3-methylbutanoic acid	275.0709				1.627																																																																																																																																																																																																		
CHEBI:63327	C16H12O3	C12=CC=CC=C1OC(=CC2=O)C=3C=CC=C(C3)OC	"InChI=1S/C16H12O3/c1-18-12-6-4-5-11(9-12)16-10-14(17)13-7-2-3-8-15(13)19-16/h2-10H,1H3"	3-Methoxyflavone	275.07077				1.622																																																																																																																																																																																																		
CHEBI:183490	C15H12O4	O1CC(C(=O)C(C1)=CC=2OC=CC2)=CC=3OC=CC3	"InChI=1S/C15H12O4/c16-15-11(7-13-3-1-5-18-13)9-17-10-12(15)8-14-4-2-6-19-14/h1-8H,9-10H2"	"3,5-di(2-furylmethylidene)tetrahydro-2H-pyran-4-one"	257.07978				5.961																																																																																																																																																																																																		
CHEBI:183763	C14H17N3O4S	S(OC=1C(N2CCOCC2)=CC=CC1)(=O)(=O)C=3N=CN(C3)C	"InChI=1S/C14H17N3O4S/c1-16-10-14(15-11-16)22(18,19)21-13-5-3-2-4-12(13)17-6-8-20-9-7-17/h2-5,10-11H,6-9H2,1H3"	2-morpholinophenyl 1-methyl-1H-imidazole-4-sulfonate	324.0994				5.865																																																																																																																																																																																																		
CHEBI:228596	C4H12NO3PS	CSCCC(N)P(=O)(O)O	"InChI=1S/C4H12NO3PS/c1-10-3-2-4(5)9(6,7)8/h4H,2-3,5H2,1H3,(H2,6,7,8)/t4-/m1/s1"	MPH	384.16677				4.898																																																																																																																																																																																																		
CHEBI:74789	C13H10N2	Nc1c2ccccc2nc2ccccc12	"InChI=1S/C13H10N2/c14-13-9-5-1-3-7-11(9)15-12-8-4-2-6-10(12)13/h1-8H,(H2,14,15)"	9-Aminoacridine	195.09236				5.915																																																																																																																																																																																																		
CHEBI:28460	C24H42O21	OC[C@@H](O)[C@@H](O[C@H]1O[C@H](CO)[C@@H](O[C@H]2O[C@H](CO)[C@@H](O[C@H]3O[C@H](CO)[C@@H](O)[C@H](O)[C@H]3O)[C@H](O)[C@H]2O)[C@H](O)[C@H]1O)[C@H](O)[C@@H](O)C=O	"InChI=1S/C24H42O21/c25-1-6(30)11(32)19(7(31)2-26)43-23-17(38)14(35)21(9(4-28)41-23)45-24-18(39)15(36)20(10(5-29)42-24)44-22-16(37)13(34)12(33)8(3-27)40-22/h1,6-24,26-39H,2-5H2/t6-,7+,8+,9+,10+,11+,12+,13-,14+,15+,16+,17+,18+,19+,20+,21+,22+,23+,24+/m0/s1"	Maltotetraose	689.21315				1.354																																																																																																																																																																																																		
CHEBI:228597	C9H8F3N3S	C1CN(C(=S)N1)C2=C(C=CC=N2)C(F)(F)F	"InChI=1S/C9H8F3N3S/c10-9(11,12)6-2-1-3-13-7(6)15-5-4-14-8(15)16/h1-3H,4-5H2,(H,14,16)"	1-[3-(trifluoromethyl)-2-pyridyl]imidazolidine-2-thione	248.04859				5.996																																																																																																																																																																																																		
CHEBI:228598	C15H13ClN2S	CC1=CC(=NC(=C1C#N)SCC2=CC=CC=C2Cl)C	"InChI=1S/C15H13ClN2S/c1-10-7-11(2)18-15(13(10)8-17)19-9-12-5-3-4-6-14(12)16/h3-7H,9H2,1-2H3"	"2-[(2-chlorobenzyl)sulfanyl]-4,6-dimethylnicotinonitrile"	311.03827				2.319																																																																																																																																																																																																		
CHEBI:8083	C12H16O6	OC[C@H]1O[C@@H](Oc2ccccc2)[C@H](O)[C@@H](O)[C@@H]1O	"InChI=1S/C12H16O6/c13-6-8-9(14)10(15)11(16)12(18-8)17-7-4-2-1-3-5-7/h1-5,8-16H,6H2/t8-,9-,10+,11-,12-/m1/s1"	"(2R,3S,4S,5R,6S)-2-(hydroxymethyl)-6-phenoxyoxane-3,4,5-triol"	274.12987				5.601																																																																																																																																																																																																		
CHEBI:7719	C20H18ClNO6	C[C@@H]1CC2=C(Cl)C=C(C(=O)N[C@@H](CC3=CC=CC=C3)C(O)=O)C(O)=C2C(=O)O1	"InChI=1S/C20H18ClNO6/c1-10-7-12-14(21)9-13(17(23)16(12)20(27)28-10)18(24)22-15(19(25)26)8-11-5-3-2-4-6-11/h2-6,9-10,15,23H,7-8H2,1H3,(H,22,24)(H,25,26)/t10-,15+/m1/s1"	Ochratoxin A	404.08456				4.646																																																																																																																																																																																																		
CHEBI:65954	C28H34O7	[H][C@@]12C[C@@H](OC(C)=O)[C@]3(C)[C@]([H])(CC[C@@]4(C)[C@@H](OC(=O)[C@H]5O[C@@]345)c3ccoc3)[C@@]1(C)C=CC(=O)C2(C)C	"InChI=1S/C28H34O7/c1-15(29)33-20-13-18-24(2,3)19(30)8-10-25(18,4)17-7-11-26(5)21(16-9-12-32-14-16)34-23(31)22-28(26,35-22)27(17,20)6/h8-10,12,14,17-18,20-22H,7,11,13H2,1-6H3/t17-,18+,20-,21+,22-,25-,26+,27+,28-/m1/s1"	Gedunin	483.23761				8.006																																																																																																																																																																																																		
CHEBI:192673	C10H8O4S	S(=O)(=O)(C1=CC=2C(OC1=O)=CC=CC2)C	"InChI=1S/C10H8O4S/c1-15(12,13)9-6-7-4-2-3-5-8(7)14-10(9)11/h2-6H,1H3"	3-(methylsulfonyl)-2H-chromen-2-one	247.00209				5.702																																																																																																																																																																																																		
CHEBI:167255	C44H86NO8P			PC 18:0_18:1	788.62079				10.003																																																																																																																																																																																																		
CHEBI:228599	C14H10N2O2	C1=CC=C2C(=C1)C=CN2C3=CC=C(C=C3)[N+](=O)[O-]	InChI=1S/C14H10N2O2/c17-16(18)13-7-5-12(6-8-13)15-10-9-11-3-1-2-4-14(11)15/h1-10H	1-(4-nitrophenyl)-1H-indole	239.08038				5.91																																																																																																																																																																																																		
CHEBI:228600	C10H14N2O2S	CC1=C(SC(=N1)N2CCOCC2)C(=O)C	"InChI=1S/C10H14N2O2S/c1-7-9(8(2)13)15-10(11-7)12-3-5-14-6-4-12/h3-6H2,1-2H3"	"1-(4-methyl-2-morpholino-1,3-thiazol-5-yl)ethan-1-one"	227.08235				6.123																																																																																																																																																																																																		
CHEBI:174442	C11H10N4O4	[O-][N+]=1C=2C([N+]([O-])=CC1\C=N\NC(OC)=O)=CC=CC2	"InChI=1S/C11H10N4O4/c1-19-11(16)13-12-6-8-7-14(17)9-4-2-3-5-10(9)15(8)18/h2-7H,1H3,(H,13,16)/b12-6+"	Carbadox	263.07501				1.284																																																																																																																																																																																																		
CHEBI:2376	C25H43NO18	C[C@H]1O[C@H](O[C@@H]2[C@@H](CO)O[C@H](O[C@@H]3[C@@H](CO)OC(O)[C@H](O)[C@H]3O)[C@H](O)[C@H]2O)[C@H](O)[C@@H](O)[C@@H]1N[C@H]1C=C(CO)[C@@H](O)[C@H](O)[C@H]1O	"InChI=1S/C25H43NO18/c1-6-11(26-8-2-7(3-27)12(30)15(33)13(8)31)14(32)19(37)24(40-6)43-22-10(5-29)42-25(20(38)17(22)35)44-21-9(4-28)41-23(39)18(36)16(21)34/h2,6,8-39H,3-5H2,1H3/t6-,8+,9-,10-,11-,12-,13+,14+,15+,16-,17-,18-,19-,20-,21-,22-,23?,24-,25-/m1/s1"	Acarbose	646.25768				1.388																																																																																																																																																																																																		
CHEBI:228601	C14H8ClN3S	C1=CC=C2C(=C1)NC3=NC4=C(C=CC(=C4)Cl)N=C3S2	"InChI=1S/C14H8ClN3S/c15-8-5-6-9-11(7-8)17-13-14(18-9)19-12-4-2-1-3-10(12)16-13/h1-7H,(H,16,17)"	"9-chloro-12H-benzo[5,6][1,4]thiazino[2,3-b]quinoxaline"	286.01941				6.313																																																																																																																																																																																																		
CHEBI:194291	C16H16D6Cl2N2O	ClC=1C=C(C(=O)N(C2C(N(C([2H])([2H])[2H])C([2H])([2H])[2H])CCCC2)C)C=CC1Cl	"InChI=1S/C16H22Cl2N2O/c1-19(2)14-6-4-5-7-15(14)20(3)16(21)11-8-9-12(17)13(18)10-11/h8-10,14-15H,4-7H2,1-3H3/i1D3,2D3"	U-47700-d6	168.0816				5.508																																																																																																																																																																																																		
CHEBI:75457	C21H38O4	CCCCC\C=C/C\C=C/CCCCCCCC(=O)OC(CO)CO	"InChI=1S/C21H38O4/c1-2-3-4-5-6-7-8-9-10-11-12-13-14-15-16-17-21(24)25-20(18-22)19-23/h6-7,9-10,20,22-23H,2-5,8,11-19H2,1H3/b7-6-,10-9-"	2-Linoleoyl glycerol	337.2731				8.827																																																																																																																																																																																																		
CHEBI:194282	C21H19N5O2S	S(=O)(=O)(N(CC=1N=CC=CC1)CC=2N=CC=CC2)C3=CC=C(N4N=CC=C4)C=C3	"InChI=1S/C21H19N5O2S/c27-29(28,21-10-8-20(9-11-21)26-15-5-14-24-26)25(16-18-6-1-3-12-22-18)17-19-7-2-4-13-23-19/h1-15H,16-17H2"	"4-(1H-pyrazol-1-yl)-N,N-bis(2-pyridinylmethyl)benzenesulfonamide"	406.1338				1.357																																																																																																																																																																																																		
CHEBI:183417	C8H9NO3	OC=1C=C(CC(=O)N)C=CC1O	"InChI=1S/C8H9NO3/c9-8(12)4-5-1-2-6(10)7(11)3-5/h1-3,10-11H,4H2,(H2,9,12)"	"2-(3,4-dihydroxyphenyl)acetamide"	190.05031				5.522																																																																																																																																																																																																		
CHEBI:183726	C22H30O3	OC=1C(=C(CCCCCCC/C=C\C/C=C\CC=C)C=CC1)C(O)=O	"InChI=1S/C22H30O3/c1-2-3-4-5-6-7-8-9-10-11-12-13-14-16-19-17-15-18-20(23)21(19)22(24)25/h2,4-5,7-8,15,17-18,23H,1,3,6,9-14,16H2,(H,24,25)/b5-4-,8-7-"	"2-hydroxy-6-[(8Z,11Z)-pentadeca-8,11,14-trien-1-yl]benzoic acid"	325.21725				6.453																																																																																																																																																																																																		
CHEBI:228602	C7H14N2O2S	CC(C)SCC(=O)NCC(=O)N	"InChI=1S/C7H14N2O2S/c1-5(2)12-4-7(11)9-3-6(8)10/h5H,3-4H2,1-2H3,(H2,8,10)(H,9,11)"	N1-(2-amino-2-oxoethyl)-2-(isopropylthio)acetamide	191.0824				3.943																																																																																																																																																																																																		
CHEBI:228603	C11H13N5O4S	C1CN(C(=O)N1)CCNS(=O)(=O)C2=CC=CC3=NON=C32	"InChI=1S/C11H13N5O4S/c17-11-12-4-6-16(11)7-5-13-21(18,19)9-3-1-2-8-10(9)15-20-14-8/h1-3,13H,4-7H2,(H,12,17)"	"N-[2-(2-oxo-1-imidazolidinyl)ethyl]-2,1,3-benzoxadiazole-4-sulfonamide"	312.07397				5.137																																																																																																																																																																																																		
CHEBI:192662	C15H12N2O3	O1C2=C(C=C(N3C=CC=C3)C=C2)C=C(NC(=O)C)C1=O	"InChI=1S/C15H12N2O3/c1-10(18)16-13-9-11-8-12(17-6-2-3-7-17)4-5-14(11)20-15(13)19/h2-9H,1H3,(H,16,18)"	N1-[2-oxo-6-(1H-pyrrol-1-yl)-2H-chromen-3-yl]acetamide	269.09293				5.44																																																																																																																																																																																																		
CHEBI:228604	C13H15Cl2N5	C1CCN(CC1)C2=NN(N=N2)CC3=C(C=CC=C3Cl)Cl	"InChI=1S/C13H15Cl2N5/c14-11-5-4-6-12(15)10(11)9-20-17-13(16-18-20)19-7-2-1-3-8-19/h4-6H,1-3,7-9H2"	"1-[2-(2,6-dichlorobenzyl)-2H-1,2,3,4-tetraazol-5-yl]piperidine"	312.07973				6.447																																																																																																																																																																																																		
CHEBI:228605	C11H18N2O2	CC(C)CC1C(=O)N2CCCC2C(=O)N1	"InChI=1S/C11H18N2O2/c1-7(2)6-8-11(15)13-5-3-4-9(13)10(14)12-8/h7-9H,3-6H2,1-2H3,(H,12,14)"	"3-(2-methylpropyl)-octahydropyrrolo[1,2-a]pyrazine-1,4-dione"	255.10358				6.169																																																																																																																																																																																																		
CHEBI:228606	C18H19FN4O2	CC1=CC=C(C=C1)C2=C(N(C3=NC=NC(=C23)N)CCCO)C(=O)CF	"InChI=1S/C18H19FN4O2/c1-11-3-5-12(6-4-11)14-15-17(20)21-10-22-18(15)23(7-2-8-24)16(14)13(25)9-19/h3-6,10,24H,2,7-9H2,1H3,(H2,20,21,22)"	FMK	425.21745				6.958																																																																																																																																																																																																		
CHEBI:183400	C12H13ClF3NO2	ClC=1C(NC(=O)C(C)(C)C)=C(OC(F)(F)F)C=CC1	"InChI=1S/C12H13ClF3NO2/c1-11(2,3)10(18)17-9-7(13)5-4-6-8(9)19-12(14,15)16/h4-6H,1-3H3,(H,17,18)"	"N-[2-chloro-6-(trifluoromethoxy)phenyl]-2,2-dimethylpropanamide"	296.06767				1.239																																																																																																																																																																																																		
CHEBI:183414	C15H24O3	OC1(C2C(CC1)C(O)(CC(=O)C(C2)=C(C)C)C)C	"InChI=1S/C15H24O3/c1-9(2)10-7-12-11(5-6-14(12,3)17)15(4,18)8-13(10)16/h11-12,17-18H,5-8H2,1-4H3"	"1,4-dihydroxy-1,4-dimethyl-7-(propan-2-ylidene)-decahydroazulen-6-one"	275.16331				6.636																																																																																																																																																																																																		
CHEBI:228607	C21H23NO4	CCC(C)C(C(=O)O)NC(=O)OCC1C2=CC=CC=C2C3=CC=CC=C13	"InChI=1S/C21H23NO4/c1-3-13(2)19(20(23)24)22-21(25)26-12-18-16-10-6-4-8-14(16)15-9-5-7-11-17(15)18/h4-11,13,18-19H,3,12H2,1-2H3,(H,22,25)(H,23,24)/t13-,19-/m0/s1"	Fmoc-L-Isoleucine	354.1709				5.247																																																																																																																																																																																																		
CHEBI:228608	C257H383N65O77S6Zn	CCC(C)C1C(=O)NC2CSSCC(C(=O)NC(CSSCC(C(=O)NCC(=O)NC(C(=O)NC(C(=O)NC(C(=O)NC(C(=O)NC(C(=O)NC(C(=O)NC(C(=O)NC(C(=O)NC(C(=O)NC(C(=O)NC(CSSCC(NC(=O)C(NC(=O)C(NC(=O)C(NC(=O)C(NC(=O)C(NC(=O)C(NC(=O)C(NC(=O)C(NC2=O)CO)CC(C)C)CC3=CC=C(C=C3)O)CCC(=O)N)CC(C)C)CCC(=O)O)CC(=O)N)CC4=CC=C(C=C4)O)C(=O)NC(CC(=O)N)C(=O)O)C(=O)NCC(=O)NC(CCC(=O)O)C(=O)NC(CCCNC(=N)N)C(=O)NCC(=O)NC(CC5=CC=CC=C5)C(=O)NC(CC6=CC=CC=C6)C(=O)NC(CC7=CC=C(C=C7)O)C(=O)NC(C(C)O)C(=O)N8CCCC8C(=O)NC(CCCCN)C(=O)NC(C(C)O)C(=O)O)C(C)C)CC(C)C)CC9=CC=C(C=C9)O)CC(C)C)C)CCC(=O)O)C(C)C)CC(C)C)CC2C=NC=N2)CO)NC(=O)C(CC(C)C)NC(=O)C(CC2C=NC=N2)NC(=O)C(CCC(=O)N)NC(=O)C(CC(=O)N)NC(=O)C(C(C)C)NC(=O)C(CC2=CC=CC=C2)N)C(=O)NC(C(=O)NC(C(=O)N1)CO)C(C)O)NC(=O)C(CCC(=O)N)NC(=O)C(CCC(=O)O)NC(=O)C(C(C)C)NC(=O)C(C(C)CC)NC(=O)CN.[Zn]	"InChI=1S/C257H383N65O77S6.Zn/c1-29-131(23)205(313-193(339)104-259)252(393)317-204(130(21)22)248(389)288-159(75-82-200(349)350)217(358)282-156(71-78-189(263)335)221(362)308-183-116-403-404-117-184-243(384)305-178(111-324)240(381)294-162(88-123(7)8)225(366)295-168(95-140-53-61-146(329)62-54-140)228(369)283-154(69-76-187(261)333)218(359)290-161(87-122(5)6)223(364)285-158(74-81-199(347)348)220(361)302-174(101-190(264)336)235(376)298-170(97-142-57-65-148(331)66-58-142)231(372)309-182(242(383)304-176(255(396)397)103-192(266)338)115-402-401-114-181(214(355)273-107-194(340)278-153(72-79-197(343)344)216(357)281-151(51-42-84-271-257(267)268)212(353)272-108-195(341)279-166(93-138-46-36-32-37-47-138)227(368)297-167(94-139-48-38-33-39-49-139)230(371)299-171(98-143-59-67-149(332)68-60-143)238(379)320-208(135(27)327)254(395)322-85-43-52-186(322)246(387)286-152(50-40-41-83-258)222(363)321-209(136(28)328)256(398)399)311-250(391)203(129(19)20)316-236(377)164(90-125(11)12)292-229(370)169(96-141-55-63-147(330)64-56-141)296-224(365)160(86-121(3)4)289-210(351)133(25)277-215(356)157(73-80-198(345)346)287-247(388)202(128(17)18)315-237(378)165(91-126(13)14)293-233(374)173(100-145-106-270-120-276-145)301-239(380)177(110-323)280-196(342)109-274-213(354)180(113-400-405-118-185(310-244(183)385)245(386)319-207(134(26)326)253(394)306-179(112-325)241(382)318-206(132(24)30-2)251(392)312-184)307-226(367)163(89-124(9)10)291-232(373)172(99-144-105-269-119-275-144)300-219(360)155(70-77-188(262)334)284-234(375)175(102-191(265)337)303-249(390)201(127(15)16)314-211(352)150(260)92-137-44-34-31-35-45-137;/h31-39,44-49,53-68,105-106,119-136,144-145,150-186,201-209,323-332H,29-30,40-43,50-52,69-104,107-118,258-260H2,1-28H3,(H2,261,333)(H2,262,334)(H2,263,335)(H2,264,336)(H2,265,337)(H2,266,338)(H,272,353)(H,273,355)(H,274,354)(H,277,356)(H,278,340)(H,279,341)(H,280,342)(H,281,357)(H,282,358)(H,283,369)(H,284,375)(H,285,364)(H,286,387)(H,287,388)(H,288,389)(H,289,351)(H,290,359)(H,291,373)(H,292,370)(H,293,374)(H,294,381)(H,295,366)(H,296,365)(H,297,368)(H,298,376)(H,299,371)(H,300,360)(H,301,380)(H,302,361)(H,303,390)(H,304,383)(H,305,384)(H,306,394)(H,307,367)(H,308,362)(H,309,372)(H,310,385)(H,311,391)(H,312,392)(H,313,339)(H,314,352)(H,315,378)(H,316,377)(H,317,393)(H,318,382)(H,319,386)(H,320,379)(H,321,363)(H,343,344)(H,345,346)(H,347,348)(H,349,350)(H,396,397)(H,398,399)(H4,267,268,271);/t131-,132-,133-,134+,135+,136?,144?,145?,150-,151-,152-,153-,154-,155-,156-,157-,158-,159-,160-,161-,162-,163-,164-,165-,166-,167-,168-,169-,170-,171-,172-,173-,174-,175-,176-,177-,178-,179-,180-,181-,182-,183-,184-,185-,186-,201-,202-,203-,204-,205-,206-,207-,208-,209-;/m0./s1"	NPH	389.15222				6.157																																																																																																																																																																																																		
CHEBI:228609	C25H34N6O3	CCCC1=NC(=C2N1N=C(NC2=O)C3=C(C=CC(=C3)C(=O)CN4CCN(CC4)CC)OCC)C	"InChI=1S/C25H34N6O3/c1-5-8-22-26-17(4)23-25(33)27-24(28-31(22)23)19-15-18(9-10-21(19)34-7-3)20(32)16-30-13-11-29(6-2)12-14-30/h9-10,15H,5-8,11-14,16H2,1-4H3,(H,27,28,33)"	Acetylvardenafil	467.28196				6.662																																																																																																																																																																																																		
CHEBI:228610	C16H32N2O4	CCCCCCCNC(=O)CCNC(=O)C(C(C)(C)CO)O	"InChI=1S/C16H32N2O4/c1-4-5-6-7-8-10-17-13(20)9-11-18-15(22)14(21)16(2,3)12-19/h14,19,21H,4-12H2,1-3H3,(H,17,20)(H,18,22)/t14-/m0/s1"	RNH	448.19864				2.99																																																																																																																																																																																																		
CHEBI:183495	C14H17NO4	O1C(=NC=2C(C1=O)=CC(OC)=C(OC)C2)C(C)(C)C	"InChI=1S/C14H17NO4/c1-14(2,3)13-15-9-7-11(18-5)10(17-4)6-8(9)12(16)19-13/h6-7H,1-5H3"	"2-(tert-butyl)-6,7-dimethoxy-4H-3,1-benzoxazin-4-one"	264.12378				4.988																																																																																																																																																																																																		
CHEBI:228611	C15H14Cl2N2O3	CC(C(=O)NCC1=CC=CO1)NC(=O)C2=C(C=C(C=C2)Cl)Cl	"InChI=1S/C15H14Cl2N2O3/c1-9(14(20)18-8-11-3-2-6-22-11)19-15(21)12-5-4-10(16)7-13(12)17/h2-7,9H,8H2,1H3,(H,18,20)(H,19,21)"	"2,4-dichloro-N-{2-[(2-furylmethyl)amino]-1-methyl-2-oxoethyl}benzamide"	341.04889				2.907																																																																																																																																																																																																		
CHEBI:183440	C20H20O6	O(C(=O)C1C(C(C1C2=CC=C(O)C=C2)C(OC)=O)C3=CC=C(O)C=C3)C	"InChI=1S/C20H20O6/c1-25-19(23)17-15(11-3-7-13(21)8-4-11)18(20(24)26-2)16(17)12-5-9-14(22)10-6-12/h3-10,15-18,21-22H,1-2H3"	"1,3-dimethyl 2,4-bis(4-hydroxyphenyl)cyclobutane-1,3-dicarboxylate"	379.11212				4.838																																																																																																																																																																																																		
CHEBI:190616	C15H11ClN2O2	ClC1=CC=2N(C(=O)CC(=O)NC2C=C1)C3=CC=CC=C3	"InChI=1S/C15H11ClN2O2/c16-10-6-7-12-13(8-10)18(11-4-2-1-3-5-11)15(20)9-14(19)17-12/h1-8H,9H2,(H,17,19)"	N-Desmethylclobazam	287.05643				5.3																																																																																																																																																																																																		
				QNK	389.21539				6.523																																																																																																																																																																																																		
CHEBI:183790	C20H28F3N3S	S=C1N(C(=NN1)CCCCCCCCCCC)C=2C(=CC=CC2)C(F)(F)F	"InChI=1S/C20H28F3N3S/c1-2-3-4-5-6-7-8-9-10-15-18-24-25-19(27)26(18)17-14-12-11-13-16(17)20(21,22)23/h11-14H,2-10,15H2,1H3,(H,25,27)"	"4-[2-(trifluoromethyl)phenyl]-5-undecyl-4H-1,2,4-triazole-3-thiol"	400.2045				5.995																																																																																																																																																																																																		
CHEBI:47397	C10H5Cl6NO2	[H][C@]12C(=O)N(C)C(=O)[C@@]1([H])[C@@]1(Cl)C(Cl)=C(Cl)[C@]2(Cl)C1(Cl)Cl	"InChI=1S/C10H5Cl6NO2/c1-17-6(18)2-3(7(17)19)9(14)5(12)4(11)8(2,13)10(9,15)16/h2-3H,1H3/t2-,3+,8+,9-"	ENH	399.16376				1.311																																																																																																																																																																																																		
CHEBI:192610	C15H23NOS	S1CCN(C(=O)C23CC4CC(C2)CC(C3)C4)CC1	"InChI=1S/C15H23NOS/c17-14(16-1-3-18-4-2-16)15-8-11-5-12(9-15)7-13(6-11)10-15/h11-13H,1-10H2"	"1-adamantyl(1,4-thiazinan-4-yl)methanone"	266.16124				1.246																																																																																																																																																																																																		
CHEBI:139247	C36H53N11O12S	O=C(N[C@H](C(N[C@H](C(NCCC(=O)O)=O)CCCCNC(CCCCC1SCC2C1NC(N2)=O)=O)=O)CCCCN)[C@@H](N(C3=CC=C(C=4C3=NON4)[N+]([O-])=O)C)CC(=O)O	"InChI=1S/C36H53N11O12S/c1-46(23-12-13-24(47(57)58)32-31(23)44-59-45-32)25(18-29(51)52)35(55)41-21(8-4-6-15-37)34(54)40-20(33(53)39-17-14-28(49)50)9-5-7-16-38-27(48)11-3-2-10-26-30-22(19-60-26)42-36(56)43-30/h12-13,20-22,25-26,30H,2-11,14-19,37H2,1H3,(H,38,48)(H,39,53)(H,40,54)(H,41,55)(H,49,50)(H,51,52)(H2,42,43,56)/t20-,21-,22?,25-,26?,30?/m0/s1"	DKK	372.21854				8.487																																																																																																																																																																																																		
CHEBI:228612	C10H7Cl2NO2	CN1C2=CC=CC=C2C(=O)C(C1=O)(Cl)Cl	"InChI=1S/C10H7Cl2NO2/c1-13-7-5-3-2-4-6(7)8(14)10(11,12)9(13)15/h2-5H,1H3"	"3,3-dichloro-1-methyl-1,2,3,4-tetrahydroquinoline-2,4-dione"	261.01822				5.411																																																																																																																																																																																																		
CHEBI:71466	C20H39NO2	CCCCCCCC\C=C/CCCCCCCC(=O)NCCO	"InChI=1S/C20H39NO2/c1-2-3-4-5-6-7-8-9-10-11-12-13-14-15-16-17-20(23)21-18-19-22/h9-10,22H,2-8,11-19H2,1H3,(H,21,23)/b10-9-"	Oleoyl ethanolamide	308.2962				9.959																																																																																																																																																																																																		
CHEBI:17933	C27H44O2	[H][C@@]1(CC[C@]2([H])[C@]1(C)CCC\C2=C/C=C1/C[C@@H](O)CCC1=C)[C@H](C)CCCC(C)(C)O	"InChI=1S/C27H44O2/c1-19-10-13-23(28)18-22(19)12-11-21-9-7-17-27(5)24(14-15-25(21)27)20(2)8-6-16-26(3,4)29/h11-12,20,23-25,28-29H,1,6-10,13-18H2,2-5H3/b21-11+,22-12-/t20-,23+,24-,25+,27-/m1/s1"	25-hydroxycholecalciferol	383.33334				7.733																																																																																																																																																																																																		
CHEBI:228613	C19H20N2O	CC1=CC=CC=C1CN2CCC(C2)C3=NC4=CC=CC=C4O3	"InChI=1S/C19H20N2O/c1-14-6-2-3-7-15(14)12-21-11-10-16(13-21)19-20-17-8-4-5-9-18(17)22-19/h2-9,16H,10-13H2,1H3/t16-/m0/s1"	"2-[(3S)-1-(2-Methylbenzyl)-3-pyrrolidinyl]-1,3-benzoxazole"	293.16608				6.394																																																																																																																																																																																																		
CHEBI:172914	C21H20O7	OC1(C(O)C(OC(=O)C2=CC=CC=C2)C=CC1O)COC(=O)C3=CC=CC=C3	"InChI=1S/C21H20O7/c22-17-12-11-16(28-20(25)15-9-5-2-6-10-15)18(23)21(17,26)13-27-19(24)14-7-3-1-4-8-14/h1-12,16-18,22-23,26H,13H2"	"5-[(benzoyloxy)methyl]-4,5,6-trihydroxycyclohex-2-en-1-yl benzoate"	407.11021				5.919																																																																																																																																																																																																		
CHEBI:31111	C12H14O3	CC(C)=CCc1cc(ccc1O)C(O)=O	"InChI=1S/C12H14O3/c1-8(2)3-4-9-7-10(12(14)15)5-6-11(9)13/h3,5-7,13H,4H2,1-2H3,(H,14,15)"	4-hydroxy-3-(3-methylbut-2-en-1-yl)benzoic acid	207.09975				6.236																																																																																																																																																																																																		
CHEBI:176723	C23H44NO4	O(C(C[N+](C)(C)C)CC(O)=O)C(=O)CCCCC/C=C\CCCCCCCC	"InChI=1S/C23H43NO4/c1-5-6-7-8-9-10-11-12-13-14-15-16-17-18-23(27)28-21(19-22(25)26)20-24(2,3)4/h12-13,21H,5-11,14-20H2,1-4H3/p+1/b13-12-"	CAR 16:1	398.32833				7.424																																																																																																																																																																																																		
CHEBI:78576	C17H12O7	COc1cc2O[C@H]3OC=C[C@@]3(O)c2c2oc(=O)c3C(=O)CCc3c12	"InChI=1S/C17H12O7/c1-21-9-6-10-13(17(20)4-5-22-16(17)23-10)14-12(9)7-2-3-8(18)11(7)15(19)24-14/h4-6,16,20H,2-3H2,1H3/t16-,17-/m1/s1"	Aflatoxin M1	351.04402				5.236																																																																																																																																																																																																		
CHEBI:183353	C22H18N2O6	O1C(=NC=2C(=CC(OC)=C(OC)C2OC)C1=O)C3=C(OC4=CC=CC=C4)N=CC=C3	"InChI=1S/C22H18N2O6/c1-26-16-12-15-17(19(28-3)18(16)27-2)24-21(30-22(15)25)14-10-7-11-23-20(14)29-13-8-5-4-6-9-13/h4-12H,1-3H3"	"6,7,8-trimethoxy-2-(2-phenoxy-3-pyridyl)-4H-3,1-benzoxazin-4-one"	445.08571				8.598																																																																																																																																																																																																		
CHEBI:69686	C14H25NO	CCCCC\C=C\C=C\C(=O)NCC(C)C	"InChI=1S/C14H25NO/c1-4-5-6-7-8-9-10-11-14(16)15-12-13(2)3/h8-11,13H,4-7,12H2,1-3H3,(H,15,16)/b9-8+,11-10+"	"(2E,4E)-N-(2-methylpropyl)deca-2,4-dienamide"	241.22813				6.311																																																																																																																																																																																																		
CHEBI:228614	C21H28O2	CC(C)C1=C(C=CC(=C1)C(C)(C)C2=CC(=C(C=C2)O)C(C)C)O	"InChI=1S/C21H28O2/c1-13(2)17-11-15(7-9-19(17)22)21(5,6)16-8-10-20(23)18(12-16)14(3)4/h7-14,22-23H,1-6H3"	Bisphenol G	330.24051				4.971																																																																																																																																																																																																		
CHEBI:81395	C20H16N2O5	CC[C@@]1(O)C(=O)OCc2c1cc1-c3nc4ccc(O)cc4cc3Cn1c2=O	"InChI=1S/C20H16N2O5/c1-2-20(26)14-7-16-17-11(5-10-6-12(23)3-4-15(10)21-17)8-22(16)18(24)13(14)9-27-19(20)25/h3-7,23,26H,2,8-9H2,1H3/t20-/m0/s1"	(S)-10-Hydroxycamptothecin	387.09961				5.975																																																																																																																																																																																																		
CHEBI:183689	C19H16ClNO	ClC1=CC=C(C(O)(CC=2C=CC=NC2)C3=CC=CC=C3)C=C1	"InChI=1S/C19H16ClNO/c20-18-10-8-17(9-11-18)19(22,16-6-2-1-3-7-16)13-15-5-4-12-21-14-15/h1-12,14,22H,13H2"	1-(4-chlorophenyl)-1-phenyl-2-(3-pyridyl)ethan-1-ol	310.10266				2.676																																																																																																																																																																																																		
CHEBI:228615	C12H15N3O5S	CC1=C(C(=NO1)C)S(=O)(=O)NC2=C(N=C(C=C2)OC)OC	"InChI=1S/C12H15N3O5S/c1-7-11(8(2)20-14-7)21(16,17)15-9-5-6-10(18-3)13-12(9)19-4/h5-6,15H,1-4H3"	"N4-(2,6-dimethoxy-3-pyridyl)-3,5-dimethyl-4-isoxazolesulfonamide"	314.08154				2.945																																																																																																																																																																																																		
CHEBI:183452	C15H18O3S	S(OC12CCC(CC1)C=C2)(=O)(=O)C3=CC=C(C=C3)C	"InChI=1S/C15H18O3S/c1-12-2-4-14(5-3-12)19(16,17)18-15-9-6-13(7-10-15)8-11-15/h2-6,9,13H,7-8,10-11H2,1H3"	bicyclo[2.2.2]oct-2-en-1-yl 4-methylbenzene-1-sulfonate	279.10257				2.448																																																																																																																																																																																																		
CHEBI:228616	C18H27N3O4	CC(C)CC(CC(=O)NO)C(=O)NC(CC1=CC=CC=C1)C(=O)NC	"InChI=1S/C18H27N3O4/c1-12(2)9-14(11-16(22)21-25)17(23)20-15(18(24)19-3)10-13-7-5-4-6-8-13/h4-8,12,14-15,25H,9-11H2,1-3H3,(H,19,24)(H,20,23)(H,21,22)/t14-,15+/m1/s1"	PLH	366.21201				6.759																																																																																																																																																																																																		
CHEBI:168396	C17H20O6	COc1c(C)c2COC(=O)c2c(O)c1C\C=C(/C)CCC(O)=O	"InChI=1S/C17H20O6/c1-9(5-7-13(18)19)4-6-11-15(20)14-12(8-23-17(14)21)10(2)16(11)22-3/h4,20H,5-8H2,1-3H3,(H,18,19)/b9-4+"	Mycophenolic acid	343.11292				5.913																																																																																																																																																																																																		
CHEBI:145330	C18H13ClFN3O	C1(=NCC=2N(C=3C1=CC(=CC3)Cl)C(=NC2)CO)C=4C=CC=CC4F	"InChI=1S/C18H13ClFN3O/c19-11-5-6-16-14(7-11)18(13-3-1-2-4-15(13)20)22-9-12-8-21-17(10-24)23(12)16/h1-8,24H,9-10H2"	Î±-Hydroxymidazolam	324.0722				5.806																																																																																																																																																																																																		
CHEBI:18083	C6H7N5	Cn1cnc2ncnc2c1N	"InChI=1S/C6H7N5/c1-11-3-10-6-4(5(11)7)8-2-9-6/h2-3H,7H2,1H3"	1-Methyladenine	150.07819				2.207																																																																																																																																																																																																		
				LPC 18:0-SN1	524.37338				10.031																																																																																																																																																																																																		
CHEBI:43129	C16H12O6	[H][C@]12Oc3cc4OCOc4cc3[C@@]1(O)COc1cc(O)ccc21	"InChI=1S/C16H12O6/c17-8-1-2-9-11(3-8)19-6-16(18)10-4-13-14(21-7-20-13)5-12(10)22-15(9)16/h1-5,15,17-18H,6-7H2/t15-,16+/m1/s1"	HMK	397.20264				5.905																																																																																																																																																																																																		
CHEBI:228617	C17H14N2OS	COC1=CC=C(C=C1)N2C=CC(=NC2=S)C3=CC=CC=C3	"InChI=1S/C17H14N2OS/c1-20-15-9-7-14(8-10-15)19-12-11-16(18-17(19)21)13-5-3-2-4-6-13/h2-12H,1H3"	1-(4-methoxyphenyl)-4-phenyl-2(1H)-pyrimidinethione	295.08747				1.635																																																																																																																																																																																																		
CHEBI:228618	C10H10ClN5	CC1=C(C=C(C=C1)C2=NC(=NC(=N2)N)N)Cl	"InChI=1S/C10H10ClN5/c1-5-2-3-6(4-7(5)11)8-14-9(12)16-10(13)15-8/h2-4H,1H3,(H4,12,13,14,15,16)"	"6-(3-chloro-4-methylphenyl)-1,3,5-triazine-2,4-diamine"	236.06775				4.997																																																																																																																																																																																																		
CHEBI:192630	C13H15NO5	O1CCCOC2=C1C=C(NC(=O)CCC(O)=O)C=C2	"InChI=1S/C13H15NO5/c15-12(4-5-13(16)17)14-9-2-3-10-11(8-9)19-7-1-6-18-10/h2-3,8H,1,4-7H2,(H,14,15)(H,16,17)"	"4-(3,4-dihydro-2H-1,5-benzodioxepin-7-ylamino)-4-oxobutanoic acid"	288.08115				5.245																																																																																																																																																																																																		
CHEBI:190589	C16H16F3NOS	S1C(C(C)(C)C)=CC=C1C(=O)NC2=CC=C(C=C2)C(F)(F)F	"InChI=1S/C16H16F3NOS/c1-15(2,3)13-9-8-12(22-13)14(21)20-11-6-4-10(5-7-11)16(17,18)19/h4-9H,1-3H3,(H,20,21)"	5-(tert-butyl)-N-[4-(trifluoromethyl)phenyl]thiophene-2-carboxamide	328.09647				4.842																																																																																																																																																																																																		
CHEBI:181041	C17H17NO3	O(C(=O)C(NC(=O)C1=CC=CC=C1)CC2=CC=CC=C2)C	"InChI=1S/C17H17NO3/c1-21-17(20)15(12-13-8-4-2-5-9-13)18-16(19)14-10-6-3-7-11-14/h2-11,15H,12H2,1H3,(H,18,19)"	Methyl N-benzoylphenylalaninate	284.12948				6.165																																																																																																																																																																																																		
CHEBI:228619	C13H13N3O3S	CN1C=CN=C1SCC(=O)NC2=CC3=C(C=C2)OCO3	"InChI=1S/C13H13N3O3S/c1-16-5-4-14-13(16)20-7-12(17)15-9-2-3-10-11(6-9)19-8-18-10/h2-6H,7-8H2,1H3,(H,15,17)"	"N1-(1,3-benzodioxol-5-yl)-2-[(1-methyl-1H-imidazol-2-yl)thio]acetamide"	292.0769				5.056																																																																																																																																																																																																		
CHEBI:111762	C15H11ClN2O	Clc1ccc2NC(=O)CN=C(c3ccccc3)c2c1	"InChI=1S/C15H11ClN2O/c16-11-6-7-13-12(8-11)15(17-9-14(19)18-13)10-4-2-1-3-5-10/h1-8H,9H2,(H,18,19)"	Nordiazepam	271.06677				4.357																																																																																																																																																																																																		
CHEBI:7625	C18H22O4	CC(Cc1ccc(O)c(O)c1)C(C)Cc1ccc(O)c(O)c1	"InChI=1S/C18H22O4/c1-11(7-13-3-5-15(19)17(21)9-13)12(2)8-14-4-6-16(20)18(22)10-14/h3-6,9-12,19-22H,7-8H2,1-2H3"	"4-{3-[(3,4-dihydroxyphenyl)methyl]-2-methylbutyl}benzene-1,2-diol"	325.14262				6.594																																																																																																																																																																																																		
CHEBI:183737	C27H21N3O2	O(C1=CC=C(NC(=O)C=2C(C=3NC=4C(N3)=CC=CC4)=CC=CC2)C=C1)CC5=CC=CC=C5	"InChI=1S/C27H21N3O2/c31-27(28-20-14-16-21(17-15-20)32-18-19-8-2-1-3-9-19)23-11-5-4-10-22(23)26-29-24-12-6-7-13-25(24)30-26/h1-17H,18H2,(H,28,31)(H,29,30)"	2-(1H-benzimidazol-2-yl)-N-[4-(benzyloxy)phenyl]benzamide	457.16116				7.196																																																																																																																																																																																																		
CHEBI:192606	C16H11F3N2OS2	S1C2=C(N=C1SC)C=CC(NC(=O)C=3C(=CC=CC3)C(F)(F)F)=C2	"InChI=1S/C16H11F3N2OS2/c1-23-15-21-12-7-6-9(8-13(12)24-15)20-14(22)10-4-2-3-5-11(10)16(17,18)19/h2-8H,1H3,(H,20,22)"	"N-[2-(methylthio)-1,3-benzothiazol-6-yl]-2-(trifluoromethyl)benzamide"	369.03107				3.144																																																																																																																																																																																																		
CHEBI:165283	C20H32O4	OC(C(O)C/C=C\C/C=C\C/C=C\C/C=C\CC)CCCC(O)=O	"InChI=1S/C20H32O4/c1-2-3-4-5-6-7-8-9-10-11-12-13-15-18(21)19(22)16-14-17-20(23)24/h3-4,6-7,9-10,12-13,18-19,21-22H,2,5,8,11,14-17H2,1H3,(H,23,24)/b4-3-,7-6-,10-9-,13-12-"	(Â±)5(6)-DiHET	321.24152				8.631																																																																																																																																																																																																		
CHEBI:35421	C24H40O6S	C1[C@@]2([C@]3(CC[C@]4([C@]([C@@]3(CC[C@@]2(C[C@@H](C1)OS(O)(=O)=O)[H])[H])(CC[C@@]4([C@H](C)CCC(O)=O)[H])[H])C)[H])C	"InChI=1S/C24H40O6S/c1-15(4-9-22(25)26)19-7-8-20-18-6-5-16-14-17(30-31(27,28)29)10-12-23(16,2)21(18)11-13-24(19,20)3/h15-21H,4-14H2,1-3H3,(H,25,26)(H,27,28,29)/t15-,16-,17-,18+,19-,20+,21+,23+,24-/m1/s1"	lithocholic acid 3-sulfate	457.26038				6.633																																																																																																																																																																																																		
CHEBI:228620	C12H12ClN3O3	CC1=C(C(=CC=C1)Cl)OC2=C(C(=NN2C)C)[N+](=O)[O-]	"InChI=1S/C12H12ClN3O3/c1-7-5-4-6-9(13)11(7)19-12-10(16(17)18)8(2)14-15(12)3/h4-6H,1-3H3"	"5-(2-chloro-6-methylphenoxy)-1,3-dimethyl-4-nitro-1H-pyrazole"	282.06524				1.385																																																																																																																																																																																																		
CHEBI:3602	C6H8ClN3O4S2	Nc1cc(Cl)c(cc1S(N)(=O)=O)S(N)(=O)=O	"InChI=1S/C6H8ClN3O4S2/c7-3-1-4(8)6(16(10,13)14)2-5(3)15(9,11)12/h1-2H,8H2,(H2,9,11,12)(H2,10,13,14)"	"4-Amino-6-chloro-1,3-benzenedisulfonamide"	268.94647				3.938																																																																																																																																																																																																		
CHEBI:114195	C16H11NO2	C1=CC=C(C=C1)C2=NC3=CC=CC=C3C(=C2)C(=O)O	"InChI=1S/C16H11NO2/c18-16(19)13-10-15(11-6-2-1-3-7-11)17-14-9-5-4-8-12(13)14/h1-10H,(H,18,19)"	Cinchophen	250.08772				8.509																																																																																																																																																																																																		
CHEBI:25682	C8H18N4O2	CN\C(NCCC[C@H](N)C(O)=O)=N\C	"InChI=1S/C8H18N4O2/c1-10-8(11-2)12-5-3-4-6(9)7(13)14/h6H,3-5,9H2,1-2H3,(H,13,14)(H2,10,11,12)/t6-/m0/s1"	SDMA	203.1512				0.525																																																																																																																																																																																																		
CHEBI:28241	C20H21NO4	COc1ccc(Cc2nccc3cc(OC)c(OC)cc23)cc1OC	"InChI=1S/C20H21NO4/c1-22-17-6-5-13(10-18(17)23-2)9-16-15-12-20(25-4)19(24-3)11-14(15)7-8-21-16/h5-8,10-12H,9H2,1-4H3"	Papaverine	340.14984				5.773																																																																																																																																																																																																		
CHEBI:183451	C13H17NO3	O=C(NC1=CC=C(C=C1)C)CC(CC(O)=O)C	"InChI=1S/C13H17NO3/c1-9-3-5-11(6-4-9)14-12(15)7-10(2)8-13(16)17/h3-6,10H,7-8H2,1-2H3,(H,14,15)(H,16,17)"	3-methyl-5-oxo-5-(4-toluidino)pentanoic acid	236.1295				1.691																																																																																																																																																																																																		
CHEBI:74860	C10H20N2O4	CC(C)C[C@H](NC(=O)[C@@H](N)[C@@H](C)O)C(O)=O	"InChI=1S/C10H20N2O4/c1-5(2)4-7(10(15)16)12-9(14)8(11)6(3)13/h5-8,13H,4,11H2,1-3H3,(H,12,14)(H,15,16)/t6-,7+,8+/m1/s1"	Thr-Leu	233.15051				5.162																																																																																																																																																																																																		
CHEBI:45453	C15H23N7O5	N[C@@H](CC[C@H](N)C(O)=O)C[C@H]1O[C@H]([C@H](O)[C@@H]1O)n1cnc2c(N)ncnc12	"InChI=1S/C15H23N7O5/c16-6(1-2-7(17)15(25)26)3-8-10(23)11(24)14(27-8)22-5-21-9-12(18)19-4-20-13(9)22/h4-8,10-11,14,23-24H,1-3,16-17H2,(H,25,26)(H2,18,19,20)/t6-,7-,8+,10+,11+,14+/m0/s1"	Sinefungin	382.18692				4.951																																																																																																																																																																																																		
CHEBI:228621	C17H14N2O4	COC1=CC2=C(C=C1)NC(=C2)C(=O)NC3=CC4=C(C=C3)OCO4	"InChI=1S/C17H14N2O4/c1-21-12-3-4-13-10(6-12)7-14(19-13)17(20)18-11-2-5-15-16(8-11)23-9-22-15/h2-8,19H,9H2,1H3,(H,18,20)"	"N-(1,3-benzodioxol-5-yl)-5-methoxy-1H-indole-2-carboxamide"	311.10724				4.496																																																																																																																																																																																																		
CHEBI:167858	C16H26O3	O=C(O)CC/C=C/C=C\[C@@H](O)C/C=C\CCCCC	"InChI=1S/C16H26O3/c1-2-3-4-5-6-9-12-15(17)13-10-7-8-11-14-16(18)19/h6-10,13,15,17H,2-5,11-12,14H2,1H3,(H,18,19)/b8-7+,9-6-,13-10-/t15-/m0/s1"	Tetranor-12(S)-HETE	289.17689				1.417																																																																																																																																																																																																		
CHEBI:228622	C13H12Cl2N4	CC1=NN=C(C=C1)N(C)N=CC2=C(C=C(C=C2)Cl)Cl	"InChI=1S/C13H12Cl2N4/c1-9-3-6-13(18-17-9)19(2)16-8-10-4-5-11(14)7-12(10)15/h3-8H,1-2H3"	"2,4-dichlorobenzaldehyde 1-methyl-1-(6-methylpyridazin-3-yl)hydrazone"	333.00284				5.064																																																																																																																																																																																																		
CHEBI:37252	C16H30O2	CCCCCCCCCCCCC\C=C\C(O)=O	"InChI=1S/C16H30O2/c1-2-3-4-5-6-7-8-9-10-11-12-13-14-15-16(17)18/h14-15H,2-13H2,1H3,(H,17,18)/b15-14+"	2-trans-Hexadecenoic acid	255.23339				7.238																																																																																																																																																																																																		
CHEBI:165794	C18H32O3	O1C(C1C/C=C/CCCCCCCC(O)=O)CCCCC	"InChI=1S/C18H32O3/c1-2-3-10-13-16-17(21-16)14-11-8-6-4-5-7-9-12-15-18(19)20/h8,11,16-17H,2-7,9-10,12-15H2,1H3,(H,19,20)/b11-8+"	"12,13-EODE"	297.24368				6.131																																																																																																																																																																																																		
CHEBI:228623	C19H22ClN3O3S	CS(=O)(=O)C1=C(C=C(C=C1)C(CC2CCCC2)C(=O)NC3=NC=CN=C3)Cl	"InChI=1S/C19H22ClN3O3S/c1-27(25,26)17-7-6-14(11-16(17)20)15(10-13-4-2-3-5-13)19(24)23-18-12-21-8-9-22-18/h6-9,11-13,15H,2-5,10H2,1H3,(H,22,23,24)/t15-/m1/s1"	PharmaGSID_48506	408.11337				5.213																																																																																																																																																																																																		
CHEBI:108595	C19H18O3	CC1=COC2=C1C(=O)C(=O)C3=C2C=CC4=C3CCCC4(C)C	"InChI=1S/C19H18O3/c1-10-9-22-18-12-6-7-13-11(5-4-8-19(13,2)3)15(12)17(21)16(20)14(10)18/h6-7,9H,4-5,8H2,1-3H3"	Tanshinone IIA	295.13475				8.06																																																																																																																																																																																																		
CHEBI:228624	C8H4ClF3N2S	C1=C(C(=CC2=C1NC(=S)N2)Cl)C(F)(F)F	"InChI=1S/C8H4ClF3N2S/c9-4-2-6-5(13-7(15)14-6)1-3(4)8(10,11)12/h1-2H,(H2,13,14,15)"	"5-chloro-6-(trifluoromethyl)-1,3-dihydro-2H-benzimidazole-2-thione"	252.97652				4.841																																																																																																																																																																																																		
CHEBI:228625	C11H15N5O5	C1=NC(=C2C(=N1)N(C=N2)C3C(C(C(O3)CO)O)O)NCO	"InChI=1S/C11H15N5O5/c17-1-5-7(19)8(20)11(21-5)16-3-14-6-9(15-4-18)12-2-13-10(6)16/h2-3,5,7-8,11,17-20H,1,4H2,(H,12,13,15)"	N(6)-OH-Me-Adenosine	298.11169				5.083																																																																																																																																																																																																		
CHEBI:183846	C20H24O2	O[C@]1(C2([C@]([C@]3([C@](CC2)(C4=C(CC3)C=C(O)C=C4)[H])[H])(CC1)[H])C)C#C	"InChI=1S/C20H24O2/c1-3-20(22)11-9-18-17-6-4-13-12-14(21)5-7-15(13)16(17)8-10-19(18,20)2/h1,5,7,12,16-18,21-22H,4,6,8-11H2,2H3/t16-,17-,18+,19?,20-/m1/s1"	17alpha-Ethinyl estradiol	297.18588				5.803																																																																																																																																																																																																		
CHEBI:228626	C15H14Cl2N2O2	COC1=CC=C(C=C1)C(=NOCC2=C(C=CC=C2Cl)Cl)N	"InChI=1S/C15H14Cl2N2O2/c1-20-11-7-5-10(6-8-11)15(18)19-21-9-12-13(16)3-2-4-14(12)17/h2-8H,9H2,1H3,(H2,18,19)"	"O1-(2,6-dichlorobenzyl)-4-methoxybenzene-1-carbohydroximamide"	325.05429				2.35																																																																																																																																																																																																		
CHEBI:228627	C19H18N2O3	CC1CN1C2=CC(=O)C3=C(C2=O)C(=C(N3C)C4=CC=CC=C4)CO	"InChI=1S/C19H18N2O3/c1-11-9-21(11)14-8-15(23)18-16(19(14)24)13(10-22)17(20(18)2)12-6-4-3-5-7-12/h3-8,11,22H,9-10H2,1-2H3/t11-,21?/m1/s1"	ARH	192.11404				3.577																																																																																																																																																																																																		
CHEBI:167853	C20H36O5	O1[C@]2([C@@]3([C@H]([C@@]([C@@H](O)CC3)(CO)C)CC[C@H]2C)C)CC[C@@]1(CO)CCO	"InChI=1S/C20H36O5/c1-14-4-5-15-17(2,12-22)16(24)6-7-18(15,3)20(14)9-8-19(13-23,25-20)10-11-21/h14-16,21-24H,4-13H2,1-3H3/t14-,15+,16+,17+,18+,19+,20-/m1/s1"	Lagochilin	379.2471				7.449																																																																																																																																																																																																		
CHEBI:228628	C22H22N2S	CC1=C(C(=NC2=CC=CC=C12)SCC3=CC=C(C=C3)C(C)(C)C)C#N	"InChI=1S/C22H22N2S/c1-15-18-7-5-6-8-20(18)24-21(19(15)13-23)25-14-16-9-11-17(12-10-16)22(2,3)4/h5-12H,14H2,1-4H3"	2-{[4-(tert-butyl)benzyl]thio}-4-methylquinoline-3-carbonitrile	347.16134				6.474																																																																																																																																																																																																		
CHEBI:69456	C20H18O11	O[C@@H]1CO[C@@H](Oc2c(oc3cc(O)cc(O)c3c2=O)-c2ccc(O)c(O)c2)[C@H](O)[C@H]1O	"InChI=1S/C20H18O11/c21-8-4-11(24)14-13(5-8)30-18(7-1-2-9(22)10(23)3-7)19(16(14)27)31-20-17(28)15(26)12(25)6-29-20/h1-5,12,15,17,20-26,28H,6H2/t12-,15+,17-,20+/m1/s1"	Reynoutrin	435.08713				6.076																																																																																																																																																																																																		
CHEBI:228629	C26H50NO7P	CCCC=CCC=CCCCCCCCCOCC(COP(=O)([O-])OCC[N+](C)(C)C)OC(=O)C	"InChI=1S/C26H50NO7P/c1-6-7-8-9-10-11-12-13-14-15-16-17-18-19-21-31-23-26(34-25(2)28)24-33-35(29,30)32-22-20-27(3,4)5/h8-9,11-12,26H,6-7,10,13-24H2,1-5H3/b9-8-,12-11-"	PC O-18:2	520.34234				8.634																																																																																																																																																																																																		
CHEBI:183419	C14H9N3O	O(C1=C(C=CC=C1C#N)C#N)C2=CC=C(N)C=C2	"InChI=1S/C14H9N3O/c15-8-10-2-1-3-11(9-16)14(10)18-13-6-4-12(17)5-7-13/h1-7H,17H2"	2-(4-aminophenoxy)isophthalonitrile	236.08129				1.223																																																																																																																																																																																																		
CHEBI:48923	C37H67NO12			(-)-Erythromycin	734.47223				5.852																																																																																																																																																																																																		
				NPK	322.18455				6.679																																																																																																																																																																																																		
CHEBI:83481	C13H17NO2	OC(=O)C(C1CCCCN1)c1ccccc1	"InChI=1S/C13H17NO2/c15-13(16)12(10-6-2-1-3-7-10)11-8-4-5-9-14-11/h1-3,6-7,11-12,14H,4-5,8-9H2,(H,15,16)"	Ritalinic acid	220.1343				6.664																																																																																																																																																																																																		
CHEBI:136218	C24H47O9P	[C@](CO*)(O*)([H])COP(OCC(CO)O)(=O)O		Lysopg 18:1	511.30426				6.973																																																																																																																																																																																																		
CHEBI:85299	C20H41NO2	CCCCCCCCCCCCCCCCCC(=O)NCCO	"InChI=1S/C20H41NO2/c1-2-3-4-5-6-7-8-9-10-11-12-13-14-15-16-17-20(23)21-18-19-22/h22H,2-19H2,1H3,(H,21,23)"	Stearoyl Ethanolamide	328.32318				8.771																																																																																																																																																																																																		
CHEBI:15414	C15H23N6O5S+	C[S+](CC[C@H](N)C(O)=O)C[C@H]1O[C@H]([C@H](O)[C@@H]1O)n1cnc2c(N)ncnc12	"InChI=1S/C15H22N6O5S/c1-27(3-2-7(16)15(24)25)4-8-10(22)11(23)14(26-8)21-6-20-9-12(17)18-5-19-13(9)21/h5-8,10-11,14,22-23H,2-4,16H2,1H3,(H2-,17,18,19,24,25)/p+1/t7-,8+,10+,11+,14+,27?/m0/s1"	S-Adenosyl-L-methionine	399.14571				6.155																																																																																																																																																																																																		
CHEBI:228630	C13H10F3N3O3	CC1=CC(=NO1)C(=O)NNC(=O)C2=CC(=CC=C2)C(F)(F)F	"InChI=1S/C13H10F3N3O3/c1-7-5-10(19-22-7)12(21)18-17-11(20)8-3-2-4-9(6-8)13(14,15)16/h2-6H,1H3,(H,17,20)(H,18,21)"	5-methyl-N'-[3-(trifluoromethyl)benzoyl]-3-isoxazolecarbohydrazide	336.05566				5.071																																																																																																																																																																																																		
CHEBI:4055	C11H14N2O	O=c1cccc2[C@H]3CNC[C@H](C3)Cn12	"InChI=1S/C11H14N2O/c14-11-3-1-2-10-9-4-8(5-12-6-9)7-13(10)11/h1-3,8-9,12H,4-7H2/t8-,9+/m0/s1"	Cytisine	191.11848				2.106																																																																																																																																																																																																		
CHEBI:174296	C19H25NO3	O=C(N1CCCCC1)CCCC/C=C/C2=CC=3OCOC3C=C2	"InChI=1S/C19H25NO3/c21-19(20-12-6-3-7-13-20)9-5-2-1-4-8-16-10-11-17-18(14-16)23-15-22-17/h4,8,10-11,14H,1-3,5-7,9,12-13,15H2/b8-4+"	"(6E)-7-(2H-1,3-benzodioxol-5-yl)-1-(piperidin-1-yl)hept-6-en-1-one"	316.19206				5.287																																																																																																																																																																																																		
CHEBI:178528	C22H34O4	O[C@@H](C(CCCC)(C)C)/C=C/[C@@H]1[C@@H](C/C=C\CCCC(O)=O)C(=O)C=C1	"InChI=1S/C22H34O4/c1-4-5-16-22(2,3)20(24)15-13-17-12-14-19(23)18(17)10-8-6-7-9-11-21(25)26/h6,8,12-15,17-18,20,24H,4-5,7,9-11,16H2,1-3H3,(H,25,26)/b8-6-,15-13+/t17-,18-,20-/m1/s1"	"16,16-Dimethyl prostaglandin A2"	385.23512				4.848																																																																																																																																																																																																		
CHEBI:190573	C9H14N4O2	O=C(NC(C)C)NNC(=O)C=1NC=CC1	"InChI=1S/C9H14N4O2/c1-6(2)11-9(15)13-12-8(14)7-4-3-5-10-7/h3-6,10H,1-2H3,(H,12,14)(H2,11,13,15)"	N1-isopropyl-2-(1H-2-pyrrolylcarbonyl)-1-hydrazinecarboxamide	233.10062				2.238																																																																																																																																																																																																		
CHEBI:27647	C20H32O6	CCCCC[C@H](OO)\C=C\[C@H]1[C@H]2C[C@H](OO2)[C@@H]1C\C=C/CCCC(O)=O	"InChI=1S/C20H32O6/c1-2-3-6-9-15(24-23)12-13-17-16(18-14-19(17)26-25-18)10-7-4-5-8-11-20(21)22/h4,7,12-13,15-19,23H,2-3,5-6,8-11,14H2,1H3,(H,21,22)/b7-4-,13-12+/t15-,16+,17+,18-,19+/m0/s1"	Prostaglandin G2	369.22673				6.968																																																																																																																																																																																																		
CHEBI:228631	C14H19NO2	CCOC(=O)C1(CCNCC1)C2=CC=CC=C2	"InChI=1S/C14H19NO2/c1-2-17-13(16)14(8-10-15-11-9-14)12-6-4-3-5-7-12/h3-7,15H,2,8-11H2,1H3/i8D2,9D2"	Normeperidine-d4	238.17293				6.408																																																																																																																																																																																																		
CHEBI:228632	C15H15NS	C1=CC=C(C=C1)CCNC(=S)C2=CC=CC=C2	"InChI=1S/C15H15NS/c17-15(14-9-5-2-6-10-14)16-12-11-13-7-3-1-4-8-13/h1-10H,11-12H2,(H,16,17)"	N1-phenethylbenzene-1-carbothioamide	242.09678				4.828																																																																																																																																																																																																		
CHEBI:15354				Choline bitartrate	254.12301				5.477																																																																																																																																																																																																		
CHEBI:183503	C12H11ClN4O	ClC1=CC=C(C(=O)NNC2=NN=C(C=C2)C)C=C1	"InChI=1S/C12H11ClN4O/c1-8-2-7-11(15-14-8)16-17-12(18)9-3-5-10(13)6-4-9/h2-7H,1H3,(H,15,16)(H,17,18)"	N'1-(6-methylpyridazin-3-yl)-4-chlorobenzene-1-carbohydrazide	263.0705				1.93																																																																																																																																																																																																		
CHEBI:228633	C20H22N2O4	C1CN(CCC1C(=O)O)CC(=O)NC2=CC=CC=C2OC3=CC=CC=C3	"InChI=1S/C20H22N2O4/c23-19(14-22-12-10-15(11-13-22)20(24)25)21-17-8-4-5-9-18(17)26-16-6-2-1-3-7-16/h1-9,15H,10-14H2,(H,21,23)(H,24,25)"	1-[2-oxo-2-(2-phenoxyanilino)ethyl]-4-piperidinecarboxylic acid	355.16669				5.337																																																																																																																																																																																																		
CHEBI:75092	C15H10O7	Oc1ccc(c(O)c1)-c1oc2cc(O)cc(O)c2c(=O)c1O	"InChI=1S/C15H10O7/c16-6-1-2-8(9(18)3-6)15-14(21)13(20)12-10(19)4-7(17)5-11(12)22-15/h1-5,16-19,21H"	"2-(2,4-dihydroxyphenyl)-3,5,7-trihydroxy-4H-chromen-4-one"	303.04894				5.488																																																																																																																																																																																																		
CHEBI:228634	C9H8F3N3O	CC1=NN(C2=C1C(=O)C=C(N2)C(F)(F)F)C	"InChI=1S/C9H8F3N3O/c1-4-7-5(16)3-6(9(10,11)12)13-8(7)15(2)14-4/h3H,1-2H3,(H,13,16)"	"1,3-dimethyl-6-(trifluoromethyl)-1H-pyrazolo[3,4-b]pyridin-4-ol"	254.05042				6.663																																																																																																																																																																																																		
CHEBI:201674	C21H20O6	O=C1C(O)=C(OC2=C1C(O)=CC(=C2CC=C(C)C)O)C3=CC=C(OC)C=C3	"InChI=1S/C21H20O6/c1-11(2)4-9-14-15(22)10-16(23)17-18(24)19(25)20(27-21(14)17)12-5-7-13(26-3)8-6-12/h4-8,10,22-23,25H,9H2,1-3H3"	Icaritin	369.13488				6.606																																																																																																																																																																																																		
CHEBI:183767	C19H18O3	O(C1=CC=C(C=C1)/C=C/C(=O)\C=C\C2=CC=C(OC)C=C2)C	"InChI=1S/C19H18O3/c1-21-18-11-5-15(6-12-18)3-9-17(20)10-4-16-7-13-19(22-2)14-8-16/h3-14H,1-2H3/b9-3+,10-4+"	"(1E,4E)-1,5-bis(4-methoxyphenyl)penta-1,4-dien-3-one"	295.13427				6.679																																																																																																																																																																																																		
CHEBI:228635	C16H21NO10	CC(=O)OCC(C(C(C(C#N)OC(=O)C)OC(=O)C)OC(=O)C)OC(=O)C	"InChI=1S/C16H21NO10/c1-8(18)23-7-14(25-10(3)20)16(27-12(5)22)15(26-11(4)21)13(6-17)24-9(2)19/h13-16H,7H2,1-5H3"	"2,3-di(acetyloxy)-3-cyano-1-[1,2-di(acetyloxy)ethyl]propyl acetate"	388.12497				4.723																																																																																																																																																																																																		
CHEBI:228636	C18H23NO5	C[N+]1(CCC23C4C(CCC2(C1CC5=C3C(=C(C=C5)OC)O4)O)O)[O-]	"InChI=1S/C18H23NO5/c1-19(22)8-7-17-14-10-3-4-12(23-2)15(14)24-16(17)11(20)5-6-18(17,21)13(19)9-10/h3-4,11,13,16,20-21H,5-9H2,1-2H3/t11-,13+,16-,17-,18+,19-/m0/s1"	6alpha-Oxycodol N-oxide	334.16809				6.832																																																																																																																																																																																																		
CHEBI:190670	C15H14N4O2	[O-][N+](=O)C1=CC(N2C(=CC=C2C)C)=C(N3C=CN=C3)C=C1	"InChI=1S/C15H14N4O2/c1-11-3-4-12(2)18(11)15-9-13(19(20)21)5-6-14(15)17-8-7-16-10-17/h3-10H,1-2H3"	"1-[2-(2,5-dimethyl-1H-pyrrol-1-yl)-4-nitrophenyl]-1H-imidazole"	283.11906				5.327																																																																																																																																																																																																		
CHEBI:228637	C20H13NO4	C1=CC=C(C=C1)C2=CC3=C(C(=CC(=O)O3)O)C(=O)N2C4=CC=CC=C4	"InChI=1S/C20H13NO4/c22-16-12-18(23)25-17-11-15(13-7-3-1-4-8-13)21(20(24)19(16)17)14-9-5-2-6-10-14/h1-12,22H"	"4-hydroxy-6,7-diphenyl-5,6-dihydro-2H-pyrano[3,2-c]pyridine-2,5-dione"	332.09344				8.29																																																																																																																																																																																																		
CHEBI:111284	C17H16O7	CC1=CC(=CC(=C1C(=O)OC2=CC(=C(C(=C2)C)C(=O)O)O)O)OC	"InChI=1S/C17H16O7/c1-8-5-11(7-12(18)14(8)16(20)21)24-17(22)15-9(2)4-10(23-3)6-13(15)19/h4-7,18-19H,1-3H3,(H,20,21)"	Evernic acid	333.09541				5.38																																																																																																																																																																																																		
CHEBI:183784	C18H40N.Cl	[Cl-].[N+](CCCCCCCC)(CCCCCCCC)(C)C	"InChI=1S/C18H40N.ClH/c1-5-7-9-11-13-15-17-19(3,4)18-16-14-12-10-8-6-2;/h5-18H2,1-4H3;1H/q+1;/p-1"	Dioctyldimethylammonium chloride	270.31706				6.536																																																																																																																																																																																																		
CHEBI:228638	C15H10F3NOS	C1=CC=C(C=C1)C(=O)C=CSC2=NC=C(C=C2)C(F)(F)F	"InChI=1S/C15H10F3NOS/c16-15(17,18)12-6-7-14(19-10-12)21-9-8-13(20)11-4-2-1-3-5-11/h1-10H/b9-8+"	1-phenyl-3-{[5-(trifluoromethyl)-2-pyridyl]thio}prop-2-en-1-one	310.05502				7.138																																																																																																																																																																																																		
CHEBI:72723	C18H20N2O3	N[C@@H](Cc1ccccc1)C(=O)N[C@@H](Cc1ccccc1)C(O)=O	"InChI=1S/C18H20N2O3/c19-15(11-13-7-3-1-4-8-13)17(21)20-16(18(22)23)12-14-9-5-2-6-10-14/h1-10,15-16H,11-12,19H2,(H,20,21)(H,22,23)/t15-,16-/m0/s1"	Phe-Phe	313.15579				6.142																																																																																																																																																																																																		
CHEBI:64032	C20H37NO2	CCCCC\C=C/C\C=C/CCCCCCCC(=O)NCCO	"InChI=1S/C20H37NO2/c1-2-3-4-5-6-7-8-9-10-11-12-13-14-15-16-17-20(23)21-18-19-22/h6-7,9-10,22H,2-5,8,11-19H2,1H3,(H,21,23)/b7-6-,10-9-"	Linoleoyl ethanolamide	324.2912				6.878																																																																																																																																																																																																		
CHEBI:228639	C18H16Cl2N2O2	CC1=C(C=C(C=C1)NC(=O)C=CC(=O)NC2=CC(=C(C=C2)C)Cl)Cl	"InChI=1S/C18H16Cl2N2O2/c1-11-3-5-13(9-15(11)19)21-17(23)7-8-18(24)22-14-6-4-12(2)16(20)10-14/h3-10H,1-2H3,(H,21,23)(H,22,24)"	"N~1~,N~4~-bis(3-chloro-4-methylphenyl)but-2-enediamide"	385.04599				4.745																																																																																																																																																																																																		
CHEBI:6754	C15H21NO2	C1(C(=O)OCC)(CCN(CC1)C)C2=CC=CC=C2	"InChI=1S/C15H21NO2/c1-3-18-14(17)15(9-11-16(2)12-10-15)13-7-5-4-6-8-13/h4-8H,3,9-12H2,1-2H3"	Meperidine-d5	253.19585				6.966																																																																																																																																																																																																		
CHEBI:192631	C15H18N2OS.H2O	S1C(C2=NNC(=O)C(CC3CCCCC3)=C2)=CC=C1.O	"InChI=1S/C15H18N2OS.H2O/c18-15-12(9-11-5-2-1-3-6-11)10-13(16-17-15)14-7-4-8-19-14;/h4,7-8,10-11H,1-3,5-6,9H2,(H,17,18);1H2"	"4-(cyclohexylmethyl)-6-(2-thienyl)-2,3-dihydropyridazin-3-one hydrate"	297.10358				4.287																																																																																																																																																																																																		
CHEBI:17033	C33H34N4O6	CC1=C(CCC(O)=O)\C(/N=C1/C=C1NC(=O)C(C=C)=C/1C)=C\c1[nH]c(\C=C2NC(=O)C(C)=C/2C=C)c(C)c1CCC(O)=O	"InChI=1S/C33H34N4O6/c1-7-20-19(6)32(42)37-27(20)14-25-18(5)23(10-12-31(40)41)29(35-25)15-28-22(9-11-30(38)39)17(4)24(34-28)13-26-16(3)21(8-2)33(43)36-26/h7-8,13-15,35H,1-2,9-12H2,3-6H3,(H,36,43)(H,37,42)(H,38,39)(H,40,41)/b26-13-,27-14-,28-15-"	Biliverdin	583.25773				6.271																																																																																																																																																																																																		
CHEBI:228640	C24H26Cl2N2O	CN(C)C1=CC(=C(C=C1)C=C2CCCC(=CC3=C(C=C(C=C3)N(C)C)Cl)C2=O)Cl	"InChI=1S/C24H26Cl2N2O/c1-27(2)20-10-8-16(22(25)14-20)12-18-6-5-7-19(24(18)29)13-17-9-11-21(28(3)4)15-23(17)26/h8-15H,5-7H2,1-4H3"	"2,6-di[2-chloro-4-(dimethylamino)benzylidene]cyclohexan-1-one"	429.15719				4.773																																																																																																																																																																																																		
CHEBI:192563	C20H22O7	O1C[C@H]([C@@](O)(CC2=CC(OC)=C(O)C=C2)C1=O)CC3=CC(OC)=C(O)C=C3	"InChI=1S/C20H22O7/c1-25-17-8-12(3-5-15(17)21)7-14-11-27-19(23)20(14,24)10-13-4-6-16(22)18(9-13)26-2/h3-6,8-9,14,21-22,24H,7,10-11H2,1-2H3/t14-,20+/m1/s1"	"3-hydroxy-3,4-bis[(4-hydroxy-3-methoxyphenyl)methyl]oxolan-2-one"	357.13013				2.757																																																																																																																																																																																																		
CHEBI:63791	C13H13N3O3	Nc1cccc2C(=O)N(Cc12)C1CCC(=O)NC1=O	"InChI=1S/C13H13N3O3/c14-9-3-1-2-7-8(9)6-16(13(7)19)10-4-5-11(17)15-12(10)18/h1-3,10H,4-6,14H2,(H,15,17,18)"	Lenalidomide	277.1308				3.106																																																																																																																																																																																																		
CHEBI:8616	C20H16O5	CC(C)=CCc1cc2c3oc4cc(O)ccc4c3c(=O)oc2cc1O	"InChI=1S/C20H16O5/c1-10(2)3-4-11-7-14-17(9-15(11)22)25-20(23)18-13-6-5-12(21)8-16(13)24-19(14)18/h3,5-9,21-22H,4H2,1-2H3"	Psoralidin	337.11181				1.292																																																																																																																																																																																																		
CHEBI:228641	C11H14N2O3	COC1=C(C=CC(=C1)[N+](=O)[O-])N2CCCC2	"InChI=1S/C11H14N2O3/c1-16-11-8-9(13(14)15)4-5-10(11)12-6-2-3-7-12/h4-5,8H,2-3,6-7H2,1H3"	1-(2-methoxy-4-nitrophenyl)pyrrolidine	223.10652				4.78																																																																																																																																																																																																		
CHEBI:228642	C20H20Cl3NO	C1CN(CCC1C(C2=CC=CC=C2)C3=CC=CC=C3)C(=O)C(Cl)(Cl)Cl	"InChI=1S/C20H20Cl3NO/c21-20(22,23)19(25)24-13-11-17(12-14-24)18(15-7-3-1-4-8-15)16-9-5-2-6-10-16/h1-10,17-18H,11-14H2"	"1-(4-benzhydrylpiperidino)-2,2,2-trichloroethan-1-one"	396.07425				5.077																																																																																																																																																																																																		
CHEBI:190668	C9H9N3O2S	S=C1N(CC=2OC=CC2)C(=O)C=C(N1)N	"InChI=1S/C9H9N3O2S/c10-7-4-8(13)12(9(15)11-7)5-6-2-1-3-14-6/h1-4H,5,10H2,(H,11,15)"	"4-amino-1-(2-furylmethyl)-6-hydroxy-1,2-dihydropyrimidine-2-thione"	246.03336				5.823																																																																																																																																																																																																		
CHEBI:166631	C18H12O4	O1C2=C(C(=O)C(OC)=C1C3=CC=CC=C3)C=CC=4OC=CC24	"InChI=1S/C18H12O4/c1-20-18-15(19)13-7-8-14-12(9-10-21-14)17(13)22-16(18)11-5-3-2-4-6-11/h2-10H,1H3"	"3-methoxy-2-phenyl-4H-furo[2,3-h]chromen-4-one"	293.08215				6.132																																																																																																																																																																																																		
CHEBI:183730	C24H20O2	O=C(CC(C1=CC=CC=C1)=CC(=O)C2=CC=C(C=C2)C)C3=CC=CC=C3	"InChI=1S/C24H20O2/c1-18-12-14-21(15-13-18)24(26)17-22(19-8-4-2-5-9-19)16-23(25)20-10-6-3-7-11-20/h2-15,17H,16H2,1H3"	"1-(4-methylphenyl)-3,5-diphenylpent-2-ene-1,5-dione"	341.15186				6.175																																																																																																																																																																																																		
CHEBI:228643	C14H10O2S	COC1=CC2=CC=CC=C2C(=O)C3=C1SC=C3	"InChI=1S/C14H10O2S/c1-16-12-8-9-4-2-3-5-10(9)13(15)11-6-7-17-14(11)12/h2-8H,1H3"	"10-methoxy-4H-benzo[4,5]cyclohepta[b]thiophen-4-one"	243.04443				5.327																																																																																																																																																																																																		
CHEBI:60152	C14H25NO11	CC(=O)N[C@H]1C(O)O[C@H](CO)[C@@H](O[C@@H]2O[C@H](CO)[C@H](O)[C@H](O)[C@H]2O)[C@@H]1O	"InChI=1S/C14H25NO11/c1-4(18)15-7-9(20)12(6(3-17)24-13(7)23)26-14-11(22)10(21)8(19)5(2-16)25-14/h5-14,16-17,19-23H,2-3H2,1H3,(H,15,18)/t5-,6-,7-,8+,9-,10+,11-,12-,13?,14+/m1/s1"	N-Acetyl-D-lactosamine	184.06487				1.395																																																																																																																																																																																																		
CHEBI:228644	C23H42NO4+	CCCCCCCCC=CCC=CCCC(=O)OC(CC(=O)O)C[N+](C)(C)C	"InChI=1S/C23H41NO4/c1-5-6-7-8-9-10-11-12-13-14-15-16-17-18-23(27)28-21(19-22(25)26)20-24(2,3)4/h12-13,15-16,21H,5-11,14,17-20H2,1-4H3/p+1/b13-12-,16-15+"	CAR 16:2	396.31244				7.254																																																																																																																																																																																																		
CHEBI:31883	C26H43NO3	C=1(C=CC(=CC1O)CCNC(CCCCCCC/C=C\CCCCCCCC)=O)O	"InChI=1S/C26H43NO3/c1-2-3-4-5-6-7-8-9-10-11-12-13-14-15-16-17-26(30)27-21-20-23-18-19-24(28)25(29)22-23/h9-10,18-19,22,28-29H,2-8,11-17,20-21H2,1H3,(H,27,30)/b10-9-"	N-Oleoyl dopamine	440.31773				6.628																																																																																																																																																																																																		
CHEBI:36006	C20H30O2			Eicosapentaenoic acid	309.24339				7.252																																																																																																																																																																																																		
CHEBI:170023	C14H13N3O2	O1C(C(=O)C(=CC=2N(N(C)C)C=CC2)C#N)=CC=C1	"InChI=1S/C14H13N3O2/c1-16(2)17-7-3-5-12(17)9-11(10-15)14(18)13-6-4-8-19-13/h3-9H,1-2H3"	3-[1-(dimethylamino)-1H-pyrrol-2-yl]-2-(2-furylcarbonyl)acrylonitrile	294.06552				4.838																																																																																																																																																																																																		
CHEBI:228645	C11H11ClN2S	C1CSCCN1C2=C(C(=CC=C2)Cl)C#N	"InChI=1S/C11H11ClN2S/c12-10-2-1-3-11(9(10)8-13)14-4-6-15-7-5-14/h1-3H,4-7H2"	"2-chloro-6-(1,4-thiazinan-4-yl)benzonitrile"	261.02414				6.256																																																																																																																																																																																																		
CHEBI:188539	C23H27N3O4	O1N=C(N=C1C2=CC(OCC)=C(OCC)C=C2)C3=C4CCC(NCCO)C4=CC=C3	"InChI=1S/C23H27N3O4/c1-3-28-20-11-8-15(14-21(20)29-4-2)23-25-22(26-30-23)18-7-5-6-17-16(18)9-10-19(17)24-12-13-27/h5-8,11,14,19,24,27H,3-4,9-10,12-13H2,1-2H3"	CYM-5442	410.20349				4.611																																																																																																																																																																																																		
CHEBI:74475	C16H33NO	NC(CCCCCCCCCCCCCCC)=O	"InChI=1S/C16H33NO/c1-2-3-4-5-6-7-8-9-10-11-12-13-14-15-16(17)18/h2-15H2,1H3,(H2,17,18)"	Hexadecanamide	256.26492				10.471																																																																																																																																																																																																		
CHEBI:177583	C21H25ClFNO2	ClC1=CC=C(C2(O)CCN(CC2)CCCC(O)C3=CC=C(F)C=C3)C=C1	"InChI=1S/C21H25ClFNO2/c22-18-7-5-17(6-8-18)21(26)11-14-24(15-12-21)13-1-2-20(25)16-3-9-19(23)10-4-16/h3-10,20,25-26H,1-2,11-15H2"	Haloperidol metabolite II	378.1571				5.135																																																																																																																																																																																																		
CHEBI:170045	C12H23NO2	O=C(CCCCCCCCNC(=O)C)C	"InChI=1S/C12H23NO2/c1-11(14)9-7-5-3-4-6-8-10-13-12(2)15/h3-10H2,1-2H3,(H,13,15)"	N-(9-oxodecyl)acetamide	236.16337				10.133																																																																																																																																																																																																		
CHEBI:228646	C19H20ClN3	CN1C2=CC=CC=C2N=C1C3CCN(C3)CC4=CC=C(C=C4)Cl	"InChI=1S/C19H20ClN3/c1-22-18-5-3-2-4-17(18)21-19(22)15-10-11-23(13-15)12-14-6-8-16(20)9-7-14/h2-9,15H,10-13H2,1H3/t15-/m0/s1"	2-[(3S)-1-(4-Chlorobenzyl)-3-pyrrolidinyl]-1-methyl-1H-benzimidazole	326.14391				6.353																																																																																																																																																																																																		
CHEBI:177626	C22H36O4	O[C@H]1[C@@H]([C@@]2([C@](C1)(C/C(/C2)=C\CCCC(O)=O)C)[H])/C=C/[C@@H](O)CCCCC	"InChI=1S/C22H36O4/c1-3-4-5-9-17(23)11-12-18-19-13-16(8-6-7-10-21(25)26)14-22(19,2)15-20(18)24/h8,11-12,17-20,23-24H,3-7,9-10,13-15H2,1-2H3,(H,25,26)/b12-11+,16-8-/t17-,18+,19+,20+,22-/m0/s1"	Ciprostene	347.25771				6.668																																																																																																																																																																																																		
CHEBI:183471	C29H29NO2	O(C=1C(C(N2CCCCC2)=CC=C(C3=CC=CC=C3)C4=CC=CC=C4)=CC=CC1)C(=O)C	"InChI=1S/C29H29NO2/c1-23(31)32-29-18-10-9-17-27(29)28(30-21-11-4-12-22-30)20-19-26(24-13-5-2-6-14-24)25-15-7-3-8-16-25/h2-3,5-10,13-20H,4,11-12,21-22H2,1H3"	"2-(4,4-diphenyl-1-piperidinobuta-1,3-dienyl)phenyl acetate"	446.20764				5.895																																																																																																																																																																																																		
CHEBI:61646	C23H37FN7O17P3S	CC(C)(COP(O)(=O)OP(O)(=O)OC[C@H]1O[C@H]([C@H](O)[C@@H]1OP(O)(O)=O)n1cnc2c(N)ncnc12)[C@@H](O)C(=O)NCCC(=O)NCCSC(=O)CF	"InChI=1S/C23H37FN7O17P3S/c1-23(2,18(35)21(36)27-4-3-13(32)26-5-6-52-14(33)7-24)9-45-51(42,43)48-50(40,41)44-8-12-17(47-49(37,38)39)16(34)22(46-12)31-11-30-15-19(25)28-10-29-20(15)31/h10-12,16-18,22,34-35H,3-9H2,1-2H3,(H,26,32)(H,27,36)(H,40,41)(H,42,43)(H2,25,28,29)(H2,37,38,39)/t12-,16-,17-,18+,22-/m1/s1"	FLK	389.25303				6.165																																																																																																																																																																																																		
				TLK	361.24762				6.959																																																																																																																																																																																																		
				CKK	400.20435				5.208																																																																																																																																																																																																		
CHEBI:81771	C4H4N2O2	O=c1ccc(=O)[nH][nH]1	"InChI=1S/C4H4N2O2/c7-3-1-2-4(8)6-5-3/h1-2H,(H,5,7)(H,6,8)"	KMH	397.19857				1.656																																																																																																																																																																																																		
CHEBI:183445	C21H26N4O3	O=C(N1CCN(CC1)C2=C(N3C=CC=C3)C=C([N+]([O-])=O)C=C2)C4CCCCC4	"InChI=1S/C21H26N4O3/c26-21(17-6-2-1-3-7-17)24-14-12-23(13-15-24)19-9-8-18(25(27)28)16-20(19)22-10-4-5-11-22/h4-5,8-11,16-17H,1-3,6-7,12-15H2"	cyclohexyl{4-[4-nitro-2-(1H-pyrrol-1-yl)phenyl]piperazino}methanone	405.19051				6.922																																																																																																																																																																																																		
CHEBI:228647	C40H76NO8P	CCCCCCCCCCCCCCCCC(=O)OCC(COP(=O)(O)OCCN)OC(=O)CCCCCCCC=CCC=CCCCCC	"InChI=1S/C40H76NO8P/c1-3-5-7-9-11-13-15-17-19-21-23-25-27-29-31-33-40(43)49-38(37-48-50(44,45)47-35-34-41)36-46-39(42)32-30-28-26-24-22-20-18-16-14-12-10-8-6-4-2/h11,13,17,19,38H,3-10,12,14-16,18,20-37,41H2,1-2H3,(H,44,45)/b13-11-,19-17-"	PE 17:0_18:2	730.54193				10.361																																																																																																																																																																																																		
CHEBI:71712	C37H72NO8P	[H][C@@](COC([*])=O)(COP([O-])(=O)OCC[NH3+])OC([*])=O		PE 32:1	712.4928				10.659																																																																																																																																																																																																		
CHEBI:16964	C5H6N2O3	OCc1c[nH]c(=O)[nH]c1=O	"InChI=1S/C5H6N2O3/c8-2-3-1-6-5(10)7-4(3)9/h1,8H,2H2,(H2,6,7,9,10)"	5-Hydroxymethyluracil	143.04587				1.634																																																																																																																																																																																																		
CHEBI:228648	C19H16ClNO2	CCOC(=O)C1=C(N=C2C=CC(=CC2=C1C3=CC=CC=C3)Cl)C	"InChI=1S/C19H16ClNO2/c1-3-23-19(22)17-12(2)21-16-10-9-14(20)11-15(16)18(17)13-7-5-4-6-8-13/h4-11H,3H2,1-2H3"	ethyl 6-chloro-2-methyl-4-phenylquinoline-3-carboxylate	326.09848				7.731																																																																																																																																																																																																		
CHEBI:228649	C15H10N4S2	C1=CC=C(C=C1)C2=NSC(=N2)N3C=CC(=N3)C4=CC=CS4	InChI=1S/C15H10N4S2/c1-2-5-11(6-3-1)14-16-15(21-18-14)19-9-8-12(17-19)13-7-4-10-20-13/h1-10H	"3-phenyl-5-[3-(2-thienyl)-1H-pyrazol-1-yl]-1,2,4-thiadiazole"	293.03201				6.89																																																																																																																																																																																																		
CHEBI:143514	C23H37NO4	C(CCC)C/C=C\C/C=C\C/C=C\C/C=C\CCCC(N[C@H](C(=O)O)CO)=O	"InChI=1S/C23H37NO4/c1-2-3-4-5-6-7-8-9-10-11-12-13-14-15-16-17-18-19-22(26)24-21(20-25)23(27)28/h6-7,9-10,12-13,15-16,21,25H,2-5,8,11,14,17-20H2,1H3,(H,24,26)(H,27,28)/b7-6-,10-9-,13-12-,16-15-/t21-/m0/s1"	N-Arachidonoyl-L-serine	392.27811				6.693																																																																																																																																																																																																		
CHEBI:228650	C13H11N5O4	CC1=CC(=C(C=C1[N+](=O)[O-])[N+](=O)[O-])NN=CC2=CC=NC=C2	"InChI=1S/C13H11N5O4/c1-9-6-11(13(18(21)22)7-12(9)17(19)20)16-15-8-10-2-4-14-5-3-10/h2-8,16H,1H3/b15-8+"	"isonicotinaldehyde 4-(5-methyl-2,4-dinitrophenyl)hydrazone"	302.08592				1.983																																																																																																																																																																																																		
CHEBI:64294	C27H44O2	[H][C@@]1(CC[C@@]2([H])[C@]3([H])C(=O)C=C4C[C@@H](O)CC[C@]4(C)[C@@]3([H])CC[C@]12C)[C@H](C)CCCC(C)C	"InChI=1S/C27H44O2/c1-17(2)7-6-8-18(3)21-9-10-22-25-23(12-14-27(21,22)5)26(4)13-11-20(28)15-19(26)16-24(25)29/h16-18,20-23,25,28H,6-15H2,1-5H3/t18-,20+,21-,22+,23+,25+,26+,27-/m1/s1"	7-Ketocholesterol	383.33209				6.544																																																																																																																																																																																																		
CHEBI:133846	C13H12N2O2	C(C=1NC=C(C(C1)=O)C(N)=O)C=2C=CC=CC2	"InChI=1S/C13H12N2O2/c14-13(17)11-8-15-10(7-12(11)16)6-9-4-2-1-3-5-9/h1-5,7-8H,6H2,(H2,14,17)(H,15,16)"	"6-benzyl-4-oxo-1,4-dihydropyridine-3-carboxamide"	212.0709				4.793																																																																																																																																																																																																		
CHEBI:173050	C19H30O3	O[C@H]1[C@@]2([C@@]3([C@@](CC[C@]2([C@]4([C@](C1)(C(=O)CC4)C)[H])[H])(C[C@H](O)CC3)[H])C)[H]	"InChI=1S/C19H30O3/c1-18-8-7-12(20)9-11(18)3-4-13-14-5-6-16(22)19(14,2)10-15(21)17(13)18/h11-15,17,20-21H,3-10H2,1-2H3/t11-,12+,13-,14-,15+,17+,18-,19-/m0/s1"	11-Hydroxyandrosterone	307.22767				6.762																																																																																																																																																																																																		
CHEBI:228651	C30H44N7O6S+	CC(C)CC(C(=O)NC(C)C(=O)NC(CC1=CC=C(C=C1)CN)C(CS(=O)(=O)C)O)NC(=O)C(CC2=CC=CC=C2)N=[N+]=N	"InChI=1S/C30H43N7O6S/c1-19(2)14-25(35-30(41)26(36-37-32)16-21-8-6-5-7-9-21)29(40)33-20(3)28(39)34-24(27(38)18-44(4,42)43)15-22-10-12-23(17-31)13-11-22/h5-13,19-20,24-27,32,38H,14-18,31H2,1-4H3,(H2-,33,34,35,39,40,41)/p+1/t20-,24-,25-,26-,27-/m0/s1"	GQH	341.15172				1.08																																																																																																																																																																																																		
CHEBI:228652	C19H20O3	C1=CC(=CC=C1CCCCC(=O)C=CC2=CC=C(C=C2)O)O	"InChI=1S/C19H20O3/c20-17(10-7-16-8-13-19(22)14-9-16)4-2-1-3-15-5-11-18(21)12-6-15/h5-14,21-22H,1-4H2/b10-7+"	"(1E)-1,7-bis(4-hydroxyphenyl)hept-1-en-3-one"	297.14963				5.45																																																																																																																																																																																																		
CHEBI:228653	C7H6F3NO2	CC1=C(C=C(N1)C(F)(F)F)C(=O)O	"InChI=1S/C7H6F3NO2/c1-3-4(6(12)13)2-5(11-3)7(8,9)10/h2,11H,1H3,(H,12,13)"	PQH	171.10241				6.278																																																																																																																																																																																																		
CHEBI:228654	C12H14N2OS	CC(C)(C)C1=CC=C(C=C1)C2=NNC(=S)O2	"InChI=1S/C12H14N2OS/c1-12(2,3)9-6-4-8(5-7-9)10-13-14-11(16)15-10/h4-7H,1-3H3,(H,14,16)"	"5-[4-(tert-butyl)phenyl]-1,3,4-oxadiazole-2-thiol"	235.08776				6.674																																																																																																																																																																																																		
CHEBI:134751	C20H22O3	C(CC(=O)C1=CC=C(C=C1)OC)(=O)C2=CC=C(C=C2)C(C)(C)C	"InChI=1S/C20H22O3/c1-20(2,3)16-9-5-14(6-10-16)18(21)13-19(22)15-7-11-17(23-4)12-8-15/h5-12H,13H2,1-4H3"	Avobenzone	311.16585				8.83																																																																																																																																																																																																		
CHEBI:183740	C13H11FN2O	FC1=CC=C(NC=C(C(=O)C2CC2)C#N)C=C1	"InChI=1S/C13H11FN2O/c14-11-3-5-12(6-4-11)16-8-10(7-15)13(17)9-1-2-9/h3-6,8-9,16H,1-2H2"	2-(cyclopropylcarbonyl)-3-(4-fluoroanilino)acrylonitrile	269.05264				1.723																																																																																																																																																																																																		
CHEBI:183699	C17H34O4	O(C(=O)CCCCCCCCCCC(C)C)CC(O)CO	"InChI=1S/C17H34O4/c1-15(2)11-9-7-5-3-4-6-8-10-12-17(20)21-14-16(19)13-18/h15-16,18-19H,3-14H2,1-2H3"	"2,3-dihydroxypropyl 12-methyltridecanoate"	285.2439				8.122																																																																																																																																																																																																		
CHEBI:228655	C7H8N2OS	CSC1=C(C=CC=N1)C(=O)N	"InChI=1S/C7H8N2OS/c1-11-7-5(6(8)10)3-2-4-9-7/h2-4H,1H3,(H2,8,10)"	2-(methylthio)nicotinamide	191.0271				5.768																																																																																																																																																																																																		
CHEBI:15956	C10H16N2O3S	[H][C@]12CS[C@@H](CCCCC(O)=O)[C@@]1([H])NC(=O)N2	"InChI=1S/C10H16N2O3S/c13-8(14)4-2-1-3-7-9-6(5-16-7)11-10(15)12-9/h6-7,9H,1-5H2,(H,13,14)(H2,11,12,15)/t6-,7-,9-/m0/s1"	Biotin	489.18378				5.164																																																																																																																																																																																																		
CHEBI:228656	C17H35NO2	CCCCCCCCCCCCC=CC(C(CO)N)O	"InChI=1S/C17H35NO2/c1-2-3-4-5-6-7-8-9-10-11-12-13-14-17(20)16(18)15-19/h13-14,16-17,19-20H,2-12,15,18H2,1H3/b14-13+"	SPB 17:1;2O	286.27566				6.806																																																																																																																																																																																																		
CHEBI:228657	C29H56NO7P	CCCCCCC=CCC=CCCCCCCCCCC(=O)OCC(COP(=O)([O-])OCC[N+](C)(C)C)O	"InChI=1S/C29H56NO7P/c1-5-6-7-8-9-10-11-12-13-14-15-16-17-18-19-20-21-22-23-29(32)35-26-28(31)27-37-38(33,34)36-25-24-30(2,3)4/h10-11,13-14,28,31H,5-9,12,15-27H2,1-4H3/b11-10-,14-13-"	LPC 21:2	584.35919				5.568																																																																																																																																																																																																		
CHEBI:183650	C28H46NO9P	O(P(OC[C@@H](C(=O)O)N)(=O)O)C[C@@H](CO*)O*		Lysops 22:5	572.29547				5.363																																																																																																																																																																																																		
CHEBI:41321	C27H46O4S	O(S(O)(=O)=O)[C@@H]1CC=2[C@]([C@]3(CC[C@]4([C@]([C@@]3(CC2)[H])(CC[C@@]4([C@H](C)CCCC(C)C)[H])[H])C)[H])(C)CC1	"InChI=1S/C27H46O4S/c1-18(2)7-6-8-19(3)23-11-12-24-22-10-9-20-17-21(31-32(28,29)30)13-15-26(20,4)25(22)14-16-27(23,24)5/h9,18-19,21-25H,6-8,10-17H2,1-5H3,(H,28,29,30)/t19-,21+,22+,23-,24+,25+,26+,27-/m1/s1"	cholesteryl sulfate	467.31735				6.924																																																																																																																																																																																																		
CHEBI:228658	C14H17N3O3	CC1=C(C(=NO1)C)NC(=O)NCCOC2=CC=CC=C2	"InChI=1S/C14H17N3O3/c1-10-13(11(2)20-17-10)16-14(18)15-8-9-19-12-6-4-3-5-7-12/h3-7H,8-9H2,1-2H3,(H2,15,16,18)"	"N-(3,5-dimethyl-4-isoxazolyl)-N'-(2-phenoxyethyl)urea"	314.08249				1.616																																																																																																																																																																																																		
CHEBI:168877	C19H36O4	OC(CCCCCCCCCCCC=C)CC(OC(=O)C)CO	"InChI=1S/C19H36O4/c1-3-4-5-6-7-8-9-10-11-12-13-14-18(22)15-19(16-20)23-17(2)21/h3,18-20,22H,1,4-16H2,2H3"	"1,4-dihydroxyheptadec-16-en-2-yl acetate"	311.25919				8.526																																																																																																																																																																																																		
CHEBI:167246	C40H78NO8P			PC 16:0_16:1	732.55713				10.875																																																																																																																																																																																																		
CHEBI:17226	C18H16O8	OC(=O)C(Cc1ccc(O)c(O)c1)OC(=O)\C=C\c1ccc(O)c(O)c1	"InChI=1S/C18H16O8/c19-12-4-1-10(7-14(12)21)3-6-17(23)26-16(18(24)25)9-11-2-5-13(20)15(22)8-11/h1-8,16,19-22H,9H2,(H,24,25)/b6-3+"	Rosmarinic acid	378.11716				5.017																																																																																																																																																																																																		
CHEBI:7713	C26H30O7	C[C@@]12CC[C@@H]3[C@@]4(C)C=CC(=O)OC(C)(C)[C@@H]4CC(=O)[C@@]3(C)[C@]11O[C@@H]1C(=O)O[C@H]2c1ccoc1	"InChI=1S/C26H30O7/c1-22(2)16-12-17(27)25(5)15(23(16,3)9-7-18(28)32-22)6-10-24(4)19(14-8-11-30-13-14)31-21(29)20-26(24,25)33-20/h7-9,11,13,15-16,19-20H,6,10,12H2,1-5H3/t15-,16+,19+,20-,23-,24+,25+,26-/m1/s1"	Obacunone	455.20697				7.36																																																																																																																																																																																																		
CHEBI:228659	C19H27N3	CC1=CC2=C(C=C1)N=C(N2)C3CCN(C3)CC4CCCCC4	"InChI=1S/C19H27N3/c1-14-7-8-17-18(11-14)21-19(20-17)16-9-10-22(13-16)12-15-5-3-2-4-6-15/h7-8,11,15-16H,2-6,9-10,12-13H2,1H3,(H,20,21)/t16-/m0/s1"	2-[(3S)-1-(Cyclohexylmethyl)-3-pyrrolidinyl]-5-methyl-1H-benzimidazole	320.20833				5.479																																																																																																																																																																																																		
CHEBI:228660	C20H21N3O2S	CC(C)(C)C1=CC=C(C=C1)OC2=NC=C(C=C2)NC(=O)NC3=CC=CS3	"InChI=1S/C20H21N3O2S/c1-20(2,3)14-6-9-16(10-7-14)25-17-11-8-15(13-21-17)22-19(24)23-18-5-4-12-26-18/h4-13H,1-3H3,(H2,22,23,24)"	N-{6-[4-(tert-butyl)phenoxy]-3-pyridinyl}-N'-(2-thienyl)urea	390.12413				4.982																																																																																																																																																																																																		
CHEBI:78759	C20H41NO2	CCCCCCCCCCCCC\C=C\[C@@H](O)[C@H](CO)N(C)C	"InChI=1S/C20H41NO2/c1-4-5-6-7-8-9-10-11-12-13-14-15-16-17-20(23)19(18-22)21(2)3/h16-17,19-20,22-23H,4-15,18H2,1-3H3/b17-16+/t19-,20+/m0/s1"	"N,N-Dimethylsphingosine"	328.32279				7.581																																																																																																																																																																																																		
CHEBI:228661	C13H13N3O3S	CC1=CC2=C(C=CC=C2NC(=O)CSCC(=O)O)N=N1	"InChI=1S/C13H13N3O3S/c1-8-5-9-10(3-2-4-11(9)16-15-8)14-12(17)6-20-7-13(18)19/h2-5H,6-7H2,1H3,(H,14,17)(H,18,19)"	2-({2-[(3-methyl-5-cinnolinyl)amino]-2-oxoethyl}sulfanyl)acetic acid	292.08069				1.229																																																																																																																																																																																																		
CHEBI:45725	C10H30N4	[NH3+]CCC[NH2+]CCCC[NH2+]CCC[NH3+]	"InChI=1S/C10H26N4/c11-5-3-9-13-7-1-2-8-14-10-4-6-12/h13-14H,1-12H2/p+4"	SPK	353.17471				6.753																																																																																																																																																																																																		
CHEBI:6088	C27H39NO3	C[C@@H]1[C@@H]2NC[C@@H](C)C[C@H]2O[C@]11CC[C@H]2[C@@H]3CC=C4C[C@@H](O)CC[C@]4(C)[C@H]3C(=O)C2=C1C	"InChI=1S/C27H39NO3/c1-14-11-21-24(28-13-14)16(3)27(31-21)10-8-19-20-6-5-17-12-18(29)7-9-26(17,4)23(20)25(30)22(19)15(27)2/h5,14,16,18-21,23-24,28-29H,6-13H2,1-4H3/t14-,16+,18-,19-,20-,21+,23+,24-,26-,27-/m0/s1"	Jervine	426.30164				6.904																																																																																																																																																																																																		
CHEBI:228662	C22H19ClN2O3S	C1COCCN1C2=CC=CC=C2OC(=O)C3=C(N=CC=C3)SC4=CC=C(C=C4)Cl	"InChI=1S/C22H19ClN2O3S/c23-16-7-9-17(10-8-16)29-21-18(4-3-11-24-21)22(26)28-20-6-2-1-5-19(20)25-12-14-27-15-13-25/h1-11H,12-15H2"	2-morpholinophenyl 2-[(4-chlorophenyl)sulfanyl]nicotinate	427.08644				11.723																																																																																																																																																																																																		
CHEBI:82846	C22H38O2			Docosatrienoic acid	335.29613				8.835																																																																																																																																																																																																		
CHEBI:183781	C8H11BrN2O2	BrC1=C(N(N=C1C(OCC)=O)C)C	"InChI=1S/C8H11BrN2O2/c1-4-13-8(12)7-6(9)5(2)11(3)10-7/h4H2,1-3H3"	"ethyl 4-bromo-1,5-dimethyl-1H-pyrazole-3-carboxylate"	247.0085				7.057																																																																																																																																																																																																		
CHEBI:181512	C15H12O5	O1C2=C(C(=O)C=3C1=CC(OC)=CC3O)C(=CC(O)=C2)C	"InChI=1S/C15H12O5/c1-7-3-8(16)4-11-13(7)15(18)14-10(17)5-9(19-2)6-12(14)20-11/h3-6,16-17H,1-2H3"	"1,6-dihydroxy-3-methoxy-8-methyl-9H-xanthen-9-one"	273.07687				4.845																																																																																																																																																																																																		
CHEBI:228663	C16H15NO2	CC1=CC=CC=C1C(=O)CC2=CC=C(C=C2)C(=O)N	"InChI=1S/C16H15NO2/c1-11-4-2-3-5-14(11)15(18)10-12-6-8-13(9-7-12)16(17)19/h2-9H,10H2,1H3,(H2,17,19)"	4-[2-(2-methylphenyl)-2-oxoethyl]benzamide	254.11931				5.083																																																																																																																																																																																																		
CHEBI:52392	C23H38O4	[H]C(CO)(CO)OC(=O)CCC\C=C/C\C=C/C\C=C/C\C=C/CCCCC	"InChI=1S/C23H38O4/c1-2-3-4-5-6-7-8-9-10-11-12-13-14-15-16-17-18-19-23(26)27-22(20-24)21-25/h6-7,9-10,12-13,15-16,22,24-25H,2-5,8,11,14,17-21H2,1H3/b7-6-,10-9-,13-12-,16-15-"	2-Arachidonoyl glycerol	361.2749				6.935																																																																																																																																																																																																		
CHEBI:5014	C25H22ClNO3	CC(C)C(C(=O)OC(C#N)c1cccc(Oc2ccccc2)c1)c1ccc(Cl)cc1	"InChI=1S/C25H22ClNO3/c1-17(2)24(18-11-13-20(26)14-12-18)25(28)30-23(16-27)19-7-6-10-22(15-19)29-21-8-4-3-5-9-21/h3-15,17,23-24H,1-2H3"	Fenvalerate	437.16296				6.327																																																																																																																																																																																																		
				Indoxyl-Î²-D-glucuronide	310.09388				5.117																																																																																																																																																																																																		
CHEBI:16325	C24H40O3	[H][C@]12CC[C@]3([H])[C@]([H])(CC[C@]4(C)[C@]([H])(CC[C@@]34[H])[C@H](C)CCC(O)=O)[C@@]1(C)CC[C@@H](O)C2	"InChI=1S/C24H40O3/c1-15(4-9-22(26)27)19-7-8-20-18-6-5-16-14-17(25)10-12-23(16,2)21(18)11-13-24(19,20)3/h15-21,25H,4-14H2,1-3H3,(H,26,27)/t15-,16-,17-,18+,19-,20+,21+,23+,24-/m1/s1"	Lithocholic Acid	359.296				7.725																																																																																																																																																																																																		
CHEBI:91709	C21H25NO4	COC1=C(C2=C(CC3C4=CC(=C(C=C4CCN3C2)OC)OC)C=C1)OC	"InChI=1S/C21H25NO4/c1-23-18-6-5-13-9-17-15-11-20(25-3)19(24-2)10-14(15)7-8-22(17)12-16(13)21(18)26-4/h5-6,10-11,17H,7-9,12H2,1-4H3"	"3,4,10,11-tetramethoxy-7,8,12b,13-tetrahydro-5H-6-azatetraphene"	356.18442				7.526																																																																																																																																																																																																		
CHEBI:61204	C22H34O2			Docosapentaenoic acid	331.26449				7.855																																																																																																																																																																																																		
CHEBI:228664	C14H12N2O2S	CC1=CC(=NO1)C2=NC(=CS2)C3=CC=C(C=C3)OC	"InChI=1S/C14H12N2O2S/c1-9-7-12(16-18-9)14-15-13(8-19-14)10-3-5-11(17-2)6-4-10/h3-8H,1-2H3"	"3-[4-(4-methoxyphenyl)-1,3-thiazol-2-yl]-5-methylisoxazole"	273.06918				7.025																																																																																																																																																																																																		
CHEBI:228665	C18H19NO3	CC1=C(C(=C(C(=C1C)C)C(=O)C2=CC=C(C=C2)[N+](=O)[O-])C)C	"InChI=1S/C18H19NO3/c1-10-11(2)13(4)17(14(5)12(10)3)18(20)15-6-8-16(9-7-15)19(21)22/h6-9H,1-5H3"	"(4-nitrophenyl)(2,3,4,5,6-pentamethylphenyl)methanone"	298.14807				6.702																																																																																																																																																																																																		
CHEBI:183360	C21H25NOS	S(CC(=O)NC1=CC=C(C2CCCCC2)C=C1)C3=CC=C(C=C3)C	"InChI=1S/C21H25NOS/c1-16-7-13-20(14-8-16)24-15-21(23)22-19-11-9-18(10-12-19)17-5-3-2-4-6-17/h7-14,17H,2-6,15H2,1H3,(H,22,23)"	N1-(4-cyclohexylphenyl)-2-[(4-methylphenyl)thio]acetamide	362.15948				6.491																																																																																																																																																																																																		
CHEBI:228666	C33H54O14	CCC=CCC=CCC=CCC=CCCCOCC(COC1C(C(C(C(O1)COC2C(C(C(C(O2)CO)O)O)O)O)O)O)OC(=O)C	"InChI=1S/C33H54O14/c1-3-4-5-6-7-8-9-10-11-12-13-14-15-16-17-42-19-23(45-22(2)35)20-43-32-31(41)29(39)27(37)25(47-32)21-44-33-30(40)28(38)26(36)24(18-34)46-33/h4-5,7-8,10-11,13-14,23-34,36-41H,3,6,9,12,15-21H2,1-2H3/b5-4-,8-7-,11-10-,14-13-"	DGDG O-16:4_2:0	697.34114				8.755																																																																																																																																																																																																		
CHEBI:183788	C14H19NO3	O1C(CNC(=O)C(C)(C)C)COC=2C1=CC=CC2	"InChI=1S/C14H19NO3/c1-14(2,3)13(16)15-8-10-9-17-11-6-4-5-7-12(11)18-10/h4-7,10H,8-9H2,1-3H3,(H,15,16)"	"N1-(2,3-dihydro-1,4-benzodioxin-2-ylmethyl)-2,2-dimethylpropanamide"	250.14443				6.392																																																																																																																																																																																																		
CHEBI:190619	C10H10N2OS	S1CC(O)CN2C=3C(N=C12)=CC=CC3	"InChI=1S/C10H10N2OS/c13-7-5-12-9-4-2-1-3-8(9)11-10(12)14-6-7/h1-4,7,13H,5-6H2"	"3,4-dihydro-2H-benzo[4,5]imidazo[2,1-b][1,3]thiazin-3-ol"	229.03511				1.432																																																																																																																																																																																																		
CHEBI:228667	C14H11N3S	C1=CC=C(C=C1)C2=NC(=S)NN2C3=CC=CC=C3	"InChI=1S/C14H11N3S/c18-14-15-13(11-7-3-1-4-8-11)17(16-14)12-9-5-2-6-10-12/h1-10H,(H,16,18)"	"1,5-diphenyl-1H-1,2,4-triazole-3-thiol"	276.05515				5.251																																																																																																																																																																																																		
CHEBI:27618	C15H12O	[H]C(=C([H])c1ccccc1)C(=O)c1ccccc1	InChI=1S/C15H12O/c16-15(14-9-5-2-6-10-14)12-11-13-7-3-1-4-8-13/h1-12H	Chalcone	209.09778				6.847																																																																																																																																																																																																		
CHEBI:170124	C21H43O7P	P(OCC(O)COC(=O)CCCCCCCCCCCCCCCCC)(O)(O)=O	"InChI=1S/C21H43O7P/c1-2-3-4-5-6-7-8-9-10-11-12-13-14-15-16-17-21(23)27-18-20(22)19-28-29(24,25)26/h20,22H,2-19H2,1H3,(H2,24,25,26)"	Lysopa 18:0	439.28189				5.011																																																																																																																																																																																																		
CHEBI:8809	C37H40O9	C=1(C=C(C(=CC1)O)OC)CC(OCC2=C[C@@]3([C@]4([C@]5([C@](C2)(C(=O)C(=C5)C)O)[H])O[C@]6(O[C@@]([C@@]3(O6)[H])(C(=C)C)C[C@H]4C)CC=7C=CC=CC7)[H])=O	"InChI=1S/C37H40O9/c1-21(2)35-17-23(4)37-27(33(35)44-36(45-35,46-37)19-24-9-7-6-8-10-24)14-26(18-34(41)30(37)13-22(3)32(34)40)20-43-31(39)16-25-11-12-28(38)29(15-25)42-5/h6-15,23,27,30,33,38,41H,1,16-20H2,2-5H3/t23-,27+,30-,33-,34-,35-,36-,37-/m1/s1"	Resiniferatoxin	629.27255				7.24																																																																																																																																																																																																		
				TKK	376.24988				9.66																																																																																																																																																																																																		
CHEBI:80706	C17H12O7	COc1cc2O[C@H]3OC=C[C@H]3c2c2oc(=O)c3C(=O)OCCc3c12	"InChI=1S/C17H12O7/c1-20-9-6-10-12(8-3-5-22-17(8)23-10)14-11(9)7-2-4-21-15(18)13(7)16(19)24-14/h3,5-6,8,17H,2,4H2,1H3/t8-,17+/m0/s1"	Aflatoxin G1	329.06635				6.51																																																																																																																																																																																																		
CHEBI:228668	C16H12O3	C1CC(=O)C2=C1C(=CC=C2)OC(=O)C3=CC=CC=C3	"InChI=1S/C16H12O3/c17-14-10-9-13-12(14)7-4-8-15(13)19-16(18)11-5-2-1-3-6-11/h1-8H,9-10H2"	"1-oxo-2,3-dihydro-1H-inden-4-yl benzoate"	253.08501				1.193																																																																																																																																																																																																		
CHEBI:192619	C16H10N2O2	O1C2=C(C=C(N3C=CC=C3)C=C2)C(=O)C4=C1N=CC=C4	InChI=1S/C16H10N2O2/c19-15-12-4-3-7-17-16(12)20-14-6-5-11(10-13(14)15)18-8-1-2-9-18/h1-10H	"7-(1H-pyrrol-1-yl)-5H-chromeno[2,3-b]pyridin-5-one"	263.08298				7.075																																																																																																																																																																																																		
CHEBI:94579	C6H8N2O2S	C1=CC=C(C(=C1)N)S(=O)(=O)N	"InChI=1S/C6H8N2O2S/c7-5-3-1-2-4-6(5)11(8,9)10/h1-4H,7H2,(H2,8,9,10)"	2-Aminobenzenesulfonamide	173.03747				5.652																																																																																																																																																																																																		
CHEBI:183715	C21H18O4	O1C(C=CC=2C1=CC(OC)=C3C2OC(=CC3=O)C4=CC=CC=C4)(C)C	"InChI=1S/C21H18O4/c1-21(2)10-9-14-17(25-21)12-18(23-3)19-15(22)11-16(24-20(14)19)13-7-5-4-6-8-13/h4-12H,1-3H3"	"5-methoxy-8,8-dimethyl-2-phenyl-4H,8H-pyrano[2,3-h]chromen-4-one"	357.11155				6.477																																																																																																																																																																																																		
CHEBI:29016	C6H14N4O2	NC(CCCNC(N)=N)C(O)=O	"InChI=1S/C6H14N4O2/c7-4(5(11)12)2-1-3-10-6(8)9/h4H,1-3,7H2,(H,11,12)(H4,8,9,10)"	Arginine	387.18889				1.399																																																																																																																																																																																																		
CHEBI:228669	C12H16N2O4S	CCOC(=O)C1CCN(CC1)C2=C(C=CS2)[N+](=O)[O-]	"InChI=1S/C12H16N2O4S/c1-2-18-12(15)9-3-6-13(7-4-9)11-10(14(16)17)5-8-19-11/h5,8-9H,2-4,6-7H2,1H3"	ethyl 1-(3-nitro-2-thienyl)piperidine-4-carboxylate	267.07779				5.146																																																																																																																																																																																																		
CHEBI:228670	C26H52NO7P	CCCCC(=O)OC(COCCCCCCCCC=CCCC)COP(=O)([O-])OCC[N+](C)(C)C	"InChI=1S/C26H52NO7P/c1-6-8-10-11-12-13-14-15-16-17-18-21-31-23-25(34-26(28)19-9-7-2)24-33-35(29,30)32-22-20-27(3,4)5/h10-11,25H,6-9,12-24H2,1-5H3/b11-10-"	PC O-18:1	522.35833				9.176																																																																																																																																																																																																		
CHEBI:32365	C17H34O2	CCCCCCCCCCCCCCCCC(O)=O	"InChI=1S/C17H34O2/c1-2-3-4-5-6-7-8-9-10-11-12-13-14-15-16-17(18)19/h2-16H2,1H3,(H,18,19)"	Heptadecanoic Acid	293.24838				7.253																																																																																																																																																																																																		
CHEBI:228671	C18H17N3O3	CC1=NC(=CN1CC(C2=CC=C(C=C2)C3=CC=CC=C3)O)[N+](=O)[O-]	"InChI=1S/C18H17N3O3/c1-13-19-18(21(23)24)12-20(13)11-17(22)16-9-7-15(8-10-16)14-5-3-2-4-6-14/h2-10,12,17,22H,11H2,1H3"	"1-[1,1'-biphenyl]-4-yl-2-(2-methyl-4-nitro-1H-imidazol-1-yl)-1-ethanol"	346.1145				4.682																																																																																																																																																																																																		
CHEBI:228672	C26H55NO2	CCCCCCCCCCCCCCCCCCCCCCCC(C(CO)N)O	"InChI=1S/C26H55NO2/c1-2-3-4-5-6-7-8-9-10-11-12-13-14-15-16-17-18-19-20-21-22-23-26(29)25(27)24-28/h25-26,28-29H,2-24,27H2,1H3"	SPB 26:0;2O	414.43255				9.681																																																																																																																																																																																																		
CHEBI:16954	C21H20O10	OC[C@H]1O[C@H]([C@H](O)[C@@H](O)[C@@H]1O)c1c(O)cc(O)c2c1oc(cc2=O)-c1ccc(O)cc1	"InChI=1S/C21H20O10/c22-7-14-17(27)18(28)19(29)21(31-14)16-11(25)5-10(24)15-12(26)6-13(30-20(15)16)8-1-3-9(23)4-2-8/h1-6,14,17-19,21-25,27-29H,7H2/t14-,17-,18+,19-,21+/m1/s1"	Vitexin	455.09953				5.164																																																																																																																																																																																																		
CHEBI:192593	C16H28O12	O([C@H]1O[C@@H]([C@@H](O)[C@H](O)[C@H]1O)COC(=O)C(C)C)[C@H]2O[C@@H]([C@@H](O)[C@H](O)[C@H]2O)CO	"InChI=1S/C16H28O12/c1-5(2)14(24)25-4-7-9(19)11(21)13(23)16(27-7)28-15-12(22)10(20)8(18)6(3-17)26-15/h5-13,15-23H,3-4H2,1-2H3/t6-,7-,8-,9-,10+,11+,12-,13-,15-,16-/m1/s1"	6-O-Isobutyryl-alpha-D-glucopyranosyl alpha-D-glucopyranoside	435.1525				6.992																																																																																																																																																																																																		
CHEBI:16393	C18H37NO2	CCCCCCCCCCCCC\C=C\[C@@H](O)[C@@H](N)CO	"InChI=1S/C18H37NO2/c1-2-3-4-5-6-7-8-9-10-11-12-13-14-15-18(21)17(19)16-20/h14-15,17-18,20-21H,2-13,16,19H2,1H3/b15-14+/t17-,18+/m0/s1"	Sphingosine (d18:1)	340.28595				6.708																																																																																																																																																																																																		
CHEBI:190660	C21H34O4	O1[C@@]2([C@@H]([C@H]([C@@](C2)(C1)[H])/C=C/[C@@H](O)CCCCC)C/C=C\CCCC(O)=O)[H]	"InChI=1S/C21H34O4/c1-2-3-6-9-17(22)12-13-18-16-14-20(25-15-16)19(18)10-7-4-5-8-11-21(23)24/h4,7,12-13,16-20,22H,2-3,5-6,8-11,14-15H2,1H3,(H,23,24)/b7-4-,13-12+/t16-,17-,18-,19+,20-/m0/s1"	U-44069	373.23633				6.925																																																																																																																																																																																																		
CHEBI:228673	C17H10O3	C1=CC=C(C=C1)C2=CC(=O)C3=C(O2)C4=C(C=C3)OC=C4	InChI=1S/C17H10O3/c18-14-10-16(11-4-2-1-3-5-11)20-17-12(14)6-7-15-13(17)8-9-19-15/h1-10H	"2-phenyl-4H-furo[2,3-h]chromen-4-one"	263.07111				6.096																																																																																																																																																																																																		
CHEBI:73067	C23H45NO4	CCCCCCCCCCCCCCCC(=O)OC(CC([O-])=O)C[N+](C)(C)C	"InChI=1S/C23H45NO4/c1-5-6-7-8-9-10-11-12-13-14-15-16-17-18-23(27)28-21(19-22(25)26)20-24(2,3)4/h21H,5-20H2,1-4H3"	Palmitoylcarnitine	400.3447				7.767																																																																																																																																																																																																		
CHEBI:228674	C20H15N3O5	C1=CC=C(C(=C1)C(=O)NC2=CC=C(C=C2)NC(=O)C3=CC=CC=C3O)[N+](=O)[O-]	"InChI=1S/C20H15N3O5/c24-18-8-4-2-6-16(18)20(26)22-14-11-9-13(10-12-14)21-19(25)15-5-1-3-7-17(15)23(27)28/h1-12,24H,(H,21,25)(H,22,26)"	N1-{4-[(2-hydroxybenzoyl)amino]phenyl}-2-nitrobenzamide	400.08386				7.315																																																																																																																																																																																																		
CHEBI:181662	C15H18O5	OC(C(O)CC=1C=2OC(=O)C=CC2C=CC1OC)(C)C	"InChI=1S/C15H18O5/c1-15(2,18)12(16)8-10-11(19-3)6-4-9-5-7-13(17)20-14(9)10/h4-7,12,16,18H,8H2,1-3H3"	"8-(2,3-dihydroxy-3-methylbutyl)-7-methoxy-2H-chromen-2-one"	317.07763				1.45																																																																																																																																																																																																		
CHEBI:75913	C23H40O3	CCCCC\C=C/C\C=C/C\C=C/C\C=C/CCCCOC(CO)CO	"InChI=1S/C23H40O3/c1-2-3-4-5-6-7-8-9-10-11-12-13-14-15-16-17-18-19-20-26-23(21-24)22-25/h6-7,9-10,12-13,15-16,23-25H,2-5,8,11,14,17-22H2,1H3/b7-6-,10-9-,13-12-,16-15-"	2-Arachidonyl Glycerol ether	365.30472				10.513																																																																																																																																																																																																		
CHEBI:228675	C25H34O6	CC=C(C)C(=O)OC1C(=CC23C1(C(C(=CC(C2=O)C4C(C4(C)C)CC3C)CO)O)O)C	"InChI=1S/C25H34O6/c1-7-12(2)22(29)31-21-13(3)10-24-14(4)8-17-18(23(17,5)6)16(20(24)28)9-15(11-26)19(27)25(21,24)30/h7,9-10,14,16-19,21,26-27,30H,8,11H2,1-6H3/b12-7-/t14-,16+,17-,18+,19-,21+,24+,25+/m1/s1"	Ingenol-3-angelate	431.24512				8.033																																																																																																																																																																																																		
CHEBI:183355	C12H12N2OS	S(C=1N=C(C2=CC=C(OC)C=C2)C=CN1)C	"InChI=1S/C12H12N2OS/c1-15-10-5-3-9(4-6-10)11-7-8-13-12(14-11)16-2/h3-8H,1-2H3"	4-(4-methoxyphenyl)-2-(methylthio)pyrimidine	255.05519				6.509																																																																																																																																																																																																		
CHEBI:183717	C16H15NO4	OC1(C(O)C(=O)NC=2C1=CC=CC2)C3=CC=C(OC)C=C3	"InChI=1S/C16H15NO4/c1-21-11-8-6-10(7-9-11)16(20)12-4-2-3-5-13(12)17-15(19)14(16)18/h2-9,14,18,20H,1H3,(H,17,19)"	"3,4-dihydroxy-4-(4-methoxyphenyl)-1,2,3,4-tetrahydroquinolin-2-one"	268.09781				6.802																																																																																																																																																																																																		
CHEBI:228676	C19H16O4	C1=CC(=CC=C1C=CC(=CC(=O)C=CC2=CC=C(C=C2)O)O)O	"InChI=1S/C19H16O4/c20-16-7-1-14(2-8-16)5-11-18(22)13-19(23)12-6-15-3-9-17(21)10-4-15/h1-13,20-22H/b11-5+,12-6+,18-13-"	"(1E,4Z,6E)-5-hydroxy-1,7-bis(4-hydroxyphenyl)hepta-1,4,6-trien-3-one"	309.10948				4.819																																																																																																																																																																																																		
CHEBI:228677	C28H50NO7P	CCCC(=O)OC(COCCCC=CCC=CCC=CCC=CCC)COP(=O)([O-])OCC[N+](C)(C)C	"InChI=1S/C28H50NO7P/c1-6-8-9-10-11-12-13-14-15-16-17-18-19-20-23-33-25-27(36-28(30)21-7-2)26-35-37(31,32)34-24-22-29(3,4)5/h8-9,11-12,14-15,17-18,27H,6-7,10,13,16,19-26H2,1-5H3/b9-8-,12-11-,15-14-,18-17-"	PC O-20:4	544.34222				8.582																																																																																																																																																																																																		
CHEBI:228678	C16H13ClN2O2	CN1C2=C(C=C(C=C2)Cl)C(=NC(C1=O)O)C3=CC=CC=C3	"InChI=1S/C16H13ClN2O2/c1-19-13-8-7-11(17)9-12(13)14(18-15(20)16(19)21)10-5-3-2-4-6-10/h2-9,15,20H,1H3/i2D,3D,4D,5D,6D"	Temazepam-d5	306.10956				3.902																																																																																																																																																																																																		
CHEBI:609827	C5H12N4O3	N[C@@H](CCONC(N)=N)C(O)=O	"InChI=1S/C5H12N4O3/c6-3(4(10)11)1-2-12-9-5(7)8/h3H,1-2,6H2,(H,10,11)(H4,7,8,9)/t3-/m0/s1"	L-Canavanine	177.09901				5.326																																																																																																																																																																																																		
CHEBI:228679	C25H25N3O2S	C1C2CC3CC1CC(C2)(C3)C(=O)NC4=CC5=C(C=C4)N=C(S5)NC(=O)C6=CC=CC=C6	"InChI=1S/C25H25N3O2S/c29-22(18-4-2-1-3-5-18)28-24-27-20-7-6-19(11-21(20)31-24)26-23(30)25-12-15-8-16(13-25)10-17(9-15)14-25/h1-7,11,15-17H,8-10,12-14H2,(H,26,30)(H,27,28,29)"	NVP-231	432.1676				5.131																																																																																																																																																																																																		
CHEBI:183775	C17H18N2O3S	S(C1=C(C=C(OC)C=C1)C(=O)NC)C=2C(=CC=CC2)C(=O)NC	"InChI=1S/C17H18N2O3S/c1-18-16(20)12-6-4-5-7-14(12)23-15-9-8-11(22-3)10-13(15)17(21)19-2/h4-10H,1-3H3,(H,18,20)(H,19,21)"	N1-methyl-5-methoxy-2-({2-[(methylamino)carbonyl]phenyl}thio)benzamide	369.06348				4.836																																																																																																																																																																																																		
CHEBI:64566	C26H52NO7P	[H][C@@](CO[*])(COP([O-])(=O)OCC[N+](C)(C)C)O[*]	"InChI=1S/C8H20NO6P/c1-9(2,3)4-5-14-16(12,13)15-7-8(11)6-10/h8,10-11H,4-7H2,1-3H3/t8-/m1/s1"	Lysopc 18:1	522.35702				7.21																																																																																																																																																																																																		
CHEBI:16196	C18H34O2	CCCCCCCC\C=C/CCCCCCCC(O)=O	"InChI=1S/C18H34O2/c1-2-3-4-5-6-7-8-9-10-11-12-13-14-15-16-17-18(19)20/h9-10H,2-8,11-17H2,1H3,(H,19,20)/b10-9-"	Oleic acid	283.26489				7.947																																																																																																																																																																																																		
CHEBI:228680	C24H51NO2	CCCCCCCCCCCCCCCCCCCCCC(C(CO)N)O	"InChI=1S/C24H51NO2/c1-2-3-4-5-6-7-8-9-10-11-12-13-14-15-16-17-18-19-20-21-24(27)23(25)22-26/h23-24,26-27H,2-22,25H2,1H3"	SPB 24:0;2O	386.40115				9.218																																																																																																																																																																																																		
CHEBI:64483	C8H20NO6P	C[N+](C)(C)CCOP(=O)([O-])OCC(CO)O		Lysopc 14:0	468.30901				5.177																																																																																																																																																																																																		
CHEBI:80576	C17H26N2O2	CCCN1CCCC[C@H]1C(=O)Nc1c(C)ccc(O)c1C	"InChI=1S/C17H26N2O2/c1-4-10-19-11-6-5-7-14(19)17(21)18-16-12(2)8-9-15(20)13(16)3/h8-9,14,20H,4-7,10-11H2,1-3H3,(H,18,21)/t14-/m0/s1"	3-Hydroxyropivacaine	291.20787				5.007																																																																																																																																																																																																		
CHEBI:183404	C28H44NO2.Cl	[Cl-].O(CC[N+](CC1=CC=CC=C1)(C)C)CCOC2=C(C=C(C(CC(C)(C)C)(C)C)C=C2)C	"InChI=1S/C28H44NO2.ClH/c1-23-20-25(28(5,6)22-27(2,3)4)14-15-26(23)31-19-18-30-17-16-29(7,8)21-24-12-10-9-11-13-24;/h9-15,20H,16-19,21-22H2,1-8H3;1H/q+1;/p-1"	Methylbenzethonium chloride	427.3421				10.271																																																																																																																																																																																																		
CHEBI:190547	C25H42NO4	O(C(C[N+](C)(C)C)CC(O)=O)C(=O)CCCCCCC/C=C\C=C\C=C\C=C\CC	"InChI=1S/C25H41NO4/c1-5-6-7-8-9-10-11-12-13-14-15-16-17-18-19-20-25(29)30-23(21-24(27)28)22-26(2,3)4/h6-13,23H,5,14-22H2,1-4H3/p+1/b7-6+,9-8+,11-10+,13-12-"	CAR 18:4	420.31273				7.166																																																																																																																																																																																																		
CHEBI:176699	C25H46NO4	O(C(C[N+](C)(C)C)CC(O)=O)C(=O)CCCCCCCC/C=C/C=C/CCCCC	"InChI=1S/C25H45NO4/c1-5-6-7-8-9-10-11-12-13-14-15-16-17-18-19-20-25(29)30-23(21-24(27)28)22-26(2,3)4/h9-12,23H,5-8,13-22H2,1-4H3/p+1/b10-9+,12-11+"	CAR 18:2	424.34366				7.576																																																																																																																																																																																																		
CHEBI:174991	C18H16O5	O1C2=C(C(OC)=C(OC)C=C2)C(=O)C=C1C=3C(OC)=CC=CC3	"InChI=1S/C18H16O5/c1-20-13-7-5-4-6-11(13)16-10-12(19)17-14(23-16)8-9-15(21-2)18(17)22-3/h4-10H,1-3H3"	"5,6-dimethoxy-2-(2-methoxyphenyl)-4H-chromen-4-one"	335.09091				6.339																																																																																																																																																																																																		
CHEBI:228681	C20H24N4O2	C1COCCN1CCCN2C(NC3=CC=CC=C3C2=O)C4=CC=CC=N4	"InChI=1S/C20H24N4O2/c25-20-16-6-1-2-7-17(16)22-19(18-8-3-4-9-21-18)24(20)11-5-10-23-12-14-26-15-13-23/h1-4,6-9,19,22H,5,10-15H2"	"3-(3-morpholinopropyl)-2-(2-pyridinyl)-2,3-dihydro-4(1H)-quinazolinone"	353.19568				7.305																																																																																																																																																																																																		
CHEBI:194268	C16H14N4O2S	S(C=1N(C2=CC=CC=C2)C(NC3=CC=CC=C3)=NN1)CC(O)=O	"InChI=1S/C16H14N4O2S/c21-14(22)11-23-16-19-18-15(17-12-7-3-1-4-8-12)20(16)13-9-5-2-6-10-13/h1-10H,11H2,(H,17,18)(H,21,22)"	"2-[(5-anilino-4-phenyl-4H-1,2,4-triazol-3-yl)thio]acetic acid"	327.09496				7.739																																																																																																																																																																																																		
CHEBI:26711	C24H39NaO5	[Na+].[H][C@@]12C[C@H](O)CC[C@]1(C)[C@@]1([H])C[C@H](O)[C@]3(C)[C@]([H])(CC[C@@]3([H])[C@]1([H])[C@H](O)C2)[C@H](C)CCC([O-])=O	"InChI=1S/C24H40O5.Na/c1-13(4-7-21(28)29)16-5-6-17-22-18(12-20(27)24(16,17)3)23(2)9-8-15(25)10-14(23)11-19(22)26;/h13-20,22,25-27H,4-12H2,1-3H3,(H,28,29);/q;+1/p-1/t13-,14+,15-,16-,17+,18+,19-,20+,22+,23+,24-;/m1./s1"	Sodium cholate	431.27866				6.982																																																																																																																																																																																																		
CHEBI:228682	C13H13ClFN3O2	C1C(CNC1C2=NC(=NO2)CC3=C(C=C(C=C3)F)Cl)O	"InChI=1S/C13H13ClFN3O2/c14-10-4-8(15)2-1-7(10)3-12-17-13(20-18-12)11-5-9(19)6-16-11/h1-2,4,9,11,16,19H,3,5-6H2"	"5-[3-(2-Chloro-4-fluorobenzyl)-1,2,4-oxadiazol-5-yl]-3-pyrrolidinol"	298.07556				6.251																																																																																																																																																																																																		
CHEBI:87257	C21H38O4	[*]OCC(CO[*])O[*]		monoacylglycerol 18:2	355.28329				10.2																																																																																																																																																																																																		
CHEBI:156332	C23H38N2O3	O1CCN(CC(NC(=O)CCCCCCCCC)C(O)C2=CC=CC=C2)CC1	"InChI=1S/C23H38N2O3/c1-2-3-4-5-6-7-11-14-22(26)24-21(19-25-15-17-28-18-16-25)23(27)20-12-9-8-10-13-20/h8-10,12-13,21,23,27H,2-7,11,14-19H2,1H3,(H,24,26)"	PDMP	391.29745				6.307																																																																																																																																																																																																		
CHEBI:228683	C6H4N4O2S4	CSC1=NN=C(S1)SC2=NC=C(S2)[N+](=O)[O-]	"InChI=1S/C6H4N4O2S4/c1-13-5-8-9-6(16-5)15-4-7-2-3(14-4)10(11)12/h2H,1H3"	"2-(methylthio)-5-[(5-nitro-1,3-thiazol-2-yl)thio]-1,3,4-thiadiazole"	292.92897				1.164																																																																																																																																																																																																		
CHEBI:18185	C28H48O2	CC(C)CCC[C@@H](C)CCC[C@@H](C)CCC[C@]1(C)CCc2cc(O)c(C)c(C)c2O1	"InChI=1S/C28H48O2/c1-20(2)11-8-12-21(3)13-9-14-22(4)15-10-17-28(7)18-16-25-19-26(29)23(5)24(6)27(25)30-28/h19-22,29H,8-18H2,1-7H3/t21-,22-,28-/m1/s1"	gamma-Tocopherol	417.37071				10.129																																																																																																																																																																																																		
CHEBI:4591	C28H46O	[H][C@@]1(CC[C@]2([H])[C@]1(C)CCC\C2=C/C=C1\C[C@@H](O)CC[C@@H]1C)[C@H](C)\C=C\[C@H](C)C(C)C	"InChI=1S/C28H46O/c1-19(2)20(3)9-10-22(5)26-15-16-27-23(8-7-17-28(26,27)6)12-13-24-18-25(29)14-11-21(24)4/h9-10,12-13,19-22,25-27,29H,7-8,11,14-18H2,1-6H3/b10-9+,23-12+,24-13+/t20-,21-,22+,25-,26+,27-,28+/m0/s1"	dihydrotachysterol	399.36023				8.911																																																																																																																																																																																																		
CHEBI:228684	C18H26N2O3S	CCCNC(=C(C(=S)NC1=CC=C(C=C1)OCC)C(=O)OCC)C	"InChI=1S/C18H26N2O3S/c1-5-12-19-13(4)16(18(21)23-7-3)17(24)20-14-8-10-15(11-9-14)22-6-2/h8-11,19H,5-7,12H2,1-4H3,(H,20,24)"	ethyl 2-[(4-ethoxyanilino)carbothioyl]-3-(propylamino)-2-butenoate	351.16898				6.595																																																																																																																																																																																																		
CHEBI:228685	C15H16N2O2S	C1CC(N(C1)S(=O)(=O)C2=CC=CC=C2)C3=CN=CC=C3	"InChI=1S/C15H16N2O2S/c18-20(19,14-7-2-1-3-8-14)17-11-5-9-15(17)13-6-4-10-16-12-13/h1-4,6-8,10,12,15H,5,9,11H2"	3-[1-(phenylsulfonyl)-2-pyrrolidinyl]pyridine	289.09723				3.907																																																																																																																																																																																																		
CHEBI:35465	C16H30O2	CCCCCCCC\C=C/CCCCCC(O)=O	"InChI=1S/C16H30O2/c1-2-3-4-5-6-7-8-9-10-11-12-13-14-15-16(17)18/h9-10H,2-8,11-15H2,1H3,(H,17,18)/b10-9-"	cis-7-Hexadecenoic Acid	237.22234				7.422																																																																																																																																																																																																		
CHEBI:228686	C21H36O2	CCCCCC=CCC=CCC=CCCCCCCC(=O)OC	"InChI=1S/C21H36O2/c1-3-4-5-6-7-8-9-10-11-12-13-14-15-16-17-18-19-20-21(22)23-2/h7-8,10-11,13-14H,3-6,9,12,15-20H2,1-2H3/b8-7+,11-10+,14-13+"	Dihomo-Î³-linolenic acid methyl ester	338.30478				7.272																																																																																																																																																																																																		
CHEBI:192669	C20H24O6	O1C(C(O)(C(C1C2=CC(OC)=C(O)C=C2)C)C)C3=CC(OC)=C(O)C=C3	"InChI=1S/C20H24O6/c1-11-18(12-5-7-14(21)16(9-12)24-3)26-19(20(11,2)23)13-6-8-15(22)17(10-13)25-4/h5-11,18-19,21-23H,1-4H3"	"2,5-bis(4-hydroxy-3-methoxyphenyl)-3,4-dimethyloxolan-3-ol"	343.14923				7.495																																																																																																																																																																																																		
CHEBI:94686	C29H53NO5	[C@@]1(OC([C@]1(CCCCCC)[H])=O)(C[C@H](CCCCCCCCCCC)OC([C@@H](NC(=O)[H])CC(C)C)=O)[H]	"InChI=1S/C29H53NO5/c1-5-7-9-11-12-13-14-15-16-18-24(34-29(33)26(30-22-31)20-23(3)4)21-27-25(28(32)35-27)19-17-10-8-6-2/h22-27H,5-21H2,1-4H3,(H,30,31)/t24-,25-,26-,27-/m0/s1"	Orlistat	513.41589				11.541																																																																																																																																																																																																		
CHEBI:27823	C10H9NO3	OC(=O)Cc1c[nH]c2ccc(O)cc12	"InChI=1S/C10H9NO3/c12-7-1-2-9-8(4-7)6(5-11-9)3-10(13)14/h1-2,4-5,11-12H,3H2,(H,13,14)"	5-Hydroxyindoleacetate	192.06984				5.304																																																																																																																																																																																																		
CHEBI:90452	C21H44NO7P	[C@](CO*)(O*)([H])COP(OCCN)(=O)O		Lysope 16:0	454.29481				6.307																																																																																																																																																																																																		
CHEBI:9410	C26H45NO6S	[H][C@]12CC[C@@]3([H])[C@]4([H])CC[C@]([H])([C@H](C)CCC(=O)NCCS(O)(=O)=O)[C@@]4(C)[C@@H](O)C[C@]3([H])[C@@]1(C)CC[C@@H](O)C2	"InChI=1S/C26H45NO6S/c1-16(4-9-24(30)27-12-13-34(31,32)33)20-7-8-21-19-6-5-17-14-18(28)10-11-25(17,2)22(19)15-23(29)26(20,21)3/h16-23,28-29H,4-15H2,1-3H3,(H,27,30)(H,31,32,33)/t16-,17-,18-,19+,20-,21+,22+,23+,25+,26-/m1/s1"	Taurodeoxycholic Acid	522.28857				7.227																																																																																																																																																																																																		
CHEBI:228687	C14H16N2OS	CCN1C(=CC(=N1)C)C(=O)SC2=CC=C(C=C2)C	"InChI=1S/C14H16N2OS/c1-4-16-13(9-11(3)15-16)14(17)18-12-7-5-10(2)6-8-12/h5-9H,4H2,1-3H3"	4-methylphenyl 1-ethyl-3-methyl-1H-pyrazole-5-carbothioate	261.104				5.104																																																																																																																																																																																																		
CHEBI:183794	C17H15NO2	O(C=1C=C(C2=NC=3C(C=C2)=CC=CC3)C=CC1OC)C	"InChI=1S/C17H15NO2/c1-19-16-10-8-13(11-17(16)20-2)15-9-7-12-5-3-4-6-14(12)18-15/h3-11H,1-2H3"	"2-(3,4-dimethoxyphenyl)quinoline"	288.10034				6.596																																																																																																																																																																																																		
CHEBI:228688	C19H24N2O4S	CCOC1=CC(=C(C=C1NC(=O)C2=CC=CS2)OCC)N3CCOCC3	"InChI=1S/C19H24N2O4S/c1-3-24-16-13-15(21-7-9-23-10-8-21)17(25-4-2)12-14(16)20-19(22)18-6-5-11-26-18/h5-6,11-13H,3-4,7-10H2,1-2H3,(H,20,22)"	"N-(2,5-diethoxy-4-morpholinophenyl)thiophene-2-carboxamide"	377.1586				7.169																																																																																																																																																																																																		
CHEBI:183327	C16H14N2O2S	S(C1=NC(=CC(=C1C#N)C(OCC)=O)C)C2=CC=CC=C2	"InChI=1S/C16H14N2O2S/c1-3-20-16(19)13-9-11(2)18-15(14(13)10-17)21-12-7-5-4-6-8-12/h4-9H,3H2,1-2H3"	ethyl 3-cyano-6-methyl-2-(phenylthio)isonicotinate	299.07932				1.318																																																																																																																																																																																																		
CHEBI:71464	C18H37NO2	CCCCCCCCCCCCCCCC(=O)NCCO	"InChI=1S/C18H37NO2/c1-2-3-4-5-6-7-8-9-10-11-12-13-14-15-18(21)19-16-17-20/h20H,2-17H2,1H3,(H,19,21)"	Palmitoyl ethanolamide	300.29092				7.917																																																																																																																																																																																																		
CHEBI:90233	C23H40O7	[C@@H]1(/C=C/[C@@H](O)CCCCC)[C@H]([C@H](C[C@H]1O)O)C/C=C\CCCC(=O)OCC(CO)O	"InChI=1S/C23H40O7/c1-2-3-6-9-17(25)12-13-20-19(21(27)14-22(20)28)10-7-4-5-8-11-23(29)30-16-18(26)15-24/h4,7,12-13,17-22,24-28H,2-3,5-6,8-11,14-16H2,1H3/b7-4-,13-12+/t17-,18?,19+,20+,21-,22+/m0/s1"	prostaglandin F2alpha1-glyceryl ester	451.26733				5.096																																																																																																																																																																																																		
CHEBI:49603	C29H26ClFN4O4S	CS(=O)(=O)CCNCc1ccc(o1)-c1ccc2ncnc(Nc3ccc(OCc4cccc(F)c4)c(Cl)c3)c2c1	"InChI=1S/C29H26ClFN4O4S/c1-40(36,37)12-11-32-16-23-7-10-27(39-23)20-5-8-26-24(14-20)29(34-18-33-26)35-22-6-9-28(25(30)15-22)38-17-19-3-2-4-21(31)13-19/h2-10,13-15,18,32H,11-12,16-17H2,1H3,(H,33,34,35)"	Lapatinib Ditosylate	581.14301				7.385																																																																																																																																																																																																		
CHEBI:228689	C14H10N2O2S	C1COC2=C(O1)C=CC(=C2)C3=CC=C(C(=S)N3)C#N	"InChI=1S/C14H10N2O2S/c15-8-10-1-3-11(16-14(10)19)9-2-4-12-13(7-9)18-6-5-17-12/h1-4,7H,5-6H2,(H,16,19)"	"6-(2,3-dihydro-1,4-benzodioxin-6-yl)-2-mercaptonicotinonitrile"	293.03979				5.898																																																																																																																																																																																																		
CHEBI:183667	C16H14O4	O1[C@H](CC2=C(C1=O)C(O)=CC=C2)C3=CC=C(OC)C=C3	"InChI=1S/C16H14O4/c1-19-12-7-5-10(6-8-12)14-9-11-3-2-4-13(17)15(11)16(18)20-14/h2-8,14,17H,9H2,1H3/t14-/m1/s1"	"(3R)-8-hydroxy-3-(4-methoxyphenyl)-3,4-dihydro-1H-2-benzopyran-1-one"	288.12125				6.579																																																																																																																																																																																																		
CHEBI:46932	C18H29NO3	COc1cc(CNC(=O)CCCCCCC(C)C)ccc1O	"InChI=1S/C18H29NO3/c1-14(2)8-6-4-5-7-9-18(21)19-13-15-10-11-16(20)17(12-15)22-3/h10-12,14,20H,4-9,13H2,1-3H3,(H,19,21)"	N-[(4-hydroxy-3-methoxyphenyl)methyl]-8-methylnonanamide	330.20227				8.42																																																																																																																																																																																																		
CHEBI:34488	C22H39NO2	CCCCC\C=C/C\C=C/C\C=C/CCCCCCC(=O)NCCO	"InChI=1S/C22H39NO2/c1-2-3-4-5-6-7-8-9-10-11-12-13-14-15-16-17-18-19-22(25)23-20-21-24/h6-7,9-10,12-13,24H,2-5,8,11,14-21H2,1H3,(H,23,25)/b7-6-,10-9-,13-12-"	Dihomo-gamma-Linolenoyl ethanolamide	350.30496				10.238																																																																																																																																																																																																		
CHEBI:94054	C16H14O4	COC1=CC(=C2C(=O)C[C@@H](OC2=C1)C3=CC=CC=C3)O	"InChI=1S/C16H14O4/c1-19-11-7-12(17)16-13(18)9-14(20-15(16)8-11)10-5-3-2-4-6-10/h2-8,14,17H,9H2,1H3/t14-/m1/s1"	"(2R)-5-hydroxy-7-methoxy-2-phenyl-3,4-dihydro-2H-1-benzopyran-4-one"	271.09814				7.099																																																																																																																																																																																																		
CHEBI:228690	C17H17N3S	C1CN(CC1C2=NC3=CC=CC=C3S2)CC4=CC=CC=N4	"InChI=1S/C17H17N3S/c1-2-7-16-15(6-1)19-17(21-16)13-8-10-20(11-13)12-14-5-3-4-9-18-14/h1-7,9,13H,8,10-12H2/t13-/m0/s1"	"2-[(3S)-1-(2-Pyridinylmethyl)-3-pyrrolidinyl]-1,3-benzothiazole"	296.11795				1.063																																																																																																																																																																																																		
CHEBI:17183	C20H14NO4	C[n+]1cc2c3OCOc3ccc2c2ccc3cc4OCOc4cc3c12	"InChI=1S/C20H14NO4/c1-21-8-15-12(4-5-16-20(15)25-10-22-16)13-3-2-11-6-17-18(24-9-23-17)7-14(11)19(13)21/h2-8H,9-10H2,1H3/q+1"	Sanguinarine	310.10287				1.294																																																																																																																																																																																																		
CHEBI:192570	C25H26FN3O	FC1=CC=C(CN2N=C(C(=O)NC34CC5CC(C3)CC(C4)C5)C=6C2=CC=CC6)C=C1	"InChI=1S/C25H26FN3O/c26-20-7-5-16(6-8-20)15-29-22-4-2-1-3-21(22)23(28-29)24(30)27-25-12-17-9-18(13-25)11-19(10-17)14-25/h1-8,17-19H,9-15H2,(H,27,30)"	AKB48 N-(4-fluorobenzyl) analog	404.21072				7.366																																																																																																																																																																																																		
CHEBI:228691	C15H14N2	CCCC1=CN=C(C=C1)C2=CC=C(C=C2)C#N	"InChI=1S/C15H14N2/c1-2-3-13-6-9-15(17-11-13)14-7-4-12(10-16)5-8-14/h4-9,11H,2-3H2,1H3"	4-(5-propyl-2-pyridyl)benzonitrile	245.10793				3.922																																																																																																																																																																																																		
CHEBI:228692	C16H11F5N2OS	CCOC1=CC2=C(C=C1)N=C(N2)SCC3=C(C(=C(C(=C3F)F)F)F)F	"InChI=1S/C16H11F5N2OS/c1-2-24-7-3-4-9-10(5-7)23-16(22-9)25-6-8-11(17)13(19)15(21)14(20)12(8)18/h3-5H,2,6H2,1H3,(H,22,23)"	"5-ethoxy-2-[(2,3,4,5,6-pentafluorobenzyl)thio]-1H-benzo[d]imidazole"	397.04425				7.32																																																																																																																																																																																																		
CHEBI:166842	C32H48O5	O([C@H]1[C@]([C@]2([C@@]([C@@]3([C@]([C@]4(C([C@]5([C@@](CC4)(CC[C@H]([C@@H]5C)C)C)[H])=CC3=O)C)(CC2)C)[H])(CC1)C)[H])(C)C(O)=O)C(=O)C	"InChI=1S/C32H48O5/c1-18-9-12-28(4)15-16-30(6)21(25(28)19(18)2)17-22(34)26-29(5)13-11-24(37-20(3)33)32(8,27(35)36)23(29)10-14-31(26,30)7/h17-19,23-26H,9-16H2,1-8H3,(H,35,36)/t18-,19+,23-,24-,25+,26-,28-,29+,30-,31-,32-/m1/s1"	3-Acetyl-11-keto-beta-boswellic acid	513.3576				7.055																																																																																																																																																																																																		
CHEBI:15633	C19H21N7O6	Nc1nc2NCC(CNc3ccc(cc3)C(=O)N[C@@H](CCC(O)=O)C(O)=O)=Nc2c(=O)[nH]1	"InChI=1S/C19H21N7O6/c20-19-25-15-14(17(30)26-19)23-11(8-22-15)7-21-10-3-1-9(2-4-10)16(29)24-12(18(31)32)5-6-13(27)28/h1-4,12,21H,5-8H2,(H,24,29)(H,27,28)(H,31,32)(H4,20,22,25,26,30)/t12-/m0/s1"	"7,8-Dihydrofolate"	444.1646				6.028																																																																																																																																																																																																		
CHEBI:170016	C9H14N3O8P.H2O	P(OC[C@H]1O[C@@H](N2C=CC(=NC2=O)N)[C@H](O)[C@@H]1O)(O)(O)=O.O	"InChI=1S/C9H14N3O8P.H2O/c10-5-1-2-12(9(15)11-5)8-7(14)6(13)4(20-8)3-19-21(16,17)18;/h1-2,4,6-8,13-14H,3H2,(H2,10,11,15)(H2,16,17,18);1H2/t4-,6-,7-,8-;/m1./s1"	Cytidine 5'-monophosphate (hydrate)	346.04691				4.765																																																																																																																																																																																																		
CHEBI:64568	C28H50NO7P	[H][C@@](CO[*])(COP([O-])(=O)OCC[N+](C)(C)C)O[*]		Lysopc 20:4	544.33796				7.209																																																																																																																																																																																																		
CHEBI:16566	C18H39NO2	CCCCCCCCCCCCCCC[C@@H](O)[C@@H](N)CO	"InChI=1S/C18H39NO2/c1-2-3-4-5-6-7-8-9-10-11-12-13-14-15-18(21)17(19)16-20/h17-18,20-21H,2-16,19H2,1H3/t17-,18+/m0/s1"	Sphinganine	302.30682				6.505																																																																																																																																																																																																		
CHEBI:228693	C39H81N2O6P	CCCCCCCCCCCCCCCCCCCCCCCCCC(=O)NC(COP(=O)([O-])OCC[N+](C)(C)C)C(CCCCC)O	"InChI=1S/C39H81N2O6P/c1-6-8-10-11-12-13-14-15-16-17-18-19-20-21-22-23-24-25-26-27-28-29-31-33-39(43)40-37(38(42)32-30-9-7-2)36-47-48(44,45)46-35-34-41(3,4)5/h37-38,42H,6-36H2,1-5H3,(H-,40,43,44,45)"	SM 8:0;2O/26:0	705.59338				11.375																																																																																																																																																																																																		
CHEBI:228694	C23H17NO2	COC1=CC=C(C=C1)C(=O)C2=C(C3=CC=CC=C3N=C2)C4=CC=CC=C4	"InChI=1S/C23H17NO2/c1-26-18-13-11-17(12-14-18)23(25)20-15-24-21-10-6-5-9-19(21)22(20)16-7-3-2-4-8-16/h2-15H,1H3"	(4-methoxyphenyl)(4-phenyl-3-quinolinyl)methanone	340.13475				6.384																																																																																																																																																																																																		
CHEBI:174217	C12H15NO4	CC(O)C(=O)NC(CC1=CC=CC=C1)C(O)=O	"InChI=1S/C12H15NO4/c1-8(14)11(15)13-10(12(16)17)7-9-5-3-2-4-6-9/h2-6,8,10,14H,7H2,1H3,(H,13,15)(H,16,17)/t8-,10-/m0/s1"	N-lactoyl-phenylalanine	238.10832				5.589																																																																																																																																																																																																		
CHEBI:18089	C9H9NO3	OC(=O)CNC(=O)c1ccccc1	"InChI=1S/C9H9NO3/c11-8(12)6-10-9(13)7-4-2-1-3-5-7/h1-5H,6H2,(H,10,13)(H,11,12)"	Hippuric acid	180.06627				5.388																																																																																																																																																																																																		
CHEBI:18183	C5H7NO3	OC(=O)[C@@H]1CCC(=O)N1	"InChI=1S/C5H7NO3/c7-4-2-1-3(6-4)5(8)9/h3H,1-2H2,(H,6,7)(H,8,9)/t3-/m0/s1"	L-Pyroglutamic acid	130.05055				2.551																																																																																																																																																																																																		
CHEBI:16796	C13H16N2O2	C=1C=C(C=C2C(=CNC12)CCNC(=O)C)OC	"InChI=1S/C13H16N2O2/c1-9(16)14-6-5-10-8-15-13-4-3-11(17-2)7-12(10)13/h3-4,7-8,15H,5-6H2,1-2H3,(H,14,16)"	Melatonin	233.12933				5.674																																																																																																																																																																																																		
CHEBI:16344	C3H7N3O2	C(CNC(=N)N)(O)=O	"InChI=1S/C3H7N3O2/c4-3(5)6-1-2(7)8/h1H2,(H,7,8)(H4,4,5,6)"	Guanidineacetic acid	118.06191				1.306																																																																																																																																																																																																		
CHEBI:104011	C9H10N2O3	Nc1ccc(cc1)C(=O)NCC(O)=O	"InChI=1S/C9H10N2O3/c10-7-3-1-6(2-4-7)9(14)11-5-8(12)13/h1-4H,5,10H2,(H,11,14)(H,12,13)"	P-Aminohippuric Acid	195.07737				5.014																																																																																																																																																																																																		
CHEBI:89242	C10H14	C=C(C)C1=CC=C(C)CC1	"InChI=1S/C10H14/c1-8(2)10-6-4-9(3)5-7-10/h4,6H,1,5,7H2,2-3H3"	"p-Mentha-1,3,8-triene"	135.11741				6.115																																																																																																																																																																																																		
CHEBI:68444	C6H6N4O2	Cn1c(=O)[nH]c2nc[nH]c2c1=O	"InChI=1S/C6H6N4O2/c1-10-5(11)3-4(8-2-7-3)9-6(10)12/h2H,1H3,(H,7,8)(H,9,12)"	1-Methylxanthine	167.05707				4.806																																																																																																																																																																																																		
CHEBI:6257	C11H17NO3	CC(C)NC[C@H](O)c1ccc(O)c(O)c1	"InChI=1S/C11H17NO3/c1-7(2)12-6-11(15)8-3-4-9(13)10(14)5-8/h3-5,7,11-15H,6H2,1-2H3/t11-/m0/s1"	Isoproterenol	229.15505				1.391																																																																																																																																																																																																		
CHEBI:5050	C32H39NO4	CC(C)(C(O)=O)c1ccc(cc1)C(O)CCCN1CCC(CC1)C(O)(c1ccccc1)c1ccccc1	"InChI=1S/C32H39NO4/c1-31(2,30(35)36)25-17-15-24(16-18-25)29(34)14-9-21-33-22-19-28(20-23-33)32(37,26-10-5-3-6-11-26)27-12-7-4-8-13-27/h3-8,10-13,15-18,28-29,34,37H,9,14,19-23H2,1-2H3,(H,35,36)"	Fexofenadine	502.29784				5.817																																																																																																																																																																																																		
CHEBI:16734	C13H14N2O3	CC(=O)N[C@H](Cc1c[nH]c2ccccc12)C(O)=O	"InChI=1S/C13H14N2O3/c1-8(16)15-12(13(17)18)6-9-7-14-11-5-3-2-4-10(9)11/h2-5,7,12,14H,6H2,1H3,(H,15,16)(H,17,18)/t12-/m1/s1"	N-Acetyl-D-tryptophan	247.10886				5.608																																																																																																																																																																																																		
CHEBI:21363	C5H11NO4S	C(=O)([C@@H](N)CCS(C)(=O)=O)O	"InChI=1S/C5H11NO4S/c1-11(9,10)3-2-4(6)5(7)8/h4H,2-3,6H2,1H3,(H,7,8)/t4-/m0/s1"	L-Methionine sulfone	182.04874				1.332																																																																																																																																																																																																		
CHEBI:21563	C11H13NO4	C([C@H](CC1=CC=C(C=C1)O)NC(C)=O)(=O)O	"InChI=1S/C11H13NO4/c1-7(13)12-10(11(15)16)6-8-2-4-9(14)5-3-8/h2-5,10,14H,6H2,1H3,(H,12,13)(H,15,16)/t10-/m0/s1"	N-Acetyl-L-tyrosine	224.0929				5.212																																																																																																																																																																																																		
CHEBI:9300	C8H14O4	OC(=O)CCCCCCC(O)=O	"InChI=1S/C8H14O4/c9-7(10)5-3-1-2-4-6-8(11)12/h1-6H2,(H,9,10)(H,11,12)"	Octanedioic acid	349.18498				5.299																																																																																																																																																																																																		
CHEBI:84212	C6H4O5	OC(=O)c1ccc(o1)C(O)=O	"InChI=1S/C6H4O5/c7-5(8)3-1-2-4(11-3)6(9)10/h1-2H,(H,7,8)(H,9,10)"	"2,5-Furandicarboxylic acid"	157.01377				3.619																																																																																																																																																																																																		
CHEBI:16998	C9H11NO2	N[C@H](Cc1ccccc1)C(O)=O	"InChI=1S/C9H11NO2/c10-8(9(11)12)6-7-4-2-1-3-5-7/h1-5,8H,6,10H2,(H,11,12)/t8-/m1/s1"	D-Phenylalanine	166.08693				1.94																																																																																																																																																																																																		
CHEBI:48991	C6H6N4O2	Cn1cnc2[nH]c(=O)[nH]c(=O)c12	"InChI=1S/C6H6N4O2/c1-10-2-7-4-3(10)5(11)9-6(12)8-4/h2H,1H3,(H2,8,9,11,12)"	7-Methylxanthine	167.05701				3.573																																																																																																																																																																																																		
CHEBI:167830	C15H14O4	O(C1=C(O)C=CC(=C1)/C=C/C2=CC(O)=CC(=C2)O)C	"InChI=1S/C15H14O4/c1-19-15-8-10(4-5-14(15)18)2-3-11-6-12(16)9-13(17)7-11/h2-9,16-18H,1H3/b3-2+"	Isorhapontigenin	259.09781				5.734																																																																																																																																																																																																		
CHEBI:228695	C6H13NO2S	COC(=O)C(CCSC)N	"InChI=1S/C6H13NO2S/c1-9-6(8)5(7)3-4-10-2/h5H,3-4,7H2,1-2H3/t5-/m0/s1"	L-Methionine Methyl Ester	147.04788				3.717																																																																																																																																																																																																		
CHEBI:73527	C9H18N2O3	CC(C)C[C@H](N)C(=O)N[C@@H](C)C(O)=O	"InChI=1S/C9H18N2O3/c1-5(2)4-7(10)8(12)11-6(3)9(13)14/h5-7H,4,10H2,1-3H3,(H,11,12)(H,13,14)/t6-,7-/m0/s1"	L-Leucyl-L-Alanine	185.12922				4.873																																																																																																																																																																																																		
CHEBI:28918	C9H13NO3	CNC[C@H](O)c1ccc(O)c(O)c1	"InChI=1S/C9H13NO3/c1-10-5-9(13)6-2-3-7(11)8(12)4-6/h2-4,9-13H,5H2,1H3/t9-/m0/s1"	L-Adrenaline	184.09764				5.919																																																																																																																																																																																																		
CHEBI:16828	C11H12N2O2	N[C@@H](Cc1c[nH]c2ccccc12)C(O)=O	"InChI=1S/C11H12N2O2/c12-9(11(14)15)5-7-6-13-10-4-2-1-3-8(7)10/h1-4,6,9,13H,5,12H2,(H,14,15)/t9-/m0/s1"	L-Tryptophan	205.09806				4.96																																																																																																																																																																																																		
CHEBI:183825	C14H17N5O8	O1[C@H](N2C3=NC=NC(N[C@@H](CC(O)=O)C(O)=O)=C3N=C2)[C@H](O)[C@H](O)[C@H]1CO	"InChI=1S/C14H17N5O8/c20-2-6-9(23)10(24)13(27-6)19-4-17-8-11(15-3-16-12(8)19)18-5(14(25)26)1-7(21)22/h3-6,9-10,13,20,23-24H,1-2H2,(H,21,22)(H,25,26)(H,15,16,18)/t5-,6+,9+,10+,13-/m0/s1"	N6-Succinyl Adenosine	384.11652				5.019																																																																																																																																																																																																		
CHEBI:17964	C6H11NO2	OC(=O)C1CCCCN1	"InChI=1S/C6H11NO2/c8-6(9)5-3-1-2-4-7-5/h5,7H,1-4H2,(H,8,9)"	Pipecolic acid	130.08697				1.386																																																																																																																																																																																																		
CHEBI:61058	C10H13NO4	C[C@](N)(Cc1ccc(O)c(O)c1)C(O)=O	"InChI=1S/C10H13NO4/c1-10(11,9(14)15)5-6-2-3-7(12)8(13)4-6/h2-4,12-13H,5,11H2,1H3,(H,14,15)/t10-/m0/s1"	Methyldopa	212.09261				3.143																																																																																																																																																																																																		
CHEBI:21803	C6H7N5O	Cn1c(N)nc2[nH]cnc2c1=O	"InChI=1S/C6H7N5O/c1-11-5(12)3-4(9-2-8-3)10-6(11)7/h2H,1H3,(H2,7,10)(H,8,9)"	1-Methylguanine	166.07313				4.763																																																																																																																																																																																																		
CHEBI:18295	C5H9N3	NCCc1c[nH]cn1	"InChI=1S/C5H9N3/c6-2-1-5-3-7-4-8-5/h3-4H,1-2,6H2,(H,7,8)"	Histamine	112.08772				1.148																																																																																																																																																																																																		
CHEBI:67249	C11H16N4O4	CC(=O)NCCC(=O)N[C@@H](Cc1cnc[nH]1)C(O)=O	"InChI=1S/C11H16N4O4/c1-7(16)13-3-2-10(17)15-9(11(18)19)4-8-5-12-6-14-8/h5-6,9H,2-4H2,1H3,(H,12,14)(H,13,16)(H,15,17)(H,18,19)/t9-/m0/s1"	N-Acetyl-L-carnosine	269.12554				1.401																																																																																																																																																																																																		
CHEBI:68441	C6H6N4O3	Cn1c(=O)[nH]c2[nH]c(=O)[nH]c2c1=O	"InChI=1S/C6H6N4O3/c1-10-4(11)2-3(9-6(10)13)8-5(12)7-2/h1H3,(H,9,13)(H2,7,8,12)"	1-Methyluric acid	183.05205				3.949																																																																																																																																																																																																		
CHEBI:28670	C9H11N5O4	c1c(nc2c(n1)[nH]c(nc2=O)N)C(C(CO)O)O	"InChI=1/C9H11N5O4/c10-9-13-7-5(8(18)14-9)12-3(1-11-7)6(17)4(16)2-15/h1,4,6,15-17H,2H2,(H3,10,11,13,14,18)"	Neopterin	254.08951				1.413																																																																																																																																																																																																		
CHEBI:167832	C14H10N4O2	O=C(O)C1=CC=C(C2=C(C=3N=NNN3)C=CC=C2)C=C1	"InChI=1S/C14H10N4O2/c19-14(20)10-7-5-9(6-8-10)11-3-1-2-4-12(11)13-15-17-18-16-13/h1-8H,(H,19,20)(H,15,16,17,18)"	Valsartan metabolite	267.08881				5.767																																																																																																																																																																																																		
CHEBI:145094	C17H20O9	[C@@]1(C(OC)=O)(C[C@H]([C@H](O)[C@@H](C1)O)OC(=O)\C=C\C2=CC(=C(C=C2)O)O)O	"InChI=1S/C17H20O9/c1-25-16(23)17(24)7-12(20)15(22)13(8-17)26-14(21)5-3-9-2-4-10(18)11(19)6-9/h2-6,12-13,15,18-20,22,24H,7-8H2,1H3/b5-3+/t12-,13-,15-,17+/m1/s1"	Chlorogenic Acid Methyl Ester	369.11923				5.629																																																																																																																																																																																																		
CHEBI:16313	C5H9NO2	OC(=O)[C@H]1CCCN1	"InChI=1S/C5H9NO2/c7-5(8)4-2-1-3-6-4/h4,6H,1-3H2,(H,7,8)/t4-/m1/s1"	D-Proline	116.07103				1.629																																																																																																																																																																																																		
CHEBI:24898	C6H13NO2			Isoleucine	132.10288				1.856																																																																																																																																																																																																		
CHEBI:48541	C10H10O3	COc1ccc(C=CC(O)=O)cc1	"InChI=1S/C10H10O3/c1-13-9-5-2-8(3-6-9)4-7-10(11)12/h2-7H,1H3,(H,11,12)"	4-Methoxycinnamic acid	161.06054				5.81																																																																																																																																																																																																		
CHEBI:85239	C8H8O3	Cc1cc(ccc1O)C(O)=O	"InChI=1S/C8H8O3/c1-5-4-6(8(10)11)2-3-7(5)9/h2-4,9H,1H3,(H,10,11)"	4-Hydroxy-3-methylbenzoic acid	135.04479				5.822																																																																																																																																																																																																		
CHEBI:17061	C5H10N2O3	O=C(O)[C@H](N)CCC(=O)N	"InChI=1S/C5H10N2O3/c6-3(5(9)10)1-2-4(7)8/h3H,1-2,6H2,(H2,7,8)(H,9,10)/t3-/m1/s1"	D-glutamine	130.05034				5.863																																																																																																																																																																																																		
CHEBI:16354	C4H6N2O2	CN1CC(=O)NC1=O	"InChI=1S/C4H6N2O2/c1-6-2-3(7)5-4(6)8/h2H2,1H3,(H,5,7,8)"	N-Methylhydantoin	115.05094				5.281																																																																																																																																																																																																		
CHEBI:40521	C8H16N4O3	CC(=O)N[C@@H](CCCNC(N)=N)C(O)=O	"InChI=1S/C8H16N4O3/c1-5(13)12-6(7(14)15)3-2-4-11-8(9)10/h6H,2-4H2,1H3,(H,12,13)(H,14,15)(H4,9,10,11)/t6-/m0/s1"	N(alpha)-acetyl-L-arginine	217.13036				1.64																																																																																																																																																																																																		
CHEBI:28088	C15H10O5	OC1=CC=C(C=C1)C1=COC2=C(C(O)=CC(O)=C2)C1=O	"InChI=1S/C15H10O5/c16-9-3-1-8(2-4-9)11-7-20-13-6-10(17)5-12(18)14(13)15(11)19/h1-7,16-18H"	Genistein	271.06145				5.56																																																																																																																																																																																																		
CHEBI:33198	C6H12O7	OC[C@@H](O)[C@@H](O)[C@H](O)[C@@H](O)C(O)=O	"InChI=1S/C6H12O7/c7-1-2(8)3(9)4(10)5(11)6(12)13/h2-5,7-11H,1H2,(H,12,13)/t2-,3-,4+,5-/m1/s1"	D-Gluconic acid	197.06495				5.595																																																																																																																																																																																																		
CHEBI:16508	C6H6O4	OC(=O)\C=C/C=C\C(O)=O	"InChI=1S/C6H6O4/c7-5(8)3-1-2-4-6(9)10/h1-4H,(H,7,8)(H,9,10)/b3-1-,4-2-"	"cis,cis-Muconic acid"	125.02404				4.685																																																																																																																																																																																																		
CHEBI:16811	C5H11NO2S	CSCCC(N)C(O)=O	"InChI=1S/C5H11NO2S/c1-9-3-2-4(6)5(7)8/h4H,2-3,6H2,1H3,(H,7,8)"	Methionine	321.08292				2.005																																																																																																																																																																																																		
CHEBI:10432	C10H8O	OC1=CC2=CC=CC=C2C=C1	"InChI=1S/C10H8O/c11-10-6-5-8-3-1-2-4-9(8)7-10/h1-7,11H"	2-Naphthol	145.06539				5.697																																																																																																																																																																																																		
CHEBI:15940	C6H5NO2	OC(=O)c1cccnc1	"InChI=1S/C6H5NO2/c8-6(9)5-2-1-3-7-4-5/h1-4H,(H,8,9)"	Nicotinic acid	124.0399				5.102																																																																																																																																																																																																		
CHEBI:21626	C11H13NO3	CC(=O)NC(Cc1ccccc1)C(O)=O	"InChI=1S/C11H13NO3/c1-8(13)12-10(11(14)15)7-9-5-3-2-4-6-9/h2-6,10H,7H2,1H3,(H,12,13)(H,14,15)"	N-Acetyl-DL-phenylalanine	208.09636				5.893																																																																																																																																																																																																		
CHEBI:28833	C19H22O6	[H][C@@]12CC[C@]3(O)C[C@]1(CC3=C)[C@@H](C(O)=O)[C@]1([H])[C@@]3(C)[C@@H](O)C=C[C@@]21OC3=O	"InChI=1S/C19H22O6/c1-9-7-17-8-18(9,24)5-3-10(17)19-6-4-11(20)16(2,15(23)25-19)13(19)12(17)14(21)22/h4,6,10-13,20,24H,1,3,5,7-8H2,2H3,(H,21,22)/t10-,11+,12-,13-,16-,17+,18+,19-/m1/s1"	Gibberellic acid	369.13301				6.337																																																																																																																																																																																																		
CHEBI:1189	C19H24O3	[H][C@]12CC[C@]3(C)C(=O)CC[C@@]3([H])[C@]1([H])CCc1cc(O)c(OC)cc21	"InChI=1S/C19H24O3/c1-19-8-7-12-13(15(19)5-6-18(19)21)4-3-11-9-16(20)17(22-2)10-14(11)12/h9-10,12-13,15,20H,3-8H2,1-2H3/t12-,13+,15-,19-/m0/s1"	2-Methoxyestrone	301.18128				6.267																																																																																																																																																																																																		
CHEBI:17621	C17H21N4O9P	C12=NC(NC(C1=NC=3C(N2C[C@@H]([C@@H]([C@@H](COP(=O)(O)O)O)O)O)=CC(=C(C3)C)C)=O)=O	"InChI=1S/C17H21N4O9P/c1-7-3-9-10(4-8(7)2)21(15-13(18-9)16(25)20-17(26)19-15)5-11(22)14(24)12(23)6-30-31(27,28)29/h3-4,11-12,14,22-24H,5-6H2,1-2H3,(H,20,25,26)(H2,27,28,29)/t11-,12+,14-/m0/s1"	Riboflavin-5-phosphate	457.11293				5.708																																																																																																																																																																																																		
CHEBI:17310	C8H9NO3	[H]C(=O)c1c(CO)cnc(C)c1O	"InChI=1S/C8H9NO3/c1-5-8(12)7(4-11)6(3-10)2-9-5/h2,4,10,12H,3H2,1H3"	Pyridoxal	168.06609				2.624																																																																																																																																																																																																		
CHEBI:16543	C7H14N2O3	C(CCN)[C@@H](C(O)=O)NC(=O)C	"InChI=1S/C7H14N2O3/c1-5(10)9-6(7(11)12)3-2-4-8/h6H,2-4,8H2,1H3,(H,9,10)(H,11,12)/t6-/m0/s1"	N-acetyl-L-ornithine	175.1085				1.833																																																																																																																																																																																																		
CHEBI:16737	C4H7N3O	CN1CC(=O)NC1=N	"InChI=1S/C4H7N3O/c1-7-2-3(8)6-4(7)5/h2H2,1H3,(H2,5,6,8)"	Creatinine	114.06694				0.525																																																																																																																																																																																																		
CHEBI:192604	C20H34O5	O[C@@H]1[C@@H]([C@@H](CCCCCCC(O)=O)C(=O)C1)/C=C/[C@@H](O)CCCCC	"InChI=1S/C20H34O5/c1-2-3-6-9-15(21)12-13-17-16(18(22)14-19(17)23)10-7-4-5-8-11-20(24)25/h12-13,15-17,19,21,23H,2-11,14H2,1H3,(H,24,25)/b13-12+/t15-,16+,17+,19-/m0/s1"	11-Epiprostaglandin E1	372.27618				5.821																																																																																																																																																																																																		
CHEBI:53210	C10H19NO4	CCC(=O)O[C@H](CC([O-])=O)C[N+](C)(C)C	"InChI=1S/C10H19NO4/c1-5-10(14)15-8(6-9(12)13)7-11(2,3)4/h8H,5-7H2,1-4H3/t8-/m1/s1"	Propionyl-L-carnitine	256.09372				1.37																																																																																																																																																																																																		
CHEBI:16709	C8H11NO3	CC1=C(O)C(CO)=C(CO)C=N1	"InChI=1S/C8H11NO3/c1-5-8(12)7(4-11)6(3-10)2-9-5/h2,10-12H,3-4H2,1H3"	Pyridoxine	170.08212				1.628																																																																																																																																																																																																		
CHEBI:16437	C8H11N3O3	CC(=O)N[C@@H](Cc1cnc[nH]1)C(O)=O	"InChI=1S/C8H11N3O3/c1-5(12)11-7(8(13)14)2-6-3-9-4-10-6/h3-4,7H,2H2,1H3,(H,9,10)(H,11,12)(H,13,14)/t7-/m0/s1"	N-Acetyl-L-histidine	198.08822				4.877																																																																																																																																																																																																		
CHEBI:194287	C9H10N2O4	O(CC(=O)NC=1C=CC=NC1)CC(O)=O	"InChI=1S/C9H10N2O4/c12-8(5-15-6-9(13)14)11-7-2-1-3-10-4-7/h1-4H,5-6H2,(H,11,12)(H,13,14)"	2-[2-oxo-2-(pyridin-3-ylamino)ethoxy]acetic acid	211.07223				4.808																																																																																																																																																																																																		
CHEBI:9481	C21H34O4	C[C@]12C[C@H](O)[C@H]3[C@@H](CC[C@@H]4C[C@H](O)CC[C@]34C)[C@@H]1CC[C@@H]2C(=O)CO	"InChI=1S/C21H34O4/c1-20-8-7-13(23)9-12(20)3-4-14-15-5-6-16(18(25)11-22)21(15,2)10-17(24)19(14)20/h12-17,19,22-24H,3-11H2,1-2H3/t12-,13-,14+,15+,16-,17+,19-,20+,21+/m1/s1"	Tetrahydrocorticosterone	368.28119				6.665																																																																																																																																																																																																		
CHEBI:16040	C4H5N3O	Nc1cc[nH]c(=O)n1	"InChI=1S/C4H5N3O/c5-3-1-2-6-4(8)7-3/h1-2H,(H3,5,6,7,8)"	Cytosine	112.05131				4.891																																																																																																																																																																																																		
CHEBI:15760	C8H11NO	NCCc1ccc(O)cc1	"InChI=1S/C8H11NO/c9-6-5-7-1-3-8(10)4-2-7/h1-4,10H,5-6,9H2"	Tyramine	138.09189				2.091																																																																																																																																																																																																		
CHEBI:90143	C5H9N3O4	O=C(CC(C(O)=O)NC(=N)N)O	"InChI=1S/C5H9N3O4/c6-5(7)8-2(4(11)12)1-3(9)10/h2H,1H2,(H,9,10)(H,11,12)(H4,6,7,8)"	Guanidinosuccinic acid	176.06739				1.334																																																																																																																																																																																																		
CHEBI:17443	C7H15N3O3	N[C@@H](CCCCNC(N)=O)C(O)=O	"InChI=1S/C7H15N3O3/c8-5(6(11)12)3-1-2-4-10-7(9)13/h5H,1-4,8H2,(H,11,12)(H3,9,10,13)/t5-/m0/s1"	L-Homocitrulline	190.1196				1.401																																																																																																																																																																																																		
CHEBI:16410	C8H12N2O2	Cc1ncc(CO)c(CN)c1O	"InChI=1S/C8H12N2O2/c1-5-8(12)7(2-9)6(4-11)3-10-5/h3,11-12H,2,4,9H2,1H3"	Pyridoxamine	169.09819				2.171																																																																																																																																																																																																		
CHEBI:86952	C6H8O4	OC(=O)C\C=C\CC(O)=O	"InChI=1S/C6H8O4/c7-5(8)3-1-2-4-6(9)10/h1-2H,3-4H2,(H,7,8)(H,9,10)/b2-1+"	"trans-2-Butene-1,4-dicarboxylic Acid"	145.05021				6.542																																																																																																																																																																																																		
CHEBI:134761	C7H7NO2	COC(=O)C1=CC=CN=C1	"InChI=1S/C7H7NO2/c1-10-7(9)6-3-2-4-8-5-6/h2-5H,1H3"	Methyl nicotinate	138.05551				5.003																																																																																																																																																																																																		
CHEBI:16164	C6H6O3	Oc1cccc(O)c1O	"InChI=1S/C6H6O3/c7-4-2-1-3-5(8)6(4)9/h1-3,7-9H"	Pyrogallol	127.03988				5.061																																																																																																																																																																																																		
CHEBI:16576	C6H12N2O3	C[C@@H](N)C(=O)N[C@H](C)C(O)=O	"InChI=1S/C6H12N2O3/c1-3(7)5(9)8-4(2)6(10)11/h3-4H,7H2,1-2H3,(H,8,9)(H,10,11)/t3-,4-/m1/s1"	D-Ala-D-Ala	144.06613				3.945																																																																																																																																																																																																		
CHEBI:17620	C10H10O4	COc1cc(\C=C\C(O)=O)ccc1O	"InChI=1S/C10H10O4/c1-14-9-6-7(2-4-8(9)11)3-5-10(12)13/h2-6,11H,1H3,(H,12,13)/b5-3+"	Ferulic acid	195.06633				1.626																																																																																																																																																																																																		
CHEBI:28121	C13H12N2O	COc1ccc2c(c1)[nH]c1c(C)nccc21	"InChI=1S/C13H12N2O/c1-8-13-11(5-6-14-8)10-4-3-9(16-2)7-12(10)15-13/h3-7,15H,1-2H3"	Harmine	213.09918				5.004																																																																																																																																																																																																		
CHEBI:192679	C9H14N2O4	O(C(C)(C)C)C(=O)N[C@@H](CC#N)C(O)=O	"InChI=1S/C9H14N2O4/c1-9(2,3)15-8(14)11-6(4-5-10)7(12)13/h6H,4H2,1-3H3,(H,11,14)(H,12,13)/t6-/m0/s1"	Boc-beta-cyano-L-alanine	215.10359				2.784																																																																																																																																																																																																		
CHEBI:15857	C7H11N2O5R	N[C@@H](CCC(=O)NC([*])C(O)=O)C(O)=O		5-L-glutamyl amino acid	219.09854				1.623																																																																																																																																																																																																		
CHEBI:37455	C5H11O8P			Ribulose-5-phosphate	231.02675				4.946																																																																																																																																																																																																		
CHEBI:17786	C8H15NO3	[C@@H](CC(C)C)(NC(=O)C)C(O)=O	"InChI=1S/C8H15NO3/c1-5(2)4-7(8(11)12)9-6(3)10/h5,7H,4H2,1-3H3,(H,9,10)(H,11,12)/t7-/m0/s1"	N-Acetyl-L-leucine	174.11317				1.404																																																																																																																																																																																																		
CHEBI:136995	C10H15NO2	COc1ccc(CCN)cc1OC	"InChI=1S/C10H15NO2/c1-12-9-4-3-8(5-6-11)7-10(9)13-2/h3-4,7H,5-6,11H2,1-2H3"	"2-(3,4-dimethoxyphenyl)ethanamine"	182.11847				4.874																																																																																																																																																																																																		
CHEBI:17568	C4H4N2O2	O=c1cc[nH]c(=O)[nH]1	"InChI=1S/C4H4N2O2/c7-3-1-2-5-4(8)6-3/h1-2H,(H2,5,6,7,8)"	Uracil	113.03536				1.596																																																																																																																																																																																																		
CHEBI:169985	C7H13NO3	OC(=O)C(NC(=O)C)C(C)C	"InChI=1S/C7H13NO3/c1-4(2)6(7(10)11)8-5(3)9/h4,6H,1-3H3,(H,8,9)(H,10,11)"	N-Acetyl-DL-valine	341.17227				5.296																																																																																																																																																																																																		
CHEBI:15727	C9H14N4O3	NCCC(=O)N[C@@H](CC1=CNC=N1)C(O)=O	"InChI=1S/C9H14N4O3/c10-2-1-8(14)13-7(9(15)16)3-6-4-11-5-12-6/h4-5,7H,1-3,10H2,(H,11,12)(H,13,14)(H,15,16)/t7-/m0/s1"	Carnosine	227.11503				1.267																																																																																																																																																																																																		
CHEBI:8087	C13H16N2O4	NC(=O)CCC(NC(=O)Cc1ccccc1)C(O)=O	"InChI=1S/C13H16N2O4/c14-11(16)7-6-10(13(18)19)15-12(17)8-9-4-2-1-3-5-9/h1-5,10H,6-8H2,(H2,14,16)(H,15,17)(H,18,19)"	Phenylacetylglutamine	265.11962				5.609																																																																																																																																																																																																		
CHEBI:34778	C16H12O5	COc1cc2c(cc1O)occ(-c1ccc(O)cc1)c2=O	"InChI=1S/C16H12O5/c1-20-15-6-11-14(7-13(15)18)21-8-12(16(11)19)9-2-4-10(17)5-3-9/h2-8,17-18H,1H3"	Glycitein	285.07719				5.334																																																																																																																																																																																																		
CHEBI:28412	C15H12O6	Oc1cc(O)c2C(=O)C[C@H](Oc2c1)c1ccc(O)c(O)c1	"InChI=1S/C15H12O6/c16-8-4-11(19)15-12(20)6-13(21-14(15)5-8)7-1-2-9(17)10(18)3-7/h1-5,13,16-19H,6H2/t13-/m0/s1"	Eriodictyol	289.07213				5.572																																																																																																																																																																																																		
CHEBI:40131	C11H14O2	OC(=O)CCCCc1ccccc1	"InChI=1S/C11H14O2/c12-11(13)9-5-4-8-10-6-2-1-3-7-10/h1-3,6-7H,4-5,8-9H2,(H,12,13)"	5-Phenylvaleric Acid	179.10757				6.054																																																																																																																																																																																																		
CHEBI:1387	C8H10O4	OCC(O)c1ccc(O)c(O)c1	"InChI=1S/C8H10O4/c9-4-8(12)5-1-2-6(10)7(11)3-5/h1-3,8-12H,4H2"	"DL-3,4-Dihydroxyphenyl glycol"	153.05522				3.864																																																																																																																																																																																																		
CHEBI:15641	C20H25N7O6	CN1C(CNC2=CC=C(C=C2)C(=O)N[C@@H](CCC(O)=O)C(O)=O)CNC2=C1C(=O)NC(N)=N2	"InChI=1S/C20H25N7O6/c1-27-12(9-23-16-15(27)18(31)26-20(21)25-16)8-22-11-4-2-10(3-5-11)17(30)24-13(19(32)33)6-7-14(28)29/h2-5,12-13,22H,6-9H2,1H3,(H,24,30)(H,28,29)(H,32,33)(H4,21,23,25,26,31)/t12?,13-/m0/s1"	5-Methyltetrahydrofolic acid	460.19598				4.937																																																																																																																																																																																																		
CHEBI:68499	C7H11NO3	CC(C)=CC(=O)NCC(O)=O	"InChI=1S/C7H11NO3/c1-5(2)3-6(9)8-4-7(10)11/h3H,4H2,1-2H3,(H,8,9)(H,10,11)"	3-Methylcrotonylglycine	158.08178				1.847																																																																																																																																																																																																		
CHEBI:37025	C6H11NO4	N[C@H](CCCC(O)=O)C(O)=O	"InChI=1S/C6H11NO4/c7-4(6(10)11)2-1-3-5(8)9/h4H,1-3,7H2,(H,8,9)(H,10,11)/t4-/m1/s1"	D-2-Aminoadipic acid	144.06592				4.942																																																																																																																																																																																																		
CHEBI:18311	C10H7NO2	C12=C(N=CC=C1C(O)=O)C=CC=C2	"InChI=1S/C10H7NO2/c12-10(13)8-5-6-11-9-4-2-1-3-7(8)9/h1-6H,(H,12,13)"	Quinoline-4-carboxylic acid	369.08347				5.174																																																																																																																																																																																																		
				Kynurenic acid O-hexoside	374.08467				5.407																																																																																																																																																																																																		
CHEBI:22198	C5H9NO3S			Acetylcysteine	164.03836				5.947																																																																																																																																																																																																		
CHEBI:228696	C22H30N4O	CC(C)CCNC1=C(C=CC=N1)C(=O)N2CCN(CC2)CC3=CC=CC=C3	"InChI=1S/C22H30N4O/c1-18(2)10-12-24-21-20(9-6-11-23-21)22(27)26-15-13-25(14-16-26)17-19-7-4-3-5-8-19/h3-9,11,18H,10,12-17H2,1-2H3,(H,23,24)"	NSI-189	349.2393				6.165																																																																																																																																																																																																		
CHEBI:80631	C23H27NO9	CN1CC[C@@]23[C@H]4Oc5c2c(C[C@@H]1[C@@H]3C=C[C@@H]4O)ccc5O[C@@H]1O[C@@H]([C@@H](O)[C@H](O)[C@H]1O)C(O)=O	"InChI=1S/C23H27NO9/c1-24-7-6-23-10-3-4-12(25)20(23)32-18-13(5-2-9(14(18)23)8-11(10)24)31-22-17(28)15(26)16(27)19(33-22)21(29)30/h2-5,10-12,15-17,19-20,22,25-28H,6-8H2,1H3,(H,29,30)/t10-,11+,12-,15-,16-,17+,19-,20-,22+,23-/m0/s1"	Morphine-3-glucuronide	462.1777				1.407																																																																																																																																																																																																		
CHEBI:143045	C15H24O4	O=C(C1(CCC(C(=O)C1)C)C(CC(O)=O)C)C(C)C	"InChI=1S/C15H24O4/c1-9(2)14(19)15(11(4)7-13(17)18)6-5-10(3)12(16)8-15/h9-11H,5-8H2,1-4H3,(H,17,18)"	3-[4-methyl-1-(2-methylpropanoyl)-3-oxocyclohexyl]butanoic acid	269.17599				6.264																																																																																																																																																																																																		
CHEBI:40070	C9H6O3	Oc1cc(=O)oc2ccccc12	"InChI=1S/C9H6O3/c10-7-5-9(11)12-8-4-2-1-3-6(7)8/h1-5,10H"	4-Hydroxycoumarin	163.03905				1.116																																																																																																																																																																																																		
CHEBI:73912	C11H14N2O3	NCC(=O)N[C@@H](Cc1ccccc1)C(O)=O	"InChI=1S/C11H14N2O3/c12-7-10(14)13-9(11(15)16)6-8-4-2-1-3-5-8/h1-5,9H,6-7,12H2,(H,13,14)(H,15,16)/t9-/m0/s1"	Gly-Phe	467.19049				5.888																																																																																																																																																																																																		
CHEBI:34800	C9H14O	CC1=CC(=O)CC(C)(C)C1	"InChI=1S/C9H14O/c1-7-4-8(10)6-9(2,3)5-7/h4H,5-6H2,1-3H3"	Isophorone	139.11238				6.06																																																																																																																																																																																																		
CHEBI:18019	C6H14N2O2	NCCCC[C@H](N)C(O)=O	"InChI=1S/C6H14N2O2/c7-4-2-1-3-5(8)6(9)10/h5H,1-4,7-8H2,(H,9,10)/t5-/m0/s1"	L-lysine	129.10293				1.396																																																																																																																																																																																																		
CHEBI:87628	C18H22O3	C1[C@]2([C@]3([C@@](C4=C(C=C(O)C=C4)CC3)(CC[C@@]2(C(=O)[C@H]1O)C)[H])[H])[H]	"InChI=1S/C18H22O3/c1-18-7-6-13-12-5-3-11(19)8-10(12)2-4-14(13)15(18)9-16(20)17(18)21/h3,5,8,13-16,19-20H,2,4,6-7,9H2,1H3/t13-,14-,15+,16+,18+/m1/s1"	16-Hydroxyestrone	287.16535				5.756																																																																																																																																																																																																		
CHEBI:172914	C21H20O7	OC1(C(O)C(OC(=O)C2=CC=CC=C2)C=CC1O)COC(=O)C3=CC=CC=C3	"InChI=1S/C21H20O7/c22-17-12-11-16(28-20(25)15-9-5-2-6-10-15)18(23)21(17,26)13-27-19(24)14-7-3-1-4-8-14/h1-12,16-18,22-23,26H,13H2"	"5-[(Benzoyloxy)methyl]-4,5,6-trihydroxy-2-cyclohexen-1-yl benzoate"	385.12524				4.821																																																																																																																																																																																																		
				Pyridoxine O-Glucoside	332.13551				5.315																																																																																																																																																																																																		
CHEBI:74763	C6H8N2O2	Cn1ccc(=O)n(C)c1=O	"InChI=1S/C6H8N2O2/c1-7-4-3-5(9)8(2)6(7)10/h3-4H,1-2H3"	"1,3-Dimethyluracil"	141.06646				1.871																																																																																																																																																																																																		
CHEBI:89633	C10H15NO3	O(C)C1=C(O)C=CC(C(O)CNC)=C1	"InChI=1S/C10H15NO3/c1-11-6-9(13)7-3-4-8(12)10(5-7)14-2/h3-5,9,11-13H,6H2,1-2H3"	Metanephrine	198.11349				5.39																																																																																																																																																																																																		
CHEBI:16865	C4H9NO2	NCCCC(O)=O	"InChI=1S/C4H9NO2/c5-3-1-2-4(6)7/h1-3,5H2,(H,6,7)"	4-Aminobutyric acid	245.08945				5.066																																																																																																																																																																																																		
CHEBI:6052	C16H12O7	COc1cc(ccc1O)-c1oc2cc(O)cc(O)c2c(=O)c1O	"InChI=1S/C16H12O7/c1-22-11-4-7(2-3-9(11)18)16-15(21)14(20)13-10(19)5-8(17)6-12(13)23-16/h2-6,17-19,21H,1H3"	Isorhamnetin	317.06744				5.589																																																																																																																																																																																																		
CHEBI:16077	C6H13O9P	OC[C@H]1OC(OP(O)(O)=O)[C@H](O)[C@@H](O)[C@@H]1O	"InChI=1S/C6H13O9P/c7-1-2-3(8)4(9)5(10)6(14-2)15-16(11,12)13/h2-10H,1H2,(H2,11,12,13)/t2-,3-,4+,5-,6?/m1/s1"	Glucose 1-phosphate	261.03866				1.276																																																																																																																																																																																																		
CHEBI:113	C10H13NO2	C[C@@H]1NCCC2=C1C=C(O)C(O)=C2	"InChI=1S/C10H13NO2/c1-6-8-5-10(13)9(12)4-7(8)2-3-11-6/h4-6,11-13H,2-3H2,1H3/t6-/m0/s1"	Salsolinol	180.10265				1.392																																																																																																																																																																																																		
CHEBI:16974	C5H6N2O2	C=1NC=C(CC(O)=O)N1	"InChI=1S/C5H6N2O2/c8-5(9)1-4-2-6-3-7-4/h2-3H,1H2,(H,6,7)(H,8,9)"	Imidazoleacetic acid	127.0508				3.615																																																																																																																																																																																																		
CHEBI:228697	C9H10O3	COC1=CC=CC(=C1OC)C=O	"InChI=1S/C9H10O3/c1-11-8-5-3-4-7(6-10)9(8)12-2/h3-6H,1-2H3"	o-Veratraldehyde	167.07108				5.263																																																																																																																																																																																																		
CHEBI:44747	C8H8O4	OC(=O)Cc1cc(O)ccc1O	"InChI=1S/C8H8O4/c9-6-1-2-7(10)5(3-6)4-8(11)12/h1-3,9-10H,4H2,(H,11,12)"	Homogentisic Acid	151.03979				5.715																																																																																																																																																																																																		
CHEBI:113543	C10H12O4	COC1=CC(=C(C=C1C=O)OC)OC	"InChI=1S/C10H12O4/c1-12-8-5-10(14-3)9(13-2)4-7(8)6-11/h4-6H,1-3H3"	Asaraldehyde	197.082				5.259																																																																																																																																																																																																		
CHEBI:73828	C9H14N2O7	N[C@@H](CC(O)=O)C(=O)N[C@@H](CCC(O)=O)C(O)=O	"InChI=1S/C9H14N2O7/c10-4(3-7(14)15)8(16)11-5(9(17)18)1-2-6(12)13/h4-5H,1-3,10H2,(H,11,16)(H,12,13)(H,14,15)(H,17,18)/t4-,5-/m0/s1"	Asp-Glu	263.08844				1.368																																																																																																																																																																																																		
CHEBI:53014	C8H16N2O4	N[C@@H](CCCCNCC(O)=O)C(O)=O	"InChI=1S/C8H16N2O4/c9-6(8(13)14)3-1-2-4-10-5-7(11)12/h6,10H,1-5,9H2,(H,11,12)(H,13,14)/t6-/m0/s1"	N(epsilon)-(1-Carboxymethyl)-L-lysine	205.11926				1.393																																																																																																																																																																																																		
CHEBI:34135	C19H28O3	C[C@]12CC(=O)[C@H]3[C@@H](CC[C@@H]4C[C@H](O)CC[C@]34C)[C@@H]1CCC2=O	"InChI=1S/C19H28O3/c1-18-8-7-12(20)9-11(18)3-4-13-14-5-6-16(22)19(14,2)10-15(21)17(13)18/h11-14,17,20H,3-10H2,1-2H3/t11-,12-,13+,14+,17-,18+,19+/m1/s1"	11-Ketoetiocholanolone	305.21228				6.291																																																																																																																																																																																																		
CHEBI:72385	C21H42NO7P	[NH3+]CCOP([O-])(=O)OC[C@@H](CO[*])O[*]		LPE 16:1	452.27941				8.362																																																																																																																																																																																																		
CHEBI:40799	C19H24O2	[H][C@@]12CCC3=CC(=O)C=C[C@]3(C)[C@@]1([H])CC[C@]1(C)C(=O)CC[C@@]21[H]	"InChI=1S/C19H24O2/c1-18-9-7-13(20)11-12(18)3-4-14-15-5-6-17(21)19(15,2)10-8-16(14)18/h7,9,11,14-16H,3-6,8,10H2,1-2H3/t14-,15-,16-,18-,19-/m0/s1"	Boldione	285.18501				5.588																																																																																																																																																																																																		
CHEBI:167825	C18H34O4	OC(CCCCC)C(O)CC=CCCCCCCCC(O)=O	"InChI=1S/C18H34O4/c1-2-3-10-13-16(19)17(20)14-11-8-6-4-5-7-9-12-15-18(21)22/h8,11,16-17,19-20H,2-7,9-10,12-15H2,1H3,(H,21,22)"	(+/-)12(13)-DiHOME	297.24398				6.917																																																																																																																																																																																																		
CHEBI:192567	C11H22N2O2	O(C(=O)N[C@H]1[C@H](N)CCCC1)C(C)(C)C	"InChI=1S/C11H22N2O2/c1-11(2,3)15-10(14)13-9-7-5-4-6-8(9)12/h8-9H,4-7,12H2,1-3H3,(H,13,14)/t8-,9-/m1/s1"	"(1R,2R)-trans-N-Boc-1,2-cyclohexanediamine"	215.17639				5.455																																																																																																																																																																																																		
CHEBI:15698	C9H13N3O4	Nc1ccn([C@H]2C[C@H](O)[C@@H](CO)O2)c(=O)n1	"InChI=1S/C9H13N3O4/c10-7-1-2-12(9(15)11-7)8-3-5(14)6(4-13)16-8/h1-2,5-6,8,13-14H,3-4H2,(H2,10,11,15)/t5-,6+,8+/m0/s1"	Deoxycytidine	228.09909				1.621																																																																																																																																																																																																		
CHEBI:183338	C15H10N2O3	OC1=C(C=C([N+]([O-])=O)C=C1)\C=N\C=2C=C(C=CC2)C#C	"InChI=1S/C15H10N2O3/c1-2-11-4-3-5-13(8-11)16-10-12-9-14(17(19)20)6-7-15(12)18/h1,3-10,18H/b16-10+"	2-{[(3-eth-1-ynylphenyl)imino]methyl}-4-nitrophenol	267.07522				5.739																																																																																																																																																																																																		
CHEBI:167509	C9H7NO3	OC1=CC2=C(NC(=C2)C(O)=O)C=C1	"InChI=1S/C9H7NO3/c11-6-1-2-7-5(3-6)4-8(10-7)9(12)13/h1-4,10-11H,(H,12,13)"	5-Hydroxyindole-2-carboxylic acid	178.05073				5.244																																																																																																																																																																																																		
CHEBI:70744	C7H12N2O3	NCC(=O)N1CCC[C@H]1C(O)=O	"InChI=1S/C7H12N2O3/c8-4-6(10)9-3-1-2-5(9)7(11)12/h5H,1-4,8H2,(H,11,12)/t5-/m0/s1"	H-Gly-Pro-OH	173.09283				5.054																																																																																																																																																																																																		
CHEBI:16255	C6H11N3O	N[C@H](CO)Cc1c[nH]cn1	"InChI=1S/C6H11N3O/c7-5(3-10)1-6-2-8-4-9-6/h2,4-5,10H,1,3,7H2,(H,8,9)/t5-/m0/s1"	L-Histidinol	124.08752				1.374																																																																																																																																																																																																		
CHEBI:21547	C6H9NO5	CC(=O)N[C@@H](CC(O)=O)C(O)=O	"InChI=1S/C6H9NO5/c1-3(8)7-4(6(11)12)2-5(9)10/h4H,2H2,1H3,(H,7,8)(H,9,10)(H,11,12)/t4-/m0/s1"	N-Acetyl-aspartic acid	176.05609				1.698																																																																																																																																																																																																		
CHEBI:6775	C7H7NO3	Nc1ccc(O)c(c1)C(O)=O	"InChI=1S/C7H7NO3/c8-4-1-2-6(9)5(3-4)7(10)11/h1-3,9H,8H2,(H,10,11)"	5-Aminosalicylic Acid	154.05046				5.281																																																																																																																																																																																																		
CHEBI:180593	C6H13NO3	OC([C@@H]([C@H](N)C(O)=O)C)C	"InChI=1S/C6H13NO3/c1-3(4(2)8)5(7)6(9)10/h3-5,8H,7H2,1-2H3,(H,9,10)/t3-,4?,5-/m0/s1"	4-Hydroxyisoleucine	148.09754				1.404																																																																																																																																																																																																		
CHEBI:88522	C12H14O4	C=1C=CC(=C(C1)C(=O)OCCCC)C(=O)O	"InChI=1S/C12H14O4/c1-2-3-8-16-12(15)10-7-5-4-6-9(10)11(13)14/h4-7H,2-3,8H2,1H3,(H,13,14)"	Monobutyl phthalate	223.09748				5.861																																																																																																																																																																																																		
CHEBI:16870	C8H20NO6P	C[N+](C)(C)CCOP([O-])(=O)OC[C@H](O)CO	"InChI=1S/C8H20NO6P/c1-9(2,3)4-5-14-16(12,13)15-7-8(11)6-10/h8,10-11H,4-7H2,1-3H3/t8-/m1/s1"	Choline Glycerophosphate	258.10968				2.862																																																																																																																																																																																																		
CHEBI:18283	C12H23O14P	OC[C@H]1O[C@H](O[C@H]2O[C@H](COP(O)(O)=O)[C@@H](O)[C@H](O)[C@H]2O)[C@H](O)[C@@H](O)[C@@H]1O	"InChI=1S/C12H23O14P/c13-1-3-5(14)7(16)9(18)11(24-3)26-12-10(19)8(17)6(15)4(25-12)2-23-27(20,21)22/h3-19H,1-2H2,(H2,20,21,22)/t3-,4-,5-,6-,7+,8+,9-,10-,11-,12-/m1/s1"	Trehalose 6-phosphate	423.09157				5.197																																																																																																																																																																																																		
CHEBI:82679	C24H38O4	C[C@H](CCC(O)=O)[C@H]1CC[C@H]2[C@H]3[C@H](CC[C@]12C)[C@@]1(C)CC[C@@H](O)C[C@H]1CC3=O	"InChI=1S/C24H38O4/c1-14(4-7-21(27)28)17-5-6-18-22-19(9-11-24(17,18)3)23(2)10-8-16(25)12-15(23)13-20(22)26/h14-19,22,25H,4-13H2,1-3H3,(H,27,28)/t14-,15+,16-,17-,18+,19+,22+,23+,24-/m1/s1"	7-Ketolithocholic acid	391.28607				6.069																																																																																																																																																																																																		
CHEBI:21557	C7H13NO3S	CSCC[C@H](NC(C)=O)C(O)=O	"InChI=1S/C7H13NO3S/c1-5(9)8-6(7(10)11)3-4-12-2/h6H,3-4H2,1-2H3,(H,8,9)(H,10,11)/t6-/m0/s1"	N-Acetyl-L-methionine	192.06963				1.903																																																																																																																																																																																																		
CHEBI:16525	C26H45NO6S	[H][C@@]12C[C@H](O)CC[C@]1(C)[C@@]1([H])CC[C@]3(C)[C@]([H])(CC[C@@]3([H])[C@]1([H])[C@H](O)C2)[C@H](C)CCC(=O)NCCS(O)(=O)=O	"InChI=1S/C26H45NO6S/c1-16(4-7-23(30)27-12-13-34(31,32)33)19-5-6-20-24-21(9-11-26(19,20)3)25(2)10-8-18(28)14-17(25)15-22(24)29/h16-22,24,28-29H,4-15H2,1-3H3,(H,27,30)(H,31,32,33)/t16-,17+,18-,19-,20+,21+,22-,24+,25+,26-/m1/s1"	Taurochenodeoxycholic acid	464.28509				6.053																																																																																																																																																																																																		
CHEBI:90355	C9H6O2	OC(=O)C#CC=1C=CC=CC1	"InChI=1S/C9H6O2/c10-9(11)7-6-8-4-2-1-3-5-8/h1-5H,(H,10,11)"	Phenylpropiolic acid	147.04454				5.005																																																																																																																																																																																																		
CHEBI:89825	C10H11NO2	C1=C(C=C2C(=C1)NC=C2CCO)O	"InChI=1S/C10H11NO2/c12-4-3-7-6-11-10-2-1-8(13)5-9(7)10/h1-2,5-6,11-13H,3-4H2"	5-Hydroxytryptophol	178.087				5.445																																																																																																																																																																																																		
CHEBI:183236	C22H44NO7P	[C@](CO*)(O*)([H])COP(OCCN)(=O)O		LPE 17:1	466.2955				8.862																																																																																																																																																																																																		
CHEBI:28667	C20H32O6	CCCCC[C@H](O)\C=C\[C@H]1OC(=O)C[C@H](O)[C@@H]1C\C=C/CCCC(O)=O	"InChI=1S/C20H32O6/c1-2-3-6-9-15(21)12-13-18-16(17(22)14-20(25)26-18)10-7-4-5-8-11-19(23)24/h4,7,12-13,15-18,21-22H,2-3,5-6,8-11,14H2,1H3,(H,23,24)/b7-4-,13-12+/t15-,16-,17-,18+/m0/s1"	11-dehydro Thromboxane B2	369.22688				5.963																																																																																																																																																																																																		
CHEBI:18323	C10H16N4O3	Cn1cncc1C[C@H](NC(=O)CCN)C(O)=O	"InChI=1S/C10H16N4O3/c1-14-6-12-5-7(14)4-8(10(16)17)13-9(15)2-3-11/h5-6,8H,2-4,11H2,1H3,(H,13,15)(H,16,17)/t8-/m0/s1"	Anserine	241.12958				2.183																																																																																																																																																																																																		
CHEBI:141136	C25H24O12	O([C@@H]1[C@H](OC(=O)/C=C/C2=CC(O)=C(O)C=C2)C[C@](O)(C[C@H]1O)C(=O)O)C(=O)/C=C/C3=CC(O)=C(O)C=C3	"InChI=1S/C25H24O12/c26-15-5-1-13(9-17(15)28)3-7-21(31)36-20-12-25(35,24(33)34)11-19(30)23(20)37-22(32)8-4-14-2-6-16(27)18(29)10-14/h1-10,19-20,23,26-30,35H,11-12H2,(H,33,34)/b7-3+,8-4+/t19-,20-,23+,25-/m1/s1"	"4,5-Dicaffeoylquinic acid"	499.12384				5.68																																																																																																																																																																																																		
CHEBI:27562	C20H30O6	O[C@@H](CCCC(O)=O)\C=C/C=C/C=C/[C@H](O)C\C=C/CCCCC(O)=O	"InChI=1S/C20H30O6/c21-17(11-6-2-1-3-9-15-19(23)24)12-7-4-5-8-13-18(22)14-10-16-20(25)26/h2,4-8,12-13,17-18,21-22H,1,3,9-11,14-16H2,(H,23,24)(H,25,26)/b5-4+,6-2-,12-7+,13-8-/t17-,18-/m1/s1"	20-Carboxy-Leukotriene B4	367.21318				5.771																																																																																																																																																																																																		
CHEBI:17562	C9H13N3O5	Nc1ccn([C@@H]2O[C@H](CO)[C@@H](O)[C@H]2O)c(=O)n1	"InChI=1S/C9H13N3O5/c10-5-1-2-12(9(16)11-5)8-7(15)6(14)4(3-13)17-8/h1-2,4,6-8,13-15H,3H2,(H2,10,11,16)/t4-,6-,7-,8-/m1/s1"	Cytidine	244.09401				1.4																																																																																																																																																																																																		
CHEBI:16015	C5H9NO4	N[C@@H](CCC(O)=O)C(O)=O	"InChI=1S/C5H9NO4/c6-3(5(9)10)1-2-4(7)8/h3H,1-2,6H2,(H,7,8)(H,9,10)/t3-/m0/s1"	L-Glutamate	148.061				1.959																																																																																																																																																																																																		
CHEBI:16946	C10H12N2O3	N[C@@H](CC(=O)c1ccccc1N)C(O)=O	"InChI=1S/C10H12N2O3/c11-7-4-2-1-3-6(7)9(13)5-8(12)10(14)15/h1-4,8H,5,11-12H2,(H,14,15)/t8-/m0/s1"	L-Kynurenine	209.09312				4.182																																																																																																																																																																																																		
CHEBI:66395	C21H18O13	O[C@H]1[C@@H](O[C@@H]([C@@H](O)[C@@H]1O)C(O)=O)Oc1c(oc2cc(O)cc(O)c2c1=O)-c1ccc(O)c(O)c1	"InChI=1S/C21H18O13/c22-7-4-10(25)12-11(5-7)32-17(6-1-2-8(23)9(24)3-6)18(13(12)26)33-21-16(29)14(27)15(28)19(34-21)20(30)31/h1-5,14-16,19,21-25,27-29H,(H,30,31)/t14-,15-,16+,19-,21+/m0/s1"	Miquelianin	479.08435				5.058																																																																																																																																																																																																		
CHEBI:75095	C15H10O4	Oc1cc(O)c2c(c1)oc(cc2=O)-c1ccccc1	"InChI=1S/C15H10O4/c16-10-6-11(17)15-12(18)8-13(19-14(15)7-10)9-4-2-1-3-5-9/h1-8,16-17H"	Chrysin	255.06655				6.602																																																																																																																																																																																																		
CHEBI:190615	C13H11N3O2	O=C1N(C=2N(N=C(C2)C)C)C(=O)C=3C1=CC=CC3	"InChI=1S/C13H11N3O2/c1-8-7-11(15(2)14-8)16-12(17)9-5-3-4-6-10(9)13(16)18/h3-7H,1-2H3"	"2-(1,3-dimethyl-1H-pyrazol-5-yl)-1H-isoindole-1,3(2H)-dione"	242.09757				5.66																																																																																																																																																																																																		
CHEBI:27436	C20H30O2	[H][C@@]12CCC3=CC(=O)CC[C@]3(C)[C@@]1([H])CC[C@@]1(C)[C@@]2([H])CC[C@]1(C)O	"InChI=1S/C20H30O2/c1-18-9-6-14(21)12-13(18)4-5-15-16(18)7-10-19(2)17(15)8-11-20(19,3)22/h12,15-17,22H,4-11H2,1-3H3/t15-,16+,17+,18+,19+,20+/m1/s1"	Methyltestosterone	303.23314				6.169																																																																																																																																																																																																		
CHEBI:134510	C20H28O4	[C@@H]1(C(C=C[C@@H]1/C=C/[C@H](C/C=C\CC)O)=O)C/C=C\CCCC(=O)O	"InChI=1S/C20H28O4/c1-2-3-6-9-17(21)14-12-16-13-15-19(22)18(16)10-7-4-5-8-11-20(23)24/h3-4,6-7,12-18,21H,2,5,8-11H2,1H3,(H,23,24)/b6-3-,7-4-,14-12+/t16-,17-,18+/m0/s1"	Prostaglandin A3	333.20679				6.682																																																																																																																																																																																																		
CHEBI:1015	C6H7NO3S	Nc1ccccc1S(O)(=O)=O	"InChI=1S/C6H7NO3S/c7-5-3-1-2-4-6(5)11(8,9)10/h1-4H,7H2,(H,8,9,10)"	2-Aminobenzenesulfonic acid	174.02302				4.89																																																																																																																																																																																																		
CHEBI:17594	C6H6O2	Oc1ccc(O)cc1	"InChI=1S/C6H6O2/c7-5-1-2-6(8)4-3-5/h1-4,7-8H"	Hydroquinone	111.04462				5.815																																																																																																																																																																																																		
CHEBI:17342	C6H12N2O	N[C@H]1CCCCNC1=O	"InChI=1S/C6H12N2O/c7-5-3-1-2-4-8-6(5)9/h5H,1-4,7H2,(H,8,9)/t5-/m0/s1"	L-(-)-alpha-Amino-epsilon-Caprolactam	112.07635				4.393																																																																																																																																																																																																		
CHEBI:16054	C11H12O4	OC(=O)CC(Cc1ccccc1)C(O)=O	"InChI=1S/C11H12O4/c12-10(13)7-9(11(14)15)6-8-4-2-1-3-5-8/h1-5,9H,6-7H2,(H,12,13)(H,14,15)"	alpha-Benzylsuccinic acid	209.08187				5.959																																																																																																																																																																																																		
CHEBI:17953	C9H10N4O4	CC(O)C(=O)C1=Nc2c(NC1)[nH]c(=O)[nH]c2=O	"InChI=1S/C9H10N4O4/c1-3(14)6(15)4-2-10-7-5(11-4)8(16)13-9(17)12-7/h3,14H,2H2,1H3,(H3,10,12,13,16,17)"	Xanthopterin	180.05237				2.068																																																																																																																																																																																																		
CHEBI:141472	C11H19N3O6S	OC([C@H](CCC(N[C@H](C(NCC(O)=O)=O)CSC)=O)N)=O	"InChI=1S/C11H19N3O6S/c1-21-5-7(10(18)13-4-9(16)17)14-8(15)3-2-6(12)11(19)20/h6-7H,2-5,12H2,1H3,(H,13,18)(H,14,15)(H,16,17)(H,19,20)/t6-,7-/m0/s1"	S-(Methyl)Glutathione	322.10802				3.967																																																																																																																																																																																																		
CHEBI:72605	C16H26O3	CCCCC\C=C/C[C@@H](O)\C=C\C=C/CCC(O)=O	"InChI=1S/C16H26O3/c1-2-3-4-5-6-9-12-15(17)13-10-7-8-11-14-16(18)19/h6-10,13,15,17H,2-5,11-12,14H2,1H3,(H,18,19)/b8-7-,9-6-,13-10+/t15-/m1/s1"	Tetranor-12R-HETE	249.18585				7.028																																																																																																																																																																																																		
CHEBI:183683	C29H44O9	O[C@@]12[C@]3(C([C@@]4(C(CC3)C[C@@H](O[C@@H]5O[C@@H]([C@@H](O)[C@H](O)[C@H]5O)CO)CC4)C)CC[C@@]1([C@H](CC2)C=6COC(=O)C6)C)[H]	"InChI=1S/C29H44O9/c1-27-8-5-17(37-26-25(34)24(33)23(32)21(13-30)38-26)12-16(27)3-4-20-19(27)6-9-28(2)18(7-10-29(20,28)35)15-11-22(31)36-14-15/h11,16-21,23-26,30,32-35H,3-10,12-14H2,1-2H3/t16?,17-,18+,19?,20+,21+,23+,24-,25+,26+,27-,28+,29-/m0/s1"	"(3beta,9xi)-3-(beta-D-Glucopyranosyloxy)-14-hydroxycard-20(22)-enolide"	537.3067				6.936																																																																																																																																																																																																		
CHEBI:135772	C22H21ClN2O8	O[C@]12[C@]([C@H](N(C)C)C(=C(C1=O)C(N)=O)O)([C@@H](O)[C@]3(C(=C2O)C(=O)C4=C(C3=C)C(Cl)=CC=C4O)[H])[H]	"InChI=1S/C22H21ClN2O8/c1-6-9-7(23)4-5-8(26)11(9)16(27)12-10(6)17(28)14-15(25(2)3)18(29)13(21(24)32)20(31)22(14,33)19(12)30/h4-5,10,14-15,17,26,28-30,33H,1H2,2-3H3,(H2,24,32)/t10-,14-,15+,17+,22+/m1/s1"	Meclocycline	477.10563				5.506																																																																																																																																																																																																		
CHEBI:17650	C21H30O5	[H][C@@]12CCC3=CC(=O)CC[C@]3(C)[C@@]1([H])[C@@H](O)C[C@@]1(C)[C@@]2([H])CC[C@]1(O)C(=O)CO	"InChI=1S/C21H30O5/c1-19-7-5-13(23)9-12(19)3-4-14-15-6-8-21(26,17(25)11-22)20(15,2)10-16(24)18(14)19/h9,14-16,18,22,24,26H,3-8,10-11H2,1-2H3/t14-,15-,16-,18+,19-,20-,21-/m0/s1"	Hydrocortisone	363.21801				6.28																																																																																																																																																																																																		
CHEBI:17256	C10H13N5O3	Nc1ncnc2n(cnc12)[C@H]1C[C@H](O)[C@@H](CO)O1	"InChI=1S/C10H13N5O3/c11-9-8-10(13-3-12-9)15(4-14-8)7-1-5(17)6(2-16)18-7/h3-7,16-17H,1-2H2,(H2,11,12,13)/t5-,6+,7+/m0/s1"	2'-Deoxyadenosine	252.11035				3.937																																																																																																																																																																																																		
CHEBI:472805	C29H44O12	[H][C@@]12CC[C@]3(O)C[C@H](C[C@@H](O)[C@]3(CO)[C@@]1([H])[C@H](O)C[C@]1(C)[C@H](CC[C@]21O)C1=CC(=O)OC1)O[C@@H]1O[C@@H](C)[C@H](O)[C@@H](O)[C@H]1O	"InChI=1S/C29H44O12/c1-13-22(34)23(35)24(36)25(40-13)41-15-8-19(32)28(12-30)21-17(3-5-27(28,37)9-15)29(38)6-4-16(14-7-20(33)39-11-14)26(29,2)10-18(21)31/h7,13,15-19,21-25,30-32,34-38H,3-6,8-12H2,1-2H3/t13-,15-,16+,17+,18+,19+,21+,22-,23+,24+,25-,26+,27-,28+,29-/m0/s1"	Ouabain	567.28162				6.324																																																																																																																																																																																																		
CHEBI:53014	C8H16N2O4	N[C@@H](CCCCNCC(O)=O)C(O)=O	"InChI=1S/C8H16N2O4/c9-6(8(13)14)3-1-2-4-10-5-7(11)12/h6,10H,1-5,9H2,(H,11,12)(H,13,14)/t6-/m0/s1"	N(6)-carboxymethyl-L-lysine	225.08775				1.385																																																																																																																																																																																																		
CHEBI:42539	C14H28O3	CCCCCCCCCCC[C@@H](O)CC(O)=O	"InChI=1S/C14H28O3/c1-2-3-4-5-6-7-8-9-10-11-13(15)12-14(16)17/h13,15H,2-12H2,1H3,(H,16,17)/t13-/m1/s1"	(R)-3-Hydroxy myristic acid	262.23879				5.747																																																																																																																																																																																																		
CHEBI:89417	C25H38O8	C1[C@@]2([C@]3(CC[C@]4([C@]([C@@]3(CC[C@]2(CC(C1)=O)[H])[H])(CC[C@@H]4O[C@H]5[C@@H]([C@H]([C@@H]([C@H](O5)C(=O)O)O)O)O)[H])C)[H])C	"InChI=1S/C25H38O8/c1-24-9-7-13(26)11-12(24)3-4-14-15-5-6-17(25(15,2)10-8-16(14)24)32-23-20(29)18(27)19(28)21(33-23)22(30)31/h12,14-21,23,27-29H,3-11H2,1-2H3,(H,30,31)/t12-,14-,15-,16-,17-,18-,19-,20+,21-,23+,24-,25-/m0/s1"	5alpha-dihydrotestosterone 17-O-(beta-D-glucuronide)	467.2658				6.599																																																																																																																																																																																																		
CHEBI:228698	C16H16N2O3	CC(=NNC(=O)C1=CC(=CC=C1)OC)C2=CC=CC=C2O	"InChI=1S/C16H16N2O3/c1-11(14-8-3-4-9-15(14)19)17-18-16(20)12-6-5-7-13(10-12)21-2/h3-10,19H,1-2H3,(H,18,20)"	N'1-[1-(2-hydroxyphenyl)ethylidene]-3-methoxybenzene-1-carbohydrazide	285.12493				5.411																																																																																																																																																																																																		
CHEBI:17509	C11H15N5O3S	CSC[C@H]1O[C@H]([C@H](O)[C@@H]1O)n1cnc2c(N)ncnc12	"InChI=1S/C11H15N5O3S/c1-20-2-5-7(17)8(18)11(19-5)16-4-15-6-9(12)13-3-14-10(6)16/h3-5,7-8,11,17-18H,2H2,1H3,(H2,12,13,14)/t5-,7-,8-,11-/m1/s1"	5'-Deoxy-5'-(Methylthio)Adenosine	280.08588				5.068																																																																																																																																																																																																		
CHEBI:48707	C13H14O5	C[C@H]1OC=C2C(O)=C(C(O)=O)C(=O)C(C)=C2[C@@H]1C	"InChI=1S/C13H14O5/c1-5-7(3)18-4-8-9(5)6(2)11(14)10(12(8)15)13(16)17/h4-5,7,15H,1-3H3,(H,16,17)/t5-,7-/m1/s1"	Citrinin	251.09233				5.077																																																																																																																																																																																																		
CHEBI:183358	C11H20O7	O1[C@@H]([C@@H](O)[C@H](O)[C@@H](O)[C@@H]1OCC(O)(C)C=C)CO	"InChI=1S/C11H20O7/c1-3-11(2,16)5-17-10-9(15)8(14)7(13)6(4-12)18-10/h3,6-10,12-16H,1,4-5H2,2H3/t6-,7-,8+,9-,10-,11?/m1/s1"	2-Hydroxy-2-methyl-3-buten-1-yl beta-D-glucopyranoside	247.11303				5.618																																																																																																																																																																																																		
CHEBI:69039	C20H24O10	[C@H]1(OC=2C=3O[C@H](C(C)(C)O)CC3C=C4C2OC(=O)C=C4)[C@@H]([C@H]([C@H](O)[C@H](O1)CO)O)O	"InChI=1S/C20H24O10/c1-20(2,26)11-6-9-5-8-3-4-12(22)29-16(8)18(17(9)28-11)30-19-15(25)14(24)13(23)10(7-21)27-19/h3-5,10-11,13-15,19,21,23-26H,6-7H2,1-2H3/t10-,11+,13-,14+,15-,19+/m1/s1"	Rutarin	447.12867				5.669																																																																																																																																																																																																		
CHEBI:36005	C22H32O2			Docosahexaenoic acid	329.24884				6.809																																																																																																																																																																																																		
CHEBI:32243	C14H12ClNO2	Cc1c(Cl)cccc1Nc1ccccc1C(O)=O	"InChI=1S/C14H12ClNO2/c1-9-11(15)6-4-8-12(9)16-13-7-3-2-5-10(13)14(17)18/h2-8,16H,1H3,(H,17,18)"	2-(3-chloro-2-methylanilino)benzoic acid	262.06423				6.11																																																																																																																																																																																																		
CHEBI:80581	C23H27NO9	CN1CC[C@@]23[C@H]4Oc5c2c(C[C@@H]1[C@@H]3C=C[C@@H]4O[C@@H]1O[C@@H]([C@@H](O)[C@H](O)[C@H]1O)C(O)=O)ccc5O	"InChI=1S/C23H27NO9/c1-24-7-6-23-10-3-5-13(31-22-17(28)15(26)16(27)19(33-22)21(29)30)20(23)32-18-12(25)4-2-9(14(18)23)8-11(10)24/h2-5,10-11,13,15-17,19-20,22,25-28H,6-8H2,1H3,(H,29,30)/t10-,11+,13-,15-,16-,17+,19-,20-,22+,23-/m0/s1"	Morphine 6-beta-D-glucuronide	462.17805				4.56																																																																																																																																																																																																		
CHEBI:16002	C6H10O8	O[C@@H]([C@H](O)[C@@H](O)C(O)=O)[C@H](O)C(O)=O	"InChI=1S/C6H10O8/c7-1(3(9)5(11)12)2(8)4(10)6(13)14/h1-4,7-10H,(H,11,12)(H,13,14)/t1-,2-,3-,4+/m0/s1"	D-Glucarate	211.04547				11.465																																																																																																																																																																																																		
CHEBI:74750	C14H18N2O3	N[C@@H](Cc1ccccc1)C(=O)N1CCC[C@H]1C(O)=O	"InChI=1S/C14H18N2O3/c15-11(9-10-5-2-1-3-6-10)13(17)16-8-4-7-12(16)14(18)19/h1-3,5-6,11-12H,4,7-9,15H2,(H,18,19)/t11-,12-/m0/s1"	Phe-Pro	263.14029				5.876																																																																																																																																																																																																		
CHEBI:143265	C8H17NO2	OC(=O)CCCCCCCN	"InChI=1S/C8H17NO2/c9-7-5-3-1-2-4-6-8(10)11/h1-7,9H2,(H,10,11)"	8-Aminooctanoic acid	357.21426				5.067																																																																																																																																																																																																		
CHEBI:28158	C20H34O6	CCCCC[C@H](O)\C=C\[C@H]1[C@H](O)C[C@H](O)[C@@H]1CC(=O)CCCCC(O)=O	"InChI=1S/C20H34O6/c1-2-3-4-7-14(21)10-11-16-17(19(24)13-18(16)23)12-15(22)8-5-6-9-20(25)26/h10-11,14,16-19,21,23-24H,2-9,12-13H2,1H3,(H,25,26)/b11-10+/t14-,16+,17+,18+,19-/m0/s1"	6-Keto-prostaglandin f1alpha	371.24112				6.612																																																																																																																																																																																																		
CHEBI:177788	C27H40O8	O=C(C1C2(C(C3C(C4(C(CC3)=CC(=O)CC4)C)CC2)CC1)C)COC5OC(C(O)C(O)C5O)CO	"InChI=1S/C27H40O8/c1-26-9-7-15(29)11-14(26)3-4-16-17-5-6-19(27(17,2)10-8-18(16)26)20(30)13-34-25-24(33)23(32)22(31)21(12-28)35-25/h11,16-19,21-25,28,31-33H,3-10,12-13H2,1-2H3"	Deoxycorticosterone 21-glucoside	493.28098				6.669																																																																																																																																																																																																		
				"N,5-Bis(3-nitrophenyl)oxazol-2-amine"	327.06992				3.516																																																																																																																																																																																																		
CHEBI:12777	C20H28O			Vitamin A	287.23806				6.649																																																																																																																																																																																																		
CHEBI:17713	C10H14N5O6P	Nc1ncnc2n(cnc12)[C@H]1C[C@H](O)[C@@H](COP(O)(O)=O)O1	"InChI=1S/C10H14N5O6P/c11-9-8-10(13-3-12-9)15(4-14-8)7-1-5(16)6(21-7)2-20-22(17,18)19/h3-7,16H,1-2H2,(H2,11,12,13)(H2,17,18,19)/t5-,6+,7+/m0/s1"	dAMP	332.07563				4.949																																																																																																																																																																																																		
CHEBI:16450	C9H12N2O5	OC[C@H]1O[C@H](C[C@@H]1O)n1ccc(=O)[nH]c1=O	"InChI=1S/C9H12N2O5/c12-4-6-5(13)3-8(16-6)11-2-1-7(14)10-9(11)15/h1-2,5-6,8,12-13H,3-4H2,(H,10,14,15)/t5-,6+,8+/m0/s1"	2-Deoxyuridine	229.08287				1.613																																																																																																																																																																																																		
CHEBI:21264	C13H22N4O8S2	N[C@@H](CCC(=O)N[C@@H](CSSC[C@H](N)C(O)=O)C(=O)NCC(O)=O)C(O)=O	"InChI=1S/C13H22N4O8S2/c14-6(12(22)23)1-2-9(18)17-8(11(21)16-3-10(19)20)5-27-26-4-7(15)13(24)25/h6-8H,1-5,14-15H2,(H,16,21)(H,17,18)(H,19,20)(H,22,23)(H,24,25)/t6-,7-,8-/m0/s1"	L-cysteine glutathione disulfide	427.09658				1.377																																																																																																																																																																																																		
CHEBI:73713	C11H20O4	OC(=O)CCCCCCCCCC(O)=O	"InChI=1S/C11H20O4/c12-10(13)8-6-4-2-1-3-5-7-9-11(14)15/h1-9H2,(H,12,13)(H,14,15)"	Undecanedioic acid	217.14449				6.019																																																																																																																																																																																																		
CHEBI:17482	C7H14N2O4S	N[C@@H](CCSC[C@H](N)C(O)=O)C(O)=O	"InChI=1S/C7H14N2O4S/c8-4(6(10)11)1-2-14-3-5(9)7(12)13/h4-5H,1-3,8-9H2,(H,10,11)(H,12,13)/t4-,5-/m0/s1"	L-Cystathionine	223.07207				2.244																																																																																																																																																																																																		
CHEBI:183733	C8H8N2	N1C=2C(=C(N)C=CC2)C=C1	"InChI=1S/C8H8N2/c9-7-2-1-3-8-6(7)4-5-10-8/h1-5,10H,9H2"	4-Aminoindole	133.07679				5.412																																																																																																																																																																																																		
CHEBI:73026	C12H23NO4	CCC(C)C(=O)OC(CC([O-])=O)C[N+](C)(C)C	"InChI=1S/C12H23NO4/c1-6-9(2)12(16)17-10(7-11(14)15)8-13(3,4)5/h9-10H,6-8H2,1-5H3"	2-Methylbutyroylcarnitine	246.17015				5.569																																																																																																																																																																																																		
CHEBI:25013	C6H12N2O4S	NC(CSCC(N)C(O)=O)C(O)=O	"InChI=1S/C6H12N2O4S/c7-3(5(9)10)1-13-2-4(8)6(11)12/h3-4H,1-2,7-8H2,(H,9,10)(H,11,12)"	Dl-Lanthionine	209.05982				5.574																																																																																																																																																																																																		
CHEBI:228699	C16H11ClN2O2	C1OC2=C(O1)C=C(C=C2)NC3=C4C=CC(=CC4=NC=C3)Cl	"InChI=1S/C16H11ClN2O2/c17-10-1-3-12-13(5-6-18-14(12)7-10)19-11-2-4-15-16(8-11)21-9-20-15/h1-8H,9H2,(H,18,19)"	"N-(1,3-benzodioxol-5-yl)-7-chloroquinolin-4-amine"	299.05625				6.171																																																																																																																																																																																																		
CHEBI:45996	C10H14N2O6	Cc1cn([C@@H]2O[C@H](CO)[C@@H](O)[C@H]2O)c(=O)[nH]c1=O	"InChI=1S/C10H14N2O6/c1-4-2-12(10(17)11-8(4)16)9-7(15)6(14)5(3-13)18-9/h2,5-7,9,13-15H,3H2,1H3,(H,11,16,17)/t5-,6-,7-,9-/m1/s1"	5-Methyluridine	259.09345				4.795																																																																																																																																																																																																		
CHEBI:192595	C9H15N3O5	O=C1N(CCN1)CCNC(=O)COCC(O)=O	"InChI=1S/C9H15N3O5/c13-7(5-17-6-8(14)15)10-1-3-12-4-2-11-9(12)16/h1-6H2,(H,10,13)(H,11,16)(H,14,15)"	2-(2-oxo-2-{[2-(2-oxo-1-imidazolidinyl)ethyl]amino}ethoxy)acetic acid	246.10933				6.196																																																																																																																																																																																																		
CHEBI:183695	C14H12F3N3O3	FC(F)(F)C1=CC=C(C=C1)C(=O)NNC(=O)C2=C(ON=C2C)C	"InChI=1S/C14H12F3N3O3/c1-7-11(8(2)23-20-7)13(22)19-18-12(21)9-3-5-10(6-4-9)14(15,16)17/h3-6H,1-2H3,(H,18,21)(H,19,22)"	"3,5-dimethyl-N'-[4-(trifluoromethyl)benzoyl]isoxazole-4-carbohydrazide"	328.08667				5.588																																																																																																																																																																																																		
CHEBI:19062	C11H16N5O5+	Cn1c(N)nc2n(cnc2c1=O)[C@@H]1O[C@H](CO)[C@@H](O)[C@H]1O	"InChI=1S/C11H15N5O5/c1-15-9(20)5-8(14-11(15)12)16(3-13-5)10-7(19)6(18)4(2-17)21-10/h3-4,6-7,10,17-19H,2H2,1H3,(H2,12,14)/t4-,6-,7-,10-/m1/s1"	1-Methylguanosine	298.11558				1.417																																																																																																																																																																																																		
CHEBI:16436	C14H26N4O11P2	C[N+](C)(C)CCOP([O-])(=O)OP(O)(=O)OC[C@H]1O[C@H]([C@H](O)[C@@H]1O)n1ccc(N)nc1=O	"InChI=1S/C14H26N4O11P2/c1-18(2,3)6-7-26-30(22,23)29-31(24,25)27-8-9-11(19)12(20)13(28-9)17-5-4-10(15)16-14(17)21/h4-5,9,11-13,19-20H,6-8H2,1-3H3,(H3-,15,16,21,22,23,24,25)/t9-,11-,12-,13-/m1/s1"	Citicoline	489.11537				5.637																																																																																																																																																																																																		
CHEBI:5390	C10H16N2O7	N[C@@H](CCC(O)=O)C(=O)N[C@@H](CCC(O)=O)C(O)=O	"InChI=1S/C10H16N2O7/c11-5(1-3-7(13)14)9(17)12-6(10(18)19)2-4-8(15)16/h5-6H,1-4,11H2,(H,12,17)(H,13,14)(H,15,16)(H,18,19)/t5-,6-/m0/s1"	Glu-Glu	277.10425				1.621																																																																																																																																																																																																		
CHEBI:15694	C13H21N3O8S	C[C@@H](O)C(=O)SC[C@H](NC(=O)CC[C@H](N)C(O)=O)C(=O)NCC(O)=O	"InChI=1S/C13H21N3O8S/c1-6(17)13(24)25-5-8(11(21)15-4-10(19)20)16-9(18)3-2-7(14)12(22)23/h6-8,17H,2-5,14H2,1H3,(H,15,21)(H,16,18)(H,19,20)(H,22,23)/t6-,7+,8+/m1/s1"	(R)-S-lactoylglutathione	380.11364				4.669																																																																																																																																																																																																		
CHEBI:30853	C30H46O4	[H][C@@]12C[C@](C)(CC[C@]1(C)CC[C@]1(C)C2=CC(=O)[C@]2([H])[C@@]3(C)CC[C@H](O)C(C)(C)[C@]3([H])CC[C@@]12C)C(O)=O	"InChI=1S/C30H46O4/c1-25(2)21-8-11-30(7)23(28(21,5)10-9-22(25)32)20(31)16-18-19-17-27(4,24(33)34)13-12-26(19,3)14-15-29(18,30)6/h16,19,21-23,32H,8-15,17H2,1-7H3,(H,33,34)/t19-,21-,22-,23+,26+,27-,28-,29+,30+/m0/s1"	18-beta-Glycyrrhetinic acid	471.34938				7.302																																																																																																																																																																																																		
CHEBI:53486	C20H34O2	CCCCC\C=C/C\C=C/C\C=C/CCCCCCC(O)=O	"InChI=1S/C20H34O2/c1-2-3-4-5-6-7-8-9-10-11-12-13-14-15-16-17-18-19-20(21)22/h6-7,9-10,12-13H,2-5,8,11,14-19H2,1H3,(H,21,22)/b7-6-,10-9-,13-12-"	"8Z,11Z,14Z-Eicosatrienoic acid"	307.26489				6.382																																																																																																																																																																																																		
CHEBI:17211	C10H20O7P2	CC(C)=CCC\C(C)=C\COP(O)(=O)OP(O)(O)=O	"InChI=1S/C10H20O7P2/c1-9(2)5-4-6-10(3)7-8-16-19(14,15)17-18(11,12)13/h5,7H,4,6,8H2,1-3H3,(H,14,15)(H2,11,12,13)/b10-7+"	geranyl pyrophosphate	315.0754				5.749																																																																																																																																																																																																		
CHEBI:183398	C22H23NO4	O=C(C=1C=2C(N(CCCCC(O)=O)C1)=CC=CC2)CC=3C(OC)=CC=CC3	"InChI=1S/C22H23NO4/c1-27-21-11-5-2-8-16(21)14-20(24)18-15-23(13-7-6-12-22(25)26)19-10-4-3-9-17(18)19/h2-5,8-11,15H,6-7,12-14H2,1H3,(H,25,26)"	JWH 250 N-pentanoic acid metabolite	366.17444				6.827																																																																																																																																																																																																		
CHEBI:39867	C8H16O2	CCCC(CCC)C(O)=O	"InChI=1S/C8H16O2/c1-3-5-7(6-4-2)8(9)10/h7H,3-6H2,1-2H3,(H,9,10)"	Valproic acid	145.12292				5.887																																																																																																																																																																																																		
CHEBI:228700	C18H18ClN3O3	C1CCNC(=O)C(C1)NC(=O)C2=C(N=CC=C2)OC3=CC=C(C=C3)Cl	"InChI=1S/C18H18ClN3O3/c19-12-6-8-13(9-7-12)25-18-14(4-3-11-21-18)16(23)22-15-5-1-2-10-20-17(15)24/h3-4,6-9,11,15H,1-2,5,10H2,(H,20,24)(H,22,23)"	2-(4-chlorophenoxy)-N-(2-oxo-3-azepanyl)nicotinamide	360.10938				5.151																																																																																																																																																																																																		
CHEBI:7125	C8H16NO9P	CC(=O)N[C@@H]1[C@@H](O)[C@H](O)[C@@H](CO)OC1OP(O)(O)=O	"InChI=1S/C8H16NO9P/c1-3(11)9-5-7(13)6(12)4(2-10)17-8(5)18-19(14,15)16/h4-8,10,12-13H,2H2,1H3,(H,9,11)(H2,14,15,16)/t4-,5-,6-,7-,8?/m1/s1"	N-Acetylglucosamine 1-phosphate	302.0625				1.493																																																																																																																																																																																																		
				10-Nitrolinoleate	348.21622				8.577																																																																																																																																																																																																		
CHEBI:16761	C10H15N5O10P2	Nc1ncnc2n(cnc12)[C@@H]1O[C@H](COP(O)(=O)OP(O)(O)=O)[C@@H](O)[C@H]1O	"InChI=1S/C10H15N5O10P2/c11-8-5-9(13-2-12-8)15(3-14-5)10-7(17)6(16)4(24-10)1-23-27(21,22)25-26(18,19)20/h2-4,6-7,10,16-17H,1H2,(H,21,22)(H2,11,12,13)(H2,18,19,20)/t4-,6-,7-,10-/m1/s1"	Adenosine diphosphate (ADP)	428.03885				4.605																																																																																																																																																																																																		
CHEBI:190655	C11H9F3N4	FC(F)(F)C=1C=CC(=NC1)C2=NC(=C(N=N2)C)C	"InChI=1S/C11H9F3N4/c1-6-7(2)17-18-10(16-6)9-4-3-8(5-15-9)11(12,13)14/h3-5H,1-2H3"	"5,6-dimethyl-3-[5-(trifluoromethyl)pyridin-2-yl]-1,2,4-triazine"	255.08568				5.514																																																																																																																																																																																																		
CHEBI:28835	C25H36O8	[H][C@@]12CCC3=CC(=O)CC[C@]3(C)[C@@]1([H])CC[C@]1(C)[C@H](CC[C@@]21[H])O[C@@H]1O[C@@H]([C@@H](O)[C@H](O)[C@H]1O)C(O)=O	"InChI=1S/C25H36O8/c1-24-9-7-13(26)11-12(24)3-4-14-15-5-6-17(25(15,2)10-8-16(14)24)32-23-20(29)18(27)19(28)21(33-23)22(30)31/h11,14-21,23,27-29H,3-10H2,1-2H3,(H,30,31)/t14-,15-,16-,17-,18-,19-,20+,21-,23+,24-,25-/m0/s1"	Testosterone glucuronide	465.24783				7.455																																																																																																																																																																																																		
CHEBI:72387	C23H47NO7P	[NH3+]CCOP([O-])(=O)OC[C@@H](CO[*])O[*]		LPE 18:0	482.32699				10																																																																																																																																																																																																		
CHEBI:27407	C10H9N5O	C(Nc1ncnc2nc[nH]c12)c1ccco1	"InChI=1S/C10H9N5O/c1-2-7(16-3-1)4-11-9-8-10(13-5-12-8)15-6-14-9/h1-3,5-6H,4H2,(H2,11,12,13,14,15)"	Kinetin	238.06995				4.967																																																																																																																																																																																																		
