database_identifier	chemical_formula	smiles	inchi	metabolite_identification	mass_to_charge	fragmentation	modifications	charge	retention_time	taxid	species	database	database_version	reliability	uri	search_engine	search_engine_score	smallmolecule_abundance_sub	smallmolecule_abundance_stdev_sub	smallmolecule_abundance_std_error_sub	AD1	AD10	AD11	AD12	AD13	AD14	AD15	AD16	AD17	AD18	AD19	AD2	AD20	AD21	AD22	AD23	AD24	AD25	AD26	AD27	AD28	AD29	AD3	AD30	AD31	AD32	AD33	AD34	AD35	AD36	AD37	AD38	AD39	AD4	AD40	AD41	AD42	AD43	AD44	AD45	AD46	AD47	AD48	AD49	AD5	AD50	AD51	AD52	AD53	AD54	AD55	AD56	AD57	AD6	AD7	AD8	AD9	CN1	CN10	CN11	CN12	CN13	CN14	CN15	CN16	CN17	CN18	CN19	CN2	CN20	CN21	CN22	CN23	CN24	CN25	CN26	CN27	CN28	CN29	CN3	CN30	CN31	CN32	CN33	CN34	CN35	CN36	CN37	CN38	CN39	CN4	CN40	CN41	CN42	CN43	CN44	CN45	CN46	CN47	CN48	CN49	CN5	CN50	CN51	CN52	CN53	CN54	CN55	CN56	CN57	CN58	CN59	CN6	CN60	CN61	CN62	CN7	CN8	CN9	MCI1	MCI10	MCI11	MCI12	MCI13	MCI14	MCI15	MCI16	MCI17	MCI18	MCI19	MCI2	MCI20	MCI21	MCI22	MCI23	MCI24	MCI25	MCI26	MCI27	MCI28	MCI29	MCI3	MCI30	MCI31	MCI32	MCI33	MCI34	MCI35	MCI36	MCI37	MCI38	MCI39	MCI4	MCI40	MCI41	MCI42	MCI43	MCI5	MCI6	MCI7	MCI8	MCI9	Blank	QC1	QC2	QC3	QC4	QC5	QC6	QC7	QC8	QC9	QC10	QC11	QC12	QC13	QC14	QC15	QC16	QC17	QC_ddMS2-100-510	QC_ddMS2-500-1010	QC_ddMS2-1000-1500
CHEBI:43355	C8H7NO4S	OS(=O)(=O)Oc1c[nH]c2ccccc12	"InChI=1S/C8H7NO4S/c10-14(11,12)13-8-5-9-7-4-2-1-3-6(7)8/h1-5,9H,(H,10,11,12)"	3-Indoxyl sulphate	212.00281				5.169																																																																																																																																																																																																		
CHEBI:15671	C4H6O6	O[C@H]([C@@H](O)C(O)=O)C(O)=O	"InChI=1S/C4H6O6/c5-1(3(7)8)2(6)4(9)10/h1-2,5-6H,(H,7,8)(H,9,10)/t1-,2-/m1/s1"	L-(+)-Tartaric acid	149.0089				1.354																																																																																																																																																																																																		
CHEBI:15908	C4H8O5	OC[C@H](O)[C@@H](O)C(O)=O	"InChI=1S/C4H8O5/c5-1-2(6)3(7)4(8)9/h2-3,5-7H,1H2,(H,8,9)/t2-,3+/m0/s1"	L-Threonic acid	135.02956				1.323																																																																																																																																																																																																		
CHEBI:24266	C6H12O7			Gluconic acid	195.05141				1.306																																																																																																																																																																																																		
CHEBI:17521	C7H12O6	O[C@@H]1C[C@@](O)(C[C@@H](O)[C@H]1O)C(O)=O	"InChI=1S/C7H12O6/c8-3-1-7(13,6(11)12)2-4(9)5(3)10/h3-5,8-10,13H,1-2H2,(H,11,12)/t3-,4-,5-,7+/m1/s1"	D-(-)-Quinic acid	191.05644				1.369																																																																																																																																																																																																		
CHEBI:28635	C7H12O5	C(C(=O)O)C(C(=O)O)(O)C(C)C	"InChI=1S/C7H12O5/c1-4(2)7(12,6(10)11)3-5(8)9/h4,12H,3H2,1-2H3,(H,8,9)(H,10,11)"	2-Isopropylmalic acid	175.06152				5.399																																																																																																																																																																																																		
CHEBI:30746	C7H6O2	OC(=O)c1ccccc1	"InChI=1S/C7H6O2/c8-7(9)6-4-2-1-3-5-6/h1-5H,(H,8,9)"	Benzoic acid	121.02917				5.243																																																																																																																																																																																																		
CHEBI:104011	C9H10N2O3	Nc1ccc(cc1)C(=O)NCC(O)=O	"InChI=1S/C9H10N2O3/c10-7-3-1-6(2-4-7)9(14)11-5-8(12)13/h1-4H,5,10H2,(H,11,14)(H,12,13)"	4-Aminohippuric acid	193.06232				5.002																																																																																																																																																																																																		
CHEBI:9300	C8H14O4	OC(=O)CCCCCCC(O)=O	"InChI=1S/C8H14O4/c9-7(10)5-3-1-2-4-6-8(11)12/h1-6H2,(H,9,10)(H,11,12)"	Suberic acid	173.08207				5.648																																																																																																																																																																																																		
CHEBI:35012	C4H6O4S	OC(=O)CSCC(O)=O	"InChI=1S/C4H6O4S/c5-3(6)1-9-2-4(7)8/h1-2H2,(H,5,6)(H,7,8)"	Thiodiglycolic acid	148.99127				3.087																																																																																																																																																																																																		
CHEBI:68552	C10H11NO3	Cc1ccc(cc1)C(=O)NCC(O)=O	"InChI=1S/C10H11NO3/c1-7-2-4-8(5-3-7)10(14)11-6-9(12)13/h2-5H,6H2,1H3,(H,11,14)(H,12,13)"	4-Methylhippuric acid	192.06691				5.566																																																																																																																																																																																																		
CHEBI:17802	C9H12N2O6	OC[C@H]1O[C@H]([C@H](O)[C@@H]1O)c1c[nH]c(=O)[nH]c1=O	"InChI=1S/C9H12N2O6/c12-2-4-5(13)6(14)7(17-4)3-1-10-9(16)11-8(3)15/h1,4-7,12-14H,2H2,(H2,10,11,15,16)/t4-,5-,6-,7+/m1/s1"	Pseudouridine	243.06307				1.71																																																																																																																																																																																																		
CHEBI:40813	C8H8O3	COc1ccc(cc1)C(O)=O	"InChI=1S/C8H8O3/c1-11-7-4-2-6(3-5-7)8(9)10/h2-5H,1H3,(H,9,10)"	4-Anisic acid	151.04027				5.749																																																																																																																																																																																																		
CHEBI:18135	C6H6O2	Oc1ccccc1O	"InChI=1S/C6H6O2/c7-5-3-1-2-4-6(5)8/h1-4,7-8H"	Catechol	109.02905				4.59																																																																																																																																																																																																		
CHEBI:16002	C6H10O8	O[C@@H]([C@H](O)[C@@H](O)C(O)=O)[C@H](O)C(O)=O	"InChI=1S/C6H10O8/c7-1(3(9)5(11)12)2(8)4(10)6(13)14/h1-4,7-10H,(H,11,12)(H,13,14)/t1-,2-,3-,4+/m0/s1"	D-Saccharic acid	209.03077				1.311																																																																																																																																																																																																		
CHEBI:42094				"2,4-Dihydroxybenzoic acid"	153.0192				5.004																																																																																																																																																																																																		
CHEBI:16217	C6H10O6	OC[C@H]1OC(=O)[C@H](O)[C@@H](O)[C@@H]1O	"InChI=1S/C6H10O6/c7-1-2-3(8)4(9)5(10)6(11)12-2/h2-5,7-10H,1H2/t2-,3-,4+,5-/m1/s1"	"D-glucono-1,5-lactone"	177.04063				1.366																																																																																																																																																																																																		
CHEBI:17626	C5H6O4	C\C(=C\C(O)=O)C(O)=O	"InChI=1S/C5H6O4/c1-3(5(8)9)2-4(6)7/h2H,1H3,(H,6,7)(H,8,9)/b3-2-"	Citraconic acid	129.01896				2.89																																																																																																																																																																																																		
CHEBI:30860	C4H6O4	CC(C(O)=O)C(O)=O	"InChI=1S/C4H6O4/c1-2(3(5)6)4(7)8/h2H,1H3,(H,5,6)(H,7,8)"	Methylmalonic acid	117.01892				1.554																																																																																																																																																																																																		
CHEBI:68566	C6H10O4	CC(CC(O)=O)CC(O)=O	"InChI=1S/C6H10O4/c1-4(2-5(7)8)3-6(9)10/h4H,2-3H2,1H3,(H,7,8)(H,9,10)"	3-Methylglutaric acid	145.0503				5.219																																																																																																																																																																																																		
CHEBI:18243	C8H11NO2	NCCc1ccc(O)c(O)c1	"InChI=1S/C8H11NO2/c9-4-3-6-1-2-7(10)8(11)5-6/h1-2,5,10-11H,3-4,9H2"	Dopamine	152.07156				2.579																																																																																																																																																																																																		
CHEBI:21547	C6H9NO5	CC(=O)N[C@@H](CC(O)=O)C(O)=O	"InChI=1S/C6H9NO5/c1-3(8)7-4(6(11)12)2-5(9)10/h4H,2H2,1H3,(H,7,8)(H,9,10)(H,11,12)/t4-/m0/s1"	N-Acetylaspartic acid	174.04074				1.502																																																																																																																																																																																																		
CHEBI:17549	C5H9NO3	NCC(=O)CCC(O)=O	"InChI=1S/C5H9NO3/c6-3-4(7)1-2-5(8)9/h1-3,6H2,(H,8,9)"	5-Aminolevulinic acid	130.05053				2.186																																																																																																																																																																																																		
CHEBI:40992	C5H9NO3	C[C@H](NC(C)=O)C(O)=O	"InChI=1S/C5H9NO3/c1-3(5(8)9)6-4(2)7/h3H,1-2H3,(H,6,7)(H,8,9)/t3-/m0/s1"	N-Acetylalanine	130.05063				2.679																																																																																																																																																																																																		
CHEBI:89810	C9H9NO4	CC(=O)NC1=CC=C(O)C(=C1)C(O)=O	"InChI=1S/C9H9NO4/c1-5(11)10-6-2-3-8(12)7(4-6)9(13)14/h2-4,12H,1H3,(H,10,11)(H,13,14)"	N-Acetyl-5-aminosalicylic acid	194.04634				5.915																																																																																																																																																																																																		
CHEBI:16899	C6H14O6	OC[C@@H](O)[C@@H](O)[C@H](O)[C@H](O)CO	"InChI=1S/C6H14O6/c7-1-3(9)5(11)6(12)4(10)2-8/h3-12H,1-2H2/t3-,4-,5-,6-/m1/s1"	D-(-)-Mannitol	181.072				0.082																																																																																																																																																																																																		
CHEBI:86542	C6H12O3	CCCCC(O)C(O)=O	"InChI=1S/C6H12O3/c1-2-3-4-5(7)6(8)9/h5,7H,2-4H2,1H3,(H,8,9)"	2-Hydroxycaproic acid	131.07092				5.279																																																																																																																																																																																																		
CHEBI:18026	C7H6O4	OC(=O)c1cccc(O)c1O	"InChI=1S/C7H6O4/c8-5-3-1-2-4(6(5)9)7(10)11/h1-3,8-9H,(H,10,11)"	"2,3-Dihydroxybenzoic acid"	153.01942				2.089																																																																																																																																																																																																		
CHEBI:28834	C24H40O4	[H][C@]12CC[C@@]3([H])[C@]4([H])CC[C@]([H])([C@H](C)CCC(O)=O)[C@@]4(C)[C@@H](O)C[C@]3([H])[C@@]1(C)CC[C@@H](O)C2	"InChI=1S/C24H40O4/c1-14(4-9-22(27)28)18-7-8-19-17-6-5-15-12-16(25)10-11-23(15,2)20(17)13-21(26)24(18,19)3/h14-21,25-26H,4-13H2,1-3H3,(H,27,28)/t14-,15-,16-,17+,18-,19+,20+,21+,23+,24-/m1/s1"	Deoxycholic acid	391.28568				7.942																																																																																																																																																																																																		
CHEBI:16300	C5H11O8P	OC[C@H]1O[C@H](OP(O)(O)=O)[C@H](O)[C@@H]1O	"InChI=1S/C5H11O8P/c6-1-2-3(7)4(8)5(12-2)13-14(9,10)11/h2-8H,1H2,(H2,9,10,11)/t2-,3-,4-,5-/m1/s1"	D-Ribose-1-phosphate	211.0021				1.296																																																																																																																																																																																																		
CHEBI:45630	C5H8O3	CC(=O)CCC(O)=O	"InChI=1S/C5H8O3/c1-4(6)2-3-5(7)8/h2-3H2,1H3,(H,7,8)"	Levulinic acid	115.03956				4.596																																																																																																																																																																																																		
CHEBI:36062	C7H6O4	C(=O)(C1=CC(=C(C=C1)O)O)O	"InChI=1S/C7H6O4/c8-5-2-1-4(7(10)11)3-6(5)9/h1-3,8-9H,(H,10,11)"	Protocatechuic acid	153.01947				1.631																																																																																																																																																																																																		
CHEBI:17775	C5H4N4O3	O=c1[nH]c2[nH]c(=O)[nH]c(=O)c2[nH]1	"InChI=1S/C5H4N4O3/c10-3-1-2(7-4(11)6-1)8-5(12)9-3/h(H4,6,7,8,9,10,11,12)"	Uric acid	167.02108				1.448																																																																																																																																																																																																		
CHEBI:70959	C7H11N3O2	Cn1cncc1CC(N)C(O)=O	"InChI=1S/C7H11N3O2/c1-10-4-9-3-5(10)2-6(8)7(11)12/h3-4,6H,2,8H2,1H3,(H,11,12)"	3-Methylhistidine	168.07813				1.239																																																																																																																																																																																																		
CHEBI:169985	C7H13NO3	OC(=O)C(NC(=O)C)C(C)C	"InChI=1S/C7H13NO3/c1-4(2)6(7(10)11)8-5(3)9/h4,6H,1-3H3,(H,8,9)(H,10,11)"	N-Acetylvaline	158.08213				4.969																																																																																																																																																																																																		
CHEBI:17895	C9H11NO3	N[C@@H](Cc1ccc(O)cc1)C(O)=O	"InChI=1S/C9H11NO3/c10-8(9(12)13)5-6-1-3-7(11)4-2-6/h1-4,8,11H,5,10H2,(H,12,13)/t8-/m0/s1"	L-Tyrosine	180.06678				2.504																																																																																																																																																																																																		
CHEBI:15971	C6H9N3O2	N[C@@H](Cc1c[nH]cn1)C(O)=O	"InChI=1S/C6H9N3O2/c7-5(6(10)11)1-4-2-8-3-9-4/h2-3,5H,1,7H2,(H,8,9)(H,10,11)/t5-/m0/s1"	L-Histidine	154.0623				1.239																																																																																																																																																																																																		
CHEBI:30769	C6H8O7	OC(=O)CC(O)(CC(O)=O)C(O)=O	"InChI=1S/C6H8O7/c7-3(8)1-6(13,5(11)12)2-4(9)10/h13H,1-2H2,(H,7,8)(H,9,10)(H,11,12)"	Citric acid	191.01988				1.522																																																																																																																																																																																																		
CHEBI:16168	C6H5NO3	OC(=O)C1=CC=C(O)N=C1	"InChI=1S/C6H5NO3/c8-5-2-1-4(3-7-5)6(9)10/h1-3H,(H,7,8)(H,9,10)"	6-Hydroxynicotinic acid	138.01955				2.04																																																																																																																																																																																																		
CHEBI:32636	C14H17NO8	CC(=O)Nc1ccc(O[C@@H]2O[C@@H]([C@@H](O)[C@H](O)[C@H]2O)C(O)=O)cc1	"InChI=1S/C14H17NO8/c1-6(16)15-7-2-4-8(5-3-7)22-14-11(19)9(17)10(18)12(23-14)13(20)21/h2-5,9-12,14,17-19H,1H3,(H,15,16)(H,20,21)/t9-,10-,11+,12-,14+/m0/s1"	Acetaminophen glucuronide	326.08962				4																																																																																																																																																																																																		
CHEBI:10072	C10H7NO4	OC(=O)c1cc(O)c2cccc(O)c2n1	"InChI=1S/C10H7NO4/c12-7-3-1-2-5-8(13)4-6(10(14)15)11-9(5)7/h1-4,12H,(H,11,13)(H,14,15)"	Xanthurenic acid	204.03098				5.106																																																																																																																																																																																																		
CHEBI:172431	C7H11NO5	OC(=O)C(NC(=O)C)CCC(O)=O	"InChI=1S/C7H11NO5/c1-4(9)8-5(7(12)13)2-3-6(10)11/h5H,2-3H2,1H3,(H,8,9)(H,10,11)(H,12,13)"	N-Acetyl-DL-glutamic acid	188.05661				1.792																																																																																																																																																																																																		
CHEBI:32806	C6H6O6	OC(=O)C\C(=C/C(O)=O)C(O)=O	"InChI=1S/C6H6O6/c7-4(8)1-3(6(11)12)2-5(9)10/h1H,2H2,(H,7,8)(H,9,10)(H,11,12)/b3-1+"	trans-Aconitic acid	173.00923				1.543																																																																																																																																																																																																		
CHEBI:15714	C11H12O5	COc1cc(cc(OC)c1O)\C=C\C(O)=O	"InChI=1S/C11H12O5/c1-15-8-5-7(3-4-10(12)13)6-9(16-2)11(8)14/h3-6,14H,1-2H3,(H,12,13)/b4-3+"	Sinapinic acid	223.06196				5.162																																																																																																																																																																																																		
CHEBI:15765	C9H11NO4	N[C@@H](Cc1ccc(O)c(O)c1)C(O)=O	"InChI=1S/C9H11NO4/c10-6(9(13)14)3-5-1-2-7(11)8(12)4-5/h1-2,4,6,11-12H,3,10H2,(H,13,14)/t6-/m0/s1"	L-Dopa	196.06213				4.926																																																																																																																																																																																																		
CHEBI:16600	C5H6O4	C\C(=C/C(O)=O)C(O)=O	"InChI=1S/C5H6O4/c1-3(5(8)9)2-4(6)7/h2H,1H3,(H,6,7)(H,8,9)/b3-2+"	Mesaconic acid	129.01886				3.422																																																																																																																																																																																																		
CHEBI:48131	C9H16O4	OC(=O)CCCCCCCC(O)=O	"InChI=1S/C9H16O4/c10-8(11)6-4-2-1-3-5-7-9(12)13/h1-7H2,(H,10,11)(H,12,13)"	Azelaic acid	187.09791				5.826																																																																																																																																																																																																		
CHEBI:17053	C4H7NO4	N[C@@H](CC(O)=O)C(O)=O	"InChI=1S/C4H7NO4/c5-2(4(8)9)1-3(6)7/h2H,1,5H2,(H,6,7)(H,8,9)/t2-/m0/s1"	L-Aspartic acid	132.02991				1.359																																																																																																																																																																																																		
CHEBI:37024	C6H11NO4	NC(CCCC(O)=O)C(O)=O	"InChI=1S/C6H11NO4/c7-4(6(10)11)2-1-3-5(8)9/h4H,1-3,7H2,(H,8,9)(H,10,11)"	2-Aminoadipic acid	160.06159				1.367																																																																																																																																																																																																		
CHEBI:17687	C26H43NO6	C[C@H](CCC(=O)NCC(O)=O)[C@H]1CC[C@H]2[C@@H]3[C@H](O)C[C@@H]4C[C@H](O)CC[C@]4(C)[C@H]3C[C@H](O)[C@]12C	"InChI=1S/C26H43NO6/c1-14(4-7-22(31)27-13-23(32)33)17-5-6-18-24-19(12-21(30)26(17,18)3)25(2)9-8-16(28)10-15(25)11-20(24)29/h14-21,24,28-30H,4-13H2,1-3H3,(H,27,31)(H,32,33)/t14-,15+,16-,17-,18+,19+,20-,21+,24+,25+,26-/m1/s1"	Glycocholic acid	464.30236				6.237																																																																																																																																																																																																		
CHEBI:9008	C9H9NO4	OC(=O)CNC(=O)c1ccccc1O	"InChI=1S/C9H9NO4/c11-7-4-2-1-3-6(7)9(14)10-5-8(12)13/h1-4,11H,5H2,(H,10,14)(H,12,13)"	2-Hydroxyhippuric acid	194.04633				5.538																																																																																																																																																																																																		
CHEBI:32805	C6H6O6	OC(=O)C\C(=C\C(O)=O)C(O)=O	"InChI=1S/C6H6O6/c7-4(8)1-3(6(11)12)2-5(9)10/h1H,2H2,(H,7,8)(H,9,10)(H,11,12)/b3-1-"	cis-Aconitic acid	173.00919				2.145																																																																																																																																																																																																		
CHEBI:23053	C15H14O6	C1(C=2C=C(C(O)=CC2)O)OC=3C(=C(C=C(C3)O)O)CC1O	"InChI=1S/C15H14O6/c16-8-4-11(18)9-6-13(20)15(21-14(9)5-8)7-1-2-10(17)12(19)3-7/h1-5,13,15-20H,6H2"	Catechin	289.07302				5.168																																																																																																																																																																																																		
CHEBI:16813	C6H14O6	OC[C@H](O)[C@@H](O)[C@@H](O)[C@H](O)CO	"InChI=1S/C6H14O6/c7-1-3(9)5(11)6(12)4(10)2-8/h3-12H,1-2H2/t3-,4+,5+,6-"	Dulcitol	181.07202				1.298																																																																																																																																																																																																		
CHEBI:16634	C18H32O16	OC[C@H]1O[C@H](OC[C@H]2O[C@H](O[C@]3(CO)O[C@H](CO)[C@@H](O)[C@@H]3O)[C@H](O)[C@@H](O)[C@@H]2O)[C@H](O)[C@@H](O)[C@H]1O	"InChI=1S/C18H32O16/c19-1-5-8(22)11(25)13(27)16(31-5)30-3-7-9(23)12(26)14(28)17(32-7)34-18(4-21)15(29)10(24)6(2-20)33-18/h5-17,19-29H,1-4H2/t5-,6-,7-,8+,9-,10-,11+,12+,13-,14-,15+,16+,17-,18+/m1/s1"	D-Raffinose	539.13937				1.369																																																																																																																																																																																																		
CHEBI:15964	C6H13NO3S	OS(=O)(=O)NC1CCCCC1	"InChI=1S/C6H13NO3S/c8-11(9,10)7-6-4-2-1-3-5-6/h6-7H,1-5H2,(H,8,9,10)"	Cyclamic acid	178.05234				5.372																																																																																																																																																																																																		
CHEBI:17407	C15H28O7P2	CC(C)=CCC\C(C)=C\CC\C(C)=C\COP(O)(=O)OP(O)(O)=O	"InChI=1S/C15H28O7P2/c1-13(2)7-5-8-14(3)9-6-10-15(4)11-12-21-24(19,20)22-23(16,17)18/h7,9,11H,5-6,8,10,12H2,1-4H3,(H,19,20)(H2,16,17,18)/b14-9+,15-11+"	Farnesyl pyrophosphate	381.12123				5.545																																																																																																																																																																																																		
CHEBI:27849	C7H8O3S	Cc1ccc(cc1)S(O)(=O)=O	"InChI=1S/C7H8O3S/c1-6-2-4-7(5-3-6)11(8,9)10/h2-5H,1H3,(H,8,9,10)"	4-Toluenesulfonic acid	171.01215				5.23																																																																																																																																																																																																		
CHEBI:17847	C7H8O	Cc1ccc(O)cc1	"InChI=1S/C7H8O/c1-6-2-4-7(8)5-3-6/h2-5,8H,1H3"	4-Methylphenol	107.04959				5.453																																																																																																																																																																																																		
CHEBI:228701	C12H12Cl2N2O2	ClC1(Cl)C(C1)C\C(\N)=N\OC(=O)C2=CC=CC=C2	"InChI=1S/C12H12Cl2N2O2/c13-12(14)7-9(12)6-10(15)16-18-11(17)8-4-2-1-3-5-8/h1-5,9H,6-7H2,(H2,15,16)"	"N'-(benzoyloxy)-2-(2,2-dichlorocyclopropyl)ethanimidamide"	285.02025				5.046																																																																																																																																																																																																		
CHEBI:228702	C17H12ClF3N2O3	ClC1=CC=C(C=C1)C(=O)NNC(=O)C=CC2=CC=C(OC(F)(F)F)C=C2	"InChI=1S/C17H12ClF3N2O3/c18-13-6-4-12(5-7-13)16(25)23-22-15(24)10-3-11-1-8-14(9-2-11)26-17(19,20)21/h1-10H,(H,22,24)(H,23,25)"	N'-(4-chlorobenzoyl)-3-[4-(trifluoromethoxy)phenyl]acrylohydrazide	383.04625				5.244																																																																																																																																																																																																		
CHEBI:32111	C7H5NO3S	O=C1NS(=O)(=O)c2ccccc12	"InChI=1S/C7H5NO3S/c9-7-5-3-1-2-4-6(5)12(10,11)8-7/h1-4H,(H,8,9)"	Saccharin	181.992				5.034																																																																																																																																																																																																		
CHEBI:33830	C6H10O7			Galacturonic acid	193.03589				5.794																																																																																																																																																																																																		
CHEBI:50397	C12H10O3	OC(=O)COc1ccc2ccccc2c1	"InChI=1S/C12H10O3/c13-12(14)8-15-11-6-5-9-3-1-2-4-10(9)7-11/h1-7H,8H2,(H,13,14)"	beta-Naphthoxyacetic Acid	201.0565				5.385																																																																																																																																																																																																		
CHEBI:228703	C9H10N4O2	[O-][N+](=O)C=1C(=C(C(=NC1C)NC)C#N)C	"InChI=1S/C9H10N4O2/c1-5-7(4-10)9(11-3)12-6(2)8(5)13(14)15/h1-3H3,(H,11,12)"	"4,6-dimethyl-2-(methylamino)-5-nitronicotinonitrile"	205.07219				5.348																																																																																																																																																																																																		
CHEBI:4208	C6H12O6	OC[C@H]1OC(O)[C@@H](O)[C@@H](O)[C@@H]1O	"InChI=1S/C6H12O6/c7-1-2-3(8)4(9)5(10)6(11)12-2/h2-11H,1H2/t2-,3-,4+,5+,6?/m1/s1"	D-(+)-Mannose	179.05629				1.362																																																																																																																																																																																																		
CHEBI:22652	C6H8O6			Ascorbic acid	175.02455				1.632																																																																																																																																																																																																		
CHEBI:82912	C7H7NO4	O1C=CC=C1C(NCC(O)=O)=O	"InChI=1S/C7H7NO4/c9-6(10)4-8-7(11)5-2-1-3-12-5/h1-3H,4H2,(H,8,11)(H,9,10)"	2-Furoylglycine	168.03048				4.508																																																																																																																																																																																																		
CHEBI:30845	C5H4O3	OC(=O)C1=CC=CO1	"InChI=1S/C5H4O3/c6-5(7)4-2-1-3-8-4/h1-3H,(H,6,7)"	2-Furoic acid	111.00827				1.558																																																																																																																																																																																																		
CHEBI:228704	C8H8O6S	S1C(=C(OC)C(OC)=C1C(O)=O)C(O)=O	"InChI=1S/C8H8O6S/c1-13-3-4(14-2)6(8(11)12)15-5(3)7(9)10/h1-2H3,(H,9,10)(H,11,12)"	"3,4-dimethoxythiophene-2,5-dicarboxylic acid"	230.99783				5.077																																																																																																																																																																																																		
CHEBI:15887	C5H11NO2	NCCCCC(O)=O	"InChI=1S/C5H11NO2/c6-4-2-1-3-5(7)8/h1-4,6H2,(H,7,8)"	5-Aminovaleric acid	116.07092				1.499																																																																																																																																																																																																		
CHEBI:68502	C7H12O4	CC(C)(CC(O)=O)CC(O)=O	"InChI=1S/C7H12O4/c1-7(2,3-5(8)9)4-6(10)11/h3-4H2,1-2H3,(H,8,9)(H,10,11)"	"3,3-Dimethylglutaric acid"	159.06622				2.44																																																																																																																																																																																																		
CHEBI:183349	C12H20O5	O1C(C(O)C(O)C=CCCC(O)C1=O)CCC	"InChI=1S/C12H20O5/c1-2-5-10-11(15)8(13)6-3-4-7-9(14)12(16)17-10/h3,6,8-11,13-15H,2,4-5,7H2,1H3"	"3,8,9-trihydroxy-10-propyl-3,4,5,8,9,10-hexahydro-2H-oxecin-2-one"	243.12499				5.803																																																																																																																																																																																																		
CHEBI:16831	C6H10O5	CC(O)(CC(O)=O)CC(O)=O	"InChI=1S/C6H10O5/c1-6(11,2-4(7)8)3-5(9)10/h11H,2-3H2,1H3,(H,7,8)(H,9,10)"	3-Hydroxy-3-methylglutaric acid	161.04557				3.174																																																																																																																																																																																																		
CHEBI:17864	C26H45NO8S2	[H][C@]12CC[C@@]3([H])[C@]4([H])CC[C@]([H])([C@H](C)CCC(=O)NCCS(O)(=O)=O)[C@@]4(C)CC[C@]3([H])[C@@]1(C)CC[C@H](C2)OS(O)(=O)=O	"InChI=1S/C26H45NO8S2/c1-17(4-9-24(28)27-14-15-36(29,30)31)21-7-8-22-20-6-5-18-16-19(35-37(32,33)34)10-12-25(18,2)23(20)11-13-26(21,22)3/h17-23H,4-16H2,1-3H3,(H,27,28)(H,29,30,31)(H,32,33,34)/t17-,18-,19-,20+,21-,22+,23+,25+,26-/m1/s1"	Taurolithocholic acid 3-sulfate	280.62355				7.049																																																																																																																																																																																																		
				5-Phenyl-N-(4-(trifluoromethyl)phenyl)oxazol-2-amine	303.07369				5.032																																																																																																																																																																																																		
CHEBI:167715	C6H8O9S	S(OC1=C(O)[C@](OC1=O)([C@@H](O)CO)[H])(O)(=O)=O	"InChI=1S/C6H8O9S/c7-1-2(8)4-3(9)5(6(10)14-4)15-16(11,12)13/h2,4,7-9H,1H2,(H,11,12,13)/t2-,4+/m0/s1"	L-Ascorbic acid 2-sulfate	254.98265				1.392																																																																																																																																																																																																		
CHEBI:62318	C5H10O5			D-(-)-Lyxose	149.04506				1.381																																																																																																																																																																																																		
CHEBI:16988	C5H10O5			D-Ribose	149.04547				1.36																																																																																																																																																																																																		
CHEBI:190590	C21H16N2OS	S1C2=C(N=C1C3=CC=C(/N=C/C=4C(O)=CC=CC4)C=C3)C=CC(=C2)C	"InChI=1S/C21H16N2OS/c1-14-6-11-18-20(12-14)25-21(23-18)15-7-9-17(10-8-15)22-13-16-4-2-3-5-19(16)24/h2-13,24H,1H3/b22-13+"	"2-({[4-(6-methyl-1,3-benzothiazol-2-yl)phenyl]imino}methyl)phenol"	343.08754				5.79																																																																																																																																																																																																		
CHEBI:194259	C10H10O5	OC1=C(C=C(C=C1)C(OC)=O)C(OC)=O	"InChI=1S/C10H10O5/c1-14-9(12)6-3-4-8(11)7(5-6)10(13)15-2/h3-5,11H,1-2H3"	Dimetghyl 4-Hydroxyisophthalate	209.04624				5.144																																																																																																																																																																																																		
CHEBI:37011	C5H7NO3	OC(=O)C1CC(=O)CN1	"InChI=1S/C5H7NO3/c7-3-1-4(5(8)9)6-2-3/h4,6H,1-2H2,(H,8,9)"	4-Oxoproline	128.03485				1.66																																																																																																																																																																																																		
CHEBI:4676	C12H22O4	OC(=O)CCCCCCCCCCC(O)=O	"InChI=1S/C12H22O4/c13-11(14)9-7-5-3-1-2-4-6-8-10-12(15)16/h1-10H2,(H,13,14)(H,15,16)"	Dodecanedioic acid	229.14549				6.4																																																																																																																																																																																																		
CHEBI:37932	C12H9NS			Phenothiazine	198.04092				4.747																																																																																																																																																																																																		
CHEBI:36999	C10H14O2	CC(=C)C1CCC(=CC1)C(O)=O	"InChI=1S/C10H14O2/c1-7(2)8-3-5-9(6-4-8)10(11)12/h5,8H,1,3-4,6H2,2H3,(H,11,12)"	Perillic acid	165.09183				6.061																																																																																																																																																																																																		
CHEBI:228705	C10H12ClNO3S	ClC1=CC=C(S(=O)(=O)CC(=O)N(C)C)C=C1	"InChI=1S/C10H12ClNO3S/c1-12(2)10(13)7-16(14,15)9-5-3-8(11)4-6-9/h3-6H,7H2,1-2H3"	"2-[(4-chlorophenyl)sulfonyl]-N,N-dimethylacetamide"	261.01923				5.019																																																																																																																																																																																																		
CHEBI:132612	C15H12O4	C=1C=CC(=C(C1)C(=O)OCC=2C=CC=CC2)C(=O)O	"InChI=1S/C15H12O4/c16-14(17)12-8-4-5-9-13(12)15(18)19-10-11-6-2-1-3-7-11/h1-9H,10H2,(H,16,17)"	Monobenzyl phthalate	255.0674				5.391																																																																																																																																																																																																		
CHEBI:30531	C7H12O4	OC(=O)CCCCCC(O)=O	"InChI=1S/C7H12O4/c8-6(9)4-2-1-3-5-7(10)11/h1-5H2,(H,8,9)(H,10,11)"	Pimelic acid	159.06618				5.466																																																																																																																																																																																																		
CHEBI:228706	C9H14BrN3O	BrC1=C(NC(=O)C(C)(C)C)N(N=C1)C	"InChI=1S/C9H14BrN3O/c1-9(2,3)8(14)12-7-6(10)5-11-13(7)4/h5H,1-4H3,(H,12,14)"	"N-(4-bromo-1-methyl-1H-pyrazol-5-yl)-2,2-dimethylpropanamide"	258.0218				5.264																																																																																																																																																																																																		
CHEBI:89644	C9H12O7S	S(OC(CO)C1=CC(OC)=C(O)C=C1)(O)(=O)=O	"InChI=1S/C9H12O7S/c1-15-8-4-6(2-3-7(8)11)9(5-10)16-17(12,13)14/h2-4,9-11H,5H2,1H3,(H,12,13,14)"	4-Hydroxy-3- methoxyphenylglycol sulfate	263.02415				1.42																																																																																																																																																																																																		
CHEBI:16424	C8H8O	[H]C(=O)Cc1ccccc1	"InChI=1S/C8H8O/c9-7-6-8-4-2-1-3-5-8/h1-5,7H,6H2"	Phenylacetaldehyde	119.04949				5.609																																																																																																																																																																																																		
CHEBI:49584	C8H10O	CCc1ccc(O)cc1	"InChI=1S/C8H10O/c1-2-7-3-5-8(9)6-4-7/h3-6,9H,2H2,1H3"	4-Ethylphenol	121.06548				5.705																																																																																																																																																																																																		
CHEBI:183700	C19H18ClN3O2	ClC1=CC2=C(NC(=C2)C(=O)NC3=CC=C(N4CCOCC4)C=C3)C=C1	"InChI=1S/C19H18ClN3O2/c20-14-1-6-17-13(11-14)12-18(22-17)19(24)21-15-2-4-16(5-3-15)23-7-9-25-10-8-23/h1-6,11-12,22H,7-10H2,(H,21,24)"	5-chloro-N-(4-morpholinophenyl)-1H-indole-2-carboxamide	354.10378				5.731																																																																																																																																																																																																		
CHEBI:228707	C10H13N4O7PS	S=C1N=CNC=2N([C@@H]3O[C@@H]([C@H](O)C3O)COP(O)(O)=O)C=NC21	"InChI=1S/C10H13N4O7PS/c15-6-4(1-20-22(17,18)19)21-10(7(6)16)14-3-13-5-8(14)11-2-12-9(5)23/h2-4,6-7,10,15-16H,1H2,(H,11,12,23)(H2,17,18,19)/t4-,6+,7?,10-/m1/s1"	6-Thioinosine-phosphate	363.02041				5.526																																																																																																																																																																																																		
CHEBI:30764	C7H6O3	OC(=O)c1cccc(O)c1	"InChI=1S/C7H6O3/c8-6-3-1-2-5(4-6)7(9)10/h1-4,8H,(H,9,10)"	3-Hydroxybenzoic acid	137.02416				5.564																																																																																																																																																																																																		
CHEBI:15842	C10H13N2O11P	O[C@@H]1[C@@H](COP(O)(O)=O)O[C@H]([C@@H]1O)n1c(cc(=O)[nH]c1=O)C(O)=O	"InChI=1S/C10H13N2O11P/c13-5-1-3(9(16)17)12(10(18)11-5)8-7(15)6(14)4(23-8)2-22-24(19,20)21/h1,4,6-8,14-15H,2H2,(H,16,17)(H,11,13,18)(H2,19,20,21)/t4-,6-,7-,8-/m1/s1"	Orotidine 5'-monophosphate	367.01514				5.599																																																																																																																																																																																																		
CHEBI:30915	C5H6O5	OC(=O)CCC(=O)C(O)=O	"InChI=1S/C5H6O5/c6-3(5(9)10)1-2-4(7)8/h1-2H2,(H,7,8)(H,9,10)"	2-Oxoglutaric acid	145.01407				1.543																																																																																																																																																																																																		
CHEBI:180410	C10H12O2	O(C1=CC=C(CC(=O)C)C=C1)C	"InChI=1S/C10H12O2/c1-8(11)7-9-3-5-10(12-2)6-4-9/h3-6H,7H2,1-2H3"	1-(4-Methoxyphenyl)-2-propanone	163.07574				5.215																																																																																																																																																																																																		
CHEBI:183932	C8H15NO9S	S(O[C@H]([C@H](O)[C@@H](NC(=O)C)C=O)[C@H](O)CO)(O)(=O)=O	"InChI=1S/C8H15NO9S/c1-4(12)9-5(2-10)7(14)8(6(13)3-11)18-19(15,16)17/h2,5-8,11,13-14H,3H2,1H3,(H,9,12)(H,15,16,17)/t5-,6+,7+,8-/m0/s1"	N-Acetyl-D-galactosamine 4-sulfate	300.03978				1.363																																																																																																																																																																																																		
CHEBI:20067	C4H8O3	CC(O)CC(O)=O	"InChI=1S/C4H8O3/c1-3(5)2-4(6)7/h3,5H,2H2,1H3,(H,6,7)"	3-Hydroxybutyric acid	103.03942				2.737																																																																																																																																																																																																		
				Ibuprofen metabolite B	235.09867				5.988																																																																																																																																																																																																		
CHEBI:19475	C5H11NO2	CCCC(N)C(O)=O	"InChI=1S/C5H11NO2/c1-2-3-4(6)5(7)8/h4H,2-3,6H2,1H3,(H,7,8)"	DL-Norvaline	116.07133				1.353																																																																																																																																																																																																		
CHEBI:85039	C23H39NO19	CC(=O)N[C@@H]1[C@@H](O)C[C@@](OC[C@H]2O[C@@H](O[C@@H]3[C@@H](CO)O[C@@H](O)[C@H](O)[C@H]3O)[C@H](O)[C@@H](O)[C@H]2O)(O[C@H]1[C@H](O)[C@H](O)CO)C(O)=O	"InChI=1S/C23H39NO19/c1-6(27)24-11-7(28)2-23(22(37)38,43-19(11)12(30)8(29)3-25)39-5-10-13(31)14(32)17(35)21(41-10)42-18-9(4-26)40-20(36)16(34)15(18)33/h7-21,25-26,28-36H,2-5H2,1H3,(H,24,27)(H,37,38)/t7-,8+,9+,10+,11+,12+,13-,14-,15+,16+,17+,18+,19+,20+,21-,23+/m0/s1"	6-Sialyllactose	632.20556				1.35																																																																																																																																																																																																		
CHEBI:183672	C5H8N2O2	O=C1NC(=O)NC1(C)C	"InChI=1S/C5H8N2O2/c1-5(2)3(8)6-4(9)7-5/h1-2H3,(H2,6,7,8,9)"	"5,5-Dimethylhydantoin"	127.05081				5.374																																																																																																																																																																																																		
CHEBI:15573	C2H8NO3P	C(P(=O)(O)O)CN	"InChI=1S/C2H8NO3P/c3-1-2-7(4,5)6/h1-3H2,(H2,4,5,6)"	Ciliatine	124.0161				5.138																																																																																																																																																																																																		
CHEBI:228708	C16H14N2O2	O(C1=CC=C(C=2NN=CC2)C=C1)C3=CC=C(OC)C=C3	"InChI=1S/C16H14N2O2/c1-19-13-6-8-15(9-7-13)20-14-4-2-12(3-5-14)16-10-11-17-18-16/h2-11H,1H3,(H,17,18)"	5-[4-(4-methoxyphenoxy)phenyl]-1H-pyrazole	265.09447				5.107																																																																																																																																																																																																		
CHEBI:228709	C14H14O3	OC=1C2=C(C=C(C1C(=O)C)C)C=C(C=C2O)C	"InChI=1S/C14H14O3/c1-7-4-10-6-8(2)12(9(3)15)14(17)13(10)11(16)5-7/h4-6,16-17H,1-3H3"	"1-(1,8-dihydroxy-3,6-dimethyl-2-naphthyl)ethan-1-one"	229.0881				5.488																																																																																																																																																																																																		
CHEBI:30797	C4H6O5	O[C@@H](CC(O)=O)C(O)=O	"InChI=1S/C4H6O5/c5-2(4(8)9)1-3(6)7/h2,5H,1H2,(H,6,7)(H,8,9)/t2-/m0/s1"	L-(-)-Malic acid	133.01389				1.43																																																																																																																																																																																																		
CHEBI:18405	C8H10NO6P	[H]C(=O)c1c(COP(O)(O)=O)cnc(C)c1O	"InChI=1S/C8H10NO6P/c1-5-8(11)7(3-10)6(2-9-5)4-15-16(12,13)14/h2-3,11H,4H2,1H3,(H2,12,13,14)"	Pyridoxal 5'-Phosphate	246.01764				5.257																																																																																																																																																																																																		
CHEBI:5298	C11H14O5	COC(=O)C1=CO[C@@H](O)[C@H]2[C@@H]1CC=C2CO	"InChI=1S/C11H14O5/c1-15-10(13)8-5-16-11(14)9-6(4-12)2-3-7(8)9/h2,5,7,9,11-12,14H,3-4H2,1H3/t7-,9-,11-/m1/s1"	Genipin	207.06683				5.079																																																																																																																																																																																																		
CHEBI:172453	C10H13NO4	O(C=1C=C(CC(N)C(O)=O)C=CC1O)C	"InChI=1S/C10H13NO4/c1-15-9-5-6(2-3-8(9)12)4-7(11)10(13)14/h2-3,5,7,12H,4,11H2,1H3,(H,13,14)"	2-Amino-3-(4-hydroxy-3-methoxyphenyl)propanoic acid	210.07768				3.919																																																																																																																																																																																																		
CHEBI:15756	C16H32O2	CCCCCCCCCCCCCCCC(O)=O	"InChI=1S/C16H32O2/c1-2-3-4-5-6-7-8-9-10-11-12-13-14-15-16(17)18/h2-15H2,1H3,(H,17,18)"	Palmitic acid	255.23422				10.218																																																																																																																																																																																																		
CHEBI:20106	C9H10O5	COc1cc(ccc1O)C(O)C(O)=O	"InChI=1S/C9H10O5/c1-14-7-4-5(2-3-6(7)10)8(11)9(12)13/h2-4,8,10-11H,1H3,(H,12,13)"	Vanillyl mandelic acid	197.04632				2.225																																																																																																																																																																																																		
CHEBI:43572	C6H6O4	OCc1cc(=O)c(O)co1	"InChI=1S/C6H6O4/c7-2-4-1-5(8)6(9)3-10-4/h1,3,7,9H,2H2"	Kojic acid	141.01892				4.82																																																																																																																																																																																																		
CHEBI:194279	C20H32O5	O[C@H]1[C@H]([C@H]([C@H](O)C1)/C=C/C(=O)CCCCC)C/C=C\CCCC(O)=O	"InChI=1S/C20H32O5/c1-2-3-6-9-15(21)12-13-17-16(18(22)14-19(17)23)10-7-4-5-8-11-20(24)25/h4,7,12-13,16-19,22-23H,2-3,5-6,8-11,14H2,1H3,(H,24,25)/b7-4-,13-12+/t16-,17+,18+,19+/m0/s1"	8-iso-15-keto Prostaglandin F2 alpha	387.18689				5.991																																																																																																																																																																																																		
CHEBI:5301	C16H22O10	OC[C@H]1O[C@@H](O[C@@H]2OC=C([C@H]3CC=C(CO)[C@@H]23)C(O)=O)[C@H](O)[C@@H](O)[C@@H]1O	"InChI=1S/C16H22O10/c17-3-6-1-2-7-8(14(22)23)5-24-15(10(6)7)26-16-13(21)12(20)11(19)9(4-18)25-16/h1,5,7,9-13,15-21H,2-4H2,(H,22,23)/t7-,9-,10-,11-,12+,13-,15+,16+/m1/s1"	Geniposidic acid	373.11615				1.603																																																																																																																																																																																																		
CHEBI:73018	C7H11NO3	C\C=C(/C)C(=O)NCC(O)=O	"InChI=1S/C7H11NO3/c1-3-5(2)7(11)8-4-6(9)10/h3H,4H2,1-2H3,(H,8,11)(H,9,10)/b5-3+"	N-Tigloylglycine	156.06653				5.255																																																																																																																																																																																																		
CHEBI:60645	C5H10O3	CC(C)C(O)C(O)=O	"InChI=1S/C5H10O3/c1-3(2)4(6)5(7)8/h3-4,6H,1-2H3,(H,7,8)"	2-Hydroxy-3-methylbutanoic acid	117.05536				3.525																																																																																																																																																																																																		
CHEBI:48861	C20H36O7P2	CC(C)=CCC\C(C)=C\CC\C(C)=C\CC\C(C)=C\COP(O)(=O)OP(O)(O)=O	"InChI=1S/C20H36O7P2/c1-17(2)9-6-10-18(3)11-7-12-19(4)13-8-14-20(5)15-16-26-29(24,25)27-28(21,22)23/h9,11,13,15H,6-8,10,12,14,16H2,1-5H3,(H,24,25)(H2,21,22,23)/b18-11+,19-13+,20-15+"	Geranylgeranyl pyrophosphate	449.18467				6.23																																																																																																																																																																																																		
CHEBI:183336	C9H17NO4	OC(=O)C(C(NC(OC)=O)(C)C)(C)C	"InChI=1S/C9H17NO4/c1-8(2,6(11)12)9(3,4)10-7(13)14-5/h1-5H3,(H,10,13)(H,11,12)"	"3-[(methoxycarbonyl)amino]-2,2,3-trimethylbutanoic acid"	202.10908				5.693																																																																																																																																																																																																		
CHEBI:28508	C7H6O3	[H]C(=O)c1cc(O)ccc1O	"InChI=1S/C7H6O3/c8-4-5-3-6(9)1-2-7(5)10/h1-4,9-10H"	"2,5-Dihydroxybenzaldehyde"	137.02406				3.89																																																																																																																																																																																																		
CHEBI:177432	C5H10O4	OCC(CO)(C)C(O)=O	"InChI=1S/C5H10O4/c1-5(2-6,3-7)4(8)9/h6-7H,2-3H2,1H3,(H,8,9)"	"2,2-Bis(hydroxymethyl)propionic acid"	133.05035				1.564																																																																																																																																																																																																		
CHEBI:17151	C5H12O5	OC[C@H](O)[C@@H](O)[C@H](O)CO	"InChI=1S/C5H12O5/c6-1-3(8)5(10)4(9)2-7/h3-10H,1-2H2/t3-,4+,5+"	D-Xylitol	133.05004				1.523																																																																																																																																																																																																		
CHEBI:169528	C19H28O11	O1[C@@H]([C@@H](O)[C@H](O)[C@@H](O)[C@@H]1OCC2=CC=CC=C2)CO[C@@H]3O[C@@H]([C@@H](O)[C@H](O)[C@H]3O)CO	"InChI=1S/C19H28O11/c20-6-10-12(21)14(23)16(25)19(29-10)28-8-11-13(22)15(24)17(26)18(30-11)27-7-9-4-2-1-3-5-9/h1-5,10-26H,6-8H2/t10-,11-,12-,13-,14+,15+,16-,17-,18-,19-/m1/s1"	Benzyl 6-O-beta-D-glucopyranosyl-beta-D-glucopyranoside	238.07868				6.327																																																																																																																																																																																																		
CHEBI:15963	C5H12O5	OC[C@H](O)[C@H](O)[C@H](O)CO	"InChI=1S/C5H12O5/c6-1-3(8)5(10)4(9)2-7/h3-10H,1-2H2/t3-,4+,5-"	Ribitol	151.06038				6.347																																																																																																																																																																																																		
CHEBI:192676	C9H6O3	O1C2=C(C=CC(O)=C2)C(=O)C=C1	"InChI=1S/C9H6O3/c10-6-1-2-7-8(11)3-4-12-9(7)5-6/h1-5,10H"	7-Hydroxy-4-chromone	161.02475				5.315																																																																																																																																																																																																		
CHEBI:228710	C10H6N2O2	O1C(C=2NC(=O)C(=CC2)C#N)=CC=C1	"InChI=1S/C10H6N2O2/c11-6-7-3-4-8(12-10(7)13)9-2-1-5-14-9/h1-5H,(H,12,13)"	"6-(2-furyl)-2-oxo-1,2-dihydropyridine-3-carbonitrile"	185.03357				5.866																																																																																																																																																																																																		
CHEBI:64390	C8H15NO3	CCCCCC(=O)NCC(O)=O	"InChI=1S/C8H15NO3/c1-2-3-4-5-7(10)9-6-8(11)12/h2-6H2,1H3,(H,9,10)(H,11,12)"	Hexanoylglycine	172.09809				5.625																																																																																																																																																																																																		
CHEBI:28842	C18H36O2	C(CCCCCCCCCC)CCCCCCC(=O)O	"InChI=1S/C18H36O2/c1-2-3-4-5-6-7-8-9-10-11-12-13-14-15-16-17-18(19)20/h2-17H2,1H3,(H,19,20)"	Stearic acid	283.26578				11.09																																																																																																																																																																																																		
CHEBI:228711	C10H12N6	N1(CCCC1)C=2N=C3N=CN=C(N)C3=CN2	"InChI=1S/C10H12N6/c11-8-7-5-12-10(16-3-1-2-4-16)15-9(7)14-6-13-8/h5-6H,1-4H2,(H2,11,12,13,14,15)"	"7-(1-pyrrolidinyl)pyrimido[4,5-d]pyrimidin-4-amine"	215.10462				1.562																																																																																																																																																																																																		
CHEBI:4178	C6H10O7			D-Glucuronic acid	193.0361				6.713																																																																																																																																																																																																		
CHEBI:68555	C7H6O6S	OC(=O)c1cc(ccc1O)S(O)(=O)=O	"InChI=1S/C7H6O6S/c8-6-2-1-4(14(11,12)13)3-5(6)7(9)10/h1-3,8H,(H,9,10)(H,11,12,13)"	5-Sulfosalicylic acid	216.98233				2.407																																																																																																																																																																																																		
CHEBI:16388	C8H8O4	OC(C(O)=O)c1ccc(O)cc1	"InChI=1S/C8H8O4/c9-6-3-1-5(2-4-6)7(10)8(11)12/h1-4,7,9-10H,(H,11,12)"	4-Hydroxymandelic acid	167.03509				2.733																																																																																																																																																																																																		
CHEBI:194298	C21H19F6NO	FC(F)(F)C1=CC(NC(=O)C(C2CCCC2)C3=CC=CC=C3)=CC(=C1)C(F)(F)F	"InChI=1S/C21H19F6NO/c22-20(23,24)15-10-16(21(25,26)27)12-17(11-15)28-19(29)18(14-8-4-5-9-14)13-6-2-1-3-7-13/h1-3,6-7,10-12,14,18H,4-5,8-9H2,(H,28,29)"	"N1-[3,5-di(trifluoromethyl)phenyl]-2-cyclopentyl-2-phenylacetamide"	414.12571				5.329																																																																																																																																																																																																		
CHEBI:62431	C15H20O4	[H]C(C(O)=O)=C(C)\C=C\C1(O)C(C)=CC(=O)CC1(C)C	"InChI=1S/C15H20O4/c1-10(7-13(17)18)5-6-15(19)11(2)8-12(16)9-14(15,3)4/h5-8,19H,9H2,1-4H3,(H,17,18)/b6-5+,10-7?"	()-Abscisic acid	263.13047				5.8																																																																																																																																																																																																		
CHEBI:9008	C9H9NO4	OC(=O)CNC(=O)c1ccccc1O	"InChI=1S/C9H9NO4/c11-7-4-2-1-3-6(7)9(14)10-5-8(12)13/h1-4,11H,5H2,(H,10,14)(H,12,13)"	Salicyluric acid	194.04666				6.548																																																																																																																																																																																																		
CHEBI:18268	C6H8O6	[H][C@@]1(OC(=O)[C@@H](O)[C@H]1O)[C@@H](O)C=O	"InChI=1S/C6H8O6/c7-1-2(8)5-3(9)4(10)6(11)12-5/h1-5,8-10H/t2-,3+,4-,5+/m0/s1"	"Glucuronic acid-3,6-lactone"	175.02498				5.79																																																																																																																																																																																																		
CHEBI:19702	C11H15N5O5	CNc1nc2n(cnc2c(=O)[nH]1)[C@@H]1O[C@H](CO)[C@@H](O)[C@H]1O	"InChI=1S/C11H15N5O5/c1-12-11-14-8-5(9(20)15-11)13-3-16(8)10-7(19)6(18)4(2-17)21-10/h3-4,6-7,10,17-19H,2H2,1H3,(H2,12,14,15,20)/t4-,6-,7-,10-/m1/s1"	N2-Methylguanosine	296.10128				4.722																																																																																																																																																																																																		
CHEBI:70979	C6H11NO3	CC(C)C(=O)NCC(O)=O	"InChI=1S/C6H11NO3/c1-4(2)6(10)7-3-5(8)9/h4H,3H2,1-2H3,(H,7,10)(H,8,9)"	N-Isobutyrylglycine	144.0667				4.775																																																																																																																																																																																																		
CHEBI:16738	C6H4Cl2O	Oc1ccc(Cl)cc1Cl	"InChI=1S/C6H4Cl2O/c7-4-1-2-6(9)5(8)3-4/h1-3,9H"	"2,4-Dichlorophenol"	160.95676				5.747																																																																																																																																																																																																		
CHEBI:33216	C15H16O2	CC(C)(C1=CC=C(O)C=C1)C1=CC=C(O)C=C1	"InChI=1S/C15H16O2/c1-15(2,11-3-7-13(16)8-4-11)12-5-9-14(17)10-6-12/h3-10,16-17H,1-2H3"	Bisphenol A	227.10481				1.382																																																																																																																																																																																																		
CHEBI:15554	C20H32O5	CCCCC[C@H](O)\C=C\[C@H]1[C@H]2C[C@H](OO2)[C@@H]1C\C=C/CCCC(O)=O	"InChI=1S/C20H32O5/c1-2-3-6-9-15(21)12-13-17-16(18-14-19(17)25-24-18)10-7-4-5-8-11-20(22)23/h4,7,12-13,15-19,21H,2-3,5-6,8-11,14H2,1H3,(H,22,23)/b7-4-,13-12+/t15-,16+,17+,18-,19+/m0/s1"	Prostaglandin H2	333.20894				6.308																																																																																																																																																																																																		
CHEBI:17254	C7H8O2	Cc1ccc(O)c(O)c1	"InChI=1S/C7H8O2/c1-5-2-3-6(8)7(9)4-5/h2-4,8-9H,1H3"	4-Methylcatechol	123.04472				4.729																																																																																																																																																																																																		
CHEBI:87248	C8H14O7	CCO[C@@H]1O[C@@H]([C@@H](O)[C@H](O)[C@H]1O)C(O)=O	"InChI=1S/C8H14O7/c1-2-14-8-5(11)3(9)4(10)6(15-8)7(12)13/h3-6,8-11H,2H2,1H3,(H,12,13)/t3-,4-,5+,6-,8+/m0/s1"	Ethyl-beta-D-glucuronide	221.06729				1.919																																																																																																																																																																																																		
CHEBI:228712	C12H8N4OS	S1C(C(=O)C(=CNC2=NC=CN=C2)C#N)=CC=C1	"InChI=1S/C12H8N4OS/c13-6-9(12(17)10-2-1-5-18-10)7-16-11-8-14-3-4-15-11/h1-5,7-8H,(H,15,16)"	3-(pyrazin-2-ylamino)-2-(2-thienylcarbonyl)acrylonitrile	255.03141				6.982																																																																																																																																																																																																		
CHEBI:16259	C11H13NO3	CC(=O)N[C@@H](Cc1ccccc1)C(O)=O	"InChI=1S/C11H13NO3/c1-8(13)12-10(11(14)15)7-9-5-3-2-4-6-9/h2-6,10H,7H2,1H3,(H,12,13)(H,14,15)/t10-/m0/s1"	N-Acetyl-L-phenylalanine	206.08291				5.631																																																																																																																																																																																																		
CHEBI:47952	C6H10O7	OC1O[C@@H]([C@@H](O)[C@H](O)[C@H]1O)C(O)=O	"InChI=1S/C6H10O7/c7-1-2(8)4(5(10)11)13-6(12)3(1)9/h1-4,6-9,12H,(H,10,11)/t1-,2-,3+,4-,6?/m0/s1"	D-Glucopyranuronic acid	193.03585				6.483																																																																																																																																																																																																		
CHEBI:228713	C13H10F6N2O4	FC(F)(F)C1=CC(NC=C([N+]([O-])=O)C(OCC)=O)=CC(=C1)C(F)(F)F	"InChI=1S/C13H10F6N2O4/c1-2-25-11(22)10(21(23)24)6-20-9-4-7(12(14,15)16)3-8(5-9)13(17,18)19/h3-6,20H,2H2,1H3"	"ethyl 3-[3,5-di(trifluoromethyl)anilino]-2-nitroacrylate"	371.04628				5.212																																																																																																																																																																																																		
CHEBI:68567	C6H10O4	CC(CCC(O)=O)C(O)=O	"InChI=1S/C6H10O4/c1-4(6(9)10)2-3-5(7)8/h4H,2-3H2,1H3,(H,7,8)(H,9,10)"	2-Methylpentanedioic acid	145.05073				5.24																																																																																																																																																																																																		
CHEBI:86553	C8H8O4	OC(C(O)=O)c1cccc(O)c1	"InChI=1S/C8H8O4/c9-6-3-1-2-5(4-6)7(10)8(11)12/h1-4,7,9-10H,(H,11,12)"	3-Hydroxymandelic acid	167.03516				3.309																																																																																																																																																																																																		
CHEBI:16695	C9H13N2O9P	O[C@@H]1[C@@H](COP(O)(O)=O)O[C@H]([C@@H]1O)n1ccc(=O)[nH]c1=O	"InChI=1S/C9H13N2O9P/c12-5-1-2-11(9(15)10-5)8-7(14)6(13)4(20-8)3-19-21(16,17)18/h1-2,4,6-8,13-14H,3H2,(H,10,12,15)(H2,16,17,18)/t4-,6-,7-,8-/m1/s1"	UMP	323.02814				5.09																																																																																																																																																																																																		
CHEBI:136113	C22H32O4	OC(CC/C=C\C/C=C\C/C=C\C/C=C\C=C\[C@H](C/C=C\CC)OO)=O	"InChI=1S/C22H32O4/c1-2-3-15-18-21(26-25)19-16-13-11-9-7-5-4-6-8-10-12-14-17-20-22(23)24/h3,5-8,11-16,19,21,25H,2,4,9-10,17-18,20H2,1H3,(H,23,24)/b7-5-,8-6-,13-11-,14-12-,15-3-,19-16+/t21-/m0/s1"	17(S)-HpDHA	395.1941				5.801																																																																																																																																																																																																		
CHEBI:228714	C12H13ClN2O2S	ClC1=CC=C(NC=C(S(=O)(=O)C(C)C)C#N)C=C1	"InChI=1S/C12H13ClN2O2S/c1-9(2)18(16,17)12(7-14)8-15-11-5-3-10(13)4-6-11/h3-6,8-9,15H,1-2H3"	3-(4-chloroanilino)-2-(isopropylsulfonyl)acrylonitrile	283.02976				5.026																																																																																																																																																																																																		
CHEBI:228715	C27H46O4S	S(OC1CC=2C(C3C(C4C(C(CC4)C(CCCC(C)C)C)(CC3)C)CC2)(CC1)C)(O)(=O)=O	"InChI=1S/C27H46O4S/c1-18(2)7-6-8-19(3)23-11-12-24-22-10-9-20-17-21(31-32(28,29)30)13-15-26(20,4)25(22)14-16-27(23,24)5/h9,18-19,21-25H,6-8,10-17H2,1-5H3,(H,28,29,30)"	ST 27:1;O;S	465.30716				11.127																																																																																																																																																																																																		
CHEBI:27810	C6H6O2	Oc1cccc(O)c1	"InChI=1S/C6H6O2/c7-5-2-1-3-6(8)4-5/h1-4,7-8H"	Resorcinol	109.02903				2.402																																																																																																																																																																																																		
CHEBI:228716	C13H15N5OS	S1C(NC(=O)N2CCN(CC2)C=3N=CC=CN3)=CC=C1	"InChI=1S/C13H15N5OS/c19-13(16-11-3-1-10-20-11)18-8-6-17(7-9-18)12-14-4-2-5-15-12/h1-5,10H,6-9H2,(H,16,19)"	4-(2-pyrimidinyl)-N-(2-thienyl)tetrahydro-1(2H)-pyrazinecarboxamide	288.09271				6.155																																																																																																																																																																																																		
CHEBI:28832	C25H38O8	[H][C@@]12CC[C@@]3([H])[C@]4([H])CCC(=O)[C@@]4(C)CC[C@]3([H])[C@@]1(C)CC[C@H](C2)O[C@@H]1O[C@@H]([C@@H](O)[C@H](O)[C@H]1O)C(O)=O	"InChI=1S/C25H38O8/c1-24-9-7-13(32-23-20(29)18(27)19(28)21(33-23)22(30)31)11-12(24)3-4-14-15-5-6-17(26)25(15,2)10-8-16(14)24/h12-16,18-21,23,27-29H,3-11H2,1-2H3,(H,30,31)/t12-,13+,14-,15-,16-,18-,19-,20+,21-,23+,24-,25-/m0/s1"	Androsterone glucuronide	465.25058				6.85																																																																																																																																																																																																		
				4-(2-((4-Methoxyphenyl)amino)oxazol-5-yl)benzonitrile	290.08965				1.391																																																																																																																																																																																																		
CHEBI:183378	C16H14O6	O1[C@H](CC(=O)C=2C1=CC(O)=CC2O)C3=CC(O)=C(OC)C=C3	"InChI=1S/C16H14O6/c1-21-13-3-2-8(4-10(13)18)14-7-12(20)16-11(19)5-9(17)6-15(16)22-14/h2-6,14,17-19H,7H2,1H3/t14-/m1/s1"	"5,7-Dihydroxy-2-(3-hydroxy-4-methoxyphenyl)chroman-4-one"	301.07359				5.63																																																																																																																																																																																																		
CHEBI:228717	C21H22O8	O1[C@@H]([C@@H](O)[C@H](O)[C@@H](O)[C@@H]1OC2=CC=3O[C@@H](CC(=O)C3C=C2)C4=CC=CC=C4)CO	"InChI=1S/C21H22O8/c22-10-17-18(24)19(25)20(26)21(29-17)27-12-6-7-13-14(23)9-15(28-16(13)8-12)11-4-2-1-3-5-11/h1-8,15,17-22,24-26H,9-10H2/t15-,17+,18+,19-,20+,21+/m0/s1"	"(2S)-4-Oxo-2-phenyl-3,4-dihydro-2H-chromen-7-yl beta-D-glucopyranoside"	447.13687				7.01																																																																																																																																																																																																		
CHEBI:34133	C19H26O3	C1[C@@]2([C@@]([C@@]3(C(C1)=CC(CC3)=O)C)(C(C[C@@]4(C)[C@@]2([H])CC[C@@H]4O)=O)[H])[H]	"InChI=1S/C19H26O3/c1-18-8-7-12(20)9-11(18)3-4-13-14-5-6-16(22)19(14,2)10-15(21)17(13)18/h9,13-14,16-17,22H,3-8,10H2,1-2H3/t13-,14-,16-,17+,18-,19-/m0/s1"	11-keto Testosterone (CRM)	347.18832				6.494																																																																																																																																																																																																		
CHEBI:47925	C9H8O3	[H]C(=Cc1cccc(O)c1)C(O)=O	"InChI=1S/C9H8O3/c10-8-3-1-2-7(6-8)4-5-9(11)12/h1-6,10H,(H,11,12)"	3-Coumaric acid	163.04016				5.624																																																																																																																																																																																																		
CHEBI:36632	C8H8O2	Cc1ccccc1C(O)=O	"InChI=1S/C8H8O2/c1-6-4-2-3-5-7(6)8(9)10/h2-5H,1H3,(H,9,10)"	o-Toluic Acid	181.05073				4.918																																																																																																																																																																																																		
CHEBI:75183	C10H13N2O7P	Cc1cn([C@H]2C[C@@H]3OP(O)(=O)OC[C@H]3O2)c(=O)[nH]c1=O	"InChI=1S/C10H13N2O7P/c1-5-3-12(10(14)11-9(5)13)8-2-6-7(18-8)4-17-20(15,16)19-6/h3,6-8H,2,4H2,1H3,(H,15,16)(H,11,13,14)/t6-,7+,8+/m0/s1"	"Thymidine 3',5'-cyclic monophosphate"	303.04129				5.076																																																																																																																																																																																																		
CHEBI:28078	C6H5ClO	Oc1ccc(Cl)cc1	"InChI=1S/C6H5ClO/c7-5-1-3-6(8)4-2-5/h1-4,8H"	4-Chlorophenol	126.99529				6.072																																																																																																																																																																																																		
CHEBI:28631	C9H10O2	OC(=O)CCc1ccccc1	"InChI=1S/C9H10O2/c10-9(11)7-6-8-4-2-1-3-5-8/h1-5H,6-7H2,(H,10,11)"	Hydrocinnamic acid	149.0608				5.721																																																																																																																																																																																																		
CHEBI:16836	C6H5NO3	Oc1ccc(cc1)[N+]([O-])=O	"InChI=1S/C6H5NO3/c8-6-3-1-5(2-4-6)7(9)10/h1-4,8H"	4-Nitrophenol	138.01922				0.196																																																																																																																																																																																																		
CHEBI:89698	C8H16N2O4S2	C([C@@H](N)CCSSCCC(N)C(=O)O)(=O)O	"InChI=1S/C8H16N2O4S2/c9-5(7(11)12)1-3-15-16-4-2-6(10)8(13)14/h5-6H,1-4,9-10H2,(H,11,12)(H,13,14)/t5-,6?/m0/s1"	L-Homocystine	267.04565				5.263																																																																																																																																																																																																		
CHEBI:169180	C9H12O	OC=1C(=C(C=CC1C)C)C	"InChI=1S/C9H12O/c1-6-4-5-7(2)9(10)8(6)3/h4-5,10H,1-3H3"	"2,3,6-Trimethylphenol"	135.08106				5.812																																																																																																																																																																																																		
CHEBI:17151	C5H12O5	OC[C@H](O)[C@@H](O)[C@H](O)CO	"InChI=1S/C5H12O5/c6-1-3(8)5(10)4(9)2-7/h3-10H,1-2H2/t3-,4+,5+"	Xylitol	151.06053				1.312																																																																																																																																																																																																		
CHEBI:16530	C5H8O3	CC(C)C(=O)C(O)=O	"InChI=1S/C5H8O3/c1-3(2)4(6)5(7)8/h3H,1-2H3,(H,7,8)"	3-Methyl-2-oxobutanoic acid	115.03946				4.898																																																																																																																																																																																																		
CHEBI:30778	C7H6O5	OC(=O)c1cc(O)c(O)c(O)c1	"InChI=1S/C7H6O5/c8-4-1-3(7(11)12)2-5(9)6(4)10/h1-2,8-10H,(H,11,12)"	Gallic acid	169.01406				3.014																																																																																																																																																																																																		
CHEBI:228718	C8H11N3O3	O1CCN(CC1)C=2C(=O)NC(=O)NC2	"InChI=1S/C8H11N3O3/c12-7-6(5-9-8(13)10-7)11-1-3-14-4-2-11/h5H,1-4H2,(H2,9,10,12,13)"	"5-morpholino-2,4(1H,3H)-pyrimidinedione"	196.07295				4.841																																																																																																																																																																																																		
CHEBI:228719	C22H25N3O2	O=C(NC1CCN(CC1)CC2=CC=CC=C2)C=3NC4=C(C3)C=C(OC)C=C4	"InChI=1S/C22H25N3O2/c1-27-19-7-8-20-17(13-19)14-21(24-20)22(26)23-18-9-11-25(12-10-18)15-16-5-3-2-4-6-16/h2-8,13-14,18,24H,9-12,15H2,1H3,(H,23,26)"	N-(1-benzylpiperidin-4-yl)-5-methoxy-1H-indole-2-carboxamide	362.18339				5.572																																																																																																																																																																																																		
CHEBI:18012	C4H4O4	OC(=O)\C=C\C(O)=O	"InChI=1S/C4H4O4/c5-3(6)1-2-4(7)8/h1-2H,(H,5,6)(H,7,8)/b2-1+"	Fumaric acid	115.00322				1.392																																																																																																																																																																																																		
CHEBI:27744	C3H8NO5P	OC(=O)CNCP(O)(O)=O	"InChI=1S/C3H8NO5P/c5-3(6)1-4-2-10(7,8)9/h4H,1-2H2,(H,5,6)(H2,7,8,9)"	Glyphosate	168.00623				5.202																																																																																																																																																																																																		
CHEBI:18403	C5H12O5	OC[C@H](O)C(O)[C@@H](O)CO	"InChI=1S/C5H12O5/c6-1-3(8)5(10)4(9)2-7/h3-10H,1-2H2/t3-,4-/m0/s1"	L-Arabinitol	151.06109				1.306																																																																																																																																																																																																		
CHEBI:228720	C9H8N4O	OC=1C(=CC=CC1)C=NC=2NN=CN2	"InChI=1S/C9H8N4O/c14-8-4-2-1-3-7(8)5-10-9-11-6-12-13-9/h1-6,14H,(H,11,12,13)"	"2-[(1H-1,2,4-triazol-3-ylimino)methyl]phenol"	187.06181				5.275																																																																																																																																																																																																		
CHEBI:15741	C4H6O4	OC(=O)CCC(O)=O	"InChI=1S/C4H6O4/c5-3(6)1-2-4(7)8/h1-2H2,(H,5,6)(H,7,8)"	Succinic acid	117.01866				2.285																																																																																																																																																																																																		
CHEBI:189467	C18H24O6S	S(O[C@@H]1[C@@]2([C@]([C@]3([C@](CC2)(C4=C(CC3)C=C(O)C=C4)[H])[H])(C[C@H]1O)[H])C)(O)(=O)=O	"InChI=1S/C18H24O6S/c1-18-7-6-13-12-5-3-11(19)8-10(12)2-4-14(13)15(18)9-16(20)17(18)24-25(21,22)23/h3,5,8,13-17,19-20H,2,4,6-7,9H2,1H3,(H,21,22,23)/t13-,14-,15+,16-,17+,18+/m1/s1"	Estriol 17-sulfate	367.12408				5.703																																																																																																																																																																																																		
CHEBI:16015	C5H9NO4	N[C@@H](CCC(O)=O)C(O)=O	"InChI=1S/C5H9NO4/c6-3(5(9)10)1-2-4(7)8/h3H,1-2,6H2,(H,7,8)(H,9,10)/t3-/m0/s1"	L-Glutamic acid	146.04568				1.283																																																																																																																																																																																																		
CHEBI:228721	C12H17ClN2O3S	ClC=1SC=C(NC(=O)N2CC(OC(C2)C)C)C1OC	"InChI=1S/C12H17ClN2O3S/c1-7-4-15(5-8(2)18-7)12(16)14-9-6-19-11(13)10(9)17-3/h6-8H,4-5H2,1-3H3,(H,14,16)"	"N4-(5-chloro-4-methoxy-3-thienyl)-2,6-dimethylmorpholine-4-carboxamide"	303.05572				5.339																																																																																																																																																																																																		
CHEBI:63213	C9H15O6P	OC(=O)CCP(CCC(O)=O)CCC(O)=O	"InChI=1S/C9H15O6P/c10-7(11)1-4-16(5-2-8(12)13)6-3-9(14)15/h1-6H2,(H,10,11)(H,12,13)(H,14,15)"	Tris(2-carboxyethyl)phosphine	249.05234				5.185																																																																																																																																																																																																		
CHEBI:74099	C10H19NO3	CCCCCCCC(=O)NCC(O)=O	"InChI=1S/C10H19NO3/c1-2-3-4-5-6-7-9(12)11-8-10(13)14/h2-8H2,1H3,(H,11,12)(H,13,14)"	Capryloylglycine	200.12988				5.912																																																																																																																																																																																																		
CHEBI:228722	C11H10ClN3OS	ClC1=CC=C(C=2NN=C(SCC(=O)C)N2)C=C1	"InChI=1S/C11H10ClN3OS/c1-7(16)6-17-11-13-10(14-15-11)8-2-4-9(12)5-3-8/h2-5H,6H2,1H3,(H,13,14,15)"	"1-{[5-(4-chlorophenyl)-4H-1,2,4-triazol-3-yl]thio}acetone"	266.0192				5.564																																																																																																																																																																																																		
CHEBI:35697	C9H8O2	OC(=O)\C=C\c1ccccc1	"InChI=1S/C9H8O2/c10-9(11)7-6-8-4-2-1-3-5-8/h1-7H,(H,10,11)/b7-6+"	trans-Cinnamic acid	147.04499				5.539																																																																																																																																																																																																		
CHEBI:1457	C3H9NO3S	NCCCS(O)(=O)=O	"InChI=1S/C3H9NO3S/c4-2-1-3-8(5,6)7/h1-4H2,(H,5,6,7)"	Homotaurine	138.02272				1.308																																																																																																																																																																																																		
CHEBI:139582	C6H10N2O4	CC(=O)N[C@@H](CC(N)=O)C(O)=O	"InChI=1S/C6H10N2O4/c1-3(9)8-4(6(11)12)2-5(7)10/h4H,2H2,1H3,(H2,7,10)(H,8,9)(H,11,12)/t4-/m0/s1"	N-alpha-Acetyl-L-asparagine	173.05691				1.385																																																																																																																																																																																																		
CHEBI:17992	C12H22O11	OC[C@H]1O[C@H](O[C@]2(CO)O[C@H](CO)[C@@H](O)[C@@H]2O)[C@H](O)[C@@H](O)[C@@H]1O	"InChI=1S/C12H22O11/c13-1-4-6(16)8(18)9(19)11(21-4)23-12(3-15)10(20)7(17)5(2-14)22-12/h4-11,13-20H,1-3H2/t4-,5-,6-,7-,8+,9-,10+,11-,12+/m1/s1"	Sucrose	341.11067				1.359																																																																																																																																																																																																		
CHEBI:29019	C9H18O2	CCCCCCCCC(O)=O	"InChI=1S/C9H18O2/c1-2-3-4-5-6-7-8-9(10)11/h2-8H2,1H3,(H,10,11)"	Nonanoic acid	157.12335				5.935																																																																																																																																																																																																		
CHEBI:91315	C5H8O4	OC(=O)C(CC(O)=O)C	"InChI=1S/C5H8O4/c1-3(5(8)9)2-4(6)7/h3H,2H2,1H3,(H,6,7)(H,8,9)"	Methylsuccinic acid	131.03476				1.603																																																																																																																																																																																																		
CHEBI:165310	C20H30O5	O=C1[C@@H]([C@H](C=C1)/C=C/[C@@H](O)CCC[C@H](O)C)C/C=C\CCCC(O)=O	"InChI=1S/C20H30O5/c1-15(21)7-6-8-17(22)13-11-16-12-14-19(23)18(16)9-4-2-3-5-10-20(24)25/h2,4,11-18,21-22H,3,5-10H2,1H3,(H,24,25)/b4-2-,13-11+/t15-,16+,17+,18-/m1/s1"	19(R)-Hydroxy prostaglandin A2	349.2041				6.234																																																																																																																																																																																																		
CHEBI:15367	C20H28O2	CC(\C=C\C1=C(C)CCCC1(C)C)=C/C=C/C(C)=C/C(O)=O	"InChI=1S/C20H28O2/c1-15(8-6-9-16(2)14-19(21)22)11-12-18-17(3)10-7-13-20(18,4)5/h6,8-9,11-12,14H,7,10,13H2,1-5H3,(H,21,22)/b9-6+,12-11+,15-8+,16-14+"	Tretinoin	299.20333				7.621																																																																																																																																																																																																		
CHEBI:165313	C20H32O6	O[C@H]1[C@@H]([C@H](C(=O)C1)C/C=C\CCCC(O)=O)/C=C/[C@@H](O)CCC[C@H](O)C	"InChI=1S/C20H32O6/c1-14(21)7-6-8-15(22)11-12-17-16(18(23)13-19(17)24)9-4-2-3-5-10-20(25)26/h2,4,11-12,14-17,19,21-22,24H,3,5-10,13H2,1H3,(H,25,26)/b4-2-,12-11+/t14-,15+,16-,17-,19-/m1/s1"	19(R)-Hydroxy-prostaglandin E2	349.2042				6.883																																																																																																																																																																																																		
CHEBI:228723	C22H14O4	OC(=O)C=1C=2C(C=3C4=C(C=CC3)C=CC=C4C(O)=O)=CC=CC2C=CC1	"InChI=1S/C22H14O4/c23-21(24)17-11-3-7-13-5-1-9-15(19(13)17)16-10-2-6-14-8-4-12-18(20(14)16)22(25)26/h1-12H,(H,23,24)(H,25,26)"	"8,8'-dicarboxy-1,1'-binaphthalene"	341.08248				5.639																																																																																																																																																																																																		
CHEBI:17177	C9H10O	OCC=Cc1ccccc1	"InChI=1S/C9H10O/c10-8-4-7-9-5-2-1-3-6-9/h1-7,10H,8H2"	Cinnamyl alcohol	133.06553				5.818																																																																																																																																																																																																		
CHEBI:81559	C20H30O5	C(\[C@H](CCCC(O)=O)O)=C\C=C\C=C\[C@@H](C\C=C/C=C/[C@@H](CC)O)O	"InChI=1S/C20H30O5/c1-2-17(21)11-8-5-9-14-18(22)12-6-3-4-7-13-19(23)15-10-16-20(24)25/h3-9,11-13,17-19,21-23H,2,10,14-16H2,1H3,(H,24,25)/b4-3+,9-5-,11-8+,12-6+,13-7-/t17-,18+,19-/m1/s1"	Resolvin E1	349.20243				6.42																																																																																																																																																																																																		
CHEBI:189309	C11H12N4O	O(C1=CC=C(C=2N=C(N=C(N)C2)N)C=C1)C	"InChI=1S/C11H12N4O/c1-16-8-4-2-7(3-5-8)9-6-10(12)15-11(13)14-9/h2-6H,1H3,(H4,12,13,14,15)"	"6-(4-methoxyphenyl)pyrimidine-2,4-diamine"	169.08736				5.523																																																																																																																																																																																																		
CHEBI:228724	C7H6N2S	S=C1NC=2C(N1)=CC=CC2	"InChI=1S/C7H6N2S/c10-7-8-5-3-1-2-4-6(5)9-7/h1-4H,(H2,8,9,10)"	1H-benzo[d]imidazole-2-thiol	149.01752				5.333																																																																																																																																																																																																		
CHEBI:132983	C10H20O3	C(CC(CCCCCCC)O)(=O)O	"InChI=1S/C10H20O3/c1-2-3-4-5-6-7-9(11)8-10(12)13/h9,11H,2-8H2,1H3,(H,12,13)"	3-Hydroxydecanoic acid	187.13432				6.088																																																																																																																																																																																																		
CHEBI:78310	C22H20O13	C=1(C(=C2C(C3=C(C=C(O)C(C(O)=O)=C3C)C(C2=C(O)C1O)=O)=O)O)[C@@H]4O[C@@H]([C@H]([C@@H]([C@H]4O)O)O)CO	"InChI=1S/C22H20O13/c1-4-8-5(2-6(24)9(4)22(33)34)13(25)10-11(15(8)27)16(28)12(18(30)17(10)29)21-20(32)19(31)14(26)7(3-23)35-21/h2,7,14,19-21,23-24,26,28-32H,3H2,1H3,(H,33,34)/t7-,14-,19+,20-,21+/m1/s1"	Carminic acid	491.08746				5.405																																																																																																																																																																																																		
CHEBI:17622	C9H13N2O8P	O[C@H]1C[C@@H](O[C@@H]1COP(O)(O)=O)n1ccc(=O)[nH]c1=O	"InChI=1S/C9H13N2O8P/c12-5-3-8(11-2-1-7(13)10-9(11)14)19-6(5)4-18-20(15,16)17/h1-2,5-6,8,12H,3-4H2,(H,10,13,14)(H2,15,16,17)/t5-,6+,8+/m0/s1"	2'-Deoxyuridine-5-monophosphate	307.03004				5.576																																																																																																																																																																																																		
CHEBI:228725	C13H14O5	O1CCCOC2=C1C=C(C(=O)CCC(O)=O)C=C2	"InChI=1S/C13H14O5/c14-10(3-5-13(15)16)9-2-4-11-12(8-9)18-7-1-6-17-11/h2,4,8H,1,3,5-7H2,(H,15,16)"	"4-(3,4-dihydro-2H-1,5-benzodioxepin-7-yl)-4-oxobutanoic acid"	249.0781				5.7																																																																																																																																																																																																		
CHEBI:228726	C10H12O4	O(CCC(O)=O)C1=CC=C(OC)C=C1	"InChI=1S/C10H12O4/c1-13-8-2-4-9(5-3-8)14-7-6-10(11)12/h2-5H,6-7H2,1H3,(H,11,12)"	3-(4-methoxyphenoxy)propanoic acid	195.06673				5.891																																																																																																																																																																																																		
CHEBI:35096	C11H16O	CCC(C)(C)c1ccc(O)cc1	"InChI=1S/C11H16O/c1-4-11(2,3)9-5-7-10(12)8-6-9/h5-8,12H,4H2,1-3H3"	4-tert-Amylphenol	163.11279				5.471																																																																																																																																																																																																		
CHEBI:34939	C20H30O5	CC\C=C/C[C@H](O)\C=C\[C@@H]1[C@@H](C\C=C/CCCC(O)=O)[C@@H](O)CC1=O	"InChI=1S/C20H30O5/c1-2-3-6-9-15(21)12-13-17-16(18(22)14-19(17)23)10-7-4-5-8-11-20(24)25/h3-4,6-7,12-13,15-18,21-22H,2,5,8-11,14H2,1H3,(H,24,25)/b6-3-,7-4-,13-12+/t15-,16+,17+,18-/m0/s1"	Prostaglandin D3	331.19354				6.243																																																																																																																																																																																																		
CHEBI:88542	C11H14O3	CCCCOC(C1=CC=C(C=C1)O)=O	"InChI=1S/C11H14O3/c1-2-3-8-14-11(13)9-4-6-10(12)7-5-9/h4-7,12H,2-3,8H2,1H3"	Butylparaben	193.08755				5.847																																																																																																																																																																																																		
CHEBI:16217	C6H10O6	OC[C@H]1OC(=O)[C@H](O)[C@@H](O)[C@@H]1O	"InChI=1S/C6H10O6/c7-1-2-3(8)4(9)5(10)6(11)12-2/h2-5,7-10H,1H2/t2-,3-,4+,5-/m1/s1"	Gluconolactone	177.04091				1.552																																																																																																																																																																																																		
CHEBI:17013	C10H15N2O8P	Cc1cn([C@H]2C[C@H](O)[C@@H](COP(O)(O)=O)O2)c(=O)[nH]c1=O	"InChI=1S/C10H15N2O8P/c1-5-3-12(10(15)11-9(5)14)8-2-6(13)7(20-8)4-19-21(16,17)18/h3,6-8,13H,2,4H2,1H3,(H,11,14,15)(H2,16,17,18)/t6-,7+,8+/m0/s1"	dTMP	321.04881				5.857																																																																																																																																																																																																		
CHEBI:28635	C7H12O5	C(C(=O)O)C(C(=O)O)(O)C(C)C	"InChI=1S/C7H12O5/c1-4(2)7(12,6(10)11)3-5(8)9/h4,12H,3H2,1-2H3,(H,8,9)(H,10,11)"	2-Isopropylmalate	175.06126				5.268																																																																																																																																																																																																		
CHEBI:30860	C4H6O4	CC(C(O)=O)C(O)=O	"InChI=1S/C4H6O4/c1-2(3(5)6)4(7)8/h2H,1H3,(H,5,6)(H,7,8)"	Methylmalonate	117.01882				1.398																																																																																																																																																																																																		
CHEBI:228727	C15H12N2O3	O(C(=O)C=1C=C(NC(=O)C1C#N)C2=CC=CC=C2)CC	"InChI=1S/C15H12N2O3/c1-2-20-15(19)11-8-13(10-6-4-3-5-7-10)17-14(18)12(11)9-16/h3-8H,2H2,1H3,(H,17,18)"	ethyl 3-cyano-2-hydroxy-6-phenylisonicotinate	267.07867				5.722																																																																																																																																																																																																		
CHEBI:16204	C6H6O3	Oc1cc(O)cc(O)c1	"InChI=1S/C6H6O3/c7-4-1-5(8)3-6(9)2-4/h1-3,7-9H"	Phloroglucinol	125.02412				1.919																																																																																																																																																																																																		
CHEBI:37998	C26H43NO4	[H][C@]12CC[C@@]3([H])[C@]4([H])CC[C@]([H])([C@H](C)CCC(=O)NCC(O)=O)[C@@]4(C)CC[C@]3([H])[C@@]1(C)CC[C@@H](O)C2	"InChI=1S/C26H43NO4/c1-16(4-9-23(29)27-15-24(30)31)20-7-8-21-19-6-5-17-14-18(28)10-12-25(17,2)22(19)11-13-26(20,21)3/h16-22,28H,4-15H2,1-3H3,(H,27,29)(H,30,31)/t16-,17-,18-,19+,20-,21+,22+,25+,26-/m1/s1"	ST 24:1;O2;G	432.31424				7.036																																																																																																																																																																																																		
CHEBI:18240	C5H9NO3	OC1CN[C@@H](C1)C(O)=O	"InChI=1S/C5H9NO3/c7-3-1-4(5(8)9)6-2-3/h3-4,6-7H,1-2H2,(H,8,9)/t3?,4-/m0/s1"	L-Hydroxyproline	130.05081				2.551																																																																																																																																																																																																		
CHEBI:15555	C20H32O5	CCCCC[C@H](O)\C=C\[C@@H]1[C@@H](C\C=C/CCCC(O)=O)[C@@H](O)CC1=O	"InChI=1S/C20H32O5/c1-2-3-6-9-15(21)12-13-17-16(18(22)14-19(17)23)10-7-4-5-8-11-20(24)25/h4,7,12-13,15-18,21-22H,2-3,5-6,8-11,14H2,1H3,(H,24,25)/b7-4-,13-12+/t15-,16+,17+,18-/m0/s1"	Prostaglandin D2	351.21952				6.611																																																																																																																																																																																																		
CHEBI:4853	C15H16O9	OC[C@H]1O[C@@H](Oc2cc3ccc(=O)oc3cc2O)[C@H](O)[C@@H](O)[C@@H]1O	"InChI=1S/C15H16O9/c16-5-10-12(19)13(20)14(21)15(24-10)23-9-3-6-1-2-11(18)22-8(6)4-7(9)17/h1-4,10,12-17,19-21H,5H2/t10-,12-,13+,14-,15-/m1/s1"	Esculin	339.07558				1.302																																																																																																																																																																																																		
CHEBI:74324	C3H6O4	OC[C@H](O)C(O)=O	"InChI=1S/C3H6O4/c4-1-2(5)3(6)7/h2,4-5H,1H2,(H,6,7)/t2-/m0/s1"	L-(-)-Glyceric acid	105.0188				1.369																																																																																																																																																																																																		
CHEBI:28814	C14H12O4	OC1=CC(\C=C\C2=CC=C(O)C(O)=C2)=CC(O)=C1	"InChI=1S/C14H12O4/c15-11-5-10(6-12(16)8-11)2-1-9-3-4-13(17)14(18)7-9/h1-8,15-18H/b2-1+"	Piceatannol	243.06771				5.917																																																																																																																																																																																																		
CHEBI:17043	C12H10O	Oc1ccccc1-c1ccccc1	"InChI=1S/C12H10O/c13-12-9-5-4-8-11(12)10-6-2-1-3-7-10/h1-9,13H"	2-Phenylphenol	169.0662				5.921																																																																																																																																																																																																		
CHEBI:167719	C8H12O4	O1[C@@]2([C@@]([C@H]([C@H](O)C2)CO)(CC1=O)[H])[H]	"InChI=1S/C8H12O4/c9-3-5-4-1-8(11)12-7(4)2-6(5)10/h4-7,9-10H,1-3H2/t4-,5-,6-,7+/m1/s1"	Corey Lactone Diol	171.06604				5.764																																																																																																																																																																																																		
CHEBI:30887	C6H8O7	OC(C(CC(O)=O)C(O)=O)C(O)=O	"InChI=1S/C6H8O7/c7-3(8)1-2(5(10)11)4(9)6(12)13/h2,4,9H,1H2,(H,7,8)(H,10,11)(H,12,13)"	Isocitric acid	191.01968				5.247																																																																																																																																																																																																		
CHEBI:228728	C11H12O3	O1C(=CC=C1C(O)=O)C#CCCCC	"InChI=1S/C11H12O3/c1-2-3-4-5-6-9-7-8-10(14-9)11(12)13/h7-8H,2-4H2,1H3,(H,12,13)"	5-hex-1-ynyl-2-furoic acid	191.07176				5.305																																																																																																																																																																																																		
CHEBI:138822	C24H42O7	[C@@]1(C(=C(O)C(O1)=O)O)([C@H](COC(CCCCCCCCCCCCCCCCC)=O)O)[H]	"InChI=1S/C24H42O7/c1-2-3-4-5-6-7-8-9-10-11-12-13-14-15-16-17-20(26)30-18-19(25)23-21(27)22(28)24(29)31-23/h19,23,25,27-28H,2-18H2,1H3/t19-,23+/m0/s1"	Ascorbyl stearate	441.28835				6.659																																																																																																																																																																																																		
CHEBI:194279	C20H32O5	O[C@H]1[C@H]([C@H]([C@H](O)C1)/C=C/C(=O)CCCCC)C/C=C\CCCC(O)=O	"InChI=1S/C20H32O5/c1-2-3-6-9-15(21)12-13-17-16(18(22)14-19(17)23)10-7-4-5-8-11-20(24)25/h4,7,12-13,16-19,22-23H,2-3,5-6,8-11,14H2,1H3,(H,24,25)/b7-4-,13-12+/t16-,17+,18+,19+/m0/s1"	8-Iso-15-keto-prostaglandin-F2 beta	351.21973				5.924																																																																																																																																																																																																		
CHEBI:91133	C20H34O5	C1[C@H]2[C@@H]([C@H]([C@@H]1OO2)/C=C/[C@H](CCCCC)O)CCCCCCC(O)=O	"InChI=1S/C20H34O5/c1-2-3-6-9-15(21)12-13-17-16(18-14-19(17)25-24-18)10-7-4-5-8-11-20(22)23/h12-13,15-19,21H,2-11,14H2,1H3,(H,22,23)/b13-12+/t15-,16+,17+,18-,19+/m0/s1"	Prostaglandin H1	335.22296				6.303																																																																																																																																																																																																		
CHEBI:44510	C6H12O3	CC(C)C[C@H](O)C(O)=O	"InChI=1S/C6H12O3/c1-4(2)3-5(7)6(8)9/h4-5,7H,3H2,1-2H3,(H,8,9)/t5-/m0/s1"	(S)-Leucic acid	131.07105				5.587																																																																																																																																																																																																		
CHEBI:192605	C10H6O4	O1C=2C(C=C(C1=O)C(O)=O)=CC=CC2	"InChI=1S/C10H6O4/c11-9(12)7-5-6-3-1-2-4-8(6)14-10(7)13/h1-5H,(H,11,12)"	2-oxo-2H-chromene-3-carboxylic acid	189.01953				5.297																																																																																																																																																																																																		
CHEBI:37788	C9H12NO6P	N[C@@H](Cc1ccc(OP(O)(O)=O)cc1)C(O)=O	"InChI=1S/C9H12NO6P/c10-8(9(11)12)5-6-1-3-7(4-2-6)16-17(13,14)15/h1-4,8H,5,10H2,(H,11,12)(H2,13,14,15)/t8-/m0/s1"	O-Phospho-L-Tyrosine	260.03292				5.295																																																																																																																																																																																																		
CHEBI:16318	C6H5NO4	C1(=CC=C(C=C1O)[N+]([O-])=O)O	"InChI=1S/C6H5NO4/c8-5-2-1-4(7(10)11)3-6(5)9/h1-3,8-9H"	4-Nitrocatechol	154.01433				5.278																																																																																																																																																																																																		
CHEBI:90324	C4H9NO5S	OC(C(CCS(O)(=O)=O)N)=O	"InChI=1S/C4H9NO5S/c5-3(4(6)7)1-2-11(8,9)10/h3H,1-2,5H2,(H,6,7)(H,8,9,10)"	Homocysteic acid	182.01315				1.352																																																																																																																																																																																																		
CHEBI:165314	C20H36O6	O[C@@H]1[C@@H]([C@H]([C@H](O)C1)/C=C/[C@@H](O)CCC[C@H](O)C)CCCCCCC(O)=O	"InChI=1S/C20H36O6/c1-14(21)7-6-8-15(22)11-12-17-16(18(23)13-19(17)24)9-4-2-3-5-10-20(25)26/h11-12,14-19,21-24H,2-10,13H2,1H3,(H,25,26)/b12-11+/t14-,15+,16-,17-,18+,19-/m1/s1"	"15(R),19(R)-Hydroxy prostaglandin F1alpha"	353.23512				6.144																																																																																																																																																																																																		
CHEBI:136218	C24H47O9P	[C@](CO*)(O*)([H])COP(OCC(CO)O)(=O)O		LPG 18:1	509.29159				11.083																																																																																																																																																																																																		
CHEBI:28054	C7H8O	Cc1ccccc1O	"InChI=1S/C7H8O/c1-6-4-2-3-5-7(6)8/h2-5,8H,1H3"	o-Cresol	107.04988				5.754																																																																																																																																																																																																		
CHEBI:50519	C2H4O5S	OC(=O)CS(O)(=O)=O	"InChI=1S/C2H4O5S/c3-2(4)1-8(5,6)7/h1H2,(H,3,4)(H,5,6,7)"	Sulfoacetic acid	138.97038				1.309																																																																																																																																																																																																		
CHEBI:16243	C15H10O7	OC1=CC(O)=C2C(OC(=C(O)C2=O)C2=CC(O)=C(O)C=C2)=C1	"InChI=1S/C15H10O7/c16-7-4-10(19)12-11(5-7)22-15(14(21)13(12)20)6-1-2-8(17)9(18)3-6/h1-5,16-19,21H"	Quercetin	301.0371				5.795																																																																																																																																																																																																		
CHEBI:165304	C20H36O6	O[C@H]1[C@@H]([C@@H](CCCCCCC(O)=O)C(=O)C1)CC[C@@H](O)CCC[C@H](O)C	"InChI=1S/C20H36O6/c1-14(21)7-6-8-15(22)11-12-17-16(18(23)13-19(17)24)9-4-2-3-5-10-20(25)26/h14-17,19,21-22,24H,2-13H2,1H3,(H,25,26)/t14-,15+,16-,17-,19-/m1/s1"	"13,14-dihydro-19(R)-hydroxy Prostaglandin E1"	371.24667				6.416																																																																																																																																																																																																		
CHEBI:194279	C20H32O5	O[C@H]1[C@H]([C@H]([C@H](O)C1)/C=C/C(=O)CCCCC)C/C=C\CCCC(O)=O	"InChI=1S/C20H32O5/c1-2-3-6-9-15(21)12-13-17-16(18(22)14-19(17)23)10-7-4-5-8-11-20(24)25/h4,7,12-13,16-19,22-23H,2-3,5-6,8-11,14H2,1H3,(H,24,25)/b7-4-,13-12+/t16-,17+,18+,19+/m0/s1"	15-Keto prostaglandin F2 alpha	333.20939				5.87																																																																																																																																																																																																		
CHEBI:30813	C10H20O2	C(CCCCCC)CCC(=O)O	"InChI=1S/C10H20O2/c1-2-3-4-5-6-7-8-9-10(11)12/h2-9H2,1H3,(H,11,12)"	Decanoic acid	171.13916				6.166																																																																																																																																																																																																		
				"16-(Hexopyranosyloxy)-7-hydroxy-8,9-epoxypimaran-18-oic acid"	513.27306				7.516																																																																																																																																																																																																		
CHEBI:34444	C10H14O	CC(C)(C)c1ccc(O)cc1	"InChI=1S/C10H14O/c1-10(2,3)8-4-6-9(11)7-5-8/h4-7,11H,1-3H3"	4-tert-butylphenol	149.0969				0.43																																																																																																																																																																																																		
CHEBI:68428	C12H24O11	OC[C@H](O)[C@@H](O)[C@H](O[C@H]1O[C@H](CO)[C@@H](O)[C@H](O)[C@H]1O)[C@H](O)CO	"InChI=1S/C12H24O11/c13-1-4(16)7(18)11(5(17)2-14)23-12-10(21)9(20)8(19)6(3-15)22-12/h4-21H,1-3H2/t4-,5+,6+,7+,8+,9-,10+,11+,12+/m0/s1"	Maltitol	343.12631				1.322																																																																																																																																																																																																		
CHEBI:18152	C15H10O8	Oc1cc(O)c2c(c1)oc(-c1cc(O)c(O)c(O)c1)c(O)c2=O	"InChI=1S/C15H10O8/c16-6-3-7(17)11-10(4-6)23-15(14(22)13(11)21)5-1-8(18)12(20)9(19)2-5/h1-4,16-20,22H"	Myricetin	317.03484				4.843																																																																																																																																																																																																		
CHEBI:72663	C18H34O4	CCCCC\C=C/CC(O)C(O)CCCCCCCC(O)=O	"InChI=1S/C18H34O4/c1-2-3-4-5-7-10-13-16(19)17(20)14-11-8-6-9-12-15-18(21)22/h7,10,16-17,19-20H,2-6,8-9,11-15H2,1H3,(H,21,22)/b10-7-"	()9(10)-DiHOME	313.2403				7.252																																																																																																																																																																																																		
CHEBI:28201	C23H22O6	[H][C@@]1(CC2=C3O[C@]4([H])COC5=C(C=C(OC)C(OC)=C5)[C@]4([H])C(=O)C3=CC=C2O1)C(C)=C	"InChI=1S/C23H22O6/c1-11(2)16-8-14-15(28-16)6-5-12-22(24)21-13-7-18(25-3)19(26-4)9-17(13)27-10-20(21)29-23(12)14/h5-7,9,16,20-21H,1,8,10H2,2-4H3/t16-,20-,21+/m1/s1"	Rotenone	393.13135				5.006																																																																																																																																																																																																		
CHEBI:28750	C21H32O3	CC(=O)[C@@]1(O)CC[C@H]2[C@@H]3CC=C4C[C@@H](O)CC[C@]4(C)[C@H]3CC[C@]12C	"InChI=1S/C21H32O3/c1-13(22)21(24)11-8-18-16-5-4-14-12-15(23)6-9-19(14,2)17(16)7-10-20(18,21)3/h4,15-18,23-24H,5-12H2,1-3H3/t15-,16+,17-,18-,19-,20-,21-/m0/s1"	17-Hydroxypregnenolone	331.23006				7.088																																																																																																																																																																																																		
CHEBI:93822	C8H9NO4	C1=C(C=C(C=C1O)O)C(C(=O)O)N	"InChI=1S/C8H9NO4/c9-7(8(12)13)4-1-5(10)3-6(11)2-4/h1-3,7,10-11H,9H2,(H,12,13)"	"3,5-Dihydroxyphenylglycine"	182.04647				5.303																																																																																																																																																																																																		
CHEBI:32063	C10H12O3	CCCOC(=O)c1ccc(O)cc1	"InChI=1S/C10H12O3/c1-2-7-13-10(12)8-3-5-9(11)6-4-8/h3-6,11H,2,7H2,1H3"	Propylparaben	179.07101				6.551																																																																																																																																																																																																		
CHEBI:9347	C26H43NO7S	[H][C@]12CC[C@@]3([H])[C@]4([H])CC[C@]([H])([C@H](C)CCC(=O)NCC(O)=O)[C@@]4(C)CC[C@]3([H])[C@@]1(C)CC[C@H](C2)OS(O)(=O)=O	"InChI=1S/C26H43NO7S/c1-16(4-9-23(28)27-15-24(29)30)20-7-8-21-19-6-5-17-14-18(34-35(31,32)33)10-12-25(17,2)22(19)11-13-26(20,21)3/h16-22H,4-15H2,1-3H3,(H,27,28)(H,29,30)(H,31,32,33)/t16-,17-,18-,19+,20-,21+,22+,25+,26-/m1/s1"	ST 24:1;O3;G;S	512.27149				6.613																																																																																																																																																																																																		
CHEBI:63625	C9H14N5O4P	C[C@H](Cn1cnc2c(N)ncnc12)OCP(O)(O)=O	"InChI=1S/C9H14N5O4P/c1-6(18-5-19(15,16)17)2-14-4-13-7-8(10)11-3-12-9(7)14/h3-4,6H,2,5H2,1H3,(H2,10,11,12)(H2,15,16,17)/t6-/m1/s1"	Tenofovir	286.07622				5.246																																																																																																																																																																																																		
CHEBI:32368	C11H22O2	CCCCCCCCCCC(O)=O	"InChI=1S/C11H22O2/c1-2-3-4-5-6-7-8-9-10-11(12)13/h2-10H2,1H3,(H,12,13)"	Undecanoic acid	185.15505				6.36																																																																																																																																																																																																		
CHEBI:228729	C11H11N3O2S	S1C(NC2=CC=NC=C2)=NC(=C1)C(OCC)=O	"InChI=1S/C11H11N3O2S/c1-2-16-10(15)9-7-17-11(14-9)13-8-3-5-12-6-4-8/h3-7H,2H2,1H3,(H,12,13,14)"	"ethyl 2-(pyridin-4-ylamino)-1,3-thiazole-4-carboxylate"	248.05093				5.473																																																																																																																																																																																																		
CHEBI:15887	C5H11NO2	NCCCCC(O)=O	"InChI=1S/C5H11NO2/c6-4-2-1-3-5(7)8/h1-4,6H2,(H,7,8)"	5-Aminopentanoate	116.07114				5.209																																																																																																																																																																																																		
CHEBI:91218	C18H32O5	C(CCCCCCCC(/C=C/C(C(C/C=C\CC)O)O)O)(O)=O	"InChI=1S/C18H32O5/c1-2-3-7-11-16(20)17(21)14-13-15(19)10-8-5-4-6-9-12-18(22)23/h3,7,13-17,19-21H,2,4-6,8-12H2,1H3,(H,22,23)/b7-3-,14-13+"	Corchorifatty acid F	327.21947				6.058																																																																																																																																																																																																		
CHEBI:14336	C3H9O6P	OCC(O)COP(O)(O)=O	"InChI=1S/C3H9O6P/c4-1-3(5)2-9-10(6,7)8/h3-5H,1-2H2,(H2,6,7,8)"	Glycerol 3-phosphate	171.00653				1.298																																																																																																																																																																																																		
				4-(2-((4-Cyanophenyl)amino)oxazol-5-yl)benzonitrile	285.07889				5.448																																																																																																																																																																																																		
CHEBI:16960	C15H23N5O14P2	Nc1ncnc2n(cnc12)[C@@H]1O[C@H](COP(O)(=O)OP(O)(=O)OC[C@H]2OC(O)[C@H](O)[C@@H]2O)[C@@H](O)[C@H]1O	"InChI=1S/C15H23N5O14P2/c16-12-7-13(18-3-17-12)20(4-19-7)14-10(23)8(21)5(32-14)1-30-35(26,27)34-36(28,29)31-2-6-9(22)11(24)15(25)33-6/h3-6,8-11,14-15,21-25H,1-2H2,(H,26,27)(H,28,29)(H2,16,17,18)/t5-,6-,8-,9-,10-,11-,14-,15?/m1/s1"	Adenosine diphosphate ribose	558.06716				1.207																																																																																																																																																																																																		
CHEBI:30797	C4H6O5	O[C@@H](CC(O)=O)C(O)=O	"InChI=1S/C4H6O5/c5-2(4(8)9)1-3(6)7/h2,5H,1H2,(H,6,7)(H,8,9)/t2-/m0/s1"	L-Malate	133.01408				5.829																																																																																																																																																																																																		
CHEBI:4038	C19H22O6	OCC(=C)C(=O)O[C@H]1CC(=C)[C@@H]2C[C@H](O)C(=C)[C@@H]2[C@H]2OC(=O)C(=C)[C@H]12	"InChI=1S/C19H22O6/c1-8-5-14(24-18(22)9(2)7-20)16-11(4)19(23)25-17(16)15-10(3)13(21)6-12(8)15/h12-17,20-21H,1-7H2/t12-,13-,14-,15-,16+,17+/m0/s1"	Cynaropicrin	391.14226				5.909																																																																																																																																																																																																		
CHEBI:228730	C9H12N2O6S2	S(=O)(=O)(N(S(=O)(=O)C)C1=C(C=CC([N+]([O-])=O)=C1)C)C	"InChI=1S/C9H12N2O6S2/c1-7-4-5-8(10(12)13)6-9(7)11(18(2,14)15)19(3,16)17/h4-6H,1-3H3"	N-(2-methyl-5-nitrophenyl)-N-(methylsulfonyl)methanesulfonamide	307.00781				5.04																																																																																																																																																																																																		
CHEBI:18101	C8H8O3	OC(=O)Cc1ccc(O)cc1	"InChI=1S/C8H8O3/c9-7-3-1-6(2-4-7)5-8(10)11/h1-4,9H,5H2,(H,10,11)"	4-Hydroxyphenylacetic acid	151.04003				1.566																																																																																																																																																																																																		
CHEBI:2515	C22H26O11	[H][C@@]12C=CO[C@@H](O[C@]3([H])O[C@H](CO)[C@@H](O)[C@H](O)[C@H]3O)[C@]1([H])C(COC(=O)C1=CC=C(O)C=C1)=C[C@H]2O	"InChI=1S/C22H26O11/c23-8-15-17(26)18(27)19(28)22(32-15)33-21-16-11(7-14(25)13(16)5-6-30-21)9-31-20(29)10-1-3-12(24)4-2-10/h1-7,13-19,21-28H,8-9H2/t13-,14+,15+,16+,17+,18-,19+,21-,22-/m0/s1"	Agnuside	465.14194				5.625																																																																																																																																																																																																		
CHEBI:228798	C20H34O5	O[C@H]1[C@@H]([C@@H]([C@@H](O)C1)/C=C/C(O)CCCC(O)=O)C/C=C\CCCCC	"InChI=1S/C20H34O5/c1-2-3-4-5-6-7-10-16-17(19(23)14-18(16)22)13-12-15(21)9-8-11-20(24)25/h6-7,12-13,15-19,21-23H,2-5,8-11,14H2,1H3,(H,24,25)/b7-6-,13-12+/t15?,16-,17+,18-,19+/m1/s1"	(+/-)5-iPF2alpha-VI	353.23545				6.665																																																																																																																																																																																																		
CHEBI:16742	C5H4N2O4	OC(=O)c1cc(=O)[nH]c(=O)[nH]1	"InChI=1S/C5H4N2O4/c8-3-1-2(4(9)10)6-5(11)7-3/h1H,(H,9,10)(H2,6,7,8,11)"	Orotic Acid	155.00978				1.401																																																																																																																																																																																																		
CHEBI:183663	C18H19F3N2O2	FC(F)(F)OC1=CC=C(NC(=O)N(C(C)C)CC2=CC=CC=C2)C=C1	"InChI=1S/C18H19F3N2O2/c1-13(2)23(12-14-6-4-3-5-7-14)17(24)22-15-8-10-16(11-9-15)25-18(19,20)21/h3-11,13H,12H2,1-2H3,(H,22,24)"	N-benzyl-N-isopropyl-N'-[4-(trifluoromethoxy)phenyl]urea	351.12917				6.551																																																																																																																																																																																																		
CHEBI:77092	C15H13N3O2S	COC(=O)Nc1nc2cc(Sc3ccccc3)ccc2[nH]1	"InChI=1S/C15H13N3O2S/c1-20-15(19)18-14-16-12-8-7-11(9-13(12)17-14)21-10-5-3-2-4-6-10/h2-9H,1H3,(H2,16,17,18,19)"	Fenbendazole	298.06553				6.384																																																																																																																																																																																																		
CHEBI:32398	C3H6O4	OC[C@@H](O)C(O)=O	"InChI=1S/C3H6O4/c4-1-2(5)3(6)7/h2,4-5H,1H2,(H,6,7)/t2-/m1/s1"	"(2R)-2,3-Dihydroxypropanoic acid"	105.01877				0.683																																																																																																																																																																																																		
CHEBI:34741	C15H14O3	Oc1ccc(cc1)[C@H]1COc2cc(O)ccc2C1	"InChI=1S/C15H14O3/c16-13-4-1-10(2-5-13)12-7-11-3-6-14(17)8-15(11)18-9-12/h1-6,8,12,16-17H,7,9H2/t12-/m1/s1"	Equol	241.08795				5.575																																																																																																																																																																																																		
CHEBI:183374	C13H8ClF3N2O	ClC1=CC=C(NC(=O)C2=C(C=CN=C2)C(F)(F)F)C=C1	"InChI=1S/C13H8ClF3N2O/c14-8-1-3-9(4-2-8)19-12(20)10-7-18-6-5-11(10)13(15,16)17/h1-7H,(H,19,20)"	N3-(4-chlorophenyl)-4-(trifluoromethyl)nicotinamide	299.02128				5.862																																																																																																																																																																																																		
CHEBI:228731	C15H9ClN2O3	ClC1=CC=C(N2N=C(C=3C(C2=O)=CC=CC3)C(O)=O)C=C1	"InChI=1S/C15H9ClN2O3/c16-9-5-7-10(8-6-9)18-14(19)12-4-2-1-3-11(12)13(17-18)15(20)21/h1-8H,(H,20,21)"	"3-(4-chlorophenyl)-4-oxo-3,4-dihydrophthalazine-1-carboxylic acid"	299.02175				6.334																																																																																																																																																																																																		
CHEBI:17622	C9H13N2O8P	O[C@H]1C[C@@H](O[C@@H]1COP(O)(O)=O)n1ccc(=O)[nH]c1=O	"InChI=1S/C9H13N2O8P/c12-5-3-8(11-2-1-7(13)10-9(11)14)19-6(5)4-18-20(15,16)17/h1-2,5-6,8,12H,3-4H2,(H,10,13,14)(H2,15,16,17)/t5-,6+,8+/m0/s1"	dUMP	307.03345				5.626																																																																																																																																																																																																		
CHEBI:228732	C10H10N2O4	O1N=C(C2=C1NC=C(C2=O)C(OCC)=O)C	"InChI=1S/C10H10N2O4/c1-3-15-10(14)6-4-11-9-7(8(6)13)5(2)12-16-9/h4H,3H2,1-2H3,(H,11,13)"	"ethyl 4-hydroxy-3-methylisoxazolo[5,4-b]pyridine-5-carboxylate"	221.05714				4.972																																																																																																																																																																																																		
CHEBI:189518	C21H25ClN2O4	ClC1=CC=C(C(N2CC[N+]([O-])(CC2)CCOCC(O)=O)C3=CC=CC=C3)C=C1	"InChI=1S/C21H25ClN2O4/c22-19-8-6-18(7-9-19)21(17-4-2-1-3-5-17)23-10-12-24(27,13-11-23)14-15-28-16-20(25)26/h1-9,21H,10-16H2,(H,25,26)"	Cetirizine N-oxide	403.14492				6.069																																																																																																																																																																																																		
CHEBI:228733	C16H19FINO3	IC1=CC(F)=C(NC(=O)CC2(CCCCC2)CC(O)=O)C=C1	"InChI=1S/C16H19FINO3/c17-12-8-11(18)4-5-13(12)19-14(20)9-16(10-15(21)22)6-2-1-3-7-16/h4-5,8H,1-3,6-7,9-10H2,(H,19,20)(H,21,22)"	2-{1-[2-(2-fluoro-4-iodoanilino)-2-oxoethyl]cyclohexyl}acetic acid	418.03271				5.055																																																																																																																																																																																																		
CHEBI:190637	C18H18N2OS	S1C=C(C(=O)C(=CNC2=CC=C(C(C)(C)C)C=C2)C#N)C=C1	"InChI=1S/C18H18N2OS/c1-18(2,3)15-4-6-16(7-5-15)20-11-14(10-19)17(21)13-8-9-22-12-13/h4-9,11-12,20H,1-3H3"	3-[4-(tert-butyl)anilino]-2-(3-thienylcarbonyl)acrylonitrile	309.10881				5.504																																																																																																																																																																																																		
CHEBI:228734	C13H9F3N2OS	S=C(N)C1=CC=C(OC2=NC=C(C=C2)C(F)(F)F)C=C1	"InChI=1S/C13H9F3N2OS/c14-13(15,16)9-3-6-11(18-7-9)19-10-4-1-8(2-5-10)12(17)20/h1-7H,(H2,17,20)"	4-{[5-(trifluoromethyl)-2-pyridyl]oxy}benzene-1-carbothioamide	343.0405				5.302																																																																																																																																																																																																		
CHEBI:25722	C10H12N2O8	OC[C@H]1O[C@H]([C@H](O)[C@@H]1O)n1c(cc(=O)[nH]c1=O)C(O)=O	"InChI=1S/C10H12N2O8/c13-2-4-6(15)7(16)8(20-4)12-3(9(17)18)1-5(14)11-10(12)19/h1,4,6-8,13,15-16H,2H2,(H,17,18)(H,11,14,19)/t4-,6-,7-,8-/m1/s1"	Orotidine	287.05368				1.35																																																																																																																																																																																																		
CHEBI:228735	C12H14N4O2S2	S1C(NC(=O)CN2CCOCC2)=NN=C1C=3SC=CC3	"InChI=1S/C12H14N4O2S2/c17-10(8-16-3-5-18-6-4-16)13-12-15-14-11(20-12)9-2-1-7-19-9/h1-2,7H,3-6,8H2,(H,13,15,17)"	"2-morpholino-N-[5-(2-thienyl)-1,3,4-thiadiazol-2-yl]acetamide"	309.04718				1.394																																																																																																																																																																																																		
CHEBI:16356	C10H12N5O7P	Nc1nc2n(cnc2c(=O)[nH]1)[C@@H]1O[C@@H]2COP(O)(=O)O[C@H]2[C@H]1O	"InChI=1S/C10H12N5O7P/c11-10-13-7-4(8(17)14-10)12-2-15(7)9-5(16)6-3(21-9)1-20-23(18,19)22-6/h2-3,5-6,9,16H,1H2,(H,18,19)(H3,11,13,14,17)/t3-,5-,6-,9-/m1/s1"	cGMP	344.04173				3.411																																																																																																																																																																																																		
CHEBI:173542	C6H12O3	O(CCCC)CC(O)=O	"InChI=1S/C6H12O3/c1-2-3-4-9-5-6(7)8/h2-5H2,1H3,(H,7,8)"	2-Butoxyacetic acid	131.07131				5.264																																																																																																																																																																																																		
CHEBI:183344	C6H14N2OS	S=C(NCCC)NCCO	"InChI=1S/C6H14N2OS/c1-2-3-7-6(10)8-4-5-9/h9H,2-5H2,1H3,(H2,7,8,10)"	N-(2-hydroxyethyl)-N'-propylthiourea	211.07756				6.051																																																																																																																																																																																																		
CHEBI:18344	C10H7NO3	OC(=O)c1cc(O)c2ccccc2n1	"InChI=1S/C10H7NO3/c12-9-5-8(10(13)14)11-7-4-2-1-3-6(7)9/h1-5H,(H,11,12)(H,13,14)"	Kynurenate	188.0308				5.383																																																																																																																																																																																																		
CHEBI:190548	C24H33ClN2O2	ClC1=C(N)C=C(NC(=O)COC2=C(C(CC)(C)C)C=C(C(CC)(C)C)C=C2)C=C1	"InChI=1S/C24H33ClN2O2/c1-7-23(3,4)16-9-12-21(18(13-16)24(5,6)8-2)29-15-22(28)27-17-10-11-19(25)20(26)14-17/h9-14H,7-8,15,26H2,1-6H3,(H,27,28)"	"N1-(3-amino-4-chlorophenyl)-2-[2,4-di(tert-pentyl)phenoxy]acetamide"	415.21191				5.778																																																																																																																																																																																																		
CHEBI:228736	C18H20N2S	S1C2(NC=3C1=CC=CC3)CCN(CC2)CC4=CC=CC=C4	"InChI=1S/C18H20N2S/c1-2-6-15(7-3-1)14-20-12-10-18(11-13-20)19-16-8-4-5-9-17(16)21-18/h1-9,19H,10-14H2"	"2,3-dihydro-2-spiro[1-(benzyl)piperidin-4-yl]-1,3-benzothiazole"	295.12377				5.827																																																																																																																																																																																																		
				5-(3-Nitrophenyl)-N-phenyloxazol-2-amine	280.07631				5.56																																																																																																																																																																																																		
CHEBI:34494	C18H32O3	CCCCC\C=C/CC1OC1CCCCCCCC(O)=O	"InChI=1S/C18H32O3/c1-2-3-4-5-7-10-13-16-17(21-16)14-11-8-6-9-12-15-18(19)20/h7,10,16-17H,2-6,8-9,11-15H2,1H3,(H,19,20)/b10-7-"	()9(10)-EpOME	341.23518				6.235																																																																																																																																																																																																		
CHEBI:73722	C16H30O4	OC(=O)CCCCCCCCCCCCCCC(O)=O	"InChI=1S/C16H30O4/c17-15(18)13-11-9-7-5-3-1-2-4-6-8-10-12-14-16(19)20/h1-14H2,(H,17,18)(H,19,20)"	Hexadecanedioic acid	285.20876				6.856																																																																																																																																																																																																		
CHEBI:59612	C14H11Cl2NO3	OC(=O)Cc1cc(O)ccc1Nc1c(Cl)cccc1Cl	"InChI=1S/C14H11Cl2NO3/c15-10-2-1-3-11(16)14(10)17-12-5-4-9(18)6-8(12)7-13(19)20/h1-6,17-18H,7H2,(H,19,20)"	5-Hydroxydiclofenac	310.00668				6.349																																																																																																																																																																																																		
CHEBI:183323	C20H19N5O4	O=C(NCCCN1C=CN=C1)C=2C(NC(=O)C3=CC=C([N+]([O-])=O)C=C3)=CC=CC2	"InChI=1S/C20H19N5O4/c26-19(15-6-8-16(9-7-15)25(28)29)23-18-5-2-1-4-17(18)20(27)22-10-3-12-24-13-11-21-14-24/h1-2,4-9,11,13-14H,3,10,12H2,(H,22,27)(H,23,26)"	N1-[3-(1H-imidazol-1-yl)propyl]-2-[(4-nitrobenzoyl)amino]benzamide	392.14063				5.355																																																																																																																																																																																																		
CHEBI:30796	C4H6O5	O[C@H](CC(O)=O)C(O)=O	"InChI=1S/C4H6O5/c5-2(4(8)9)1-3(6)7/h2,5H,1H2,(H,6,7)(H,8,9)/t2-/m1/s1"	D-(+)-Malic acid	133.014				5.458																																																																																																																																																																																																		
CHEBI:228737	C10H8N4S	S(C1=NC=2NC=3C(C2N=N1)=CC=CC3)C	"InChI=1S/C10H8N4S/c1-15-10-12-9-8(13-14-10)6-4-2-3-5-7(6)11-9/h2-5H,1H3,(H,11,12,14)"	"3-(methylsulfanyl)-5H-[1,2,4]triazino[5,6-b]indole"	215.03947				3.93																																																																																																																																																																																																		
CHEBI:183771	C8H7N5	N12N=C(C=C1N=NC(=C2C)C#N)C	"InChI=1S/C8H7N5/c1-5-3-8-11-10-7(4-9)6(2)13(8)12-5/h3H,1-2H3"	"4,7-dimethylpyrazolo[5,1-c][1,2,4]triazine-3-carbonitrile"	172.06145				2.739																																																																																																																																																																																																		
CHEBI:18406	C9H15N4O8P	NC(=O)c1ncn([C@@H]2O[C@H](COP(O)(O)=O)[C@@H](O)[C@H]2O)c1N	"InChI=1S/C9H15N4O8P/c10-7-4(8(11)16)12-2-13(7)9-6(15)5(14)3(21-9)1-20-22(17,18)19/h2-3,5-6,9,14-15H,1,10H2,(H2,11,16)(H2,17,18,19)/t3-,5-,6-,9-/m1/s1"	AICA ribonucleotide	337.05618				5.55																																																																																																																																																																																																		
CHEBI:228738	C16H15Cl2NO3	ClC=1C=C(C(=O)NC2=CC=C(OCCOC)C=C2)C=CC1Cl	"InChI=1S/C16H15Cl2NO3/c1-21-8-9-22-13-5-3-12(4-6-13)19-16(20)11-2-7-14(17)15(18)10-11/h2-7,10H,8-9H2,1H3,(H,19,20)"	"3,4-dichloro-N-[4-(2-methoxyethoxy)phenyl]benzamide"	338.03726				6.14																																																																																																																																																																																																		
CHEBI:72595	C20H32O6	CCCCCC(=O)\C=C\[C@H]1[C@H](O)C[C@H](O)[C@@H]1CC(=O)CCCCC(O)=O	"InChI=1S/C20H32O6/c1-2-3-4-7-14(21)10-11-16-17(19(24)13-18(16)23)12-15(22)8-5-6-9-20(25)26/h10-11,16-19,23-24H,2-9,12-13H2,1H3,(H,25,26)/b11-10+/t16-,17-,18-,19+/m1/s1"	"13,14-dihydro Prostaglandin F1 alpha"	393.24201				5.944																																																																																																																																																																																																		
CHEBI:17969	C7H16O13P2	O[C@H](COP(O)(O)=O)[C@@H](O)[C@@H](O)[C@H](O)C(=O)COP(O)(O)=O	"InChI=1S/C7H16O13P2/c8-3(1-19-21(13,14)15)5(10)7(12)6(11)4(9)2-20-22(16,17)18/h3,5-8,10-12H,1-2H2,(H2,13,14,15)(H2,16,17,18)/t3-,5-,6-,7-/m1/s1"	"Sedoheptulose 1,7-bisphosphate"	368.9993				6.414																																																																																																																																																																																																		
CHEBI:189117	C21H18D9NO	O=C(C(CC(N(C([2H])([2H])[2H])C([2H])([2H])[2H])C)(C1=CC=CC=C1)C2=CC=CC=C2)CC([2H])([2H])[2H]	"InChI=1S/C21H27NO/c1-5-20(23)21(16-17(2)22(3)4,18-12-8-6-9-13-18)19-14-10-7-11-15-19/h6-15,17H,5,16H2,1-4H3/i1D3,3D3,4D3"	methadone-d9	316.95004				1.158																																																																																																																																																																																																		
CHEBI:17369	C6H13O9P			D-Mannose 6-phosphate	259.01988				5.917																																																																																																																																																																																																		
CHEBI:16584	C5H12O7P2	CC(=C)CCOP(O)(=O)OP(O)(O)=O	"InChI=1S/C5H12O7P2/c1-5(2)3-4-11-14(9,10)12-13(6,7)8/h1,3-4H2,2H3,(H,9,10)(H2,6,7,8)"	Isopentenyl pyrophosphate	244.9985				2.88																																																																																																																																																																																																		
CHEBI:189498	C18H24FN3	FC1=CC=2NC(=NC2C=C1)[C@@]3(CN(CC4CCCCC4)CC3)[H]	"InChI=1S/C18H24FN3/c19-15-6-7-16-17(10-15)21-18(20-16)14-8-9-22(12-14)11-13-4-2-1-3-5-13/h6-7,10,13-14H,1-5,8-9,11-12H2,(H,20,21)/t14-/m0/s1"	2-[(3S)-1-(Cyclohexylmethyl)-3-pyrrolidinyl]-5-fluoro-1H-benzimidazole	300.18325				6.349																																																																																																																																																																																																		
CHEBI:228739	C20H32O5	O[C@@H]1[C@@H]([C@H]([C@H](O)C1)C=C[C@@H](O)C/C=C/CC)C/C=C/CCCC(O)=O	"InChI=1S/C20H32O5/c1-2-3-6-9-15(21)12-13-17-16(18(22)14-19(17)23)10-7-4-5-8-11-20(24)25/h3-4,6-7,12-13,15-19,21-23H,2,5,8-11,14H2,1H3,(H,24,25)/b6-3+,7-4+,13-12?/t15-,16+,17+,18-,19+/m0/s1"	Prostaglandin F3 alpha	397.22554				7.707																																																																																																																																																																																																		
CHEBI:228740	C14H8N2O2S	S1C(C=2C=C(NC(=O)C2C#N)C=3OC=CC3)=CC=C1	"InChI=1S/C14H8N2O2S/c15-8-10-9(13-4-2-6-19-13)7-11(16-14(10)17)12-3-1-5-18-12/h1-7H,(H,16,17)"	6-(2-furyl)-2-hydroxy-4-(2-thienyl)nicotinonitrile	267.0272				5.223																																																																																																																																																																																																		
CHEBI:228741	C15H11NO4	OC(=O)\C(\C1=CC=CC=C1)=C\C2=CC([N+]([O-])=O)=CC=C2	"InChI=1S/C15H11NO4/c17-15(18)14(12-6-2-1-3-7-12)10-11-5-4-8-13(9-11)16(19)20/h1-10H,(H,17,18)/b14-10+"	3-(3-nitrophenyl)-2-phenylacrylic acid	289.03677				5.408																																																																																																																																																																																																		
CHEBI:228742	C14H12N2OS	S1C(C(=O)C(=CC=2NC(=CC2C)C)C#N)=CC=C1	"InChI=1S/C14H12N2OS/c1-9-6-10(2)16-12(9)7-11(8-15)14(17)13-4-3-5-18-13/h3-7,16H,1-2H3"	"3-(3,5-dimethyl-1H-pyrrol-2-yl)-2-(2-thienylcarbonyl)acrylonitrile"	255.06047				5.307																																																																																																																																																																																																		
CHEBI:228743	C15H12O3	O=C(C=1C=C(C=CC1)C)C=2C(=CC=CC2)C(O)=O	"InChI=1S/C15H12O3/c1-10-5-4-6-11(9-10)14(16)12-7-2-3-8-13(12)15(17)18/h2-9H,1H3,(H,17,18)"	2-(3-methylbenzoyl)benzoic acid	239.07252				5.343																																																																																																																																																																																																		
CHEBI:16345	C3H7NO4S	N[C@@H](CS(O)=O)C(O)=O	"InChI=1S/C3H7NO4S/c4-2(3(5)6)1-9(7)8/h2H,1,4H2,(H,5,6)(H,7,8)/t2-/m0/s1"	L-Cysteinesulfinic acid	152.0022				1.351																																																																																																																																																																																																		
CHEBI:27931	C18H32O16	OC[C@H]1O[C@H](O[C@H]2[C@H](O)[C@@H](O)[C@@H](O[C@H]3[C@H](O)[C@@H](O)[C@@H](O)O[C@@H]3CO)O[C@@H]2CO)[C@H](O)[C@@H](O)[C@@H]1O	"InChI=1S/C18H32O16/c19-1-4-7(22)8(23)12(27)17(31-4)34-15-6(3-21)32-18(13(28)10(15)25)33-14-5(2-20)30-16(29)11(26)9(14)24/h4-29H,1-3H2/t4-,5-,6-,7-,8+,9-,10-,11-,12-,13-,14-,15-,16+,17-,18-/m1/s1"	Maltotriose	503.15926				6.049																																																																																																																																																																																																		
CHEBI:177402	C20H34O5	O1[C@@]2([C@@]([C@H]([C@H](O)C2)/C=C/[C@@H](O)CCCCC)(C[C@@H]1CCCCC(O)=O)[H])[H]	"InChI=1S/C20H34O5/c1-2-3-4-7-14(21)10-11-16-17-12-15(8-5-6-9-20(23)24)25-19(17)13-18(16)22/h10-11,14-19,21-22H,2-9,12-13H2,1H3,(H,23,24)/b11-10+/t14-,15-,16+,17+,18+,19-/m0/s1"	6-Prostaglandin I1	335.22495				5.791																																																																																																																																																																																																		
CHEBI:17755	C7H14N2O4S	NC(CCSCC(N)C(O)=O)C(O)=O	"InChI=1S/C7H14N2O4S/c8-4(6(10)11)1-2-14-3-5(9)7(12)13/h4-5H,1-3,8-9H2,(H,10,11)(H,12,13)"	Cystathionine	221.06131				1.233																																																																																																																																																																																																		
CHEBI:17196	C4H8N2O3	N[C@@H](CC(N)=O)C(O)=O	"InChI=1S/C4H8N2O3/c5-2(4(8)9)1-3(6)7/h2H,1,5H2,(H2,6,7)(H,8,9)/t2-/m0/s1"	L-Asparagine	131.04598				1.258																																																																																																																																																																																																		
CHEBI:183682	C17H30O12	O([C@H]1O[C@@H]([C@@H](O)[C@H](O)[C@H]1OC(=O)C(CC)C)CO)[C@H]2O[C@@H]([C@@H](O)[C@H](O)[C@H]2O)CO	"InChI=1S/C17H30O12/c1-3-6(2)15(25)28-14-12(23)10(21)8(5-19)27-17(14)29-16-13(24)11(22)9(20)7(4-18)26-16/h6-14,16-24H,3-5H2,1-2H3/t6?,7-,8-,9-,10-,11+,12+,13-,14-,16-,17-/m1/s1"	alpha-D-Glucopyranosyl 2-O-(2-methylbutanoyl)-alpha-D-glucopyranoside	471.17195				5.742																																																																																																																																																																																																		
CHEBI:228744	C14H18O4	OC(=O)C(CC=1C(=C(C=C(C1)C)C)C(O)=O)(C)C	"InChI=1S/C14H18O4/c1-8-5-9(2)11(12(15)16)10(6-8)7-14(3,4)13(17)18/h5-6H,7H2,1-4H3,(H,15,16)(H,17,18)"	"2-(2-carboxy-2-methylpropyl)-4,6-dimethylbenzoic acid"	249.11215				6.286																																																																																																																																																																																																		
CHEBI:228745	C15H11ClN2O	ClC1=CC=C(C(=O)NC2=CC=C(C=C2)CC#N)C=C1	"InChI=1S/C15H11ClN2O/c16-13-5-3-12(4-6-13)15(19)18-14-7-1-11(2-8-14)9-10-17/h1-8H,9H2,(H,18,19)"	N1-[4-(cyanomethyl)phenyl]-4-chlorobenzamide	269.0474				7.034																																																																																																																																																																																																		
CHEBI:135554	C16H20N2O4S2	C(SSCC=1C(CO)=C(O)C(=NC1)C)C=2C(CO)=C(O)C(=NC2)C	"InChI=1S/C16H20N2O4S2/c1-9-15(21)13(5-19)11(3-17-9)7-23-24-8-12-4-18-10(2)16(22)14(12)6-20/h3-4,19-22H,5-8H2,1-2H3"	Pyrithioxin	367.07848				4.762																																																																																																																																																																																																		
CHEBI:40521	C8H16N4O3	CC(=O)N[C@@H](CCCNC(N)=N)C(O)=O	"InChI=1S/C8H16N4O3/c1-5(13)12-6(7(14)15)3-2-4-11-8(9)10/h6H,2-4H2,1H3,(H,12,13)(H,14,15)(H4,9,10,11)/t6-/m0/s1"	N alpha-Acetyl-L-Arginine	215.11464				1.371																																																																																																																																																																																																		
CHEBI:228746	C12H10N2O2S2	S(=O)(=O)(NC1=CC2=C(NC=C2)C=C1)C=3SC=CC3	"InChI=1S/C12H10N2O2S2/c15-18(16,12-2-1-7-17-12)14-10-3-4-11-9(8-10)5-6-13-11/h1-8,13-14H"	N-(1H-indol-5-yl)-2-thiophenesulfonamide	277.01516				1.592																																																																																																																																																																																																		
CHEBI:73169	C4H10N2O2	CNC[C@H](N)C(O)=O	"InChI=1S/C4H10N2O2/c1-6-2-3(5)4(7)8/h3,6H,2,5H2,1H3,(H,7,8)/t3-/m0/s1"	3-Methylamino-L-alanine	117.07053				6.043																																																																																																																																																																																																		
CHEBI:228747	C17H17ClN2O4S	ClC1=CC=C(C(=O)NC2=CC=C(S(=O)(=O)N3CCOCC3)C=C2)C=C1	"InChI=1S/C17H17ClN2O4S/c18-14-3-1-13(2-4-14)17(21)19-15-5-7-16(8-6-15)25(22,23)20-9-11-24-12-10-20/h1-8H,9-12H2,(H,19,21)"	4-chloro-N-[4-(morpholinosulfonyl)phenyl]benzamide	379.05168				5.736																																																																																																																																																																																																		
CHEBI:190617	C17H12N4O	O=C1NNC2=NN=C(C(=C21)C3=CC=CC=C3)C4=CC=CC=C4	"InChI=1S/C17H12N4O/c22-17-14-13(11-7-3-1-4-8-11)15(12-9-5-2-6-10-12)18-19-16(14)20-21-17/h1-10H,(H2,19,20,21,22)"	"4,5-diphenyl-2,3-dihydro-1H-pyrazolo[3,4-c]pyridazin-3-one"	287.09453				5.813																																																																																																																																																																																																		
CHEBI:182985	C20H34O5	O[C@H]1[C@@H]([C@@H](CCCCCCC(O)=O)C(=O)C1)/C=C/[C@H](O)CCCCC	"InChI=1S/C20H34O5/c1-2-3-6-9-15(21)12-13-17-16(18(22)14-19(17)23)10-7-4-5-8-11-20(24)25/h12-13,15-17,19,21,23H,2-11,14H2,1H3,(H,24,25)/b13-12+/t15-,16-,17-,19-/m1/s1"	15-Epiprostaglandin E1	335.22468				5.986																																																																																																																																																																																																		
CHEBI:228748	C20H24N2O4	O1CCN(CC1)C2=CC=C(NC(=O)CC3=CC(OC)=C(OC)C=C3)C=C2	"InChI=1S/C20H24N2O4/c1-24-18-8-3-15(13-19(18)25-2)14-20(23)21-16-4-6-17(7-5-16)22-9-11-26-12-10-22/h3-8,13H,9-12,14H2,1-2H3,(H,21,23)"	"2-(3,4-dimethoxyphenyl)-N-(4-morpholinophenyl)acetamide"	355.16061				6.352																																																																																																																																																																																																		
CHEBI:27584	C21H28O5	[H][C@@]1(CC[C@@]2([H])[C@]3([H])CCC4=CC(=O)CC[C@]4(C)[C@@]3([H])[C@@H](O)C[C@]12C=O)C(=O)CO	"InChI=1S/C21H28O5/c1-20-7-6-13(24)8-12(20)2-3-14-15-4-5-16(18(26)10-22)21(15,11-23)9-17(25)19(14)20/h8,11,14-17,19,22,25H,2-7,9-10H2,1H3/t14-,15-,16+,17-,19+,20-,21+/m0/s1"	Aldosterone	359.1886				6.29																																																																																																																																																																																																		
CHEBI:17814	C13H18O7	OC[C@H]1O[C@@H](Oc2ccccc2CO)[C@H](O)[C@@H](O)[C@@H]1O	"InChI=1S/C13H18O7/c14-5-7-3-1-2-4-8(7)19-13-12(18)11(17)10(16)9(6-15)20-13/h1-4,9-18H,5-6H2/t9-,10-,11+,12-,13-/m1/s1"	D-(-)-Salicin	285.099				5.728																																																																																																																																																																																																		
CHEBI:17243	C16H22O4	CCCCC(CC)COC(=O)c1ccccc1C(O)=O	"InChI=1S/C16H22O4/c1-3-5-8-12(4-2)11-20-16(19)14-10-7-6-9-13(14)15(17)18/h6-7,9-10,12H,3-5,8,11H2,1-2H3,(H,17,18)"	Mono(2-ethylhexyl) phthalate (MEHP)	277.14594				5.896																																																																																																																																																																																																		
CHEBI:17709	C10H14N5O10PS	Nc1ncnc2n(cnc12)[C@@H]1O[C@H](COP(O)(=O)OS(O)(=O)=O)[C@@H](O)[C@H]1O	"InChI=1S/C10H14N5O10PS/c11-8-5-9(13-2-12-8)15(3-14-5)10-7(17)6(16)4(24-10)1-23-26(18,19)25-27(20,21)22/h2-4,6-7,10,16-17H,1H2,(H,18,19)(H2,11,12,13)(H,20,21,22)/t4-,6-,7-,10-/m1/s1"	Adenosine 5'-phosphosulfate	426.01529				3.992																																																																																																																																																																																																		
CHEBI:17929	C8H18N4O2	CN(C)C(=N)NCCC[C@H](N)C(O)=O	"InChI=1S/C8H18N4O2/c1-12(2)8(10)11-5-3-4-6(9)7(13)14/h6H,3-5,9H2,1-2H3,(H2,10,11)(H,13,14)/t6-/m0/s1"	"N,N-Dimethylarginine"	201.13635				1.353																																																																																																																																																																																																		
CHEBI:16535	C4H6N2O2	O=C1CNC(=O)CN1	"InChI=1S/C4H6N2O2/c7-3-1-5-4(8)2-6-3/h1-2H2,(H,5,8)(H,6,7)"	Glycine anhydride	113.03489				1.354																																																																																																																																																																																																		
CHEBI:27891	C3H7NO5S2	N[C@@H](CSS(O)(=O)=O)C(O)=O	"InChI=1S/C3H7NO5S2/c4-2(3(5)6)1-10-11(7,8)9/h2H,1,4H2,(H,5,6)(H,7,8,9)/t2-/m0/s1"	S-Sulfo-L-cysteine	199.96984				1.293																																																																																																																																																																																																		
CHEBI:93749	C12H18O2	CCCCCCC1=C(C=C(C=C1)O)O	"InChI=1S/C12H18O2/c1-2-3-4-5-6-10-7-8-11(13)9-12(10)14/h7-9,13-14H,2-6H2,1H3"	4-Hexylresorcinol	193.12416				6.277																																																																																																																																																																																																		
CHEBI:791	C24H32O8	[H][C@]12CC[C@]3(C)[C@H](CC[C@@]3([H])[C@]1([H])CCc1cc(O)ccc21)O[C@@H]1O[C@@H]([C@@H](O)[C@H](O)[C@H]1O)C(O)=O	"InChI=1S/C24H32O8/c1-24-9-8-14-13-5-3-12(25)10-11(13)2-4-15(14)16(24)6-7-17(24)31-23-20(28)18(26)19(27)21(32-23)22(29)30/h3,5,10,14-21,23,25-28H,2,4,6-9H2,1H3,(H,29,30)/t14-,15-,16+,17+,18+,19+,20-,21+,23-,24+/m1/s1"	17beta-estradiol 17-glucosiduronic acid	447.20522				6.343																																																																																																																																																																																																		
CHEBI:228749	C18H16N4O3	O(C=1C=C(CC(=O)NNC(=O)C2=CC3=NC=CN=C3C=C2)C=CC1)C	"InChI=1S/C18H16N4O3/c1-25-14-4-2-3-12(9-14)10-17(23)21-22-18(24)13-5-6-15-16(11-13)20-8-7-19-15/h2-9,11H,10H2,1H3,(H,21,23)(H,22,24)"	N'-[2-(3-methoxyphenyl)acetyl]-6-quinoxalinecarbohydrazide	335.11606				5.389																																																																																																																																																																																																		
CHEBI:228750	C5H4BrCl2N3O	BrC1=C(NC(=O)C(Cl)Cl)NN=C1	"InChI=1S/C5H4BrCl2N3O/c6-2-1-9-11-4(2)10-5(12)3(7)8/h1,3H,(H2,9,10,11,12)"	"N1-(4-bromo-1H-pyrazol-5-yl)-2,2-dichloroacetamide"	270.89294				1.177																																																																																																																																																																																																		
CHEBI:228751	C18H13NO3S	S1C(CC(=O)NC=2C1=CC=CC2)C=3C(=O)C=4C(OC3)=CC=CC4	"InChI=1S/C18H13NO3S/c20-17-9-16(23-15-8-4-2-6-13(15)19-17)12-10-22-14-7-3-1-5-11(14)18(12)21/h1-8,10,16H,9H2,(H,19,20)"	"2-(4-oxo-4H-chromen-3-yl)-2,3,4,5-tetrahydro-1,5-benzothiazepin-4-one"	322.05573				5.055																																																																																																																																																																																																		
CHEBI:138528	C7H13NO3	OC(=O)C(NC(=O)C)CCC	"InChI=1S/C7H13NO3/c1-3-4-6(7(10)11)8-5(2)9/h6H,3-4H2,1-2H3,(H,8,9)(H,10,11)"	N-Acetyl-DL-norvaline	158.08227				0.564																																																																																																																																																																																																		
CHEBI:17409	C10H20O3	OCCCCCCCCCC(O)=O	"InChI=1S/C10H20O3/c11-9-7-5-3-1-2-4-6-8-10(12)13/h11H,1-9H2,(H,12,13)"	10-Hydroxydecanoic acid	187.13439				6.272																																																																																																																																																																																																		
CHEBI:190567	C23H45O9P	P(OCC(O)COC(=O)CCCCCCC/C=C\CCCCCCC)(OCC(O)CO)(O)=O	"InChI=1S/C23H45O9P/c1-2-3-4-5-6-7-8-9-10-11-12-13-14-15-16-23(27)30-18-22(26)20-32-33(28,29)31-19-21(25)17-24/h8-9,21-22,24-26H,2-7,10-20H2,1H3,(H,28,29)/b9-8-"	LPG 17:1	495.27607				10.235																																																																																																																																																																																																		
CHEBI:17659	C9H14N2O12P2	O[C@@H]1[C@@H](COP(O)(=O)OP(O)(O)=O)O[C@H]([C@@H]1O)n1ccc(=O)[nH]c1=O	"InChI=1S/C9H14N2O12P2/c12-5-1-2-11(9(15)10-5)8-7(14)6(13)4(22-8)3-21-25(19,20)23-24(16,17)18/h1-2,4,6-8,13-14H,3H2,(H,19,20)(H,10,12,15)(H2,16,17,18)/t4-,6-,7-,8-/m1/s1"	Uridine 5'-diphosphate (UDP)	402.99635				2.211																																																																																																																																																																																																		
CHEBI:30813	C10H20O2	C(CCCCCC)CCC(=O)O	"InChI=1S/C10H20O2/c1-2-3-4-5-6-7-8-9-10(11)12/h2-9H2,1H3,(H,11,12)"	Capric acid	171.13918				6.613																																																																																																																																																																																																		
CHEBI:15633	C19H21N7O6	Nc1nc2NCC(CNc3ccc(cc3)C(=O)N[C@@H](CCC(O)=O)C(O)=O)=Nc2c(=O)[nH]1	"InChI=1S/C19H21N7O6/c20-19-25-15-14(17(30)26-19)23-11(8-22-15)7-21-10-3-1-9(2-4-10)16(29)24-12(18(31)32)5-6-13(27)28/h1-4,12,21H,5-8H2,(H,24,29)(H,27,28)(H,31,32)(H4,20,22,25,26,30)/t12-/m0/s1"	Dihydrofolic acid	442.15221				5.275																																																																																																																																																																																																		
CHEBI:17202	C10H13N4O8P	O[C@@H]1[C@@H](COP(O)(O)=O)O[C@H]([C@@H]1O)n1cnc2c1nc[nH]c2=O	"InChI=1S/C10H13N4O8P/c15-6-4(1-21-23(18,19)20)22-10(7(6)16)14-3-13-5-8(14)11-2-12-9(5)17/h2-4,6-7,10,15-16H,1H2,(H,11,12,17)(H2,18,19,20)/t4-,6-,7-,10-/m1/s1"	Inosine-5'-monophosphate (IMP)	347.04202				1.397																																																																																																																																																																																																		
CHEBI:16332	C5H11O8P	OCC(=O)[C@@H](O)[C@H](O)COP(O)(O)=O	"InChI=1S/C5H11O8P/c6-1-3(7)5(9)4(8)2-13-14(10,11)12/h4-6,8-9H,1-2H2,(H2,10,11,12)/t4-,5-/m1/s1"	D-Xylulose 5-phosphate	229.01341				1.292																																																																																																																																																																																																		
CHEBI:86537	C6H10O4	CC(C)(CC(O)=O)C(O)=O	"InChI=1S/C6H10O4/c1-6(2,5(9)10)3-4(7)8/h3H2,1-2H3,(H,7,8)(H,9,10)"	"2,2-Dimethylsuccinic acid"	145.05018				4.119																																																																																																																																																																																																		
CHEBI:133343	C6H13NO8S	[C@@H]1([C@@H]([C@H]([C@@H]([C@H](O1)COS(O)(=O)=O)O)O)N)O	"InChI=1S/C6H13NO8S/c7-3-5(9)4(8)2(15-6(3)10)1-14-16(11,12)13/h2-6,8-10H,1,7H2,(H,11,12,13)/t2-,3-,4-,5-,6-/m1/s1"	Glucosamine 6-sulfate	258.02716				1.39																																																																																																																																																																																																		
CHEBI:228752	C15H21NO4	OC(=O)CC1(CCCCC1)CC(=O)NCC=2C=COC2	"InChI=1S/C15H21NO4/c17-13(16-10-12-4-7-20-11-12)8-15(9-14(18)19)5-2-1-3-6-15/h4,7,11H,1-3,5-6,8-10H2,(H,16,17)(H,18,19)"	2-(1-{2-[(3-furylmethyl)amino]-2-oxoethyl}cyclohexyl)acetic acid	278.14132				5.733																																																																																																																																																																																																		
CHEBI:48928	C6H13O10P	O[C@H](COP(O)(O)=O)[C@@H](O)[C@H](O)[C@@H](O)C(O)=O	"InChI=1S/C6H13O10P/c7-2(1-16-17(13,14)15)3(8)4(9)5(10)6(11)12/h2-5,7-10H,1H2,(H,11,12)(H2,13,14,15)/t2-,3-,4+,5-/m1/s1"	6-Phosphogluconic acid	275.01884				1.285																																																																																																																																																																																																		
CHEBI:177402	C20H34O5	O1[C@@]2([C@@]([C@H]([C@H](O)C2)/C=C/[C@@H](O)CCCCC)(C[C@@H]1CCCCC(O)=O)[H])[H]	"InChI=1S/C20H34O5/c1-2-3-4-7-14(21)10-11-16-17-12-15(8-5-6-9-20(23)24)25-19(17)13-18(16)22/h10-11,14-19,21-22H,2-9,12-13H2,1H3,(H,23,24)/b11-10+/t14-,15-,16+,17+,18+,19-/m0/s1"	6-Prostaglandin I1	335.22505				7.007																																																																																																																																																																																																		
CHEBI:15859	C5H8N2O5	NC(=O)N[C@@H](CC(O)=O)C(O)=O	"InChI=1S/C5H8N2O5/c6-5(12)7-2(4(10)11)1-3(8)9/h2H,1H2,(H,8,9)(H,10,11)(H3,6,7,12)/t2-/m0/s1"	N-Carbamoyl-L-aspartate	175.03638				1.382																																																																																																																																																																																																		
CHEBI:94719	C14H12N4O2S	C1=CC=C2C(=C1)N=CC(=N2)NS(=O)(=O)C3=CC=C(C=C3)N	"InChI=1S/C14H12N4O2S/c15-10-5-7-11(8-6-10)21(19,20)18-14-9-16-12-3-1-2-4-13(12)17-14/h1-9H,15H2,(H,17,18)"	Sulfaquinoxaline	299.06123				5.696																																																																																																																																																																																																		
CHEBI:17138	C3H7O6P	[H]C(=O)C(O)COP(O)(O)=O	"InChI=1S/C3H7O6P/c4-1-3(5)2-9-10(6,7)8/h1,3,5H,2H2,(H2,6,7,8)"	Dl-Glyceraldehyde3-phosphate	168.991				1.384																																																																																																																																																																																																		
CHEBI:228753	C12H16N2O4S	S(=O)(=O)(NC(=O)N1CCOCC1)C2=CC=C(C=C2)C	"InChI=1S/C12H16N2O4S/c1-10-2-4-11(5-3-10)19(16,17)13-12(15)14-6-8-18-9-7-14/h2-5H,6-9H2,1H3,(H,13,15)"	N1-morpholinocarbonyl-4-methylbenzene-1-sulfonamide	283.07748				1.591																																																																																																																																																																																																		
CHEBI:2030	C4H6N4O	NC(=O)c1nc[nH]c1N	"InChI=1S/C4H6N4O/c5-3-2(4(6)9)7-1-8-3/h1H,5H2,(H2,6,9)(H,7,8)"	4-Amino-5-imidazolecarboxamide	125.04632				4.698																																																																																																																																																																																																		
CHEBI:17659	C9H14N2O12P2	O[C@@H]1[C@@H](COP(O)(=O)OP(O)(O)=O)O[C@H]([C@@H]1O)n1ccc(=O)[nH]c1=O	"InChI=1S/C9H14N2O12P2/c12-5-1-2-11(9(15)10-5)8-7(14)6(13)4(22-8)3-21-25(19,20)23-24(16,17)18/h1-2,4,6-8,13-14H,3H2,(H,19,20)(H,10,12,15)(H2,16,17,18)/t4-,6-,7-,8-/m1/s1"	UDP	402.99684				3.611																																																																																																																																																																																																		
CHEBI:183243	C22H45O9P	[C@](CO*)(O*)([H])COP(OCC(CO)O)(=O)O		LPG 16:0	483.27621				11.092																																																																																																																																																																																																		
CHEBI:17808	C10H14N4O11P2	O[C@@H]1[C@@H](COP(O)(=O)OP(O)(O)=O)O[C@H]([C@@H]1O)n1cnc2c1nc[nH]c2=O	"InChI=1S/C10H14N4O11P2/c15-6-4(1-23-27(21,22)25-26(18,19)20)24-10(7(6)16)14-3-13-5-8(14)11-2-12-9(5)17/h2-4,6-7,10,15-16H,1H2,(H,21,22)(H,11,12,17)(H2,18,19,20)/t4-,6-,7-,10-/m1/s1"	IDP	427.00407				6.371																																																																																																																																																																																																		
CHEBI:72795	C20H32O4	CCCCC\C=C/C[C@H](O)\C=C\C=C\C=C/[C@@H](O)CCCC(O)=O	"InChI=1S/C20H32O4/c1-2-3-4-5-6-9-13-18(21)14-10-7-8-11-15-19(22)16-12-17-20(23)24/h6-11,14-15,18-19,21-22H,2-5,12-13,16-17H2,1H3,(H,23,24)/b8-7+,9-6-,14-10+,15-11-/t18-,19+/m0/s1"	12-Epileukotriene B4	371.19382				7.13																																																																																																																																																																																																		
CHEBI:4806	C22H18O11	OC1=CC(O)=C2C[C@@H](OC(=O)C3=CC(O)=C(O)C(O)=C3)[C@H](OC2=C1)C1=CC(O)=C(O)C(O)=C1	"InChI=1S/C22H18O11/c23-10-5-12(24)11-7-18(33-22(31)9-3-15(27)20(30)16(28)4-9)21(32-17(11)6-10)8-1-13(25)19(29)14(26)2-8/h1-6,18,21,23-30H,7H2/t18-,21-/m1/s1"	Epigallocatechin gallate	457.08272				5.338																																																																																																																																																																																																		
CHEBI:228754	C21H15ClN4O3	ClC1=CC=2N=CN=C(OC3=NC=C(NC(=O)C4=CC=C(OC)C=C4)C=C3)C2C=C1	"InChI=1S/C21H15ClN4O3/c1-28-16-6-2-13(3-7-16)20(27)26-15-5-9-19(23-11-15)29-21-17-8-4-14(22)10-18(17)24-12-25-21/h2-12H,1H3,(H,26,27)"	N-{6-[(7-chloro-4-quinazolinyl)oxy]-3-pyridinyl}-4-methoxybenzamide	405.0825				5.276																																																																																																																																																																																																		
CHEBI:53678	C9H10ClNO3	N[C@@H](Cc1ccc(O)c(Cl)c1)C(O)=O	"InChI=1S/C9H10ClNO3/c10-6-3-5(1-2-8(6)12)4-7(11)9(13)14/h1-3,7,12H,4,11H2,(H,13,14)/t7-/m0/s1"	3-Chloro-L-tyrosine	214.02765				5.362																																																																																																																																																																																																		
CHEBI:320061	C7H14O6	CO[C@H]1O[C@H](CO)[C@@H](O)[C@H](O)[C@H]1O	"InChI=1S/C7H14O6/c1-12-7-6(11)5(10)4(9)3(2-8)13-7/h3-11H,2H2,1H3/t3-,4-,5+,6-,7+/m1/s1"	Methyl alpha-D-glucopyranoside	193.0722				1.376																																																																																																																																																																																																		
CHEBI:17115	C3H7NO3	N[C@@H](CO)C(O)=O	"InChI=1S/C3H7NO3/c4-2(1-5)3(6)7/h2,5H,1,4H2,(H,6,7)/t2-/m0/s1"	L-serine	104.03479				1.248																																																																																																																																																																																																		
CHEBI:30805	C12H24O2	CCCCCCCCCCCC(O)=O	"InChI=1S/C12H24O2/c1-2-3-4-5-6-7-8-9-10-11-12(13)14/h2-11H2,1H3,(H,13,14)"	Lauric Acid	199.1708				6.495																																																																																																																																																																																																		
CHEBI:16119	C7H10O5	O[C@@H]1CC(=C[C@@H](O)[C@H]1O)C(O)=O	"InChI=1S/C7H10O5/c8-4-1-3(7(11)12)2-5(9)6(4)10/h1,4-6,8-10H,2H2,(H,11,12)/t4-,5-,6-/m1/s1"	Shikimic acid	210.99537				5.143																																																																																																																																																																																																		
CHEBI:183701	C6H6N4O2	OC=1NC(=O)C=C2NN=C(N)C21	"InChI=1S/C6H6N4O2/c7-5-4-2(9-10-5)1-3(11)8-6(4)12/h1H,(H3,7,9,10)(H2,8,11,12)"	"3-amino-1H-pyrazolo[4,3-c]pyridine-4,6-diol"	165.04096				9.109																																																																																																																																																																																																		
CHEBI:228755	C17H13F2NO3S	S(=O)(=O)(NCC=1OC(C2=C(F)C=C(F)C=C2)=CC1)C3=CC=CC=C3	"InChI=1S/C17H13F2NO3S/c18-12-6-8-15(16(19)10-12)17-9-7-13(23-17)11-20-24(21,22)14-4-2-1-3-5-14/h1-10,20H,11H2"	"N1-{[5-(2,4-difluorophenyl)-2-furyl]methyl}benzene-1-sulfonamide"	348.0528				3.282																																																																																																																																																																																																		
CHEBI:165324	C18H30O5	O[C@H]1[C@@H]([C@@H](CCCCC(O)=O)C(=O)C1)/C=C/[C@@H](O)CCCCC	"InChI=1S/C18H30O5/c1-2-3-4-7-13(19)10-11-15-14(16(20)12-17(15)21)8-5-6-9-18(22)23/h10-11,13-15,17,19,21H,2-9,12H2,1H3,(H,22,23)/b11-10+/t13-,14+,15+,17+/m0/s1"	"2,3-Dinor prostaglandin E1"	307.19316				7.295																																																																																																																																																																																																		
CHEBI:228756	C18H16N2O5	O(C1=CC=C(C(C)(C)C)C=C1)C=2C=C3C(=CC2[N+]([O-])=O)C(=O)NC3=O	"InChI=1S/C18H16N2O5/c1-18(2,3)10-4-6-11(7-5-10)25-15-9-13-12(8-14(15)20(23)24)16(21)19-17(13)22/h4-9H,1-3H3,(H,19,21,22)"	"5-[4-(tert-butyl)phenoxy]-6-nitroisoindoline-1,3-dione"	146.0456				5.529																																																																																																																																																																																																		
CHEBI:16857	C4H9NO3	C[C@@H](O)[C@H](N)C(O)=O	"InChI=1S/C4H9NO3/c1-2(6)3(5)4(7)8/h2-3,6H,5H2,1H3,(H,7,8)/t2-,3+/m1/s1"	L-Threonine	118.05053				1.298																																																																																																																																																																																																		
CHEBI:228757	C17H12O3S	S1C(=C(C=2C1=CC=CC2)C)C(=O)C=3C(=CC=CC3)C(O)=O	"InChI=1S/C17H12O3S/c1-10-11-6-4-5-9-14(11)21-16(10)15(18)12-7-2-3-8-13(12)17(19)20/h2-9H,1H3,(H,19,20)"	2-[(3-methylbenzo[b]thiophen-2-yl)carbonyl]benzoic acid	193.03585				0.636																																																																																																																																																																																																		
CHEBI:74112	C5H11NO3	CCC(O)C(N)C(O)=O	"InChI=1S/C5H11NO3/c1-2-3(7)4(6)5(8)9/h3-4,7H,2,6H2,1H3,(H,8,9)"	Dl-3-Hydroxynorvaline	132.06624				1.471																																																																																																																																																																																																		
CHEBI:228758	C20H15FN2O2S	S1C(C=C(NC(=O)C2=CC=CC=C2)C(=O)NC3=CC=C(F)C=C3)=CC=C1	"InChI=1S/C20H15FN2O2S/c21-15-8-10-16(11-9-15)22-20(25)18(13-17-7-4-12-26-17)23-19(24)14-5-2-1-3-6-14/h1-13H,(H,22,25)(H,23,24)"	N1-[1-[(4-fluoroanilino)carbonyl]-2-(2-thienyl)vinyl]benzamide	365.07486				1.473																																																																																																																																																																																																		
CHEBI:27902	C22H24N2O8	[H][C@@]12C[C@@]3([H])C(C(=O)c4c(O)cccc4[C@@]3(C)O)=C(O)[C@]1(O)C(=O)C(C(N)=O)=C(O)[C@H]2N(C)C	"InChI=1S/C22H24N2O8/c1-21(31)8-5-4-6-11(25)12(8)16(26)13-9(21)7-10-15(24(2)3)17(27)14(20(23)30)19(29)22(10,32)18(13)28/h4-6,9-10,15,25,27-28,31-32H,7H2,1-3H3,(H2,23,30)/t9-,10-,15-,21+,22-/m0/s1"	Tetracycline	443.13843				1.555																																																																																																																																																																																																		
CHEBI:189853	C16H10N4O3	[N+](=O)([O-])C1=CC=C(C=C1)C2=CN=C(O2)NC3=CC=C(C#N)C=C3	"InChI=1S/C16H10N4O3/c17-9-11-1-5-13(6-2-11)19-16-18-10-15(23-16)12-3-7-14(8-4-12)20(21)22/h1-8,10H,(H,18,19)"	4-((5-(4-Nitrophenyl)oxazol-2-yl)amino)benzonitrile	305.06869				6.009																																																																																																																																																																																																		
CHEBI:228759	C26H32N2O3	O=C(N1CCN(CC1)C(C2=CC=CC=C2)C3=CC=CC=C3)CC4(CCCC4)CC(O)=O	"InChI=1S/C26H32N2O3/c29-23(19-26(20-24(30)31)13-7-8-14-26)27-15-17-28(18-16-27)25(21-9-3-1-4-10-21)22-11-5-2-6-12-22/h1-6,9-12,25H,7-8,13-20H2,(H,30,31)"	2-{1-[2-(4-benzhydrylpiperazino)-2-oxoethyl]cyclopentyl}acetic acid	419.23132				6.218																																																																																																																																																																																																		
CHEBI:28997	C10H12N4O4	OC[C@H]1O[C@H](C[C@@H]1O)n1cnc2c1nc[nH]c2=O	"InChI=1S/C10H12N4O4/c15-2-6-5(16)1-7(18-6)14-4-13-8-9(14)11-3-12-10(8)17/h3-7,15-16H,1-2H2,(H,11,12,17)/t5-,6+,7+/m0/s1"	2'-Deoxyinosine	251.07834				2.305																																																																																																																																																																																																		
CHEBI:190549	C15H20N4O2S	S(=O)(=O)(NC1=CC=C(N2CCCCC2)C=C1)C=3N=CN(C3)C	"InChI=1S/C15H20N4O2S/c1-18-11-15(16-12-18)22(20,21)17-13-5-7-14(8-6-13)19-9-3-2-4-10-19/h5-8,11-12,17H,2-4,9-10H2,1H3"	1-methyl-N-(4-piperidinophenyl)-1H-imidazole-4-sulfonamide	319.12388				6.297																																																																																																																																																																																																		
CHEBI:17709	C10H14N5O10PS	Nc1ncnc2n(cnc12)[C@@H]1O[C@H](COP(O)(=O)OS(O)(=O)=O)[C@@H](O)[C@H]1O	"InChI=1S/C10H14N5O10PS/c11-8-5-9(13-2-12-8)15(3-14-5)10-7(17)6(16)4(24-10)1-23-26(18,19)25-27(20,21)22/h2-4,6-7,10,16-17H,1H2,(H,18,19)(H2,11,12,13)(H,20,21,22)/t4-,6-,7-,10-/m1/s1"	Adenylyl Sulfate	426.0111				6.017																																																																																																																																																																																																		
CHEBI:27881	C14H12O3	[H]C(=C([H])c1cc(O)cc(O)c1)c1ccc(O)cc1	"InChI=1S/C14H12O3/c15-12-5-3-10(4-6-12)1-2-11-7-13(16)9-14(17)8-11/h1-9,15-17H"	Resveratrol	227.0722				6.012																																																																																																																																																																																																		
CHEBI:18323	C10H16N4O3	Cn1cncc1C[C@H](NC(=O)CCN)C(O)=O	"InChI=1S/C10H16N4O3/c1-14-6-12-5-7(14)4-8(10(16)17)13-9(15)2-3-11/h5-6,8H,2-4,11H2,1H3,(H,13,15)(H,16,17)/t8-/m0/s1"	L-Anserine	239.11631				1.254																																																																																																																																																																																																		
CHEBI:228760	C6H11N3S	S(/C(=N\C(C)C)/NC#N)C	"InChI=1S/C6H11N3S/c1-5(2)9-6(10-3)8-4-7/h5H,1-3H3,(H,8,9)"	2-{[(cyanoimino)(methylthio)methyl]amino}propane	156.05834				0.533																																																																																																																																																																																																		
CHEBI:167745	C8H15NO3	OC(=O)[C@H](NC(=O)C)[C@H](CC)C	"InChI=1S/C8H15NO3/c1-4-5(2)7(8(11)12)9-6(3)10/h5,7H,4H2,1-3H3,(H,9,10)(H,11,12)/t5-,7+/m0/s1"	N-Acetyl-D-alloisoleucine	126.0917				5.606																																																																																																																																																																																																		
				"N,5-Bis(3-(trifluoromethyl)phenyl)oxazol-2-amine"	371.05786				1.605																																																																																																																																																																																																		
CHEBI:132793	C23H28O11	O1[C@@]2([C@]3(O[C@@H]4O[C@@H]([C@@H](O)[C@H](O)[C@H]4O)CO)[C@@]([C@@](C3)([C@H](O)C2)[H])(C1=O)COC(=O)C5=CC=CC=C5)C	"InChI=1S/C23H28O11/c1-21-8-13(25)12-7-23(21,33-19-17(28)16(27)15(26)14(9-24)32-19)22(12,20(30)34-21)10-31-18(29)11-5-3-2-4-6-11/h2-6,12-17,19,24-28H,7-10H2,1H3/t12-,13+,14+,15+,16-,17+,19-,21-,22-,23-/m0/s1"	albiflorin	525.159				5.537																																																																																																																																																																																																		
CHEBI:68883	C27H30O14	C[C@@H]1O[C@@H](Oc2cc(O)c3c(c2)oc(-c2ccc(O)cc2)c(O[C@@H]2O[C@@H](C)[C@H](O)[C@@H](O)[C@H]2O)c3=O)[C@H](O)[C@H](O)[C@H]1O	"InChI=1S/C27H30O14/c1-9-17(30)20(33)22(35)26(37-9)39-13-7-14(29)16-15(8-13)40-24(11-3-5-12(28)6-4-11)25(19(16)32)41-27-23(36)21(34)18(31)10(2)38-27/h3-10,17-18,20-23,26-31,33-36H,1-2H3/t9-,10-,17-,18-,20+,21+,22+,23+,26-,27-/m0/s1"	Kaempferitrin	577.16057				6.271																																																																																																																																																																																																		
CHEBI:15729	C5H12N2O2	NCCC[C@H](N)C(O)=O	"InChI=1S/C5H12N2O2/c6-3-1-2-4(7)5(8)9/h4H,1-3,6-7H2,(H,8,9)/t4-/m0/s1"	L-Ornithine	131.08237				1.32																																																																																																																																																																																																		
CHEBI:228761	C11H10N2OS	S1CCCN2C1=NC=3C(C2=O)=CC=CC3	"InChI=1S/C11H10N2OS/c14-10-8-4-1-2-5-9(8)12-11-13(10)6-3-7-15-11/h1-2,4-5H,3,6-7H2"	"3,4-dihydro-2H,6H-[1,3]thiazino[2,3-b]quinazolin-6-one"	217.03914				5.622																																																																																																																																																																																																		
CHEBI:27820	C20H30O4	CCCCC[C@H](O)\C=C\[C@H]1C=CC(=O)[C@@H]1C\C=C/CCCC(O)=O	"InChI=1S/C20H30O4/c1-2-3-6-9-17(21)14-12-16-13-15-19(22)18(16)10-7-4-5-8-11-20(23)24/h4,7,12-18,21H,2-3,5-6,8-11H2,1H3,(H,23,24)/b7-4-,14-12+/t16-,17-,18+/m0/s1"	Prostaglandin A2	333.20898				6.893																																																																																																																																																																																																		
CHEBI:167761	C17H18FN3O4	FC1=C(N2CCNCC2)C=3OC[C@H](C)N4C3C(=C1)C(=O)C(C(=O)O)=C4	"InChI=1S/C17H18FN3O4/c1-9-8-25-16-13-10(15(22)11(17(23)24)7-21(9)13)6-12(18)14(16)20-4-2-19-3-5-20/h6-7,9,19H,2-5,8H2,1H3,(H,23,24)/t9-/m0/s1"	Ofloxacin impurity E	392.12015				5.261																																																																																																																																																																																																		
CHEBI:66331	C21H22O5	COc1cc(O)c(CC=C(C)C)c(O)c1C(=O)\C=C\c1ccc(O)cc1	"InChI=1S/C21H22O5/c1-13(2)4-10-16-18(24)12-19(26-3)20(21(16)25)17(23)11-7-14-5-8-15(22)9-6-14/h4-9,11-12,22,24-25H,10H2,1-3H3/b11-7+"	Xanthohumol	353.13705				5.234																																																																																																																																																																																																		
CHEBI:228762	C21H44NO6P	P(OCC(O)COCCCCCCCC/C=C\CCCCCC)(OCCN)(O)=O	"InChI=1S/C21H44NO6P/c1-2-3-4-5-6-7-8-9-10-11-12-13-14-15-17-26-19-21(23)20-28-29(24,25)27-18-16-22/h7-8,21,23H,2-6,9-20,22H2,1H3,(H,24,25)/b8-7-"	LPE O-16:1	436.28624				9.622																																																																																																																																																																																																		
CHEBI:194257	C20H30O4	O=C1[C@H]([C@H](C=C1)/C=C/[C@@H](O)CCCCC)C/C=C\CCCC(O)=O	"InChI=1S/C20H30O4/c1-2-3-6-9-17(21)14-12-16-13-15-19(22)18(16)10-7-4-5-8-11-20(23)24/h4,7,12-18,21H,2-3,5-6,8-11H2,1H3,(H,23,24)/b7-4-,14-12+/t16-,17-,18-/m0/s1"	8-iso Prostaglandin A2	369.17575				6.747																																																																																																																																																																																																		
CHEBI:228763	C20H11ClN2O2	ClC1=CC=C(C=2C=C3C(=C(N)C2C#N)C(OC=4C3=CC=CC4)=O)C=C1	"InChI=1S/C20H11ClN2O2/c21-12-7-5-11(6-8-12)14-9-15-13-3-1-2-4-17(13)25-20(24)18(15)19(23)16(14)10-22/h1-9H,23H2"	7-amino-9-(4-chlorophenyl)-6-oxo-6H-benzo[c]chromene-8-carbonitrile	345.04855				5.134																																																																																																																																																																																																		
CHEBI:73024	C9H17NO4	CC(=O)OC(CC([O-])=O)C[N+](C)(C)C	"InChI=1S/C9H17NO4/c1-7(11)14-8(5-9(12)13)6-10(2,3)4/h8H,5-6H2,1-4H3"	Acetylcarnitine	202.10908				5.309																																																																																																																																																																																																		
CHEBI:228764	C16H12N4	N12C=3C(N=C1N=C(N)C=C2C4=CC=CC=C4)=CC=CC3	"InChI=1S/C16H12N4/c17-15-10-14(11-6-2-1-3-7-11)20-13-9-5-4-8-12(13)18-16(20)19-15/h1-10H,(H2,17,18,19)"	"4-phenylbenzo[4,5]imidazo[1,2-a]pyrimidin-2-amine"	259.09911				5.804																																																																																																																																																																																																		
CHEBI:228765	C18H13N3S	S1C(=CC=2C1=NC=NC2NC3=CC=CC=C3)C4=CC=CC=C4	"InChI=1S/C18H13N3S/c1-3-7-13(8-4-1)16-11-15-17(19-12-20-18(15)22-16)21-14-9-5-2-6-10-14/h1-12H,(H,19,20,21)"	"N,6-diphenylthieno[2,3-d]pyrimidin-4-amine"	302.0722				5.784																																																																																																																																																																																																		
				SDB-006 N-phenyl analog	259.15684				6.364																																																																																																																																																																																																		
CHEBI:183332	C16H24N2O3S	S(=O)(=O)(N(C)C)C1=CC(NC(=O)C2CCCCC2)=C(C=C1)C	"InChI=1S/C16H24N2O3S/c1-12-9-10-14(22(20,21)18(2)3)11-15(12)17-16(19)13-7-5-4-6-8-13/h9-11,13H,4-8H2,1-3H3,(H,17,19)"	N-{5-[(dimethylamino)sulfonyl]-2-methylphenyl}cyclohexanecarboxamide	323.14927				6.499																																																																																																																																																																																																		
CHEBI:17475	C3H5NO4	NC(C(O)=O)C(O)=O	"InChI=1S/C3H5NO4/c4-1(2(5)6)3(7)8/h1H,4H2,(H,5,6)(H,7,8)"	Aminomalonic acid	118.014				1.385																																																																																																																																																																																																		
CHEBI:184771	C18H24O8S2	S(O[C@@H]1[C@@]2([C@]([C@]3([C@](CC2)(C4=C(CC3)C=C(OS(O)(=O)=O)C=C4)[H])[H])(CC1)[H])C)(O)(=O)=O	"InChI=1S/C18H24O8S2/c1-18-9-8-14-13-5-3-12(25-27(19,20)21)10-11(13)2-4-15(14)16(18)6-7-17(18)26-28(22,23)24/h3,5,10,14-17H,2,4,6-9H2,1H3,(H,19,20,21)(H,22,23,24)/t14-,15-,16+,17+,18+/m1/s1"	"17-beta-Estradiol-3,17-beta-sulfate"	431.07867				5.2																																																																																																																																																																																																		
CHEBI:30923	C5H6O6	OC(CC(=O)C(O)=O)C(O)=O	"InChI=1S/C5H6O6/c6-2(4(8)9)1-3(7)5(10)11/h2,6H,1H2,(H,8,9)(H,10,11)"	4-Hydroxy-2-Oxoglutaric Acid	161.00934				1.349																																																																																																																																																																																																		
CHEBI:228766	C19H26O2	O1C(CCC=C(C)C)(C=CC=2C1=CC(CCC)=CC2O)C	"InChI=1S/C19H26O2/c1-5-7-15-12-17(20)16-9-11-19(4,21-18(16)13-15)10-6-8-14(2)3/h8-9,11-13,20H,5-7,10H2,1-4H3"	Cannabichromevarin	285.18735				6.476																																																																																																																																																																																																		
CHEBI:15245	C10H15N2O8P			Thymidine 5'-monophosphate	321.0517				1.553																																																																																																																																																																																																		
CHEBI:18292	C12H18O3	CC\C=C/C[C@@H]1[C@@H](CC(O)=O)CCC1=O	"InChI=1S/C12H18O3/c1-2-3-4-5-10-9(8-12(14)15)6-7-11(10)13/h3-4,9-10H,2,5-8H2,1H3,(H,14,15)/b4-3-/t9-,10-/m1/s1"	Jasmonic acid	209.11874				6.724																																																																																																																																																																																																		
CHEBI:9332	C10H11N3O3S	C=1(C=CC(=CC1)N)S(NC=2C=C(ON2)C)(=O)=O	"InChI=1S/C10H11N3O3S/c1-7-6-10(12-16-7)13-17(14,15)9-4-2-8(11)3-5-9/h2-6H,11H2,1H3,(H,12,13)"	Sulfamethoxazole	252.04801				6.09																																																																																																																																																																																																		
CHEBI:228767	C20H30O4	O[C@@H]1C(\C(\C(=O)C1)=C/C=C/CCCCC)C/C=C/CCCC(O)=O	"InChI=1S/C20H30O4/c1-2-3-4-5-6-9-12-16-17(19(22)15-18(16)21)13-10-7-8-11-14-20(23)24/h6-7,9-10,12,17,19,22H,2-5,8,11,13-15H2,1H3,(H,23,24)/b9-6+,10-7+,16-12+/t17?,19-/m0/s1"	"15-Deoxy-delta-12,14-prostaglandin D2"	315.19836				7.049																																																																																																																																																																																																		
CHEBI:17164	C24H42O21	OC[C@H]1O[C@H](OC[C@H]2O[C@H](OC[C@H]3O[C@H](O[C@]4(CO)O[C@H](CO)[C@@H](O)[C@@H]4O)[C@H](O)[C@@H](O)[C@@H]3O)[C@H](O)[C@@H](O)[C@H]2O)[C@H](O)[C@@H](O)[C@H]1O	"InChI=1S/C24H42O21/c25-1-6-10(28)14(32)17(35)21(41-6)39-3-8-11(29)15(33)18(36)22(42-8)40-4-9-12(30)16(34)19(37)23(43-9)45-24(5-27)20(38)13(31)7(2-26)44-24/h6-23,25-38H,1-5H2/t6-,7-,8-,9-,10+,11+,12-,13-,14+,15+,16+,17-,18-,19-,20+,21+,22+,23-,24+/m1/s1"	Stachyose	665.21854				1.364																																																																																																																																																																																																		
CHEBI:17680	C6H14O12P2	[H]C(=O)[C@H](OP(O)(O)=O)[C@@H](O)[C@H](O)[C@H](O)COP(O)(O)=O	"InChI=1S/C6H14O12P2/c7-1-4(18-20(14,15)16)6(10)5(9)3(8)2-17-19(11,12)13/h1,3-6,8-10H,2H2,(H2,11,12,13)(H2,14,15,16)/t3-,4+,5-,6-/m1/s1"	"-D-Glucose-1,6-bisphosphate"	338.99045				1.167																																																																																																																																																																																																		
CHEBI:228768	C25H49O9P	P(OCC(O)COC(=O)CCCCCCC/C=C\CCCCCCCCC)(OCC(O)CO)(O)=O	"InChI=1S/C25H49O9P/c1-2-3-4-5-6-7-8-9-10-11-12-13-14-15-16-17-18-25(29)32-20-24(28)22-34-35(30,31)33-21-23(27)19-26/h10-11,23-24,26-28H,2-9,12-22H2,1H3,(H,30,31)/b11-10-"	LPG 19:1	523.30858				7.302																																																																																																																																																																																																		
CHEBI:60175	C6H14N2O3	NCC(O)CCC(N)C(O)=O	"InChI=1S/C6H14N2O3/c7-3-4(9)1-2-5(8)6(10)11/h4-5,9H,1-3,7-8H2,(H,10,11)"	5-Hydroxylysine	161.09336				1.113																																																																																																																																																																																																		
CHEBI:228769	C11H10N2O6	O(C(=O)C([N+]([O-])=O)=CC1=CC=C([N+]([O-])=O)C=C1)CC	"InChI=1S/C11H10N2O6/c1-2-19-11(14)10(13(17)18)7-8-3-5-9(6-4-8)12(15)16/h3-7H,2H2,1H3"	ethyl 2-nitro-3-(4-nitrophenyl)acrylate	265.05163				1.543																																																																																																																																																																																																		
CHEBI:64569	C25H44NO7P	[H][C@@](COC)(COP(O)(=O)OCCN)OC		LPE 20:4	500.28171				8.637																																																																																																																																																																																																		
CHEBI:138794	C22H43O9P	[C@](CO*)(O*)([H])COP(OCC(CO)O)(=O)O		LPG 16:1	481.26012				9.659																																																																																																																																																																																																		
CHEBI:132329	C7H10O5	C1=C(CC(C(C1O)O)O)C(=O)O	"InChI=1S/C7H10O5/c8-4-1-3(7(11)12)2-5(9)6(4)10/h1,4-6,8-10H,2H2,(H,11,12)"	"3,4,5-trihydroxycyclohex-1-ene-1-carboxylic acid"	173.04586				4.996																																																																																																																																																																																																		
CHEBI:55328	C16H32O3	C(CCCCCCCCCCO)CCCCC(O)=O	"InChI=1S/C16H32O3/c17-15-13-11-9-7-5-3-1-2-4-6-8-10-12-14-16(18)19/h17H,1-15H2,(H,18,19)"	16-Hydroxyhexadecanoic acid	271.22992				7.831																																																																																																																																																																																																		
CHEBI:181832	C12H20O8	O([C@@H]1C(COC1=O)(C)C)[C@@H]2O[C@@H]([C@@H](O)[C@H](O)[C@H]2O)CO	"InChI=1S/C12H20O8/c1-12(2)4-18-10(17)9(12)20-11-8(16)7(15)6(14)5(3-13)19-11/h5-9,11,13-16H,3-4H2,1-2H3/t5-,6-,7+,8-,9+,11+/m1/s1"	"(3R)-4,4-Dimethyl-2-oxotetrahydro-3-furanyl beta-D-glucopyranoside"	337.1105				7.743																																																																																																																																																																																																		
CHEBI:24344	C3H7O7P	C(C(CO)OP(=O)(O)O)(O)=O	"InChI=1S/C3H7O7P/c4-1-2(3(5)6)10-11(7,8)9/h2,4H,1H2,(H,5,6)(H2,7,8,9)"	2-Phosphoglyceric acid	184.98605				1.297																																																																																																																																																																																																		
CHEBI:167262	C39H74NO8P			PE 16:1_18:1	714.51293				11.171																																																																																																																																																																																																		
CHEBI:34130	C20H32O3	CCCCC\C=C/CC1OC1C\C=C/C\C=C/CCCC(O)=O	"InChI=1S/C20H32O3/c1-2-3-4-5-9-12-15-18-19(23-18)16-13-10-7-6-8-11-14-17-20(21)22/h6,8-10,12-13,18-19H,2-5,7,11,14-17H2,1H3,(H,21,22)/b8-6-,12-9-,13-10-"	"11,12-Epoxy-(5Z,8Z,11Z)-icosatrienoic acid"	319.23013				8.004																																																																																																																																																																																																		
CHEBI:228770	C26H43NO5.H2O	O[C@@H]1[C@]2([C@]([C@]3([C@@]([C@@]4([C@](CC3)(C[C@H](O)CC4)[H])C)(C1)[H])[H])(CC[C@@]2([C@@H](CCC(=O)NCC(O)=O)C)[H])[H])C.O	"InChI=1S/C26H43NO5.H2O/c1-15(4-9-23(30)27-14-24(31)32)19-7-8-20-18-6-5-16-12-17(28)10-11-25(16,2)21(18)13-22(29)26(19,20)3;/h15-22,28-29H,4-14H2,1-3H3,(H,27,30)(H,31,32);1H2/t15-,16-,17-,18+,19-,20+,21+,22+,25+,26-;/m1./s1"	Glycodeoxycholic Acid (hydrate)	484.28613				6.665																																																																																																																																																																																																		
CHEBI:193578	C16H26O5	O[C@@H]1[C@@H]([C@H](C(=O)C1)CCC(=O)CCCCC)CCC(O)=O	"InChI=1S/C16H26O5/c1-2-3-4-5-11(17)6-7-12-13(8-9-16(20)21)15(19)10-14(12)18/h12-13,15,19H,2-10H2,1H3,(H,20,21)/t12-,13-,15+/m1/s1"	"13,14-dihydro-15-keto-tetranor Prostaglandin D2"	279.15942				6.993																																																																																																																																																																																																		
CHEBI:72663	C18H34O4	CCCCC\C=C/CC(O)C(O)CCCCCCCC(O)=O	"InChI=1S/C18H34O4/c1-2-3-4-5-7-10-13-16(19)17(20)14-11-8-6-9-12-15-18(21)22/h7,10,16-17,19-20H,2-6,8-9,11-15H2,1H3,(H,21,22)/b10-7-"	"(+/-)9,10-dihydroxy-12Z-octadecenoic acid"	313.24				6.751																																																																																																																																																																																																		
CHEBI:17474	C18H22O5S	[H][C@]12CC[C@]3(C)C(=O)CC[C@@]3([H])[C@]1([H])CCc1cc(OS(O)(=O)=O)ccc21	"InChI=1S/C18H22O5S/c1-18-9-8-14-13-5-3-12(23-24(20,21)22)10-11(13)2-4-15(14)16(18)6-7-17(18)19/h3,5,10,14-16H,2,4,6-9H2,1H3,(H,20,21,22)/t14-,15-,16+,18+/m1/s1"	Estrone sulfate	349.11372				6.003																																																																																																																																																																																																		
CHEBI:42504	C15H30O2	CCCCCCCCCCCCCCC(O)=O	"InChI=1S/C15H30O2/c1-2-3-4-5-6-7-8-9-10-11-12-13-14-15(16)17/h2-14H2,1H3,(H,16,17)"	Pentadecanoic Acid	287.22448				7.163																																																																																																																																																																																																		
CHEBI:228771	C15H12N2OS2	S1C(=NC(CNC(=O)C2=CC=CC=C2)=C1)C=3SC=CC3	"InChI=1S/C15H12N2OS2/c18-14(11-5-2-1-3-6-11)16-9-12-10-20-15(17-12)13-7-4-8-19-13/h1-8,10H,9H2,(H,16,18)"	"N-{[2-(2-thienyl)-1,3-thiazol-4-yl]methyl}benzamide"	299.02832				8.43																																																																																																																																																																																																		
CHEBI:47977	C6H13NO5	N[C@H]1C(O)O[C@H](CO)[C@@H](O)[C@@H]1O	"InChI=1S/C6H13NO5/c7-3-5(10)4(9)2(1-8)12-6(3)11/h2-6,8-11H,1,7H2/t2-,3-,4-,5-,6?/m1/s1"	D-Glucosamine	214.04952				1.276																																																																																																																																																																																																		
CHEBI:183322	C4H9NO2S	SCC[C@@H](N)C(O)=O	"InChI=1S/C4H9NO2S/c5-3(1-2-8)4(6)7/h3,8H,1-2,5H2,(H,6,7)/t3-/m1/s1"	D-Homocysteine	134.02818				1.244																																																																																																																																																																																																		
CHEBI:64153	C31H43N3O8	C=1C(C(=C2C(C1NC(=O)C(C)=CC=C[C@@H]([C@@H](OC(N)=O)C(C)=C[C@@H]([C@H]([C@H](C[C@@H](C2)C)OC)O)C)OC)=O)NCC=C)=O	"InChI=1S/C31H43N3O8/c1-8-12-33-26-21-13-17(2)14-25(41-7)27(36)19(4)15-20(5)29(42-31(32)39)24(40-6)11-9-10-18(3)30(38)34-22(28(21)37)16-23(26)35/h8-11,15-17,19,24-25,27,29,33,36H,1,12-14H2,2-7H3,(H2,32,39)(H,34,38)/b11-9-,18-10+,20-15+/t17-,19+,24+,25+,27-,29+/m1/s1"	Tanespimycin	620.27873				6.379																																																																																																																																																																																																		
CHEBI:228772	C40H76NO8P	P(OCC(OC(=O)CCCCCCC/C=C\CCCCCCCC)COC(=O)CCCCCCC/C=C\CCCCCCC)(OCCN)(O)=O	"InChI=1S/C40H76NO8P/c1-3-5-7-9-11-13-15-17-19-21-23-25-27-29-31-33-40(43)49-38(37-48-50(44,45)47-35-34-41)36-46-39(42)32-30-28-26-24-22-20-18-16-14-12-10-8-6-4-2/h16-19,38H,3-15,20-37,41H2,1-2H3,(H,44,45)/b18-16-,19-17-"	PE 17:1_18:1	728.52887				10.524																																																																																																																																																																																																		
CHEBI:228773	C38H65NO9	O1C(C(O)C(O)C(O)C1OCC(NC(=O)C(O)C/C=C\C/C=C\CCCCCCCC)C(O)/C=C/CC/C=C/CC/C=C/CCC)CO	"InChI=1S/C38H65NO9/c1-3-5-7-9-11-13-15-17-19-21-23-25-27-32(42)37(46)39-30(29-47-38-36(45)35(44)34(43)33(28-40)48-38)31(41)26-24-22-20-18-16-14-12-10-8-6-4-2/h8,10,16-19,23-26,30-36,38,40-45H,3-7,9,11-15,20-22,27-29H2,1-2H3,(H,39,46)/b10-8+,18-16+,19-17-,25-23-,26-24+"	HexCer 16:3;2O/16:2;O	724.46832				6.352																																																																																																																																																																																																		
CHEBI:34306	C20H32O3	OCCCCC\C=C/C\C=C/C\C=C/C\C=C/CCCC(O)=O	"InChI=1S/C20H32O3/c21-19-17-15-13-11-9-7-5-3-1-2-4-6-8-10-12-14-16-18-20(22)23/h1,3-4,6-7,9-10,12,21H,2,5,8,11,13-19H2,(H,22,23)/b3-1-,6-4-,9-7-,12-10-"	"20-Hydroxy-(5Z,8Z,11Z,14Z)-eicosatetraenoic acid"	319.22978				7.143																																																																																																																																																																																																		
CHEBI:183693	C24H21NO3	O=C(C=1C=2C(N(CCCCC(O)=O)C1)=CC=CC2)C=3C=4C(C=CC3)=CC=CC4	"InChI=1S/C24H21NO3/c26-23(27)14-5-6-15-25-16-21(19-11-3-4-13-22(19)25)24(28)20-12-7-9-17-8-1-2-10-18(17)20/h1-4,7-13,16H,5-6,14-15H2,(H,26,27)"	JWH 018 N-pentanoic acid metabolite	406.12763				5.009																																																																																																																																																																																																		
CHEBI:30829	C18H34O2	C(=O)(CCCC/C=C/CCCCCCCCCCC)O	"InChI=1S/C18H34O2/c1-2-3-4-5-6-7-8-9-10-11-12-13-14-15-16-17-18(19)20/h12-13H,2-11,14-17H2,1H3,(H,19,20)/b13-12+"	trans-Petroselinic acid	327.25484				8.685																																																																																																																																																																																																		
CHEBI:45919	C13H26O2	CCCCCCCCCCCCC(O)=O	"InChI=1S/C13H26O2/c1-2-3-4-5-6-7-8-9-10-11-12-13(14)15/h2-12H2,1H3,(H,14,15)"	Tridecylic acid	213.18687				6.859																																																																																																																																																																																																		
CHEBI:16556	C20H31N4O16P	[H][C@]1(O[C@](C[C@H](O)[C@H]1NC(C)=O)(OP(O)(=O)OC[C@H]1O[C@H]([C@H](O)[C@@H]1O)n1ccc(N)nc1=O)C(O)=O)[C@H](O)[C@H](O)CO	"InChI=1S/C20H31N4O16P/c1-7(26)22-12-8(27)4-20(18(32)33,39-16(12)13(29)9(28)5-25)40-41(35,36)37-6-10-14(30)15(31)17(38-10)24-3-2-11(21)23-19(24)34/h2-3,8-10,12-17,25,27-31H,4-6H2,1H3,(H,22,26)(H,32,33)(H,35,36)(H2,21,23,34)/t8-,9+,10+,12+,13+,14+,15+,16+,17+,20+/m0/s1"	Cytidine 5'-Monophosphate-N-Acetylneuraminic Acid	613.13873				5.206																																																																																																																																																																																																		
CHEBI:16238	C27H33N9O15P2	Cc1cc2nc3c(nc(=O)[nH]c3=O)n(C[C@H](O)[C@H](O)[C@H](O)COP(O)(=O)OP(O)(=O)OC[C@H]3O[C@H]([C@H](O)[C@@H]3O)n3cnc4c(N)ncnc34)c2cc1C	"InChI=1S/C27H33N9O15P2/c1-10-3-12-13(4-11(10)2)35(24-18(32-12)25(42)34-27(43)33-24)5-14(37)19(39)15(38)6-48-52(44,45)51-53(46,47)49-7-16-20(40)21(41)26(50-16)36-9-31-17-22(28)29-8-30-23(17)36/h3-4,8-9,14-16,19-21,26,37-41H,5-7H2,1-2H3,(H,44,45)(H,46,47)(H2,28,29,30)(H,34,42,43)/t14-,15+,16+,19-,20+,21+,26+/m0/s1"	Flavin Adenine Dinucleotide	784.14771				4.955																																																																																																																																																																																																		
CHEBI:44897	C3H5O6P	OC(=O)C(=C)OP(O)(O)=O	"InChI=1S/C3H5O6P/c1-2(3(4)5)9-10(6,7)8/h1H2,(H,4,5)(H2,6,7,8)"	Phosphopyruvic acid	166.97577				1.518																																																																																																																																																																																																		
CHEBI:194283	C26H26N4O4S	S(/C(=C(\N(CC=1C(=NC(=NC1)C)N)C=O)/C)/CCOC(=O)C2=CC=CC=C2)C(=O)C3=CC=CC=C3	"InChI=1S/C26H26N4O4S/c1-18(30(17-31)16-22-15-28-19(2)29-24(22)27)23(35-26(33)21-11-7-4-8-12-21)13-14-34-25(32)20-9-5-3-6-10-20/h3-12,15,17H,13-14,16H2,1-2H3,(H2,27,28,29)/b23-18-"	Dibenzoyl Thiamine	489.1586				5.616																																																																																																																																																																																																		
CHEBI:17345	C10H14N5O8P	Nc1nc2n(cnc2c(=O)[nH]1)[C@@H]1O[C@H](COP(O)(O)=O)[C@@H](O)[C@H]1O	"InChI=1S/C10H14N5O8P/c11-10-13-7-4(8(18)14-10)12-2-15(7)9-6(17)5(16)3(23-9)1-22-24(19,20)21/h2-3,5-6,9,16-17H,1H2,(H2,19,20,21)(H3,11,13,14,18)/t3-,5-,6-,9-/m1/s1"	Guanosine monophosphate (GMP)	362.0526				1.5																																																																																																																																																																																																		
CHEBI:183367	C14H15NO4	OC(=O)C=1C=2C(N(CCCCC(O)=O)C1)=CC=CC2	"InChI=1S/C14H15NO4/c16-13(17)7-3-4-8-15-9-11(14(18)19)10-5-1-2-6-12(10)15/h1-2,5-6,9H,3-4,7-8H2,(H,16,17)(H,18,19)"	PB-22 N-pentanoic acid-3-carboxyindole metabolite	260.09391				5.92																																																																																																																																																																																																		
CHEBI:28744	C18H24O3	[H][C@]12CC[C@]3(C)[C@@H](O)CC[C@@]3([H])[C@]1([H])CCc1cc(O)c(O)cc21	"InChI=1S/C18H24O3/c1-18-7-6-11-12(14(18)4-5-17(18)21)3-2-10-8-15(19)16(20)9-13(10)11/h8-9,11-12,14,17,19-21H,2-7H2,1H3/t11-,12+,14-,17-,18-/m0/s1"	2-Hydroxyestradiol	287.16617				5.817																																																																																																																																																																																																		
CHEBI:228774	C42H84NO7P	P(OCC[N+](C)(C)C)(OCC(OC(=O)CCCCCCC/C=C\CCCCCCCC)COCCCCCCCCCCCCCCCC)([O-])=O	"InChI=1S/C42H84NO7P/c1-6-8-10-12-14-16-18-20-22-23-25-27-29-31-33-35-42(44)50-41(40-49-51(45,46)48-38-36-43(3,4)5)39-47-37-34-32-30-28-26-24-21-19-17-15-13-11-9-7-2/h20,22,41H,6-19,21,23-40H2,1-5H3/b22-20-"	PC O-16:0_18:1	790.60278				11.122																																																																																																																																																																																																		
CHEBI:82679	C24H38O4	C[C@H](CCC(O)=O)[C@H]1CC[C@H]2[C@H]3[C@H](CC[C@]12C)[C@@]1(C)CC[C@@H](O)C[C@H]1CC3=O	"InChI=1S/C24H38O4/c1-14(4-7-21(27)28)17-5-6-18-22-19(9-11-24(17,18)3)23(2)10-8-16(25)12-15(23)13-20(22)26/h14-19,22,25H,4-13H2,1-3H3,(H,27,28)/t14-,15+,16-,17-,18+,19+,22+,23+,24-/m1/s1"	ST 24:2;O4	389.27228				7.557																																																																																																																																																																																																		
CHEBI:64561	C24H48NO7P	[H][C@@](COC)(COP([O-])(=O)OCC[N+](C)(C)C)OC		LPC 18:0	568.36604				10.101																																																																																																																																																																																																		
CHEBI:16192	C10H14N5O7P	Nc1nc2n(cnc2c(=O)[nH]1)[C@H]1C[C@H](O)[C@@H](COP(O)(O)=O)O1	"InChI=1S/C10H14N5O7P/c11-10-13-8-7(9(17)14-10)12-3-15(8)6-1-4(16)5(22-6)2-21-23(18,19)20/h3-6,16H,1-2H2,(H2,18,19,20)(H3,11,13,14,17)/t4-,5+,6+/m0/s1"	2'-Deoxyguanosine 5'-monophosphate (dGMP)	346.06201				5.046																																																																																																																																																																																																		
CHEBI:75097	C17H32O2	CCCCCC\C=C\CCCCCCCCC(O)=O	"InChI=1S/C17H32O2/c1-2-3-4-5-6-7-8-9-10-11-12-13-14-15-16-17(18)19/h7-8H,2-6,9-16H2,1H3,(H,18,19)/b8-7+"	trans-10-Heptadecenoic Acid	267.23468				8.891																																																																																																																																																																																																		
CHEBI:32902	C19H24O5	[H][C@]12CC[C@]3([H])[C@](CC1=C)(C2)[C@@H](C(O)=O)[C@]1([H])[C@@]2(C)[C@@H](O)CC[C@@]31OC2=O	"InChI=1S/C19H24O5/c1-9-7-18-8-10(9)3-4-11(18)19-6-5-12(20)17(2,16(23)24-19)14(19)13(18)15(21)22/h10-14,20H,1,3-8H2,2H3,(H,21,22)/t10-,11-,12+,13-,14-,17-,18+,19-/m1/s1"	Gibberellin A4	331.16021				5.956																																																																																																																																																																																																		
CHEBI:17202	C10H13N4O8P	O[C@@H]1[C@@H](COP(O)(O)=O)O[C@H]([C@@H]1O)n1cnc2c1nc[nH]c2=O	"InChI=1S/C10H13N4O8P/c15-6-4(1-21-23(18,19)20)22-10(7(6)16)14-3-13-5-8(14)11-2-12-9(5)17/h2-4,6-7,10,15-16H,1H2,(H,11,12,17)(H2,18,19,20)/t4-,6-,7-,10-/m1/s1"	Inosine 5'-Monophosphate	347.03877				5.608																																																																																																																																																																																																		
CHEBI:195762	C15H13I2NO4	IC1=CC(OC2=CC=C(C[C@H]([NH3+])C([O-])=O)C=C2)=CC(I)=C1O	"InChI=1S/C15H13I2NO4/c16-11-6-10(7-12(17)14(11)19)22-9-3-1-8(2-4-9)5-13(18)15(20)21/h1-4,6-7,13,19H,5,18H2,(H,20,21)/t13-/m0/s1"	"3,5-Diiodo-L-thyronine"	523.88568				3.088																																																																																																																																																																																																		
CHEBI:28846	C9H15N3O10P2	Nc1ccn([C@H]2C[C@H](O)[C@@H](COP(O)(=O)OP(O)(O)=O)O2)c(=O)n1	"InChI=1S/C9H15N3O10P2/c10-7-1-2-12(9(14)11-7)8-3-5(13)6(21-8)4-20-24(18,19)22-23(15,16)17/h1-2,5-6,8,13H,3-4H2,(H,18,19)(H2,10,11,14)(H2,15,16,17)/t5-,6+,8+/m0/s1"	2'-Deoxycytidine 5'-diphosphate (dCDP)	386.01364				4.776																																																																																																																																																																																																		
CHEBI:183648	C26H44NO9P	O(P(OC[C@@H](C(=O)O)N)(=O)O)C[C@@H](CO*)O*		LPS 20:4	544.27146				8.871																																																																																																																																																																																																		
CHEBI:228775	C14H18N2O5	O(C1=C(OCCOC)C=C2N=CNC(=O)C2=C1)CCOC	"InChI=1S/C14H18N2O5/c1-18-3-5-20-12-7-10-11(15-9-16-14(10)17)8-13(12)21-6-4-19-2/h7-9H,3-6H2,1-2H3,(H,15,16,17)"	"6,7-bis(2-methoxyethoxy)quinazolin-4(3H)-one"	293.11698				6.137																																																																																																																																																																																																		
CHEBI:228776	C17H11N3O3	O=C\1NC=2C(/C1=C/C=3C4=C(NC3)C=CC([N+]([O-])=O)=C4)=CC=CC2	"InChI=1S/C17H11N3O3/c21-17-14(12-3-1-2-4-16(12)19-17)7-10-9-18-15-6-5-11(20(22)23)8-13(10)15/h1-9,18H,(H,19,21)/b14-7-"	3-[(Z)-(5-nitro-1H-indol-3-yl)methylidene]-1H-indol-2-one	304.0694				6.396																																																																																																																																																																																																		
CHEBI:183370	C14H16F6O2	FC(F)(C12CC3(CC(C1)CC(C2)C3)C(O)=O)C(F)C(F)(F)F	"InChI=1S/C14H16F6O2/c15-9(14(18,19)20)13(16,17)12-4-7-1-8(5-12)3-11(2-7,6-12)10(21)22/h7-9H,1-6H2,(H,21,22)"	"3-(1,1,2,3,3,3-hexafluoropropyl)adamantane-1-carboxylic acid"	329.09885				4.945																																																																																																																																																																																																		
CHEBI:228777	C13H14N2O2S	S(C=1C(NC=C(C(OCC)=O)C#N)=CC=CC1)C	"InChI=1S/C13H14N2O2S/c1-3-17-13(16)10(8-14)9-15-11-6-4-5-7-12(11)18-2/h4-7,9,15H,3H2,1-2H3"	ethyl 2-cyano-3-[2-(methylthio)anilino]acrylate	261.06815				5.566																																																																																																																																																																																																		
CHEBI:183255	C24H46NO9P	O(P(OC[C@@H](C(=O)O)N)(=O)O)C[C@@H](CO*)O*		LPS 18:1	522.28728				9.651																																																																																																																																																																																																		
CHEBI:228778	C11H10ClN3O2	ClC1=CC=C(C=2ON=C(C2C(=O)NN)C)C=C1	"InChI=1S/C11H10ClN3O2/c1-6-9(11(16)14-13)10(17-15-6)7-2-4-8(12)5-3-7/h2-5H,13H2,1H3,(H,14,16)"	5-(4-chlorophenyl)-3-methylisoxazole-4-carbohydrazide	250.03815				8.073																																																																																																																																																																																																		
CHEBI:228779	C9H11F3O2S	S(C1C(=O)CC(CC1=O)(C)C)C(F)(F)F	"InChI=1S/C9H11F3O2S/c1-8(2)3-5(13)7(6(14)4-8)15-9(10,11)12/h7H,3-4H2,1-2H3"	"5,5-dimethyl-2-[(trifluoromethyl)sulfanyl]-1,3-cyclohexanedione"	239.03963				6.529																																																																																																																																																																																																		
CHEBI:15728	C5H11N3O2	C(=N)(N)NCCCC(O)=O	"InChI=1S/C5H11N3O2/c6-5(7)8-3-1-2-4(9)10/h1-3H2,(H,9,10)(H4,6,7,8)"	4-Guanidinobutanoic acid	144.07786				1.412																																																																																																																																																																																																		
CHEBI:15584	C5H8O5	CC(O)(CC(O)=O)C(O)=O	"InChI=1S/C5H8O5/c1-5(10,4(8)9)2-3(6)7/h10H,2H2,1H3,(H,6,7)(H,8,9)"	2-Hydroxy-2-methylbutanedioic acid	147.02991				5.578																																																																																																																																																																																																		
CHEBI:228780	C35H70NO8P	P(OCC(OC(=O)CCCCCCCCCCCCCCC)COC(=O)CCCCCCCCCCCCC)(OCCN)(O)=O	"InChI=1S/C35H70NO8P/c1-3-5-7-9-11-13-15-16-18-20-22-24-26-28-35(38)44-33(32-43-45(39,40)42-30-29-36)31-41-34(37)27-25-23-21-19-17-14-12-10-8-6-4-2/h33H,3-32,36H2,1-2H3,(H,39,40)"	PE 14:0_16:0	662.48114				10.164																																																																																																																																																																																																		
CHEBI:69426	C11H15N5O4	CO[C@@H]1[C@H](O)[C@@H](CO)O[C@H]1n1cnc2c(N)ncnc12	"InChI=1S/C11H15N5O4/c1-19-8-7(18)5(2-17)20-11(8)16-4-15-6-9(12)13-3-14-10(6)16/h3-5,7-8,11,17-18H,2H2,1H3,(H2,12,13,14)/t5-,7-,8-,11-/m1/s1"	2'-O-Methyladenosine	280.10478				1.325																																																																																																																																																																																																		
CHEBI:17858	C20H32N6O12S2	N[C@@H](CCC(=O)N[C@@H](CSSC[C@H](NC(=O)CC[C@H](N)C(O)=O)C(=O)NCC(O)=O)C(=O)NCC(O)=O)C(O)=O	"InChI=1S/C20H32N6O12S2/c21-9(19(35)36)1-3-13(27)25-11(17(33)23-5-15(29)30)7-39-40-8-12(18(34)24-6-16(31)32)26-14(28)4-2-10(22)20(37)38/h9-12H,1-8,21-22H2,(H,23,33)(H,24,34)(H,25,27)(H,26,28)(H,29,30)(H,31,32)(H,35,36)(H,37,38)/t9-,10-,11-,12-/m0/s1"	glutathione disulfide	611.14736				5.681																																																																																																																																																																																																		
CHEBI:53487	C22H36O2	C(=C\C/C=C\C/C=C\CCCCCC(O)=O)\C/C=C\CCCCC	"InChI=1S/C22H36O2/c1-2-3-4-5-6-7-8-9-10-11-12-13-14-15-16-17-18-19-20-21-22(23)24/h6-7,9-10,12-13,15-16H,2-5,8,11,14,17-21H2,1H3,(H,23,24)/b7-6-,10-9-,13-12-,16-15-"	Adrenic acid	331.26672				10.49																																																																																																																																																																																																		
CHEBI:194263	C22H38O5	OC1[C@@H](C(CCCCCCCCC(O)=O)C(=O)C1)/C=C/C(O)CCCCC	"InChI=1S/C22H38O5/c1-2-3-8-11-17(23)14-15-19-18(20(24)16-21(19)25)12-9-6-4-5-7-10-13-22(26)27/h14-15,17-19,21,23,25H,2-13,16H2,1H3,(H,26,27)/b15-14+/t17?,18?,19-,21?/m1/s1"	"1a,1b-Dihomo prostaglandin E1"	363.25554				6.749																																																																																																																																																																																																		
CHEBI:16467	C6H14N4O2	N[C@@H](CCCNC(N)=N)C(O)=O	"InChI=1S/C6H14N4O2/c7-4(5(11)12)2-1-3-10-6(8)9/h4H,1-3,7H2,(H,11,12)(H4,8,9,10)/t4-/m0/s1"	L-arginine	173.10455				1.251																																																																																																																																																																																																		
CHEBI:52279	C44H30N4	c1ccc(cc1)-c1c2ccc(n2)c(-c2ccccc2)c2ccc([nH]2)c(-c2ccccc2)c2ccc(n2)c(-c2ccccc2)c2ccc1[nH]2	"InChI=1S/C44H30N4/c1-5-13-29(14-6-1)41-33-21-23-35(45-33)42(30-15-7-2-8-16-30)37-25-27-39(47-37)44(32-19-11-4-12-20-32)40-28-26-38(48-40)43(31-17-9-3-10-18-31)36-24-22-34(41)46-36/h1-28,45,48H/b41-33-,41-34-,42-35-,42-37-,43-36-,43-38-,44-39-,44-40-"	TPP	459.00653				5.075																																																																																																																																																																																																		
CHEBI:228781	C46H91NO12S	S(OC1C(O)C(OC(OCC(NC(=O)C(O)CCCCCCCCCCCCCCCCCCCCCCCCCCCCCC)C(O)CCCCC)C1O)CO)(O)(=O)=O	"InChI=1S/C46H91NO12S/c1-3-5-7-8-9-10-11-12-13-14-15-16-17-18-19-20-21-22-23-24-25-26-27-28-29-30-31-33-35-40(50)45(53)47-38(39(49)34-32-6-4-2)37-57-46-43(52)44(59-60(54,55)56)42(51)41(36-48)58-46/h38-44,46,48-52H,3-37H2,1-2H3,(H,47,53)(H,54,55,56)"	SHexCer 40:0;3O	880.62				1.237																																																																																																																																																																																																		
CHEBI:15996	C10H16N5O14P3	Nc1nc2n(cnc2c(=O)[nH]1)[C@@H]1O[C@H](COP(O)(=O)OP(O)(=O)OP(O)(O)=O)[C@@H](O)[C@H]1O	"InChI=1S/C10H16N5O14P3/c11-10-13-7-4(8(18)14-10)12-2-15(7)9-6(17)5(16)3(27-9)1-26-31(22,23)29-32(24,25)28-30(19,20)21/h2-3,5-6,9,16-17H,1H2,(H,22,23)(H,24,25)(H2,19,20,21)(H3,11,13,14,18)/t3-,5-,6-,9-/m1/s1"	Guanosine triphosphate (GTP)	521.98016				2.43																																																																																																																																																																																																		
CHEBI:190319	C20H34O5	O[C@H]1[C@H]([C@@H]([C@@H](O)C1)/C=C/[C@H](O)CCCCC)C/C=C\CCCC(O)=O	"InChI=1S/C20H34O5/c1-2-3-6-9-15(21)12-13-17-16(18(22)14-19(17)23)10-7-4-5-8-11-20(24)25/h4,7,12-13,15-19,21-23H,2-3,5-6,8-11,14H2,1H3,(H,24,25)/b7-4-,13-12+/t15-,16+,17+,18-,19+/m1/s1"	ent-8-iso Prostaglandin F2 alpha	353.23337				8.057																																																																																																																																																																																																		
CHEBI:39567	C12H24O3	OCCCCCCCCCCCC(O)=O	"InChI=1S/C12H24O3/c13-11-9-7-5-3-1-2-4-6-8-10-12(14)15/h13H,1-11H2,(H,14,15)"	12-Hydroxydodecanoic acid	215.16622				6.876																																																																																																																																																																																																		
CHEBI:28862	C10H15N5O10P2	Nc1nc2n(cnc2c(=O)[nH]1)[C@H]1C[C@H](O)[C@@H](COP(O)(=O)OP(O)(O)=O)O1	"InChI=1S/C10H15N5O10P2/c11-10-13-8-7(9(17)14-10)12-3-15(8)6-1-4(16)5(24-6)2-23-27(21,22)25-26(18,19)20/h3-6,16H,1-2H2,(H,21,22)(H2,18,19,20)(H3,11,13,14,17)/t4-,5+,6+/m0/s1"	Deoxyguanosine diphosphate (dGDP)	426.01654				4.657																																																																																																																																																																																																		
CHEBI:183330	C15H15ClFNO4S	ClC=1C(CNS(=O)(=O)C2=CC(OC)=C(OC)C=C2)=C(F)C=CC1	"InChI=1S/C15H15ClFNO4S/c1-21-14-7-6-10(8-15(14)22-2)23(19,20)18-9-11-12(16)4-3-5-13(11)17/h3-8,18H,9H2,1-2H3"	"N1-(2-chloro-6-fluorobenzyl)-3,4-dimethoxybenzene-1-sulfonamide"	358.02873				1.908																																																																																																																																																																																																		
CHEBI:17713	C10H14N5O6P	Nc1ncnc2n(cnc12)[C@H]1C[C@H](O)[C@@H](COP(O)(O)=O)O1	"InChI=1S/C10H14N5O6P/c11-9-8-10(13-3-12-9)15(4-14-8)7-1-5(16)6(21-7)2-20-22(17,18)19/h3-7,16H,1-2H2,(H2,11,12,13)(H2,17,18,19)/t5-,6+,7+/m0/s1"	2'-Deoxyadenosine 5'-monophosphate (dAMP)	330.06329				1.398																																																																																																																																																																																																		
CHEBI:167250	C44H80NO8P			PC 16:0_20:4	826.56682				11.264																																																																																																																																																																																																		
CHEBI:228782	C15H12ClNO3	ClC=1C=C(C(OC2=CC=C(NC(=O)C)C=C2)=O)C=CC1	"InChI=1S/C15H12ClNO3/c1-10(18)17-13-5-7-14(8-6-13)20-15(19)11-3-2-4-12(16)9-11/h2-9H,1H3,(H,17,18)"	4-(acetylamino)phenyl 3-chlorobenzoate	324.02231				6.763																																																																																																																																																																																																		
CHEBI:64549	C26H50NO7P	[H][C@@](COC)(COP([O-])(=O)OCC[N+](C)(C)C)OC		LPC 18:2	564.33431				8.672																																																																																																																																																																																																		
CHEBI:84441	C18H30O3	C(CCCC(O)=O)CCC/C=C\C=C\[C@H](C/C=C\CC)O	"InChI=1S/C18H30O3/c1-2-3-11-14-17(19)15-12-9-7-5-4-6-8-10-13-16-18(20)21/h3,7,9,11-12,15,17,19H,2,4-6,8,10,13-14,16H2,1H3,(H,20,21)/b9-7-,11-3-,15-12+/t17-/m0/s1"	13(S)-HOTrE	293.21451				7.231																																																																																																																																																																																																		
CHEBI:228783	C23H46NO6P	P(OCC(O)COCCCCCCCC/C=C\C/C=C\CCCCC)(OCCN)(O)=O	"InChI=1S/C23H46NO6P/c1-2-3-4-5-6-7-8-9-10-11-12-13-14-15-16-17-19-28-21-23(25)22-30-31(26,27)29-20-18-24/h6-7,9-10,23,25H,2-5,8,11-22,24H2,1H3,(H,26,27)/b7-6-,10-9-"	LPE O-18:2	462.30237				9.825																																																																																																																																																																																																		
CHEBI:16695	C9H13N2O9P	O[C@@H]1[C@@H](COP(O)(O)=O)O[C@H]([C@@H]1O)n1ccc(=O)[nH]c1=O	"InChI=1S/C9H13N2O9P/c12-5-1-2-11(9(15)10-5)8-7(14)6(13)4(20-8)3-19-21(16,17)18/h1-2,4,6-8,13-14H,3H2,(H,10,12,15)(H2,16,17,18)/t4-,6-,7-,8-/m1/s1"	Uridine monophosphate (UMP)	323.02985				1.876																																																																																																																																																																																																		
CHEBI:183705	C15H29NO3	O=C(N(CC(O)=O)C)CCCCCCCCCCC	"InChI=1S/C15H29NO3/c1-3-4-5-6-7-8-9-10-11-12-14(17)16(2)13-15(18)19/h3-13H2,1-2H3,(H,18,19)"	N-Lauroylsarcosine	270.20883				7.775																																																																																																																																																																																																		
CHEBI:15846	C21H28N7O14P2+	NC(=O)c1ccc[n+](c1)[C@@H]1O[C@H](COP(O)(=O)OP(O)(=O)OC[C@H]2O[C@H]([C@H](O)[C@@H]2O)n2cnc3c(N)ncnc23)[C@@H](O)[C@H]1O	"InChI=1S/C21H27N7O14P2/c22-17-12-19(25-7-24-17)28(8-26-12)21-16(32)14(30)11(41-21)6-39-44(36,37)42-43(34,35)38-5-10-13(29)15(31)20(40-10)27-3-1-2-9(4-27)18(23)33/h1-4,7-8,10-11,13-16,20-21,29-32H,5-6H2,(H5-,22,23,24,25,33,34,35,36,37)/p+1/t10-,11-,13-,14-,15-,16-,20-,21-/m1/s1"	NAD+	662.1006				5.006																																																																																																																																																																																																		
CHEBI:16551	C12H22O11	OC[C@H]1O[C@H](O[C@H]2O[C@H](CO)[C@@H](O)[C@H](O)[C@H]2O)[C@H](O)[C@@H](O)[C@@H]1O	"InChI=1S/C12H22O11/c13-1-3-5(15)7(17)9(19)11(21-3)23-12-10(20)8(18)6(16)4(2-14)22-12/h3-20H,1-2H2/t3-,4-,5-,6-,7+,8+,9-,10-,11-,12-/m1/s1"	",-Trehalose"	341.10522				6.932																																																																																																																																																																																																		
CHEBI:16755	C24H40O4	[H][C@@]12C[C@H](O)CC[C@]1(C)[C@@]1([H])CC[C@]3(C)[C@]([H])(CC[C@@]3([H])[C@]1([H])[C@H](O)C2)[C@H](C)CCC(O)=O	"InChI=1S/C24H40O4/c1-14(4-7-21(27)28)17-5-6-18-22-19(9-11-24(17,18)3)23(2)10-8-16(25)12-15(23)13-20(22)26/h14-20,22,25-26H,4-13H2,1-3H3,(H,27,28)/t14-,15+,16-,17-,18+,19+,20-,22+,23+,24-/m1/s1"	Chenodeoxycholic Acid	437.29367				7.856																																																																																																																																																																																																		
CHEBI:228784	C17H26N2O4	O(C(=O)N(NC(OCC)=O)C1=C(C(=C(C(=C1C)C)C)C)C)CC	"InChI=1S/C17H26N2O4/c1-8-22-16(20)18-19(17(21)23-9-2)15-13(6)11(4)10(3)12(5)14(15)7/h8-9H2,1-7H3,(H,18,20)"	"diethyl 1-(2,3,4,5,6-pentamethylphenyl)hydrazine-1,2-dicarboxylate"	321.17639				9.022																																																																																																																																																																																																		
CHEBI:192241	C45H76O19	O1C2C(C3(C(C4C(C5(C(CC4)CC(O[C@@H]6O[C@@H]([C@@H](O)[C@H](O)[C@H]6O[C@@H]7O[C@H]([C@H](O)[C@@H](O)[C@H]7O)C)CO)C(O)C5)C)CC3)C2)C)C(C1(O)CCC(CO[C@@H]8O[C@@H]([C@@H](O)[C@H](O)[C@H]8O)CO)C)C	"InChI=1S/C45H76O19/c1-18(17-58-40-37(55)35(53)32(50)28(15-46)61-40)8-11-45(57)19(2)30-27(64-45)13-24-22-7-6-21-12-26(25(48)14-44(21,5)23(22)9-10-43(24,30)4)60-42-39(36(54)33(51)29(16-47)62-42)63-41-38(56)34(52)31(49)20(3)59-41/h18-42,46-57H,6-17H2,1-5H3/t18?,19?,20-,21?,22?,23?,24?,25?,26?,27?,28+,29+,30?,31-,32+,33+,34+,35-,36-,37+,38+,39+,40+,41-,42+,43?,44?,45?/m0/s1"	Trigoneoside Xb	965.48016				6.811																																																																																																																																																																																																		
CHEBI:228785	C14H9ClN2O2	ClC1=CC=C(N2C=3C(NC(=O)C2=O)=CC=CC3)C=C1	"InChI=1S/C14H9ClN2O2/c15-9-5-7-10(8-6-9)17-12-4-2-1-3-11(12)16-13(18)14(17)19/h1-8H,(H,16,18)"	"1-(4-chlorophenyl)-3-hydroxy-1,2-dihydroquinoxalin-2-one"	271.02682				7.587																																																																																																																																																																																																		
CHEBI:34230	C18H30O5	CCCCC[C@H](O)\C=C\[C@H]1[C@H](O)C[C@H](O)[C@H]1C\C=C/CC(O)=O	"InChI=1S/C18H30O5/c1-2-3-4-7-13(19)10-11-15-14(16(20)12-17(15)21)8-5-6-9-18(22)23/h5-6,10-11,13-17,19-21H,2-4,7-9,12H2,1H3,(H,22,23)/b6-5-,11-10+/t13-,14-,15+,16-,17+/m0/s1"	"2,3-Dinor-8-epi-prostaglandin F2 alpha"	651.41589				7.512																																																																																																																																																																																																		
CHEBI:67119	C15H24N2O17P2	OC[C@H]1O[C@H](OP(O)(=O)OP(O)(=O)OC[C@H]2O[C@H]([C@H](O)[C@@H]2O)n2ccc(=O)[nH]c2=O)[C@H](O)[C@@H](O)[C@H]1O	"InChI=1S/C15H24N2O17P2/c18-3-5-8(20)10(22)12(24)14(32-5)33-36(28,29)34-35(26,27)30-4-6-9(21)11(23)13(31-6)17-2-1-7(19)16-15(17)25/h1-2,5-6,8-14,18,20-24H,3-4H2,(H,26,27)(H,28,29)(H,16,19,25)/t5-,6-,8+,9-,10+,11-,12-,13-,14-/m1/s1"	UDP-galactose	565.05034				2.265																																																																																																																																																																																																		
CHEBI:87427	C14H28O2	CCCCCCCCCCCC(=O)OCC	"InChI=1S/C14H28O2/c1-3-5-6-7-8-9-10-11-12-13-14(15)16-4-2/h3-13H2,1-2H3"	Lauric acid ethyl ester	227.20286				9.403																																																																																																																																																																																																		
CHEBI:32425	C20H38O2	C(=O)(CCCCCCCCC/C=C\CCCCCCCC)O	"InChI=1S/C20H38O2/c1-2-3-4-5-6-7-8-9-10-11-12-13-14-15-16-17-18-19-20(21)22/h9-10H,2-8,11-19H2,1H3,(H,21,22)/b10-9-"	11(Z)-Eicosenoic acid	355.28725				9.946																																																																																																																																																																																																		
CHEBI:64576	C23H48NO7P	[H][C@@](COC)(COP(O)(=O)OCCN)OC		LysoPE 18:0	480.31137				9.24																																																																																																																																																																																																		
CHEBI:190541	C14H9F3N2	FC(F)(F)C=1NN=C(C2=CC=3C(C=C2)=CC=CC3)C1	"InChI=1S/C14H9F3N2/c15-14(16,17)13-8-12(18-19-13)11-6-5-9-3-1-2-4-10(9)7-11/h1-8H,(H,18,19)"	3-(2-naphthyl)-5-(trifluoromethyl)-1H-pyrazole	261.06862				7.089																																																																																																																																																																																																		
CHEBI:23965	C18H24O2	[H][C@]12CC[C@]3(C)C(O)CC[C@@]3([H])[C@]1([H])CCc1cc(O)ccc21	"InChI=1S/C18H24O2/c1-18-9-8-14-13-5-3-12(19)10-11(13)2-4-15(14)16(18)6-7-17(18)20/h3,5,10,14-17,19-20H,2,4,6-9H2,1H3/t14-,15-,16+,17?,18+/m1/s1"	Estradiol	271.17249				7.191																																																																																																																																																																																																		
				2-Hydroxy-1-(4-methoxyphenyl)propyl hexopyranoside	343.14145				5.098																																																																																																																																																																																																		
CHEBI:180275	C20H38O2	OC(=O)CCCCCCCCC/C=C/CCCCCCCC	"InChI=1S/C20H38O2/c1-2-3-4-5-6-7-8-9-10-11-12-13-14-15-16-17-18-19-20(21)22/h9-10H,2-8,11-19H2,1H3,(H,21,22)/b10-9+"	11(E)-Eicosenoic Acid	309.28165				11.271																																																																																																																																																																																																		
CHEBI:64566	C26H52NO7P	[H][C@@](CO[*])(COP([O-])(=O)OCC[N+](C)(C)C)O[*]		LPC 18:1	566.34991				9.22																																																																																																																																																																																																		
CHEBI:228786	C13H9Cl2N3O	ClC1=C(C=2NC(=O)C=3N(C2)C=NC3C)C=CC(Cl)=C1	"InChI=1S/C13H9Cl2N3O/c1-7-12-13(19)17-11(5-18(12)6-16-7)9-3-2-8(14)4-10(9)15/h2-6H,1H3,(H,17,19)"	"6-(2,4-dichlorophenyl)-1-methyl-7,8-dihydroimidazo[1,5-a]pyrazin-8-one"	292.00528				5.704																																																																																																																																																																																																		
CHEBI:78757	C4H12N2S2	NCCSSCCN	InChI=1S/C4H12N2S2/c5-1-3-7-8-4-2-6/h1-6H2	Cystamine	151.03646				5.922																																																																																																																																																																																																		
CHEBI:228787	C14H15NO8	O(CC(=O)NC1=C(C=CC(=C1)C(OC)=O)C(OC)=O)CC(O)=O	"InChI=1S/C14H15NO8/c1-21-13(19)8-3-4-9(14(20)22-2)10(5-8)15-11(16)6-23-7-12(17)18/h3-5H,6-7H2,1-2H3,(H,15,16)(H,17,18)"	"2-{2-[2,5-di(methoxycarbonyl)anilino]-2-oxoethoxy}acetic acid"	324.07425				7.291																																																																																																																																																																																																		
CHEBI:17898	C20H28O	[H]C(=O)\C=C(/C)\C=C\C=C(/C)\C=C\C1=C(C)CCCC1(C)C	"InChI=1S/C20H28O/c1-16(8-6-9-17(2)13-15-21)11-12-19-18(3)10-7-14-20(19,4)5/h6,8-9,11-13,15H,7,10,14H2,1-5H3/b9-6+,12-11+,16-8+,17-13+"	All trans-Retinal	283.20807				7.996																																																																																																																																																																																																		
CHEBI:28822	C20H40O2	CCCCCCCCCCCCCCCCCCCC(O)=O	"InChI=1S/C20H40O2/c1-2-3-4-5-6-7-8-9-10-11-12-13-14-15-16-17-18-19-20(21)22/h2-19H2,1H3,(H,21,22)"	Arachidic acid	311.29727				11.453																																																																																																																																																																																																		
CHEBI:75183	C10H13N2O7P	Cc1cn([C@H]2C[C@@H]3OP(O)(=O)OC[C@H]3O2)c(=O)[nH]c1=O	"InChI=1S/C10H13N2O7P/c1-5-3-12(10(14)11-9(5)13)8-2-6-7(18-8)4-17-20(15,16)19-6/h3,6-8H,2,4H2,1H3,(H,15,16)(H,11,13,14)/t6-,7+,8+/m0/s1"	"Thymidine 3,5-cyclic monophosphate"	303.03981				1.406																																																																																																																																																																																																		
CHEBI:228788	C47H89NO11S	S(OC1C(O)C(OC(OCC(NC(=O)CCCCCCCCCC/C=C\CCCCCCCCCCCCCC)C(O)/C=C/CCCCCCCCC)C1O)CO)(O)(=O)=O	"InChI=1S/C47H89NO11S/c1-3-5-7-9-11-13-14-15-16-17-18-19-20-21-22-23-24-25-26-27-29-31-33-35-37-43(51)48-40(41(50)36-34-32-30-28-12-10-8-6-4-2)39-57-47-45(53)46(59-60(54,55)56)44(52)42(38-49)58-47/h21-22,34,36,40-42,44-47,49-50,52-53H,3-20,23-33,35,37-39H2,1-2H3,(H,48,51)(H,54,55,56)/b22-21-,36-34+"	SHexCer 41:2;2O	874.6148				1.246																																																																																																																																																																																																		
CHEBI:183359	C19H18O11	O1[C@@H]([C@@H](O)[C@H](O)[C@@H](O)[C@@H]1OC=2C=C3OC=4C(C(=O)C3=C(O)C2)=C(O)C=CC4O)CO	"InChI=1S/C19H18O11/c20-5-11-14(24)16(26)17(27)19(30-11)28-6-3-9(23)12-10(4-6)29-18-8(22)2-1-7(21)13(18)15(12)25/h1-4,11,14,16-17,19-24,26-27H,5H2/t11-,14-,16+,17-,19-/m1/s1"	"1,5,8-Trihydroxy-9-oxo-9H-xanthen-3-yl beta-D-glucopyranoside"	421.07406				6.546																																																																																																																																																																																																		
CHEBI:28846	C9H15N3O10P2	Nc1ccn([C@H]2C[C@H](O)[C@@H](COP(O)(=O)OP(O)(O)=O)O2)c(=O)n1	"InChI=1S/C9H15N3O10P2/c10-7-1-2-12(9(14)11-7)8-3-5(13)6(21-8)4-20-24(18,19)22-23(15,16)17/h1-2,5-6,8,13H,3-4H2,(H,18,19)(H2,10,11,14)(H2,15,16,17)/t5-,6+,8+/m0/s1"	dCDP	386.01413				5.7																																																																																																																																																																																																		
CHEBI:228805	C9H13NO3.C4H6O6	O[C@H](C1=CC(O)=C(O)C=C1)CNC.O[C@H]([C@@H](O)C(O)=O)C(O)=O	"InChI=1S/C9H13NO3.C4H6O6/c1-10-5-9(13)6-2-3-7(11)8(12)4-6;5-1(3(7)8)2(6)4(9)10/h2-4,9-13H,5H2,1H3;1-2,5-6H,(H,7,8)(H,9,10)/t9-;1-,2-/m01/s1"	Epinephrine bitartrate	332.09821				6.222																																																																																																																																																																																																		
CHEBI:228789	C49H88O9	O1C(C(O)C(O)C(O)C1OCC(OC(=O)CCCCCCCCCCCCCCC)COCCCCCCCCCCC/C=C\C/C=C\C/C=C\C/C=C\CC)CO	"InChI=1S/C49H88O9/c1-3-5-7-9-11-13-15-17-18-19-20-21-22-23-24-25-27-29-31-33-35-37-39-55-41-43(42-56-49-48(54)47(53)46(52)44(40-50)58-49)57-45(51)38-36-34-32-30-28-26-16-14-12-10-8-6-4-2/h5,7,11,13,17-18,20-21,43-44,46-50,52-54H,3-4,6,8-10,12,14-16,19,22-42H2,1-2H3/b7-5-,13-11-,18-17-,21-20-"	MGDG O-24:4_16:0	879.67175				10.225																																																																																																																																																																																																		
CHEBI:16761	C10H15N5O10P2	Nc1ncnc2n(cnc12)[C@@H]1O[C@H](COP(O)(=O)OP(O)(O)=O)[C@@H](O)[C@H]1O	"InChI=1S/C10H15N5O10P2/c11-8-5-9(13-2-12-8)15(3-14-5)10-7(17)6(16)4(24-10)1-23-27(21,22)25-26(18,19)20/h2-4,6-7,10,16-17H,1H2,(H,21,22)(H2,11,12,13)(H2,18,19,20)/t4-,6-,7-,10-/m1/s1"	Adenosine 5'-Diphosphate	426.02182				6.456																																																																																																																																																																																																		
CHEBI:17552	C10H15N5O11P2	Nc1nc2n(cnc2c(=O)[nH]1)[C@@H]1O[C@H](COP(O)(=O)OP(O)(O)=O)[C@@H](O)[C@H]1O	"InChI=1S/C10H15N5O11P2/c11-10-13-7-4(8(18)14-10)12-2-15(7)9-6(17)5(16)3(25-9)1-24-28(22,23)26-27(19,20)21/h2-3,5-6,9,16-17H,1H2,(H,22,23)(H2,19,20,21)(H3,11,13,14,18)/t3-,5-,6-,9-/m1/s1"	GDP	442.01654				6.206																																																																																																																																																																																																		
CHEBI:192675	C12H10O3	O(C1=CC2=C(C=C(C=C2)C(O)=O)C=C1)C	"InChI=1S/C12H10O3/c1-15-11-5-4-8-6-10(12(13)14)3-2-9(8)7-11/h2-7H,1H3,(H,13,14)"	6-Methoxy-2-naphthoic acid	201.05614				5.402																																																																																																																																																																																																		
CHEBI:73830	C13H16N2O5	N[C@@H](CC(O)=O)C(=O)N[C@@H](Cc1ccccc1)C(O)=O	"InChI=1S/C13H16N2O5/c14-9(7-11(16)17)12(18)15-10(13(19)20)6-8-4-2-1-3-5-8/h1-5,9-10H,6-7,14H2,(H,15,18)(H,16,17)(H,19,20)/t9-,10-/m0/s1"	Asp-Phe	279.0999				4.905																																																																																																																																																																																																		
CHEBI:89649	C8H7NO	C=1C=C2C(C=CN2)=CC1O	"InChI=1S/C8H7NO/c10-7-1-2-8-6(5-7)3-4-9-8/h1-5,9-10H"	5-Hydroxyindole	132.0449				5.169																																																																																																																																																																																																		
CHEBI:7823	C15H11ClN2O2	OC1N=C(c2ccccc2)c2cc(Cl)ccc2NC1=O	"InChI=1S/C15H11ClN2O2/c16-10-6-7-12-11(8-10)13(9-4-2-1-3-5-9)18-15(20)14(19)17-12/h1-8,15,20H,(H,17,19)"	Oxazepam	285.04555				5.818																																																																																																																																																																																																		
CHEBI:18280	C8H6O3	OC(=O)C(=O)c1ccccc1	"InChI=1S/C8H6O3/c9-7(8(10)11)6-4-2-1-3-5-6/h1-5H,(H,10,11)"	Phenylglyoxylic acid	149.02445				4.944																																																																																																																																																																																																		
CHEBI:44454	C9H10N2O5	N[C@@H](Cc1ccc(O)c(c1)[N+]([O-])=O)C(O)=O	"InChI=1S/C9H10N2O5/c10-6(9(13)14)3-5-1-2-8(12)7(4-5)11(15)16/h1-2,4,6,12H,3,10H2,(H,13,14)/t6-/m0/s1"	3-Nitro-L-Tyrosine	225.05205				5.182																																																																																																																																																																																																		
CHEBI:28939	C5H9NO3S	CC(=O)N[C@@H](CS)C(O)=O	"InChI=1S/C5H9NO3S/c1-3(7)6-4(2-10)5(8)9/h4,10H,2H2,1H3,(H,6,7)(H,8,9)/t4-/m0/s1"	N-Acetyl-L-cysteine	162.02309				5.921																																																																																																																																																																																																		
CHEBI:17645	C6H11NO3	CC(=O)NCCCC(O)=O	"InChI=1S/C6H11NO3/c1-5(8)7-4-2-3-6(9)10/h2-4H2,1H3,(H,7,8)(H,9,10)"	4-Acetamidobutanoic acid	144.06638				2.057																																																																																																																																																																																																		
CHEBI:165343	C16H24O7	O[C@@H]1[C@@H]([C@H](C(=O)C1)CCC(=O)CCCCC(O)=O)CCC(O)=O	"InChI=1S/C16H24O7/c17-10(3-1-2-4-15(20)21)5-6-11-12(7-8-16(22)23)14(19)9-13(11)18/h11-12,14,19H,1-9H2,(H,20,21)(H,22,23)/t11-,12-,14+/m1/s1"	Tetranor-PGDM	309.13662				5.835																																																																																																																																																																																																		
CHEBI:7563	C8H8N2O3	OC(=O)CNC(=O)c1cccnc1	"InChI=1S/C8H8N2O3/c11-7(12)5-10-8(13)6-2-1-3-9-4-6/h1-4H,5H2,(H,10,13)(H,11,12)"	Nicotinuric acid	359.10005				2.279																																																																																																																																																																																																		
CHEBI:24813	C11H11NO3	OC(Cc1c[nH]c2ccccc12)C(O)=O	"InChI=1S/C11H11NO3/c13-10(11(14)15)5-7-6-12-9-4-2-1-3-8(7)9/h1-4,6,10,12-13H,5H2,(H,14,15)"	Indole-3-lactic acid	204.0672				5.682																																																																																																																																																																																																		
CHEBI:16704	C9H12N2O6	OC[C@H]1O[C@H]([C@H](O)[C@@H]1O)n1ccc(=O)[nH]c1=O	"InChI=1S/C9H12N2O6/c12-3-4-6(14)7(15)8(17-4)11-2-1-5(13)10-9(11)16/h1-2,4,6-8,12,14-15H,3H2,(H,10,13,16)/t4-,6-,7-,8-/m1/s1"	Uridine	243.06321				2.046																																																																																																																																																																																																		
CHEBI:545959	C9H10O4	COc1cc(CC(O)=O)ccc1O	"InChI=1S/C9H10O4/c1-13-8-4-6(5-9(11)12)2-3-7(8)10/h2-4,10H,5H2,1H3,(H,11,12)"	Homovanillic acid	181.05089				4.723																																																																																																																																																																																																		
CHEBI:192169	C6H6N4O3	O=C1N(C=2NC(=O)NC(=O)C2N1)C	"InChI=1S/C6H6N4O3/c1-10-3-2(7-6(10)13)4(11)9-5(12)8-3/h1H3,(H,7,13)(H2,8,9,11,12)"	9-Methyluric acid	181.03683				2.676																																																																																																																																																																																																		
CHEBI:36281	C9H8O4	OC(=O)C=Cc1ccc(O)c(O)c1	"InChI=1S/C9H8O4/c10-7-3-1-6(5-8(7)11)2-4-9(12)13/h1-5,10-11H,(H,12,13)"	Caffeic acid	179.03526				5.24																																																																																																																																																																																																		
CHEBI:29073	C6H8O6	[H][C@@]1(OC(=O)C(O)=C1O)[C@@H](O)CO	"InChI=1S/C6H8O6/c7-1-2(8)5-3(9)4(10)6(11)12-5/h2,5,7-10H,1H2/t2-,5+/m0/s1"	L-Ascorbate	175.02498				5.38																																																																																																																																																																																																		
CHEBI:36575	C8H7NO3	OC(=O)c1ccccc1NC=O	"InChI=1S/C8H7NO3/c10-5-9-7-4-2-1-3-6(7)8(11)12/h1-5H,(H,9,10)(H,11,12)"	2-(Formylamino)Benzoic Acid	164.03542				5.705																																																																																																																																																																																																		
CHEBI:41500	C10H12O2	OC(=O)CCCc1ccccc1	"InChI=1S/C10H12O2/c11-10(12)8-4-7-9-5-2-1-3-6-9/h1-3,5-6H,4,7-8H2,(H,11,12)"	4-Phenylbutyric acid	163.07627				5.985																																																																																																																																																																																																		
CHEBI:228799	C21H20O12	O1[C@@H]([C@@H](O)C(O)C(O)[C@@H]1OC2=C(OC=3C(C2=O)=C(O)C=C(O)C3)C4=CC(O)=C(O)C=C4)CO	"InChI=1S/C21H20O12/c22-6-13-15(27)17(29)18(30)21(32-13)33-20-16(28)14-11(26)4-8(23)5-12(14)31-19(20)7-1-2-9(24)10(25)3-7/h1-5,13,15,17-18,21-27,29-30H,6H2/t13-,15-,17?,18?,21+/m1/s1"	Quercetin-3beta-D-glucoside	463.0912				5.579																																																																																																																																																																																																		
CHEBI:28835	C25H36O8	[H][C@@]12CCC3=CC(=O)CC[C@]3(C)[C@@]1([H])CC[C@]1(C)[C@H](CC[C@@]21[H])O[C@@H]1O[C@@H]([C@@H](O)[C@H](O)[C@H]1O)C(O)=O	"InChI=1S/C25H36O8/c1-24-9-7-13(26)11-12(24)3-4-14-15-5-6-17(25(15,2)10-8-16(14)24)32-23-20(29)18(27)19(28)21(33-23)22(30)31/h11,14-21,23,27-29H,3-10H2,1-2H3,(H,30,31)/t14-,15-,16-,17-,18-,19-,20+,21-,23+,24-,25-/m0/s1"	Epitestosterone glucuronide	463.23625				6.431																																																																																																																																																																																																		
CHEBI:27470	C19H19N7O6	Nc1nc2ncc(CNc3ccc(cc3)C(=O)N[C@@H](CCC(O)=O)C(O)=O)nc2c(=O)[nH]1	"InChI=1S/C19H19N7O6/c20-19-25-15-14(17(30)26-19)23-11(8-22-15)7-21-10-3-1-9(2-4-10)16(29)24-12(18(31)32)5-6-13(27)28/h1-4,8,12,21H,5-7H2,(H,24,29)(H,27,28)(H,31,32)(H3,20,22,25,26,30)/t12-/m0/s1"	Folic acid	440.13497				5.119																																																																																																																																																																																																		
CHEBI:30763	C7H6O3	OC(=O)c1ccc(O)cc1	"InChI=1S/C7H6O3/c8-6-3-1-5(2-4-6)7(9)10/h1-4,8H,(H,9,10)"	4-Hydroxybenzoic acid	137.0242				3.508																																																																																																																																																																																																		
CHEBI:691622	C8H10N4O3	CN1C(=O)NC2=C1C(=O)N(C)C(=O)N2C	"InChI=1S/C8H10N4O3/c1-10-4-5(9-7(10)14)11(2)8(15)12(3)6(4)13/h1-3H3,(H,9,14)"	"1,3,7-Trimethyluric acid"	209.06852				5.243																																																																																																																																																																																																		
CHEBI:17215	C10H13NO3	C=1(C[C@@H](C(OC)=O)N)C=CC(O)=CC1	"InChI=1S/C10H13NO3/c1-14-10(13)9(11)6-7-2-4-8(12)5-3-7/h2-5,9,12H,6,11H2,1H3/t9-/m0/s1"	L-Tyrosine methyl ester	194.08247				5.028																																																																																																																																																																																																		
CHEBI:74966	C20H42NO7P	CCCCCCCCCCCC(=O)OC[C@@H](O)COP([O-])(=O)OCC[N+](C)(C)C	"InChI=1S/C20H42NO7P/c1-5-6-7-8-9-10-11-12-13-14-20(23)26-17-19(22)18-28-29(24,25)27-16-15-21(2,3)4/h19,22H,5-18H2,1-4H3/t19-/m1/s1"	LysoPC 12:1	414.20651				5.904																																																																																																																																																																																																		
CHEBI:4917	C10H12O2	COC1=CC(CC=C)=CC=C1O	"InChI=1S/C10H12O2/c1-3-4-8-5-6-9(11)10(7-8)12-2/h3,5-7,11H,1,4H2,2H3"	Eugenol	163.07646				5.768																																																																																																																																																																																																		
CHEBI:88714	C7H6O5	C1(C(O)=O)=C(C(=C(C=C1)O)O)O	"InChI=1S/C7H6O5/c8-4-2-1-3(7(11)12)5(9)6(4)10/h1-2,8-10H,(H,11,12)"	"2,3,4-Trihydroxybenzoic acid"	169.01457				5.291																																																																																																																																																																																																		
CHEBI:545687	C12H20O4	OC(=O)CCCCCCCC\C=C\C(O)=O	"InChI=1S/C12H20O4/c13-11(14)9-7-5-3-1-2-4-6-8-10-12(15)16/h7,9H,1-6,8,10H2,(H,13,14)(H,15,16)/b9-7+"	Traumatic acid	263.10501				5.38																																																																																																																																																																																																		
CHEBI:137725	C30H48O10	C1[C@@]2([C@]3(CC[C@]4([C@]([C@@]3([C@@H](C[C@@]2(C[C@@H](C1)O[C@@H]5O[C@@H]([C@H]([C@@H]([C@H]5O)O)O)C(O)=O)[H])O)[H])(CC[C@@]4([C@@H](CCC(O)=O)C)[H])[H])C)[H])C	"InChI=1S/C30H48O10/c1-14(4-7-21(32)33)17-5-6-18-22-19(9-11-30(17,18)3)29(2)10-8-16(12-15(29)13-20(22)31)39-28-25(36)23(34)24(35)26(40-28)27(37)38/h14-20,22-26,28,31,34-36H,4-13H2,1-3H3,(H,32,33)(H,37,38)/t14-,15+,16-,17-,18+,19+,20-,22+,23+,24+,25-,26+,28-,29+,30-/m1/s1"	Chenodeoxycholic acid-3-beta-D-glucuronide	567.31976				6.175																																																																																																																																																																																																		
CHEBI:17821	C5H6N2O2	Cc1c[nH]c(=O)[nH]c1=O	"InChI=1S/C5H6N2O2/c1-3-2-6-5(9)7-4(3)8/h2H,1H3,(H2,6,7,8,9)"	Thymine	171.04148				1.554																																																																																																																																																																																																		
CHEBI:72782	C11H11NO2	COC(=O)Cc1c[nH]c2ccccc12	"InChI=1S/C11H11NO2/c1-14-11(13)6-8-7-12-10-5-3-2-4-9(8)10/h2-5,7,12H,6H2,1H3"	Methyl indole-3-acetate	188.07218				5.294																																																																																																																																																																																																		
CHEBI:741548	C5H8O4	CCC(C(O)=O)C(O)=O	"InChI=1S/C5H8O4/c1-2-3(4(6)7)5(8)9/h3H,2H2,1H3,(H,6,7)(H,8,9)"	Ethylmalonate	113.02388				5.807																																																																																																																																																																																																		
CHEBI:16914	C7H6O3	OC(=O)c1ccccc1O	"InChI=1S/C7H6O3/c8-6-4-2-1-3-5(6)7(9)10/h1-4,8H,(H,9,10)"	Salicylic acid	137.02426				4.205																																																																																																																																																																																																		
CHEBI:17712	C5H4N4O2	O=c1[nH]c2[nH]cnc2c(=O)[nH]1	"InChI=1S/C5H4N4O2/c10-4-2-3(7-1-6-2)8-5(11)9-4/h1H,(H3,6,7,8,9,10,11)"	"2,6-Dihydroxypurine"	151.02577				4.459																																																																																																																																																																																																		
CHEBI:228790	C15H13Cl2N5	ClC1=CC=C(C=C1)\C=N\N\C(=N\N=C\C2=CC=C(Cl)C=C2)\N	"InChI=1S/C15H13Cl2N5/c16-13-5-1-11(2-6-13)9-19-21-15(18)22-20-10-12-3-7-14(17)8-4-12/h1-10H,(H3,18,21,22)/b19-9+,20-10+"	Robenidine	332.04599				5.254																																																																																																																																																																																																		
CHEBI:156149	C18H30O6	O[C@@H]1[C@@H]([C@H]([C@@H](O)C1)/C=C/[C@@H](O)CCCCC)CC(=O)CCC(O)=O	"InChI=1S/C18H30O6/c1-2-3-4-5-12(19)6-8-14-15(17(22)11-16(14)21)10-13(20)7-9-18(23)24/h6,8,12,14-17,19,21-22H,2-5,7,9-11H2,1H3,(H,23,24)/b8-6+/t12-,14+,15+,16-,17-/m0/s1"	6-Ketoprostaglandin F1 alpha	369.23002				6.65																																																																																																																																																																																																		
CHEBI:28747	C6H5NO2	OC(=O)c1ccccn1	"InChI=1S/C6H5NO2/c8-6(9)5-3-1-2-4-7-5/h1-4H,(H,8,9)"	Picolinic acid	122.02405				1.544																																																																																																																																																																																																		
CHEBI:15765	C9H11NO4	N[C@@H](Cc1ccc(O)c(O)c1)C(O)=O	"InChI=1S/C9H11NO4/c10-6(9(13)14)3-5-1-2-7(11)8(12)4-5/h1-2,4,6,11-12H,3,10H2,(H,13,14)/t6-/m0/s1"	Levodopa	196.06206				1.571																																																																																																																																																																																																		
CHEBI:157745	C20H32O6	O[C@@H]1[C@@H]([C@H]([C@H](O)C1)/C=C/[C@@H](O)C/C=C\CC)CC(=O)CCCCC(O)=O	"InChI=1S/C20H32O6/c1-2-3-4-7-14(21)10-11-16-17(19(24)13-18(16)23)12-15(22)8-5-6-9-20(25)26/h3-4,10-11,14,16-19,21,23-24H,2,5-9,12-13H2,1H3,(H,25,26)/b4-3-,11-10+/t14-,16+,17+,18+,19-/m0/s1"	delta 17-6-keto prostaglandin F1 alpha	367.21431				5.86																																																																																																																																																																																																		
CHEBI:17521	C7H12O6	O[C@@H]1C[C@@](O)(C[C@@H](O)[C@H]1O)C(O)=O	"InChI=1S/C7H12O6/c8-3-1-7(13,6(11)12)2-4(9)5(3)10/h3-5,8-10,13H,1-2H2,(H,11,12)/t3-,4-,5-,7+/m1/s1"	Quinic acid	191.05656				5.364																																																																																																																																																																																																		
CHEBI:17215	C10H13NO3	C=1(C[C@@H](C(OC)=O)N)C=CC(O)=CC1	"InChI=1S/C10H13NO3/c1-14-10(13)9(11)6-7-2-4-8(12)5-3-7/h2-5,9,12H,6,11H2,1H3/t9-/m0/s1"	L-Tyrosinemethylester	194.08235				0.422																																																																																																																																																																																																		
CHEBI:10319	C10H8O	Oc1cccc2ccccc12	"InChI=1S/C10H8O/c11-10-7-3-5-8-4-1-2-6-9(8)10/h1-7,11H"	1-Naphthol	143.05004				5.693																																																																																																																																																																																																		
CHEBI:73788	C8H15N3O4	C[C@H](N)C(=O)N[C@@H](CCC(N)=O)C(O)=O	"InChI=1S/C8H15N3O4/c1-4(9)7(13)11-5(8(14)15)2-3-6(10)12/h4-5H,2-3,9H2,1H3,(H2,10,12)(H,11,13)(H,14,15)/t4-,5-/m0/s1"	Ala-Gln	216.09945				1.51																																																																																																																																																																																																		
CHEBI:75145	C8H17NO2	CCCCCCC(N)C(O)=O	"InChI=1S/C8H17NO2/c1-2-3-4-5-6-7(9)8(10)11/h7H,2-6,9H2,1H3,(H,10,11)"	DL-alpha-Aminocaprylic acid	158.1186				6.178																																																																																																																																																																																																		
CHEBI:68433	C11H20N2O5	CC(C)C[C@H](NC(=O)CC[C@H](N)C(O)=O)C(O)=O	"InChI=1S/C11H20N2O5/c1-6(2)5-8(11(17)18)13-9(14)4-3-7(12)10(15)16/h6-8H,3-5,12H2,1-2H3,(H,13,14)(H,15,16)(H,17,18)/t7-,8-/m0/s1"	Gamma-Glu-Leu	259.13093				4.916																																																																																																																																																																																																		
CHEBI:2198	C13H16N2O3	COc1cc2c(CCNC(C)=O)c[nH]c2cc1O	"InChI=1S/C13H16N2O3/c1-8(16)14-4-3-9-7-15-11-6-12(17)13(18-2)5-10(9)11/h5-7,15,17H,3-4H2,1-2H3,(H,14,16)"	6-Hydroxymelatonin	229.09898				5.565																																																																																																																																																																																																		
CHEBI:16708	C5H5N5	Nc1ncnc2[nH]cnc12	"InChI=1S/C5H5N5/c6-4-3-5(9-1-7-3)10-2-8-4/h1-2H,(H3,6,7,8,9,10)"	Adenine	134.04684				3.021																																																																																																																																																																																																		
CHEBI:192678	C11H14O5	O(C1=C(OC)C=C(C=C1OC)C(OC)=O)C	"InChI=1S/C11H14O5/c1-13-8-5-7(11(12)16-4)6-9(14-2)10(8)15-3/h5-6H,1-4H3"	Methyl EudesMate	225.07744				5.148																																																																																																																																																																																																		
CHEBI:16675	C7H5NO4	OC(=O)c1cccnc1C(O)=O	"InChI=1S/C7H5NO4/c9-6(10)4-2-1-3-8-5(4)7(11)12/h1-3H,(H,9,10)(H,11,12)"	Quinolinic acid	166.01312				3.437																																																																																																																																																																																																		
CHEBI:25351	C6H12O4	CC(O)(CCO)CC(O)=O	"InChI=1S/C6H12O4/c1-6(10,2-3-7)4-5(8)9/h7,10H,2-4H2,1H3,(H,8,9)"	Mevalonic acid	147.06625				3.644																																																																																																																																																																																																		
CHEBI:15640	C20H23N7O7	[H]C(=O)N1C(CNc2ccc(cc2)C(=O)N[C@@H](CCC(O)=O)C(O)=O)CNc2nc(N)[nH]c(=O)c12	"InChI=1S/C20H23N7O7/c21-20-25-16-15(18(32)26-20)27(9-28)12(8-23-16)7-22-11-3-1-10(2-4-11)17(31)24-13(19(33)34)5-6-14(29)30/h1-4,9,12-13,22H,5-8H2,(H,24,31)(H,29,30)(H,33,34)(H4,21,23,25,26,32)/t12?,13-/m0/s1"	Folinic acid	472.1619				1.645																																																																																																																																																																																																		
CHEBI:89830	C8H8O4	O(C)C1=CC(C(=O)O)=C(O)C=C1	"InChI=1S/C8H8O4/c1-12-5-2-3-7(9)6(4-5)8(10)11/h2-4,9H,1H3,(H,10,11)"	5-Methoxysalicylic acid	167.03502				5.009																																																																																																																																																																																																		
CHEBI:28790	C10H12N2O	C1=CC(=CC=2C(=CNC12)CCN)O	"InChI=1S/C10H12N2O/c11-4-3-7-6-12-10-2-1-8(13)5-9(7)10/h1-2,5-6,12-13H,3-4,11H2"	Serotonin	157.07689				3.941																																																																																																																																																																																																		
CHEBI:17890	C10H11NO	OCCc1c[nH]c2ccccc12	"InChI=1S/C10H11NO/c12-6-5-8-7-11-10-4-2-1-3-9(8)10/h1-4,7,11-12H,5-6H2"	3-(2-Hydroxyethyl)indole	160.07683				5.694																																																																																																																																																																																																		
CHEBI:228791	C9H9NO2	O=C1NC2=C(CC1)C=CC(O)=C2	"InChI=1S/C9H9NO2/c11-7-3-1-6-2-4-9(12)10-8(6)5-7/h1,3,5,11H,2,4H2,(H,10,12)"	"7-Hydroxy-3,4-dihydrocarbostyril"	162.05598				5.328																																																																																																																																																																																																		
CHEBI:1904	C16H16O9	O([C@@H]1O[C@@H]([C@@H](O)[C@H](O)[C@H]1O)C(=O)O)C2=CC3=C(C(=CC(O3)=O)C)C=C2	"InChI=1S/C16H16O9/c1-6-4-10(17)24-9-5-7(2-3-8(6)9)23-16-13(20)11(18)12(19)14(25-16)15(21)22/h2-5,11-14,16,18-20H,1H3,(H,21,22)/t11-,12-,13+,14-,16+/m0/s1"	4-Methylumbelliferyl glucuronide	351.07366				5.263																																																																																																																																																																																																		
CHEBI:89640	C6H6N2O2	O=C(N)C1=C[N+]([O-])=CC=C1	"InChI=1S/C6H6N2O2/c7-6(9)5-2-1-3-8(10)4-5/h1-4H,(H2,7,9)"	Nicotinamide N-oxide	137.03552				4.323																																																																																																																																																																																																		
CHEBI:18406	C9H15N4O8P	NC(=O)c1ncn([C@@H]2O[C@H](COP(O)(O)=O)[C@@H](O)[C@H]2O)c1N	"InChI=1S/C9H15N4O8P/c10-7-4(8(11)16)12-2-13(7)9-6(15)5(14)3(21-9)1-20-22(17,18)19/h2-3,5-6,9,14-15H,1,10H2,(H2,11,16)(H2,17,18,19)/t3-,5-,6-,9-/m1/s1"	aminoimidazole carboxamide ribonucleotide	337.05547				1.437																																																																																																																																																																																																		
CHEBI:27637	C8H8O5	OC(C(O)=O)c1ccc(O)c(O)c1	"InChI=1S/C8H8O5/c9-5-2-1-4(3-6(5)10)7(11)8(12)13/h1-3,7,9-11H,(H,12,13)"	"Dl-3,4-Dihydroxymandelic Acid"	183.03026				5.58																																																																																																																																																																																																		
CHEBI:28171	C11H12N2O3	NC(Cc1c[nH]c2ccc(O)cc12)C(O)=O	"InChI=1S/C11H12N2O3/c12-9(11(15)16)3-6-5-13-10-2-1-7(14)4-8(6)10/h1-2,4-5,9,13-14H,3,12H2,(H,15,16)"	5-Hydroxytryptophan	219.07813				3.936																																																																																																																																																																																																		
CHEBI:16283	C6H12N2O4S2	N[C@@H](CSSC[C@H](N)C(O)=O)C(O)=O	"InChI=1S/C6H12N2O4S2/c7-3(5(9)10)1-13-14-2-4(8)6(11)12/h3-4H,1-2,7-8H2,(H,9,10)(H,11,12)/t3-,4-/m0/s1"	L-Cystine	239.01783				1.238																																																																																																																																																																																																		
CHEBI:16494	C8H14O2S2	OC(=O)CCCCC1CCSS1	"InChI=1S/C8H14O2S2/c9-8(10)4-2-1-3-7-5-6-11-12-7/h7H,1-6H2,(H,9,10)"	Lipoic acid	205.03621				2.554																																																																																																																																																																																																		
CHEBI:73994	C20H36O6	CCCCC[C@H](O)\C=C\[C@H]1OC(O)C[C@H](O)[C@@H]1CCCCCCC(O)=O	"InChI=1S/C20H36O6/c1-2-3-6-9-15(21)12-13-18-16(17(22)14-20(25)26-18)10-7-4-5-8-11-19(23)24/h12-13,15-18,20-22,25H,2-11,14H2,1H3,(H,23,24)/b13-12+/t15-,16-,17-,18+,20?/m0/s1"	Thromboxane B1	371.24521				7.619																																																																																																																																																																																																		
CHEBI:17012	C11H19NO9	[H][C@]1(OC(O)(C[C@H](O)[C@H]1NC(C)=O)C(O)=O)[C@H](O)[C@H](O)CO	"InChI=1S/C11H19NO9/c1-4(14)12-7-5(15)2-11(20,10(18)19)21-9(7)8(17)6(16)3-13/h5-9,13,15-17,20H,2-3H2,1H3,(H,12,14)(H,18,19)/t5-,6+,7+,8+,9+,11?/m0/s1"	N-Acetylneuraminic acid	308.10036				1.34																																																																																																																																																																																																		
CHEBI:10575	C9H16O2	CCCCC[C@H]1CCC(=O)O1	"InChI=1S/C9H16O2/c1-2-3-4-5-8-6-7-9(10)11-8/h8H,2-7H2,1H3/t8-/m0/s1"	gamma-Nonanolactone	155.1077				5.913																																																																																																																																																																																																		
CHEBI:195592	C9H11NO3	OC(=O)C(N)CC1=CC(O)=CC=C1	"InChI=1S/C9H11NO3/c10-8(9(12)13)5-6-2-1-3-7(11)4-6/h1-4,8,11H,5,10H2,(H,12,13)"	DL-m-Tyrosine	180.06698				1.547																																																																																																																																																																																																		
CHEBI:27644	C22H23ClN2O8	CN(C)[C@H]1[C@@H]2C[C@H]3C(=C(O)[C@]2(O)C(=O)C(C(N)=O)=C1O)C(=O)c1c(O)ccc(Cl)c1[C@@]3(C)O	"InChI=1S/C22H23ClN2O8/c1-21(32)7-6-8-15(25(2)3)17(28)13(20(24)31)19(30)22(8,33)18(29)11(7)16(27)12-10(26)5-4-9(23)14(12)21/h4-5,7-8,15,26,28-29,32-33H,6H2,1-3H3,(H2,24,31)/t7-,8-,15-,21-,22-/m0/s1"	Chlortetracycline	477.10671				5.628																																																																																																																																																																																																		
CHEBI:64575	C23H46NO7P	[H][C@@](COC)(COP(O)(=O)OCCN)OC		LPE 18:1	478.29699				9.418																																																																																																																																																																																																		
CHEBI:81689	C10H14O2	CCCCc1ccc(O)cc1O	"InChI=1S/C10H14O2/c1-2-3-4-8-5-6-9(11)7-10(8)12/h5-7,11-12H,2-4H2,1H3"	4-Butylresorcinol	165.09232				6.061																																																																																																																																																																																																		
CHEBI:41865	C10H18O4	OC(=O)CCCCCCCCC(O)=O	"InChI=1S/C10H18O4/c11-9(12)7-5-3-1-2-4-6-8-10(13)14/h1-8H2,(H,11,12)(H,13,14)"	Sebacic acid	201.1138				5.789																																																																																																																																																																																																		
CHEBI:48093	C5H10O6	OC[C@@H](O)[C@H](O)[C@@H](O)C(O)=O	"InChI=1S/C5H10O6/c6-1-2(7)3(8)4(9)5(10)11/h2-4,6-9H,1H2,(H,10,11)/t2-,3+,4-/m1/s1"	D-Xylonic Acid	377.09309				5.21																																																																																																																																																																																																		
CHEBI:76308	C14H26O4	OC(CCCCCCCCCCCCC(O)=O)=O	"InChI=1S/C14H26O4/c15-13(16)11-9-7-5-3-1-2-4-6-8-10-12-14(17)18/h1-12H2,(H,15,16)(H,17,18)"	Tetradecanedioic acid	257.17741				7.293																																																																																																																																																																																																		
CHEBI:84094	C19H28O5S	C[C@]12CC[C@H]3[C@@H](CCC4=CC(=O)CC[C@]34C)[C@@H]1CC[C@@H]2OS(O)(=O)=O	"InChI=1S/C19H28O5S/c1-18-9-7-13(20)11-12(18)3-4-14-15-5-6-17(24-25(21,22)23)19(15,2)10-8-16(14)18/h11,14-17H,3-10H2,1-2H3,(H,21,22,23)/t14-,15-,16-,17-,18-,19-/m0/s1"	Testosterone sulfate	367.1603				6.295																																																																																																																																																																																																		
CHEBI:17263	C18H22O2	[H][C@]12CC[C@]3(C)C(=O)CC[C@@]3([H])[C@]1([H])CCc1cc(O)ccc21	"InChI=1S/C18H22O2/c1-18-9-8-14-13-5-3-12(19)10-11(13)2-4-15(14)16(18)6-7-17(18)20/h3,5,10,14-16,19H,2,4,6-9H2,1H3/t14-,15-,16+,18+/m1/s1"	Estrone	315.1577				5.44																																																																																																																																																																																																		
CHEBI:37277	C8H14O2	OC(=O)CC1CCCCC1	"InChI=1S/C8H14O2/c9-8(10)6-7-4-2-1-3-5-7/h7H,1-6H2,(H,9,10)"	Cyclohexaneacetic acid	141.09186				5.74																																																																																																																																																																																																		
CHEBI:35045	C11H20O2	OC(=O)CCCCCCCCC=C	"InChI=1S/C11H20O2/c1-2-3-4-5-6-7-8-9-10-11(12)13/h2H,1,3-10H2,(H,12,13)"	10-Undecenoic acid	183.13937				6.568																																																																																																																																																																																																		
CHEBI:58527	C11H13NO6	OC[C@H]1O[C@H]([C@H](O)[C@@H]1O)[n+]1cccc(c1)C([O-])=O	"InChI=1S/C11H13NO6/c13-5-7-8(14)9(15)10(18-7)12-3-1-2-6(4-12)11(16)17/h1-4,7-10,13-15H,5H2/t7-,8-,9-,10-/m1/s1"	Nicotinate ribonucleoside	300.0733				5.325																																																																																																																																																																																																		
CHEBI:27696	C20H34O5	CCCCC[C@H](O)\C=C\[C@@H]1[C@@H](CCCCCCC(O)=O)[C@@H](O)CC1=O	"InChI=1S/C20H34O5/c1-2-3-6-9-15(21)12-13-17-16(18(22)14-19(17)23)10-7-4-5-8-11-20(24)25/h12-13,15-18,21-22H,2-11,14H2,1H3,(H,24,25)/b13-12+/t15-,16+,17+,18-/m0/s1"	Prostaglandin D1	335.22461				6.322																																																																																																																																																																																																		
CHEBI:194281	C14H19NO6	O1C(C(O)C(O)C(O)C1OC(=O)C=2C(NC)=CC=CC2)C	"InChI=1S/C14H19NO6/c1-7-10(16)11(17)12(18)14(20-7)21-13(19)8-5-3-4-6-9(8)15-2/h3-7,10-12,14-18H,1-2H3"	"3,4,5-trihydroxy-6-methyloxan-2-yl 2-(methylamino)benzoate"	593.23169				5.794																																																																																																																																																																																																		
CHEBI:48526	C9H10O2	CC(C(O)=O)c1ccccc1	"InChI=1S/C9H10O2/c1-7(9(10)11)8-5-3-2-4-6-8/h2-7H,1H3,(H,10,11)"	2-Phenylpropionic acid	149.06042				5.514																																																																																																																																																																																																		
CHEBI:9171	C9H9N	Cc1c[nH]c2ccccc12	"InChI=1S/C9H9N/c1-7-6-10-9-5-3-2-4-8(7)9/h2-6,10H,1H3"	3-Methylindole	130.06588				5.651																																																																																																																																																																																																		
CHEBI:79735	C20H26O3	CC(=O)O[C@H]1CC[C@H]2[C@@H]3CCc4cc(O)ccc4[C@H]3CC[C@]12C	"InChI=1S/C20H26O3/c1-12(21)23-19-8-7-18-17-5-3-13-11-14(22)4-6-15(13)16(17)9-10-20(18,19)2/h4,6,11,16-19,22H,3,5,7-10H2,1-2H3/t16-,17-,18+,19+,20+/m1/s1"	beta-Estradiol 17-Acetate	313.18231				6.619																																																																																																																																																																																																		
CHEBI:136555	C16H18O9	C(=O)(/C=C/C1=CC=C(O)C(O)=C1)O[C@@]2(C[C@@H](O)[C@@H]([C@@H](C2)O)O)C(O)=O	"InChI=1S/C16H18O9/c17-9-3-1-8(5-10(9)18)2-4-13(21)25-16(15(23)24)6-11(19)14(22)12(20)7-16/h1-5,11-12,14,17-20,22H,6-7H2,(H,23,24)/b4-2+/t11-,12-,14-,16+/m1/s1"	1-Caffeoylquinic Acid	353.08928				5.644																																																																																																																																																																																																		
CHEBI:17597	C7H6O2	[H]C(=O)c1ccc(O)cc1	"InChI=1S/C7H6O2/c8-5-6-1-3-7(9)4-2-6/h1-5,9H"	p-Hydroxybenzaldehyde	121.02913				6.059																																																																																																																																																																																																		
CHEBI:506227	C8H15NO6	CC(=O)N[C@H]1C(O)O[C@H](CO)[C@@H](O)[C@@H]1O	"InChI=1S/C8H15NO6/c1-3(11)9-5-7(13)6(12)4(2-10)15-8(5)14/h4-8,10,12-14H,2H2,1H3,(H,9,11)/t4-,5-,6-,7-,8?/m1/s1"	N-acetyl-D-glucosamine	220.08339				1.345																																																																																																																																																																																																		
CHEBI:17189	C7H6O4	OC(=O)c1cc(O)ccc1O	"InChI=1S/C7H6O4/c8-4-1-2-6(9)5(3-4)7(10)11/h1-3,8-9H,(H,10,11)"	Gentisic acid	153.01942				3.245																																																																																																																																																																																																		
CHEBI:15753	C6H8O5	OC(=O)CCCC(=O)C(O)=O	"InChI=1S/C6H8O5/c7-4(6(10)11)2-1-3-5(8)9/h1-3H2,(H,8,9)(H,10,11)"	Oxoadipic Acid	319.06879				2.644																																																																																																																																																																																																		
CHEBI:188611	C19H13N5	N1C(=NC=2C1=CC=CC2)C3=NC(C=4NC=5C(N4)=CC=CC5)=CC=C3	"InChI=1S/C19H13N5/c1-2-7-13-12(6-1)21-18(22-13)16-10-5-11-17(20-16)19-23-14-8-3-4-9-15(14)24-19/h1-11H,(H,21,22)(H,23,24)"	2-[6-(1H-benzo[d]imidazol-2-yl)-2-pyridyl]-1H-benzo[d]imidazole	311.11539				5.387																																																																																																																																																																																																		
CHEBI:31169	C12H13N3O4S	CC(=O)Nc1ccc(cc1)S(=O)(=O)Nc1cc(C)on1	"InChI=1S/C12H13N3O4S/c1-8-7-12(14-19-8)15-20(17,18)11-5-3-10(4-6-11)13-9(2)16/h3-7H,1-2H3,(H,13,16)(H,14,15)"	N4-Acetylsulfamethoxazole	294.05727				5.303																																																																																																																																																																																																		
CHEBI:143245	C21H44NO7P	P(OCCNC(=O)CCCCCCCCCCCCCCC)(OCC(O)CO)(O)=O	"InChI=1S/C21H44NO7P/c1-2-3-4-5-6-7-8-9-10-11-12-13-14-15-21(25)22-16-17-28-30(26,27)29-19-20(24)18-23/h20,23-24H,2-19H2,1H3,(H,22,25)(H,26,27)"	Glycerophospho-N-palmitoyl ethanolamine	452.28125				9.213																																																																																																																																																																																																		
CHEBI:177034	C10H9NO2	O(C1=CC2=C(NC=C2C=O)C=C1)C	"InChI=1S/C10H9NO2/c1-13-8-2-3-10-9(4-8)7(6-12)5-11-10/h2-6,11H,1H3"	5-Methoxyindole-3-Carbaldehyde	174.05627				5.4																																																																																																																																																																																																		
CHEBI:17621	C17H21N4O9P	C12=NC(NC(C1=NC=3C(N2C[C@@H]([C@@H]([C@@H](COP(=O)(O)O)O)O)O)=CC(=C(C3)C)C)=O)=O	"InChI=1S/C17H21N4O9P/c1-7-3-9-10(4-8(7)2)21(15-13(18-9)16(25)20-17(26)19-15)5-11(22)14(24)12(23)6-30-31(27,28)29/h3-4,11-12,14,22-24H,5-6H2,1-2H3,(H,20,25,26)(H2,27,28,29)/t11-,12+,14-/m0/s1"	Flavin mononucleotide (FMN)	455.09878				5.732																																																																																																																																																																																																		
CHEBI:70976	C13H14N2O3	CC(=O)NC(Cc1c[nH]c2ccccc12)C(O)=O	"InChI=1S/C13H14N2O3/c1-8(16)15-12(13(17)18)6-9-7-14-11-5-3-2-4-10(9)11/h2-5,7,12,14H,6H2,1H3,(H,15,16)(H,17,18)"	N-Acetyl-DL-tryptophan	245.09432				5.604																																																																																																																																																																																																		
CHEBI:73989	C16H26O7	O[C@H]1C[C@@H](O)[C@H](CCC(=O)CCCCC(O)=O)[C@H]1CCC(O)=O	"InChI=1S/C16H26O7/c17-10(3-1-2-4-15(20)21)5-6-11-12(7-8-16(22)23)14(19)9-13(11)18/h11-14,18-19H,1-9H2,(H,20,21)(H,22,23)/t11-,12-,13-,14+/m1/s1"	tetranor-PGFM	155.07137				5.634																																																																																																																																																																																																		
CHEBI:89929	C26H43NO5	C1[C@@]2([C@]3(CC[C@]4([C@]([C@@]3([C@H](C[C@@]2(C[C@@H](C1)O)[H])O)[H])(CC[C@]4([H])[C@@H](CCC(NCC(O)=O)=O)C)[H])C)[H])C	"InChI=1S/C26H43NO5/c1-15(4-7-22(30)27-14-23(31)32)18-5-6-19-24-20(9-11-26(18,19)3)25(2)10-8-17(28)12-16(25)13-21(24)29/h15-21,24,28-29H,4-14H2,1-3H3,(H,27,30)(H,31,32)/t15-,16+,17-,18-,19+,20+,21+,24+,25+,26-/m1/s1"	Glycoursodeoxycholic acid	448.30746				6.657																																																																																																																																																																																																		
CHEBI:53016	C10H11N3O4S	Cc1cc(NS(=O)(=O)c2ccc(NO)cc2)no1	"InChI=1S/C10H11N3O4S/c1-7-6-10(12-17-7)13-18(15,16)9-4-2-8(11-14)3-5-9/h2-6,11,14H,1H3,(H,12,13)"	Sulfamethoxazole hydroxylamine	268.03945				6.479																																																																																																																																																																																																		
CHEBI:12256	C15H10O3	Oc1ccc2c(c1)occ(-c1ccccc1)c2=O	"InChI=1S/C15H10O3/c16-11-6-7-12-14(8-11)18-9-13(15(12)17)10-4-2-1-3-5-10/h1-9,16H"	7-hydroxy-3-phenyl-4H-chromen-4-one	237.05691				5.946																																																																																																																																																																																																		
CHEBI:228792	C38H74NO8P	P(OCC(OC(=O)CCCCCCC/C=C\CCCCCCC)COC(=O)CCCCCCCCCCCCCCC)(OCCN)(O)=O	"InChI=1S/C38H74NO8P/c1-3-5-7-9-11-13-15-17-19-21-23-25-27-29-31-38(41)47-36(35-46-48(42,43)45-33-32-39)34-44-37(40)30-28-26-24-22-20-18-16-14-12-10-8-6-4-2/h15,17,36H,3-14,16,18-35,39H2,1-2H3,(H,42,43)/b17-15-"	PE 16:0_17:1	702.513				9.593																																																																																																																																																																																																		
CHEBI:16112	C16H18O9	O[C@@H]1C[C@](O)(C[C@@H](OC(=O)\C=C\c2ccc(O)c(O)c2)[C@@H]1O)C(O)=O	"InChI=1S/C16H18O9/c17-9-3-1-8(5-10(9)18)2-4-13(20)25-12-7-16(24,15(22)23)6-11(19)14(12)21/h1-5,11-12,14,17-19,21,24H,6-7H2,(H,22,23)/b4-2+/t11-,12-,14-,16+/m1/s1"	Chlorogenic acid	353.08964				5.351																																																																																																																																																																																																		
CHEBI:177850	C18H32O4	O(O)C(CCCCCCCC(O)=O)/C=C/C=C\CCCCC	"InChI=1S/C18H32O4/c1-2-3-4-5-6-8-11-14-17(22-21)15-12-9-7-10-13-16-18(19)20/h6,8,11,14,17,21H,2-5,7,9-10,12-13,15-16H2,1H3,(H,19,20)/b8-6-,14-11+"	(±)9-HpODE	311.22443				6.974																																																																																																																																																																																																		
CHEBI:174328	C12H16N2O4	OC(=O)C(NC(=O)C(N)C)CC1=CC=C(O)C=C1	"InChI=1S/C12H16N2O4/c1-7(13)11(16)14-10(12(17)18)6-8-2-4-9(15)5-3-8/h2-5,7,10,15H,6,13H2,1H3,(H,14,16)(H,17,18)"	Alanyltyrosine	251.10476				5.235																																																																																																																																																																																																		
CHEBI:183496	C13H24O2	O1C(CCCCCCCC)CCCC1=O	"InChI=1S/C13H24O2/c1-2-3-4-5-6-7-9-12-10-8-11-13(14)15-12/h12H,2-11H2,1H3"	Delta-Tridecalactone	211.17074				6.882																																																																																																																																																																																																		
CHEBI:55481	C12H22O12	OC[C@@H](O)[C@@H](O[C@@H]1O[C@H](CO)[C@H](O)[C@H](O)[C@H]1O)[C@H](O)[C@@H](O)C(O)=O	"InChI=1S/C12H22O12/c13-1-3(15)10(7(18)8(19)11(21)22)24-12-9(20)6(17)5(16)4(2-14)23-12/h3-10,12-20H,1-2H2,(H,21,22)/t3-,4-,5+,6+,7-,8-,9-,10-,12+/m1/s1"	Lactobionic acid	357.1032				5.636																																																																																																																																																																																																		
CHEBI:194253	C16H12N4O4	O=C1N=C(NC2=C1C=C(C=C2)C)NC(=O)C3=CC=C([N+]([O-])=O)C=C3	"InChI=1S/C16H12N4O4/c1-9-2-7-13-12(8-9)15(22)19-16(17-13)18-14(21)10-3-5-11(6-4-10)20(23)24/h2-8H,1H3,(H2,17,18,19,21,22)"	"N1-(6-methyl-4-oxo-3,4-dihydroquinazolin-2-yl)-4-nitrobenzamide"	323.08054				1.329																																																																																																																																																																																																		
CHEBI:70989	C11H15N3O6	CC(=O)Nc1ccn([C@@H]2O[C@H](CO)[C@@H](O)[C@H]2O)c(=O)n1	"InChI=1S/C11H15N3O6/c1-5(16)12-7-2-3-14(11(19)13-7)10-9(18)8(17)6(4-15)20-10/h2-3,6,8-10,15,17-18H,4H2,1H3,(H,12,13,16,19)/t6-,8-,9-,10-/m1/s1"	N4-Acetylcytidine	284.09002				4.877																																																																																																																																																																																																		
CHEBI:35584	C5H4N4			Purine	119.03462				1.435																																																																																																																																																																																																		
CHEBI:28918	C9H13NO3	CNC[C@H](O)c1ccc(O)c(O)c1	"InChI=1S/C9H13NO3/c1-10-5-9(13)6-2-3-7(11)8(12)4-6/h2-4,9-13H,5H2,1H3/t9-/m0/s1"	Epinephrine	182.08259				5.599																																																																																																																																																																																																		
CHEBI:73017	C11H21NO4	CC(C)C(=O)OC(CC([O-])=O)C[N+](C)(C)C	"InChI=1S/C11H21NO4/c1-8(2)11(15)16-9(6-10(13)14)7-12(3,4)5/h8-9H,6-7H2,1-5H3"	Isobutyryl carnitine	212.12912				6.138																																																																																																																																																																																																		
CHEBI:15676	C4H6N4O3	NC(=O)NC1NC(=O)NC1=O	"InChI=1S/C4H6N4O3/c5-3(10)6-1-2(9)8-4(11)7-1/h1H,(H3,5,6,10)(H2,7,8,9,11)"	Allantoin	157.03669				1.327																																																																																																																																																																																																		
CHEBI:228793	C37H72NO8P	P(OCC(OC(=O)CCCCCCC/C=C\CCCCCC)COC(=O)CCCCCCCCCCCCCCC)(OCCN)(O)=O	"InChI=1S/C37H72NO8P/c1-3-5-7-9-11-13-15-17-19-21-23-25-27-29-36(39)43-33-35(34-45-47(41,42)44-32-31-38)46-37(40)30-28-26-24-22-20-18-16-14-12-10-8-6-4-2/h14,16,35H,3-13,15,17-34,38H2,1-2H3,(H,41,42)/b16-14-"	PE 16:0_16:1	688.49714				10.741																																																																																																																																																																																																		
CHEBI:32811	C5H9NO5	N[C@@H](CC(O)C(O)=O)C(O)=O	"InChI=1S/C5H9NO5/c6-2(4(8)9)1-3(7)5(10)11/h2-3,7H,1,6H2,(H,8,9)(H,10,11)/t2-,3?/m0/s1"	4-Hydroxy-L-Glutamic Acid	162.04096				1.398																																																																																																																																																																																																		
CHEBI:28997	C10H12N4O4	OC[C@H]1O[C@H](C[C@@H]1O)n1cnc2c1nc[nH]c2=O	"InChI=1S/C10H12N4O4/c15-2-6-5(16)1-7(18-6)14-4-13-8-9(14)11-3-12-10(8)17/h3-7,15-16H,1-2H2,(H,11,12,17)/t5-,6+,7+/m0/s1"	Deoxyinosine	251.07948				4.888																																																																																																																																																																																																		
CHEBI:95050	C15H17N5O5	C1=COC(=C1)CNC2=NC=NC3=C2N=CN3[C@H]4[C@@H]([C@@H]([C@H](O4)CO)O)O	"InChI=1S/C15H17N5O5/c21-5-9-11(22)12(23)15(25-9)20-7-19-10-13(17-6-18-14(10)20)16-4-8-2-1-3-24-8/h1-3,6-7,9,11-12,15,21-23H,4-5H2,(H,16,17,18)/t9-,11-,12-,15-/m1/s1"	Kinetin 9-riboside	346.11505				5.195																																																																																																																																																																																																		
CHEBI:194705	C11H11NO3	O[C@@H](CC=1C=2C(NC1)=CC=CC2)C(O)=O	"InChI=1S/C11H11NO3/c13-10(11(14)15)5-7-6-12-9-4-2-1-3-8(7)9/h1-4,6,10,12-13H,5H2,(H,14,15)/t10-/m0/s1"	Dl-Indole-3-lactic acid	204.06728				5.309																																																																																																																																																																																																		
CHEBI:15864	C15H10O6	OC1=CC(O)=C2C(=O)C=C(OC2=C1)C1=CC=C(O)C(O)=C1	"InChI=1S/C15H10O6/c16-8-4-11(19)15-12(20)6-13(21-14(15)5-8)7-1-2-9(17)10(18)3-7/h1-6,16-19H"	Luteolin	285.04177				5.405																																																																																																																																																																																																		
CHEBI:17381	C10H14N2O4	NCc1[nH]cc(CCC(O)=O)c1CC(O)=O	"InChI=1S/C10H14N2O4/c11-4-8-7(3-10(15)16)6(5-12-8)1-2-9(13)14/h5,12H,1-4,11H2,(H,13,14)(H,15,16)"	Porphobilinogen	225.08931				1.649																																																																																																																																																																																																		
CHEBI:138537	C24H48NO7P	[C@](CO*)(O*)([H])COP(OCCN)(=O)O		LPE 19:1	492.31252				9.775																																																																																																																																																																																																		
CHEBI:166535	C17H12Cl2N4O	ClC1=CC2=C(N3C(=NN=C3CO)CN=C2C=4C(Cl)=CC=CC4)C=C1	"InChI=1S/C17H12Cl2N4O/c18-10-5-6-14-12(7-10)17(11-3-1-2-4-13(11)19)20-8-15-21-22-16(9-24)23(14)15/h1-7,24H,8-9H2"	Hydroxytriazolam	357.03005				5.152																																																																																																																																																																																																		
CHEBI:18211	C6H13N3O3	NC(CCCNC(N)=O)C(O)=O	"InChI=1S/C6H13N3O3/c7-4(5(10)11)2-1-3-9-6(8)12/h4H,1-3,7H2,(H,10,11)(H3,8,9,12)"	DL-Citrulline	174.08873				1.338																																																																																																																																																																																																		
CHEBI:43355	C8H7NO4S	OS(=O)(=O)Oc1c[nH]c2ccccc12	"InChI=1S/C8H7NO4S/c10-14(11,12)13-8-5-9-7-4-2-1-3-6(7)8/h1-5,9H,(H,10,11,12)"	Indoxylsulfuric acid	212.00313				5.76																																																																																																																																																																																																		
CHEBI:73688	C11H16N2O8	CC(=O)N[C@@H](CC(O)=O)C(=O)N[C@@H](CCC(O)=O)C(O)=O	"InChI=1S/C11H16N2O8/c1-5(14)12-7(4-9(17)18)10(19)13-6(11(20)21)2-3-8(15)16/h6-7H,2-4H2,1H3,(H,12,14)(H,13,19)(H,15,16)(H,17,18)(H,20,21)/t6-,7-/m0/s1"	N-Acetyl-Asp-Glu	303.08464				4.749																																																																																																																																																																																																		
CHEBI:17748	C10H14N2O5	Cc1cn([C@H]2C[C@H](O)[C@@H](CO)O2)c(=O)[nH]c1=O	"InChI=1S/C10H14N2O5/c1-5-3-12(10(16)11-9(5)15)8-2-6(14)7(4-13)17-8/h3,6-8,13-14H,2,4H2,1H3,(H,11,15,16)/t6-,7+,8+/m0/s1"	Thymidine	241.08386				2.994																																																																																																																																																																																																		
CHEBI:73580	C11H20N2O3	CC(C)C[C@H](N)C(=O)N1CCC[C@H]1C(O)=O	"InChI=1S/C11H20N2O3/c1-7(2)6-8(12)10(14)13-5-3-4-9(13)11(15)16/h7-9H,3-6,12H2,1-2H3,(H,15,16)/t8-,9-/m0/s1"	Leu-Pro	227.14095				5.157																																																																																																																																																																																																		
CHEBI:176838	C27H33N9O15P2			Vitamin B2	375.13097				6.048																																																																																																																																																																																																		
CHEBI:28587	C4H8O4	C([C@H]([C@@H](C(=O)[H])O)O)O	"InChI=1S/C4H8O4/c5-1-3(7)4(8)2-6/h1,3-4,6-8H,2H2/t3-,4-/m1/s1"	D-Threose	119.03462				5.16																																																																																																																																																																																																		
CHEBI:143163	C8H16N2O3	C(=O)(C[NH3+])N[C@H](C(=O)[O-])CC(C)C	"InChI=1S/C8H16N2O3/c1-5(2)3-6(8(12)13)10-7(11)4-9/h5-6H,3-4,9H2,1-2H3,(H,10,11)(H,12,13)/t6-/m0/s1"	Glycyl-L-leucine	187.10933				1.425																																																																																																																																																																																																		
CHEBI:64023	C19H39O7P	CCCCCCCCCCCCCCCC(=O)OCC(O)COP(O)(O)=O	"InChI=1S/C19H39O7P/c1-2-3-4-5-6-7-8-9-10-11-12-13-14-15-19(21)25-16-18(20)17-26-27(22,23)24/h18,20H,2-17H2,1H3,(H2,22,23,24)"	Lysopa 16:0	409.23648				5.326																																																																																																																																																																																																		
CHEBI:89315	C20H30O4	CCCCCC(=O)CC[C@H]1C=CC(=O)[C@@H]1C/C=C\CCCC(=O)O	"InChI=1S/C20H30O4/c1-2-3-6-9-17(21)14-12-16-13-15-19(22)18(16)10-7-4-5-8-11-20(23)24/h4,7,13,15-16,18H,2-3,5-6,8-12,14H2,1H3,(H,23,24)/b7-4-/t16-,18+/m0/s1"	"13,14-dihydro-15-keto Prostaglandin A2"	315.19901				5.9																																																																																																																																																																																																		
CHEBI:190741	C5H11O7P	P(OC[C@H]1O[C@@H](O)C[C@@H]1O)(O)(O)=O	"InChI=1S/C5H11O7P/c6-3-1-5(7)12-4(3)2-11-13(8,9)10/h3-7H,1-2H2,(H2,8,9,10)/t3-,4+,5+/m0/s1"	Deoxyribose 5-Phosphate	213.01779				1.332																																																																																																																																																																																																		
CHEBI:167228	C43H78NO7P			PE O-18:1_20:4	750.54968				10.858																																																																																																																																																																																																		
CHEBI:17172	C10H13N5O4	Nc1nc2n(cnc2c(=O)[nH]1)[C@H]1C[C@H](O)[C@@H](CO)O1	"InChI=1S/C10H13N5O4/c11-10-13-8-7(9(18)14-10)12-3-15(8)6-1-4(17)5(2-16)19-6/h3-6,16-17H,1-2H2,(H3,11,13,14,18)/t4-,5+,6+/m0/s1"	Deoxyguanosine	266.08984				1.345																																																																																																																																																																																																		
CHEBI:17256	C10H13N5O3	Nc1ncnc2n(cnc12)[C@H]1C[C@H](O)[C@@H](CO)O1	"InChI=1S/C10H13N5O3/c11-9-8-10(13-3-12-9)15(4-14-8)7-1-5(17)6(2-16)18-7/h3-7,16-17H,1-2H2,(H2,11,12,13)/t5-,6+,7+/m0/s1"	Deoxyadenosine	250.0938				5.504																																																																																																																																																																																																		
CHEBI:190595	C13H11NO2	[O-][N+](=O)C1=CC=C(CC2=CC=CC=C2)C=C1	"InChI=1S/C13H11NO2/c15-14(16)13-8-6-12(7-9-13)10-11-4-2-1-3-5-11/h1-9H,10H2"	N-Carbamyl-L-glutamicacid	189.05184				5.509																																																																																																																																																																																																		
CHEBI:228794	C12H20O2	O(C(=O)C1C(C1C=C(C)C)(C)C)CC	"InChI=1S/C12H20O2/c1-6-14-11(13)10-9(7-8(2)3)12(10,4)5/h7,9-10H,6H2,1-5H3"	Ethyl chrysanthemumate	195.13963				6.166																																																																																																																																																																																																		
CHEBI:28865	C26H45NO7S	[H][C@@]12C[C@H](O)CC[C@]1(C)[C@@]1([H])C[C@H](O)[C@]3(C)[C@]([H])(CC[C@@]3([H])[C@]1([H])[C@H](O)C2)[C@H](C)CCC(=O)NCCS(O)(=O)=O	"InChI=1S/C26H45NO7S/c1-15(4-7-23(31)27-10-11-35(32,33)34)18-5-6-19-24-20(14-22(30)26(18,19)3)25(2)9-8-17(28)12-16(25)13-21(24)29/h15-22,24,28-30H,4-14H2,1-3H3,(H,27,31)(H,32,33,34)/t15-,16+,17-,18-,19+,20+,21-,22+,24+,25+,26-/m1/s1"	Taurocholic acid	514.28247				6.399																																																																																																																																																																																																		
CHEBI:74903	C6H12O2	CC(C)CCC(O)=O	"InChI=1S/C6H12O2/c1-5(2)3-4-6(7)8/h5H,3-4H2,1-2H3,(H,7,8)"	4-Methylvaleric Acid	115.07582				5.445																																																																																																																																																																																																		
CHEBI:4903	C20H24O2	[H][C@]12CC[C@@]3(C)[C@@]([H])(CC[C@@]3(O)C#C)[C@]1([H])CCc1cc(O)ccc21	"InChI=1S/C20H24O2/c1-3-20(22)11-9-18-17-6-4-13-12-14(21)5-7-15(13)16(17)8-10-19(18,20)2/h1,5,7,12,16-18,21-22H,4,6,8-11H2,2H3/t16-,17-,18+,19+,20+/m1/s1"	17 alpha-Ethynylestradiol	295.16861				6.175																																																																																																																																																																																																		
CHEBI:78682	C6H14O12P2			"D-Fructose 1,6-bisphosphate"	338.99009				6.33																																																																																																																																																																																																		
CHEBI:27870	C16H28N4O4S	[H][C@]12CS[C@@H](CCCCC(=O)NCCCC[C@H](N)C(O)=O)[C@@]1([H])NC(=O)N2	"InChI=1S/C16H28N4O4S/c17-10(15(22)23)5-3-4-8-18-13(21)7-2-1-6-12-14-11(9-25-12)19-16(24)20-14/h10-12,14H,1-9,17H2,(H,18,21)(H,22,23)(H2,19,20,24)/t10-,11-,12-,14-/m0/s1"	Biocytin	371.1731				6.67																																																																																																																																																																																																		
CHEBI:28388	C3H8NO5P	NC(CP(O)(O)=O)C(O)=O	"InChI=1S/C3H8NO5P/c4-2(3(5)6)1-10(7,8)9/h2H,1,4H2,(H,5,6)(H2,7,8,9)"	Dl-2-Amino-3-phosphonopropionic acid	168.00618				4.923																																																																																																																																																																																																		
CHEBI:189466	C11H18O8	O1[C@@H]([C@@H](O)[C@H](O)[C@@H](O)[C@@H]1OCCC(C(O)=O)=C)CO	"InChI=1S/C11H18O8/c1-5(10(16)17)2-3-18-11-9(15)8(14)7(13)6(4-12)19-11/h6-9,11-15H,1-4H2,(H,16,17)/t6-,7-,8+,9-,11-/m1/s1"	4-(beta-D-Glucopyranosyloxy)-2-methylenebutanoic acid	277.09408				4.714																																																																																																																																																																																																		
CHEBI:228795	C24H33O5.Na	[Na+].O=C1[C@]2([C@]([C@]3([C@@]([C@@]4([C@](CC3=O)(CC(=O)CC4)[H])C)(C1)[H])[H])(CC[C@@]2([C@@H](CCC([O-])=O)C)[H])[H])C	"InChI=1S/C24H34O5.Na/c1-13(4-7-21(28)29)16-5-6-17-22-18(12-20(27)24(16,17)3)23(2)9-8-15(25)10-14(23)11-19(22)26;/h13-14,16-18,22H,4-12H2,1-3H3,(H,28,29);/q;+1/p-1/t13-,14+,16-,17+,18+,22+,23+,24-;/m1./s1"	Sodium Dehydrocholate	423.21576				5.275																																																																																																																																																																																																		
CHEBI:38545	C22H28FN3O6S	CC(C)c1nc(nc(-c2ccc(F)cc2)c1\C=C\[C@@H](O)C[C@@H](O)CC(O)=O)N(C)S(C)(=O)=O	"InChI=1S/C22H28FN3O6S/c1-13(2)20-18(10-9-16(27)11-17(28)12-19(29)30)21(14-5-7-15(23)8-6-14)25-22(24-20)26(3)33(4,31)32/h5-10,13,16-17,27-28H,11-12H2,1-4H3,(H,29,30)/b10-9+/t16-,17-/m1/s1"	Rosuvastatin	480.16383				6.088																																																																																																																																																																																																		
CHEBI:75815	C21H20O13	OC[C@H]1O[C@@H](Oc2c(oc3cc(O)cc(O)c3c2=O)-c2cc(O)c(O)c(O)c2)[C@H](O)[C@@H](O)[C@H]1O	"InChI=1S/C21H20O13/c22-5-12-15(28)17(30)18(31)21(33-12)34-20-16(29)13-8(24)3-7(23)4-11(13)32-19(20)6-1-9(25)14(27)10(26)2-6/h1-4,12,15,17-18,21-28,30-31H,5H2/t12-,15+,17+,18-,21+/m1/s1"	myricetin 3-O-beta-D-galactopyranoside	479.0864				3.61																																																																																																																																																																																																		
CHEBI:228796	C4H7O5.C4H7O5.Ca	[Ca+2].O[C@H]([C@@H](O)C([O-])=O)CO.O[C@H]([C@@H](O)C([O-])=O)CO	"InChI=1S/2C4H8O5.Ca/c2*5-1-2(6)3(7)4(8)9;/h2*2-3,5-7H,1H2,(H,8,9);/q;;+2/p-2/t2*2-,3+;/m00./s1"	L-Threonic acid Calcium Salt	309.01259				5.027																																																																																																																																																																																																		
CHEBI:183334	C9H8O4	O1C=2CCCC(=O)C2C(=C1)C(O)=O	"InChI=1S/C9H8O4/c10-6-2-1-3-7-8(6)5(4-13-7)9(11)12/h4H,1-3H2,(H,11,12)"	"4-oxo-4,5,6,7-tetrahydrobenzo[b]furan-3-carboxylic acid"	179.03474				4.942																																																																																																																																																																																																		
CHEBI:82625	C14H18O4	Cc1c(C)c2OC(C)(CCc2c(C)c1O)C(O)=O	"InChI=1S/C14H18O4/c1-7-8(2)12-10(9(3)11(7)15)5-6-14(4,18-12)13(16)17/h15H,5-6H2,1-4H3,(H,16,17)"	Trolox	249.11438				7.44																																																																																																																																																																																																		
CHEBI:59750	C22H28F2O5	[H][C@@]12C[C@H](C)[C@](O)(C(=O)CO)[C@@]1(C)C[C@H](O)[C@@]1(F)[C@@]2([H])C[C@H](F)C2=CC(=O)C=C[C@]12C	"InChI=1S/C22H28F2O5/c1-11-6-13-14-8-16(23)15-7-12(26)4-5-19(15,2)21(14,24)17(27)9-20(13,3)22(11,29)18(28)10-25/h4-5,7,11,13-14,16-17,25,27,29H,6,8-10H2,1-3H3/t11-,13-,14-,16-,17-,19-,20-,21-,22-/m0/s1"	Diflorasone	409.18304				5.854																																																																																																																																																																																																		
CHEBI:64563	C24H50NO7P	[H][C@@](CO[*])(COP([O-])(=O)OCC[N+](C)(C)C)O[*]		LPC 16:0	540.3342				9.234																																																																																																																																																																																																		
CHEBI:16856	C10H17N3O6S	N[C@@H](CCC(=O)N[C@@H](CS)C(=O)NCC(=O)O)C(=O)O	"InChI=1S/C10H17N3O6S/c11-5(10(18)19)1-2-7(14)13-6(4-20)9(17)12-3-8(15)16/h5-6,20H,1-4,11H2,(H,12,17)(H,13,14)(H,15,16)(H,18,19)/t5-,6-/m0/s1"	Glutathione	306.07511				5.045																																																																																																																																																																																																		
CHEBI:74321	C16H23N5O5	CC(C)=CCNc1ncnc2ncn([C@H]3O[C@H](CO)[C@@H](O)[C@H](O)[C@H]3O)c12	"InChI=1S/C16H23N5O5/c1-8(2)3-4-17-14-10-15(19-6-18-14)20-7-21(10)16-13(25)12(24)11(23)9(5-22)26-16/h3,6-7,9,11-13,16,22-25H,4-5H2,1-2H3,(H,17,18,19)/t9-,11-,12+,13-,16+/m1/s1"	Ip7G	364.16299				5.604																																																																																																																																																																																																		
CHEBI:16750	C10H13N5O5	Nc1nc2n(cnc2c(=O)[nH]1)[C@@H]1O[C@H](CO)[C@@H](O)[C@H]1O	"InChI=1S/C10H13N5O5/c11-10-13-7-4(8(19)14-10)12-2-15(7)9-6(18)5(17)3(1-16)20-9/h2-3,5-6,9,16-18H,1H2,(H3,11,13,14,19)/t3-,5-,6-,9-/m1/s1"	Guanosine	282.08248				5.404																																																																																																																																																																																																		
CHEBI:17515	C8H14N2O5S	N[C@@H](CCC(=O)N[C@@H](CS)C(O)=O)C(O)=O	"InChI=1S/C8H14N2O5S/c9-4(7(12)13)1-2-6(11)10-5(3-16)8(14)15/h4-5,16H,1-3,9H2,(H,10,11)(H,12,13)(H,14,15)/t4-,5-/m0/s1"	gamma-Glutamylcysteine	249.05601				1.407																																																																																																																																																																																																		
CHEBI:72381	C19H39NO7P	[NH3+]CCOP([O-])(=O)OC[C@@H](CO[*])O[*]		LPE 14:0	424.24992				8.361																																																																																																																																																																																																		
CHEBI:192665	C12H13N3O2	O=C1N(C(NC2=CC=CC=C2)=CC(=O)N1C)C	"InChI=1S/C12H13N3O2/c1-14-10(8-11(16)15(2)12(14)17)13-9-6-4-3-5-7-9/h3-8,13H,1-2H3"	"6-anilino-1,3-dimethyl-1,2,3,4-tetrahydropyrimidine-2,4-dione"	230.09596				5.713																																																																																																																																																																																																		
CHEBI:32818	C14H20N4O2	NC(=N)NCCCCNC(=O)C=Cc1ccc(O)cc1	"InChI=1S/C14H20N4O2/c15-14(16)18-10-2-1-9-17-13(20)8-5-11-3-6-12(19)7-4-11/h3-8,19H,1-2,9-10H2,(H,17,20)(H4,15,16,18)"	P-Coumaroyl Agmatine	275.15166				5.626																																																																																																																																																																																																		
CHEBI:19289	C12H17N5O5	CN(C)c1nc2n(cnc2c(=O)[nH]1)[C@@H]1O[C@H](CO)[C@@H](O)[C@H]1O	"InChI=1S/C12H17N5O5/c1-16(2)12-14-9-6(10(21)15-12)13-4-17(9)11-8(20)7(19)5(3-18)22-11/h4-5,7-8,11,18-20H,3H2,1-2H3,(H,14,15,21)/t5-,7-,8-,11-/m1/s1"	2-(Dimethylamino)Guanosine	310.11709				4.966																																																																																																																																																																																																		
CHEBI:26756	C33H46N4O6	[H]C(=C1N=C(CC2NC(=O)C(CC)C2C)C(C)=C1CCC(O)=O)c1[nH]c(CC2NC(=O)C(C)C2CC)c(C)c1CCC(O)=O	"InChI=1S/C33H46N4O6/c1-7-20-19(6)32(42)37-27(20)14-25-18(5)23(10-12-31(40)41)29(35-25)15-28-22(9-11-30(38)39)17(4)24(34-28)13-26-16(3)21(8-2)33(43)36-26/h15-16,19-21,26-27,35H,7-14H2,1-6H3,(H,36,43)(H,37,42)(H,38,39)(H,40,41)"	Stercobilin	593.33604				5.641																																																																																																																																																																																																		
CHEBI:190537	C17H18O5	O=C(C(C1=CC(OC)=CC(OC)=C1)C)C2=C(O)C=C(O)C=C2	"InChI=1S/C17H18O5/c1-10(11-6-13(21-2)9-14(7-11)22-3)17(20)15-5-4-12(18)8-16(15)19/h4-10,18-19H,1-3H3"	"1-(2,4-dihydroxyphenyl)-2-(3,5-dimethoxyphenyl)propan-1-one"	301.10991				5.755																																																																																																																																																																																																		
CHEBI:165341	C20H30O5	O=C1[C@@H]([C@H](C(=O)C1)/C=C/[C@@H](O)CCCCC)C/C=C\CCCC(O)=O	"InChI=1S/C20H30O5/c1-2-3-6-9-15(21)12-13-17-16(18(22)14-19(17)23)10-7-4-5-8-11-20(24)25/h4,7,12-13,15-17,21H,2-3,5-6,8-11,14H2,1H3,(H,24,25)/b7-4-,13-12+/t15-,16+,17+/m0/s1"	Prostaglandin K2	331.19302				6.482																																																																																																																																																																																																		
CHEBI:75323	C12H24O11	OC[C@H](O)[C@@H](O)[C@H](O[C@@H]1O[C@H](CO)[C@H](O)[C@H](O)[C@H]1O)[C@H](O)CO	"InChI=1S/C12H24O11/c13-1-4(16)7(18)11(5(17)2-14)23-12-10(21)9(20)8(19)6(3-15)22-12/h4-21H,1-3H2/t4-,5+,6+,7+,8-,9-,10+,11+,12-/m0/s1"	Lactitol	343.12397				5.566																																																																																																																																																																																																		
CHEBI:4828	C9H16N3O2S+	C[N+](C)(C)[C@@H](Cc1c[nH]c(S)n1)C([O-])=O	"InChI=1S/C9H15N3O2S/c1-12(2,3)7(8(13)14)4-6-5-10-9(15)11-6/h5,7H,4H2,1-3H3,(H2-,10,11,13,14,15)/t7-/m0/s1"	Ergothioneine	228.08034				5.589																																																																																																																																																																																																		
CHEBI:91296	C23H44NO7P	[C@](CO*)(O*)([H])COP(OCCN)(=O)O		LPE 18:2	476.28153				8.679																																																																																																																																																																																																		
CHEBI:15891	C2H7NO3S	C(CS(O)(=O)=O)N	"InChI=1S/C2H7NO3S/c3-1-2-7(4,5)6/h1-3H2,(H,4,5,6)"	Taurine	124.00697				1.396																																																																																																																																																																																																		
CHEBI:228797	C13H13N5O2S	S(=O)(=O)(NC=1C2=C(N=NC(=C2)C)C=CC1)C=3N=CN(C3)C	"InChI=1S/C13H13N5O2S/c1-9-6-10-11(16-15-9)4-3-5-12(10)17-21(19,20)13-7-18(2)8-14-13/h3-8,17H,1-2H3"	1-methyl-N-(3-methyl-5-cinnolinyl)-1H-imidazole-4-sulfonamide	302.07169				5.319																																																																																																																																																																																																		
CHEBI:192601	C18H17F3N2O2	FC(F)(F)C(=O)N(/N=C/C1=CC(OC)=CC=C1)C2=C(C=C(C=C2)C)C	"InChI=1S/C18H17F3N2O2/c1-12-7-8-16(13(2)9-12)23(17(24)18(19,20)21)22-11-14-5-4-6-15(10-14)25-3/h4-11H,1-3H3/b22-11+"	J147	349.11581				5.372																																																																																																																																																																																																		
CHEBI:73994	C20H36O6	CCCCC[C@H](O)\C=C\[C@H]1OC(O)C[C@H](O)[C@@H]1CCCCCCC(O)=O	"InChI=1S/C20H36O6/c1-2-3-6-9-15(21)12-13-18-16(17(22)14-20(25)26-18)10-7-4-5-8-11-19(23)24/h12-13,15-18,20-22,25H,2-11,14H2,1H3,(H,23,24)/b13-12+/t15-,16-,17-,18+,20?/m0/s1"	Thromboxane B1	371.24592				6.666																																																																																																																																																																																																		
CHEBI:28931	C10H14N5O7P	Nc1ncnc2n(cnc12)[C@@H]1O[C@H](CO)[C@@H](OP(O)(O)=O)[C@H]1O	"InChI=1S/C10H14N5O7P/c11-8-5-9(13-2-12-8)15(3-14-5)10-6(17)7(4(1-16)21-10)22-23(18,19)20/h2-4,6-7,10,16-17H,1H2,(H2,11,12,13)(H2,18,19,20)/t4-,6-,7-,10-/m1/s1"	3'-Adenosine monophosphate (3'-AMP)	346.05469				5.08																																																																																																																																																																																																		
CHEBI:183372	C11H22O6	O1[C@@H]([C@@H](O)[C@H](O)[C@@H](O)[C@@H]1OCC(CC)C)CO	"InChI=1S/C11H22O6/c1-3-6(2)5-16-11-10(15)9(14)8(13)7(4-12)17-11/h6-15H,3-5H2,1-2H3/t6?,7-,8-,9+,10-,11-/m1/s1"	2-Methylbutyl beta-D-glucopyranoside	295.14157				5.23																																																																																																																																																																																																		
CHEBI:72384	C21H43NO7P	[NH3+]CCOP([O-])(=O)OC[C@@H](CO[*])O[*]		LPE 16:0	452.28135				8.983																																																																																																																																																																																																		
CHEBI:27974	C18H24O3	[H][C@]12CC[C@]3(C)[C@@H](O)[C@H](O)C[C@@]3([H])[C@]1([H])CCc1cc(O)ccc21	"InChI=1S/C18H24O3/c1-18-7-6-13-12-5-3-11(19)8-10(12)2-4-14(13)15(18)9-16(20)17(18)21/h3,5,8,13-17,19-21H,2,4,6-7,9H2,1H3/t13-,14-,15+,16-,17+,18+/m1/s1"	Estriol	333.1729				6.866																																																																																																																																																																																																		
CHEBI:16938	C6H11O9P	O[C@H]1[C@H](O)[C@@H](COP(O)(O)=O)OC(=O)[C@@H]1O	"InChI=1S/C6H11O9P/c7-3-2(1-14-16(11,12)13)15-6(10)5(9)4(3)8/h2-5,7-9H,1H2,(H2,11,12,13)/t2-,3-,4+,5-/m1/s1"	"6-phospho-D-glucono-1,5-lactone"	257.0065				5.548																																																																																																																																																																																																		
